step,car_index,x,y,speed,distance_travelled,total_reward,lap_count,next_goal_idx,progress_delta,checkpoints_reached,checkpoint_streak,heading_error_norm,goal_distance_norm,lateral_offset_norm,no_progress_steps,reverse_speed_steps,reverse_progress_events,heading_away_steps,wall_hugging_steps,done,collided,terminated_reason
1,0,1500.955326752904,870.0020777047376,0.044721536904078096,0.04472590237855911,0.0031159776262938976,0,1,0,0,0,1.7584376972005582e-06,-0.8853286384071571,-0.9402131613256809,1,0,0,0,0,False,False,
1,1,1500.955326752904,870.0020777047376,0.044721536904078096,0.04472590237855911,0.0031159776262938976,0,1,0,0,0,1.7584376972005582e-06,-0.8853286384071571,-0.9402131613256809,1,0,0,0,0,False,False,
1,2,1500.955326752904,870.0020777047376,0.044721536904078096,0.04472590237855911,0.0031159776262938976,0,1,0,0,0,1.7584376972005582e-06,-0.8853286384071571,-0.9402131613256809,1,0,0,0,0,False,False,
1,3,1500.955326752904,870.0020777047376,0.044721536904078096,0.04472590237855911,0.0031159776262938976,0,1,0,0,0,1.7584376972005582e-06,-0.8853286384071571,-0.9402131613256809,1,0,0,0,0,False,False,
1,4,1500.955326752904,870.0020777047376,0.044721536904078096,0.04472590237855911,0.0031159776262938976,0,1,0,0,0,1.7584376972005582e-06,-0.8853286384071571,-0.9402131613256809,1,0,0,0,0,False,False,
1,5,1500.955326752904,870.0020777047376,0.044721536904078096,0.04472590237855911,0.0031159776262938976,0,1,0,0,0,1.7584376972005582e-06,-0.8853286384071571,-0.9402131613256809,1,0,0,0,0,False,False,
1,6,1500.955326752904,870.0020777047375,0.044721536904078096,0.04472590237855911,0.003115977393463254,0,1,0,0,0,1.7584398866195746e-06,-0.8853286384071571,-0.9402131613256809,1,0,0,0,0,False,False,
1,7,1500.955326752904,870.0020777047375,0.044721536904078096,0.04472590237855911,0.003115977393463254,0,1,0,0,0,1.7584398866195746e-06,-0.8853286384071571,-0.9402131613256809,1,0,0,0,0,False,False,
2,0,1500.866811238311,870.0061933096644,0.08861114223159404,0.13332131505012512,0.006375615485012531,0,1,0,0,0,1.045856577314276e-05,-0.8855648928079387,-0.9403373611554673,2,0,0,0,0,False,False,
2,1,1500.866811238311,870.0061933096644,0.08861114223159404,0.13332131505012512,0.006375615485012531,0,1,0,0,0,1.045856577314276e-05,-0.8855648928079387,-0.9403373611554673,2,0,0,0,0,False,False,
2,2,1500.866811238311,870.0061933096644,0.08861114223159404,0.13332131505012512,0.006375615485012531,0,1,0,0,0,1.045856577314276e-05,-0.8855648928079387,-0.9403373611554673,2,0,0,0,0,False,False,
2,3,1500.866811238311,870.0061933096644,0.08861114223159404,0.13332131505012512,0.006375615485012531,0,1,0,0,0,1.045856577314276e-05,-0.8855648928079387,-0.9403373611554673,2,0,0,0,0,False,False,
2,4,1500.866811238311,870.0061933096644,0.08861114223159404,0.13332131505012512,0.006375615485012531,0,1,0,0,0,1.045856577314276e-05,-0.8855648928079387,-0.9403373611554673,2,0,0,0,0,False,False,
2,5,1500.866811238311,870.0061933096644,0.08861114223159404,0.13332131505012512,0.006375615485012531,0,1,0,0,0,1.045856577314276e-05,-0.8855648928079387,-0.9403373611554673,2,0,0,0,0,False,False,
2,6,1500.86681125238,870.0061933090101,0.08861112814730028,0.13332131505012512,0.006375615485012531,0,1,0,0,0,1.0458565631034212e-05,-0.8855648928079387,-0.9403373611554673,2,0,0,0,0,False,False,
2,7,1500.86681125238,870.0061933090101,0.08861112814730028,0.13332131505012512,0.006375615485012531,0,1,0,0,0,1.0458565631034212e-05,-0.8855648928079387,-0.9403373611554673,2,0,0,0,0,False,False,
3,0,1500.7352467822714,870.0123070313127,0.13170642993166579,0.26505744457244873,0.024793613702058792,0,1,0,0,0,2.6612628693732808e-05,-0.8859161890818726,-0.940520852307414,0,0,0,0,0,False,False,
3,1,1500.7352467822714,870.0123070313127,0.13170642993166579,0.26505744457244873,0.024793613702058792,0,1,0,0,0,2.6612628693732808e-05,-0.8859161890818726,-0.940520852307414,0,0,0,0,0,False,False,
3,2,1500.7352467822714,870.0123070313127,0.13170642993166579,0.26505744457244873,0.024793613702058792,0,1,0,0,0,2.6612628693732808e-05,-0.8859161890818726,-0.940520852307414,0,0,0,0,0,False,False,
3,3,1500.7352467822714,870.0123070313127,0.13170642993166579,0.26505744457244873,0.024793613702058792,0,1,0,0,0,2.6612628693732808e-05,-0.8859161890818726,-0.940520852307414,0,0,0,0,0,False,False,
3,4,1500.7352467822714,870.0123070313127,0.13170642993166579,0.26505744457244873,0.024793613702058792,0,1,0,0,0,2.6612628693732808e-05,-0.8859161890818726,-0.940520852307414,0,0,0,0,0,False,False,
3,5,1500.7352467822714,870.0123070313127,0.13170642993166579,0.26505744457244873,0.024793613702058792,0,1,0,0,0,2.6612628693732808e-05,-0.8859161890818726,-0.940520852307414,0,0,0,0,0,False,False,
3,6,1500.7352468101897,870.0123070300161,0.1317064160677753,0.26505744457244873,0.024793613702058792,0,1,0,0,0,2.6612622656014336e-05,-0.8859161890818726,-0.940520852307414,0,0,0,0,0,False,False,
3,7,1500.7352468101897,870.0123070300161,0.1317064160677753,0.26505744457244873,0.024793613702058792,0,1,0,0,0,2.6612622656014336e-05,-0.8859161890818726,-0.940520852307414,0,0,0,0,0,False,False,
4,0,1500.5613106858477,870.0203827028453,0.17412346800417966,0.43919411301612854,0.04334627836942673,0,1,0,0,0,5.281315504343335e-05,-0.8863805535268595,-0.9407627914890464,0,0,0,0,0,False,False,
4,1,1500.5613106858477,870.0203827028453,0.17412346800417966,0.43919411301612854,0.04334627836942673,0,1,0,0,0,5.281315504343335e-05,-0.8863805535268595,-0.9407627914890464,0,0,0,0,0,False,False,
4,2,1500.5613106858477,870.0203827028453,0.17412346800417966,0.43919411301612854,0.04334627836942673,0,1,0,0,0,5.281315504343335e-05,-0.8863805535268595,-0.9407627914890464,0,0,0,0,0,False,False,
4,3,1500.5613106858477,870.0203827028453,0.17412346800417966,0.43919411301612854,0.04334627836942673,0,1,0,0,0,5.281315504343335e-05,-0.8863805535268595,-0.9407627914890464,0,0,0,0,0,False,False,
4,4,1500.5613106858477,870.0203827028453,0.17412346800417966,0.43919411301612854,0.04334627836942673,0,1,0,0,0,5.281315504343335e-05,-0.8863805535268595,-0.9407627914890464,0,0,0,0,0,False,False,
4,5,1500.5613106858477,870.0203827028453,0.17412346800417966,0.43919411301612854,0.04334627836942673,0,1,0,0,0,5.281315504343335e-05,-0.8863805535268595,-0.9407627914890464,0,0,0,0,0,False,False,
4,6,1500.561310722708,870.0203827011384,0.1741234590528969,0.43919411301612854,0.04334627836942673,0,1,0,0,0,5.2813137308286666e-05,-0.8863805535268595,-0.9407627914890464,0,0,0,0,0,False,False,
4,7,1500.561310722708,870.0203827011384,0.1741234590528969,0.43919411301612854,0.04334627836942673,0,1,0,0,0,5.2813137308286666e-05,-0.8863805535268595,-0.9407627914890464,0,0,0,0,0,False,False,
5,0,1500.345673791746,870.0303828372787,0.21586864706688422,0.6550025343894958,0.06203106790781021,0,1,0,0,0,8.742460084331722e-05,-0.8869560426891862,-0.9410631751270914,0,0,0,0,0,False,False,
5,1,1500.345673791746,870.0303828372787,0.21586864706688422,0.6550025343894958,0.06203106790781021,0,1,0,0,0,8.742460084331722e-05,-0.8869560426891862,-0.9410631751270914,0,0,0,0,0,False,False,
5,2,1500.345673791746,870.0303828372787,0.21586864706688422,0.6550025343894958,0.06203106790781021,0,1,0,0,0,8.742460084331722e-05,-0.8869560426891862,-0.9410631751270914,0,0,0,0,0,False,False,
5,3,1500.345673791746,870.0303828372787,0.21586864706688422,0.6550025343894958,0.06203106790781021,0,1,0,0,0,8.742460084331722e-05,-0.8869560426891862,-0.9410631751270914,0,0,0,0,0,False,False,
5,4,1500.345673791746,870.0303828372787,0.21586864706688422,0.6550025343894958,0.06203106790781021,0,1,0,0,0,8.742460084331722e-05,-0.8869560426891862,-0.9410631751270914,0,0,0,0,0,False,False,
5,5,1500.345673791746,870.0303828372787,0.21586864706688422,0.6550025343894958,0.06203106790781021,0,1,0,0,0,8.742460084331722e-05,-0.8869560426891862,-0.9410631751270914,0,0,0,0,0,False,False,
5,6,1500.3456738467785,870.0303828347435,0.2158686288758449,0.6550025343894958,0.06203106790781021,0,1,0,0,0,8.742455840654707e-05,-0.8869560426891862,-0.9410631751270914,0,0,0,0,0,False,False,
5,7,1500.3456738467785,870.0303828347435,0.2158686288758449,0.6550025343894958,0.06203106790781021,0,1,0,0,0,8.742455840654707e-05,-0.8869560426891862,-0.9410631751270914,0,0,0,0,0,False,False,
6,0,1500.0890048492556,870.0422686226214,0.25694399765780485,0.9119921326637268,0.0808456540107727,0,1,0,0,0,0.0001305894825485944,-0.8876413483294991,-0.9414301610042578,0,0,0,0,0,False,False,
6,1,1500.0890048492556,870.0422686226214,0.25694399765780485,0.9119921326637268,0.0808456540107727,0,1,0,0,0,0.0001305894825485944,-0.8876413483294991,-0.9414301610042578,0,0,0,0,0,False,False,
6,2,1500.0890048492556,870.0422686226214,0.25694399765780485,0.9119921326637268,0.0808456540107727,0,1,0,0,0,0.0001305894825485944,-0.8876413483294991,-0.9414301610042578,0,0,0,0,0,False,False,
6,3,1500.0890048492556,870.0422686226214,0.25694399765780485,0.9119921326637268,0.0808456540107727,0,1,0,0,0,0.0001305894825485944,-0.8876413483294991,-0.9414301610042578,0,0,0,0,0,False,False,
6,4,1500.0890048492556,870.0422686226214,0.25694399765780485,0.9119921326637268,0.0808456540107727,0,1,0,0,0,0.0001305894825485944,-0.8876413483294991,-0.9414301610042578,0,0,0,0,0,False,False,
6,5,1500.0890048492556,870.0422686226214,0.25694399765780485,0.9119921326637268,0.0808456540107727,0,1,0,0,0,0.0001305894825485944,-0.8876413483294991,-0.9414301610042578,0,0,0,0,0,False,False,
6,6,1500.089004922165,870.0422686192821,0.25694397976266575,0.9119921326637268,0.0808456540107727,0,1,0,0,0,0.00013058942367112853,-0.8876413483294991,-0.9414301610042578,0,0,0,0,0,False,False,
6,7,1500.089004922165,870.0422686192821,0.25694397976266575,0.9119921326637268,0.0808456540107727,0,1,0,0,0,0.00013058942367112853,-0.8876413483294991,-0.9414301610042578,0,0,0,0,0,False,False,
7,0,1499.79196814807,870.056000210859,0.29735392778079683,1.2093064785003662,0.09978771954774857,0,1,0,0,0,0.0001821734440517907,-0.8884341867002746,-0.941854740898816,0,0,0,0,0,False,False,
7,1,1499.79196814807,870.056000210859,0.29735392778079683,1.2093064785003662,0.09978771954774857,0,1,0,0,0,0.0001821734440517907,-0.8884341867002746,-0.941854740898816,0,0,0,0,0,False,False,
7,2,1499.79196814807,870.056000210859,0.29735392778079683,1.2093064785003662,0.09978771954774857,0,1,0,0,0,0.0001821734440517907,-0.8884341867002746,-0.941854740898816,0,0,0,0,0,False,False,
7,3,1499.79196814807,870.056000210859,0.29735392778079683,1.2093064785003662,0.09978771954774857,0,1,0,0,0,0.0001821734440517907,-0.8884341867002746,-0.941854740898816,0,0,0,0,0,False,False,
7,4,1499.79196814807,870.056000210859,0.29735392778079683,1.2093064785003662,0.09978771954774857,0,1,0,0,0,0.0001821734440517907,-0.8884341867002746,-0.941854740898816,0,0,0,0,0,False,False,
7,5,1499.79196814807,870.056000210859,0.29735392778079683,1.2093064785003662,0.09978771954774857,0,1,0,0,0,0.0001821734440517907,-0.8884341867002746,-0.941854740898816,0,0,0,0,0,False,False,
7,6,1499.791968238563,870.0560002067425,0.2973539101803112,1.2093064785003662,0.09978771954774857,0,1,0,0,0,0.00018217336798898032,-0.8884341867002746,-0.941854740898816,0,0,0,0,0,False,False,
7,7,1499.791968238563,870.0560002067425,0.2973539101803112,1.2093064785003662,0.09978771954774857,0,1,0,0,0,0.00018217336798898032,-0.8884341867002746,-0.941854740898816,0,0,0,0,0,False,False,
8,0,1499.4552244037714,870.0715368245355,0.3371019663082929,1.5464551448822021,0.11885496973991394,0,1,0,0,0,0.00024235226873783075,-0.8893332495608322,-0.9423386192620807,0,0,0,0,0,False,False,
8,1,1499.4552244037714,870.0715368245355,0.3371019663082929,1.5464551448822021,0.11885496973991394,0,1,0,0,0,0.00024235226873783075,-0.8893332495608322,-0.9423386192620807,0,0,0,0,0,False,False,
8,2,1499.4552244037714,870.0715368245355,0.3371019663082929,1.5464551448822021,0.11885496973991394,0,1,0,0,0,0.00024235226873783075,-0.8893332495608322,-0.9423386192620807,0,0,0,0,0,False,False,
8,3,1499.4552244037714,870.0715368245355,0.3371019663082929,1.5464551448822021,0.11885496973991394,0,1,0,0,0,0.00024235226873783075,-0.8893332495608322,-0.9423386192620807,0,0,0,0,0,False,False,
8,4,1499.4552244037714,870.0715368245355,0.3371019663082929,1.5464551448822021,0.11885496973991394,0,1,0,0,0,0.00024235226873783075,-0.8893332495608322,-0.9423386192620807,0,0,0,0,0,False,False,
8,5,1499.4552244037714,870.0715368245355,0.3371019663082929,1.5464551448822021,0.11885496973991394,0,1,0,0,0,0.00024235226873783075,-0.8893332495608322,-0.9423386192620807,0,0,0,0,0,False,False,
8,6,1499.4552245115551,870.0715368196683,0.33710194900106005,1.5464551448822021,0.11885496973991394,0,1,0,0,0,0.0002423521800538866,-0.8893332495608322,-0.9423386192620807,0,0,0,0,0,False,False,
8,7,1499.4552245115551,870.0715368196683,0.33710194900106005,1.5464551448822021,0.11885496973991394,0,1,0,0,0,0.0002423521800538866,-0.8893332495608322,-0.9423386192620807,0,0,0,0,0,False,False,
9,0,1499.0794311678846,870.088836857684,0.37619123765071094,1.9225871562957764,0.13804516196250916,0,1,0,0,0,0.00030923223291413,-0.8903362682888895,-0.9428809420817581,0,0,0,0,0,False,False,
9,1,1499.0794311678846,870.088836857684,0.37619123765071094,1.9225871562957764,0.13804516196250916,0,1,0,0,0,0.00030923223291413,-0.8903362682888895,-0.9428809420817581,0,0,0,0,0,False,False,
9,2,1499.0794311678846,870.088836857684,0.37619123765071094,1.9225871562957764,0.13804516196250916,0,1,0,0,0,0.00030923223291413,-0.8903362682888895,-0.9428809420817581,0,0,0,0,0,False,False,
9,3,1499.0794311678846,870.088836857684,0.37619123765071094,1.9225871562957764,0.13804516196250916,0,1,0,0,0,0.00030923223291413,-0.8903362682888895,-0.9428809420817581,0,0,0,0,0,False,False,
9,4,1499.0794311678846,870.088836857684,0.37619123765071094,1.9225871562957764,0.13804516196250916,0,1,0,0,0,0.00030923223291413,-0.8903362682888895,-0.9428809420817581,0,0,0,0,0,False,False,
9,5,1499.0794311678846,870.088836857684,0.37619123765071094,1.9225871562957764,0.13804516196250916,0,1,0,0,0,0.00030923223291413,-0.8903362682888895,-0.9428809420817581,0,0,0,0,0,False,False,
9,6,1499.0794312833025,870.0888368525259,0.37619123001118887,1.9225871562957764,0.13804516196250916,0,1,0,0,0,0.0003092321303146011,-0.8903362682888895,-0.9428809420817581,0,0,0,0,0,False,False,
9,7,1499.0794312833025,870.0888368525259,0.37619123001118887,1.9225871562957764,0.13804516196250916,0,1,0,0,0,0.0003092321303146011,-0.8903362682888895,-0.9428809420817581,0,0,0,0,0,False,False,
10,0,1498.6652424520403,870.1078579924197,0.41462524754213115,2.3372063636779785,0.15735599398612976,0,1,0,0,0,0.00038499880730695523,-0.8914419195145904,-0.943489867140557,0,0,0,0,0,False,False,
10,1,1498.6652424520403,870.1078579924197,0.41462524754213115,2.3372063636779785,0.15735599398612976,0,1,0,0,0,0.00038499880730695523,-0.8914419195145904,-0.943489867140557,0,0,0,0,0,False,False,
10,2,1498.6652424520403,870.1078579924197,0.41462524754213115,2.3372063636779785,0.15735599398612976,0,1,0,0,0,0.00038499880730695523,-0.8914419195145904,-0.943489867140557,0,0,0,0,0,False,False,
10,3,1498.6652424520403,870.1078579924197,0.41462524754213115,2.3372063636779785,0.15735599398612976,0,1,0,0,0,0.00038499880730695523,-0.8914419195145904,-0.943489867140557,0,0,0,0,0,False,False,
10,4,1498.6652424520403,870.1078579924197,0.41462524754213115,2.3372063636779785,0.15735599398612976,0,1,0,0,0,0.00038499880730695523,-0.8914419195145904,-0.943489867140557,0,0,0,0,0,False,False,
10,5,1498.6652424520403,870.1078579924197,0.41462524754213115,2.3372063636779785,0.15735599398612976,0,1,0,0,0,0.00038499880730695523,-0.8914419195145904,-0.943489867140557,0,0,0,0,0,False,False,
10,6,1498.665242574962,870.1078579869682,0.41462524003281825,2.3372063636779785,0.15735599398612976,0,1,0,0,0,0.0003849987288917747,-0.8914419195145904,-0.943489867140557,0,0,0,0,0,False,False,
10,7,1498.665242574962,870.1078579869682,0.41462524003281825,2.3372063636779785,0.15735599398612976,0,1,0,0,0,0.0003849987288917747,-0.8914419195145904,-0.943489867140557,0,0,0,0,0,False,False,
11,0,1498.2133713005405,870.1285544839232,0.45234487099800924,2.789584159851074,0.17678490281105042,0,1,0,0,0,0.00046786523853212556,-0.892648259783109,-0.9441572366557685,0,0,0,0,0,False,False,
11,1,1498.2133713005405,870.1285544839232,0.45234487099800924,2.789584159851074,0.17678490281105042,0,1,0,0,0,0.00046786523853212556,-0.892648259783109,-0.9441572366557685,0,0,0,0,0,False,False,
11,2,1498.2133713005405,870.1285544839232,0.45234487099800924,2.789584159851074,0.17678490281105042,0,1,0,0,0,0.00046786523853212556,-0.892648259783109,-0.9441572366557685,0,0,0,0,0,False,False,
11,3,1498.2133713005405,870.1285544839232,0.45234487099800924,2.789584159851074,0.17678490281105042,0,1,0,0,0,0.00046786523853212556,-0.892648259783109,-0.9441572366557685,0,0,0,0,0,False,False,
11,4,1498.2133713005405,870.1285544839232,0.45234487099800924,2.789584159851074,0.17678490281105042,0,1,0,0,0,0.00046786523853212556,-0.892648259783109,-0.9441572366557685,0,0,0,0,0,False,False,
11,5,1498.2133713005405,870.1285544839232,0.45234487099800924,2.789584159851074,0.17678490281105042,0,1,0,0,0,0.00046786523853212556,-0.892648259783109,-0.9441572366557685,0,0,0,0,0,False,False,
11,6,1498.2133714355189,870.1285544779897,0.45234485893187326,2.789584159851074,0.17678490281105042,0,1,0,0,0,0.00046786513969057826,-0.892648259783109,-0.9441572366557685,0,0,0,0,0,False,False,
11,7,1498.2133714355189,870.1285544779897,0.45234485893187326,2.789584159851074,0.17678490281105042,0,1,0,0,0,0.00046786513969057826,-0.892648259783109,-0.9441572366557685,0,0,0,0,0,False,False,
12,0,1497.7244621550724,870.1508830479147,0.48941875453672706,3.2789859771728516,0.19632986187934875,0,1,0,0,0,0.0005580683406830329,-0.8939533305106053,-0.9448895075320597,0,0,0,0,0,False,False,
12,1,1497.7244621550724,870.1508830479147,0.48941875453672706,3.2789859771728516,0.19632986187934875,0,1,0,0,0,0.0005580683406830329,-0.8939533305106053,-0.9448895075320597,0,0,0,0,0,False,False,
12,2,1497.7244621550724,870.1508830479147,0.48941875453672706,3.2789859771728516,0.19632986187934875,0,1,0,0,0,0.0005580683406830329,-0.8939533305106053,-0.9448895075320597,0,0,0,0,0,False,False,
12,3,1497.7244621550724,870.1508830479147,0.48941875453672706,3.2789859771728516,0.19632986187934875,0,1,0,0,0,0.0005580683406830329,-0.8939533305106053,-0.9448895075320597,0,0,0,0,0,False,False,
12,4,1497.7244621550724,870.1508830479147,0.48941875453672706,3.2789859771728516,0.19632986187934875,0,1,0,0,0,0.0005580683406830329,-0.8939533305106053,-0.9448895075320597,0,0,0,0,0,False,False,
12,5,1497.7244621550724,870.1508830479147,0.48941875453672706,3.2789859771728516,0.19632986187934875,0,1,0,0,0,0.0005580683406830329,-0.8939533305106053,-0.9448895075320597,0,0,0,0,0,False,False,
12,6,1497.724462301899,870.1508830415378,0.48941874268070285,3.2789859771728516,0.19632986187934875,0,1,0,0,0,0.0005580682139408408,-0.8939533305106053,-0.9448895075320597,0,0,0,0,0,False,False,
12,7,1497.724462301899,870.1508830415378,0.48941874268070285,3.2789859771728516,0.19632986187934875,0,1,0,0,0,0.0005580682139408408,-0.8939533305106053,-0.9448895075320597,0,0,0,0,0,False,False,
13,0,1497.1991554567317,870.1747999384537,0.5258508771264899,3.8049211502075195,0.21598859131336212,0,1,0,0,0,0.0006561056804021821,-0.8953558234461688,-0.9456819237428052,0,0,0,0,1,False,False,
13,1,1497.1991554567317,870.1747999384537,0.5258508771264899,3.8049211502075195,0.21598859131336212,0,1,0,0,0,0.0006561056804021821,-0.8953558234461688,-0.9456819237428052,0,0,0,0,1,False,False,
13,2,1497.1991554567317,870.1747999384537,0.5258508771264899,3.8049211502075195,0.21598859131336212,0,1,0,0,0,0.0006561056804021821,-0.8953558234461688,-0.9456819237428052,0,0,0,0,1,False,False,
13,3,1497.1991554567317,870.1747999384537,0.5258508771264899,3.8049211502075195,0.21598859131336212,0,1,0,0,0,0.0006561056804021821,-0.8953558234461688,-0.9456819237428052,0,0,0,0,1,False,False,
13,4,1497.1991554567317,870.1747999384537,0.5258508771264899,3.8049211502075195,0.21598859131336212,0,1,0,0,0,0.0006561056804021821,-0.8953558234461688,-0.9456819237428052,0,0,0,0,1,False,False,
13,5,1497.1991554567317,870.1747999384537,0.5258508771264899,3.8049211502075195,0.21598859131336212,0,1,0,0,0,0.0006561056804021821,-0.8953558234461688,-0.9456819237428052,0,0,0,0,1,False,False,
13,6,1497.1991556011596,870.1747999322954,0.525850879532493,3.8049211502075195,0.21598859131336212,0,1,0,0,0,0.0006561055481003879,-0.8953558234461688,-0.9456819237428052,0,0,0,0,1,False,False,
13,7,1497.1991556011596,870.1747999322954,0.525850879532493,3.8049211502075195,0.21598859131336212,0,1,0,0,0,0.0006561055481003879,-0.8953558234461688,-0.9456819237428052,0,0,0,0,1,False,False,
14,0,1496.6380871097451,870.200261037187,0.5616457580529457,4.366533279418945,0.23575882613658905,0,1,0,0,0,0.0007622553325736211,-0.8968534548258871,-0.9465392413146306,0,0,0,0,2,False,False,
14,1,1496.6380871097451,870.200261037187,0.5616457580529457,4.366533279418945,0.23575882613658905,0,1,0,0,0,0.0007622553325736211,-0.8968534548258871,-0.9465392413146306,0,0,0,0,2,False,False,
14,2,1496.6380871097451,870.200261037187,0.5616457580529457,4.366533279418945,0.23575882613658905,0,1,0,0,0,0.0007622553325736211,-0.8968534548258871,-0.9465392413146306,0,0,0,0,2,False,False,
14,3,1496.6380871097451,870.200261037187,0.5616457580529457,4.366533279418945,0.23575882613658905,0,1,0,0,0,0.0007622553325736211,-0.8968534548258871,-0.9465392413146306,0,0,0,0,2,False,False,
14,4,1496.6380871097451,870.200261037187,0.5616457580529457,4.366533279418945,0.23575882613658905,0,1,0,0,0,0.0007622553325736211,-0.8968534548258871,-0.9465392413146306,0,0,0,0,2,False,False,
14,5,1496.6380871097451,870.200261037187,0.5616457580529457,4.366533279418945,0.23575882613658905,0,1,0,0,0,0.0007622553325736211,-0.8968534548258871,-0.9465392413146306,0,0,0,0,2,False,False,
14,6,1496.6380872564932,870.2002610309713,0.5616457557325565,4.366533279418945,0.23575882613658905,0,1,0,0,0,0.0007622552784293172,-0.8968534548258871,-0.9465392413146306,0,0,0,0,2,False,False,
14,7,1496.6380872564932,870.2002610309713,0.5616457557325565,4.366533279418945,0.23575882613658905,0,1,0,0,0,0.0007622552784293172,-0.8968534548258871,-0.9465392413146306,0,0,0,0,2,False,False,
15,0,1496.0418919330375,870.2272218107328,0.5968044671746308,4.963334560394287,0.2556383013725281,0,1,0,0,0,0.0008760552653673888,-0.8984449239579587,-0.9474558537818895,0,0,0,0,3,False,False,
15,1,1496.0418919330375,870.2272218107328,0.5968044671746308,4.963334560394287,0.2556383013725281,0,1,0,0,0,0.0008760552653673888,-0.8984449239579587,-0.9474558537818895,0,0,0,0,3,False,False,
15,2,1496.0418919330375,870.2272218107328,0.5968044671746308,4.963334560394287,0.2556383013725281,0,1,0,0,0,0.0008760552653673888,-0.8984449239579587,-0.9474558537818895,0,0,0,0,3,False,False,
15,3,1496.0418919330375,870.2272218107328,0.5968044671746308,4.963334560394287,0.2556383013725281,0,1,0,0,0,0.0008760552653673888,-0.8984449239579587,-0.9474558537818895,0,0,0,0,3,False,False,
15,4,1496.0418919330375,870.2272218107328,0.5968044671746308,4.963334560394287,0.2556383013725281,0,1,0,0,0,0.0008760552653673888,-0.8984449239579587,-0.9474558537818895,0,0,0,0,3,False,False,
15,5,1496.0418919330375,870.2272218107328,0.5968044671746308,4.963334560394287,0.2556383013725281,0,1,0,0,0,0.0008760552653673888,-0.8984449239579587,-0.9474558537818895,0,0,0,0,3,False,False,
15,6,1496.0418920820618,870.2272218044114,0.5968044648958778,4.963334560394287,0.2556383013725281,0,1,0,0,0,0.0008760552682026123,-0.8984449239579587,-0.9474558537818895,0,0,0,0,3,False,False,
15,7,1496.0418920820618,870.2272218044114,0.5968044648958778,4.963334560394287,0.2556383013725281,0,1,0,0,0,0.0008760552682026123,-0.8984449239579587,-0.9474558537818895,0,0,0,0,3,False,False,
16,0,1495.41119924727,870.2556375731909,0.6313324951536752,5.594588279724121,0.2756248414516449,0,1,0,0,0,0.0009989376163130398,-0.9001282646549377,-0.9484455253929371,0,0,0,0,4,False,False,
16,1,1495.41119924727,870.2556375731909,0.6313324951536752,5.594588279724121,0.2756248414516449,0,1,0,0,0,0.0009989376163130398,-0.9001282646549377,-0.9484455253929371,0,0,0,0,4,False,False,
16,2,1495.41119924727,870.2556375731909,0.6313324951536752,5.594588279724121,0.2756248414516449,0,1,0,0,0,0.0009989376163130398,-0.9001282646549377,-0.9484455253929371,0,0,0,0,4,False,False,
16,3,1495.41119924727,870.2556375731909,0.6313324951536752,5.594588279724121,0.2756248414516449,0,1,0,0,0,0.0009989376163130398,-0.9001282646549377,-0.9484455253929371,0,0,0,0,4,False,False,
16,4,1495.41119924727,870.2556375731909,0.6313324951536752,5.594588279724121,0.2756248414516449,0,1,0,0,0,0.0009989376163130398,-0.9001282646549377,-0.9484455253929371,0,0,0,0,4,False,False,
16,5,1495.41119924727,870.2556375731909,0.6313324951536752,5.594588279724121,0.2756248414516449,0,1,0,0,0,0.0009989376163130398,-0.9001282646549377,-0.9484455253929371,0,0,0,0,4,False,False,
16,6,1495.4111993985287,870.2556375667559,0.6313324929162001,5.594588279724121,0.2756248414516449,0,1,0,0,0,0.0009989376294659753,-0.9001282646549377,-0.9484455253929371,0,0,0,0,4,False,False,
16,7,1495.4111993985287,870.2556375667559,0.6313324929162001,5.594588279724121,0.2756248414516449,0,1,0,0,0,0.0009989376294659753,-0.9001282646549377,-0.9484455253929371,0,0,0,0,4,False,False,
17,0,1494.7466327978302,870.2854635428256,0.6652354126062234,6.2599310874938965,0.295716255903244,0,1,0,0,0,0.0011296122029749414,-0.901902508954884,-0.9495009488040855,0,0,0,0,5,False,False,
17,1,1494.7466327978302,870.2854635428256,0.6652354126062234,6.2599310874938965,0.295716255903244,0,1,0,0,0,0.0011296122029749414,-0.901902508954884,-0.9495009488040855,0,0,0,0,5,False,False,
17,2,1494.7466327978302,870.2854635428256,0.6652354126062234,6.2599310874938965,0.295716255903244,0,1,0,0,0,0.0011296122029749414,-0.901902508954884,-0.9495009488040855,0,0,0,0,5,False,False,
17,3,1494.7466327978302,870.2854635428256,0.6652354126062234,6.2599310874938965,0.295716255903244,0,1,0,0,0,0.0011296122029749414,-0.901902508954884,-0.9495009488040855,0,0,0,0,5,False,False,
17,4,1494.7466327978302,870.2854635428256,0.6652354126062234,6.2599310874938965,0.295716255903244,0,1,0,0,0,0.0011296122029749414,-0.901902508954884,-0.9495009488040855,0,0,0,0,5,False,False,
17,5,1494.7466327978302,870.2854635428256,0.6652354126062234,6.2599310874938965,0.295716255903244,0,1,0,0,0,0.0011296122029749414,-0.901902508954884,-0.9495009488040855,0,0,0,0,5,False,False,
17,6,1494.7466329466074,870.2854635365146,0.6652354150908506,6.2599310874938965,0.295716255903244,0,1,0,0,0,0.0011296121907965547,-0.901902508954884,-0.9495009488040855,0,0,0,0,5,False,False,
17,7,1494.7466329466074,870.2854635365146,0.6652354150908506,6.2599310874938965,0.295716255903244,0,1,0,0,0,0.0011296121907965547,-0.901902508954884,-0.9495009488040855,0,0,0,0,5,False,False,
18,0,1494.0488105809893,870.3166549001045,0.698518966876183,6.958381652832031,0.31591033935546875,0,1,0,0,0,0.0012694628298978235,-0.9037650403058782,-0.9506221240153345,0,0,0,0,6,False,False,
18,1,1494.0488105809893,870.3166549001045,0.698518966876183,6.958381652832031,0.31591033935546875,0,1,0,0,0,0.0012694628298978235,-0.9037650403058782,-0.9506221240153345,0,0,0,0,6,False,False,
18,2,1494.0488105809893,870.3166549001045,0.698518966876183,6.958381652832031,0.31591033935546875,0,1,0,0,0,0.0012694628298978235,-0.9037650403058782,-0.9506221240153345,0,0,0,0,6,False,False,
18,3,1494.0488105809893,870.3166549001045,0.698518966876183,6.958381652832031,0.31591033935546875,0,1,0,0,0,0.0012694628298978235,-0.9037650403058782,-0.9506221240153345,0,0,0,0,6,False,False,
18,4,1494.0488105809893,870.3166549001045,0.698518966876183,6.958381652832031,0.31591033935546875,0,1,0,0,0,0.0012694628298978235,-0.9037650403058782,-0.9506221240153345,0,0,0,0,6,False,False,
18,5,1494.0488105809893,870.3166549001045,0.698518966876183,6.958381652832031,0.31591033935546875,0,1,0,0,0,0.0012694628298978235,-0.9037650403058782,-0.9506221240153345,0,0,0,0,6,False,False,
18,6,1494.0488107133067,870.3166548946136,0.6985189833562173,6.958381652832031,0.31591033935546875,0,1,0,0,0,0.0012694627530429948,-0.9037650403058782,-0.9506221240153345,0,0,0,0,6,False,False,
18,7,1494.0488107133067,870.3166548946136,0.6985189833562173,6.958381652832031,0.31591033935546875,0,1,0,0,0,0.0012694627530429948,-0.9037650403058782,-0.9506221240153345,0,0,0,0,6,False,False,
19,0,1493.3183503738692,870.3491666304305,0.7311833742603807,7.689574241638184,0.3362048864364624,0,1,0,0,0,0.0014183077993114542,-0.9057148831413456,-0.951809897892432,0,0,0,0,7,False,False,
19,1,1493.3183503738692,870.3491666304305,0.7311833742603807,7.689574241638184,0.3362048864364624,0,1,0,0,0,0.0014183077993114542,-0.9057148831413456,-0.951809897892432,0,0,0,0,7,False,False,
19,2,1493.3183503738692,870.3491666304305,0.7311833742603807,7.689574241638184,0.3362048864364624,0,1,0,0,0,0.0014183077993114542,-0.9057148831413456,-0.951809897892432,0,0,0,0,7,False,False,
19,3,1493.3183503738692,870.3491666304305,0.7311833742603807,7.689574241638184,0.3362048864364624,0,1,0,0,0,0.0014183077993114542,-0.9057148831413456,-0.951809897892432,0,0,0,0,7,False,False,
19,4,1493.3183503738692,870.3491666304305,0.7311833742603807,7.689574241638184,0.3362048864364624,0,1,0,0,0,0.0014183077993114542,-0.9057148831413456,-0.951809897892432,0,0,0,0,7,False,False,
19,5,1493.3183503738692,870.3491666304305,0.7311833742603807,7.689574241638184,0.3362048864364624,0,1,0,0,0,0.0014183077993114542,-0.9057148831413456,-0.951809897892432,0,0,0,0,7,False,False,
19,6,1493.3183504900335,870.3491666257551,0.7311833904337597,7.689574241638184,0.3362048864364624,0,1,0,0,0,0.0014183077155201494,-0.9057148831413456,-0.951809897892432,0,0,0,0,7,False,False,
19,7,1493.3183504900335,870.3491666257551,0.7311833904337597,7.689574241638184,0.3362048864364624,0,1,0,0,0,0.0014183077155201494,-0.9057148831413456,-0.951809897892432,0,0,0,0,7,False,False,
20,0,1492.5559383813927,870.3829560625505,0.7631603841886155,8.45277214050293,0.35659343004226685,0,1,0,0,0,0.0015733248910651,-0.9077500711772702,-0.9530780382570065,0,0,0,0,8,False,False,
20,1,1492.5559383813927,870.3829560625505,0.7631603841886155,8.45277214050293,0.35659343004226685,0,1,0,0,0,0.0015733248910651,-0.9077500711772702,-0.9530780382570065,0,0,0,0,8,False,False,
20,2,1492.5559383813927,870.3829560625505,0.7631603841886155,8.45277214050293,0.35659343004226685,0,1,0,0,0,0.0015733248910651,-0.9077500711772702,-0.9530780382570065,0,0,0,0,8,False,False,
20,3,1492.5559383813927,870.3829560625505,0.7631603841886155,8.45277214050293,0.35659343004226685,0,1,0,0,0,0.0015733248910651,-0.9077500711772702,-0.9530780382570065,0,0,0,0,8,False,False,
20,4,1492.5559383813927,870.3829560625505,0.7631603841886155,8.45277214050293,0.35659343004226685,0,1,0,0,0,0.0015733248910651,-0.9077500711772702,-0.9530780382570065,0,0,0,0,8,False,False,
20,5,1492.5559383813927,870.3829560625505,0.7631603841886155,8.45277214050293,0.35659343004226685,0,1,0,0,0,0.0015733248910651,-0.9077500711772702,-0.9530780382570065,0,0,0,0,8,False,False,
20,6,1492.5559384770347,870.3829560589294,0.7631604047373782,8.45277214050293,0.35659343004226685,0,1,0,0,0,0.001573324770339468,-0.9077500711772702,-0.9530780382570065,0,0,0,0,8,False,False,
20,7,1492.5559384770347,870.3829560589294,0.7631604047373782,8.45277214050293,0.35659343004226685,0,1,0,0,0,0.001573324770339468,-0.9077500711772702,-0.9530780382570065,0,0,0,0,8,False,False,
21,0,1491.762160251965,870.4179840804313,0.7945506156276698,9.247245788574219,0.37708190083503723,0,1,0,0,0,0.0017342730442597562,-0.9098686609097555,-0.9544119268484085,0,0,0,0,9,False,False,
21,1,1491.762160251965,870.4179840804313,0.7945506156276698,9.247245788574219,0.37708190083503723,0,1,0,0,0,0.0017342730442597562,-0.9098686609097555,-0.9544119268484085,0,0,0,0,9,False,False,
21,2,1491.762160251965,870.4179840804313,0.7945506156276698,9.247245788574219,0.37708190083503723,0,1,0,0,0,0.0017342730442597562,-0.9098686609097555,-0.9544119268484085,0,0,0,0,9,False,False,
21,3,1491.762160251965,870.4179840804313,0.7945506156276698,9.247245788574219,0.37708190083503723,0,1,0,0,0,0.0017342730442597562,-0.9098686609097555,-0.9544119268484085,0,0,0,0,9,False,False,
21,4,1491.762160251965,870.4179840804313,0.7945506156276698,9.247245788574219,0.37708190083503723,0,1,0,0,0,0.0017342730442597562,-0.9098686609097555,-0.9544119268484085,0,0,0,0,9,False,False,
21,5,1491.762160251965,870.4179840804313,0.7945506156276698,9.247245788574219,0.37708190083503723,0,1,0,0,0,0.0017342730442597562,-0.9098686609097555,-0.9544119268484085,0,0,0,0,9,False,False,
21,6,1491.7621603181246,870.4179840782272,0.7945506451439288,9.247245788574219,0.37708190083503723,0,1,0,0,0,0.0017342729514107683,-0.9098686609097555,-0.9544119268484085,0,0,0,0,9,False,False,
21,7,1491.7621603181246,870.4179840782272,0.7945506451439288,9.247245788574219,0.37708190083503723,0,1,0,0,0,0.0017342729514107683,-0.9098686609097555,-0.9544119268484085,0,0,0,0,9,False,False,
22,0,1490.9376150527958,870.4542102400956,0.8253406085471462,10.072627067565918,0.39766448736190796,0,1,0,0,0,0.001903192818527878,-0.9120696691046183,-0.9558051139085171,0,0,0,0,10,False,False,
22,1,1490.9376150527958,870.4542102400956,0.8253406085471462,10.072627067565918,0.39766448736190796,0,1,0,0,0,0.001903192818527878,-0.9120696691046183,-0.9558051139085171,0,0,0,0,10,False,False,
22,2,1490.9376150527958,870.4542102400956,0.8253406085471462,10.072627067565918,0.39766448736190796,0,1,0,0,0,0.001903192818527878,-0.9120696691046183,-0.9558051139085171,0,0,0,0,10,False,False,
22,3,1490.9376150527958,870.4542102400956,0.8253406085471462,10.072627067565918,0.39766448736190796,0,1,0,0,0,0.001903192818527878,-0.9120696691046183,-0.9558051139085171,0,0,0,0,10,False,False,
22,4,1490.9376150527958,870.4542102400956,0.8253406085471462,10.072627067565918,0.39766448736190796,0,1,0,0,0,0.001903192818527878,-0.9120696691046183,-0.9558051139085171,0,0,0,0,10,False,False,
22,5,1490.9376150527958,870.4542102400956,0.8253406085471462,10.072627067565918,0.39766448736190796,0,1,0,0,0,0.001903192818527878,-0.9120696691046183,-0.9558051139085171,0,0,0,0,10,False,False,
22,6,1490.937615094709,870.4542102390927,0.8253406328230115,10.072627067565918,0.39766448736190796,0,1,0,0,0,0.0019031927136441912,-0.9120696691046183,-0.9558051139085171,0,0,0,0,10,False,False,
22,7,1490.937615094709,870.4542102390927,0.8253406328230115,10.072627067565918,0.39766448736190796,0,1,0,0,0,0.0019031927136441912,-0.9120696691046183,-0.9558051139085171,0,0,0,0,10,False,False,
23,0,1490.082895901732,870.4915939459644,0.8555363046998987,10.928178787231445,0.4183388948440552,0,1,0,0,0,0.002082825032372979,-0.9143511293381168,-0.9572859676532446,0,0,0,0,11,False,False,
23,1,1490.082895901732,870.4915939459644,0.8555363046998987,10.928178787231445,0.4183388948440552,0,1,0,0,0,0.002082825032372979,-0.9143511293381168,-0.9572859676532446,0,0,0,0,11,False,False,
23,2,1490.082895901732,870.4915939459644,0.8555363046998987,10.928178787231445,0.4183388948440552,0,1,0,0,0,0.002082825032372979,-0.9143511293381168,-0.9572859676532446,0,0,0,0,11,False,False,
23,3,1490.082895901732,870.4915939459644,0.8555363046998987,10.928178787231445,0.4183388948440552,0,1,0,0,0,0.002082825032372979,-0.9143511293381168,-0.9572859676532446,0,0,0,0,11,False,False,
23,4,1490.082895901732,870.4915939459644,0.8555363046998987,10.928178787231445,0.4183388948440552,0,1,0,0,0,0.002082825032372979,-0.9143511293381168,-0.9572859676532446,0,0,0,0,11,False,False,
23,5,1490.082895901732,870.4915939459644,0.8555363046998987,10.928178787231445,0.4183388948440552,0,1,0,0,0,0.002082825032372979,-0.9143511293381168,-0.9572859676532446,0,0,0,0,11,False,False,
23,6,1490.0828959245416,870.4915939460411,0.8555363238324083,10.928178787231445,0.4183388948440552,0,1,0,0,0,0.002082824850984682,-0.9143511293381168,-0.9572859676532446,0,0,0,0,11,False,False,
23,7,1490.0828959245416,870.4915939460411,0.8555363238324083,10.928178787231445,0.4183388948440552,0,1,0,0,0,0.002082824850984682,-0.9143511293381168,-0.9572859676532446,0,0,0,0,11,False,False,
24,0,1489.198586465088,870.5300947325134,0.8851471574277213,11.813294410705566,0.43910303711891174,0,1,0,0,0,0.0022724572634564943,-0.9167114232004927,-0.9588252658543844,0,0,0,0,12,False,False,
24,1,1489.198586465088,870.5300947325134,0.8851471574277213,11.813294410705566,0.43910303711891174,0,1,0,0,0,0.0022724572634564943,-0.9167114232004927,-0.9588252658543844,0,0,0,0,12,False,False,
24,2,1489.198586465088,870.5300947325134,0.8851471574277213,11.813294410705566,0.43910303711891174,0,1,0,0,0,0.0022724572634564943,-0.9167114232004927,-0.9588252658543844,0,0,0,0,12,False,False,
24,3,1489.198586465088,870.5300947325134,0.8851471574277213,11.813294410705566,0.43910303711891174,0,1,0,0,0,0.0022724572634564943,-0.9167114232004927,-0.9588252658543844,0,0,0,0,12,False,False,
24,4,1489.198586465088,870.5300947325134,0.8851471574277213,11.813294410705566,0.43910303711891174,0,1,0,0,0,0.0022724572634564943,-0.9167114232004927,-0.9588252658543844,0,0,0,0,12,False,False,
24,5,1489.198586465088,870.5300947325134,0.8851471574277213,11.813294410705566,0.43910303711891174,0,1,0,0,0,0.0022724572634564943,-0.9167114232004927,-0.9588252658543844,0,0,0,0,12,False,False,
24,6,1489.1985864644978,870.5300947339753,0.8851471808656654,11.813294410705566,0.43910303711891174,0,1,0,0,0,0.0022724570002348324,-0.9167114232004927,-0.9588252658543844,0,0,0,0,12,False,False,
24,7,1489.1985864644978,870.5300947339753,0.8851471808656654,11.813294410705566,0.43910303711891174,0,1,0,0,0,0.0022724570002348324,-0.9167114232004927,-0.9588252658543844,0,0,0,0,12,False,False,
25,0,1488.2852614138123,870.5696723238196,0.9141821673066791,12.727482795715332,0.45995479822158813,0,1,0,0,0,0.0024739051677664116,-0.9191492421305978,-0.9604449269697283,0,0,0,0,13,False,False,
25,1,1488.2852614138123,870.5696723238196,0.9141821673066791,12.727482795715332,0.45995479822158813,0,1,0,0,0,0.0024739051677664116,-0.9191492421305978,-0.9604449269697283,0,0,0,0,13,False,False,
25,2,1488.2852614138123,870.5696723238196,0.9141821673066791,12.727482795715332,0.45995479822158813,0,1,0,0,0,0.0024739051677664116,-0.9191492421305978,-0.9604449269697283,0,0,0,0,13,False,False,
25,3,1488.2852614138123,870.5696723238196,0.9141821673066791,12.727482795715332,0.45995479822158813,0,1,0,0,0,0.0024739051677664116,-0.9191492421305978,-0.9604449269697283,0,0,0,0,13,False,False,
25,4,1488.2852614138123,870.5696723238196,0.9141821673066791,12.727482795715332,0.45995479822158813,0,1,0,0,0,0.0024739051677664116,-0.9191492421305978,-0.9604449269697283,0,0,0,0,13,False,False,
25,5,1488.2852614138123,870.5696723238196,0.9141821673066791,12.727482795715332,0.45995479822158813,0,1,0,0,0,0.0024739051677664116,-0.9191492421305978,-0.9604449269697283,0,0,0,0,13,False,False,
25,6,1488.2852613996236,870.5696723263062,0.9141821809366302,12.727482795715332,0.45995479822158813,0,1,0,0,0,0.002473904864837727,-0.9191492421305978,-0.9604449269697283,0,0,0,0,13,False,False,
25,7,1488.2852613996236,870.5696723263062,0.9141821809366302,12.727482795715332,0.45995479822158813,0,1,0,0,0,0.002473904864837727,-0.9191492421305978,-0.9604449269697283,0,0,0,0,13,False,False,
26,0,1487.3434878121989,870.6102866994668,0.9426489506730599,13.670129776000977,0.4808919429779053,0,1,0,0,0,0.0026903333438598213,-0.9216629446087087,-0.9621384976678818,0,0,0,0,14,False,False,
26,1,1487.3434878121989,870.6102866994668,0.9426489506730599,13.670129776000977,0.4808919429779053,0,1,0,0,0,0.0026903333438598213,-0.9216629446087087,-0.9621384976678818,0,0,0,0,14,False,False,
26,2,1487.3434878121989,870.6102866994668,0.9426489506730599,13.670129776000977,0.4808919429779053,0,1,0,0,0,0.0026903333438598213,-0.9216629446087087,-0.9621384976678818,0,0,0,0,14,False,False,
26,3,1487.3434878121989,870.6102866994668,0.9426489506730599,13.670129776000977,0.4808919429779053,0,1,0,0,0,0.0026903333438598213,-0.9216629446087087,-0.9621384976678818,0,0,0,0,14,False,False,
26,4,1487.3434878121989,870.6102866994668,0.9426489506730599,13.670129776000977,0.4808919429779053,0,1,0,0,0,0.0026903333438598213,-0.9216629446087087,-0.9621384976678818,0,0,0,0,14,False,False,
26,5,1487.3434878121989,870.6102866994668,0.9426489506730599,13.670129776000977,0.4808919429779053,0,1,0,0,0,0.0026903333438598213,-0.9216629446087087,-0.9621384976678818,0,0,0,0,14,False,False,
26,6,1487.343487794027,870.6102867027249,0.9426489546858217,13.670129776000977,0.4808919429779053,0,1,0,0,0,0.0026903329391571003,-0.9216629446087087,-0.9621384976678818,0,0,0,0,14,False,False,
26,7,1487.343487794027,870.6102867027249,0.9426489546858217,13.670129776000977,0.4808919429779053,0,1,0,0,0,0.0026903329391571003,-0.9216629446087087,-0.9621384976678818,0,0,0,0,14,False,False,
27,0,1486.3738295052167,870.6518981501243,0.9705507431997145,14.640748977661133,0.5019122362136841,0,1,0,0,0,0.0029212488086636135,-0.924251237219628,-0.963905123936551,0,0,0,0,15,False,False,
27,1,1486.3738295052167,870.6518981501243,0.9705507431997145,14.640748977661133,0.5019122362136841,0,1,0,0,0,0.0029212488086636135,-0.924251237219628,-0.963905123936551,0,0,0,0,15,False,False,
27,2,1486.3738295052167,870.6518981501243,0.9705507431997145,14.640748977661133,0.5019122362136841,0,1,0,0,0,0.0029212488086636135,-0.924251237219628,-0.963905123936551,0,0,0,0,15,False,False,
27,3,1486.3738295052167,870.6518981501243,0.9705507431997145,14.640748977661133,0.5019122362136841,0,1,0,0,0,0.0029212488086636135,-0.924251237219628,-0.963905123936551,0,0,0,0,15,False,False,
27,4,1486.3738295052167,870.6518981501243,0.9705507431997145,14.640748977661133,0.5019122362136841,0,1,0,0,0,0.0029212488086636135,-0.924251237219628,-0.963905123936551,0,0,0,0,15,False,False,
27,5,1486.3738295052167,870.6518981501243,0.9705507431997145,14.640748977661133,0.5019122362136841,0,1,0,0,0,0.0029212488086636135,-0.924251237219628,-0.963905123936551,0,0,0,0,15,False,False,
27,6,1486.3738294831464,870.651898154287,0.9705507471330572,14.640748977661133,0.5019122362136841,0,1,0,0,0,0.002921248325535291,-0.924251237219628,-0.963905123936551,0,0,0,0,15,False,False,
27,7,1486.3738294831464,870.651898154287,0.9705507471330572,14.640748977661133,0.5019122362136841,0,1,0,0,0,0.002921248325535291,-0.924251237219628,-0.963905123936551,0,0,0,0,15,False,False,
28,0,1485.37684878246,870.694467347797,0.9978891211648107,15.638604164123535,0.5230134725570679,0,1,0,0,0,0.0031700776461636654,-0.9269121530216494,-0.965752113119424,0,0,0,0,16,False,False,
28,1,1485.37684878246,870.694467347797,0.9978891211648107,15.638604164123535,0.5230134725570679,0,1,0,0,0,0.0031700776461636654,-0.9269121530216494,-0.965752113119424,0,0,0,0,16,False,False,
28,2,1485.37684878246,870.694467347797,0.9978891211648107,15.638604164123535,0.5230134725570679,0,1,0,0,0,0.0031700776461636654,-0.9269121530216494,-0.965752113119424,0,0,0,0,16,False,False,
28,3,1485.37684878246,870.694467347797,0.9978891211648107,15.638604164123535,0.5230134725570679,0,1,0,0,0,0.0031700776461636654,-0.9269121530216494,-0.965752113119424,0,0,0,0,16,False,False,
28,4,1485.37684878246,870.694467347797,0.9978891211648107,15.638604164123535,0.5230134725570679,0,1,0,0,0,0.0031700776461636654,-0.9269121530216494,-0.965752113119424,0,0,0,0,16,False,False,
28,5,1485.37684878246,870.694467347797,0.9978891211648107,15.638604164123535,0.5230134725570679,0,1,0,0,0,0.0031700776461636654,-0.9269121530216494,-0.965752113119424,0,0,0,0,16,False,False,
28,6,1485.376848751901,870.694467353072,0.9978891296931266,15.638604164123535,0.5230134725570679,0,1,0,0,0,0.0031700771681623034,-0.9269121530216494,-0.965752113119424,0,0,0,0,16,False,False,
28,7,1485.376848751901,870.694467353072,0.9978891296931266,15.638604164123535,0.5230134725570679,0,1,0,0,0,0.0031700771681623034,-0.9269121530216494,-0.965752113119424,0,0,0,0,16,False,False,
29,0,1484.353101115629,870.7379555257875,1.0246709261840543,16.663209915161133,0.5441934466362,0,1,0,0,0,0.0034367893708305373,-0.9296443984229121,-0.9676657045414186,0,0,0,0,17,False,False,
29,1,1484.353101115629,870.7379555257875,1.0246709261840543,16.663209915161133,0.5441934466362,0,1,0,0,0,0.0034367893708305373,-0.9296443984229121,-0.9676657045414186,0,0,0,0,17,False,False,
29,2,1484.353101115629,870.7379555257875,1.0246709261840543,16.663209915161133,0.5441934466362,0,1,0,0,0,0.0034367893708305373,-0.9296443984229121,-0.9676657045414186,0,0,0,0,17,False,False,
29,3,1484.353101115629,870.7379555257875,1.0246709261840543,16.663209915161133,0.5441934466362,0,1,0,0,0,0.0034367893708305373,-0.9296443984229121,-0.9676657045414186,0,0,0,0,17,False,False,
29,4,1484.353101115629,870.7379555257875,1.0246709261840543,16.663209915161133,0.5441934466362,0,1,0,0,0,0.0034367893708305373,-0.9296443984229121,-0.9676657045414186,0,0,0,0,17,False,False,
29,5,1484.353101115629,870.7379555257875,1.0246709261840543,16.663209915161133,0.5441934466362,0,1,0,0,0,0.0034367893708305373,-0.9296443984229121,-0.9676657045414186,0,0,0,0,17,False,False,
29,6,1484.3531010674142,870.7379555325414,1.0246709438867374,16.663209915161133,0.5441934466362,0,1,0,0,0,0.003436788918445662,-0.9296443984229121,-0.9676657045414186,0,0,0,0,17,False,False,
29,7,1484.3531010674142,870.7379555325414,1.0246709438867374,16.663209915161133,0.5441934466362,0,1,0,0,0,0.003436788918445662,-0.9296443984229121,-0.9676657045414186,0,0,0,0,17,False,False,
30,0,1483.3031345737963,870.7823245255411,1.0509035860186933,17.714195251464844,0.5654498338699341,0,1,0,0,0,0.003726204712103254,-0.9324469815270164,-0.9696596588776172,0,0,0,0,18,False,False,
30,1,1483.3031345737963,870.7823245255411,1.0509035860186933,17.714195251464844,0.5654498338699341,0,1,0,0,0,0.003726204712103254,-0.9324469815270164,-0.9696596588776172,0,0,0,0,18,False,False,
30,2,1483.3031345737963,870.7823245255411,1.0509035860186933,17.714195251464844,0.5654498338699341,0,1,0,0,0,0.003726204712103254,-0.9324469815270164,-0.9696596588776172,0,0,0,0,18,False,False,
30,3,1483.3031345737963,870.7823245255411,1.0509035860186933,17.714195251464844,0.5654498338699341,0,1,0,0,0,0.003726204712103254,-0.9324469815270164,-0.9696596588776172,0,0,0,0,18,False,False,
30,4,1483.3031345737963,870.7823245255411,1.0509035860186933,17.714195251464844,0.5654498338699341,0,1,0,0,0,0.003726204712103254,-0.9324469815270164,-0.9696596588776172,0,0,0,0,18,False,False,
30,5,1483.3031345737963,870.7823245255411,1.0509035860186933,17.714195251464844,0.5654498338699341,0,1,0,0,0,0.003726204712103254,-0.9324469815270164,-0.9696596588776172,0,0,0,0,18,False,False,
30,6,1483.3031345129484,870.7823245335077,1.0509035986918691,17.714195251464844,0.5654498338699341,0,1,0,0,0,0.0037262043012838654,-0.9324469815270164,-0.9696596588776172,0,0,0,0,18,False,False,
30,7,1483.3031345129484,870.7823245335077,1.0509035986918691,17.714195251464844,0.5654498338699341,0,1,0,0,0,0.0037262043012838654,-0.9324469815270164,-0.9696596588776172,0,0,0,0,18,False,False,
31,0,1482.2274897305856,870.8275368293699,1.0765946224756033,18.79070472717285,0.586780309677124,0,1,0,0,0,0.0040418937626498065,-0.9353176172541087,-0.9717412798984344,0,0,0,0,19,False,False,
31,1,1482.2274897305856,870.8275368293699,1.0765946224756033,18.79070472717285,0.586780309677124,0,1,0,0,0,0.0040418937626498065,-0.9353176172541087,-0.9717412798984344,0,0,0,0,19,False,False,
31,2,1482.2274897305856,870.8275368293699,1.0765946224756033,18.79070472717285,0.586780309677124,0,1,0,0,0,0.0040418937626498065,-0.9353176172541087,-0.9717412798984344,0,0,0,0,19,False,False,
31,3,1482.2274897305856,870.8275368293699,1.0765946224756033,18.79070472717285,0.586780309677124,0,1,0,0,0,0.0040418937626498065,-0.9353176172541087,-0.9717412798984344,0,0,0,0,19,False,False,
31,4,1482.2274897305856,870.8275368293699,1.0765946224756033,18.79070472717285,0.586780309677124,0,1,0,0,0,0.0040418937626498065,-0.9353176172541087,-0.9717412798984344,0,0,0,0,19,False,False,
31,5,1482.2274897305856,870.8275368293699,1.0765946224756033,18.79070472717285,0.586780309677124,0,1,0,0,0,0.0040418937626498065,-0.9353176172541087,-0.9717412798984344,0,0,0,0,19,False,False,
31,6,1482.2274896573574,870.8275368384415,1.0765946348913038,18.79070472717285,0.586780309677124,0,1,0,0,0,0.00404189341727551,-0.9353176172541087,-0.9717412798984344,0,0,0,0,19,False,False,
31,7,1482.2274896573574,870.8275368384415,1.0765946348913038,18.79070472717285,0.586780309677124,0,1,0,0,0,0.00404189341727551,-0.9353176172541087,-0.9717412798984344,0,0,0,0,19,False,False,
32,0,1481.1267033051133,870.8735559851449,1.101747937235385,19.89249610900879,0.6081821918487549,0,1,0,0,0,0.00438538676668385,-0.9382556616581107,-0.973895958276404,0,0,0,0,20,False,False,
32,1,1481.1267033051133,870.8735559851449,1.101747937235385,19.89249610900879,0.6081821918487549,0,1,0,0,0,0.00438538676668385,-0.9382556616581107,-0.973895958276404,0,0,0,0,20,False,False,
32,2,1481.1267033051133,870.8735559851449,1.101747937235385,19.89249610900879,0.6081821918487549,0,1,0,0,0,0.00438538676668385,-0.9382556616581107,-0.973895958276404,0,0,0,0,20,False,False,
32,3,1481.1267033051133,870.8735559851449,1.101747937235385,19.89249610900879,0.6081821918487549,0,1,0,0,0,0.00438538676668385,-0.9382556616581107,-0.973895958276404,0,0,0,0,20,False,False,
32,4,1481.1267033051133,870.8735559851449,1.101747937235385,19.89249610900879,0.6081821918487549,0,1,0,0,0,0.00438538676668385,-0.9382556616581107,-0.973895958276404,0,0,0,0,20,False,False,
32,5,1481.1267033051133,870.8735559851449,1.101747937235385,19.89249610900879,0.6081821918487549,0,1,0,0,0,0.00438538676668385,-0.9382556616581107,-0.973895958276404,0,0,0,0,20,False,False,
32,6,1481.1267032290873,870.873555994809,1.1017479400554933,19.89249610900879,0.6081821918487549,0,1,0,0,0,0.004385386492126346,-0.9382556616581107,-0.973895958276404,0,0,0,0,20,False,False,
32,7,1481.1267032290873,870.873555994809,1.1017479400554933,19.89249610900879,0.6081821918487549,0,1,0,0,0,0.004385386492126346,-0.9382556616581107,-0.973895958276404,0,0,0,0,20,False,False,
33,0,1480.0012989374452,870.9203462880306,1.126376634705671,21.018835067749023,0.6296534538269043,0,1,0,0,0,0.004762047938127504,-0.9412591541782463,-0.9761172406801317,0,0,0,0,21,False,False,
33,1,1480.0012989374452,870.9203462880306,1.126376634705671,21.018835067749023,0.6296534538269043,0,1,0,0,0,0.004762047938127504,-0.9412591541782463,-0.9761172406801317,0,0,0,0,21,False,False,
33,2,1480.0012989374452,870.9203462880306,1.126376634705671,21.018835067749023,0.6296534538269043,0,1,0,0,0,0.004762047938127504,-0.9412591541782463,-0.9761172406801317,0,0,0,0,21,False,False,
33,3,1480.0012989374452,870.9203462880306,1.126376634705671,21.018835067749023,0.6296534538269043,0,1,0,0,0,0.004762047938127504,-0.9412591541782463,-0.9761172406801317,0,0,0,0,21,False,False,
33,4,1480.0012989374452,870.9203462880306,1.126376634705671,21.018835067749023,0.6296534538269043,0,1,0,0,0,0.004762047938127504,-0.9412591541782463,-0.9761172406801317,0,0,0,0,21,False,False,
33,5,1480.0012989374452,870.9203462880306,1.126376634705671,21.018835067749023,0.6296534538269043,0,1,0,0,0,0.004762047938127504,-0.9412591541782463,-0.9761172406801317,0,0,0,0,21,False,False,
33,6,1480.001298854009,870.9203462983866,1.126376642138108,21.018835067749023,0.6296534538269043,0,1,0,0,0,0.004762047721424286,-0.9412591541782463,-0.9761172406801317,0,0,0,0,21,False,False,
33,7,1480.001298854009,870.9203462983866,1.126376642138108,21.018835067749023,0.6296534538269043,0,1,0,0,0,0.004762047721424286,-0.9412591541782463,-0.9761172406801317,0,0,0,0,21,False,False,
34,0,1478.851793139776,870.967872554544,1.1504878638576983,22.169353485107422,0.6511911749839783,0,1,0,0,0,0.005179119078349004,-0.9443271090195481,-0.9784261879818416,0,0,0,0,22,False,False,
34,1,1478.851793139776,870.967872554544,1.1504878638576983,22.169353485107422,0.6511911749839783,0,1,0,0,0,0.005179119078349004,-0.9443271090195481,-0.9784261879818416,0,0,0,0,22,False,False,
34,2,1478.851793139776,870.967872554544,1.1504878638576983,22.169353485107422,0.6511911749839783,0,1,0,0,0,0.005179119078349004,-0.9443271090195481,-0.9784261879818416,0,0,0,0,22,False,False,
34,3,1478.851793139776,870.967872554544,1.1504878638576983,22.169353485107422,0.6511911749839783,0,1,0,0,0,0.005179119078349004,-0.9443271090195481,-0.9784261879818416,0,0,0,0,22,False,False,
34,4,1478.851793139776,870.967872554544,1.1504878638576983,22.169353485107422,0.6511911749839783,0,1,0,0,0,0.005179119078349004,-0.9443271090195481,-0.9784261879818416,0,0,0,0,22,False,False,
34,5,1478.851793139776,870.967872554544,1.1504878638576983,22.169353485107422,0.6511911749839783,0,1,0,0,0,0.005179119078349004,-0.9443271090195481,-0.9784261879818416,0,0,0,0,22,False,False,
34,6,1478.8517930490884,870.9678725657126,1.1504878711364137,22.169353485107422,0.6511911749839783,0,1,0,0,0,0.005179118794832662,-0.9443271090195481,-0.9784261879818416,0,0,0,0,22,False,False,
34,7,1478.8517930490884,870.9678725657126,1.1504878711364137,22.169353485107422,0.6511911749839783,0,1,0,0,0,0.005179118794832662,-0.9443271090195481,-0.9784261879818416,0,0,0,0,22,False,False,
35,0,1477.6786947417409,871.0161002098992,1.1740893314451875,23.34343910217285,0.6727925539016724,0,1,0,0,0,0.005645360471597706,-0.9474578892451557,-0.980823657767101,0,0,0,0,23,False,False,
35,1,1477.6786947417409,871.0161002098992,1.1740893314451875,23.34343910217285,0.6727925539016724,0,1,0,0,0,0.005645360471597706,-0.9474578892451557,-0.980823657767101,0,0,0,0,23,False,False,
35,2,1477.6786947417409,871.0161002098992,1.1740893314451875,23.34343910217285,0.6727925539016724,0,1,0,0,0,0.005645360471597706,-0.9474578892451557,-0.980823657767101,0,0,0,0,23,False,False,
35,3,1477.6786947417409,871.0161002098992,1.1740893314451875,23.34343910217285,0.6727925539016724,0,1,0,0,0,0.005645360471597706,-0.9474578892451557,-0.980823657767101,0,0,0,0,23,False,False,
35,4,1477.6786947417409,871.0161002098992,1.1740893314451875,23.34343910217285,0.6727925539016724,0,1,0,0,0,0.005645360471597706,-0.9474578892451557,-0.980823657767101,0,0,0,0,23,False,False,
35,5,1477.6786947417409,871.0161002098992,1.1740893314451875,23.34343910217285,0.6727925539016724,0,1,0,0,0,0.005645360471597706,-0.9474578892451557,-0.980823657767101,0,0,0,0,23,False,False,
35,6,1477.6786946392895,871.0161002221046,1.1740893432417019,23.34343910217285,0.6727925539016724,0,1,0,0,0,0.005645360171880358,-0.9474578892451557,-0.980823657767101,0,0,0,0,23,False,False,
35,7,1477.6786946392895,871.0161002221046,1.1740893432417019,23.34343910217285,0.6727925539016724,0,1,0,0,0,0.005645360171880358,-0.9474578892451557,-0.980823657767101,0,0,0,0,23,False,False,
36,0,1476.4825148688012,871.0649952785798,1.197178773687288,24.540605545043945,0.6944544315338135,0,1,0,0,0,0.0061699787851773,-0.9506501900577802,-0.9832941813362395,0,0,0,0,24,False,False,
36,1,1476.4825148688012,871.0649952785798,1.197178773687288,24.540605545043945,0.6944544315338135,0,1,0,0,0,0.0061699787851773,-0.9506501900577802,-0.9832941813362395,0,0,0,0,24,False,False,
36,2,1476.4825148688012,871.0649952785798,1.197178773687288,24.540605545043945,0.6944544315338135,0,1,0,0,0,0.0061699787851773,-0.9506501900577802,-0.9832941813362395,0,0,0,0,24,False,False,
36,3,1476.4825148688012,871.0649952785798,1.197178773687288,24.540605545043945,0.6944544315338135,0,1,0,0,0,0.0061699787851773,-0.9506501900577802,-0.9832941813362395,0,0,0,0,24,False,False,
36,4,1476.4825148688012,871.0649952785798,1.197178773687288,24.540605545043945,0.6944544315338135,0,1,0,0,0,0.0061699787851773,-0.9506501900577802,-0.9832941813362395,0,0,0,0,24,False,False,
36,5,1476.4825148688012,871.0649952785798,1.197178773687288,24.540605545043945,0.6944544315338135,0,1,0,0,0,0.0061699787851773,-0.9506501900577802,-0.9832941813362395,0,0,0,0,24,False,False,
36,6,1476.4825147548333,871.0649952918377,1.1971787852370919,24.540605545043945,0.6944544315338135,0,1,0,0,0,0.006169978476073526,-0.9506501900577802,-0.9832941813362395,0,0,0,0,24,False,False,
36,7,1476.4825147548333,871.0649952918377,1.1971787852370919,24.540605545043945,0.6944544315338135,0,1,0,0,0,0.006169978476073526,-0.9506501900577802,-0.9832941813362395,0,0,0,0,24,False,False,
37,0,1475.263758370108,871.1145248131093,1.2197625088095856,25.760360717773438,0.7161734104156494,0,1,0,0,0,0.006767422961778872,-0.953902697062093,-0.98585237516327,0,0,0,0,25,False,False,
37,1,1475.263758370108,871.1145248131093,1.2197625088095856,25.760360717773438,0.7161734104156494,0,1,0,0,0,0.006767422961778872,-0.953902697062093,-0.98585237516327,0,0,0,0,25,False,False,
37,2,1475.263758370108,871.1145248131093,1.2197625088095856,25.760360717773438,0.7161734104156494,0,1,0,0,0,0.006767422961778872,-0.953902697062093,-0.98585237516327,0,0,0,0,25,False,False,
37,3,1475.263758370108,871.1145248131093,1.2197625088095856,25.760360717773438,0.7161734104156494,0,1,0,0,0,0.006767422961778872,-0.953902697062093,-0.98585237516327,0,0,0,0,25,False,False,
37,4,1475.263758370108,871.1145248131093,1.2197625088095856,25.760360717773438,0.7161734104156494,0,1,0,0,0,0.006767422961778872,-0.953902697062093,-0.98585237516327,0,0,0,0,25,False,False,
37,5,1475.263758370108,871.1145248131093,1.2197625088095856,25.760360717773438,0.7161734104156494,0,1,0,0,0,0.006767422961778872,-0.953902697062093,-0.98585237516327,0,0,0,0,25,False,False,
37,6,1475.2637582401978,871.1145248274936,1.2197625247846589,25.760360717773438,0.7161734104156494,0,1,0,0,0,0.006767422712232158,-0.953902697062093,-0.98585237516327,0,0,0,0,25,False,False,
37,7,1475.2637582401978,871.1145248274936,1.2197625247846589,25.760360717773438,0.7161734104156494,0,1,0,0,0,0.006767422712232158,-0.953902697062093,-0.98585237516327,0,0,0,0,25,False,False,
38,0,1474.0229188446817,871.1646569778752,1.2418518276364723,27.002220153808594,0.7379457950592041,0,1,0,0,0,0.00745237731104156,-0.9572141104787264,-0.9884836254541345,0,0,0,0,26,False,False,
38,1,1474.0229188446817,871.1646569778752,1.2418518276364723,27.002220153808594,0.7379457950592041,0,1,0,0,0,0.00745237731104156,-0.9572141104787264,-0.9884836254541345,0,0,0,0,26,False,False,
38,2,1474.0229188446817,871.1646569778752,1.2418518276364723,27.002220153808594,0.7379457950592041,0,1,0,0,0,0.00745237731104156,-0.9572141104787264,-0.9884836254541345,0,0,0,0,26,False,False,
38,3,1474.0229188446817,871.1646569778752,1.2418518276364723,27.002220153808594,0.7379457950592041,0,1,0,0,0,0.00745237731104156,-0.9572141104787264,-0.9884836254541345,0,0,0,0,26,False,False,
38,4,1474.0229188446817,871.1646569778752,1.2418518276364723,27.002220153808594,0.7379457950592041,0,1,0,0,0,0.00745237731104156,-0.9572141104787264,-0.9884836254541345,0,0,0,0,26,False,False,
38,5,1474.0229188446817,871.1646569778752,1.2418518276364723,27.002220153808594,0.7379457950592041,0,1,0,0,0,0.00745237731104156,-0.9572141104787264,-0.9884836254541345,0,0,0,0,26,False,False,
38,6,1474.0229187038276,871.1646569931177,1.2418518386063178,27.002220153808594,0.7379457950592041,0,1,0,0,0,0.007452377097994637,-0.9572141104787264,-0.9884836254541345,0,0,0,0,26,False,False,
38,7,1474.0229187038276,871.1646569931177,1.2418518386063178,27.002220153808594,0.7379457950592041,0,1,0,0,0,0.007452377097994637,-0.9572141104787264,-0.9884836254541345,0,0,0,0,26,False,False,
39,0,1472.7604687015921,871.2153612821913,1.263467961708338,28.265687942504883,0.7597671747207642,0,1,0,0,0,0.008255790072357171,-0.9605830938549474,-0.9912033955485935,0,0,0,0,27,False,False,
39,1,1472.7604687015921,871.2153612821913,1.263467961708338,28.265687942504883,0.7597671747207642,0,1,0,0,0,0.008255790072357171,-0.9605830938549474,-0.9912033955485935,0,0,0,0,27,False,False,
39,2,1472.7604687015921,871.2153612821913,1.263467961708338,28.265687942504883,0.7597671747207642,0,1,0,0,0,0.008255790072357171,-0.9605830938549474,-0.9912033955485935,0,0,0,0,27,False,False,
39,3,1472.7604687015921,871.2153612821913,1.263467961708338,28.265687942504883,0.7597671747207642,0,1,0,0,0,0.008255790072357171,-0.9605830938549474,-0.9912033955485935,0,0,0,0,27,False,False,
39,4,1472.7604687015921,871.2153612821913,1.263467961708338,28.265687942504883,0.7597671747207642,0,1,0,0,0,0.008255790072357171,-0.9605830938549474,-0.9912033955485935,0,0,0,0,27,False,False,
39,5,1472.7604687015921,871.2153612821913,1.263467961708338,28.265687942504883,0.7597671747207642,0,1,0,0,0,0.008255790072357171,-0.9605830938549474,-0.9912033955485935,0,0,0,0,27,False,False,
39,6,1472.7604685593426,871.2153612976466,1.2634679631109977,28.265687942504883,0.7597671747207642,0,1,0,0,0,0.008255789993466402,-0.9605830938549474,-0.9912033955485935,0,0,0,0,27,False,False,
39,7,1472.7604685593426,871.2153612976466,1.2634679631109977,28.265687942504883,0.7597671747207642,0,1,0,0,0,0.008255789993466402,-0.9605830938549474,-0.9912033955485935,0,0,0,0,27,False,False,
40,0,1471.4769045551914,871.2666068315027,1.2845867134022504,29.550281524658203,0.7816322445869446,0,1,0,0,0,0.009206772012697683,-0.9640083485484937,-0.9939962212135682,0,0,0,0,28,False,False,
40,1,1471.4769045551914,871.2666068315027,1.2845867134022504,29.550281524658203,0.7816322445869446,0,1,0,0,0,0.009206772012697683,-0.9640083485484937,-0.9939962212135682,0,0,0,0,28,False,False,
40,2,1471.4769045551914,871.2666068315027,1.2845867134022504,29.550281524658203,0.7816322445869446,0,1,0,0,0,0.009206772012697683,-0.9640083485484937,-0.9939962212135682,0,0,0,0,28,False,False,
40,3,1471.4769045551914,871.2666068315027,1.2845867134022504,29.550281524658203,0.7816322445869446,0,1,0,0,0,0.009206772012697683,-0.9640083485484937,-0.9939962212135682,0,0,0,0,28,False,False,
40,4,1471.4769045551914,871.2666068315027,1.2845867134022504,29.550281524658203,0.7816322445869446,0,1,0,0,0,0.009206772012697683,-0.9640083485484937,-0.9939962212135682,0,0,0,0,28,False,False,
40,5,1471.4769045551914,871.2666068315027,1.2845867134022504,29.550281524658203,0.7816322445869446,0,1,0,0,0,0.009206772012697683,-0.9640083485484937,-0.9939962212135682,0,0,0,0,28,False,False,
40,6,1471.4769044208879,871.2666068464374,1.2845867054418054,29.550281524658203,0.7816322445869446,0,1,0,0,0,0.009206772113368325,-0.9640083485484937,-0.9939962212135682,0,0,0,0,28,False,False,
40,7,1471.4769044208879,871.2666068464374,1.2845867054418054,29.550281524658203,0.7816322445869446,0,1,0,0,0,0.009206772113368325,-0.9640083485484937,-0.9939962212135682,0,0,0,0,28,False,False,
41,0,1470.1726868196288,871.3183649058633,1.3052443449476248,30.855506896972656,0.8035345673561096,0,1,0,0,0,0.010360730586170222,-0.9674885344278809,-0.9968775615455573,0,0,0,0,29,False,False,
41,1,1470.1726868196288,871.3183649058633,1.3052443449476248,30.855506896972656,0.8035345673561096,0,1,0,0,0,0.010360730586170222,-0.9674885344278809,-0.9968775615455573,0,0,0,0,29,False,False,
41,2,1470.1726868196288,871.3183649058633,1.3052443449476248,30.855506896972656,0.8035345673561096,0,1,0,0,0,0.010360730586170222,-0.9674885344278809,-0.9968775615455573,0,0,0,0,29,False,False,
41,3,1470.1726868196288,871.3183649058633,1.3052443449476248,30.855506896972656,0.8035345673561096,0,1,0,0,0,0.010360730586170222,-0.9674885344278809,-0.9968775615455573,0,0,0,0,29,False,False,
41,4,1470.1726868196288,871.3183649058633,1.3052443449476248,30.855506896972656,0.8035345673561096,0,1,0,0,0,0.010360730586170222,-0.9674885344278809,-0.9968775615455573,0,0,0,0,29,False,False,
41,5,1470.1726868196288,871.3183649058633,1.3052443449476248,30.855506896972656,0.8035345673561096,0,1,0,0,0,0.010360730586170222,-0.9674885344278809,-0.9968775615455573,0,0,0,0,29,False,False,
41,6,1470.1726866884305,871.3183649202757,1.3052443418240196,30.855506896972656,0.8035345673561096,0,1,0,0,0,0.010360730780645453,-0.9674885344278809,-0.9968775615455573,0,0,0,0,29,False,False,
41,7,1470.1726866884305,871.3183649202757,1.3052443418240196,30.855506896972656,0.8035345673561096,0,1,0,0,0,0.010360730780645453,-0.9674885344278809,-0.9968775615455573,0,0,0,0,29,False,False,
42,0,1468.8482678640003,871.3706077076175,1.3254489354038292,32.180999755859375,0.8254657983779907,0,1,0,0,0,0.011795053732366669,-0.9710226416988658,-0.9998383386998358,0,0,0,0,30,False,False,
42,1,1468.8482678640003,871.3706077076175,1.3254489354038292,32.180999755859375,0.8254657983779907,0,1,0,0,0,0.011795053732366669,-0.9710226416988658,-0.9998383386998358,0,0,0,0,30,False,False,
42,2,1468.8482678640003,871.3706077076175,1.3254489354038292,32.180999755859375,0.8254657983779907,0,1,0,0,0,0.011795053732366669,-0.9710226416988658,-0.9998383386998358,0,0,0,0,30,False,False,
42,3,1468.8482678640003,871.3706077076175,1.3254489354038292,32.180999755859375,0.8254657983779907,0,1,0,0,0,0.011795053732366669,-0.9710226416988658,-0.9998383386998358,0,0,0,0,30,False,False,
42,4,1468.8482678640003,871.3706077076175,1.3254489354038292,32.180999755859375,0.8254657983779907,0,1,0,0,0,0.011795053732366669,-0.9710226416988658,-0.9998383386998358,0,0,0,0,30,False,False,
42,5,1468.8482678640003,871.3706077076175,1.3254489354038292,32.180999755859375,0.8254657983779907,0,1,0,0,0,0.011795053732366669,-0.9710226416988658,-0.9998383386998358,0,0,0,0,30,False,False,
42,6,1468.8482677404925,871.3706077210809,1.3254489276819217,32.180999755859375,0.8254657983779907,0,1,0,0,0,0.011795054042298778,-0.9710226416988658,-0.9998383386998358,0,0,0,0,30,False,False,
42,7,1468.8482677404925,871.3706077210809,1.3254489276819217,32.180999755859375,0.8254657983779907,0,1,0,0,0,0.011795054042298778,-0.9710226416988658,-0.9998383386998358,0,0,0,0,30,False,False,
43,0,1467.5040919762196,871.4233083072854,1.3452085973915942,33.526145935058594,0.8474144339561462,0,1,0,0,0,0.013636467865975988,-0.9746089804879866,-0.9971121915968649,0,0,0,0,31,False,False,
43,1,1467.5040919762196,871.4233083072854,1.3452085973915942,33.526145935058594,0.8474144339561462,0,1,0,0,0,0.013636467865975988,-0.9746089804879866,-0.9971121915968649,0,0,0,0,31,False,False,
43,2,1467.5040919762196,871.4233083072854,1.3452085973915942,33.526145935058594,0.8474144339561462,0,1,0,0,0,0.013636467865975988,-0.9746089804879866,-0.9971121915968649,0,0,0,0,31,False,False,
43,3,1467.5040919762196,871.4233083072854,1.3452085973915942,33.526145935058594,0.8474144339561462,0,1,0,0,0,0.013636467865975988,-0.9746089804879866,-0.9971121915968649,0,0,0,0,31,False,False,
43,4,1467.5040919762196,871.4233083072854,1.3452085973915942,33.526145935058594,0.8474144339561462,0,1,0,0,0,0.013636467865975988,-0.9746089804879866,-0.9971121915968649,0,0,0,0,31,False,False,
43,5,1467.5040919762196,871.4233083072854,1.3452085973915942,33.526145935058594,0.8474144339561462,0,1,0,0,0,0.013636467865975988,-0.9746089804879866,-0.9971121915968649,0,0,0,0,31,False,False,
43,6,1467.5040918555776,871.423308320085,1.345208594501995,33.526145935058594,0.8474144339561462,0,1,0,0,0,0.013636468126737593,-0.9746089804879866,-0.9971121915968649,0,0,0,0,31,False,False,
43,7,1467.5040918555776,871.423308320085,1.345208594501995,33.526145935058594,0.8474144339561462,0,1,0,0,0,0.013636468126737593,-0.9746089804879866,-0.9971121915968649,0,0,0,0,31,False,False,
44,0,1466.140634453331,871.4764464500871,1.3644926086067266,34.890708923339844,0.8693621754646301,0,1,0,0,0,0.016089033485978475,-0.978246816424781,-0.9939816100994651,0,0,0,0,32,False,False,
44,1,1466.140634453331,871.4764464500871,1.3644926086067266,34.890708923339844,0.8693621754646301,0,1,0,0,0,0.016089033485978475,-0.978246816424781,-0.9939816100994651,0,0,0,0,32,False,False,
44,2,1466.140634453331,871.4764464500871,1.3644926086067266,34.890708923339844,0.8693621754646301,0,1,0,0,0,0.016089033485978475,-0.978246816424781,-0.9939816100994651,0,0,0,0,32,False,False,
44,3,1466.140634453331,871.4764464500871,1.3644926086067266,34.890708923339844,0.8693621754646301,0,1,0,0,0,0.016089033485978475,-0.978246816424781,-0.9939816100994651,0,0,0,0,32,False,False,
44,4,1466.140634453331,871.4764464500871,1.3644926086067266,34.890708923339844,0.8693621754646301,0,1,0,0,0,0.016089033485978475,-0.978246816424781,-0.9939816100994651,0,0,0,0,32,False,False,
44,5,1466.140634453331,871.4764464500871,1.3644926086067266,34.890708923339844,0.8693621754646301,0,1,0,0,0,0.016089033485978475,-0.978246816424781,-0.9939816100994651,0,0,0,0,32,False,False,
44,6,1466.140634330833,871.4764464624631,1.3644926104446484,34.890708923339844,0.8693621754646301,0,1,0,0,0,0.016089033717214027,-0.978246816424781,-0.9939816100994651,0,0,0,0,32,False,False,
44,7,1466.140634330833,871.4764464624631,1.3644926104446484,34.890708923339844,0.8693621754646301,0,1,0,0,0,0.016089033717214027,-0.978246816424781,-0.9939816100994651,0,0,0,0,32,False,False,
45,0,1464.7583228130825,871.5300014254881,1.3833486929029246,36.274070739746094,0.8912863731384277,0,1,0,0,0,0.019546975246807582,-0.9819343415953393,-0.9907779625350596,0,0,0,0,33,False,False,
45,1,1464.7583228130825,871.5300014254881,1.3833486929029246,36.274070739746094,0.8912863731384277,0,1,0,0,0,0.019546975246807582,-0.9819343415953393,-0.9907779625350596,0,0,0,0,33,False,False,
45,2,1464.7583228130825,871.5300014254881,1.3833486929029246,36.274070739746094,0.8912863731384277,0,1,0,0,0,0.019546975246807582,-0.9819343415953393,-0.9907779625350596,0,0,0,0,33,False,False,
45,3,1464.7583228130825,871.5300014254881,1.3833486929029246,36.274070739746094,0.8912863731384277,0,1,0,0,0,0.019546975246807582,-0.9819343415953393,-0.9907779625350596,0,0,0,0,33,False,False,
45,4,1464.7583228130825,871.5300014254881,1.3833486929029246,36.274070739746094,0.8912863731384277,0,1,0,0,0,0.019546975246807582,-0.9819343415953393,-0.9907779625350596,0,0,0,0,33,False,False,
45,5,1464.7583228130825,871.5300014254881,1.3833486929029246,36.274070739746094,0.8912863731384277,0,1,0,0,0,0.019546975246807582,-0.9819343415953393,-0.9907779625350596,0,0,0,0,33,False,False,
45,6,1464.758322688775,871.5300014375917,1.3833486947007123,36.274070739746094,0.8912863731384277,0,1,0,0,0,0.0195469754042468,-0.9819343415953393,-0.9907779625350596,0,0,0,0,33,False,False,
45,7,1464.758322688775,871.5300014375917,1.3833486947007123,36.274070739746094,0.8912863731384277,0,1,0,0,0,0.0195469754042468,-0.9819343415953393,-0.9907779625350596,0,0,0,0,33,False,False,
46,0,1463.3575954973467,871.5839509759301,1.4017658745458124,37.675865173339844,0.9131386876106262,0,1,0,0,0,0.02483447360906723,-0.985670196549238,-0.9874793427289836,0,0,0,0,34,False,False,
46,1,1463.3575954973467,871.5839509759301,1.4017658745458124,37.675865173339844,0.9131386876106262,0,1,0,0,0,0.02483447360906723,-0.985670196549238,-0.9874793427289836,0,0,0,0,34,False,False,
46,2,1463.3575954973467,871.5839509759301,1.4017658745458124,37.675865173339844,0.9131386876106262,0,1,0,0,0,0.02483447360906723,-0.985670196549238,-0.9874793427289836,0,0,0,0,34,False,False,
46,3,1463.3575954973467,871.5839509759301,1.4017658745458124,37.675865173339844,0.9131386876106262,0,1,0,0,0,0.02483447360906723,-0.985670196549238,-0.9874793427289836,0,0,0,0,34,False,False,
46,4,1463.3575954973467,871.5839509759301,1.4017658745458124,37.675865173339844,0.9131386876106262,0,1,0,0,0,0.02483447360906723,-0.985670196549238,-0.9874793427289836,0,0,0,0,34,False,False,
46,5,1463.3575954973467,871.5839509759301,1.4017658745458124,37.675865173339844,0.9131386876106262,0,1,0,0,0,0.02483447360906723,-0.985670196549238,-0.9874793427289836,0,0,0,0,34,False,False,
46,6,1463.3575953712668,871.583950987704,1.401765876304178,37.675865173339844,0.9131386876106262,0,1,0,0,0,0.024834473789679932,-0.985670196549238,-0.9874793427289836,0,0,0,0,34,False,False,
46,7,1463.3575953712668,871.583950987704,1.401765876304178,37.675865173339844,0.9131386876106262,0,1,0,0,0,0.024834473789679932,-0.985670196549238,-0.9874793427289836,0,0,0,0,34,False,False,
47,0,1461.938871201293,871.6382729662014,1.419763891229808,39.09560775756836,0.9348235726356506,0,1,0,0,0,0.033941698933538884,-0.9894522126706221,-0.9841076655657555,0,0,0,0,35,False,False,
47,1,1461.938871201293,871.6382729662014,1.419763891229808,39.09560775756836,0.9348235726356506,0,1,0,0,0,0.033941698933538884,-0.9894522126706221,-0.9841076655657555,0,0,0,0,35,False,False,
47,2,1461.938871201293,871.6382729662014,1.419763891229808,39.09560775756836,0.9348235726356506,0,1,0,0,0,0.033941698933538884,-0.9894522126706221,-0.9841076655657555,0,0,0,0,35,False,False,
47,3,1461.938871201293,871.6382729662014,1.419763891229808,39.09560775756836,0.9348235726356506,0,1,0,0,0,0.033941698933538884,-0.9894522126706221,-0.9841076655657555,0,0,0,0,35,False,False,
47,4,1461.938871201293,871.6382729662014,1.419763891229808,39.09560775756836,0.9348235726356506,0,1,0,0,0,0.033941698933538884,-0.9894522126706221,-0.9841076655657555,0,0,0,0,35,False,False,
47,5,1461.938871201293,871.6382729662014,1.419763891229808,39.09560775756836,0.9348235726356506,0,1,0,0,0,0.033941698933538884,-0.9894522126706221,-0.9841076655657555,0,0,0,0,35,False,False,
47,6,1461.9388710688156,871.6382729777206,1.419763897612844,39.09560775756836,0.9348235726356506,0,1,0,0,0,0.03394169915743059,-0.9894522126706221,-0.9841076655657555,0,0,0,0,35,False,False,
47,7,1461.9388710688156,871.6382729777206,1.419763897612844,39.09560775756836,0.9348235726356506,0,1,0,0,0,0.03394169915743059,-0.9894522126706221,-0.9841076655657555,0,0,0,0,35,False,False,
48,0,1460.5025575208904,871.6929448881266,1.4373538212837251,40.532928466796875,0.9560819268226624,0,1,0,0,0,0.05350494224059743,-0.9932764482234487,-0.9806620814996725,0,0,0,0,36,False,False,
48,1,1460.5025575208904,871.6929448881266,1.4373538212837251,40.532928466796875,0.9560819268226624,0,1,0,0,0,0.05350494224059743,-0.9932764482234487,-0.9806620814996725,0,0,0,0,36,False,False,
48,2,1460.5025575208904,871.6929448881266,1.4373538212837251,40.532928466796875,0.9560819268226624,0,1,0,0,0,0.05350494224059743,-0.9932764482234487,-0.9806620814996725,0,0,0,0,36,False,False,
48,3,1460.5025575208904,871.6929448881266,1.4373538212837251,40.532928466796875,0.9560819268226624,0,1,0,0,0,0.05350494224059743,-0.9932764482234487,-0.9806620814996725,0,0,0,0,36,False,False,
48,4,1460.5025575208904,871.6929448881266,1.4373538212837251,40.532928466796875,0.9560819268226624,0,1,0,0,0,0.05350494224059743,-0.9932764482234487,-0.9806620814996725,0,0,0,0,36,False,False,
48,5,1460.5025575208904,871.6929448881266,1.4373538212837251,40.532928466796875,0.9560819268226624,0,1,0,0,0,0.05350494224059743,-0.9932764482234487,-0.9806620814996725,0,0,0,0,36,False,False,
48,6,1460.5025573868197,871.6929448992992,1.4373538228626979,40.532928466796875,0.9560819268226624,0,1,0,0,0,0.05350494242088644,-0.9932764482234487,-0.9806620814996725,0,0,0,0,36,False,False,
48,7,1460.5025573868197,871.6929448992992,1.4373538228626979,40.532928466796875,0.9560819268226624,0,1,0,0,0,0.05350494242088644,-0.9932764482234487,-0.9806620814996725,0,0,0,0,36,False,False,
49,0,1459.0490464072866,871.7479431463086,1.4545512592455774,41.98746109008789,0.9756057262420654,0,1,0,0,0,0.12604641921018167,-0.9971228476762584,-0.977128828962334,0,0,0,0,37,False,False,
49,1,1459.0490464072866,871.7479431463086,1.4545512592455774,41.98746109008789,0.9756057262420654,0,1,0,0,0,0.12604641921018167,-0.9971228476762584,-0.977128828962334,0,0,0,0,37,False,False,
49,2,1459.0490464072866,871.7479431463086,1.4545512592455774,41.98746109008789,0.9756057262420654,0,1,0,0,0,0.12604641921018167,-0.9971228476762584,-0.977128828962334,0,0,0,0,37,False,False,
49,3,1459.0490464072866,871.7479431463086,1.4545512592455774,41.98746109008789,0.9756057262420654,0,1,0,0,0,0.12604641921018167,-0.9971228476762584,-0.977128828962334,0,0,0,0,37,False,False,
49,4,1459.0490464072866,871.7479431463086,1.4545512592455774,41.98746109008789,0.9756057262420654,0,1,0,0,0,0.12604641921018167,-0.9971228476762584,-0.977128828962334,0,0,0,0,37,False,False,
49,5,1459.0490464072866,871.7479431463086,1.4545512592455774,41.98746109008789,0.9756057262420654,0,1,0,0,0,0.12604641921018167,-0.9971228476762584,-0.977128828962334,0,0,0,0,37,False,False,
49,6,1459.0490462809762,871.747943156784,1.454551251464389,41.98746109008789,0.9756057262420654,0,1,0,0,0,0.12604641938664732,-0.9971228476762584,-0.977128828962334,0,0,0,0,37,False,False,
49,7,1459.0490462809762,871.747943156784,1.454551251464389,41.98746109008789,0.9756057262420654,0,1,0,0,0,0.12604641938664732,-0.9971228476762584,-0.977128828962334,0,0,0,0,37,False,False,
50,0,1457.578593885984,871.8032477668401,1.4714921741066815,43.45895767211914,4.1980133056640625,0,2,1,1,1,-0.011105890255661659,-0.9077716459073554,-0.9756868560032648,0,0,0,0,38,False,False,
50,1,1457.578593885984,871.8032477668401,1.4714921741066815,43.45895767211914,4.1980133056640625,0,2,1,1,1,-0.011105890255661659,-0.9077716459073554,-0.9756868560032648,0,0,0,0,38,False,False,
50,2,1457.578593885984,871.8032477668401,1.4714921741066815,43.45895767211914,4.1980133056640625,0,2,1,1,1,-0.011105890255661659,-0.9077716459073554,-0.9756868560032648,0,0,0,0,38,False,False,
50,3,1457.578593885984,871.8032477668401,1.4714921741066815,43.45895767211914,4.1980133056640625,0,2,1,1,1,-0.011105890255661659,-0.9077716459073554,-0.9756868560032648,0,0,0,0,38,False,False,
50,4,1457.578593885984,871.8032477668401,1.4714921741066815,43.45895767211914,4.1980133056640625,0,2,1,1,1,-0.011105890255661659,-0.9077716459073554,-0.9756868560032648,0,0,0,0,38,False,False,
50,5,1457.578593885984,871.8032477668401,1.4714921741066815,43.45895767211914,4.1980133056640625,0,2,1,1,1,-0.011105890255661659,-0.9077716459073554,-0.9756868560032648,0,0,0,0,38,False,False,
50,6,1457.5785937579385,871.8032477768529,1.4714921758231334,43.45895767211914,4.1980133056640625,0,2,1,1,1,-0.011105890027439436,-0.9077716459073554,-0.9756868560032648,0,0,0,0,38,False,False,
50,7,1457.5785937579385,871.8032477768529,1.4714921758231334,43.45895767211914,4.1980133056640625,0,2,1,1,1,-0.011105890027439436,-0.9077716459073554,-0.9756868560032648,0,0,0,0,38,False,False,
51,0,1456.0914042713575,871.8588337916121,1.4882280591370216,44.94717788696289,4.22046422958374,0,2,0,1,1,-0.011450082382025547,-0.9117396220609456,-0.9798073402578222,0,0,0,0,39,False,False,
51,1,1456.0914042713575,871.8588337916121,1.4882280591370216,44.94717788696289,4.22046422958374,0,2,0,1,1,-0.011450082382025547,-0.9117396220609456,-0.9798073402578222,0,0,0,0,39,False,False,
51,2,1456.0914042713575,871.8588337916121,1.4882280591370216,44.94717788696289,4.22046422958374,0,2,0,1,1,-0.011450082382025547,-0.9117396220609456,-0.9798073402578222,0,0,0,0,39,False,False,
51,3,1456.0914042713575,871.8588337916121,1.4882280591370216,44.94717788696289,4.22046422958374,0,2,0,1,1,-0.011450082382025547,-0.9117396220609456,-0.9798073402578222,0,0,0,0,39,False,False,
51,4,1456.0914042713575,871.8588337916121,1.4882280591370216,44.94717788696289,4.22046422958374,0,2,0,1,1,-0.011450082382025547,-0.9117396220609456,-0.9798073402578222,0,0,0,0,39,False,False,
51,5,1456.0914042713575,871.8588337916121,1.4882280591370216,44.94717788696289,4.22046422958374,0,2,0,1,1,-0.011450082382025547,-0.9117396220609456,-0.9798073402578222,0,0,0,0,39,False,False,
51,6,1456.0914041322828,871.8588338010904,1.488228070138629,44.94717788696289,4.22046422958374,0,2,0,1,1,-0.011450081977295667,-0.9117396220609456,-0.9798073402578222,0,0,0,0,39,False,False,
51,7,1456.0914041322828,871.8588338010904,1.488228070138629,44.94717788696289,4.22046422958374,0,2,0,1,1,-0.011450081977295667,-0.9117396220609456,-0.9798073402578222,0,0,0,0,39,False,False,
52,0,1454.5878532026138,871.9146729782336,1.5045875950182908,46.45175552368164,4.242958068847656,0,2,0,1,1,-0.011836768569057514,-0.9157511646710965,-0.9839278262990163,0,0,0,0,40,False,False,
52,1,1454.5878532026138,871.9146729782336,1.5045875950182908,46.45175552368164,4.242958068847656,0,2,0,1,1,-0.011836768569057514,-0.9157511646710965,-0.9839278262990163,0,0,0,0,40,False,False,
52,2,1454.5878532026138,871.9146729782336,1.5045875950182908,46.45175552368164,4.242958068847656,0,2,0,1,1,-0.011836768569057514,-0.9157511646710965,-0.9839278262990163,0,0,0,0,40,False,False,
52,3,1454.5878532026138,871.9146729782336,1.5045875950182908,46.45175552368164,4.242958068847656,0,2,0,1,1,-0.011836768569057514,-0.9157511646710965,-0.9839278262990163,0,0,0,0,40,False,False,
52,4,1454.5878532026138,871.9146729782336,1.5045875950182908,46.45175552368164,4.242958068847656,0,2,0,1,1,-0.011836768569057514,-0.9157511646710965,-0.9839278262990163,0,0,0,0,40,False,False,
52,5,1454.5878532026138,871.9146729782336,1.5045875950182908,46.45175552368164,4.242958068847656,0,2,0,1,1,-0.011836768569057514,-0.9157511646710965,-0.9839278262990163,0,0,0,0,40,False,False,
52,6,1454.5878530620596,871.9146729864572,1.5045875964502862,46.45175552368164,4.242958068847656,0,2,0,1,1,-0.011836768015305981,-0.9157511646710965,-0.9839278262990163,0,0,0,0,40,False,False,
52,7,1454.5878530620596,871.9146729864572,1.5045875964502862,46.45175552368164,4.242958068847656,0,2,0,1,1,-0.011836768015305981,-0.9157511646710965,-0.9839278262990163,0,0,0,0,40,False,False,
53,0,1453.0683041050065,871.9707404360332,1.5205831183671819,47.972320556640625,4.265491008758545,0,2,0,1,1,-0.012274939248244562,-0.9198052891263238,-0.9880483114468921,0,0,0,0,41,False,False,
53,1,1453.0683041050065,871.9707404360332,1.5205831183671819,47.972320556640625,4.265491008758545,0,2,0,1,1,-0.012274939248244562,-0.9198052891263238,-0.9880483114468921,0,0,0,0,41,False,False,
53,2,1453.0683041050065,871.9707404360332,1.5205831183671819,47.972320556640625,4.265491008758545,0,2,0,1,1,-0.012274939248244562,-0.9198052891263238,-0.9880483114468921,0,0,0,0,41,False,False,
53,3,1453.0683041050065,871.9707404360332,1.5205831183671819,47.972320556640625,4.265491008758545,0,2,0,1,1,-0.012274939248244562,-0.9198052891263238,-0.9880483114468921,0,0,0,0,41,False,False,
53,4,1453.0683041050065,871.9707404360332,1.5205831183671819,47.972320556640625,4.265491008758545,0,2,0,1,1,-0.012274939248244562,-0.9198052891263238,-0.9880483114468921,0,0,0,0,41,False,False,
53,5,1453.0683041050065,871.9707404360332,1.5205831183671819,47.972320556640625,4.265491008758545,0,2,0,1,1,-0.012274939248244562,-0.9198052891263238,-0.9880483114468921,0,0,0,0,41,False,False,
53,6,1453.0683039676508,871.9707404424976,1.5205831151059326,47.972320556640625,4.265491008758545,0,2,0,1,1,-0.012274938561625643,-0.9198052891263238,-0.9880483114468921,0,0,0,0,41,False,False,
53,7,1453.0683039676508,871.9707404424976,1.5205831151059326,47.972320556640625,4.265491008758545,0,2,0,1,1,-0.012274938561625643,-0.9198052891263238,-0.9880483114468921,0,0,0,0,41,False,False,
54,0,1451.5331131172961,872.0270135129945,1.5362219982600134,49.508628845214844,4.288060665130615,0,2,0,1,1,-0.012773547127419722,-0.9239013315586247,-0.9921687965947679,0,0,0,0,42,False,False,
54,1,1451.5331131172961,872.0270135129945,1.5362219982600134,49.508628845214844,4.288060665130615,0,2,0,1,1,-0.012773547127419722,-0.9239013315586247,-0.9921687965947679,0,0,0,0,42,False,False,
54,2,1451.5331131172961,872.0270135129945,1.5362219982600134,49.508628845214844,4.288060665130615,0,2,0,1,1,-0.012773547127419722,-0.9239013315586247,-0.9921687965947679,0,0,0,0,42,False,False,
54,3,1451.5331131172961,872.0270135129945,1.5362219982600134,49.508628845214844,4.288060665130615,0,2,0,1,1,-0.012773547127419722,-0.9239013315586247,-0.9921687965947679,0,0,0,0,42,False,False,
54,4,1451.5331131172961,872.0270135129945,1.5362219982600134,49.508628845214844,4.288060665130615,0,2,0,1,1,-0.012773547127419722,-0.9239013315586247,-0.9921687965947679,0,0,0,0,42,False,False,
54,5,1451.5331131172961,872.0270135129945,1.5362219982600134,49.508628845214844,4.288060665130615,0,2,0,1,1,-0.012773547127419722,-0.9239013315586247,-0.9921687965947679,0,0,0,0,42,False,False,
54,6,1451.5331129830602,872.0270135175521,1.5362219950724527,49.508628845214844,4.288060665130615,0,2,0,1,1,-0.012773546385176044,-0.9239013315586247,-0.9921687965947679,0,0,0,0,42,False,False,
54,7,1451.5331129830602,872.0270135175521,1.5362219950724527,49.508628845214844,4.288060665130615,0,2,0,1,1,-0.012773546385176044,-0.9239013315586247,-0.9921687965947679,0,0,0,0,42,False,False,
55,0,1449.9826244916812,872.0834715737452,1.5515161909515394,51.0600700378418,4.310664176940918,0,2,0,1,1,-0.013344977071137501,-0.9280376522739998,-0.9962819627858176,0,0,0,0,43,False,False,
55,1,1449.9826244916812,872.0834715737452,1.5515161909515394,51.0600700378418,4.310664176940918,0,2,0,1,1,-0.013344977071137501,-0.9280376522739998,-0.9962819627858176,0,0,0,0,43,False,False,
55,2,1449.9826244916812,872.0834715737452,1.5515161909515394,51.0600700378418,4.310664176940918,0,2,0,1,1,-0.013344977071137501,-0.9280376522739998,-0.9962819627858176,0,0,0,0,43,False,False,
55,3,1449.9826244916812,872.0834715737452,1.5515161909515394,51.0600700378418,4.310664176940918,0,2,0,1,1,-0.013344977071137501,-0.9280376522739998,-0.9962819627858176,0,0,0,0,43,False,False,
55,4,1449.9826244916812,872.0834715737452,1.5515161909515394,51.0600700378418,4.310664176940918,0,2,0,1,1,-0.013344977071137501,-0.9280376522739998,-0.9962819627858176,0,0,0,0,43,False,False,
55,5,1449.9826244916812,872.0834715737452,1.5515161909515394,51.0600700378418,4.310664176940918,0,2,0,1,1,-0.013344977071137501,-0.9280376522739998,-0.9962819627858176,0,0,0,0,43,False,False,
55,6,1449.9826243651464,872.0834715761162,1.551516183175977,51.0600700378418,4.310664176940918,0,2,0,1,1,-0.013344976289504491,-0.9280376522739998,-0.9962819627858176,0,0,0,0,43,False,False,
55,7,1449.9826243651464,872.0834715761162,1.551516183175977,51.0600700378418,4.310664176940918,0,2,0,1,1,-0.013344976289504491,-0.9280376522739998,-0.9962819627858176,0,0,0,0,43,False,False,
56,0,1448.4171750488927,872.140095424359,1.5664731783167334,52.626644134521484,4.333298206329346,0,2,0,1,1,-0.014002746816148222,-0.9322142332759327,-0.9996194606975967,0,0,0,0,44,False,False,
56,1,1448.4171750488927,872.140095424359,1.5664731783167334,52.626644134521484,4.333298206329346,0,2,0,1,1,-0.014002746816148222,-0.9322142332759327,-0.9996194606975967,0,0,0,0,44,False,False,
56,2,1448.4171750488927,872.140095424359,1.5664731783167334,52.626644134521484,4.333298206329346,0,2,0,1,1,-0.014002746816148222,-0.9322142332759327,-0.9996194606975967,0,0,0,0,44,False,False,
56,3,1448.4171750488927,872.140095424359,1.5664731783167334,52.626644134521484,4.333298206329346,0,2,0,1,1,-0.014002746816148222,-0.9322142332759327,-0.9996194606975967,0,0,0,0,44,False,False,
56,4,1448.4171750488927,872.140095424359,1.5664731783167334,52.626644134521484,4.333298206329346,0,2,0,1,1,-0.014002746816148222,-0.9322142332759327,-0.9996194606975967,0,0,0,0,44,False,False,
56,5,1448.4171750488927,872.140095424359,1.5664731783167334,52.626644134521484,4.333298206329346,0,2,0,1,1,-0.014002746816148222,-0.9322142332759327,-0.9996194606975967,0,0,0,0,44,False,False,
56,6,1448.4171749345335,872.1400954242147,1.5664731660581155,52.626644134521484,4.333298206329346,0,2,0,1,1,-0.014002745973495696,-0.9322142332759327,-0.9996194606975967,0,0,0,0,44,False,False,
56,7,1448.4171749345335,872.1400954242147,1.5664731660581155,52.626644134521484,4.333298206329346,0,2,0,1,1,-0.014002745973495696,-0.9322142332759327,-0.9996194606975967,0,0,0,0,44,False,False,
57,0,1446.8370976808865,872.1968668257939,1.5810969233118093,54.207618713378906,4.355958938598633,0,2,0,1,1,-0.014767488806634156,-0.9364291041759621,-0.9955209623463621,0,0,0,0,45,False,False,
57,1,1446.8370976808865,872.1968668257939,1.5810969233118093,54.207618713378906,4.355958938598633,0,2,0,1,1,-0.014767488806634156,-0.9364291041759621,-0.9955209623463621,0,0,0,0,45,False,False,
57,2,1446.8370976808865,872.1968668257939,1.5810969233118093,54.207618713378906,4.355958938598633,0,2,0,1,1,-0.014767488806634156,-0.9364291041759621,-0.9955209623463621,0,0,0,0,45,False,False,
57,3,1446.8370976808865,872.1968668257939,1.5810969233118093,54.207618713378906,4.355958938598633,0,2,0,1,1,-0.014767488806634156,-0.9364291041759621,-0.9955209623463621,0,0,0,0,45,False,False,
57,4,1446.8370976808865,872.1968668257939,1.5810969233118093,54.207618713378906,4.355958938598633,0,2,0,1,1,-0.014767488806634156,-0.9364291041759621,-0.9955209623463621,0,0,0,0,45,False,False,
57,5,1446.8370976808865,872.1968668257939,1.5810969233118093,54.207618713378906,4.355958938598633,0,2,0,1,1,-0.014767488806634156,-0.9364291041759621,-0.9955209623463621,0,0,0,0,45,False,False,
57,6,1446.837097573754,872.1968668229348,1.5810969159924748,54.207618713378906,4.355958938598633,0,2,0,1,1,-0.014767487818708168,-0.9364291041759621,-0.9955209623463621,0,0,0,0,45,False,False,
57,7,1446.837097573754,872.1968668229348,1.5810969159924748,54.207618713378906,4.355958938598633,0,2,0,1,1,-0.014767487818708168,-0.9364291041759621,-0.9955209623463621,0,0,0,0,45,False,False,
58,0,1445.2427450169348,872.253767413454,1.5953676986593797,55.80299377441406,4.3786420822143555,0,2,0,1,1,-0.015663827599121938,-0.9406822385380406,-0.9914224300490322,0,0,0,0,46,False,False,
58,1,1445.2427450169348,872.253767413454,1.5953676986593797,55.80299377441406,4.3786420822143555,0,2,0,1,1,-0.015663827599121938,-0.9406822385380406,-0.9914224300490322,0,0,0,0,46,False,False,
58,2,1445.2427450169348,872.253767413454,1.5953676986593797,55.80299377441406,4.3786420822143555,0,2,0,1,1,-0.015663827599121938,-0.9406822385380406,-0.9914224300490322,0,0,0,0,46,False,False,
58,3,1445.2427450169348,872.253767413454,1.5953676986593797,55.80299377441406,4.3786420822143555,0,2,0,1,1,-0.015663827599121938,-0.9406822385380406,-0.9914224300490322,0,0,0,0,46,False,False,
58,4,1445.2427450169348,872.253767413454,1.5953676986593797,55.80299377441406,4.3786420822143555,0,2,0,1,1,-0.015663827599121938,-0.9406822385380406,-0.9914224300490322,0,0,0,0,46,False,False,
58,5,1445.2427450169348,872.253767413454,1.5953676986593797,55.80299377441406,4.3786420822143555,0,2,0,1,1,-0.015663827599121938,-0.9406822385380406,-0.9914224300490322,0,0,0,0,46,False,False,
58,6,1445.2427449215143,872.2537674076098,1.5953676868483462,55.80299377441406,4.3786420822143555,0,2,0,1,1,-0.01566382657536754,-0.9406822385380406,-0.9914224300490322,0,0,0,0,46,False,False,
58,7,1445.2427449215143,872.2537674076098,1.5953676868483462,55.80299377441406,4.3786420822143555,0,2,0,1,1,-0.01566382657536754,-0.9406822385380406,-0.9914224300490322,0,0,0,0,46,False,False,
59,0,1443.6344677061152,872.3107799004606,1.6092875231517605,57.41228103637695,4.401341915130615,0,2,0,1,1,-0.016721006933535894,-0.9449722961455377,-0.9873458497089297,0,0,0,0,47,False,False,
59,1,1443.6344677061152,872.3107799004606,1.6092875231517605,57.41228103637695,4.401341915130615,0,2,0,1,1,-0.016721006933535894,-0.9449722961455377,-0.9873458497089297,0,0,0,0,47,False,False,
59,2,1443.6344677061152,872.3107799004606,1.6092875231517605,57.41228103637695,4.401341915130615,0,2,0,1,1,-0.016721006933535894,-0.9449722961455377,-0.9873458497089297,0,0,0,0,47,False,False,
59,3,1443.6344677061152,872.3107799004606,1.6092875231517605,57.41228103637695,4.401341915130615,0,2,0,1,1,-0.016721006933535894,-0.9449722961455377,-0.9873458497089297,0,0,0,0,47,False,False,
59,4,1443.6344677061152,872.3107799004606,1.6092875231517605,57.41228103637695,4.401341915130615,0,2,0,1,1,-0.016721006933535894,-0.9449722961455377,-0.9873458497089297,0,0,0,0,47,False,False,
59,5,1443.6344677061152,872.3107799004606,1.6092875231517605,57.41228103637695,4.401341915130615,0,2,0,1,1,-0.016721006933535894,-0.9449722961455377,-0.9873458497089297,0,0,0,0,47,False,False,
59,6,1443.6344676221283,872.31077989142,1.6092875116118834,57.41228103637695,4.401341915130615,0,2,0,1,1,-0.016721005830160292,-0.9449722961455377,-0.9873458497089297,0,0,0,0,47,False,False,
59,7,1443.6344676221283,872.31077989142,1.6092875116118834,57.41228103637695,4.401341915130615,0,2,0,1,1,-0.016721005830160292,-0.9449722961455377,-0.9873458497089297,0,0,0,0,47,False,False,
60,0,1442.012621748834,872.3678880689558,1.6228510874564055,59.03523254394531,4.424052715301514,0,2,0,1,1,-0.01798273019165985,-0.9492985801600792,-0.9832765847523802,0,0,0,0,48,False,False,
60,1,1442.012621748834,872.3678880689558,1.6228510874564055,59.03523254394531,4.424052715301514,0,2,0,1,1,-0.01798273019165985,-0.9492985801600792,-0.9832765847523802,0,0,0,0,48,False,False,
60,2,1442.012621748834,872.3678880689558,1.6228510874564055,59.03523254394531,4.424052715301514,0,2,0,1,1,-0.01798273019165985,-0.9492985801600792,-0.9832765847523802,0,0,0,0,48,False,False,
60,3,1442.012621748834,872.3678880689558,1.6228510874564055,59.03523254394531,4.424052715301514,0,2,0,1,1,-0.01798273019165985,-0.9492985801600792,-0.9832765847523802,0,0,0,0,48,False,False,
60,4,1442.012621748834,872.3678880689558,1.6228510874564055,59.03523254394531,4.424052715301514,0,2,0,1,1,-0.01798273019165985,-0.9492985801600792,-0.9832765847523802,0,0,0,0,48,False,False,
60,5,1442.012621748834,872.3678880689558,1.6228510874564055,59.03523254394531,4.424052715301514,0,2,0,1,1,-0.01798273019165985,-0.9492985801600792,-0.9832765847523802,0,0,0,0,48,False,False,
60,6,1442.012621671363,872.3678880569651,1.6228510808408152,59.03523254394531,4.424052715301514,0,2,0,1,1,-0.017982729125030992,-0.9492985801600792,-0.9832765847523802,0,0,0,0,48,False,False,
60,7,1442.012621671363,872.3678880569651,1.6228510808408152,59.03523254394531,4.424052715301514,0,2,0,1,1,-0.017982729125030992,-0.9492985801600792,-0.9832765847523802,0,0,0,0,48,False,False,
61,0,1440.3775557747879,872.4250770259362,1.6360658043866614,60.671241760253906,4.446765899658203,0,2,0,1,1,-0.01951189824163085,-0.9536593997019557,-0.9792219559228461,0,0,0,0,49,False,False,
61,1,1440.3775557747879,872.4250770259362,1.6360658043866614,60.671241760253906,4.446765899658203,0,2,0,1,1,-0.01951189824163085,-0.9536593997019557,-0.9792219559228461,0,0,0,0,49,False,False,
61,2,1440.3775557747879,872.4250770259362,1.6360658043866614,60.671241760253906,4.446765899658203,0,2,0,1,1,-0.01951189824163085,-0.9536593997019557,-0.9792219559228461,0,0,0,0,49,False,False,
61,3,1440.3775557747879,872.4250770259362,1.6360658043866614,60.671241760253906,4.446765899658203,0,2,0,1,1,-0.01951189824163085,-0.9536593997019557,-0.9792219559228461,0,0,0,0,49,False,False,
61,4,1440.3775557747879,872.4250770259362,1.6360658043866614,60.671241760253906,4.446765899658203,0,2,0,1,1,-0.01951189824163085,-0.9536593997019557,-0.9792219559228461,0,0,0,0,49,False,False,
61,5,1440.3775557747879,872.4250770259362,1.6360658043866614,60.671241760253906,4.446765899658203,0,2,0,1,1,-0.01951189824163085,-0.9536593997019557,-0.9792219559228461,0,0,0,0,49,False,False,
61,6,1440.377555703685,872.4250770111222,1.636065797923831,60.671241760253906,4.446765899658203,0,2,0,1,1,-0.01951189723037127,-0.9536593997019557,-0.9792219559228461,0,0,0,0,49,False,False,
61,7,1440.377555703685,872.4250770111222,1.636065797923831,60.671241760253906,4.446765899658203,0,2,0,1,1,-0.01951189723037127,-0.9536593997019557,-0.9792219559228461,0,0,0,0,49,False,False,
62,0,1438.729642549431,872.482344646146,1.6489079958053072,62.320186614990234,4.4694695472717285,0,2,0,1,1,-0.021400751789902805,-0.9580543356051464,-0.9751746433701832,0,0,0,0,50,False,False,
62,1,1438.729642549431,872.482344646146,1.6489079958053072,62.320186614990234,4.4694695472717285,0,2,0,1,1,-0.021400751789902805,-0.9580543356051464,-0.9751746433701832,0,0,0,0,50,False,False,
62,2,1438.729642549431,872.482344646146,1.6489079958053072,62.320186614990234,4.4694695472717285,0,2,0,1,1,-0.021400751789902805,-0.9580543356051464,-0.9751746433701832,0,0,0,0,50,False,False,
62,3,1438.729642549431,872.482344646146,1.6489079958053072,62.320186614990234,4.4694695472717285,0,2,0,1,1,-0.021400751789902805,-0.9580543356051464,-0.9751746433701832,0,0,0,0,50,False,False,
62,4,1438.729642549431,872.482344646146,1.6489079958053072,62.320186614990234,4.4694695472717285,0,2,0,1,1,-0.021400751789902805,-0.9580543356051464,-0.9751746433701832,0,0,0,0,50,False,False,
62,5,1438.729642549431,872.482344646146,1.6489079958053072,62.320186614990234,4.4694695472717285,0,2,0,1,1,-0.021400751789902805,-0.9580543356051464,-0.9751746433701832,0,0,0,0,50,False,False,
62,6,1438.7296424799074,872.4823446291209,1.6489079941500826,62.320186614990234,4.4694695472717285,0,2,0,1,1,-0.021400750957926422,-0.9580543356051464,-0.9751746433701832,0,0,0,0,50,False,False,
62,7,1438.7296424799074,872.4823446291209,1.6489079941500826,62.320186614990234,4.4694695472717285,0,2,0,1,1,-0.021400750957926422,-0.9580543356051464,-0.9751746433701832,0,0,0,0,50,False,False,
63,0,1437.0693693867504,872.5396844642522,1.6612630223592497,63.98145294189453,4.492153167724609,0,2,0,1,1,-0.02377294639884187,-0.9624816216737683,-0.971149283221407,0,0,0,0,51,False,False,
63,1,1437.0693693867504,872.5396844642522,1.6612630223592497,63.98145294189453,4.492153167724609,0,2,0,1,1,-0.02377294639884187,-0.9624816216737683,-0.971149283221407,0,0,0,0,51,False,False,
63,2,1437.0693693867504,872.5396844642522,1.6612630223592497,63.98145294189453,4.492153167724609,0,2,0,1,1,-0.02377294639884187,-0.9624816216737683,-0.971149283221407,0,0,0,0,51,False,False,
63,3,1437.0693693867504,872.5396844642522,1.6612630223592497,63.98145294189453,4.492153167724609,0,2,0,1,1,-0.02377294639884187,-0.9624816216737683,-0.971149283221407,0,0,0,0,51,False,False,
63,4,1437.0693693867504,872.5396844642522,1.6612630223592497,63.98145294189453,4.492153167724609,0,2,0,1,1,-0.02377294639884187,-0.9624816216737683,-0.971149283221407,0,0,0,0,51,False,False,
63,5,1437.0693693867504,872.5396844642522,1.6612630223592497,63.98145294189453,4.492153167724609,0,2,0,1,1,-0.02377294639884187,-0.9624816216737683,-0.971149283221407,0,0,0,0,51,False,False,
63,6,1437.0693693187732,872.5396844451623,1.6612630207424528,63.98145294189453,4.492153167724609,0,2,0,1,1,-0.023772945628465752,-0.9624816216737683,-0.971149283221407,0,0,0,0,51,False,False,
63,7,1437.0693693187732,872.5396844451623,1.6612630207424528,63.98145294189453,4.492153167724609,0,2,0,1,1,-0.023772945628465752,-0.9624816216737683,-0.971149283221407,0,0,0,0,51,False,False,
64,0,1435.397056042462,872.5970927520822,1.6732984291501851,65.65467834472656,4.514797210693359,0,2,0,1,1,-0.026832295299384946,-0.9669400665547847,-0.9671239212859941,0,0,0,0,52,False,False,
64,1,1435.397056042462,872.5970927520822,1.6732984291501851,65.65467834472656,4.514797210693359,0,2,0,1,1,-0.026832295299384946,-0.9669400665547847,-0.9671239212859941,0,0,0,0,52,False,False,
64,2,1435.397056042462,872.5970927520822,1.6732984291501851,65.65467834472656,4.514797210693359,0,2,0,1,1,-0.026832295299384946,-0.9669400665547847,-0.9671239212859941,0,0,0,0,52,False,False,
64,3,1435.397056042462,872.5970927520822,1.6732984291501851,65.65467834472656,4.514797210693359,0,2,0,1,1,-0.026832295299384946,-0.9669400665547847,-0.9671239212859941,0,0,0,0,52,False,False,
64,4,1435.397056042462,872.5970927520822,1.6732984291501851,65.65467834472656,4.514797210693359,0,2,0,1,1,-0.026832295299384946,-0.9669400665547847,-0.9671239212859941,0,0,0,0,52,False,False,
64,5,1435.397056042462,872.5970927520822,1.6732984291501851,65.65467834472656,4.514797210693359,0,2,0,1,1,-0.026832295299384946,-0.9669400665547847,-0.9671239212859941,0,0,0,0,52,False,False,
64,6,1435.3970559713487,872.5970927313568,1.6732984322284046,65.65467834472656,4.514797210693359,0,2,0,1,1,-0.026832294636607103,-0.9669400665547847,-0.9671239212859941,0,0,0,0,52,False,False,
64,7,1435.3970559713487,872.5970927313568,1.6732984322284046,65.65467834472656,4.514797210693359,0,2,0,1,1,-0.026832294636607103,-0.9669400665547847,-0.9671239212859941,0,0,0,0,52,False,False,
65,0,1433.712997799523,872.6545635640811,1.6850385929831873,67.33973693847656,4.537374496459961,0,2,0,1,1,-0.030900048790181246,-0.9714289938498873,-0.9631278298179757,0,0,0,0,53,False,False,
65,1,1433.712997799523,872.6545635640811,1.6850385929831873,67.33973693847656,4.537374496459961,0,2,0,1,1,-0.030900048790181246,-0.9714289938498873,-0.9631278298179757,0,0,0,0,53,False,False,
65,2,1433.712997799523,872.6545635640811,1.6850385929831873,67.33973693847656,4.537374496459961,0,2,0,1,1,-0.030900048790181246,-0.9714289938498873,-0.9631278298179757,0,0,0,0,53,False,False,
65,3,1433.712997799523,872.6545635640811,1.6850385929831873,67.33973693847656,4.537374496459961,0,2,0,1,1,-0.030900048790181246,-0.9714289938498873,-0.9631278298179757,0,0,0,0,53,False,False,
65,4,1433.712997799523,872.6545635640811,1.6850385929831873,67.33973693847656,4.537374496459961,0,2,0,1,1,-0.030900048790181246,-0.9714289938498873,-0.9631278298179757,0,0,0,0,53,False,False,
65,5,1433.712997799523,872.6545635640811,1.6850385929831873,67.33973693847656,4.537374496459961,0,2,0,1,1,-0.030900048790181246,-0.9714289938498873,-0.9631278298179757,0,0,0,0,53,False,False,
65,6,1433.7129977346456,872.6545635411395,1.685038586675367,67.33973693847656,4.537374496459961,0,2,0,1,1,-0.03090004803371913,-0.9714289938498873,-0.9631278298179757,0,0,0,0,53,False,False,
65,7,1433.7129977346456,872.6545635411395,1.685038586675367,67.33973693847656,4.537374496459961,0,2,0,1,1,-0.03090004803371913,-0.9714289938498873,-0.9631278298179757,0,0,0,0,53,False,False,
66,0,1432.017486095199,872.7120901338545,1.6964873255434498,69.03627014160156,4.55984354019165,0,2,0,1,1,-0.036562424703990674,-0.975946799866314,-0.9591317383499574,0,0,0,0,54,False,False,
66,1,1432.017486095199,872.7120901338545,1.6964873255434498,69.03627014160156,4.55984354019165,0,2,0,1,1,-0.036562424703990674,-0.975946799866314,-0.9591317383499574,0,0,0,0,54,False,False,
66,2,1432.017486095199,872.7120901338545,1.6964873255434498,69.03627014160156,4.55984354019165,0,2,0,1,1,-0.036562424703990674,-0.975946799866314,-0.9591317383499574,0,0,0,0,54,False,False,
66,3,1432.017486095199,872.7120901338545,1.6964873255434498,69.03627014160156,4.55984354019165,0,2,0,1,1,-0.036562424703990674,-0.975946799866314,-0.9591317383499574,0,0,0,0,54,False,False,
66,4,1432.017486095199,872.7120901338545,1.6964873255434498,69.03627014160156,4.55984354019165,0,2,0,1,1,-0.036562424703990674,-0.975946799866314,-0.9591317383499574,0,0,0,0,54,False,False,
66,5,1432.017486095199,872.7120901338545,1.6964873255434498,69.03627014160156,4.55984354019165,0,2,0,1,1,-0.036562424703990674,-0.975946799866314,-0.9591317383499574,0,0,0,0,54,False,False,
66,6,1432.017486036414,872.7120901088117,1.6964873193831755,69.03627014160156,4.55984354019165,0,2,0,1,1,-0.036562423993455516,-0.975946799866314,-0.9591317383499574,0,0,0,0,54,False,False,
66,7,1432.017486036414,872.7120901088117,1.6964873193831755,69.03627014160156,4.55984354019165,0,2,0,1,1,-0.036562423993455516,-0.975946799866314,-0.9591317383499574,0,0,0,0,54,False,False,
67,0,1430.310806992521,872.7696663166018,1.707650015763536,70.74390411376953,4.5821332931518555,0,2,0,1,1,-0.04493936169966067,-0.9804913005046834,-0.9551502830089544,0,0,0,0,55,False,False,
67,1,1430.310806992521,872.7696663166018,1.707650015763536,70.74390411376953,4.5821332931518555,0,2,0,1,1,-0.04493936169966067,-0.9804913005046834,-0.9551502830089544,0,0,0,0,55,False,False,
67,2,1430.310806992521,872.7696663166018,1.707650015763536,70.74390411376953,4.5821332931518555,0,2,0,1,1,-0.04493936169966067,-0.9804913005046834,-0.9551502830089544,0,0,0,0,55,False,False,
67,3,1430.310806992521,872.7696663166018,1.707650015763536,70.74390411376953,4.5821332931518555,0,2,0,1,1,-0.04493936169966067,-0.9804913005046834,-0.9551502830089544,0,0,0,0,55,False,False,
67,4,1430.310806992521,872.7696663166018,1.707650015763536,70.74390411376953,4.5821332931518555,0,2,0,1,1,-0.04493936169966067,-0.9804913005046834,-0.9551502830089544,0,0,0,0,55,False,False,
67,5,1430.310806992521,872.7696663166018,1.707650015763536,70.74390411376953,4.5821332931518555,0,2,0,1,1,-0.04493936169966067,-0.9804913005046834,-0.9551502830089544,0,0,0,0,55,False,False,
67,6,1430.3108069443415,872.7696662893884,1.7076500050911274,70.74390411376953,4.5821332931518555,0,2,0,1,1,-0.04493936102420043,-0.9804913005046834,-0.9551502830089544,0,0,0,0,55,False,False,
67,7,1430.3108069443415,872.7696662893884,1.7076500050911274,70.74390411376953,4.5821332931518555,0,2,0,1,1,-0.04493936102420043,-0.9804913005046834,-0.9551502830089544,0,0,0,0,55,False,False,
68,0,1428.59323750631,872.8272862683125,1.7185357135650268,72.46240234375,4.604109287261963,0,2,0,1,1,-0.05855611553007394,-0.9850591250853314,-0.9511834602216939,0,0,0,0,56,False,False,
68,1,1428.59323750631,872.8272862683125,1.7185357135650268,72.46240234375,4.604109287261963,0,2,0,1,1,-0.05855611553007394,-0.9850591250853314,-0.9511834602216939,0,0,0,0,56,False,False,
68,2,1428.59323750631,872.8272862683125,1.7185357135650268,72.46240234375,4.604109287261963,0,2,0,1,1,-0.05855611553007394,-0.9850591250853314,-0.9511834602216939,0,0,0,0,56,False,False,
68,3,1428.59323750631,872.8272862683125,1.7185357135650268,72.46240234375,4.604109287261963,0,2,0,1,1,-0.05855611553007394,-0.9850591250853314,-0.9511834602216939,0,0,0,0,56,False,False,
68,4,1428.59323750631,872.8272862683125,1.7185357135650268,72.46240234375,4.604109287261963,0,2,0,1,1,-0.05855611553007394,-0.9850591250853314,-0.9511834602216939,0,0,0,0,56,False,False,
68,5,1428.59323750631,872.8272862683125,1.7185357135650268,72.46240234375,4.604109287261963,0,2,0,1,1,-0.05855611553007394,-0.9850591250853314,-0.9511834602216939,0,0,0,0,56,False,False,
68,6,1428.5932374684983,872.8272862393206,1.7185357031434247,72.46240234375,4.604109287261963,0,2,0,1,1,-0.05855611500040949,-0.9850591250853314,-0.9511834602216939,0,0,0,0,56,False,False,
68,7,1428.5932374684983,872.8272862393206,1.7185357031434247,72.46240234375,4.604109287261963,0,2,0,1,1,-0.05855611500040949,-0.9850591250853314,-0.9511834602216939,0,0,0,0,56,False,False,
69,0,1426.8650468353082,872.8849446590378,1.7291522447022336,74.19163513183594,4.625457286834717,0,2,0,1,1,-0.08443014928628953,-0.9896423649076215,-0.9472312735614488,0,0,0,0,57,False,False,
69,1,1426.8650468353082,872.8849446590378,1.7291522447022336,74.19163513183594,4.625457286834717,0,2,0,1,1,-0.08443014928628953,-0.9896423649076215,-0.9472312735614488,0,0,0,0,57,False,False,
69,2,1426.8650468353082,872.8849446590378,1.7291522447022336,74.19163513183594,4.625457286834717,0,2,0,1,1,-0.08443014928628953,-0.9896423649076215,-0.9472312735614488,0,0,0,0,57,False,False,
69,3,1426.8650468353082,872.8849446590378,1.7291522447022336,74.19163513183594,4.625457286834717,0,2,0,1,1,-0.08443014928628953,-0.9896423649076215,-0.9472312735614488,0,0,0,0,57,False,False,
69,4,1426.8650468353082,872.8849446590378,1.7291522447022336,74.19163513183594,4.625457286834717,0,2,0,1,1,-0.08443014928628953,-0.9896423649076215,-0.9472312735614488,0,0,0,0,57,False,False,
69,5,1426.8650468353082,872.8849446590378,1.7291522447022336,74.19163513183594,4.625457286834717,0,2,0,1,1,-0.08443014928628953,-0.9896423649076215,-0.9472312735614488,0,0,0,0,57,False,False,
69,6,1426.8650468029773,872.884944628776,1.729152239182155,74.19163513183594,4.625457286834717,0,2,0,1,1,-0.08443014888626597,-0.9896423649076215,-0.9472312735614488,0,0,0,0,57,False,False,
69,7,1426.8650468029773,872.884944628776,1.729152239182155,74.19163513183594,4.625457286834717,0,2,0,1,1,-0.08443014888626597,-0.9896423649076215,-0.9472312735614488,0,0,0,0,57,False,False,
70,0,1425.1264966299477,872.9426383796532,1.7395072238877733,75.93111419677734,4.645115852355957,0,2,0,1,1,-0.15176630128334206,-0.9942078849911127,-0.9432939302780647,0,0,0,0,58,False,False,
70,1,1425.1264966299477,872.9426383796532,1.7395072238877733,75.93111419677734,4.645115852355957,0,2,0,1,1,-0.15176630128334206,-0.9942078849911127,-0.9432939302780647,0,0,0,0,58,False,False,
70,2,1425.1264966299477,872.9426383796532,1.7395072238877733,75.93111419677734,4.645115852355957,0,2,0,1,1,-0.15176630128334206,-0.9942078849911127,-0.9432939302780647,0,0,0,0,58,False,False,
70,3,1425.1264966299477,872.9426383796532,1.7395072238877733,75.93111419677734,4.645115852355957,0,2,0,1,1,-0.15176630128334206,-0.9942078849911127,-0.9432939302780647,0,0,0,0,58,False,False,
70,4,1425.1264966299477,872.9426383796532,1.7395072238877733,75.93111419677734,4.645115852355957,0,2,0,1,1,-0.15176630128334206,-0.9942078849911127,-0.9432939302780647,0,0,0,0,58,False,False,
70,5,1425.1264966299477,872.9426383796532,1.7395072238877733,75.93111419677734,4.645115852355957,0,2,0,1,1,-0.15176630128334206,-0.9942078849911127,-0.9432939302780647,0,0,0,0,58,False,False,
70,6,1425.126496602969,872.9426383481718,1.739507218497994,75.93111419677734,4.645115852355957,0,2,0,1,1,-0.15176630090225496,-0.9942078849911127,-0.9432939302780647,0,0,0,0,58,False,False,
70,7,1425.126496602969,872.9426383481718,1.739507218497994,75.93111419677734,4.645115852355957,0,2,0,1,1,-0.15176630090225496,-0.9942078849911127,-0.9432939302780647,0,0,0,0,58,False,False,
71,0,1423.3778362155012,873.0003718952812,1.7496132155075772,77.68072509765625,4.653103351593018,0,2,0,1,1,-0.6092878601600773,-0.9983280511636689,-0.9393636906617965,0,0,0,0,59,False,False,
71,1,1423.3778362155012,873.0003718952812,1.7496132155075772,77.68072509765625,4.653103351593018,0,2,0,1,1,-0.6092878601600773,-0.9983280511636689,-0.9393636906617965,0,0,0,0,59,False,False,
71,2,1423.3778362155012,873.0003718952812,1.7496132155075772,77.68072509765625,4.653103351593018,0,2,0,1,1,-0.6092878601600773,-0.9983280511636689,-0.9393636906617965,0,0,0,0,59,False,False,
71,3,1423.3778362155012,873.0003718952812,1.7496132155075772,77.68072509765625,4.653103351593018,0,2,0,1,1,-0.6092878601600773,-0.9983280511636689,-0.9393636906617965,0,0,0,0,59,False,False,
71,4,1423.3778362155012,873.0003718952812,1.7496132155075772,77.68072509765625,4.653103351593018,0,2,0,1,1,-0.6092878601600773,-0.9983280511636689,-0.9393636906617965,0,0,0,0,59,False,False,
71,5,1423.3778362155012,873.0003718952812,1.7496132155075772,77.68072509765625,4.653103351593018,0,2,0,1,1,-0.6092878601600773,-0.9983280511636689,-0.9393636906617965,0,0,0,0,59,False,False,
71,6,1423.3778361844538,873.0003718632644,1.749613219556445,77.68072509765625,4.653103351593018,0,2,0,1,1,-0.6092878599165147,-0.9983280511636689,-0.9393636906617965,0,0,0,0,59,False,False,
71,7,1423.3778361844538,873.0003718632644,1.749613219556445,77.68072509765625,4.653103351593018,0,2,0,1,1,-0.6092878599165147,-0.9983280511636689,-0.9393636906617965,0,0,0,0,59,False,False,
72,0,1421.6200619772683,873.0582011648605,1.7587252477335844,79.43936920166016,7.876601219177246,0,3,1,2,2,-0.0033693816238711508,-0.9089783680995175,-0.9401139601151818,0,0,0,0,60,False,False,
72,1,1421.6200619772683,873.0582011648605,1.7587252477335844,79.43936920166016,7.876601219177246,0,3,1,2,2,-0.0033693816238711508,-0.9089783680995175,-0.9401139601151818,0,0,0,0,60,False,False,
72,2,1421.6200619772683,873.0582011648605,1.7587252477335844,79.43936920166016,7.876601219177246,0,3,1,2,2,-0.0033693816238711508,-0.9089783680995175,-0.9401139601151818,0,0,0,0,60,False,False,
72,3,1421.6200619772683,873.0582011648605,1.7587252477335844,79.43936920166016,7.876601219177246,0,3,1,2,2,-0.0033693816238711508,-0.9089783680995175,-0.9401139601151818,0,0,0,0,60,False,False,
72,4,1421.6200619772683,873.0582011648605,1.7587252477335844,79.43936920166016,7.876601219177246,0,3,1,2,2,-0.0033693816238711508,-0.9089783680995175,-0.9401139601151818,0,0,0,0,60,False,False,
72,5,1421.6200619772683,873.0582011648605,1.7587252477335844,79.43936920166016,7.876601219177246,0,3,1,2,2,-0.0033693816238711508,-0.9089783680995175,-0.9401139601151818,0,0,0,0,60,False,False,
72,6,1421.6200619469064,873.0582011323166,1.7587252470311332,79.43936920166016,7.876601219177246,0,3,1,2,2,-0.0033693814413320905,-0.9089783680995175,-0.9401139601151818,0,0,0,0,60,False,False,
72,7,1421.6200619469064,873.0582011323166,1.7587252470311332,79.43936920166016,7.876601219177246,0,3,1,2,2,-0.0033693814413320905,-0.9089783680995175,-0.9401139601151818,0,0,0,0,60,False,False,
73,0,1419.8522619454875,873.1160944315919,1.7687477442238044,81.20813751220703,7.9001240730285645,0,3,0,2,2,-0.0034520224673106744,-0.9136950199205862,-0.9421283392809751,0,0,0,0,61,False,False,
73,1,1419.8522619454875,873.1160944315919,1.7687477442238044,81.20813751220703,7.9001240730285645,0,3,0,2,2,-0.0034520224673106744,-0.9136950199205862,-0.9421283392809751,0,0,0,0,61,False,False,
73,2,1419.8522619454875,873.1160944315919,1.7687477442238044,81.20813751220703,7.9001240730285645,0,3,0,2,2,-0.0034520224673106744,-0.9136950199205862,-0.9421283392809751,0,0,0,0,61,False,False,
73,3,1419.8522619454875,873.1160944315919,1.7687477442238044,81.20813751220703,7.9001240730285645,0,3,0,2,2,-0.0034520224673106744,-0.9136950199205862,-0.9421283392809751,0,0,0,0,61,False,False,
73,4,1419.8522619454875,873.1160944315919,1.7687477442238044,81.20813751220703,7.9001240730285645,0,3,0,2,2,-0.0034520224673106744,-0.9136950199205862,-0.9421283392809751,0,0,0,0,61,False,False,
73,5,1419.8522619454875,873.1160944315919,1.7687477442238044,81.20813751220703,7.9001240730285645,0,3,0,2,2,-0.0034520224673106744,-0.9136950199205862,-0.9421283392809751,0,0,0,0,61,False,False,
73,6,1419.8522619157914,873.1160943984237,1.7687477435380363,81.20813751220703,7.9001240730285645,0,3,0,2,2,-0.003452022250559455,-0.9136950199205862,-0.9421283392809751,0,0,0,0,61,False,False,
73,7,1419.8522619157914,873.1160943984237,1.7687477435380363,81.20813751220703,7.9001240730285645,0,3,0,2,2,-0.003452022250559455,-0.9136950199205862,-0.9421283392809751,0,0,0,0,61,False,False,
74,0,1418.0747346006694,873.1739952133345,1.7784701184171519,82.9866714477539,7.923691272735596,0,3,0,2,2,-0.0035354087777790255,-0.9184377007574195,-0.9441865910950831,0,0,0,0,62,False,False,
74,1,1418.0747346006694,873.1739952133345,1.7784701184171519,82.9866714477539,7.923691272735596,0,3,0,2,2,-0.0035354087777790255,-0.9184377007574195,-0.9441865910950831,0,0,0,0,62,False,False,
74,2,1418.0747346006694,873.1739952133345,1.7784701184171519,82.9866714477539,7.923691272735596,0,3,0,2,2,-0.0035354087777790255,-0.9184377007574195,-0.9441865910950831,0,0,0,0,62,False,False,
74,3,1418.0747346006694,873.1739952133345,1.7784701184171519,82.9866714477539,7.923691272735596,0,3,0,2,2,-0.0035354087777790255,-0.9184377007574195,-0.9441865910950831,0,0,0,0,62,False,False,
74,4,1418.0747346006694,873.1739952133345,1.7784701184171519,82.9866714477539,7.923691272735596,0,3,0,2,2,-0.0035354087777790255,-0.9184377007574195,-0.9441865910950831,0,0,0,0,62,False,False,
74,5,1418.0747346006694,873.1739952133345,1.7784701184171519,82.9866714477539,7.923691272735596,0,3,0,2,2,-0.0035354087777790255,-0.9184377007574195,-0.9441865910950831,0,0,0,0,62,False,False,
74,6,1418.0747345716188,873.1739951794218,1.7784701177477038,82.9866714477539,7.923691272735596,0,3,0,2,2,-0.003535408518982308,-0.9184377007574195,-0.9441865910950831,0,0,0,0,62,False,False,
74,7,1418.0747345716188,873.1739951794218,1.7784701177477038,82.9866714477539,7.923691272735596,0,3,0,2,2,-0.003535408518982308,-0.9184377007574195,-0.9441865910950831,0,0,0,0,62,False,False,
75,0,1416.287713036906,873.2318673007081,1.7879584021593617,84.77459716796875,7.947286605834961,0,3,0,2,2,-0.0036269547266117442,-0.9232054248757933,-0.946303333818155,0,0,0,0,63,False,False,
75,1,1416.287713036906,873.2318673007081,1.7879584021593617,84.77459716796875,7.947286605834961,0,3,0,2,2,-0.0036269547266117442,-0.9232054248757933,-0.946303333818155,0,0,0,0,63,False,False,
75,2,1416.287713036906,873.2318673007081,1.7879584021593617,84.77459716796875,7.947286605834961,0,3,0,2,2,-0.0036269547266117442,-0.9232054248757933,-0.946303333818155,0,0,0,0,63,False,False,
75,3,1416.287713036906,873.2318673007081,1.7879584021593617,84.77459716796875,7.947286605834961,0,3,0,2,2,-0.0036269547266117442,-0.9232054248757933,-0.946303333818155,0,0,0,0,63,False,False,
75,4,1416.287713036906,873.2318673007081,1.7879584021593617,84.77459716796875,7.947286605834961,0,3,0,2,2,-0.0036269547266117442,-0.9232054248757933,-0.946303333818155,0,0,0,0,63,False,False,
75,5,1416.287713036906,873.2318673007081,1.7879584021593617,84.77459716796875,7.947286605834961,0,3,0,2,2,-0.0036269547266117442,-0.9232054248757933,-0.946303333818155,0,0,0,0,63,False,False,
75,6,1416.2877130084828,873.2318672659768,1.787958401505877,84.77459716796875,7.947286605834961,0,3,0,2,2,-0.003626954442475494,-0.9232054248757933,-0.946303333818155,0,0,0,0,63,False,False,
75,7,1416.2877130084828,873.2318672659768,1.787958401505877,84.77459716796875,7.947286605834961,0,3,0,2,2,-0.003626954442475494,-0.9232054248757933,-0.946303333818155,0,0,0,0,63,False,False,
76,0,1414.4914182314972,873.2896860544412,1.7972250933654117,86.57179260253906,7.9709086418151855,0,3,0,2,2,-0.0037344170780768435,-0.9279978661110166,-0.9484712565332298,0,0,0,0,64,False,False,
76,1,1414.4914182314972,873.2896860544412,1.7972250933654117,86.57179260253906,7.9709086418151855,0,3,0,2,2,-0.0037344170780768435,-0.9279978661110166,-0.9484712565332298,0,0,0,0,64,False,False,
76,2,1414.4914182314972,873.2896860544412,1.7972250933654117,86.57179260253906,7.9709086418151855,0,3,0,2,2,-0.0037344170780768435,-0.9279978661110166,-0.9484712565332298,0,0,0,0,64,False,False,
76,3,1414.4914182314972,873.2896860544412,1.7972250933654117,86.57179260253906,7.9709086418151855,0,3,0,2,2,-0.0037344170780768435,-0.9279978661110166,-0.9484712565332298,0,0,0,0,64,False,False,
76,4,1414.4914182314972,873.2896860544412,1.7972250933654117,86.57179260253906,7.9709086418151855,0,3,0,2,2,-0.0037344170780768435,-0.9279978661110166,-0.9484712565332298,0,0,0,0,64,False,False,
76,5,1414.4914182314972,873.2896860544412,1.7972250933654117,86.57179260253906,7.9709086418151855,0,3,0,2,2,-0.0037344170780768435,-0.9279978661110166,-0.9484712565332298,0,0,0,0,64,False,False,
76,6,1414.4914182083317,873.2896860185531,1.7972250880730913,86.57179260253906,7.9709086418151855,0,3,0,2,2,-0.0037344167284838175,-0.9279978661110166,-0.9484712565332298,0,0,0,0,64,False,False,
76,7,1414.4914182083317,873.2896860185531,1.7972250880730913,86.57179260253906,7.9709086418151855,0,3,0,2,2,-0.0037344167284838175,-0.9279978661110166,-0.9484712565332298,0,0,0,0,64,False,False,
77,0,1412.686087109418,873.3474327282237,1.8062544501484759,88.37813568115234,7.994555950164795,0,3,0,2,2,-0.0038648800501375844,-0.9328146980175984,-0.9506909774165704,0,0,0,0,65,False,False,
77,1,1412.686087109418,873.3474327282237,1.8062544501484759,88.37813568115234,7.994555950164795,0,3,0,2,2,-0.0038648800501375844,-0.9328146980175984,-0.9506909774165704,0,0,0,0,65,False,False,
77,2,1412.686087109418,873.3474327282237,1.8062544501484759,88.37813568115234,7.994555950164795,0,3,0,2,2,-0.0038648800501375844,-0.9328146980175984,-0.9506909774165704,0,0,0,0,65,False,False,
77,3,1412.686087109418,873.3474327282237,1.8062544501484759,88.37813568115234,7.994555950164795,0,3,0,2,2,-0.0038648800501375844,-0.9328146980175984,-0.9506909774165704,0,0,0,0,65,False,False,
77,4,1412.686087109418,873.3474327282237,1.8062544501484759,88.37813568115234,7.994555950164795,0,3,0,2,2,-0.0038648800501375844,-0.9328146980175984,-0.9506909774165704,0,0,0,0,65,False,False,
77,5,1412.686087109418,873.3474327282237,1.8062544501484759,88.37813568115234,7.994555950164795,0,3,0,2,2,-0.0038648800501375844,-0.9328146980175984,-0.9506909774165704,0,0,0,0,65,False,False,
77,6,1412.6860870867263,873.3474326911537,1.8062544496370685,88.37813568115234,7.994555950164795,0,3,0,2,2,-0.0038648796391476657,-0.9328146980175984,-0.9506909774165704,0,0,0,0,65,False,False,
77,7,1412.6860870867263,873.3474326911537,1.8062544496370685,88.37813568115234,7.994555950164795,0,3,0,2,2,-0.0038648796391476657,-0.9328146980175984,-0.9506909774165704,0,0,0,0,65,False,False,
78,0,1410.8720054970254,873.4051076956789,1.814998208894865,90.1931381225586,8.018224716186523,0,3,0,2,2,-0.004032167702642495,-0.9376546175125962,-0.9529612601156505,0,0,0,0,66,False,False,
78,1,1410.8720054970254,873.4051076956789,1.814998208894865,90.1931381225586,8.018224716186523,0,3,0,2,2,-0.004032167702642495,-0.9376546175125962,-0.9529612601156505,0,0,0,0,66,False,False,
78,2,1410.8720054970254,873.4051076956789,1.814998208894865,90.1931381225586,8.018224716186523,0,3,0,2,2,-0.004032167702642495,-0.9376546175125962,-0.9529612601156505,0,0,0,0,66,False,False,
78,3,1410.8720054970254,873.4051076956789,1.814998208894865,90.1931381225586,8.018224716186523,0,3,0,2,2,-0.004032167702642495,-0.9376546175125962,-0.9529612601156505,0,0,0,0,66,False,False,
78,4,1410.8720054970254,873.4051076956789,1.814998208894865,90.1931381225586,8.018224716186523,0,3,0,2,2,-0.004032167702642495,-0.9376546175125962,-0.9529612601156505,0,0,0,0,66,False,False,
78,5,1410.8720054970254,873.4051076956789,1.814998208894865,90.1931381225586,8.018224716186523,0,3,0,2,2,-0.004032167702642495,-0.9376546175125962,-0.9529612601156505,0,0,0,0,66,False,False,
78,6,1410.8720054747987,873.405107657524,1.814998208395721,90.1931381225586,8.018224716186523,0,3,0,2,2,-0.004032167327498036,-0.9376546175125962,-0.9529612601156505,0,0,0,0,66,False,False,
78,7,1410.8720054747987,873.405107657524,1.814998208395721,90.1931381225586,8.018224716186523,0,3,0,2,2,-0.004032167327498036,-0.9376546175125962,-0.9529612601156505,0,0,0,0,66,False,False,
79,0,1409.0493946442227,873.4627126415535,1.8235209487535753,92.01655578613281,8.041916847229004,0,3,0,2,2,-0.0042445740739389575,-0.9425169717420465,-0.9552906554732311,0,0,0,0,67,False,False,
79,1,1409.0493946442227,873.4627126415535,1.8235209487535753,92.01655578613281,8.041916847229004,0,3,0,2,2,-0.0042445740739389575,-0.9425169717420465,-0.9552906554732311,0,0,0,0,67,False,False,
79,2,1409.0493946442227,873.4627126415535,1.8235209487535753,92.01655578613281,8.041916847229004,0,3,0,2,2,-0.0042445740739389575,-0.9425169717420465,-0.9552906554732311,0,0,0,0,67,False,False,
79,3,1409.0493946442227,873.4627126415535,1.8235209487535753,92.01655578613281,8.041916847229004,0,3,0,2,2,-0.0042445740739389575,-0.9425169717420465,-0.9552906554732311,0,0,0,0,67,False,False,
79,4,1409.0493946442227,873.4627126415535,1.8235209487535753,92.01655578613281,8.041916847229004,0,3,0,2,2,-0.0042445740739389575,-0.9425169717420465,-0.9552906554732311,0,0,0,0,67,False,False,
79,5,1409.0493946442227,873.4627126415535,1.8235209487535753,92.01655578613281,8.041916847229004,0,3,0,2,2,-0.0042445740739389575,-0.9425169717420465,-0.9552906554732311,0,0,0,0,67,False,False,
79,6,1409.0493946317727,873.4627126026653,1.8235209389587717,92.01655578613281,8.041916847229004,0,3,0,2,2,-0.004244573925888062,-0.9425169717420465,-0.9552906554732311,0,0,0,0,67,False,False,
79,7,1409.0493946317727,873.4627126026653,1.8235209389587717,92.01655578613281,8.041916847229004,0,3,0,2,2,-0.004244573925888062,-0.9425169717420465,-0.9552906554732311,0,0,0,0,67,False,False,
80,0,1407.218478071041,873.5202480981031,1.831820358744767,93.84839630126953,8.065628051757812,0,3,0,2,2,-0.004513391305038302,-0.9474017578479971,-0.9576639199058531,0,0,0,0,68,False,False,
80,1,1407.218478071041,873.5202480981031,1.831820358744767,93.84839630126953,8.065628051757812,0,3,0,2,2,-0.004513391305038302,-0.9474017578479971,-0.9576639199058531,0,0,0,0,68,False,False,
80,2,1407.218478071041,873.5202480981031,1.831820358744767,93.84839630126953,8.065628051757812,0,3,0,2,2,-0.004513391305038302,-0.9474017578479971,-0.9576639199058531,0,0,0,0,68,False,False,
80,3,1407.218478071041,873.5202480981031,1.831820358744767,93.84839630126953,8.065628051757812,0,3,0,2,2,-0.004513391305038302,-0.9474017578479971,-0.9576639199058531,0,0,0,0,68,False,False,
80,4,1407.218478071041,873.5202480981031,1.831820358744767,93.84839630126953,8.065628051757812,0,3,0,2,2,-0.004513391305038302,-0.9474017578479971,-0.9576639199058531,0,0,0,0,68,False,False,
80,5,1407.218478071041,873.5202480981031,1.831820358744767,93.84839630126953,8.065628051757812,0,3,0,2,2,-0.004513391305038302,-0.9474017578479971,-0.9576639199058531,0,0,0,0,68,False,False,
80,6,1407.2184780774405,873.5202480583811,1.831820339878403,93.84839630126953,8.065628051757812,0,3,0,2,2,-0.004513391221120994,-0.9474017578479971,-0.9576639199058531,0,0,0,0,68,False,False,
80,7,1407.2184780774405,873.5202480583811,1.831820339878403,93.84839630126953,8.065628051757812,0,3,0,2,2,-0.004513391221120994,-0.9474017578479971,-0.9576639199058531,0,0,0,0,68,False,False,
81,0,1405.3795578844997,873.5777134341636,1.8398178489507444,95.68828582763672,8.08935546875,0,3,0,2,2,-0.0048538387357995,-0.9523079915873078,-0.9600883643304778,0,0,0,0,69,False,False,
81,1,1405.3795578844997,873.5777134341636,1.8398178489507444,95.68828582763672,8.08935546875,0,3,0,2,2,-0.0048538387357995,-0.9523079915873078,-0.9600883643304778,0,0,0,0,69,False,False,
81,2,1405.3795578844997,873.5777134341636,1.8398178489507444,95.68828582763672,8.08935546875,0,3,0,2,2,-0.0048538387357995,-0.9523079915873078,-0.9600883643304778,0,0,0,0,69,False,False,
81,3,1405.3795578844997,873.5777134341636,1.8398178489507444,95.68828582763672,8.08935546875,0,3,0,2,2,-0.0048538387357995,-0.9523079915873078,-0.9600883643304778,0,0,0,0,69,False,False,
81,4,1405.3795578844997,873.5777134341636,1.8398178489507444,95.68828582763672,8.08935546875,0,3,0,2,2,-0.0048538387357995,-0.9523079915873078,-0.9600883643304778,0,0,0,0,69,False,False,
81,5,1405.3795578844997,873.5777134341636,1.8398178489507444,95.68828582763672,8.08935546875,0,3,0,2,2,-0.0048538387357995,-0.9523079915873078,-0.9600883643304778,0,0,0,0,69,False,False,
81,6,1405.379557913957,873.577713393848,1.8398178258856808,95.68828582763672,8.08935546875,0,3,0,2,2,-0.00485383877974799,-0.9523079915873078,-0.9600883643304778,0,0,0,0,69,False,False,
81,7,1405.379557913957,873.577713393848,1.8398178258856808,95.68828582763672,8.08935546875,0,3,0,2,2,-0.00485383877974799,-0.9523079915873078,-0.9600883643304778,0,0,0,0,69,False,False,
82,0,1403.532857547041,873.635110527437,1.8475920985668108,97.53585815429688,8.113096237182617,0,3,0,2,2,-0.0052949334705541815,-0.9572346983193091,-0.9625566778301439,0,0,0,0,70,False,False,
82,1,1403.532857547041,873.635110527437,1.8475920985668108,97.53585815429688,8.113096237182617,0,3,0,2,2,-0.0052949334705541815,-0.9572346983193091,-0.9625566778301439,0,0,0,0,70,False,False,
82,2,1403.532857547041,873.635110527437,1.8475920985668108,97.53585815429688,8.113096237182617,0,3,0,2,2,-0.0052949334705541815,-0.9572346983193091,-0.9625566778301439,0,0,0,0,70,False,False,
82,3,1403.532857547041,873.635110527437,1.8475920985668108,97.53585815429688,8.113096237182617,0,3,0,2,2,-0.0052949334705541815,-0.9572346983193091,-0.9625566778301439,0,0,0,0,70,False,False,
82,4,1403.532857547041,873.635110527437,1.8475920985668108,97.53585815429688,8.113096237182617,0,3,0,2,2,-0.0052949334705541815,-0.9572346983193091,-0.9625566778301439,0,0,0,0,70,False,False,
82,5,1403.532857547041,873.635110527437,1.8475920985668108,97.53585815429688,8.113096237182617,0,3,0,2,2,-0.0052949334705541815,-0.9572346983193091,-0.9625566778301439,0,0,0,0,70,False,False,
82,6,1403.5328575943524,873.6351104868214,1.847592080711834,97.53585815429688,8.113096237182617,0,3,0,2,2,-0.005294933558376,-0.9572346983193091,-0.9625566778301439,0,0,0,0,70,False,False,
82,7,1403.5328575943524,873.6351104868214,1.847592080711834,97.53585815429688,8.113096237182617,0,3,0,2,2,-0.005294933558376,-0.9572346983193091,-0.9625566778301439,0,0,0,0,70,False,False,
83,0,1401.6785759194356,873.6924408576572,1.855167680086632,99.3909912109375,8.136846542358398,0,3,0,2,2,-0.005869491612335449,-0.9621815355572014,-0.9650761748950858,0,0,0,0,71,False,False,
83,1,1401.6785759194356,873.6924408576572,1.855167680086632,99.3909912109375,8.136846542358398,0,3,0,2,2,-0.005869491612335449,-0.9621815355572014,-0.9650761748950858,0,0,0,0,71,False,False,
83,2,1401.6785759194356,873.6924408576572,1.855167680086632,99.3909912109375,8.136846542358398,0,3,0,2,2,-0.005869491612335449,-0.9621815355572014,-0.9650761748950858,0,0,0,0,71,False,False,
83,3,1401.6785759194356,873.6924408576572,1.855167680086632,99.3909912109375,8.136846542358398,0,3,0,2,2,-0.005869491612335449,-0.9621815355572014,-0.9650761748950858,0,0,0,0,71,False,False,
83,4,1401.6785759194356,873.6924408576572,1.855167680086632,99.3909912109375,8.136846542358398,0,3,0,2,2,-0.005869491612335449,-0.9621815355572014,-0.9650761748950858,0,0,0,0,71,False,False,
83,5,1401.6785759194356,873.6924408576572,1.855167680086632,99.3909912109375,8.136846542358398,0,3,0,2,2,-0.005869491612335449,-0.9621815355572014,-0.9650761748950858,0,0,0,0,71,False,False,
83,6,1401.6785759841505,873.6924408161327,1.855167662663379,99.3909912109375,8.136846542358398,0,3,0,2,2,-0.005869491485119561,-0.9621815355572014,-0.9650761748950858,0,0,0,0,71,False,False,
83,7,1401.6785759841505,873.6924408161327,1.855167662663379,99.3909912109375,8.136846542358398,0,3,0,2,2,-0.005869491485119561,-0.9621815355572014,-0.9650761748950858,0,0,0,0,71,False,False,
84,0,1399.816893468162,873.7497054000268,1.8625629592560367,101.2535629272461,8.160600662231445,0,3,0,2,2,-0.006640304075676164,-0.9671481663139934,-0.967640155638059,0,0,0,0,72,False,False,
84,1,1399.816893468162,873.7497054000268,1.8625629592560367,101.2535629272461,8.160600662231445,0,3,0,2,2,-0.006640304075676164,-0.9671481663139934,-0.967640155638059,0,0,0,0,72,False,False,
84,2,1399.816893468162,873.7497054000268,1.8625629592560367,101.2535629272461,8.160600662231445,0,3,0,2,2,-0.006640304075676164,-0.9671481663139934,-0.967640155638059,0,0,0,0,72,False,False,
84,3,1399.816893468162,873.7497054000268,1.8625629592560367,101.2535629272461,8.160600662231445,0,3,0,2,2,-0.006640304075676164,-0.9671481663139934,-0.967640155638059,0,0,0,0,72,False,False,
84,4,1399.816893468162,873.7497054000268,1.8625629592560367,101.2535629272461,8.160600662231445,0,3,0,2,2,-0.006640304075676164,-0.9671481663139934,-0.967640155638059,0,0,0,0,72,False,False,
84,5,1399.816893468162,873.7497054000268,1.8625629592560367,101.2535629272461,8.160600662231445,0,3,0,2,2,-0.006640304075676164,-0.9671481663139934,-0.967640155638059,0,0,0,0,72,False,False,
84,6,1399.8168935405283,873.7497053569465,1.8625629515605084,101.2535629272461,8.160600662231445,0,3,0,2,2,-0.006640303624589213,-0.9671481663139934,-0.967640155638059,0,0,0,0,72,False,False,
84,7,1399.8168935405283,873.7497053569465,1.8625629515605084,101.2535629272461,8.160600662231445,0,3,0,2,2,-0.006640303624589213,-0.9671481663139934,-0.967640155638059,0,0,0,0,72,False,False,
85,0,1397.9479887306056,873.8069056336967,1.8697798760263833,103.12333679199219,8.184349060058594,0,3,0,2,2,-0.007712885224842757,-0.9721339130291553,-0.9702473890664473,0,0,0,0,73,False,False,
85,1,1397.9479887306056,873.8069056336967,1.8697798760263833,103.12333679199219,8.184349060058594,0,3,0,2,2,-0.007712885224842757,-0.9721339130291553,-0.9702473890664473,0,0,0,0,73,False,False,
85,2,1397.9479887306056,873.8069056336967,1.8697798760263833,103.12333679199219,8.184349060058594,0,3,0,2,2,-0.007712885224842757,-0.9721339130291553,-0.9702473890664473,0,0,0,0,73,False,False,
85,3,1397.9479887306056,873.8069056336967,1.8697798760263833,103.12333679199219,8.184349060058594,0,3,0,2,2,-0.007712885224842757,-0.9721339130291553,-0.9702473890664473,0,0,0,0,73,False,False,
85,4,1397.9479887306056,873.8069056336967,1.8697798760263833,103.12333679199219,8.184349060058594,0,3,0,2,2,-0.007712885224842757,-0.9721339130291553,-0.9702473890664473,0,0,0,0,73,False,False,
85,5,1397.9479887306056,873.8069056336967,1.8697798760263833,103.12333679199219,8.184349060058594,0,3,0,2,2,-0.007712885224842757,-0.9721339130291553,-0.9702473890664473,0,0,0,0,73,False,False,
85,6,1397.9479888104197,873.8069055885123,1.869779868517488,103.12333679199219,8.184349060058594,0,3,0,2,2,-0.007712884586339581,-0.9721339130291553,-0.9702473890664473,0,0,0,0,73,False,False,
85,7,1397.9479888104197,873.8069055885123,1.869779868517488,103.12333679199219,8.184349060058594,0,3,0,2,2,-0.007712884586339581,-0.9721339130291553,-0.9702473890664473,0,0,0,0,73,False,False,
86,0,1396.072033117631,873.8640425525085,1.8768255351370466,105.00018310546875,8.20807933807373,0,3,0,2,2,-0.009285381986956054,-0.9771383998444712,-0.9728991097461398,0,0,0,0,74,False,False,
86,1,1396.072033117631,873.8640425525085,1.8768255351370466,105.00018310546875,8.20807933807373,0,3,0,2,2,-0.009285381986956054,-0.9771383998444712,-0.9728991097461398,0,0,0,0,74,False,False,
86,2,1396.072033117631,873.8640425525085,1.8768255351370466,105.00018310546875,8.20807933807373,0,3,0,2,2,-0.009285381986956054,-0.9771383998444712,-0.9728991097461398,0,0,0,0,74,False,False,
86,3,1396.072033117631,873.8640425525085,1.8768255351370466,105.00018310546875,8.20807933807373,0,3,0,2,2,-0.009285381986956054,-0.9771383998444712,-0.9728991097461398,0,0,0,0,74,False,False,
86,4,1396.072033117631,873.8640425525085,1.8768255351370466,105.00018310546875,8.20807933807373,0,3,0,2,2,-0.009285381986956054,-0.9771383998444712,-0.9728991097461398,0,0,0,0,74,False,False,
86,5,1396.072033117631,873.8640425525085,1.8768255351370466,105.00018310546875,8.20807933807373,0,3,0,2,2,-0.009285381986956054,-0.9771383998444712,-0.9728991097461398,0,0,0,0,74,False,False,
86,6,1396.0720332139942,873.8640425043616,1.8768255185053981,105.00018310546875,8.20807933807373,0,3,0,2,2,-0.009285381153413002,-0.9771383998444712,-0.9728991097461398,0,0,0,0,74,False,False,
86,7,1396.0720332139942,873.8640425043616,1.8768255185053981,105.00018310546875,8.20807933807373,0,3,0,2,2,-0.009285381153413002,-0.9771383998444712,-0.9728991097461398,0,0,0,0,74,False,False,
87,0,1394.1891931010127,873.9211163046259,1.8837048445443585,106.88386535644531,8.231766700744629,0,3,0,2,2,-0.011787080441263243,-0.9821608699106705,-0.9755873867972759,0,0,0,0,75,False,False,
87,1,1394.1891931010127,873.9211163046259,1.8837048445443585,106.88386535644531,8.231766700744629,0,3,0,2,2,-0.011787080441263243,-0.9821608699106705,-0.9755873867972759,0,0,0,0,75,False,False,
87,2,1394.1891931010127,873.9211163046259,1.8837048445443585,106.88386535644531,8.231766700744629,0,3,0,2,2,-0.011787080441263243,-0.9821608699106705,-0.9755873867972759,0,0,0,0,75,False,False,
87,3,1394.1891931010127,873.9211163046259,1.8837048445443585,106.88386535644531,8.231766700744629,0,3,0,2,2,-0.011787080441263243,-0.9821608699106705,-0.9755873867972759,0,0,0,0,75,False,False,
87,4,1394.1891931010127,873.9211163046259,1.8837048445443585,106.88386535644531,8.231766700744629,0,3,0,2,2,-0.011787080441263243,-0.9821608699106705,-0.9755873867972759,0,0,0,0,75,False,False,
87,5,1394.1891931010127,873.9211163046259,1.8837048445443585,106.88386535644531,8.231766700744629,0,3,0,2,2,-0.011787080441263243,-0.9821608699106705,-0.9755873867972759,0,0,0,0,75,False,False,
87,6,1394.1891932181675,873.9211162532584,1.883704823664816,106.88386535644531,8.231766700744629,0,3,0,2,2,-0.011787079566285443,-0.9821608699106705,-0.9755873867972759,0,0,0,0,75,False,False,
87,7,1394.1891932181675,873.9211162532584,1.883704823664816,106.88386535644531,8.231766700744629,0,3,0,2,2,-0.011787079566285443,-0.9821608699106705,-0.9755873867972759,0,0,0,0,75,False,False,
88,0,1392.2996313993974,873.9781267663853,1.8904215447781143,108.77425384521484,8.255356788635254,0,3,0,2,2,-0.016303601482759847,-0.9872007137216101,-0.978326227450788,0,0,0,0,76,False,False,
88,1,1392.2996313993974,873.9781267663853,1.8904215447781143,108.77425384521484,8.255356788635254,0,3,0,2,2,-0.016303601482759847,-0.9872007137216101,-0.978326227450788,0,0,0,0,76,False,False,
88,2,1392.2996313993974,873.9781267663853,1.8904215447781143,108.77425384521484,8.255356788635254,0,3,0,2,2,-0.016303601482759847,-0.9872007137216101,-0.978326227450788,0,0,0,0,76,False,False,
88,3,1392.2996313993974,873.9781267663853,1.8904215447781143,108.77425384521484,8.255356788635254,0,3,0,2,2,-0.016303601482759847,-0.9872007137216101,-0.978326227450788,0,0,0,0,76,False,False,
88,4,1392.2996313993974,873.9781267663853,1.8904215447781143,108.77425384521484,8.255356788635254,0,3,0,2,2,-0.016303601482759847,-0.9872007137216101,-0.978326227450788,0,0,0,0,76,False,False,
88,5,1392.2996313993974,873.9781267663853,1.8904215447781143,108.77425384521484,8.255356788635254,0,3,0,2,2,-0.016303601482759847,-0.9872007137216101,-0.978326227450788,0,0,0,0,76,False,False,
88,6,1392.2996315228836,873.9781267121749,1.8904215383638052,108.77425384521484,8.255356788635254,0,3,0,2,2,-0.0163036005901129,-0.9872007137216101,-0.978326227450788,0,0,0,0,76,False,False,
88,7,1392.2996315228836,873.9781267121749,1.8904215383638052,108.77425384521484,8.255356788635254,0,3,0,2,2,-0.0163036005901129,-0.9872007137216101,-0.978326227450788,0,0,0,0,76,False,False,
89,0,1390.4035064528487,874.0350741634732,1.8969799205472213,110.67122650146484,8.278694152832031,0,3,0,2,2,-0.026808628867644933,-0.9922565958872256,-0.9811028608282699,0,0,0,0,77,False,False,
89,1,1390.4035064528487,874.0350741634732,1.8969799205472213,110.67122650146484,8.278694152832031,0,3,0,2,2,-0.026808628867644933,-0.9922565958872256,-0.9811028608282699,0,0,0,0,77,False,False,
89,2,1390.4035064528487,874.0350741634732,1.8969799205472213,110.67122650146484,8.278694152832031,0,3,0,2,2,-0.026808628867644933,-0.9922565958872256,-0.9811028608282699,0,0,0,0,77,False,False,
89,3,1390.4035064528487,874.0350741634732,1.8969799205472213,110.67122650146484,8.278694152832031,0,3,0,2,2,-0.026808628867644933,-0.9922565958872256,-0.9811028608282699,0,0,0,0,77,False,False,
89,4,1390.4035064528487,874.0350741634732,1.8969799205472213,110.67122650146484,8.278694152832031,0,3,0,2,2,-0.026808628867644933,-0.9922565958872256,-0.9811028608282699,0,0,0,0,77,False,False,
89,5,1390.4035064528487,874.0350741634732,1.8969799205472213,110.67122650146484,8.278694152832031,0,3,0,2,2,-0.026808628867644933,-0.9922565958872256,-0.9811028608282699,0,0,0,0,77,False,False,
89,6,1390.4035065732037,874.0350741064818,1.8969799235935074,110.67122650146484,8.278694152832031,0,3,0,2,2,-0.0268086279032357,-0.9922565958872256,-0.9811028608282699,0,0,0,0,77,False,False,
89,7,1390.4035065732037,874.0350741064818,1.8969799235935074,110.67122650146484,8.278694152832031,0,3,0,2,2,-0.0268086279032357,-0.9922565958872256,-0.9811028608282699,0,0,0,0,77,False,False,
90,0,1388.5009696453133,874.0919617354187,1.903387112457357,112.57466125488281,8.30073356628418,0,3,0,2,2,-0.07736516056148225,-0.9973194834388622,-0.9839154359742052,0,0,0,0,78,False,False,
90,1,1388.5009696453133,874.0919617354187,1.903387112457357,112.57466125488281,8.30073356628418,0,3,0,2,2,-0.07736516056148225,-0.9973194834388622,-0.9839154359742052,0,0,0,0,78,False,False,
90,2,1388.5009696453133,874.0919617354187,1.903387112457357,112.57466125488281,8.30073356628418,0,3,0,2,2,-0.07736516056148225,-0.9973194834388622,-0.9839154359742052,0,0,0,0,78,False,False,
90,3,1388.5009696453133,874.0919617354187,1.903387112457357,112.57466125488281,8.30073356628418,0,3,0,2,2,-0.07736516056148225,-0.9973194834388622,-0.9839154359742052,0,0,0,0,78,False,False,
90,4,1388.5009696453133,874.0919617354187,1.903387112457357,112.57466125488281,8.30073356628418,0,3,0,2,2,-0.07736516056148225,-0.9973194834388622,-0.9839154359742052,0,0,0,0,78,False,False,
90,5,1388.5009696453133,874.0919617354187,1.903387112457357,112.57466125488281,8.30073356628418,0,3,0,2,2,-0.07736516056148225,-0.9973194834388622,-0.9839154359742052,0,0,0,0,78,False,False,
90,6,1388.500969762607,874.0919616754821,1.903387115429255,112.57466125488281,8.30073356628418,0,3,0,2,2,-0.07736515954620195,-0.9973194834388622,-0.9839154359742052,0,0,0,0,78,False,False,
90,7,1388.500969762607,874.0919616754821,1.903387115429255,112.57466125488281,8.30073356628418,0,3,0,2,2,-0.07736515954620195,-0.9973194834388622,-0.9839154359742052,0,0,0,0,78,False,False,
91,0,1386.5921643858642,874.1487998803702,1.909651301474162,114.48432159423828,11.524717330932617,0,4,1,3,3,-0.0035120747944056853,-0.9063933736373071,-0.9851898867392459,0,0,0,0,79,False,False,
91,1,1386.5921643858642,874.1487998803702,1.909651301474162,114.48432159423828,11.524717330932617,0,4,1,3,3,-0.0035120747944056853,-0.9063933736373071,-0.9851898867392459,0,0,0,0,79,False,False,
91,2,1386.5921643858642,874.1487998803702,1.909651301474162,114.48432159423828,11.524717330932617,0,4,1,3,3,-0.0035120747944056853,-0.9063933736373071,-0.9851898867392459,0,0,0,0,79,False,False,
91,3,1386.5921643858642,874.1487998803702,1.909651301474162,114.48432159423828,11.524717330932617,0,4,1,3,3,-0.0035120747944056853,-0.9063933736373071,-0.9851898867392459,0,0,0,0,79,False,False,
91,4,1386.5921643858642,874.1487998803702,1.909651301474162,114.48432159423828,11.524717330932617,0,4,1,3,3,-0.0035120747944056853,-0.9063933736373071,-0.9851898867392459,0,0,0,0,79,False,False,
91,5,1386.5921643858642,874.1487998803702,1.909651301474162,114.48432159423828,11.524717330932617,0,4,1,3,3,-0.0035120747944056853,-0.9063933736373071,-0.9851898867392459,0,0,0,0,79,False,False,
91,6,1386.5921645001483,874.1487998167759,1.909651304373396,114.48432159423828,11.524717330932617,0,4,1,3,3,-0.0035120735457253556,-0.9063933736373071,-0.9851898867392459,0,0,0,0,79,False,False,
91,7,1386.5921645001483,874.1487998167759,1.909651304373396,114.48432159423828,11.524717330932617,0,4,1,3,3,-0.0035120735457253556,-0.9063933736373071,-0.9851898867392459,0,0,0,0,79,False,False,
92,0,1384.6769554130774,874.2055985417437,1.9160510163815712,116.40032196044922,11.548718452453613,0,4,0,3,3,-0.003634495978876215,-0.9115026383776779,-0.9847505653061129,0,0,0,0,80,False,False,
92,1,1384.6769554130774,874.2055985417437,1.9160510163815712,116.40032196044922,11.548718452453613,0,4,0,3,3,-0.003634495978876215,-0.9115026383776779,-0.9847505653061129,0,0,0,0,80,False,False,
92,2,1384.6769554130774,874.2055985417437,1.9160510163815712,116.40032196044922,11.548718452453613,0,4,0,3,3,-0.003634495978876215,-0.9115026383776779,-0.9847505653061129,0,0,0,0,80,False,False,
92,3,1384.6769554130774,874.2055985417437,1.9160510163815712,116.40032196044922,11.548718452453613,0,4,0,3,3,-0.003634495978876215,-0.9115026383776779,-0.9847505653061129,0,0,0,0,80,False,False,
92,4,1384.6769554130774,874.2055985417437,1.9160510163815712,116.40032196044922,11.548718452453613,0,4,0,3,3,-0.003634495978876215,-0.9115026383776779,-0.9847505653061129,0,0,0,0,80,False,False,
92,5,1384.6769554130774,874.2055985417437,1.9160510163815712,116.40032196044922,11.548718452453613,0,4,0,3,3,-0.003634495978876215,-0.9115026383776779,-0.9847505653061129,0,0,0,0,80,False,False,
92,6,1384.6769555197554,874.2055984740065,1.9160510238614568,116.40032196044922,11.548718452453613,0,4,0,3,3,-0.0036344945280831096,-0.9115026383776779,-0.9847505653061129,0,0,0,0,80,False,False,
92,7,1384.6769555197554,874.2055984740065,1.9160510238614568,116.40032196044922,11.548718452453613,0,4,0,3,3,-0.0036344945280831096,-0.9115026383776779,-0.9847505653061129,0,0,0,0,80,False,False,
93,0,1382.7555065924096,874.2623563578217,1.9222869245071936,118.32266998291016,11.572735786437988,0,4,0,3,3,-0.003777412786097203,-0.9166288081182034,-0.984355136174297,0,0,0,0,81,False,False,
93,1,1382.7555065924096,874.2623563578217,1.9222869245071936,118.32266998291016,11.572735786437988,0,4,0,3,3,-0.003777412786097203,-0.9166288081182034,-0.984355136174297,0,0,0,0,81,False,False,
93,2,1382.7555065924096,874.2623563578217,1.9222869245071936,118.32266998291016,11.572735786437988,0,4,0,3,3,-0.003777412786097203,-0.9166288081182034,-0.984355136174297,0,0,0,0,81,False,False,
93,3,1382.7555065924096,874.2623563578217,1.9222869245071936,118.32266998291016,11.572735786437988,0,4,0,3,3,-0.003777412786097203,-0.9166288081182034,-0.984355136174297,0,0,0,0,81,False,False,
93,4,1382.7555065924096,874.2623563578217,1.9222869245071936,118.32266998291016,11.572735786437988,0,4,0,3,3,-0.003777412786097203,-0.9166288081182034,-0.984355136174297,0,0,0,0,81,False,False,
93,5,1382.7555065924096,874.2623563578217,1.9222869245071936,118.32266998291016,11.572735786437988,0,4,0,3,3,-0.003777412786097203,-0.9166288081182034,-0.984355136174297,0,0,0,0,81,False,False,
93,6,1382.7555066916452,874.2623562852515,1.9222869318037235,118.32266998291016,11.572735786437988,0,4,0,3,3,-0.003777411113464129,-0.9166288081182034,-0.984355136174297,0,0,0,0,81,False,False,
93,7,1382.7555066916452,874.2623562852515,1.9222869318037235,118.32266998291016,11.572735786437988,0,4,0,3,3,-0.003777411113464129,-0.9166288081182034,-0.984355136174297,0,0,0,0,81,False,False,
94,0,1380.827985524568,874.3190712969288,1.9283552710252283,120.2509994506836,11.596768379211426,0,4,0,3,3,-0.003948606141917645,-0.9217709168341042,-0.9839674270992237,0,0,0,0,82,False,False,
94,1,1380.827985524568,874.3190712969288,1.9283552710252283,120.2509994506836,11.596768379211426,0,4,0,3,3,-0.003948606141917645,-0.9217709168341042,-0.9839674270992237,0,0,0,0,82,False,False,
94,2,1380.827985524568,874.3190712969288,1.9283552710252283,120.2509994506836,11.596768379211426,0,4,0,3,3,-0.003948606141917645,-0.9217709168341042,-0.9839674270992237,0,0,0,0,82,False,False,
94,3,1380.827985524568,874.3190712969288,1.9283552710252283,120.2509994506836,11.596768379211426,0,4,0,3,3,-0.003948606141917645,-0.9217709168341042,-0.9839674270992237,0,0,0,0,82,False,False,
94,4,1380.827985524568,874.3190712969288,1.9283552710252283,120.2509994506836,11.596768379211426,0,4,0,3,3,-0.003948606141917645,-0.9217709168341042,-0.9839674270992237,0,0,0,0,82,False,False,
94,5,1380.827985524568,874.3190712969288,1.9283552710252283,120.2509994506836,11.596768379211426,0,4,0,3,3,-0.003948606141917645,-0.9217709168341042,-0.9839674270992237,0,0,0,0,82,False,False,
94,6,1380.8279856258164,874.319071218464,1.9283552688399976,120.2509994506836,11.596768379211426,0,4,0,3,3,-0.003948604216317145,-0.9217709168341042,-0.9839674270992237,0,0,0,0,82,False,False,
94,7,1380.8279856258164,874.319071218464,1.9283552688399976,120.2509994506836,11.596768379211426,0,4,0,3,3,-0.003948604216317145,-0.9217709168341042,-0.9839674270992237,0,0,0,0,82,False,False,
95,0,1378.8945702800636,874.3757424683839,1.934245622809162,122.185302734375,11.620814323425293,0,4,0,3,3,-0.004150092327705895,-0.9269289513520157,-0.983615890268725,0,0,0,0,83,False,False,
95,1,1378.8945702800636,874.3757424683839,1.934245622809162,122.185302734375,11.620814323425293,0,4,0,3,3,-0.004150092327705895,-0.9269289513520157,-0.983615890268725,0,0,0,0,83,False,False,
95,2,1378.8945702800636,874.3757424683839,1.934245622809162,122.185302734375,11.620814323425293,0,4,0,3,3,-0.004150092327705895,-0.9269289513520157,-0.983615890268725,0,0,0,0,83,False,False,
95,3,1378.8945702800636,874.3757424683839,1.934245622809162,122.185302734375,11.620814323425293,0,4,0,3,3,-0.004150092327705895,-0.9269289513520157,-0.983615890268725,0,0,0,0,83,False,False,
95,4,1378.8945702800636,874.3757424683839,1.934245622809162,122.185302734375,11.620814323425293,0,4,0,3,3,-0.004150092327705895,-0.9269289513520157,-0.983615890268725,0,0,0,0,83,False,False,
95,5,1378.8945702800636,874.3757424683839,1.934245622809162,122.185302734375,11.620814323425293,0,4,0,3,3,-0.004150092327705895,-0.9269289513520157,-0.983615890268725,0,0,0,0,83,False,False,
95,6,1378.8945703832903,874.3757423846638,1.9342456206776282,122.185302734375,11.620814323425293,0,4,0,3,3,-0.004150090617817328,-0.9269289513520157,-0.983615890268725,0,0,0,0,83,False,False,
95,7,1378.8945703832903,874.3757423846638,1.9342456206776282,122.185302734375,11.620814323425293,0,4,0,3,3,-0.004150090617817328,-0.9269289513520157,-0.983615890268725,0,0,0,0,83,False,False,
96,0,1376.9554352291084,874.4323709858163,1.939961735403382,124.12521362304688,11.644871711730957,0,4,0,3,3,-0.004392378651213057,-0.9321019406359248,-0.98328629690893,0,0,0,0,84,False,False,
96,1,1376.9554352291084,874.4323709858163,1.939961735403382,124.12521362304688,11.644871711730957,0,4,0,3,3,-0.004392378651213057,-0.9321019406359248,-0.98328629690893,0,0,0,0,84,False,False,
96,2,1376.9554352291084,874.4323709858163,1.939961735403382,124.12521362304688,11.644871711730957,0,4,0,3,3,-0.004392378651213057,-0.9321019406359248,-0.98328629690893,0,0,0,0,84,False,False,
96,3,1376.9554352291084,874.4323709858163,1.939961735403382,124.12521362304688,11.644871711730957,0,4,0,3,3,-0.004392378651213057,-0.9321019406359248,-0.98328629690893,0,0,0,0,84,False,False,
96,4,1376.9554352291084,874.4323709858163,1.939961735403382,124.12521362304688,11.644871711730957,0,4,0,3,3,-0.004392378651213057,-0.9321019406359248,-0.98328629690893,0,0,0,0,84,False,False,
96,5,1376.9554352291084,874.4323709858163,1.939961735403382,124.12521362304688,11.644871711730957,0,4,0,3,3,-0.004392378651213057,-0.9321019406359248,-0.98328629690893,0,0,0,0,84,False,False,
96,6,1376.9554353389265,874.4323708972412,1.939961728673222,124.12521362304688,11.644871711730957,0,4,0,3,3,-0.004392377121793187,-0.9321019406359248,-0.98328629690893,0,0,0,0,84,False,False,
96,7,1376.9554353389265,874.4323708972412,1.939961728673222,124.12521362304688,11.644871711730957,0,4,0,3,3,-0.004392377121793187,-0.9321019406359248,-0.98328629690893,0,0,0,0,84,False,False,
97,0,1375.0108318760836,874.4889589206574,1.9454265329137532,126.07061767578125,11.668938636779785,0,4,0,3,3,-0.00468460071053711,-0.9372895524532392,-0.9829790579462564,0,0,0,0,85,False,False,
97,1,1375.0108318760836,874.4889589206574,1.9454265329137532,126.07061767578125,11.668938636779785,0,4,0,3,3,-0.00468460071053711,-0.9372895524532392,-0.9829790579462564,0,0,0,0,85,False,False,
97,2,1375.0108318760836,874.4889589206574,1.9454265329137532,126.07061767578125,11.668938636779785,0,4,0,3,3,-0.00468460071053711,-0.9372895524532392,-0.9829790579462564,0,0,0,0,85,False,False,
97,3,1375.0108318760836,874.4889589206574,1.9454265329137532,126.07061767578125,11.668938636779785,0,4,0,3,3,-0.00468460071053711,-0.9372895524532392,-0.9829790579462564,0,0,0,0,85,False,False,
97,4,1375.0108318760836,874.4889589206574,1.9454265329137532,126.07061767578125,11.668938636779785,0,4,0,3,3,-0.00468460071053711,-0.9372895524532392,-0.9829790579462564,0,0,0,0,85,False,False,
97,5,1375.0108318760836,874.4889589206574,1.9454265329137532,126.07061767578125,11.668938636779785,0,4,0,3,3,-0.00468460071053711,-0.9372895524532392,-0.9829790579462564,0,0,0,0,85,False,False,
97,6,1375.010831996989,874.4889588275237,1.9454265216984108,126.07061767578125,11.668938636779785,0,4,0,3,3,-0.00468459932496488,-0.9372895524532392,-0.9829790579462564,0,0,0,0,85,False,False,
97,7,1375.010831996989,874.4889588275237,1.9454265216984108,126.07061767578125,11.668938636779785,0,4,0,3,3,-0.00468459932496488,-0.9372895524532392,-0.9829790579462564,0,0,0,0,85,False,False,
98,0,1373.0609268709836,874.5455115177602,1.9507249229844867,128.02139282226562,11.693013191223145,0,4,0,3,3,-0.005041659423307642,-0.9424914606344681,-0.982686042397544,0,0,0,0,86,False,False,
98,1,1373.0609268709836,874.5455115177602,1.9507249229844867,128.02139282226562,11.693013191223145,0,4,0,3,3,-0.005041659423307642,-0.9424914606344681,-0.982686042397544,0,0,0,0,86,False,False,
98,2,1373.0609268709836,874.5455115177602,1.9507249229844867,128.02139282226562,11.693013191223145,0,4,0,3,3,-0.005041659423307642,-0.9424914606344681,-0.982686042397544,0,0,0,0,86,False,False,
98,3,1373.0609268709836,874.5455115177602,1.9507249229844867,128.02139282226562,11.693013191223145,0,4,0,3,3,-0.005041659423307642,-0.9424914606344681,-0.982686042397544,0,0,0,0,86,False,False,
98,4,1373.0609268709836,874.5455115177602,1.9507249229844867,128.02139282226562,11.693013191223145,0,4,0,3,3,-0.005041659423307642,-0.9424914606344681,-0.982686042397544,0,0,0,0,86,False,False,
98,5,1373.0609268709836,874.5455115177602,1.9507249229844867,128.02139282226562,11.693013191223145,0,4,0,3,3,-0.005041659423307642,-0.9424914606344681,-0.982686042397544,0,0,0,0,86,False,False,
98,6,1373.060926998048,874.5455114200826,1.9507249166964635,128.02139282226562,11.693013191223145,0,4,0,3,3,-0.0050416579993001025,-0.9424914606344681,-0.982686042397544,0,0,0,0,86,False,False,
98,7,1373.060926998048,874.5455114200826,1.9507249166964635,128.02139282226562,11.693013191223145,0,4,0,3,3,-0.0050416579993001025,-0.9424914606344681,-0.982686042397544,0,0,0,0,86,False,False,
99,0,1371.105889532287,874.6020358772101,1.9558542887724446,129.977294921875,11.71709156036377,0,4,0,3,3,-0.005480920279151115,-0.9477070047200304,-0.9824226921629142,0,0,0,0,87,False,False,
99,1,1371.105889532287,874.6020358772101,1.9558542887724446,129.977294921875,11.71709156036377,0,4,0,3,3,-0.005480920279151115,-0.9477070047200304,-0.9824226921629142,0,0,0,0,87,False,False,
99,2,1371.105889532287,874.6020358772101,1.9558542887724446,129.977294921875,11.71709156036377,0,4,0,3,3,-0.005480920279151115,-0.9477070047200304,-0.9824226921629142,0,0,0,0,87,False,False,
99,3,1371.105889532287,874.6020358772101,1.9558542887724446,129.977294921875,11.71709156036377,0,4,0,3,3,-0.005480920279151115,-0.9477070047200304,-0.9824226921629142,0,0,0,0,87,False,False,
99,4,1371.105889532287,874.6020358772101,1.9558542887724446,129.977294921875,11.71709156036377,0,4,0,3,3,-0.005480920279151115,-0.9477070047200304,-0.9824226921629142,0,0,0,0,87,False,False,
99,5,1371.105889532287,874.6020358772101,1.9558542887724446,129.977294921875,11.71709156036377,0,4,0,3,3,-0.005480920279151115,-0.9477070047200304,-0.9824226921629142,0,0,0,0,87,False,False,
99,6,1371.1058896653617,874.6020357752119,1.9558542826396106,129.977294921875,11.71709156036377,0,4,0,3,3,-0.005480918929940988,-0.9477070047200304,-0.9824226921629142,0,0,0,0,87,False,False,
99,7,1371.1058896653617,874.6020357752119,1.9558542826396106,129.977294921875,11.71709156036377,0,4,0,3,3,-0.005480918929940988,-0.9477070047200304,-0.9824226921629142,0,0,0,0,87,False,False,
100,0,1369.1458528229625,874.6585391959446,1.960850970096261,131.9380645751953,11.741171836853027,0,4,0,3,3,-0.006030749853627211,-0.9529355282891875,-0.982173568915519,0,0,0,0,88,False,False,
100,1,1369.1458528229625,874.6585391959446,1.960850970096261,131.9380645751953,11.741171836853027,0,4,0,3,3,-0.006030749853627211,-0.9529355282891875,-0.982173568915519,0,0,0,0,88,False,False,
100,2,1369.1458528229625,874.6585391959446,1.960850970096261,131.9380645751953,11.741171836853027,0,4,0,3,3,-0.006030749853627211,-0.9529355282891875,-0.982173568915519,0,0,0,0,88,False,False,
100,3,1369.1458528229625,874.6585391959446,1.960850970096261,131.9380645751953,11.741171836853027,0,4,0,3,3,-0.006030749853627211,-0.9529355282891875,-0.982173568915519,0,0,0,0,88,False,False,
100,4,1369.1458528229625,874.6585391959446,1.960850970096261,131.9380645751953,11.741171836853027,0,4,0,3,3,-0.006030749853627211,-0.9529355282891875,-0.982173568915519,0,0,0,0,88,False,False,
100,5,1369.1458528229625,874.6585391959446,1.960850970096261,131.9380645751953,11.741171836853027,0,4,0,3,3,-0.006030749853627211,-0.9529355282891875,-0.982173568915519,0,0,0,0,88,False,False,
100,6,1369.1458529572615,874.6585390902306,1.9608509687655078,131.9380645751953,11.741171836853027,0,4,0,3,3,-0.006030748659207082,-0.9529355282891875,-0.982173568915519,0,0,0,0,88,False,False,
100,7,1369.1458529572615,874.6585390902306,1.9608509687655078,131.9380645751953,11.741171836853027,0,4,0,3,3,-0.006030748659207082,-0.9529355282891875,-0.982173568915519,0,0,0,0,88,False,False,
101,0,1367.1809678053435,874.7150275646854,1.9656968403767041,133.90383911132812,11.765249252319336,0,4,0,3,3,-0.006728926149686585,-0.9581773401755195,-0.9819467964919719,0,0,0,0,89,False,False,
101,1,1367.1809678053435,874.7150275646854,1.9656968403767041,133.90383911132812,11.765249252319336,0,4,0,3,3,-0.006728926149686585,-0.9581773401755195,-0.9819467964919719,0,0,0,0,89,False,False,
101,2,1367.1809678053435,874.7150275646854,1.9656968403767041,133.90383911132812,11.765249252319336,0,4,0,3,3,-0.006728926149686585,-0.9581773401755195,-0.9819467964919719,0,0,0,0,89,False,False,
101,3,1367.1809678053435,874.7150275646854,1.9656968403767041,133.90383911132812,11.765249252319336,0,4,0,3,3,-0.006728926149686585,-0.9581773401755195,-0.9819467964919719,0,0,0,0,89,False,False,
101,4,1367.1809678053435,874.7150275646854,1.9656968403767041,133.90383911132812,11.765249252319336,0,4,0,3,3,-0.006728926149686585,-0.9581773401755195,-0.9819467964919719,0,0,0,0,89,False,False,
101,5,1367.1809678053435,874.7150275646854,1.9656968403767041,133.90383911132812,11.765249252319336,0,4,0,3,3,-0.006728926149686585,-0.9581773401755195,-0.9819467964919719,0,0,0,0,89,False,False,
101,6,1367.1809679455093,874.7150274560572,1.9656968344284054,133.90383911132812,11.765249252319336,0,4,0,3,3,-0.006728925260882256,-0.9581773401755195,-0.9819467964919719,0,0,0,0,89,False,False,
101,7,1367.1809679455093,874.7150274560572,1.9656968344284054,133.90383911132812,11.765249252319336,0,4,0,3,3,-0.006728925260882256,-0.9581773401755195,-0.9819467964919719,0,0,0,0,89,False,False,
102,0,1365.211383525025,874.7715070799067,1.9703939131344672,135.87413024902344,11.78931713104248,0,4,0,3,3,-0.007641645976491102,-0.9634311203250661,-0.9817415619726206,0,0,0,0,90,False,False,
102,1,1365.211383525025,874.7715070799067,1.9703939131344672,135.87413024902344,11.78931713104248,0,4,0,3,3,-0.007641645976491102,-0.9634311203250661,-0.9817415619726206,0,0,0,0,90,False,False,
102,2,1365.211383525025,874.7715070799067,1.9703939131344672,135.87413024902344,11.78931713104248,0,4,0,3,3,-0.007641645976491102,-0.9634311203250661,-0.9817415619726206,0,0,0,0,90,False,False,
102,3,1365.211383525025,874.7715070799067,1.9703939131344672,135.87413024902344,11.78931713104248,0,4,0,3,3,-0.007641645976491102,-0.9634311203250661,-0.9817415619726206,0,0,0,0,90,False,False,
102,4,1365.211383525025,874.7715070799067,1.9703939131344672,135.87413024902344,11.78931713104248,0,4,0,3,3,-0.007641645976491102,-0.9634311203250661,-0.9817415619726206,0,0,0,0,90,False,False,
102,5,1365.211383525025,874.7715070799067,1.9703939131344672,135.87413024902344,11.78931713104248,0,4,0,3,3,-0.007641645976491102,-0.9634311203250661,-0.9817415619726206,0,0,0,0,90,False,False,
102,6,1365.2113836709411,874.7715069694251,1.9703939073334036,135.87413024902344,11.78931713104248,0,4,0,3,3,-0.00764164543118429,-0.9634311203250661,-0.9817415619726206,0,0,0,0,90,False,False,
102,7,1365.2113836709411,874.7715069694251,1.9703939073334036,135.87413024902344,11.78931713104248,0,4,0,3,3,-0.00764164543118429,-0.9634311203250661,-0.9817415619726206,0,0,0,0,90,False,False,
103,0,1363.2372452874313,874.8279840170134,1.974945929779922,137.84906005859375,11.813366889953613,0,4,0,3,3,-0.008879424169042397,-0.9686971604475072,-0.9815367365930504,0,0,0,0,91,False,False,
103,1,1363.2372452874313,874.8279840170134,1.974945929779922,137.84906005859375,11.813366889953613,0,4,0,3,3,-0.008879424169042397,-0.9686971604475072,-0.9815367365930504,0,0,0,0,91,False,False,
103,2,1363.2372452874313,874.8279840170134,1.974945929779922,137.84906005859375,11.813366889953613,0,4,0,3,3,-0.008879424169042397,-0.9686971604475072,-0.9815367365930504,0,0,0,0,91,False,False,
103,3,1363.2372452874313,874.8279840170134,1.974945929779922,137.84906005859375,11.813366889953613,0,4,0,3,3,-0.008879424169042397,-0.9686971604475072,-0.9815367365930504,0,0,0,0,91,False,False,
103,4,1363.2372452874313,874.8279840170134,1.974945929779922,137.84906005859375,11.813366889953613,0,4,0,3,3,-0.008879424169042397,-0.9686971604475072,-0.9815367365930504,0,0,0,0,91,False,False,
103,5,1363.2372452874313,874.8279840170134,1.974945929779922,137.84906005859375,11.813366889953613,0,4,0,3,3,-0.008879424169042397,-0.9686971604475072,-0.9815367365930504,0,0,0,0,91,False,False,
103,6,1363.2372454436259,874.8279839053647,1.9749459194723458,137.84906005859375,11.813366889953613,0,4,0,3,3,-0.008879423887717685,-0.9686971604475072,-0.9815367365930504,0,0,0,0,91,False,False,
103,7,1363.2372454436259,874.8279839053647,1.9749459194723458,137.84906005859375,11.813366889953613,0,4,0,3,3,-0.008879423887717685,-0.9686971604475072,-0.9815367365930504,0,0,0,0,91,False,False,
104,0,1361.2586948729013,874.8844648984306,1.9793564188399468,139.82850646972656,11.837385177612305,0,4,0,3,3,-0.010631368092307032,-0.9739750641487799,-0.9813611691744184,0,0,0,0,92,False,False,
104,1,1361.2586948729013,874.8844648984306,1.9793564188399468,139.82850646972656,11.837385177612305,0,4,0,3,3,-0.010631368092307032,-0.9739750641487799,-0.9813611691744184,0,0,0,0,92,False,False,
104,2,1361.2586948729013,874.8844648984306,1.9793564188399468,139.82850646972656,11.837385177612305,0,4,0,3,3,-0.010631368092307032,-0.9739750641487799,-0.9813611691744184,0,0,0,0,92,False,False,
104,3,1361.2586948729013,874.8844648984306,1.9793564188399468,139.82850646972656,11.837385177612305,0,4,0,3,3,-0.010631368092307032,-0.9739750641487799,-0.9813611691744184,0,0,0,0,92,False,False,
104,4,1361.2586948729013,874.8844648984306,1.9793564188399468,139.82850646972656,11.837385177612305,0,4,0,3,3,-0.010631368092307032,-0.9739750641487799,-0.9813611691744184,0,0,0,0,92,False,False,
104,5,1361.2586948729013,874.8844648984306,1.9793564188399468,139.82850646972656,11.837385177612305,0,4,0,3,3,-0.010631368092307032,-0.9739750641487799,-0.9813611691744184,0,0,0,0,92,False,False,
104,6,1361.2586950344753,874.8844647859206,1.979356413438098,139.82850646972656,11.837385177612305,0,4,0,3,3,-0.010631367864757775,-0.9739750641487799,-0.9813611691744184,0,0,0,0,92,False,False,
104,7,1361.2586950344753,874.8844647859206,1.979356413438098,139.82850646972656,11.837385177612305,0,4,0,3,3,-0.010631367864757775,-0.9739750641487799,-0.9813611691744184,0,0,0,0,92,False,False,
105,0,1359.2758524521328,874.9409575771982,1.9836470170756346,141.81210327148438,11.861346244812012,0,4,0,3,3,-0.013300851925893968,-0.9792637256117873,-0.9811851979759151,0,0,0,0,93,False,False,
105,1,1359.2758524521328,874.9409575771982,1.9836470170756346,141.81210327148438,11.861346244812012,0,4,0,3,3,-0.013300851925893968,-0.9792637256117873,-0.9811851979759151,0,0,0,0,93,False,False,
105,2,1359.2758524521328,874.9409575771982,1.9836470170756346,141.81210327148438,11.861346244812012,0,4,0,3,3,-0.013300851925893968,-0.9792637256117873,-0.9811851979759151,0,0,0,0,93,False,False,
105,3,1359.2758524521328,874.9409575771982,1.9836470170756346,141.81210327148438,11.861346244812012,0,4,0,3,3,-0.013300851925893968,-0.9792637256117873,-0.9811851979759151,0,0,0,0,93,False,False,
105,4,1359.2758524521328,874.9409575771982,1.9836470170756346,141.81210327148438,11.861346244812012,0,4,0,3,3,-0.013300851925893968,-0.9792637256117873,-0.9811851979759151,0,0,0,0,93,False,False,
105,5,1359.2758524521328,874.9409575771982,1.9836470170756346,141.81210327148438,11.861346244812012,0,4,0,3,3,-0.013300851925893968,-0.9792637256117873,-0.9811851979759151,0,0,0,0,93,False,False,
105,6,1359.275852614294,874.9409574636052,1.9836470164578794,141.81210327148438,11.861346244812012,0,4,0,3,3,-0.013300851583818486,-0.9792637256117873,-0.9811851979759151,0,0,0,0,93,False,False,
105,7,1359.275852614294,874.9409574636052,1.9836470164578794,141.81210327148438,11.861346244812012,0,4,0,3,3,-0.013300851583818486,-0.9792637256117873,-0.9811851979759151,0,0,0,0,93,False,False,
106,0,1357.288827376894,874.9974682571636,1.9878284902319754,143.7999725341797,11.885201454162598,0,4,0,3,3,-0.01782528341350371,-0.9845631495992968,-0.9810242631110254,0,0,0,0,94,False,False,
106,1,1357.288827376894,874.9974682571636,1.9878284902319754,143.7999725341797,11.885201454162598,0,4,0,3,3,-0.01782528341350371,-0.9845631495992968,-0.9810242631110254,0,0,0,0,94,False,False,
106,2,1357.288827376894,874.9974682571636,1.9878284902319754,143.7999725341797,11.885201454162598,0,4,0,3,3,-0.01782528341350371,-0.9845631495992968,-0.9810242631110254,0,0,0,0,94,False,False,
106,3,1357.288827376894,874.9974682571636,1.9878284902319754,143.7999725341797,11.885201454162598,0,4,0,3,3,-0.01782528341350371,-0.9845631495992968,-0.9810242631110254,0,0,0,0,94,False,False,
106,4,1357.288827376894,874.9974682571636,1.9878284902319754,143.7999725341797,11.885201454162598,0,4,0,3,3,-0.01782528341350371,-0.9845631495992968,-0.9810242631110254,0,0,0,0,94,False,False,
106,5,1357.288827376894,874.9974682571636,1.9878284902319754,143.7999725341797,11.885201454162598,0,4,0,3,3,-0.01782528341350371,-0.9845631495992968,-0.9810242631110254,0,0,0,0,94,False,False,
106,6,1357.288827534962,874.9974681420182,1.9878284942794937,143.7999725341797,11.885201454162598,0,4,0,3,3,-0.01782528287925421,-0.9845631495992968,-0.9810242631110254,0,0,0,0,94,False,False,
106,7,1357.288827534962,874.9974681420182,1.9878284942794937,143.7999725341797,11.885201454162598,0,4,0,3,3,-0.01782528287925421,-0.9845631495992968,-0.9810242631110254,0,0,0,0,94,False,False,
107,0,1355.2977271192408,875.0540022350145,1.99190269006247,145.7918701171875,11.908824920654297,0,4,0,3,3,-0.02712510500787807,-0.9898716970253059,-0.980885273503476,0,0,0,0,95,False,False,
107,1,1355.2977271192408,875.0540022350145,1.99190269006247,145.7918701171875,11.908824920654297,0,4,0,3,3,-0.02712510500787807,-0.9898716970253059,-0.980885273503476,0,0,0,0,95,False,False,
107,2,1355.2977271192408,875.0540022350145,1.99190269006247,145.7918701171875,11.908824920654297,0,4,0,3,3,-0.02712510500787807,-0.9898716970253059,-0.980885273503476,0,0,0,0,95,False,False,
107,3,1355.2977271192408,875.0540022350145,1.99190269006247,145.7918701171875,11.908824920654297,0,4,0,3,3,-0.02712510500787807,-0.9898716970253059,-0.980885273503476,0,0,0,0,95,False,False,
107,4,1355.2977271192408,875.0540022350145,1.99190269006247,145.7918701171875,11.908824920654297,0,4,0,3,3,-0.02712510500787807,-0.9898716970253059,-0.980885273503476,0,0,0,0,95,False,False,
107,5,1355.2977271192408,875.0540022350145,1.99190269006247,145.7918701171875,11.908824920654297,0,4,0,3,3,-0.02712510500787807,-0.9898716970253059,-0.980885273503476,0,0,0,0,95,False,False,
107,6,1355.2977272779342,875.0540021171317,1.9919026893595366,145.7918701171875,11.908824920654297,0,4,0,3,3,-0.027125104139046622,-0.9898716970253059,-0.980885273503476,0,0,0,0,95,False,False,
107,7,1355.2977272779342,875.0540021171317,1.9919026893595366,145.7918701171875,11.908824920654297,0,4,0,3,3,-0.027125104139046622,-0.9898716970253059,-0.980885273503476,0,0,0,0,95,False,False,
108,0,1353.3026377701494,875.1105648961044,1.9958909903817834,147.78778076171875,11.931672096252441,0,4,0,3,3,-0.05703210778509755,-0.9951840051429827,-0.9807531910330167,0,0,0,0,96,False,False,
108,1,1353.3026377701494,875.1105648961044,1.9958909903817834,147.78778076171875,11.931672096252441,0,4,0,3,3,-0.05703210778509755,-0.9951840051429827,-0.9807531910330167,0,0,0,0,96,False,False,
108,2,1353.3026377701494,875.1105648961044,1.9958909903817834,147.78778076171875,11.931672096252441,0,4,0,3,3,-0.05703210778509755,-0.9951840051429827,-0.9807531910330167,0,0,0,0,96,False,False,
108,3,1353.3026377701494,875.1105648961044,1.9958909903817834,147.78778076171875,11.931672096252441,0,4,0,3,3,-0.05703210778509755,-0.9951840051429827,-0.9807531910330167,0,0,0,0,96,False,False,
108,4,1353.3026377701494,875.1105648961044,1.9958909903817834,147.78778076171875,11.931672096252441,0,4,0,3,3,-0.05703210778509755,-0.9951840051429827,-0.9807531910330167,0,0,0,0,96,False,False,
108,5,1353.3026377701494,875.1105648961044,1.9958909903817834,147.78778076171875,11.931672096252441,0,4,0,3,3,-0.05703210778509755,-0.9951840051429827,-0.9807531910330167,0,0,0,0,96,False,False,
108,6,1353.3026379294458,875.1105647752993,1.9958909896963386,147.78778076171875,11.931672096252441,0,4,0,3,3,-0.05703210685881888,-0.9951840051429827,-0.9807531910330167,0,0,0,0,96,False,False,
108,7,1353.3026379294458,875.1105647752993,1.9958909896963386,147.78778076171875,11.931672096252441,0,4,0,3,3,-0.05703210685881888,-0.9951840051429827,-0.9807531910330167,0,0,0,0,96,False,False,
109,0,1351.3036568231712,875.1671654257422,1.9997820997141176,149.78749084472656,15.155876159667969,0,5,1,4,4,0.006002086346025395,-0.9057897036942666,-0.9809706372135193,0,0,0,0,97,False,False,
109,1,1351.3036568231712,875.1671654257422,1.9997820997141176,149.78749084472656,15.155876159667969,0,5,1,4,4,0.006002086346025395,-0.9057897036942666,-0.9809706372135193,0,0,0,0,97,False,False,
109,2,1351.3036568231712,875.1671654257422,1.9997820997141176,149.78749084472656,15.155876159667969,0,5,1,4,4,0.006002086346025395,-0.9057897036942666,-0.9809706372135193,0,0,0,0,97,False,False,
109,3,1351.3036568231712,875.1671654257422,1.9997820997141176,149.78749084472656,15.155876159667969,0,5,1,4,4,0.006002086346025395,-0.9057897036942666,-0.9809706372135193,0,0,0,0,97,False,False,
109,4,1351.3036568231712,875.1671654257422,1.9997820997141176,149.78749084472656,15.155876159667969,0,5,1,4,4,0.006002086346025395,-0.9057897036942666,-0.9809706372135193,0,0,0,0,97,False,False,
109,5,1351.3036568231712,875.1671654257422,1.9997820997141176,149.78749084472656,15.155876159667969,0,5,1,4,4,0.006002086346025395,-0.9057897036942666,-0.9809706372135193,0,0,0,0,97,False,False,
109,6,1351.3036569830383,875.1671653014743,1.9997820990457396,149.78749084472656,15.155876159667969,0,5,1,4,4,0.006002087442790425,-0.9057897036942666,-0.9809706372135193,0,0,0,0,97,False,False,
109,7,1351.3036569830383,875.1671653014743,1.9997820990457396,149.78749084472656,15.155876159667969,0,5,1,4,4,0.006002087442790425,-0.9057897036942666,-0.9809706372135193,0,0,0,0,97,False,False,
110,0,1349.3004976705101,875.2237850622575,2.0039591747659955,151.7914581298828,15.180079460144043,0,5,0,4,4,0.006397179338163204,-0.911133375408982,-0.9843255012330365,0,0,0,0,98,False,False,
110,1,1349.3004976705101,875.2237850622575,2.0039591747659955,151.7914581298828,15.180079460144043,0,5,0,4,4,0.006397179338163204,-0.911133375408982,-0.9843255012330365,0,0,0,0,98,False,False,
110,2,1349.3004976705101,875.2237850622575,2.0039591747659955,151.7914581298828,15.180079460144043,0,5,0,4,4,0.006397179338163204,-0.911133375408982,-0.9843255012330365,0,0,0,0,98,False,False,
110,3,1349.3004976705101,875.2237850622575,2.0039591747659955,151.7914581298828,15.180079460144043,0,5,0,4,4,0.006397179338163204,-0.911133375408982,-0.9843255012330365,0,0,0,0,98,False,False,
110,4,1349.3004976705101,875.2237850622575,2.0039591747659955,151.7914581298828,15.180079460144043,0,5,0,4,4,0.006397179338163204,-0.911133375408982,-0.9843255012330365,0,0,0,0,98,False,False,
110,5,1349.3004976705101,875.2237850622575,2.0039591747659955,151.7914581298828,15.180079460144043,0,5,0,4,4,0.006397179338163204,-0.911133375408982,-0.9843255012330365,0,0,0,0,98,False,False,
110,6,1349.3004978169768,875.2237849345155,2.0039591880629124,151.7914581298828,15.180079460144043,0,5,0,4,4,0.0063971805616710575,-0.911133375408982,-0.9843255012330365,0,0,0,0,98,False,False,
110,7,1349.3004978169768,875.2237849345155,2.0039591880629124,151.7914581298828,15.180079460144043,0,5,0,4,4,0.0063971805616710575,-0.911133375408982,-0.9843255012330365,0,0,0,0,98,False,False,
111,0,1347.2932692147556,875.2804034495732,2.00802682137786,153.79957580566406,15.2042875289917,0,5,0,4,4,0.006846188215546868,-0.9164880800785754,-0.9877022971101196,0,0,0,0,99,False,False,
111,1,1347.2932692147556,875.2804034495732,2.00802682137786,153.79957580566406,15.2042875289917,0,5,0,4,4,0.006846188215546868,-0.9164880800785754,-0.9877022971101196,0,0,0,0,99,False,False,
111,2,1347.2932692147556,875.2804034495732,2.00802682137786,153.79957580566406,15.2042875289917,0,5,0,4,4,0.006846188215546868,-0.9164880800785754,-0.9877022971101196,0,0,0,0,99,False,False,
111,3,1347.2932692147556,875.2804034495732,2.00802682137786,153.79957580566406,15.2042875289917,0,5,0,4,4,0.006846188215546868,-0.9164880800785754,-0.9877022971101196,0,0,0,0,99,False,False,
111,4,1347.2932692147556,875.2804034495732,2.00802682137786,153.79957580566406,15.2042875289917,0,5,0,4,4,0.006846188215546868,-0.9164880800785754,-0.9877022971101196,0,0,0,0,99,False,False,
111,5,1347.2932692147556,875.2804034495732,2.00802682137786,153.79957580566406,15.2042875289917,0,5,0,4,4,0.006846188215546868,-0.9164880800785754,-0.9877022971101196,0,0,0,0,99,False,False,
111,6,1347.2932693435052,875.2804033184572,2.0080268389926057,153.79957580566406,15.2042875289917,0,5,0,4,4,0.006846189443176185,-0.9164880800785754,-0.9877022971101196,0,0,0,0,99,False,False,
111,7,1347.2932693435052,875.2804033184572,2.0080268389926057,153.79957580566406,15.2042875289917,0,5,0,4,4,0.006846189443176185,-0.9164880800785754,-0.9877022971101196,0,0,0,0,99,False,False,
112,0,1345.2821565863098,875.3370095722391,2.011909107643061,155.8114776611328,15.228494644165039,0,5,0,4,4,0.007356621710965783,-0.921852828144827,-0.9911004129217335,0,0,0,0,100,False,False,
112,1,1345.2821565863098,875.3370095722391,2.011909107643061,155.8114776611328,15.228494644165039,0,5,0,4,4,0.007356621710965783,-0.921852828144827,-0.9911004129217335,0,0,0,0,100,False,False,
112,2,1345.2821565863098,875.3370095722391,2.011909107643061,155.8114776611328,15.228494644165039,0,5,0,4,4,0.007356621710965783,-0.921852828144827,-0.9911004129217335,0,0,0,0,100,False,False,
112,3,1345.2821565863098,875.3370095722391,2.011909107643061,155.8114776611328,15.228494644165039,0,5,0,4,4,0.007356621710965783,-0.921852828144827,-0.9911004129217335,0,0,0,0,100,False,False,
112,4,1345.2821565863098,875.3370095722391,2.011909107643061,155.8114776611328,15.228494644165039,0,5,0,4,4,0.007356621710965783,-0.921852828144827,-0.9911004129217335,0,0,0,0,100,False,False,
112,5,1345.2821565863098,875.3370095722391,2.011909107643061,155.8114776611328,15.228494644165039,0,5,0,4,4,0.007356621710965783,-0.921852828144827,-0.9911004129217335,0,0,0,0,100,False,False,
112,6,1345.282156697784,875.3370094378025,2.0119091248181595,155.8114776611328,15.228494644165039,0,5,0,4,4,0.00735662291505845,-0.921852828144827,-0.9911004129217335,0,0,0,0,100,False,False,
112,7,1345.282156697784,875.3370094378025,2.0119091248181595,155.8114776611328,15.228494644165039,0,5,0,4,4,0.00735662291505845,-0.921852828144827,-0.9911004129217335,0,0,0,0,100,False,False,
113,0,1343.2672510358623,875.3936003102044,2.015700098935265,157.82716369628906,15.252697944641113,0,5,0,4,4,0.007941650200389618,-0.9272276031947133,-0.994521081447131,0,0,0,0,101,False,False,
113,1,1343.2672510358623,875.3936003102044,2.015700098935265,157.82716369628906,15.252697944641113,0,5,0,4,4,0.007941650200389618,-0.9272276031947133,-0.994521081447131,0,0,0,0,101,False,False,
113,2,1343.2672510358623,875.3936003102044,2.015700098935265,157.82716369628906,15.252697944641113,0,5,0,4,4,0.007941650200389618,-0.9272276031947133,-0.994521081447131,0,0,0,0,101,False,False,
113,3,1343.2672510358623,875.3936003102044,2.015700098935265,157.82716369628906,15.252697944641113,0,5,0,4,4,0.007941650200389618,-0.9272276031947133,-0.994521081447131,0,0,0,0,101,False,False,
113,4,1343.2672510358623,875.3936003102044,2.015700098935265,157.82716369628906,15.252697944641113,0,5,0,4,4,0.007941650200389618,-0.9272276031947133,-0.994521081447131,0,0,0,0,101,False,False,
113,5,1343.2672510358623,875.3936003102044,2.015700098935265,157.82716369628906,15.252697944641113,0,5,0,4,4,0.007941650200389618,-0.9272276031947133,-0.994521081447131,0,0,0,0,101,False,False,
113,6,1343.267251135154,875.3936001728895,2.015700111032099,157.82716369628906,15.252697944641113,0,5,0,4,4,0.007941651217108693,-0.9272276031947133,-0.994521081447131,0,0,0,0,101,False,False,
113,7,1343.267251135154,875.3936001728895,2.015700111032099,157.82716369628906,15.252697944641113,0,5,0,4,4,0.007941651217108693,-0.9272276031947133,-0.994521081447131,0,0,0,0,101,False,False,
114,0,1341.248638430715,875.4501751318182,2.019405249102005,159.8465118408203,15.276895523071289,0,5,0,4,4,0.00861693312097379,-0.9326120732672173,-0.9979563726997697,0,0,0,0,102,False,False,
114,1,1341.248638430715,875.4501751318182,2.019405249102005,159.8465118408203,15.276895523071289,0,5,0,4,4,0.00861693312097379,-0.9326120732672173,-0.9979563726997697,0,0,0,0,102,False,False,
114,2,1341.248638430715,875.4501751318182,2.019405249102005,159.8465118408203,15.276895523071289,0,5,0,4,4,0.00861693312097379,-0.9326120732672173,-0.9979563726997697,0,0,0,0,102,False,False,
114,3,1341.248638430715,875.4501751318182,2.019405249102005,159.8465118408203,15.276895523071289,0,5,0,4,4,0.00861693312097379,-0.9326120732672173,-0.9979563726997697,0,0,0,0,102,False,False,
114,4,1341.248638430715,875.4501751318182,2.019405249102005,159.8465118408203,15.276895523071289,0,5,0,4,4,0.00861693312097379,-0.9326120732672173,-0.9979563726997697,0,0,0,0,102,False,False,
114,5,1341.248638430715,875.4501751318182,2.019405249102005,159.8465118408203,15.276895523071289,0,5,0,4,4,0.00861693312097379,-0.9326120732672173,-0.9979563726997697,0,0,0,0,102,False,False,
114,6,1341.2486385088434,875.4501749922906,2.019405270194823,159.8465118408203,15.276895523071289,0,5,0,4,4,0.008616934005134327,-0.9326120732672173,-0.9979563726997697,0,0,0,0,102,False,False,
114,7,1341.2486385088434,875.4501749922906,2.019405270194823,159.8465118408203,15.276895523071289,0,5,0,4,4,0.008616934005134327,-0.9326120732672173,-0.9979563726997697,0,0,0,0,102,False,False,
115,0,1339.226406126809,875.5067363250694,2.0230231485433063,161.86952209472656,15.3010835647583,0,5,0,4,4,0.009407257489173856,-0.9380062137952256,-0.9985790891414674,0,0,0,0,103,False,False,
115,1,1339.226406126809,875.5067363250694,2.0230231485433063,161.86952209472656,15.3010835647583,0,5,0,4,4,0.009407257489173856,-0.9380062137952256,-0.9985790891414674,0,0,0,0,103,False,False,
115,2,1339.226406126809,875.5067363250694,2.0230231485433063,161.86952209472656,15.3010835647583,0,5,0,4,4,0.009407257489173856,-0.9380062137952256,-0.9985790891414674,0,0,0,0,103,False,False,
115,3,1339.226406126809,875.5067363250694,2.0230231485433063,161.86952209472656,15.3010835647583,0,5,0,4,4,0.009407257489173856,-0.9380062137952256,-0.9985790891414674,0,0,0,0,103,False,False,
115,4,1339.226406126809,875.5067363250694,2.0230231485433063,161.86952209472656,15.3010835647583,0,5,0,4,4,0.009407257489173856,-0.9380062137952256,-0.9985790891414674,0,0,0,0,103,False,False,
115,5,1339.226406126809,875.5067363250694,2.0230231485433063,161.86952209472656,15.3010835647583,0,5,0,4,4,0.009407257489173856,-0.9380062137952256,-0.9985790891414674,0,0,0,0,103,False,False,
115,6,1339.2264061889666,875.5067361838036,2.0230231644594077,161.86952209472656,15.3010835647583,0,5,0,4,4,0.009407258176452476,-0.9380062137952256,-0.9985790891414674,0,0,0,0,103,False,False,
115,7,1339.2264061889666,875.5067361838036,2.0230231644594077,161.86952209472656,15.3010835647583,0,5,0,4,4,0.009407258176452476,-0.9380062137952256,-0.9985790891414674,0,0,0,0,103,False,False,
116,0,1337.2006721261598,875.5632891757356,2.026523245932515,163.8960723876953,15.325257301330566,0,5,0,4,4,0.010341356257673183,-0.9434096888393269,-0.9950999293721113,0,0,0,0,104,False,False,
116,1,1337.2006721261598,875.5632891757356,2.026523245932515,163.8960723876953,15.325257301330566,0,5,0,4,4,0.010341356257673183,-0.9434096888393269,-0.9950999293721113,0,0,0,0,104,False,False,
116,2,1337.2006721261598,875.5632891757356,2.026523245932515,163.8960723876953,15.325257301330566,0,5,0,4,4,0.010341356257673183,-0.9434096888393269,-0.9950999293721113,0,0,0,0,104,False,False,
116,3,1337.2006721261598,875.5632891757356,2.026523245932515,163.8960723876953,15.325257301330566,0,5,0,4,4,0.010341356257673183,-0.9434096888393269,-0.9950999293721113,0,0,0,0,104,False,False,
116,4,1337.2006721261598,875.5632891757356,2.026523245932515,163.8960723876953,15.325257301330566,0,5,0,4,4,0.010341356257673183,-0.9434096888393269,-0.9950999293721113,0,0,0,0,104,False,False,
116,5,1337.2006721261598,875.5632891757356,2.026523245932515,163.8960723876953,15.325257301330566,0,5,0,4,4,0.010341356257673183,-0.9434096888393269,-0.9950999293721113,0,0,0,0,104,False,False,
116,6,1337.2006721680907,875.5632890326032,2.02652326609922,163.8960723876953,15.325257301330566,0,5,0,4,4,0.010341357021181037,-0.9434096888393269,-0.9950999293721113,0,0,0,0,104,False,False,
116,7,1337.2006721680907,875.5632890326032,2.02652326609922,163.8960723876953,15.325257301330566,0,5,0,4,4,0.010341357021181037,-0.9434096888393269,-0.9950999293721113,0,0,0,0,104,False,False,
117,0,1335.171549058846,875.6198387199026,2.0299109027862907,165.92604064941406,15.349411964416504,0,5,0,4,4,0.01147016312859661,-0.9488221242145439,-0.9915988345069106,0,0,0,0,105,False,False,
117,1,1335.171549058846,875.6198387199026,2.0299109027862907,165.92604064941406,15.349411964416504,0,5,0,4,4,0.01147016312859661,-0.9488221242145439,-0.9915988345069106,0,0,0,0,105,False,False,
117,2,1335.171549058846,875.6198387199026,2.0299109027862907,165.92604064941406,15.349411964416504,0,5,0,4,4,0.01147016312859661,-0.9488221242145439,-0.9915988345069106,0,0,0,0,105,False,False,
117,3,1335.171549058846,875.6198387199026,2.0299109027862907,165.92604064941406,15.349411964416504,0,5,0,4,4,0.01147016312859661,-0.9488221242145439,-0.9915988345069106,0,0,0,0,105,False,False,
117,4,1335.171549058846,875.6198387199026,2.0299109027862907,165.92604064941406,15.349411964416504,0,5,0,4,4,0.01147016312859661,-0.9488221242145439,-0.9915988345069106,0,0,0,0,105,False,False,
117,5,1335.171549058846,875.6198387199026,2.0299109027862907,165.92604064941406,15.349411964416504,0,5,0,4,4,0.01147016312859661,-0.9488221242145439,-0.9915988345069106,0,0,0,0,105,False,False,
117,6,1335.1715490857105,875.6198385750483,2.0299109177989183,165.92604064941406,15.349411964416504,0,5,0,4,4,0.011470163800020966,-0.9488221242145439,-0.9915988345069106,0,0,0,0,105,False,False,
117,7,1335.1715490857105,875.6198385750483,2.0299109177989183,165.92604064941406,15.349411964416504,0,5,0,4,4,0.011470163800020966,-0.9488221242145439,-0.9915988345069106,0,0,0,0,105,False,False,
118,0,1333.1391478387895,875.6763896410833,2.0331878235849206,167.9591827392578,15.373540878295898,0,5,0,4,4,0.01285955536968749,-0.954242832903885,-0.9880904278314302,0,0,0,0,106,False,False,
118,1,1333.1391478387895,875.6763896410833,2.0331878235849206,167.9591827392578,15.373540878295898,0,5,0,4,4,0.01285955536968749,-0.954242832903885,-0.9880904278314302,0,0,0,0,106,False,False,
118,2,1333.1391478387895,875.6763896410833,2.0331878235849206,167.9591827392578,15.373540878295898,0,5,0,4,4,0.01285955536968749,-0.954242832903885,-0.9880904278314302,0,0,0,0,106,False,False,
118,3,1333.1391478387895,875.6763896410833,2.0331878235849206,167.9591827392578,15.373540878295898,0,5,0,4,4,0.01285955536968749,-0.954242832903885,-0.9880904278314302,0,0,0,0,106,False,False,
118,4,1333.1391478387895,875.6763896410833,2.0331878235849206,167.9591827392578,15.373540878295898,0,5,0,4,4,0.01285955536968749,-0.954242832903885,-0.9880904278314302,0,0,0,0,106,False,False,
118,5,1333.1391478387895,875.6763896410833,2.0331878235849206,167.9591827392578,15.373540878295898,0,5,0,4,4,0.01285955536968749,-0.954242832903885,-0.9880904278314302,0,0,0,0,106,False,False,
118,6,1333.1391478556177,875.6763894946178,2.033187833572406,167.9591827392578,15.373540878295898,0,5,0,4,4,0.01285955596140127,-0.954242832903885,-0.9880904278314302,0,0,0,0,106,False,False,
118,7,1333.1391478556177,875.6763894946178,2.033187833572406,167.9591827392578,15.373540878295898,0,5,0,4,4,0.01285955596140127,-0.954242832903885,-0.9880904278314302,0,0,0,0,106,False,False,
119,0,1331.1035764025694,875.7329463994903,2.036356977270109,169.99562072753906,15.397632598876953,0,5,0,4,4,0.01461941477560313,-0.959672053919864,-0.9845667793591274,0,0,0,0,107,False,False,
119,1,1331.1035764025694,875.7329463994903,2.036356977270109,169.99562072753906,15.397632598876953,0,5,0,4,4,0.01461941477560313,-0.959672053919864,-0.9845667793591274,0,0,0,0,107,False,False,
119,2,1331.1035764025694,875.7329463994903,2.036356977270109,169.99562072753906,15.397632598876953,0,5,0,4,4,0.01461941477560313,-0.959672053919864,-0.9845667793591274,0,0,0,0,107,False,False,
119,3,1331.1035764025694,875.7329463994903,2.036356977270109,169.99562072753906,15.397632598876953,0,5,0,4,4,0.01461941477560313,-0.959672053919864,-0.9845667793591274,0,0,0,0,107,False,False,
119,4,1331.1035764025694,875.7329463994903,2.036356977270109,169.99562072753906,15.397632598876953,0,5,0,4,4,0.01461941477560313,-0.959672053919864,-0.9845667793591274,0,0,0,0,107,False,False,
119,5,1331.1035764025694,875.7329463994903,2.036356977270109,169.99562072753906,15.397632598876953,0,5,0,4,4,0.01461941477560313,-0.959672053919864,-0.9845667793591274,0,0,0,0,107,False,False,
119,6,1331.1035764096182,875.7329462516342,2.036356987007102,169.99562072753906,15.397632598876953,0,5,0,4,4,0.014619415295044607,-0.959672053919864,-0.9845667793591274,0,0,0,0,107,False,False,
119,7,1331.1035764096182,875.7329462516342,2.036356987007102,169.99562072753906,15.397632598876953,0,5,0,4,4,0.014619415295044607,-0.959672053919864,-0.9845667793591274,0,0,0,0,107,False,False,
120,0,1329.0649340658192,875.7895143242966,2.0394270046527576,172.03497314453125,15.421672821044922,0,5,0,4,4,0.016926907370692686,-0.9651086747469013,-0.9810145062885606,0,0,0,0,108,False,False,
120,1,1329.0649340658192,875.7895143242966,2.0394270046527576,172.03497314453125,15.421672821044922,0,5,0,4,4,0.016926907370692686,-0.9651086747469013,-0.9810145062885606,0,0,0,0,108,False,False,
120,2,1329.0649340658192,875.7895143242966,2.0394270046527576,172.03497314453125,15.421672821044922,0,5,0,4,4,0.016926907370692686,-0.9651086747469013,-0.9810145062885606,0,0,0,0,108,False,False,
120,3,1329.0649340658192,875.7895143242966,2.0394270046527576,172.03497314453125,15.421672821044922,0,5,0,4,4,0.016926907370692686,-0.9651086747469013,-0.9810145062885606,0,0,0,0,108,False,False,
120,4,1329.0649340658192,875.7895143242966,2.0394270046527576,172.03497314453125,15.421672821044922,0,5,0,4,4,0.016926907370692686,-0.9651086747469013,-0.9810145062885606,0,0,0,0,108,False,False,
120,5,1329.0649340658192,875.7895143242966,2.0394270046527576,172.03497314453125,15.421672821044922,0,5,0,4,4,0.016926907370692686,-0.9651086747469013,-0.9810145062885606,0,0,0,0,108,False,False,
120,6,1329.0649340586963,875.7895141755431,2.0394270187940964,172.03497314453125,15.421672821044922,0,5,0,4,4,0.016926907773446312,-0.9651086747469013,-0.9810145062885606,0,0,0,0,108,False,False,
120,7,1329.0649340586963,875.7895141755431,2.0394270187940964,172.03497314453125,15.421672821044922,0,5,0,4,4,0.016926907773446312,-0.9651086747469013,-0.9810145062885606,0,0,0,0,108,False,False,
121,0,1327.0232901479483,875.8461180517353,2.0424284245327695,174.07737731933594,15.445637702941895,0,5,0,4,4,0.020072659887000556,-0.9705528235131003,-0.9774695423483185,0,0,0,0,109,False,False,
121,1,1327.0232901479483,875.8461180517353,2.0424284245327695,174.07737731933594,15.445637702941895,0,5,0,4,4,0.020072659887000556,-0.9705528235131003,-0.9774695423483185,0,0,0,0,109,False,False,
121,2,1327.0232901479483,875.8461180517353,2.0424284245327695,174.07737731933594,15.445637702941895,0,5,0,4,4,0.020072659887000556,-0.9705528235131003,-0.9774695423483185,0,0,0,0,109,False,False,
121,3,1327.0232901479483,875.8461180517353,2.0424284245327695,174.07737731933594,15.445637702941895,0,5,0,4,4,0.020072659887000556,-0.9705528235131003,-0.9774695423483185,0,0,0,0,109,False,False,
121,4,1327.0232901479483,875.8461180517353,2.0424284245327695,174.07737731933594,15.445637702941895,0,5,0,4,4,0.020072659887000556,-0.9705528235131003,-0.9774695423483185,0,0,0,0,109,False,False,
121,5,1327.0232901479483,875.8461180517353,2.0424284245327695,174.07737731933594,15.445637702941895,0,5,0,4,4,0.020072659887000556,-0.9705528235131003,-0.9774695423483185,0,0,0,0,109,False,False,
121,6,1327.0232901270113,875.8461179021662,2.0424284383190074,174.07737731933594,15.445637702941895,0,5,0,4,4,0.020072660260450764,-0.9705528235131003,-0.9774695423483185,0,0,0,0,109,False,False,
121,7,1327.0232901270113,875.8461179021662,2.0424284383190074,174.07737731933594,15.445637702941895,0,5,0,4,4,0.020072660260450764,-0.9705528235131003,-0.9774695423483185,0,0,0,0,109,False,False,
122,0,1324.9787211924033,875.9027726148794,2.0453537477666957,176.12271118164062,15.469491958618164,0,5,0,4,4,0.024646878266910713,-0.9760037322291745,-0.9739026438705558,0,0,0,0,110,False,False,
122,1,1324.9787211924033,875.9027726148794,2.0453537477666957,176.12271118164062,15.469491958618164,0,5,0,4,4,0.024646878266910713,-0.9760037322291745,-0.9739026438705558,0,0,0,0,110,False,False,
122,2,1324.9787211924033,875.9027726148794,2.0453537477666957,176.12271118164062,15.469491958618164,0,5,0,4,4,0.024646878266910713,-0.9760037322291745,-0.9739026438705558,0,0,0,0,110,False,False,
122,3,1324.9787211924033,875.9027726148794,2.0453537477666957,176.12271118164062,15.469491958618164,0,5,0,4,4,0.024646878266910713,-0.9760037322291745,-0.9739026438705558,0,0,0,0,110,False,False,
122,4,1324.9787211924033,875.9027726148794,2.0453537477666957,176.12271118164062,15.469491958618164,0,5,0,4,4,0.024646878266910713,-0.9760037322291745,-0.9739026438705558,0,0,0,0,110,False,False,
122,5,1324.9787211924033,875.9027726148794,2.0453537477666957,176.12271118164062,15.469491958618164,0,5,0,4,4,0.024646878266910713,-0.9760037322291745,-0.9739026438705558,0,0,0,0,110,False,False,
122,6,1324.9787211580015,875.9027724645921,2.0453537612065484,176.12271118164062,15.469491958618164,0,5,0,4,4,0.02464687860641214,-0.9760037322291745,-0.9739026438705558,0,0,0,0,110,False,False,
122,7,1324.9787211580015,875.9027724645921,2.0453537612065484,176.12271118164062,15.469491958618164,0,5,0,4,4,0.02464687860641214,-0.9760037322291745,-0.9739026438705558,0,0,0,0,110,False,False,
123,0,1322.9313085961353,875.959485998165,2.048197926764146,178.1709747314453,15.493162155151367,0,5,0,4,4,0.03191589851564187,-0.9814604835614055,-0.9703351272165299,0,0,0,0,111,False,False,
123,1,1322.9313085961353,875.959485998165,2.048197926764146,178.1709747314453,15.493162155151367,0,5,0,4,4,0.03191589851564187,-0.9814604835614055,-0.9703351272165299,0,0,0,0,111,False,False,
123,2,1322.9313085961353,875.959485998165,2.048197926764146,178.1709747314453,15.493162155151367,0,5,0,4,4,0.03191589851564187,-0.9814604835614055,-0.9703351272165299,0,0,0,0,111,False,False,
123,3,1322.9313085961353,875.959485998165,2.048197926764146,178.1709747314453,15.493162155151367,0,5,0,4,4,0.03191589851564187,-0.9814604835614055,-0.9703351272165299,0,0,0,0,111,False,False,
123,4,1322.9313085961353,875.959485998165,2.048197926764146,178.1709747314453,15.493162155151367,0,5,0,4,4,0.03191589851564187,-0.9814604835614055,-0.9703351272165299,0,0,0,0,111,False,False,
123,5,1322.9313085961353,875.959485998165,2.048197926764146,178.1709747314453,15.493162155151367,0,5,0,4,4,0.03191589851564187,-0.9814604835614055,-0.9703351272165299,0,0,0,0,111,False,False,
123,6,1322.9313085532642,875.9594858474276,2.04819793521763,178.1709747314453,15.493162155151367,0,5,0,4,4,0.031915898728357206,-0.9814604835614055,-0.9703351272165299,0,0,0,0,111,False,False,
123,7,1322.9313085532642,875.9594858474276,2.04819793521763,178.1709747314453,15.493162155151367,0,5,0,4,4,0.031915898728357206,-0.9814604835614055,-0.9703351272165299,0,0,0,0,111,False,False,
124,0,1320.881135836866,876.0162604307789,2.0509587219270227,180.221923828125,15.516487121582031,0,5,0,4,4,0.04526471150111257,-0.9869199524933722,-0.9667536051182078,0,0,0,0,112,False,False,
124,1,1320.881135836866,876.0162604307789,2.0509587219270227,180.221923828125,15.516487121582031,0,5,0,4,4,0.04526471150111257,-0.9869199524933722,-0.9667536051182078,0,0,0,0,112,False,False,
124,2,1320.881135836866,876.0162604307789,2.0509587219270227,180.221923828125,15.516487121582031,0,5,0,4,4,0.04526471150111257,-0.9869199524933722,-0.9667536051182078,0,0,0,0,112,False,False,
124,3,1320.881135836866,876.0162604307789,2.0509587219270227,180.221923828125,15.516487121582031,0,5,0,4,4,0.04526471150111257,-0.9869199524933722,-0.9667536051182078,0,0,0,0,112,False,False,
124,4,1320.881135836866,876.0162604307789,2.0509587219270227,180.221923828125,15.516487121582031,0,5,0,4,4,0.04526471150111257,-0.9869199524933722,-0.9667536051182078,0,0,0,0,112,False,False,
124,5,1320.881135836866,876.0162604307789,2.0509587219270227,180.221923828125,15.516487121582031,0,5,0,4,4,0.04526471150111257,-0.9869199524933722,-0.9667536051182078,0,0,0,0,112,False,False,
124,6,1320.8811357903867,876.0162602795165,2.0509587255194424,180.221923828125,15.516487121582031,0,5,0,4,4,0.0452647116950061,-0.9869199524933722,-0.9667536051182078,0,0,0,0,112,False,False,
124,7,1320.8811357903867,876.0162602795165,2.0509587255194424,180.221923828125,15.516487121582031,0,5,0,4,4,0.0452647116950061,-0.9869199524933722,-0.9667536051182078,0,0,0,0,112,False,False,
125,0,1318.828443261409,876.073093656839,2.0534792000215765,182.27532958984375,15.538957595825195,0,5,0,4,4,0.07773819604608813,-0.9923719400038713,-0.9631793957234838,0,0,0,0,113,False,False,
125,1,1318.828443261409,876.073093656839,2.0534792000215765,182.27532958984375,15.538957595825195,0,5,0,4,4,0.07773819604608813,-0.9923719400038713,-0.9631793957234838,0,0,0,0,113,False,False,
125,2,1318.828443261409,876.073093656839,2.0534792000215765,182.27532958984375,15.538957595825195,0,5,0,4,4,0.07773819604608813,-0.9923719400038713,-0.9631793957234838,0,0,0,0,113,False,False,
125,3,1318.828443261409,876.073093656839,2.0534792000215765,182.27532958984375,15.538957595825195,0,5,0,4,4,0.07773819604608813,-0.9923719400038713,-0.9631793957234838,0,0,0,0,113,False,False,
125,4,1318.828443261409,876.073093656839,2.0534792000215765,182.27532958984375,15.538957595825195,0,5,0,4,4,0.07773819604608813,-0.9923719400038713,-0.9631793957234838,0,0,0,0,113,False,False,
125,5,1318.828443261409,876.073093656839,2.0534792000215765,182.27532958984375,15.538957595825195,0,5,0,4,4,0.07773819604608813,-0.9923719400038713,-0.9631793957234838,0,0,0,0,113,False,False,
125,6,1318.8284432021194,876.0730935053421,2.0534792128203323,182.27532958984375,15.538957595825195,0,5,0,4,4,0.07773819622869066,-0.9923719400038713,-0.9631793957234838,0,0,0,0,113,False,False,
125,7,1318.8284432021194,876.0730935053421,2.0534792128203323,182.27532958984375,15.538957595825195,0,5,0,4,4,0.07773819622869066,-0.9923719400038713,-0.9631793957234838,0,0,0,0,113,False,False,
126,0,1316.7733228953034,876.1299718854266,2.0559073062930375,184.33128356933594,15.556424140930176,0,5,0,4,4,0.2665252413299208,-0.9977138744124239,-0.9595826318283392,0,0,0,0,114,False,False,
126,1,1316.7733228953034,876.1299718854266,2.0559073062930375,184.33128356933594,15.556424140930176,0,5,0,4,4,0.2665252413299208,-0.9977138744124239,-0.9595826318283392,0,0,0,0,114,False,False,
126,2,1316.7733228953034,876.1299718854266,2.0559073062930375,184.33128356933594,15.556424140930176,0,5,0,4,4,0.2665252413299208,-0.9977138744124239,-0.9595826318283392,0,0,0,0,114,False,False,
126,3,1316.7733228953034,876.1299718854266,2.0559073062930375,184.33128356933594,15.556424140930176,0,5,0,4,4,0.2665252413299208,-0.9977138744124239,-0.9595826318283392,0,0,0,0,114,False,False,
126,4,1316.7733228953034,876.1299718854266,2.0559073062930375,184.33128356933594,15.556424140930176,0,5,0,4,4,0.2665252413299208,-0.9977138744124239,-0.9595826318283392,0,0,0,0,114,False,False,
126,5,1316.7733228953034,876.1299718854266,2.0559073062930375,184.33128356933594,15.556424140930176,0,5,0,4,4,0.2665252413299208,-0.9977138744124239,-0.9595826318283392,0,0,0,0,114,False,False,
126,6,1316.7733228281904,876.1299717342148,2.055907314121234,184.33128356933594,15.556424140930176,0,5,0,4,4,0.266525241308655,-0.9977138744124239,-0.9595826318283392,0,0,0,0,114,False,False,
126,7,1316.7733228281904,876.1299717342148,2.055907314121234,184.33128356933594,15.556424140930176,0,5,0,4,4,0.266525241308655,-0.9977138744124239,-0.9595826318283392,0,0,0,0,114,False,False,
127,0,1314.7159698521746,876.1868058516923,2.0581379068936783,186.3894500732422,18.780044555664062,0,6,1,5,5,0.03464221166076919,-0.9084496147412197,-0.9517275696779698,0,0,0,0,115,False,False,
127,1,1314.7159698521746,876.1868058516923,2.0581379068936783,186.3894500732422,18.780044555664062,0,6,1,5,5,0.03464221166076919,-0.9084496147412197,-0.9517275696779698,0,0,0,0,115,False,False,
127,2,1314.7159698521746,876.1868058516923,2.0581379068936783,186.3894500732422,18.780044555664062,0,6,1,5,5,0.03464221166076919,-0.9084496147412197,-0.9517275696779698,0,0,0,0,115,False,False,
127,3,1314.7159698521746,876.1868058516923,2.0581379068936783,186.3894500732422,18.780044555664062,0,6,1,5,5,0.03464221166076919,-0.9084496147412197,-0.9517275696779698,0,0,0,0,115,False,False,
127,4,1314.7159698521746,876.1868058516923,2.0581379068936783,186.3894500732422,18.780044555664062,0,6,1,5,5,0.03464221166076919,-0.9084496147412197,-0.9517275696779698,0,0,0,0,115,False,False,
127,5,1314.7159698521746,876.1868058516923,2.0581379068936783,186.3894500732422,18.780044555664062,0,6,1,5,5,0.03464221166076919,-0.9084496147412197,-0.9517275696779698,0,0,0,0,115,False,False,
127,6,1314.7159697727834,876.1868057006857,2.058137919172951,186.3894500732422,18.780044555664062,0,6,1,5,5,0.034642211702199825,-0.9084496147412197,-0.9517275696779698,0,0,0,0,115,False,False,
127,7,1314.7159697727834,876.1868057006857,2.058137919172951,186.3894500732422,18.780044555664062,0,6,1,5,5,0.034642211702199825,-0.9084496147412197,-0.9517275696779698,0,0,0,0,115,False,False,
128,0,1312.6560967098046,876.2436270543819,2.060656694292386,188.45004272460938,18.803613662719727,0,6,0,5,5,0.03687990423303581,-0.9139358785470051,-0.9411787812348386,0,0,0,0,116,False,False,
128,1,1312.6560967098046,876.2436270543819,2.060656694292386,188.45004272460938,18.803613662719727,0,6,0,5,5,0.03687990423303581,-0.9139358785470051,-0.9411787812348386,0,0,0,0,116,False,False,
128,2,1312.6560967098046,876.2436270543819,2.060656694292386,188.45004272460938,18.803613662719727,0,6,0,5,5,0.03687990423303581,-0.9139358785470051,-0.9411787812348386,0,0,0,0,116,False,False,
128,3,1312.6560967098046,876.2436270543819,2.060656694292386,188.45004272460938,18.803613662719727,0,6,0,5,5,0.03687990423303581,-0.9139358785470051,-0.9411787812348386,0,0,0,0,116,False,False,
128,4,1312.6560967098046,876.2436270543819,2.060656694292386,188.45004272460938,18.803613662719727,0,6,0,5,5,0.03687990423303581,-0.9139358785470051,-0.9411787812348386,0,0,0,0,116,False,False,
128,5,1312.6560967098046,876.2436270543819,2.060656694292386,188.45004272460938,18.803613662719727,0,6,0,5,5,0.03687990423303581,-0.9139358785470051,-0.9411787812348386,0,0,0,0,116,False,False,
128,6,1312.656096632383,876.2436269031587,2.0606566923175986,188.45004272460938,18.803613662719727,0,6,0,5,5,0.036879904283185286,-0.9139358785470051,-0.9411787812348386,0,0,0,0,116,False,False,
128,7,1312.656096632383,876.2436269031587,2.0606566923175986,188.45004272460938,18.803613662719727,0,6,0,5,5,0.036879904283185286,-0.9139358785470051,-0.9411787812348386,0,0,0,0,116,False,False,
129,0,1310.5938182926343,876.3004461955408,2.063060998790077,190.51307678222656,18.827131271362305,0,6,0,5,5,0.03941906695260589,-0.9194274459473859,-0.9305997664737328,0,0,0,0,117,False,False,
129,1,1310.5938182926343,876.3004461955408,2.063060998790077,190.51307678222656,18.827131271362305,0,6,0,5,5,0.03941906695260589,-0.9194274459473859,-0.9305997664737328,0,0,0,0,117,False,False,
129,2,1310.5938182926343,876.3004461955408,2.063060998790077,190.51307678222656,18.827131271362305,0,6,0,5,5,0.03941906695260589,-0.9194274459473859,-0.9305997664737328,0,0,0,0,117,False,False,
129,3,1310.5938182926343,876.3004461955408,2.063060998790077,190.51307678222656,18.827131271362305,0,6,0,5,5,0.03941906695260589,-0.9194274459473859,-0.9305997664737328,0,0,0,0,117,False,False,
129,4,1310.5938182926343,876.3004461955408,2.063060998790077,190.51307678222656,18.827131271362305,0,6,0,5,5,0.03941906695260589,-0.9194274459473859,-0.9305997664737328,0,0,0,0,117,False,False,
129,5,1310.5938182926343,876.3004461955408,2.063060998790077,190.51307678222656,18.827131271362305,0,6,0,5,5,0.03941906695260589,-0.9194274459473859,-0.9305997664737328,0,0,0,0,117,False,False,
129,6,1310.5938182171194,876.3004460436313,2.0630609968650813,190.51307678222656,18.827131271362305,0,6,0,5,5,0.0394190671480642,-0.9194274459473859,-0.9305997664737328,0,0,0,0,117,False,False,
129,7,1310.5938182171194,876.3004460436313,2.0630609968650813,190.51307678222656,18.827131271362305,0,6,0,5,5,0.0394190671480642,-0.9194274459473859,-0.9305997664737328,0,0,0,0,117,False,False,
130,0,1308.5292888961867,876.3572655177079,2.0653111301128884,192.57843017578125,18.85057830810547,0,6,0,5,5,0.042330776214967294,-0.9249237107302757,-0.9199988582677481,0,0,0,0,118,False,False,
130,1,1308.5292888961867,876.3572655177079,2.0653111301128884,192.57843017578125,18.85057830810547,0,6,0,5,5,0.042330776214967294,-0.9249237107302757,-0.9199988582677481,0,0,0,0,118,False,False,
130,2,1308.5292888961867,876.3572655177079,2.0653111301128884,192.57843017578125,18.85057830810547,0,6,0,5,5,0.042330776214967294,-0.9249237107302757,-0.9199988582677481,0,0,0,0,118,False,False,
130,3,1308.5292888961867,876.3572655177079,2.0653111301128884,192.57843017578125,18.85057830810547,0,6,0,5,5,0.042330776214967294,-0.9249237107302757,-0.9199988582677481,0,0,0,0,118,False,False,
130,4,1308.5292888961867,876.3572655177079,2.0653111301128884,192.57843017578125,18.85057830810547,0,6,0,5,5,0.042330776214967294,-0.9249237107302757,-0.9199988582677481,0,0,0,0,118,False,False,
130,5,1308.5292888961867,876.3572655177079,2.0653111301128884,192.57843017578125,18.85057830810547,0,6,0,5,5,0.042330776214967294,-0.9249237107302757,-0.9199988582677481,0,0,0,0,118,False,False,
130,6,1308.5292888318354,876.3572653653234,2.065311118940269,192.57843017578125,18.85057830810547,0,6,0,5,5,0.04233077626665944,-0.9249237107302757,-0.9199988582677481,0,0,0,0,118,False,False,
130,7,1308.5292888318354,876.3572653653234,2.065311118940269,192.57843017578125,18.85057830810547,0,6,0,5,5,0.04233077626665944,-0.9249237107302757,-0.9199988582677481,0,0,0,0,118,False,False,
131,0,1306.4626433316846,876.4140817264692,2.067426412440029,194.64585876464844,18.87394142150879,0,6,0,5,5,0.04570276430881708,-0.9304237033861401,-0.9093906391448019,0,0,0,0,119,False,False,
131,1,1306.4626433316846,876.4140817264692,2.067426412440029,194.64585876464844,18.87394142150879,0,6,0,5,5,0.04570276430881708,-0.9304237033861401,-0.9093906391448019,0,0,0,0,119,False,False,
131,2,1306.4626433316846,876.4140817264692,2.067426412440029,194.64585876464844,18.87394142150879,0,6,0,5,5,0.04570276430881708,-0.9304237033861401,-0.9093906391448019,0,0,0,0,119,False,False,
131,3,1306.4626433316846,876.4140817264692,2.067426412440029,194.64585876464844,18.87394142150879,0,6,0,5,5,0.04570276430881708,-0.9304237033861401,-0.9093906391448019,0,0,0,0,119,False,False,
131,4,1306.4626433316846,876.4140817264692,2.067426412440029,194.64585876464844,18.87394142150879,0,6,0,5,5,0.04570276430881708,-0.9304237033861401,-0.9093906391448019,0,0,0,0,119,False,False,
131,5,1306.4626433316846,876.4140817264692,2.067426412440029,194.64585876464844,18.87394142150879,0,6,0,5,5,0.04570276430881708,-0.9304237033861401,-0.9093906391448019,0,0,0,0,119,False,False,
131,6,1306.4626432828732,876.414081573918,2.0674263969013125,194.64585876464844,18.87394142150879,0,6,0,5,5,0.045702764228677965,-0.9304237033861401,-0.9093906391448019,0,0,0,0,119,False,False,
131,7,1306.4626432828732,876.414081573918,2.0674263969013125,194.64585876464844,18.87394142150879,0,6,0,5,5,0.045702764228677965,-0.9304237033861401,-0.9093906391448019,0,0,0,0,119,False,False,
132,0,1304.3940298022258,876.4708899449063,2.069393415458336,196.71524047851562,18.897205352783203,0,6,0,5,5,0.04965590410718556,-0.9359266139714181,-0.8987605301502501,0,0,0,0,120,False,False,
132,1,1304.3940298022258,876.4708899449063,2.069393415458336,196.71524047851562,18.897205352783203,0,6,0,5,5,0.04965590410718556,-0.9359266139714181,-0.8987605301502501,0,0,0,0,120,False,False,
132,2,1304.3940298022258,876.4708899449063,2.069393415458336,196.71524047851562,18.897205352783203,0,6,0,5,5,0.04965590410718556,-0.9359266139714181,-0.8987605301502501,0,0,0,0,120,False,False,
132,3,1304.3940298022258,876.4708899449063,2.069393415458336,196.71524047851562,18.897205352783203,0,6,0,5,5,0.04965590410718556,-0.9359266139714181,-0.8987605301502501,0,0,0,0,120,False,False,
132,4,1304.3940298022258,876.4708899449063,2.069393415458336,196.71524047851562,18.897205352783203,0,6,0,5,5,0.04965590410718556,-0.9359266139714181,-0.8987605301502501,0,0,0,0,120,False,False,
132,5,1304.3940298022258,876.4708899449063,2.069393415458336,196.71524047851562,18.897205352783203,0,6,0,5,5,0.04965590410718556,-0.9359266139714181,-0.8987605301502501,0,0,0,0,120,False,False,
132,6,1304.3940297685692,876.470889792457,2.0693934003118954,196.71524047851562,18.897205352783203,0,6,0,5,5,0.04965590394782345,-0.9359266139714181,-0.8987605301502501,0,0,0,0,120,False,False,
132,7,1304.3940297685692,876.470889792457,2.0693934003118954,196.71524047851562,18.897205352783203,0,6,0,5,5,0.04965590394782345,-0.9359266139714181,-0.8987605301502501,0,0,0,0,120,False,False,
133,0,1302.323599641903,876.5276861065776,2.0712090316418466,198.7864532470703,18.920351028442383,0,6,0,5,5,0.05435397152772939,-0.9414314698644036,-0.8881231173852834,0,0,0,0,121,False,False,
133,1,1302.323599641903,876.5276861065776,2.0712090316418466,198.7864532470703,18.920351028442383,0,6,0,5,5,0.05435397152772939,-0.9414314698644036,-0.8881231173852834,0,0,0,0,121,False,False,
133,2,1302.323599641903,876.5276861065776,2.0712090316418466,198.7864532470703,18.920351028442383,0,6,0,5,5,0.05435397152772939,-0.9414314698644036,-0.8881231173852834,0,0,0,0,121,False,False,
133,3,1302.323599641903,876.5276861065776,2.0712090316418466,198.7864532470703,18.920351028442383,0,6,0,5,5,0.05435397152772939,-0.9414314698644036,-0.8881231173852834,0,0,0,0,121,False,False,
133,4,1302.323599641903,876.5276861065776,2.0712090316418466,198.7864532470703,18.920351028442383,0,6,0,5,5,0.05435397152772939,-0.9414314698644036,-0.8881231173852834,0,0,0,0,121,False,False,
133,5,1302.323599641903,876.5276861065776,2.0712090316418466,198.7864532470703,18.920351028442383,0,6,0,5,5,0.05435397152772939,-0.9414314698644036,-0.8881231173852834,0,0,0,0,121,False,False,
133,6,1302.3235996230085,876.5276859538586,2.0712090168779156,198.7864532470703,18.920351028442383,0,6,0,5,5,0.05435397148616264,-0.9414314698644036,-0.8881231173852834,0,0,0,0,121,False,False,
133,7,1302.3235996230085,876.5276859538586,2.0712090168779156,198.7864532470703,18.920351028442383,0,6,0,5,5,0.05435397148616264,-0.9414314698644036,-0.8881231173852834,0,0,0,0,121,False,False,
134,0,1300.2514368178515,876.5845152686812,2.0729419487883476,200.859375,18.94334602355957,0,6,0,5,5,0.06001453147797772,-0.9469370292099849,-0.8774638004556181,0,0,0,0,122,False,False,
134,1,1300.2514368178515,876.5845152686812,2.0729419487883476,200.859375,18.94334602355957,0,6,0,5,5,0.06001453147797772,-0.9469370292099849,-0.8774638004556181,0,0,0,0,122,False,False,
134,2,1300.2514368178515,876.5845152686812,2.0729419487883476,200.859375,18.94334602355957,0,6,0,5,5,0.06001453147797772,-0.9469370292099849,-0.8774638004556181,0,0,0,0,122,False,False,
134,3,1300.2514368178515,876.5845152686812,2.0729419487883476,200.859375,18.94334602355957,0,6,0,5,5,0.06001453147797772,-0.9469370292099849,-0.8774638004556181,0,0,0,0,122,False,False,
134,4,1300.2514368178515,876.5845152686812,2.0729419487883476,200.859375,18.94334602355957,0,6,0,5,5,0.06001453147797772,-0.9469370292099849,-0.8774638004556181,0,0,0,0,122,False,False,
134,5,1300.2514368178515,876.5845152686812,2.0729419487883476,200.859375,18.94334602355957,0,6,0,5,5,0.06001453147797772,-0.9469370292099849,-0.8774638004556181,0,0,0,0,122,False,False,
134,6,1300.2514368086802,876.5845151151016,2.0729419390453034,200.859375,18.94334602355957,0,6,0,5,5,0.06001453166033741,-0.9469370292099849,-0.8774638004556181,0,0,0,0,122,False,False,
134,7,1300.2514368086802,876.5845151151016,2.0729419390453034,200.859375,18.94334602355957,0,6,0,5,5,0.06001453166033741,-0.9469370292099849,-0.8774638004556181,0,0,0,0,122,False,False,
135,0,1298.1776503448239,876.6414034378902,2.0745666052234926,202.9340057373047,18.96616554260254,0,6,0,5,5,0.06698096372514707,-0.952441969300491,-0.8668044835259527,0,0,0,0,123,False,False,
135,1,1298.1776503448239,876.6414034378902,2.0745666052234926,202.9340057373047,18.96616554260254,0,6,0,5,5,0.06698096372514707,-0.952441969300491,-0.8668044835259527,0,0,0,0,123,False,False,
135,2,1298.1776503448239,876.6414034378902,2.0745666052234926,202.9340057373047,18.96616554260254,0,6,0,5,5,0.06698096372514707,-0.952441969300491,-0.8668044835259527,0,0,0,0,123,False,False,
135,3,1298.1776503448239,876.6414034378902,2.0745666052234926,202.9340057373047,18.96616554260254,0,6,0,5,5,0.06698096372514707,-0.952441969300491,-0.8668044835259527,0,0,0,0,123,False,False,
135,4,1298.1776503448239,876.6414034378902,2.0745666052234926,202.9340057373047,18.96616554260254,0,6,0,5,5,0.06698096372514707,-0.952441969300491,-0.8668044835259527,0,0,0,0,123,False,False,
135,5,1298.1776503448239,876.6414034378902,2.0745666052234926,202.9340057373047,18.96616554260254,0,6,0,5,5,0.06698096372514707,-0.952441969300491,-0.8668044835259527,0,0,0,0,123,False,False,
135,6,1298.177650340468,876.641403283024,2.074566600374534,202.9340057373047,18.96616554260254,0,6,0,5,5,0.06698096407926231,-0.952441969300491,-0.8668044835259527,0,0,0,0,123,False,False,
135,7,1298.177650340468,876.641403283024,2.074566600374534,202.9340057373047,18.96616554260254,0,6,0,5,5,0.06698096407926231,-0.952441969300491,-0.8668044835259527,0,0,0,0,123,False,False,
136,0,1296.102367555795,876.6983612965594,2.076064269743076,205.00997924804688,18.988754272460938,0,6,0,5,5,0.07577216712774626,-0.95794328121107,-0.8561295442458696,0,0,0,0,124,False,False,
136,1,1296.102367555795,876.6983612965594,2.076064269743076,205.00997924804688,18.988754272460938,0,6,0,5,5,0.07577216712774626,-0.95794328121107,-0.8561295442458696,0,0,0,0,124,False,False,
136,2,1296.102367555795,876.6983612965594,2.076064269743076,205.00997924804688,18.988754272460938,0,6,0,5,5,0.07577216712774626,-0.95794328121107,-0.8561295442458696,0,0,0,0,124,False,False,
136,3,1296.102367555795,876.6983612965594,2.076064269743076,205.00997924804688,18.988754272460938,0,6,0,5,5,0.07577216712774626,-0.95794328121107,-0.8561295442458696,0,0,0,0,124,False,False,
136,4,1296.102367555795,876.6983612965594,2.076064269743076,205.00997924804688,18.988754272460938,0,6,0,5,5,0.07577216712774626,-0.95794328121107,-0.8561295442458696,0,0,0,0,124,False,False,
136,5,1296.102367555795,876.6983612965594,2.076064269743076,205.00997924804688,18.988754272460938,0,6,0,5,5,0.07577216712774626,-0.95794328121107,-0.8561295442458696,0,0,0,0,124,False,False,
136,6,1296.102367560763,876.6983611397292,2.0760642603688555,205.00997924804688,18.988754272460938,0,6,0,5,5,0.07577216765133352,-0.95794328121107,-0.8561295442458696,0,0,0,0,124,False,False,
136,7,1296.102367560763,876.6983611397292,2.0760642603688555,205.00997924804688,18.988754272460938,0,6,0,5,5,0.07577216765133352,-0.95794328121107,-0.8561295442458696,0,0,0,0,124,False,False,
137,0,1294.025712924047,876.7553878854042,2.0774374819462347,207.08741760253906,19.011043548583984,0,6,0,5,5,0.08721660944960155,-0.9634380202907329,-0.8454629235457893,0,0,0,0,125,False,False,
137,1,1294.025712924047,876.7553878854042,2.0774374819462347,207.08741760253906,19.011043548583984,0,6,0,5,5,0.08721660944960155,-0.9634380202907329,-0.8454629235457893,0,0,0,0,125,False,False,
137,2,1294.025712924047,876.7553878854042,2.0774374819462347,207.08741760253906,19.011043548583984,0,6,0,5,5,0.08721660944960155,-0.9634380202907329,-0.8454629235457893,0,0,0,0,125,False,False,
137,3,1294.025712924047,876.7553878854042,2.0774374819462347,207.08741760253906,19.011043548583984,0,6,0,5,5,0.08721660944960155,-0.9634380202907329,-0.8454629235457893,0,0,0,0,125,False,False,
137,4,1294.025712924047,876.7553878854042,2.0774374819462347,207.08741760253906,19.011043548583984,0,6,0,5,5,0.08721660944960155,-0.9634380202907329,-0.8454629235457893,0,0,0,0,125,False,False,
137,5,1294.025712924047,876.7553878854042,2.0774374819462347,207.08741760253906,19.011043548583984,0,6,0,5,5,0.08721660944960155,-0.9634380202907329,-0.8454629235457893,0,0,0,0,125,False,False,
137,6,1294.0257129287977,876.7553877264303,2.0774374821046475,207.08741760253906,19.011043548583984,0,6,0,5,5,0.08721661010809183,-0.9634380202907329,-0.8454629235457893,0,0,0,0,125,False,False,
137,7,1294.0257129287977,876.7553877264303,2.0774374821046475,207.08741760253906,19.011043548583984,0,6,0,5,5,0.08721661010809183,-0.9634380202907329,-0.8454629235457893,0,0,0,0,125,False,False,
138,0,1291.947840480747,876.812471975002,2.078656413145466,209.16607666015625,19.032922744750977,0,6,0,5,5,0.10271350934695375,-0.9689200005005283,-0.8347890133683868,0,0,0,0,126,False,False,
138,1,1291.947840480747,876.812471975002,2.078656413145466,209.16607666015625,19.032922744750977,0,6,0,5,5,0.10271350934695375,-0.9689200005005283,-0.8347890133683868,0,0,0,0,126,False,False,
138,2,1291.947840480747,876.812471975002,2.078656413145466,209.16607666015625,19.032922744750977,0,6,0,5,5,0.10271350934695375,-0.9689200005005283,-0.8347890133683868,0,0,0,0,126,False,False,
138,3,1291.947840480747,876.812471975002,2.078656413145466,209.16607666015625,19.032922744750977,0,6,0,5,5,0.10271350934695375,-0.9689200005005283,-0.8347890133683868,0,0,0,0,126,False,False,
138,4,1291.947840480747,876.812471975002,2.078656413145466,209.16607666015625,19.032922744750977,0,6,0,5,5,0.10271350934695375,-0.9689200005005283,-0.8347890133683868,0,0,0,0,126,False,False,
138,5,1291.947840480747,876.812471975002,2.078656413145466,209.16607666015625,19.032922744750977,0,6,0,5,5,0.10271350934695375,-0.9689200005005283,-0.8347890133683868,0,0,0,0,126,False,False,
138,6,1291.9478404852578,876.8124718129145,2.0786564132998726,209.16607666015625,19.032922744750977,0,6,0,5,5,0.10271351030221468,-0.9689200005005283,-0.8347890133683868,0,0,0,0,126,False,False,
138,7,1291.9478404852578,876.8124718129145,2.0786564132998726,209.16607666015625,19.032922744750977,0,6,0,5,5,0.10271351030221468,-0.9689200005005283,-0.8347890133683868,0,0,0,0,126,False,False,
139,0,1289.8688744213966,876.8695998292677,2.0797508186471276,211.24583435058594,19.054216384887695,0,6,0,5,5,0.1248499159796296,-0.9743785225743685,-0.8241151031909844,0,0,0,0,127,False,False,
139,1,1289.8688744213966,876.8695998292677,2.0797508186471276,211.24583435058594,19.054216384887695,0,6,0,5,5,0.1248499159796296,-0.9743785225743685,-0.8241151031909844,0,0,0,0,127,False,False,
139,2,1289.8688744213966,876.8695998292677,2.0797508186471276,211.24583435058594,19.054216384887695,0,6,0,5,5,0.1248499159796296,-0.9743785225743685,-0.8241151031909844,0,0,0,0,127,False,False,
139,3,1289.8688744213966,876.8695998292677,2.0797508186471276,211.24583435058594,19.054216384887695,0,6,0,5,5,0.1248499159796296,-0.9743785225743685,-0.8241151031909844,0,0,0,0,127,False,False,
139,4,1289.8688744213966,876.8695998292677,2.0797508186471276,211.24583435058594,19.054216384887695,0,6,0,5,5,0.1248499159796296,-0.9743785225743685,-0.8241151031909844,0,0,0,0,127,False,False,
139,5,1289.8688744213966,876.8695998292677,2.0797508186471276,211.24583435058594,19.054216384887695,0,6,0,5,5,0.1248499159796296,-0.9743785225743685,-0.8241151031909844,0,0,0,0,127,False,False,
139,6,1289.8688744210094,876.8695996636106,2.079750823445376,211.24583435058594,19.054216384887695,0,6,0,5,5,0.12484991711303368,-0.9743785225743685,-0.8241151031909844,0,0,0,0,127,False,False,
139,7,1289.8688744210094,876.8695996636106,2.079750823445376,211.24583435058594,19.054216384887695,0,6,0,5,5,0.12484991711303368,-0.9743785225743685,-0.8241151031909844,0,0,0,0,127,False,False,
140,0,1287.7888871903142,876.9267545140859,2.080772342055453,213.32656860351562,19.07460594177246,0,6,0,5,5,0.15892998084868945,-0.9797918413386077,-0.813426585472752,0,0,0,0,128,False,False,
140,1,1287.7888871903142,876.9267545140859,2.080772342055453,213.32656860351562,19.07460594177246,0,6,0,5,5,0.15892998084868945,-0.9797918413386077,-0.813426585472752,0,0,0,0,128,False,False,
140,2,1287.7888871903142,876.9267545140859,2.080772342055453,213.32656860351562,19.07460594177246,0,6,0,5,5,0.15892998084868945,-0.9797918413386077,-0.813426585472752,0,0,0,0,128,False,False,
140,3,1287.7888871903142,876.9267545140859,2.080772342055453,213.32656860351562,19.07460594177246,0,6,0,5,5,0.15892998084868945,-0.9797918413386077,-0.813426585472752,0,0,0,0,128,False,False,
140,4,1287.7888871903142,876.9267545140859,2.080772342055453,213.32656860351562,19.07460594177246,0,6,0,5,5,0.15892998084868945,-0.9797918413386077,-0.813426585472752,0,0,0,0,128,False,False,
140,5,1287.7888871903142,876.9267545140859,2.080772342055453,213.32656860351562,19.07460594177246,0,6,0,5,5,0.15892998084868945,-0.9797918413386077,-0.813426585472752,0,0,0,0,128,False,False,
140,6,1287.7888871758414,876.9267543445022,2.0807723560277456,213.32656860351562,19.07460594177246,0,6,0,5,5,0.15892998216795856,-0.9797918413386077,-0.813426585472752,0,0,0,0,128,False,False,
140,7,1287.7888871758414,876.9267543445022,2.0807723560277456,213.32656860351562,19.07460594177246,0,6,0,5,5,0.15892998216795856,-0.9797918413386077,-0.813426585472752,0,0,0,0,128,False,False,
141,0,1285.7079609714924,876.9839149464808,2.0817111334697103,215.4082794189453,19.093433380126953,0,6,0,5,5,0.21765408010052517,-0.9851076614744911,-0.802729734881424,0,0,0,0,129,False,False,
141,1,1285.7079609714924,876.9839149464808,2.0817111334697103,215.4082794189453,19.093433380126953,0,6,0,5,5,0.21765408010052517,-0.9851076614744911,-0.802729734881424,0,0,0,0,129,False,False,
141,2,1285.7079609714924,876.9839149464808,2.0817111334697103,215.4082794189453,19.093433380126953,0,6,0,5,5,0.21765408010052517,-0.9851076614744911,-0.802729734881424,0,0,0,0,129,False,False,
141,3,1285.7079609714924,876.9839149464808,2.0817111334697103,215.4082794189453,19.093433380126953,0,6,0,5,5,0.21765408010052517,-0.9851076614744911,-0.802729734881424,0,0,0,0,129,False,False,
141,4,1285.7079609714924,876.9839149464808,2.0817111334697103,215.4082794189453,19.093433380126953,0,6,0,5,5,0.21765408010052517,-0.9851076614744911,-0.802729734881424,0,0,0,0,129,False,False,
141,5,1285.7079609714924,876.9839149464808,2.0817111334697103,215.4082794189453,19.093433380126953,0,6,0,5,5,0.21765408010052517,-0.9851076614744911,-0.802729734881424,0,0,0,0,129,False,False,
141,6,1285.7079609386144,876.9839147720967,2.081711151736117,215.4082794189453,19.093433380126953,0,6,0,5,5,0.21765408172256506,-0.9851076614744911,-0.802729734881424,0,0,0,0,129,False,False,
141,7,1285.7079609386144,876.9839147720967,2.081711151736117,215.4082794189453,19.093433380126953,0,6,0,5,5,0.21765408172256506,-0.9851076614744911,-0.802729734881424,0,0,0,0,129,False,False,
142,0,1283.6261977251188,877.0410498680948,2.082547145497476,217.4908447265625,19.10903549194336,0,6,0,5,5,0.3388842747452846,-0.9901619743494605,-0.7920412314562844,0,0,0,0,130,False,False,
142,1,1283.6261977251188,877.0410498680948,2.082547145497476,217.4908447265625,19.10903549194336,0,6,0,5,5,0.3388842747452846,-0.9901619743494605,-0.7920412314562844,0,0,0,0,130,False,False,
142,2,1283.6261977251188,877.0410498680948,2.082547145497476,217.4908447265625,19.10903549194336,0,6,0,5,5,0.3388842747452846,-0.9901619743494605,-0.7920412314562844,0,0,0,0,130,False,False,
142,3,1283.6261977251188,877.0410498680948,2.082547145497476,217.4908447265625,19.10903549194336,0,6,0,5,5,0.3388842747452846,-0.9901619743494605,-0.7920412314562844,0,0,0,0,130,False,False,
142,4,1283.6261977251188,877.0410498680948,2.082547145497476,217.4908447265625,19.10903549194336,0,6,0,5,5,0.3388842747452846,-0.9901619743494605,-0.7920412314562844,0,0,0,0,130,False,False,
142,5,1283.6261977251188,877.0410498680948,2.082547145497476,217.4908447265625,19.10903549194336,0,6,0,5,5,0.3388842747452846,-0.9901619743494605,-0.7920412314562844,0,0,0,0,130,False,False,
142,6,1283.6261976742749,877.0410496880558,2.082547163301551,217.4908447265625,19.10903549194336,0,6,0,5,5,0.3388842766239751,-0.9901619743494605,-0.7920412314562844,0,0,0,0,130,False,False,
142,7,1283.6261976742749,877.0410496880558,2.082547163301551,217.4908447265625,19.10903549194336,0,6,0,5,5,0.3388842766239751,-0.9901619743494605,-0.7920412314562844,0,0,0,0,130,False,False,
143,0,1281.5437277862666,877.0981036755093,2.083251349012784,219.5741424560547,19.116004943847656,0,6,0,5,5,0.6630478254941576,-0.9942147476235185,-0.7813151943694819,0,0,0,0,131,False,False,
143,1,1281.5437277862666,877.0981036755093,2.083251349012784,219.5741424560547,19.116004943847656,0,6,0,5,5,0.6630478254941576,-0.9942147476235185,-0.7813151943694819,0,0,0,0,131,False,False,
143,2,1281.5437277862666,877.0981036755093,2.083251349012784,219.5741424560547,19.116004943847656,0,6,0,5,5,0.6630478254941576,-0.9942147476235185,-0.7813151943694819,0,0,0,0,131,False,False,
143,3,1281.5437277862666,877.0981036755093,2.083251349012784,219.5741424560547,19.116004943847656,0,6,0,5,5,0.6630478254941576,-0.9942147476235185,-0.7813151943694819,0,0,0,0,131,False,False,
143,4,1281.5437277862666,877.0981036755093,2.083251349012784,219.5741424560547,19.116004943847656,0,6,0,5,5,0.6630478254941576,-0.9942147476235185,-0.7813151943694819,0,0,0,0,131,False,False,
143,5,1281.5437277862666,877.0981036755093,2.083251349012784,219.5741424560547,19.116004943847656,0,6,0,5,5,0.6630478254941576,-0.9942147476235185,-0.7813151943694819,0,0,0,0,131,False,False,
143,6,1281.5437277132469,877.0981034893955,2.0832513710138314,219.5741424560547,19.116004943847656,0,6,0,5,5,0.6630478275354423,-0.9942147476235185,-0.7813151943694819,0,0,0,0,131,False,False,
143,7,1281.5437277132469,877.0981034893955,2.0832513710138314,219.5741424560547,19.116004943847656,0,6,0,5,5,0.6630478275354423,-0.9942147476235185,-0.7813151943694819,0,0,0,0,131,False,False,
144,0,1279.4606587885548,877.154950984484,2.0838445397306797,221.65792846679688,22.339920043945312,0,7,1,6,6,0.026520635328943047,-0.9092225043138782,-0.7770250511035239,0,0,0,0,132,False,False,
144,1,1279.4606587885548,877.154950984484,2.0838445397306797,221.65792846679688,22.339920043945312,0,7,1,6,6,0.026520635328943047,-0.9092225043138782,-0.7770250511035239,0,0,0,0,132,False,False,
144,2,1279.4606587885548,877.154950984484,2.0838445397306797,221.65792846679688,22.339920043945312,0,7,1,6,6,0.026520635328943047,-0.9092225043138782,-0.7770250511035239,0,0,0,0,132,False,False,
144,3,1279.4606587885548,877.154950984484,2.0838445397306797,221.65792846679688,22.339920043945312,0,7,1,6,6,0.026520635328943047,-0.9092225043138782,-0.7770250511035239,0,0,0,0,132,False,False,
144,4,1279.4606587885548,877.154950984484,2.0838445397306797,221.65792846679688,22.339920043945312,0,7,1,6,6,0.026520635328943047,-0.9092225043138782,-0.7770250511035239,0,0,0,0,132,False,False,
144,5,1279.4606587885548,877.154950984484,2.0838445397306797,221.65792846679688,22.339920043945312,0,7,1,6,6,0.026520635328943047,-0.9092225043138782,-0.7770250511035239,0,0,0,0,132,False,False,
144,6,1279.4606587124863,877.1549507912457,2.083844542584124,221.65792846679688,22.339920043945312,0,7,1,6,6,0.026520637530108124,-0.9092225043138782,-0.7770250511035239,0,0,0,0,132,False,False,
144,7,1279.4606587124863,877.1549507912457,2.083844542584124,221.65792846679688,22.339920043945312,0,7,1,6,6,0.026520637530108124,-0.9092225043138782,-0.7770250511035239,0,0,0,0,132,False,False,
145,0,1277.376716436324,877.2116750160869,2.084714211392679,223.74269104003906,22.363784790039062,0,7,0,6,6,0.028298452549825014,-0.9147766946753393,-0.7802528173686919,0,0,0,0,133,False,False,
145,1,1277.376716436324,877.2116750160869,2.084714211392679,223.74269104003906,22.363784790039062,0,7,0,6,6,0.028298452549825014,-0.9147766946753393,-0.7802528173686919,0,0,0,0,133,False,False,
145,2,1277.376716436324,877.2116750160869,2.084714211392679,223.74269104003906,22.363784790039062,0,7,0,6,6,0.028298452549825014,-0.9147766946753393,-0.7802528173686919,0,0,0,0,133,False,False,
145,3,1277.376716436324,877.2116750160869,2.084714211392679,223.74269104003906,22.363784790039062,0,7,0,6,6,0.028298452549825014,-0.9147766946753393,-0.7802528173686919,0,0,0,0,133,False,False,
145,4,1277.376716436324,877.2116750160869,2.084714211392679,223.74269104003906,22.363784790039062,0,7,0,6,6,0.028298452549825014,-0.9147766946753393,-0.7802528173686919,0,0,0,0,133,False,False,
145,5,1277.376716436324,877.2116750160869,2.084714211392679,223.74269104003906,22.363784790039062,0,7,0,6,6,0.028298452549825014,-0.9147766946753393,-0.7802528173686919,0,0,0,0,133,False,False,
145,6,1277.376716347971,877.211674815371,2.0847142234691303,223.74269104003906,22.363784790039062,0,7,0,6,6,0.02829845493453781,-0.9147766946753393,-0.7802528173686919,0,0,0,0,133,False,False,
145,7,1277.376716347971,877.211674815371,2.0847142234691303,223.74269104003906,22.363784790039062,0,7,0,6,6,0.02829845493453781,-0.9147766946753393,-0.7802528173686919,0,0,0,0,133,False,False,
146,0,1275.2918783048492,877.2683327640319,2.0856078574010923,225.8282928466797,22.38761329650879,0,7,0,6,6,0.030303289603478827,-0.9203324256500441,-0.7834730654670531,0,0,0,0,134,False,False,
146,1,1275.2918783048492,877.2683327640319,2.0856078574010923,225.8282928466797,22.38761329650879,0,7,0,6,6,0.030303289603478827,-0.9203324256500441,-0.7834730654670531,0,0,0,0,134,False,False,
146,2,1275.2918783048492,877.2683327640319,2.0856078574010923,225.8282928466797,22.38761329650879,0,7,0,6,6,0.030303289603478827,-0.9203324256500441,-0.7834730654670531,0,0,0,0,134,False,False,
146,3,1275.2918783048492,877.2683327640319,2.0856078574010923,225.8282928466797,22.38761329650879,0,7,0,6,6,0.030303289603478827,-0.9203324256500441,-0.7834730654670531,0,0,0,0,134,False,False,
146,4,1275.2918783048492,877.2683327640319,2.0856078574010923,225.8282928466797,22.38761329650879,0,7,0,6,6,0.030303289603478827,-0.9203324256500441,-0.7834730654670531,0,0,0,0,134,False,False,
146,5,1275.2918783048492,877.2683327640319,2.0856078574010923,225.8282928466797,22.38761329650879,0,7,0,6,6,0.030303289603478827,-0.9203324256500441,-0.7834730654670531,0,0,0,0,134,False,False,
146,6,1275.2918782045017,877.2683325552335,2.0856078691716986,225.8282928466797,22.38761329650879,0,7,0,6,6,0.03030329216913559,-0.9203324256500441,-0.7834730654670531,0,0,0,0,134,False,False,
146,7,1275.2918782045017,877.2683325552335,2.0856078691716986,225.8282928466797,22.38761329650879,0,7,0,6,6,0.03030329216913559,-0.9203324256500441,-0.7834730654670531,0,0,0,0,134,False,False,
147,0,1273.206193405729,877.3249630736622,2.0864535677523905,227.9147491455078,22.4113826751709,0,7,0,6,6,0.03259378914931119,-0.925889544636137,-0.7866933135654143,0,0,0,0,135,False,False,
147,1,1273.206193405729,877.3249630736622,2.0864535677523905,227.9147491455078,22.4113826751709,0,7,0,6,6,0.03259378914931119,-0.925889544636137,-0.7866933135654143,0,0,0,0,135,False,False,
147,2,1273.206193405729,877.3249630736622,2.0864535677523905,227.9147491455078,22.4113826751709,0,7,0,6,6,0.03259378914931119,-0.925889544636137,-0.7866933135654143,0,0,0,0,135,False,False,
147,3,1273.206193405729,877.3249630736622,2.0864535677523905,227.9147491455078,22.4113826751709,0,7,0,6,6,0.03259378914931119,-0.925889544636137,-0.7866933135654143,0,0,0,0,135,False,False,
147,4,1273.206193405729,877.3249630736622,2.0864535677523905,227.9147491455078,22.4113826751709,0,7,0,6,6,0.03259378914931119,-0.925889544636137,-0.7866933135654143,0,0,0,0,135,False,False,
147,5,1273.206193405729,877.3249630736622,2.0864535677523905,227.9147491455078,22.4113826751709,0,7,0,6,6,0.03259378914931119,-0.925889544636137,-0.7866933135654143,0,0,0,0,135,False,False,
147,6,1273.2061932983438,877.32496285712,2.0864535745772588,227.9147491455078,22.4113826751709,0,7,0,6,6,0.03259379156949649,-0.925889544636137,-0.7866933135654143,0,0,0,0,135,False,False,
147,7,1273.2061932983438,877.32496285712,2.0864535745772588,227.9147491455078,22.4113826751709,0,7,0,6,6,0.03259379156949649,-0.925889544636137,-0.7866933135654143,0,0,0,0,135,False,False,
148,0,1271.1196795895028,877.381594650777,2.0872822139877885,230.00205993652344,22.43508529663086,0,7,0,6,6,0.03524593328107496,-0.9314478345661918,-0.7899062436002677,0,0,0,0,136,False,False,
148,1,1271.1196795895028,877.381594650777,2.0872822139877885,230.00205993652344,22.43508529663086,0,7,0,6,6,0.03524593328107496,-0.9314478345661918,-0.7899062436002677,0,0,0,0,136,False,False,
148,2,1271.1196795895028,877.381594650777,2.0872822139877885,230.00205993652344,22.43508529663086,0,7,0,6,6,0.03524593328107496,-0.9314478345661918,-0.7899062436002677,0,0,0,0,136,False,False,
148,3,1271.1196795895028,877.381594650777,2.0872822139877885,230.00205993652344,22.43508529663086,0,7,0,6,6,0.03524593328107496,-0.9314478345661918,-0.7899062436002677,0,0,0,0,136,False,False,
148,4,1271.1196795895028,877.381594650777,2.0872822139877885,230.00205993652344,22.43508529663086,0,7,0,6,6,0.03524593328107496,-0.9314478345661918,-0.7899062436002677,0,0,0,0,136,False,False,
148,5,1271.1196795895028,877.381594650777,2.0872822139877885,230.00205993652344,22.43508529663086,0,7,0,6,6,0.03524593328107496,-0.9314478345661918,-0.7899062436002677,0,0,0,0,136,False,False,
148,6,1271.1196794706316,877.3815944275235,2.0872822252873244,230.00205993652344,22.43508529663086,0,7,0,6,6,0.03524593542230592,-0.9314478345661918,-0.7899062436002677,0,0,0,0,136,False,False,
148,7,1271.1196794706316,877.3815944275235,2.0872822252873244,230.00205993652344,22.43508529663086,0,7,0,6,6,0.03524593542230592,-0.9314478345661918,-0.7899062436002677,0,0,0,0,136,False,False,
149,0,1269.0323602656163,877.4382500561901,2.08808807161776,232.09010314941406,22.45870590209961,0,7,0,6,6,0.03835954346273177,-0.937006677307797,-0.7931264916986289,0,0,0,0,137,False,False,
149,1,1269.0323602656163,877.4382500561901,2.08808807161776,232.09010314941406,22.45870590209961,0,7,0,6,6,0.03835954346273177,-0.937006677307797,-0.7931264916986289,0,0,0,0,137,False,False,
149,2,1269.0323602656163,877.4382500561901,2.08808807161776,232.09010314941406,22.45870590209961,0,7,0,6,6,0.03835954346273177,-0.937006677307797,-0.7931264916986289,0,0,0,0,137,False,False,
149,3,1269.0323602656163,877.4382500561901,2.08808807161776,232.09010314941406,22.45870590209961,0,7,0,6,6,0.03835954346273177,-0.937006677307797,-0.7931264916986289,0,0,0,0,137,False,False,
149,4,1269.0323602656163,877.4382500561901,2.08808807161776,232.09010314941406,22.45870590209961,0,7,0,6,6,0.03835954346273177,-0.937006677307797,-0.7931264916986289,0,0,0,0,137,False,False,
149,5,1269.0323602656163,877.4382500561901,2.08808807161776,232.09010314941406,22.45870590209961,0,7,0,6,6,0.03835954346273177,-0.937006677307797,-0.7931264916986289,0,0,0,0,137,False,False,
149,6,1269.0323601309033,877.4382498264802,2.0880880872785377,232.09010314941406,22.45870590209961,0,7,0,6,6,0.03835954556153449,-0.937006677307797,-0.7931264916986289,0,0,0,0,137,False,False,
149,7,1269.0323601309033,877.4382498264802,2.0880880872785377,232.09010314941406,22.45870590209961,0,7,0,6,6,0.03835954556153449,-0.937006677307797,-0.7931264916986289,0,0,0,0,137,False,False,
150,0,1266.9442530629026,877.4949462328282,2.088876766702576,234.1790008544922,22.48223114013672,0,7,0,6,6,0.04207111403521411,-0.9425660047882084,-0.7963467397969901,0,0,0,0,138,False,False,
150,1,1266.9442530629026,877.4949462328282,2.088876766702576,234.1790008544922,22.48223114013672,0,7,0,6,6,0.04207111403521411,-0.9425660047882084,-0.7963467397969901,0,0,0,0,138,False,False,
150,2,1266.9442530629026,877.4949462328282,2.088876766702576,234.1790008544922,22.48223114013672,0,7,0,6,6,0.04207111403521411,-0.9425660047882084,-0.7963467397969901,0,0,0,0,138,False,False,
150,3,1266.9442530629026,877.4949462328282,2.088876766702576,234.1790008544922,22.48223114013672,0,7,0,6,6,0.04207111403521411,-0.9425660047882084,-0.7963467397969901,0,0,0,0,138,False,False,
150,4,1266.9442530629026,877.4949462328282,2.088876766702576,234.1790008544922,22.48223114013672,0,7,0,6,6,0.04207111403521411,-0.9425660047882084,-0.7963467397969901,0,0,0,0,138,False,False,
150,5,1266.9442530629026,877.4949462328282,2.088876766702576,234.1790008544922,22.48223114013672,0,7,0,6,6,0.04207111403521411,-0.9425660047882084,-0.7963467397969901,0,0,0,0,138,False,False,
150,6,1266.9442529220598,877.4949459972729,2.088876772671415,234.1790008544922,22.48223114013672,0,7,0,6,6,0.042071115866724226,-0.9425660047882084,-0.7963467397969901,0,0,0,0,138,False,False,
150,7,1266.9442529220598,877.4949459972729,2.088876772671415,234.1790008544922,22.48223114013672,0,7,0,6,6,0.042071115866724226,-0.9425660047882084,-0.7963467397969901,0,0,0,0,138,False,False,
151,0,1264.855370342146,877.5516944265835,2.0896534111114335,236.26864624023438,22.505638122558594,0,7,0,6,6,0.046576172791591514,-0.948124913757018,-0.7995742916657662,0,0,0,0,139,False,False,
151,1,1264.855370342146,877.5516944265835,2.0896534111114335,236.26864624023438,22.505638122558594,0,7,0,6,6,0.046576172791591514,-0.948124913757018,-0.7995742916657662,0,0,0,0,139,False,False,
151,2,1264.855370342146,877.5516944265835,2.0896534111114335,236.26864624023438,22.505638122558594,0,7,0,6,6,0.046576172791591514,-0.948124913757018,-0.7995742916657662,0,0,0,0,139,False,False,
151,3,1264.855370342146,877.5516944265835,2.0896534111114335,236.26864624023438,22.505638122558594,0,7,0,6,6,0.046576172791591514,-0.948124913757018,-0.7995742916657662,0,0,0,0,139,False,False,
151,4,1264.855370342146,877.5516944265835,2.0896534111114335,236.26864624023438,22.505638122558594,0,7,0,6,6,0.046576172791591514,-0.948124913757018,-0.7995742916657662,0,0,0,0,139,False,False,
151,5,1264.855370342146,877.5516944265835,2.0896534111114335,236.26864624023438,22.505638122558594,0,7,0,6,6,0.046576172791591514,-0.948124913757018,-0.7995742916657662,0,0,0,0,139,False,False,
151,6,1264.8553701999977,877.5516941860558,2.089653412281474,236.26864624023438,22.505638122558594,0,7,0,6,6,0.04657617431670013,-0.948124913757018,-0.7995742916657662,0,0,0,0,139,False,False,
151,7,1264.8553701999977,877.5516941860558,2.089653412281474,236.26864624023438,22.505638122558594,0,7,0,6,6,0.04657617431670013,-0.948124913757018,-0.7995742916657662,0,0,0,0,139,False,False,
152,0,1262.7657123117606,877.6085031644184,2.090430079349425,238.35902404785156,22.528898239135742,0,7,0,6,6,0.052162640488132676,-0.9536825472536615,-0.8028093902875347,0,0,0,0,140,False,False,
152,1,1262.7657123117606,877.6085031644184,2.090430079349425,238.35902404785156,22.528898239135742,0,7,0,6,6,0.052162640488132676,-0.9536825472536615,-0.8028093902875347,0,0,0,0,140,False,False,
152,2,1262.7657123117606,877.6085031644184,2.090430079349425,238.35902404785156,22.528898239135742,0,7,0,6,6,0.052162640488132676,-0.9536825472536615,-0.8028093902875347,0,0,0,0,140,False,False,
152,3,1262.7657123117606,877.6085031644184,2.090430079349425,238.35902404785156,22.528898239135742,0,7,0,6,6,0.052162640488132676,-0.9536825472536615,-0.8028093902875347,0,0,0,0,140,False,False,
152,4,1262.7657123117606,877.6085031644184,2.090430079349425,238.35902404785156,22.528898239135742,0,7,0,6,6,0.052162640488132676,-0.9536825472536615,-0.8028093902875347,0,0,0,0,140,False,False,
152,5,1262.7657123117606,877.6085031644184,2.090430079349425,238.35902404785156,22.528898239135742,0,7,0,6,6,0.052162640488132676,-0.9536825472536615,-0.8028093902875347,0,0,0,0,140,False,False,
152,6,1262.7657121730094,877.6085029198038,2.09043007584231,238.35902404785156,22.528898239135742,0,7,0,6,6,0.052162641704192776,-0.9536825472536615,-0.8028093902875347,0,0,0,0,140,False,False,
152,7,1262.7657121730094,877.6085029198038,2.09043007584231,238.35902404785156,22.528898239135742,0,7,0,6,6,0.052162641704192776,-0.9536825472536615,-0.8028093902875347,0,0,0,0,140,False,False,
153,0,1260.675271794957,877.6653783440254,2.09121408285928,240.45025634765625,22.551971435546875,0,7,0,6,6,0.059275105618244575,-0.9592379039249561,-0.8060442745129114,0,0,0,0,141,False,False,
153,1,1260.675271794957,877.6653783440254,2.09121408285928,240.45025634765625,22.551971435546875,0,7,0,6,6,0.059275105618244575,-0.9592379039249561,-0.8060442745129114,0,0,0,0,141,False,False,
153,2,1260.675271794957,877.6653783440254,2.09121408285928,240.45025634765625,22.551971435546875,0,7,0,6,6,0.059275105618244575,-0.9592379039249561,-0.8060442745129114,0,0,0,0,141,False,False,
153,3,1260.675271794957,877.6653783440254,2.09121408285928,240.45025634765625,22.551971435546875,0,7,0,6,6,0.059275105618244575,-0.9592379039249561,-0.8060442745129114,0,0,0,0,141,False,False,
153,4,1260.675271794957,877.6653783440254,2.09121408285928,240.45025634765625,22.551971435546875,0,7,0,6,6,0.059275105618244575,-0.9592379039249561,-0.8060442745129114,0,0,0,0,141,False,False,
153,5,1260.675271794957,877.6653783440254,2.09121408285928,240.45025634765625,22.551971435546875,0,7,0,6,6,0.059275105618244575,-0.9592379039249561,-0.8060442745129114,0,0,0,0,141,False,False,
153,6,1260.6752716595267,877.665378095783,2.0912140794410834,240.45025634765625,22.551971435546875,0,7,0,6,6,0.059275106694729136,-0.9592379039249561,-0.8060442745129114,0,0,0,0,141,False,False,
153,7,1260.6752716595267,877.665378095783,2.0912140794410834,240.45025634765625,22.551971435546875,0,7,0,6,6,0.059275106694729136,-0.9592379039249561,-0.8060442745129114,0,0,0,0,141,False,False,
154,0,1258.584102804265,877.7223233934203,2.0919441881375054,242.54222106933594,22.574798583984375,0,7,0,6,6,0.06863520705767219,-0.9647884991338241,-0.8092937948653036,0,0,0,0,142,False,False,
154,1,1258.584102804265,877.7223233934203,2.0919441881375054,242.54222106933594,22.574798583984375,0,7,0,6,6,0.06863520705767219,-0.9647884991338241,-0.8092937948653036,0,0,0,0,142,False,False,
154,2,1258.584102804265,877.7223233934203,2.0919441881375054,242.54222106933594,22.574798583984375,0,7,0,6,6,0.06863520705767219,-0.9647884991338241,-0.8092937948653036,0,0,0,0,142,False,False,
154,3,1258.584102804265,877.7223233934203,2.0919441881375054,242.54222106933594,22.574798583984375,0,7,0,6,6,0.06863520705767219,-0.9647884991338241,-0.8092937948653036,0,0,0,0,142,False,False,
154,4,1258.584102804265,877.7223233934203,2.0919441881375054,242.54222106933594,22.574798583984375,0,7,0,6,6,0.06863520705767219,-0.9647884991338241,-0.8092937948653036,0,0,0,0,142,False,False,
154,5,1258.584102804265,877.7223233934203,2.0919441881375054,242.54222106933594,22.574798583984375,0,7,0,6,6,0.06863520705767219,-0.9647884991338241,-0.8092937948653036,0,0,0,0,142,False,False,
154,6,1258.5841026720866,877.7223231422104,2.091944184805985,242.54222106933594,22.574798583984375,0,7,0,6,6,0.06863520793349286,-0.9647884991338241,-0.8092937948653036,0,0,0,0,142,False,False,
154,7,1258.5841026720866,877.7223231422104,2.091944184805985,242.54222106933594,22.574798583984375,0,7,0,6,6,0.06863520793349286,-0.9647884991338241,-0.8092937948653036,0,0,0,0,142,False,False,
155,0,1256.4922146239653,877.7793413583215,2.0926650967603955,244.63491821289062,22.5972843170166,0,7,0,6,6,0.08150210813118816,-0.9703305565061068,-0.812543300924603,0,0,0,0,143,False,False,
155,1,1256.4922146239653,877.7793413583215,2.0926650967603955,244.63491821289062,22.5972843170166,0,7,0,6,6,0.08150210813118816,-0.9703305565061068,-0.812543300924603,0,0,0,0,143,False,False,
155,2,1256.4922146239653,877.7793413583215,2.0926650967603955,244.63491821289062,22.5972843170166,0,7,0,6,6,0.08150210813118816,-0.9703305565061068,-0.812543300924603,0,0,0,0,143,False,False,
155,3,1256.4922146239653,877.7793413583215,2.0926650967603955,244.63491821289062,22.5972843170166,0,7,0,6,6,0.08150210813118816,-0.9703305565061068,-0.812543300924603,0,0,0,0,143,False,False,
155,4,1256.4922146239653,877.7793413583215,2.0926650967603955,244.63491821289062,22.5972843170166,0,7,0,6,6,0.08150210813118816,-0.9703305565061068,-0.812543300924603,0,0,0,0,143,False,False,
155,5,1256.4922146239653,877.7793413583215,2.0926650967603955,244.63491821289062,22.5972843170166,0,7,0,6,6,0.08150210813118816,-0.9703305565061068,-0.812543300924603,0,0,0,0,143,False,False,
155,6,1256.492214499616,877.7793411046064,2.0926650888659233,244.63491821289062,22.5972843170166,0,7,0,6,6,0.08150210882814532,-0.9703305565061068,-0.812543300924603,0,0,0,0,143,False,False,
155,7,1256.492214499616,877.7793411046064,2.0926650888659233,244.63491821289062,22.5972843170166,0,7,0,6,6,0.08150210882814532,-0.9703305565061068,-0.812543300924603,0,0,0,0,143,False,False,
156,0,1254.3996185143926,877.8364330015717,2.0933747713985755,246.7282257080078,22.619272232055664,0,7,0,6,6,0.10027850631976302,-0.9758565184778828,-0.815800139340503,0,0,0,0,144,False,False,
156,1,1254.3996185143926,877.8364330015717,2.0933747713985755,246.7282257080078,22.619272232055664,0,7,0,6,6,0.10027850631976302,-0.9758565184778828,-0.815800139340503,0,0,0,0,144,False,False,
156,2,1254.3996185143926,877.8364330015717,2.0933747713985755,246.7282257080078,22.619272232055664,0,7,0,6,6,0.10027850631976302,-0.9758565184778828,-0.815800139340503,0,0,0,0,144,False,False,
156,3,1254.3996185143926,877.8364330015717,2.0933747713985755,246.7282257080078,22.619272232055664,0,7,0,6,6,0.10027850631976302,-0.9758565184778828,-0.815800139340503,0,0,0,0,144,False,False,
156,4,1254.3996185143926,877.8364330015717,2.0933747713985755,246.7282257080078,22.619272232055664,0,7,0,6,6,0.10027850631976302,-0.9758565184778828,-0.815800139340503,0,0,0,0,144,False,False,
156,5,1254.3996185143926,877.8364330015717,2.0933747713985755,246.7282257080078,22.619272232055664,0,7,0,6,6,0.10027850631976302,-0.9758565184778828,-0.815800139340503,0,0,0,0,144,False,False,
156,6,1254.399618397663,877.836432745022,2.093374763704342,246.7282257080078,22.619272232055664,0,7,0,6,6,0.10027850711827885,-0.9758565184778828,-0.815800139340503,0,0,0,0,144,False,False,
156,7,1254.399618397663,877.836432745022,2.093374763704342,246.7282257080078,22.619272232055664,0,7,0,6,6,0.10027850711827885,-0.9758565184778828,-0.815800139340503,0,0,0,0,144,False,False,
157,0,1252.3063224937475,877.8935967685932,2.0940763897979053,248.8223876953125,22.640464782714844,0,7,0,6,6,0.13017129181861295,-0.9813512768439909,-0.8190715995903257,0,0,0,0,145,False,False,
157,1,1252.3063224937475,877.8935967685932,2.0940763897979053,248.8223876953125,22.640464782714844,0,7,0,6,6,0.13017129181861295,-0.9813512768439909,-0.8190715995903257,0,0,0,0,145,False,False,
157,2,1252.3063224937475,877.8935967685932,2.0940763897979053,248.8223876953125,22.640464782714844,0,7,0,6,6,0.13017129181861295,-0.9813512768439909,-0.8190715995903257,0,0,0,0,145,False,False,
157,3,1252.3063224937475,877.8935967685932,2.0940763897979053,248.8223876953125,22.640464782714844,0,7,0,6,6,0.13017129181861295,-0.9813512768439909,-0.8190715995903257,0,0,0,0,145,False,False,
157,4,1252.3063224937475,877.8935967685932,2.0940763897979053,248.8223876953125,22.640464782714844,0,7,0,6,6,0.13017129181861295,-0.9813512768439909,-0.8190715995903257,0,0,0,0,145,False,False,
157,5,1252.3063224937475,877.8935967685932,2.0940763897979053,248.8223876953125,22.640464782714844,0,7,0,6,6,0.13017129181861295,-0.9813512768439909,-0.8190715995903257,0,0,0,0,145,False,False,
157,6,1252.306322389062,877.8935965081299,2.0940763776514504,248.8223876953125,22.640464782714844,0,7,0,6,6,0.13017129290798898,-0.9813512768439909,-0.8190715995903257,0,0,0,0,145,False,False,
157,7,1252.306322389062,877.8935965081299,2.0940763776514504,248.8223876953125,22.640464782714844,0,7,0,6,6,0.13017129290798898,-0.9813512768439909,-0.8190715995903257,0,0,0,0,145,False,False,
158,0,1250.2123419356346,877.9508255878305,2.0947624484667777,250.9170379638672,22.660202026367188,0,7,0,6,6,0.18480755107084185,-0.9867719519700145,-0.8223432742365402,0,0,0,0,146,False,False,
158,1,1250.2123419356346,877.9508255878305,2.0947624484667777,250.9170379638672,22.660202026367188,0,7,0,6,6,0.18480755107084185,-0.9867719519700145,-0.8223432742365402,0,0,0,0,146,False,False,
158,2,1250.2123419356346,877.9508255878305,2.0947624484667777,250.9170379638672,22.660202026367188,0,7,0,6,6,0.18480755107084185,-0.9867719519700145,-0.8223432742365402,0,0,0,0,146,False,False,
158,3,1250.2123419356346,877.9508255878305,2.0947624484667777,250.9170379638672,22.660202026367188,0,7,0,6,6,0.18480755107084185,-0.9867719519700145,-0.8223432742365402,0,0,0,0,146,False,False,
158,4,1250.2123419356346,877.9508255878305,2.0947624484667777,250.9170379638672,22.660202026367188,0,7,0,6,6,0.18480755107084185,-0.9867719519700145,-0.8223432742365402,0,0,0,0,146,False,False,
158,5,1250.2123419356346,877.9508255878305,2.0947624484667777,250.9170379638672,22.660202026367188,0,7,0,6,6,0.18480755107084185,-0.9867719519700145,-0.8223432742365402,0,0,0,0,146,False,False,
158,6,1250.212341847311,877.9508253226218,2.0947624319811027,250.9170379638672,22.660202026367188,0,7,0,6,6,0.18480755237664476,-0.9867719519700145,-0.8223432742365402,0,0,0,0,146,False,False,
158,7,1250.212341847311,877.9508253226218,2.0947624319811027,250.9170379638672,22.660202026367188,0,7,0,6,6,0.18480755237664476,-0.9867719519700145,-0.8223432742365402,0,0,0,0,146,False,False,
159,0,1248.1177000029897,878.008101673647,2.0954248676583487,253.01254272460938,22.676538467407227,0,7,0,6,6,0.31237380964409045,-0.991965434953598,-0.8256293849064711,0,0,0,0,147,False,False,
159,1,1248.1177000029897,878.008101673647,2.0954248676583487,253.01254272460938,22.676538467407227,0,7,0,6,6,0.31237380964409045,-0.991965434953598,-0.8256293849064711,0,0,0,0,147,False,False,
159,2,1248.1177000029897,878.008101673647,2.0954248676583487,253.01254272460938,22.676538467407227,0,7,0,6,6,0.31237380964409045,-0.991965434953598,-0.8256293849064711,0,0,0,0,147,False,False,
159,3,1248.1177000029897,878.008101673647,2.0954248676583487,253.01254272460938,22.676538467407227,0,7,0,6,6,0.31237380964409045,-0.991965434953598,-0.8256293849064711,0,0,0,0,147,False,False,
159,4,1248.1177000029897,878.008101673647,2.0954248676583487,253.01254272460938,22.676538467407227,0,7,0,6,6,0.31237380964409045,-0.991965434953598,-0.8256293849064711,0,0,0,0,147,False,False,
159,5,1248.1177000029897,878.008101673647,2.0954248676583487,253.01254272460938,22.676538467407227,0,7,0,6,6,0.31237380964409045,-0.991965434953598,-0.8256293849064711,0,0,0,0,147,False,False,
159,6,1248.1176999306188,878.0081014040182,2.0954248515909906,253.01254272460938,22.676538467407227,0,7,0,6,6,0.3123738108539795,-0.991965434953598,-0.8256293849064711,0,0,0,0,147,False,False,
159,7,1248.1176999306188,878.0081014040182,2.0954248515909906,253.01254272460938,22.676538467407227,0,7,0,6,6,0.3123738108539795,-0.991965434953598,-0.8256293849064711,0,0,0,0,147,False,False,
160,0,1246.0226608665266,878.065364971637,2.0958215736576884,255.10829162597656,22.68092918395996,0,7,0,6,6,0.7601691632066371,-0.9959282980223657,-0.8289008594493866,0,0,0,0,148,False,False,
160,1,1246.0226608665266,878.065364971637,2.0958215736576884,255.10829162597656,22.68092918395996,0,7,0,6,6,0.7601691632066371,-0.9959282980223657,-0.8289008594493866,0,0,0,0,148,False,False,
160,2,1246.0226608665266,878.065364971637,2.0958215736576884,255.10829162597656,22.68092918395996,0,7,0,6,6,0.7601691632066371,-0.9959282980223657,-0.8289008594493866,0,0,0,0,148,False,False,
160,3,1246.0226608665266,878.065364971637,2.0958215736576884,255.10829162597656,22.68092918395996,0,7,0,6,6,0.7601691632066371,-0.9959282980223657,-0.8289008594493866,0,0,0,0,148,False,False,
160,4,1246.0226608665266,878.065364971637,2.0958215736576884,255.10829162597656,22.68092918395996,0,7,0,6,6,0.7601691632066371,-0.9959282980223657,-0.8289008594493866,0,0,0,0,148,False,False,
160,5,1246.0226608665266,878.065364971637,2.0958215736576884,255.10829162597656,22.68092918395996,0,7,0,6,6,0.7601691632066371,-0.9959282980223657,-0.8289008594493866,0,0,0,0,148,False,False,
160,6,1246.022660809723,878.0653646984216,2.0958215579980646,255.10829162597656,22.68092918395996,0,7,0,6,6,0.760169164166485,-0.9959282980223657,-0.8289008594493866,0,0,0,0,148,False,False,
160,7,1246.022660809723,878.0653646984216,2.0958215579980646,255.10829162597656,22.68092918395996,0,7,0,6,6,0.760169164166485,-0.9959282980223657,-0.8289008594493866,0,0,0,0,148,False,False,
161,0,1243.9278794228915,878.1225058151048,2.0955606344342317,257.20391845703125,25.904865264892578,0,8,1,7,7,0.027177246192571638,-0.9093038494671551,-0.829597118878397,0,0,0,0,149,False,False,
161,1,1243.9278794228915,878.1225058151048,2.0955606344342317,257.20391845703125,25.904865264892578,0,8,1,7,7,0.027177246192571638,-0.9093038494671551,-0.829597118878397,0,0,0,0,149,False,False,
161,2,1243.9278794228915,878.1225058151048,2.0955606344342317,257.20391845703125,25.904865264892578,0,8,1,7,7,0.027177246192571638,-0.9093038494671551,-0.829597118878397,0,0,0,0,149,False,False,
161,3,1243.9278794228915,878.1225058151048,2.0955606344342317,257.20391845703125,25.904865264892578,0,8,1,7,7,0.027177246192571638,-0.9093038494671551,-0.829597118878397,0,0,0,0,149,False,False,
161,4,1243.9278794228915,878.1225058151048,2.0955606344342317,257.20391845703125,25.904865264892578,0,8,1,7,7,0.027177246192571638,-0.9093038494671551,-0.829597118878397,0,0,0,0,149,False,False,
161,5,1243.9278794228915,878.1225058151048,2.0955606344342317,257.20391845703125,25.904865264892578,0,8,1,7,7,0.027177246192571638,-0.9093038494671551,-0.829597118878397,0,0,0,0,149,False,False,
161,6,1243.9278793719723,878.1225055387595,2.0955606284667208,257.20391845703125,25.904865264892578,0,8,1,7,7,0.027177247094351112,-0.9093038494671551,-0.829597118878397,0,0,0,0,149,False,False,
161,7,1243.9278793719723,878.1225055387595,2.0955606284667208,257.20391845703125,25.904865264892578,0,8,1,7,7,0.027177247094351112,-0.9093038494671551,-0.829597118878397,0,0,0,0,149,False,False,
162,0,1241.8321856396865,878.1796914189973,2.0964738553716002,259.3004150390625,25.928743362426758,0,8,0,7,7,0.02895536869817887,-0.9148890466333932,-0.8293776627317211,0,0,0,0,150,False,False,
162,1,1241.8321856396865,878.1796914189973,2.0964738553716002,259.3004150390625,25.928743362426758,0,8,0,7,7,0.02895536869817887,-0.9148890466333932,-0.8293776627317211,0,0,0,0,150,False,False,
162,2,1241.8321856396865,878.1796914189973,2.0964738553716002,259.3004150390625,25.928743362426758,0,8,0,7,7,0.02895536869817887,-0.9148890466333932,-0.8293776627317211,0,0,0,0,150,False,False,
162,3,1241.8321856396865,878.1796914189973,2.0964738553716002,259.3004150390625,25.928743362426758,0,8,0,7,7,0.02895536869817887,-0.9148890466333932,-0.8293776627317211,0,0,0,0,150,False,False,
162,4,1241.8321856396865,878.1796914189973,2.0964738553716002,259.3004150390625,25.928743362426758,0,8,0,7,7,0.02895536869817887,-0.9148890466333932,-0.8293776627317211,0,0,0,0,150,False,False,
162,5,1241.8321856396865,878.1796914189973,2.0964738553716002,259.3004150390625,25.928743362426758,0,8,0,7,7,0.02895536869817887,-0.9148890466333932,-0.8293776627317211,0,0,0,0,150,False,False,
162,6,1241.8321855944969,878.1796911394051,2.0964738495555437,259.3004150390625,25.928743362426758,0,8,0,7,7,0.02895536963629834,-0.9148890466333932,-0.8293776627317211,0,0,0,0,150,False,False,
162,7,1241.8321855944969,878.1796911394051,2.0964738495555437,259.3004150390625,25.928743362426758,0,8,0,7,7,0.02895536963629834,-0.9148890466333932,-0.8293776627317211,0,0,0,0,150,False,False,
163,0,1239.7355508656428,878.2370154613691,2.0974182753000727,261.39776611328125,25.952590942382812,0,8,0,7,7,0.030954684916715932,-0.9204757782015102,-0.829165110148862,0,0,0,0,151,False,False,
163,1,1239.7355508656428,878.2370154613691,2.0974182753000727,261.39776611328125,25.952590942382812,0,8,0,7,7,0.030954684916715932,-0.9204757782015102,-0.829165110148862,0,0,0,0,151,False,False,
163,2,1239.7355508656428,878.2370154613691,2.0974182753000727,261.39776611328125,25.952590942382812,0,8,0,7,7,0.030954684916715932,-0.9204757782015102,-0.829165110148862,0,0,0,0,151,False,False,
163,3,1239.7355508656428,878.2370154613691,2.0974182753000727,261.39776611328125,25.952590942382812,0,8,0,7,7,0.030954684916715932,-0.9204757782015102,-0.829165110148862,0,0,0,0,151,False,False,
163,4,1239.7355508656428,878.2370154613691,2.0974182753000727,261.39776611328125,25.952590942382812,0,8,0,7,7,0.030954684916715932,-0.9204757782015102,-0.829165110148862,0,0,0,0,151,False,False,
163,5,1239.7355508656428,878.2370154613691,2.0974182753000727,261.39776611328125,25.952590942382812,0,8,0,7,7,0.030954684916715932,-0.9204757782015102,-0.829165110148862,0,0,0,0,151,False,False,
163,6,1239.7355508213784,878.2370151782567,2.0974182742789833,261.39776611328125,25.952590942382812,0,8,0,7,7,0.030954685977106856,-0.9204757782015102,-0.829165110148862,0,0,0,0,151,False,False,
163,7,1239.7355508213784,878.2370151782567,2.0974182742789833,261.39776611328125,25.952590942382812,0,8,0,7,7,0.030954685977106856,-0.9204757782015102,-0.829165110148862,0,0,0,0,151,False,False,
164,0,1237.6380200164501,878.29453627015,2.0983194005578736,263.49609375,25.97637939453125,0,8,0,7,7,0.033239444269594604,-0.9260642234492191,-0.8289822300266321,0,0,0,0,152,False,False,
164,1,1237.6380200164501,878.29453627015,2.0983194005578736,263.49609375,25.97637939453125,0,8,0,7,7,0.033239444269594604,-0.9260642234492191,-0.8289822300266321,0,0,0,0,152,False,False,
164,2,1237.6380200164501,878.29453627015,2.0983194005578736,263.49609375,25.97637939453125,0,8,0,7,7,0.033239444269594604,-0.9260642234492191,-0.8289822300266321,0,0,0,0,152,False,False,
164,3,1237.6380200164501,878.29453627015,2.0983194005578736,263.49609375,25.97637939453125,0,8,0,7,7,0.033239444269594604,-0.9260642234492191,-0.8289822300266321,0,0,0,0,152,False,False,
164,4,1237.6380200164501,878.29453627015,2.0983194005578736,263.49609375,25.97637939453125,0,8,0,7,7,0.033239444269594604,-0.9260642234492191,-0.8289822300266321,0,0,0,0,152,False,False,
164,5,1237.6380200164501,878.29453627015,2.0983194005578736,263.49609375,25.97637939453125,0,8,0,7,7,0.033239444269594604,-0.9260642234492191,-0.8289822300266321,0,0,0,0,152,False,False,
164,6,1237.6380199730618,878.2945359826815,2.0983193995627083,263.49609375,25.97637939453125,0,8,0,7,7,0.03323944558344244,-0.9260642234492191,-0.8289822300266321,0,0,0,0,152,False,False,
164,7,1237.6380199730618,878.2945359826815,2.0983193995627083,263.49609375,25.97637939453125,0,8,0,7,7,0.03323944558344244,-0.9260642234492191,-0.8289822300266321,0,0,0,0,152,False,False,
165,0,1235.539626163738,878.3522895249083,2.099188462128961,265.59527587890625,26.00010108947754,0,8,0,7,7,0.03589253096633816,-0.9316538209684483,-0.8288212898018326,0,0,0,0,153,False,False,
165,1,1235.539626163738,878.3522895249083,2.099188462128961,265.59527587890625,26.00010108947754,0,8,0,7,7,0.03589253096633816,-0.9316538209684483,-0.8288212898018326,0,0,0,0,153,False,False,
165,2,1235.539626163738,878.3522895249083,2.099188462128961,265.59527587890625,26.00010108947754,0,8,0,7,7,0.03589253096633816,-0.9316538209684483,-0.8288212898018326,0,0,0,0,153,False,False,
165,3,1235.539626163738,878.3522895249083,2.099188462128961,265.59527587890625,26.00010108947754,0,8,0,7,7,0.03589253096633816,-0.9316538209684483,-0.8288212898018326,0,0,0,0,153,False,False,
165,4,1235.539626163738,878.3522895249083,2.099188462128961,265.59527587890625,26.00010108947754,0,8,0,7,7,0.03589253096633816,-0.9316538209684483,-0.8288212898018326,0,0,0,0,153,False,False,
165,5,1235.539626163738,878.3522895249083,2.099188462128961,265.59527587890625,26.00010108947754,0,8,0,7,7,0.03589253096633816,-0.9316538209684483,-0.8288212898018326,0,0,0,0,153,False,False,
165,6,1235.5396261304943,878.3522892329457,2.099188451864493,265.59527587890625,26.00010108947754,0,8,0,7,7,0.035892532244103055,-0.9316538209684483,-0.8288212898018326,0,0,0,0,153,False,False,
165,7,1235.5396261304943,878.3522892329457,2.099188451864493,265.59527587890625,26.00010108947754,0,8,0,7,7,0.035892532244103055,-0.9316538209684483,-0.8288212898018326,0,0,0,0,153,False,False,
166,0,1233.440401828771,878.410296719872,2.100025629173405,267.6953125,26.02374267578125,0,8,0,7,7,0.0390181722966787,-0.9372442799769314,-0.8286819035609583,0,0,0,0,154,False,False,
166,1,1233.440401828771,878.410296719872,2.100025629173405,267.6953125,26.02374267578125,0,8,0,7,7,0.0390181722966787,-0.9372442799769314,-0.8286819035609583,0,0,0,0,154,False,False,
166,2,1233.440401828771,878.410296719872,2.100025629173405,267.6953125,26.02374267578125,0,8,0,7,7,0.0390181722966787,-0.9372442799769314,-0.8286819035609583,0,0,0,0,154,False,False,
166,3,1233.440401828771,878.410296719872,2.100025629173405,267.6953125,26.02374267578125,0,8,0,7,7,0.0390181722966787,-0.9372442799769314,-0.8286819035609583,0,0,0,0,154,False,False,
166,4,1233.440401828771,878.410296719872,2.100025629173405,267.6953125,26.02374267578125,0,8,0,7,7,0.0390181722966787,-0.9372442799769314,-0.8286819035609583,0,0,0,0,154,False,False,
166,5,1233.440401828771,878.410296719872,2.100025629173405,267.6953125,26.02374267578125,0,8,0,7,7,0.0390181722966787,-0.9372442799769314,-0.8286819035609583,0,0,0,0,154,False,False,
166,6,1233.4404018100724,878.4102964238731,2.1000256145223624,267.6953125,26.02374267578125,0,8,0,7,7,0.039018173398027836,-0.9372442799769314,-0.8286819035609583,0,0,0,0,154,False,False,
166,7,1233.4404018100724,878.4102964238731,2.1000256145223624,267.6953125,26.02374267578125,0,8,0,7,7,0.039018173398027836,-0.9372442799769314,-0.8286819035609583,0,0,0,0,154,False,False,
167,0,1231.3404093001295,878.468569110002,2.100800869145322,269.79608154296875,26.047285079956055,0,8,0,7,7,0.04275789506876732,-0.9428348698843381,-0.828579493551128,0,0,0,0,155,False,False,
167,1,1231.3404093001295,878.468569110002,2.100800869145322,269.79608154296875,26.047285079956055,0,8,0,7,7,0.04275789506876732,-0.9428348698843381,-0.828579493551128,0,0,0,0,155,False,False,
167,2,1231.3404093001295,878.468569110002,2.100800869145322,269.79608154296875,26.047285079956055,0,8,0,7,7,0.04275789506876732,-0.9428348698843381,-0.828579493551128,0,0,0,0,155,False,False,
167,3,1231.3404093001295,878.468569110002,2.100800869145322,269.79608154296875,26.047285079956055,0,8,0,7,7,0.04275789506876732,-0.9428348698843381,-0.828579493551128,0,0,0,0,155,False,False,
167,4,1231.3404093001295,878.468569110002,2.100800869145322,269.79608154296875,26.047285079956055,0,8,0,7,7,0.04275789506876732,-0.9428348698843381,-0.828579493551128,0,0,0,0,155,False,False,
167,5,1231.3404093001295,878.468569110002,2.100800869145322,269.79608154296875,26.047285079956055,0,8,0,7,7,0.04275789506876732,-0.9428348698843381,-0.828579493551128,0,0,0,0,155,False,False,
167,6,1231.3404092956027,878.4685688099494,2.100800854866436,269.79608154296875,26.047285079956055,0,8,0,7,7,0.042757896177611894,-0.9428348698843381,-0.828579493551128,0,0,0,0,155,False,False,
167,7,1231.3404092956027,878.4685688099494,2.100800854866436,269.79608154296875,26.047285079956055,0,8,0,7,7,0.042757896177611894,-0.9428348698843381,-0.828579493551128,0,0,0,0,155,False,False,
168,0,1229.2397917812455,878.5271145405435,2.10143320809396,271.8976135253906,26.070709228515625,0,8,0,7,7,0.047315122926560586,-0.9484249730920402,-0.8284990234387283,0,0,0,0,156,False,False,
168,1,1229.2397917812455,878.5271145405435,2.10143320809396,271.8976135253906,26.070709228515625,0,8,0,7,7,0.047315122926560586,-0.9484249730920402,-0.8284990234387283,0,0,0,0,156,False,False,
168,2,1229.2397917812455,878.5271145405435,2.10143320809396,271.8976135253906,26.070709228515625,0,8,0,7,7,0.047315122926560586,-0.9484249730920402,-0.8284990234387283,0,0,0,0,156,False,False,
168,3,1229.2397917812455,878.5271145405435,2.10143320809396,271.8976135253906,26.070709228515625,0,8,0,7,7,0.047315122926560586,-0.9484249730920402,-0.8284990234387283,0,0,0,0,156,False,False,
168,4,1229.2397917812455,878.5271145405435,2.10143320809396,271.8976135253906,26.070709228515625,0,8,0,7,7,0.047315122926560586,-0.9484249730920402,-0.8284990234387283,0,0,0,0,156,False,False,
168,5,1229.2397917812455,878.5271145405435,2.10143320809396,271.8976135253906,26.070709228515625,0,8,0,7,7,0.047315122926560586,-0.9484249730920402,-0.8284990234387283,0,0,0,0,156,False,False,
168,6,1229.2397917998383,878.5271142369022,2.1014331848833554,271.8976135253906,26.070709228515625,0,8,0,7,7,0.04731512381819572,-0.9484249730920402,-0.8284990234387283,0,0,0,0,156,False,False,
168,7,1229.2397917998383,878.5271142369022,2.1014331848833554,271.8976135253906,26.070709228515625,0,8,0,7,7,0.04731512381819572,-0.9484249730920402,-0.8284990234387283,0,0,0,0,156,False,False,
169,0,1227.1385630455907,878.5859389913797,2.1020519773682445,273.9996337890625,26.093982696533203,0,8,0,7,7,0.052987691167392846,-0.9540130627504502,-0.8284551293507746,0,0,0,0,157,False,False,
169,1,1227.1385630455907,878.5859389913797,2.1020519773682445,273.9996337890625,26.093982696533203,0,8,0,7,7,0.052987691167392846,-0.9540130627504502,-0.8284551293507746,0,0,0,0,157,False,False,
169,2,1227.1385630455907,878.5859389913797,2.1020519773682445,273.9996337890625,26.093982696533203,0,8,0,7,7,0.052987691167392846,-0.9540130627504502,-0.8284551293507746,0,0,0,0,157,False,False,
169,3,1227.1385630455907,878.5859389913797,2.1020519773682445,273.9996337890625,26.093982696533203,0,8,0,7,7,0.052987691167392846,-0.9540130627504502,-0.8284551293507746,0,0,0,0,157,False,False,
169,4,1227.1385630455907,878.5859389913797,2.1020519773682445,273.9996337890625,26.093982696533203,0,8,0,7,7,0.052987691167392846,-0.9540130627504502,-0.8284551293507746,0,0,0,0,157,False,False,
169,5,1227.1385630455907,878.5859389913797,2.1020519773682445,273.9996337890625,26.093982696533203,0,8,0,7,7,0.052987691167392846,-0.9540130627504502,-0.8284551293507746,0,0,0,0,157,False,False,
169,6,1227.1385630913728,878.5859386845442,2.102051950100147,273.9996337890625,26.093982696533203,0,8,0,7,7,0.05298769190399197,-0.9540130627504502,-0.8284551293507746,0,0,0,0,157,False,False,
169,7,1227.1385630913728,878.5859386845442,2.102051950100147,273.9996337890625,26.093982696533203,0,8,0,7,7,0.05298769190399197,-0.9540130627504502,-0.8284551293507746,0,0,0,0,157,False,False,
170,0,1225.0367506386083,878.6450452347085,2.102643322616868,276.1022644042969,26.1170654296875,0,8,0,7,7,0.06024261844107331,-0.9595980552704436,-0.828440493223759,0,0,0,0,158,False,False,
170,1,1225.0367506386083,878.6450452347085,2.102643322616868,276.1022644042969,26.1170654296875,0,8,0,7,7,0.06024261844107331,-0.9595980552704436,-0.828440493223759,0,0,0,0,158,False,False,
170,2,1225.0367506386083,878.6450452347085,2.102643322616868,276.1022644042969,26.1170654296875,0,8,0,7,7,0.06024261844107331,-0.9595980552704436,-0.828440493223759,0,0,0,0,158,False,False,
170,3,1225.0367506386083,878.6450452347085,2.102643322616868,276.1022644042969,26.1170654296875,0,8,0,7,7,0.06024261844107331,-0.9595980552704436,-0.828440493223759,0,0,0,0,158,False,False,
170,4,1225.0367506386083,878.6450452347085,2.102643322616868,276.1022644042969,26.1170654296875,0,8,0,7,7,0.06024261844107331,-0.9595980552704436,-0.828440493223759,0,0,0,0,158,False,False,
170,5,1225.0367506386083,878.6450452347085,2.102643322616868,276.1022644042969,26.1170654296875,0,8,0,7,7,0.06024261844107331,-0.9595980552704436,-0.828440493223759,0,0,0,0,158,False,False,
170,6,1225.036750710888,878.6450449247368,2.102643296041667,276.1022644042969,26.1170654296875,0,8,0,7,7,0.060242619164719714,-0.9595980552704436,-0.828440493223759,0,0,0,0,158,False,False,
170,7,1225.036750710888,878.6450449247368,2.102643296041667,276.1022644042969,26.1170654296875,0,8,0,7,7,0.060242619164719714,-0.9595980552704436,-0.828440493223759,0,0,0,0,158,False,False,
171,0,1222.9343813069481,878.7044339829115,2.103207985463761,278.20550537109375,26.139892578125,0,8,0,7,7,0.0698379935067916,-0.9651776880025229,-0.8284624474142823,0,0,0,0,159,False,False,
171,1,1222.9343813069481,878.7044339829115,2.103207985463761,278.20550537109375,26.139892578125,0,8,0,7,7,0.0698379935067916,-0.9651776880025229,-0.8284624474142823,0,0,0,0,159,False,False,
171,2,1222.9343813069481,878.7044339829115,2.103207985463761,278.20550537109375,26.139892578125,0,8,0,7,7,0.0698379935067916,-0.9651776880025229,-0.8284624474142823,0,0,0,0,159,False,False,
171,3,1222.9343813069481,878.7044339829115,2.103207985463761,278.20550537109375,26.139892578125,0,8,0,7,7,0.0698379935067916,-0.9651776880025229,-0.8284624474142823,0,0,0,0,159,False,False,
171,4,1222.9343813069481,878.7044339829115,2.103207985463761,278.20550537109375,26.139892578125,0,8,0,7,7,0.0698379935067916,-0.9651776880025229,-0.8284624474142823,0,0,0,0,159,False,False,
171,5,1222.9343813069481,878.7044339829115,2.103207985463761,278.20550537109375,26.139892578125,0,8,0,7,7,0.0698379935067916,-0.9651776880025229,-0.8284624474142823,0,0,0,0,159,False,False,
171,6,1222.9343814004108,878.7044336701689,2.103207964211116,278.20550537109375,26.139892578125,0,8,0,7,7,0.06983799416410995,-0.9651776880025229,-0.8284624474142823,0,0,0,0,159,False,False,
171,7,1222.9343814004108,878.7044336701689,2.103207964211116,278.20550537109375,26.139892578125,0,8,0,7,7,0.06983799416410995,-0.9651776880025229,-0.8284624474142823,0,0,0,0,159,False,False,
172,0,1220.8314788377045,878.7641044527926,2.103748882382816,280.30926513671875,26.16236686706543,0,8,0,7,7,0.08310832161432825,-0.9707476231647718,-0.8285209633361588,0,0,0,0,160,False,False,
172,1,1220.8314788377045,878.7641044527926,2.103748882382816,280.30926513671875,26.16236686706543,0,8,0,7,7,0.08310832161432825,-0.9707476231647718,-0.8285209633361588,0,0,0,0,160,False,False,
172,2,1220.8314788377045,878.7641044527926,2.103748882382816,280.30926513671875,26.16236686706543,0,8,0,7,7,0.08310832161432825,-0.9707476231647718,-0.8285209633361588,0,0,0,0,160,False,False,
172,3,1220.8314788377045,878.7641044527926,2.103748882382816,280.30926513671875,26.16236686706543,0,8,0,7,7,0.08310832161432825,-0.9707476231647718,-0.8285209633361588,0,0,0,0,160,False,False,
172,4,1220.8314788377045,878.7641044527926,2.103748882382816,280.30926513671875,26.16236686706543,0,8,0,7,7,0.08310832161432825,-0.9707476231647718,-0.8285209633361588,0,0,0,0,160,False,False,
172,5,1220.8314788377045,878.7641044527926,2.103748882382816,280.30926513671875,26.16236686706543,0,8,0,7,7,0.08310832161432825,-0.9707476231647718,-0.8285209633361588,0,0,0,0,160,False,False,
172,6,1220.8314789564579,878.7641041372617,2.10374885702315,280.30926513671875,26.16236686706543,0,8,0,7,7,0.08310832224069631,-0.9707476231647718,-0.8285209633361588,0,0,0,0,160,False,False,
172,7,1220.8314789564579,878.7641041372617,2.10374885702315,280.30926513671875,26.16236686706543,0,8,0,7,7,0.08310832224069631,-0.9707476231647718,-0.8285209633361588,0,0,0,0,160,False,False,
173,0,1218.7280803978074,878.8240801038163,2.1042533297294694,282.41351318359375,26.1843204498291,0,8,0,7,7,0.1026225181155196,-0.9763000814625262,-0.8286087515120663,0,0,0,0,161,False,False,
173,1,1218.7280803978074,878.8240801038163,2.1042533297294694,282.41351318359375,26.1843204498291,0,8,0,7,7,0.1026225181155196,-0.9763000814625262,-0.8286087515120663,0,0,0,0,161,False,False,
173,2,1218.7280803978074,878.8240801038163,2.1042533297294694,282.41351318359375,26.1843204498291,0,8,0,7,7,0.1026225181155196,-0.9763000814625262,-0.8286087515120663,0,0,0,0,161,False,False,
173,3,1218.7280803978074,878.8240801038163,2.1042533297294694,282.41351318359375,26.1843204498291,0,8,0,7,7,0.1026225181155196,-0.9763000814625262,-0.8286087515120663,0,0,0,0,161,False,False,
173,4,1218.7280803978074,878.8240801038163,2.1042533297294694,282.41351318359375,26.1843204498291,0,8,0,7,7,0.1026225181155196,-0.9763000814625262,-0.8286087515120663,0,0,0,0,161,False,False,
173,5,1218.7280803978074,878.8240801038163,2.1042533297294694,282.41351318359375,26.1843204498291,0,8,0,7,7,0.1026225181155196,-0.9763000814625262,-0.8286087515120663,0,0,0,0,161,False,False,
173,6,1218.728080541216,878.824079785835,2.1042533050144097,282.41351318359375,26.1843204498291,0,8,0,7,7,0.1026225186439714,-0.9763000814625262,-0.8286087515120663,0,0,0,0,161,False,False,
173,7,1218.728080541216,878.824079785835,2.1042533050144097,282.41351318359375,26.1843204498291,0,8,0,7,7,0.1026225186439714,-0.9763000814625262,-0.8286087515120663,0,0,0,0,161,False,False,
174,0,1216.6242078220544,878.8843725588287,2.104736324373485,284.51812744140625,26.2054386138916,0,8,0,7,7,0.1340536560056917,-0.9818175007316489,-0.828733101419327,0,0,0,0,162,False,False,
174,1,1216.6242078220544,878.8843725588287,2.104736324373485,284.51812744140625,26.2054386138916,0,8,0,7,7,0.1340536560056917,-0.9818175007316489,-0.828733101419327,0,0,0,0,162,False,False,
174,2,1216.6242078220544,878.8843725588287,2.104736324373485,284.51812744140625,26.2054386138916,0,8,0,7,7,0.1340536560056917,-0.9818175007316489,-0.828733101419327,0,0,0,0,162,False,False,
174,3,1216.6242078220544,878.8843725588287,2.104736324373485,284.51812744140625,26.2054386138916,0,8,0,7,7,0.1340536560056917,-0.9818175007316489,-0.828733101419327,0,0,0,0,162,False,False,
174,4,1216.6242078220544,878.8843725588287,2.104736324373485,284.51812744140625,26.2054386138916,0,8,0,7,7,0.1340536560056917,-0.9818175007316489,-0.828733101419327,0,0,0,0,162,False,False,
174,5,1216.6242078220544,878.8843725588287,2.104736324373485,284.51812744140625,26.2054386138916,0,8,0,7,7,0.1340536560056917,-0.9818175007316489,-0.828733101419327,0,0,0,0,162,False,False,
174,6,1216.6242079894855,878.8843722382568,2.1047363002867057,284.51812744140625,26.2054386138916,0,8,0,7,7,0.13405365658077656,-0.9818175007316489,-0.828733101419327,0,0,0,0,162,False,False,
174,7,1216.6242079894855,878.8843722382568,2.1047363002867057,284.51812744140625,26.2054386138916,0,8,0,7,7,0.13405365658077656,-0.9818175007316489,-0.828733101419327,0,0,0,0,162,False,False,
175,0,1214.5199005776044,878.9449820842209,2.105179919534803,286.6233825683594,26.224994659423828,0,8,0,7,7,0.1926120288756784,-0.9872535912776106,-0.8288944561438173,0,0,0,0,163,False,False,
175,1,1214.5199005776044,878.9449820842209,2.105179919534803,286.6233825683594,26.224994659423828,0,8,0,7,7,0.1926120288756784,-0.9872535912776106,-0.8288944561438173,0,0,0,0,163,False,False,
175,2,1214.5199005776044,878.9449820842209,2.105179919534803,286.6233825683594,26.224994659423828,0,8,0,7,7,0.1926120288756784,-0.9872535912776106,-0.8288944561438173,0,0,0,0,163,False,False,
175,3,1214.5199005776044,878.9449820842209,2.105179919534803,286.6233825683594,26.224994659423828,0,8,0,7,7,0.1926120288756784,-0.9872535912776106,-0.8288944561438173,0,0,0,0,163,False,False,
175,4,1214.5199005776044,878.9449820842209,2.105179919534803,286.6233825683594,26.224994659423828,0,8,0,7,7,0.1926120288756784,-0.9872535912776106,-0.8288944561438173,0,0,0,0,163,False,False,
175,5,1214.5199005776044,878.9449820842209,2.105179919534803,286.6233825683594,26.224994659423828,0,8,0,7,7,0.1926120288756784,-0.9872535912776106,-0.8288944561438173,0,0,0,0,163,False,False,
175,6,1214.5199007684394,878.9449817608536,2.1051798960603856,286.6233825683594,26.224994659423828,0,8,0,7,7,0.19261202951693057,-0.9872535912776106,-0.8288944561438173,0,0,0,0,163,False,False,
175,7,1214.5199007684394,878.9449817608536,2.1051798960603856,286.6233825683594,26.224994659423828,0,8,0,7,7,0.19261202951693057,-0.9872535912776106,-0.8288944561438173,0,0,0,0,163,False,False,
176,0,1212.4152538669541,879.0058958852736,2.105528025890458,288.7288818359375,26.240768432617188,0,8,0,7,7,0.3342540285007421,-0.9924265414225918,-0.8290846400364622,0,0,0,0,164,False,False,
176,1,1212.4152538669541,879.0058958852736,2.105528025890458,288.7288818359375,26.240768432617188,0,8,0,7,7,0.3342540285007421,-0.9924265414225918,-0.8290846400364622,0,0,0,0,164,False,False,
176,2,1212.4152538669541,879.0058958852736,2.105528025890458,288.7288818359375,26.240768432617188,0,8,0,7,7,0.3342540285007421,-0.9924265414225918,-0.8290846400364622,0,0,0,0,164,False,False,
176,3,1212.4152538669541,879.0058958852736,2.105528025890458,288.7288818359375,26.240768432617188,0,8,0,7,7,0.3342540285007421,-0.9924265414225918,-0.8290846400364622,0,0,0,0,164,False,False,
176,4,1212.4152538669541,879.0058958852736,2.105528025890458,288.7288818359375,26.240768432617188,0,8,0,7,7,0.3342540285007421,-0.9924265414225918,-0.8290846400364622,0,0,0,0,164,False,False,
176,5,1212.4152538669541,879.0058958852736,2.105528025890458,288.7288818359375,26.240768432617188,0,8,0,7,7,0.3342540285007421,-0.9924265414225918,-0.8290846400364622,0,0,0,0,164,False,False,
176,6,1212.4152540805676,879.0058955581588,2.105528003012875,288.7288818359375,26.240768432617188,0,8,0,7,7,0.3342540294340934,-0.9924265414225918,-0.8290846400364622,0,0,0,0,164,False,False,
176,7,1212.4152540805676,879.0058955581588,2.105528003012875,288.7288818359375,26.240768432617188,0,8,0,7,7,0.3342540294340934,-0.9924265414225918,-0.8290846400364622,0,0,0,0,164,False,False,
177,0,1210.3108439406187,879.0670351838266,2.1052978772340136,290.8342590332031,26.242887496948242,0,8,0,7,7,0.8455427451168835,-0.9960898695895888,-0.8293045106828291,0,0,0,0,165,False,False,
177,1,1210.3108439406187,879.0670351838266,2.1052978772340136,290.8342590332031,26.242887496948242,0,8,0,7,7,0.8455427451168835,-0.9960898695895888,-0.8293045106828291,0,0,0,0,165,False,False,
177,2,1210.3108439406187,879.0670351838266,2.1052978772340136,290.8342590332031,26.242887496948242,0,8,0,7,7,0.8455427451168835,-0.9960898695895888,-0.8293045106828291,0,0,0,0,165,False,False,
177,3,1210.3108439406187,879.0670351838266,2.1052978772340136,290.8342590332031,26.242887496948242,0,8,0,7,7,0.8455427451168835,-0.9960898695895888,-0.8293045106828291,0,0,0,0,165,False,False,
177,4,1210.3108439406187,879.0670351838266,2.1052978772340136,290.8342590332031,26.242887496948242,0,8,0,7,7,0.8455427451168835,-0.9960898695895888,-0.8293045106828291,0,0,0,0,165,False,False,
177,5,1210.3108439406187,879.0670351838266,2.1052978772340136,290.8342590332031,26.242887496948242,0,8,0,7,7,0.8455427451168835,-0.9960898695895888,-0.8293045106828291,0,0,0,0,165,False,False,
177,6,1210.3108441810602,879.067034852361,2.105297850290923,290.8342590332031,26.242887496948242,0,8,0,7,7,0.845542746196376,-0.9960898695895888,-0.8293045106828291,0,0,0,0,165,False,False,
177,7,1210.3108441810602,879.067034852361,2.105297850290923,290.8342590332031,26.242887496948242,0,8,0,7,7,0.845542746196376,-0.9960898695895888,-0.8293045106828291,0,0,0,0,165,False,False,
178,0,1208.207545088101,879.1282667495059,2.1041899552175987,292.93841552734375,29.466646194458008,0,9,1,8,8,0.03479074831137944,-0.9084590747726109,-0.8267262654332528,0,0,0,0,166,False,False,
178,1,1208.207545088101,879.1282667495059,2.1041899552175987,292.93841552734375,29.466646194458008,0,9,1,8,8,0.03479074831137944,-0.9084590747726109,-0.8267262654332528,0,0,0,0,166,False,False,
178,2,1208.207545088101,879.1282667495059,2.1041899552175987,292.93841552734375,29.466646194458008,0,9,1,8,8,0.03479074831137944,-0.9084590747726109,-0.8267262654332528,0,0,0,0,166,False,False,
178,3,1208.207545088101,879.1282667495059,2.1041899552175987,292.93841552734375,29.466646194458008,0,9,1,8,8,0.03479074831137944,-0.9084590747726109,-0.8267262654332528,0,0,0,0,166,False,False,
178,4,1208.207545088101,879.1282667495059,2.1041899552175987,292.93841552734375,29.466646194458008,0,9,1,8,8,0.03479074831137944,-0.9084590747726109,-0.8267262654332528,0,0,0,0,166,False,False,
178,5,1208.207545088101,879.1282667495059,2.1041899552175987,292.93841552734375,29.466646194458008,0,9,1,8,8,0.03479074831137944,-0.9084590747726109,-0.8267262654332528,0,0,0,0,166,False,False,
178,6,1208.2075453500256,879.1282664133338,2.1041899336065217,292.93841552734375,29.466646194458008,0,9,1,8,8,0.03479074954554196,-0.9084590747726109,-0.8267262654332528,0,0,0,0,166,False,False,
178,7,1208.2075453500256,879.1282664133338,2.1041899336065217,292.93841552734375,29.466646194458008,0,9,1,8,8,0.03479074954554196,-0.9084590747726109,-0.8267262654332528,0,0,0,0,166,False,False,
179,0,1206.1035617498708,879.1897401893157,2.1048812012444,295.0433044433594,29.490339279174805,0,9,0,8,8,0.0369907790990671,-0.914063251212735,-0.823591375685025,0,0,0,0,167,False,False,
179,1,1206.1035617498708,879.1897401893157,2.1048812012444,295.0433044433594,29.490339279174805,0,9,0,8,8,0.0369907790990671,-0.914063251212735,-0.823591375685025,0,0,0,0,167,False,False,
179,2,1206.1035617498708,879.1897401893157,2.1048812012444,295.0433044433594,29.490339279174805,0,9,0,8,8,0.0369907790990671,-0.914063251212735,-0.823591375685025,0,0,0,0,167,False,False,
179,3,1206.1035617498708,879.1897401893157,2.1048812012444,295.0433044433594,29.490339279174805,0,9,0,8,8,0.0369907790990671,-0.914063251212735,-0.823591375685025,0,0,0,0,167,False,False,
179,4,1206.1035617498708,879.1897401893157,2.1048812012444,295.0433044433594,29.490339279174805,0,9,0,8,8,0.0369907790990671,-0.914063251212735,-0.823591375685025,0,0,0,0,167,False,False,
179,5,1206.1035617498708,879.1897401893157,2.1048812012444,295.0433044433594,29.490339279174805,0,9,0,8,8,0.0369907790990671,-0.914063251212735,-0.823591375685025,0,0,0,0,167,False,False,
179,6,1206.1035620327152,879.1897398479749,2.1048811801827125,295.0433044433594,29.490339279174805,0,9,0,8,8,0.03699078047687673,-0.914063251212735,-0.823591375685025,0,0,0,0,167,False,False,
179,7,1206.1035620327152,879.1897398479749,2.1048811801827125,295.0433044433594,29.490339279174805,0,9,0,8,8,0.03699078047687673,-0.914063251212735,-0.823591375685025,0,0,0,0,167,False,False,
180,0,1203.9988961340985,879.2515127596955,2.1055719424104384,297.1488342285156,29.51398468017578,0,9,0,8,8,0.03948456653495908,-0.9196678808066272,-0.82048571531155,0,0,0,0,168,False,False,
180,1,1203.9988961340985,879.2515127596955,2.1055719424104384,297.1488342285156,29.51398468017578,0,9,0,8,8,0.03948456653495908,-0.9196678808066272,-0.82048571531155,0,0,0,0,168,False,False,
180,2,1203.9988961340985,879.2515127596955,2.1055719424104384,297.1488342285156,29.51398468017578,0,9,0,8,8,0.03948456653495908,-0.9196678808066272,-0.82048571531155,0,0,0,0,168,False,False,
180,3,1203.9988961340985,879.2515127596955,2.1055719424104384,297.1488342285156,29.51398468017578,0,9,0,8,8,0.03948456653495908,-0.9196678808066272,-0.82048571531155,0,0,0,0,168,False,False,
180,4,1203.9988961340985,879.2515127596955,2.1055719424104384,297.1488342285156,29.51398468017578,0,9,0,8,8,0.03948456653495908,-0.9196678808066272,-0.82048571531155,0,0,0,0,168,False,False,
180,5,1203.9988961340985,879.2515127596955,2.1055719424104384,297.1488342285156,29.51398468017578,0,9,0,8,8,0.03948456653495908,-0.9196678808066272,-0.82048571531155,0,0,0,0,168,False,False,
180,6,1203.9988964280246,879.2515124130739,2.105571931178517,297.1488342285156,29.51398468017578,0,9,0,8,8,0.03948456803263759,-0.9196678808066272,-0.82048571531155,0,0,0,0,168,False,False,
180,7,1203.9988964280246,879.2515124130739,2.105571931178517,297.1488342285156,29.51398468017578,0,9,0,8,8,0.03948456803263759,-0.9196678808066272,-0.82048571531155,0,0,0,0,168,False,False,
181,0,1201.8936239836494,879.3136146417056,2.1061879002610757,299.2549743652344,29.537555694580078,0,9,0,8,8,0.042349716490565154,-0.9252726934157732,-0.8174099132089102,0,0,0,0,169,False,False,
181,1,1201.8936239836494,879.3136146417056,2.1061879002610757,299.2549743652344,29.537555694580078,0,9,0,8,8,0.042349716490565154,-0.9252726934157732,-0.8174099132089102,0,0,0,0,169,False,False,
181,2,1201.8936239836494,879.3136146417056,2.1061879002610757,299.2549743652344,29.537555694580078,0,9,0,8,8,0.042349716490565154,-0.9252726934157732,-0.8174099132089102,0,0,0,0,169,False,False,
181,3,1201.8936239836494,879.3136146417056,2.1061879002610757,299.2549743652344,29.537555694580078,0,9,0,8,8,0.042349716490565154,-0.9252726934157732,-0.8174099132089102,0,0,0,0,169,False,False,
181,4,1201.8936239836494,879.3136146417056,2.1061879002610757,299.2549743652344,29.537555694580078,0,9,0,8,8,0.042349716490565154,-0.9252726934157732,-0.8174099132089102,0,0,0,0,169,False,False,
181,5,1201.8936239836494,879.3136146417056,2.1061879002610757,299.2549743652344,29.537555694580078,0,9,0,8,8,0.042349716490565154,-0.9252726934157732,-0.8174099132089102,0,0,0,0,169,False,False,
181,6,1201.8936242883508,879.3136142891252,2.106187889314761,299.2549743652344,29.537555694580078,0,9,0,8,8,0.04234971819486506,-0.9252726934157732,-0.8174099132089102,0,0,0,0,169,False,False,
181,7,1201.8936242883508,879.3136142891252,2.106187889314761,299.2549743652344,29.537555694580078,0,9,0,8,8,0.04234971819486506,-0.9252726934157732,-0.8174099132089102,0,0,0,0,169,False,False,
182,0,1199.7878110866684,879.376060741233,2.1067385866398354,301.3617248535156,29.561038970947266,0,9,0,8,8,0.04568221632891355,-0.9308773476213861,-0.8143773762981416,0,0,0,0,170,False,False,
182,1,1199.7878110866684,879.376060741233,2.1067385866398354,301.3617248535156,29.561038970947266,0,9,0,8,8,0.04568221632891355,-0.9308773476213861,-0.8143773762981416,0,0,0,0,170,False,False,
182,2,1199.7878110866684,879.376060741233,2.1067385866398354,301.3617248535156,29.561038970947266,0,9,0,8,8,0.04568221632891355,-0.9308773476213861,-0.8143773762981416,0,0,0,0,170,False,False,
182,3,1199.7878110866684,879.376060741233,2.1067385866398354,301.3617248535156,29.561038970947266,0,9,0,8,8,0.04568221632891355,-0.9308773476213861,-0.8143773762981416,0,0,0,0,170,False,False,
182,4,1199.7878110866684,879.376060741233,2.1067385866398354,301.3617248535156,29.561038970947266,0,9,0,8,8,0.04568221632891355,-0.9308773476213861,-0.8143773762981416,0,0,0,0,170,False,False,
182,5,1199.7878110866684,879.376060741233,2.1067385866398354,301.3617248535156,29.561038970947266,0,9,0,8,8,0.04568221632891355,-0.9308773476213861,-0.8143773762981416,0,0,0,0,170,False,False,
182,6,1199.7878114018731,879.3760603829415,2.106738575971896,301.3617248535156,29.561038970947266,0,9,0,8,8,0.04568221795986302,-0.9308773476213861,-0.8143773762981416,0,0,0,0,170,False,False,
182,7,1199.7878114018731,879.3760603829415,2.106738575971896,301.3617248535156,29.561038970947266,0,9,0,8,8,0.04568221795986302,-0.9308773476213861,-0.8143773762981416,0,0,0,0,170,False,False,
183,0,1197.6815019178978,879.4388592369738,2.1072451128225476,303.468994140625,29.58441925048828,0,9,0,8,8,0.0496090270453771,-0.9364810384974239,-0.8113893337852238,0,0,0,0,171,False,False,
183,1,1197.6815019178978,879.4388592369738,2.1072451128225476,303.468994140625,29.58441925048828,0,9,0,8,8,0.0496090270453771,-0.9364810384974239,-0.8113893337852238,0,0,0,0,171,False,False,
183,2,1197.6815019178978,879.4388592369738,2.1072451128225476,303.468994140625,29.58441925048828,0,9,0,8,8,0.0496090270453771,-0.9364810384974239,-0.8113893337852238,0,0,0,0,171,False,False,
183,3,1197.6815019178978,879.4388592369738,2.1072451128225476,303.468994140625,29.58441925048828,0,9,0,8,8,0.0496090270453771,-0.9364810384974239,-0.8113893337852238,0,0,0,0,171,False,False,
183,4,1197.6815019178978,879.4388592369738,2.1072451128225476,303.468994140625,29.58441925048828,0,9,0,8,8,0.0496090270453771,-0.9364810384974239,-0.8113893337852238,0,0,0,0,171,False,False,
183,5,1197.6815019178978,879.4388592369738,2.1072451128225476,303.468994140625,29.58441925048828,0,9,0,8,8,0.0496090270453771,-0.9364810384974239,-0.8113893337852238,0,0,0,0,171,False,False,
183,6,1197.6815022386909,879.4388588731911,2.107245107073026,303.468994140625,29.58441925048828,0,9,0,8,8,0.049609028653305305,-0.9364810384974239,-0.8113893337852238,0,0,0,0,171,False,False,
183,7,1197.6815022386909,879.4388588731911,2.107245107073026,303.468994140625,29.58441925048828,0,9,0,8,8,0.049609028653305305,-0.9364810384974239,-0.8113893337852238,0,0,0,0,171,False,False,
184,0,1195.5747388514003,879.5020137506194,2.107709446520414,305.5767517089844,29.607675552368164,0,9,0,8,8,0.05430477814029789,-0.9420830991166549,-0.8084445278779915,0,0,0,0,172,False,False,
184,1,1195.5747388514003,879.5020137506194,2.107709446520414,305.5767517089844,29.607675552368164,0,9,0,8,8,0.05430477814029789,-0.9420830991166549,-0.8084445278779915,0,0,0,0,172,False,False,
184,2,1195.5747388514003,879.5020137506194,2.107709446520414,305.5767517089844,29.607675552368164,0,9,0,8,8,0.05430477814029789,-0.9420830991166549,-0.8084445278779915,0,0,0,0,172,False,False,
184,3,1195.5747388514003,879.5020137506194,2.107709446520414,305.5767517089844,29.607675552368164,0,9,0,8,8,0.05430477814029789,-0.9420830991166549,-0.8084445278779915,0,0,0,0,172,False,False,
184,4,1195.5747388514003,879.5020137506194,2.107709446520414,305.5767517089844,29.607675552368164,0,9,0,8,8,0.05430477814029789,-0.9420830991166549,-0.8084445278779915,0,0,0,0,172,False,False,
184,5,1195.5747388514003,879.5020137506194,2.107709446520414,305.5767517089844,29.607675552368164,0,9,0,8,8,0.05430477814029789,-0.9420830991166549,-0.8084445278779915,0,0,0,0,172,False,False,
184,6,1195.5747391729885,879.5020133814495,2.10770944556422,305.5767517089844,29.607675552368164,0,9,0,8,8,0.05430477975952625,-0.9420830991166549,-0.8084445278779915,0,0,0,0,172,False,False,
184,7,1195.5747391729885,879.5020133814495,2.10770944556422,305.5767517089844,29.607675552368164,0,9,0,8,8,0.05430477975952625,-0.9420830991166549,-0.8084445278779915,0,0,0,0,172,False,False,
185,0,1193.4675647730658,879.5655257920238,2.108131014858572,307.68487548828125,29.630781173706055,0,9,0,8,8,0.060016813910372474,-0.9476822538597202,-0.8055368983051022,0,0,0,0,173,False,False,
185,1,1193.4675647730658,879.5655257920238,2.108131014858572,307.68487548828125,29.630781173706055,0,9,0,8,8,0.060016813910372474,-0.9476822538597202,-0.8055368983051022,0,0,0,0,173,False,False,
185,2,1193.4675647730658,879.5655257920238,2.108131014858572,307.68487548828125,29.630781173706055,0,9,0,8,8,0.060016813910372474,-0.9476822538597202,-0.8055368983051022,0,0,0,0,173,False,False,
185,3,1193.4675647730658,879.5655257920238,2.108131014858572,307.68487548828125,29.630781173706055,0,9,0,8,8,0.060016813910372474,-0.9476822538597202,-0.8055368983051022,0,0,0,0,173,False,False,
185,4,1193.4675647730658,879.5655257920238,2.108131014858572,307.68487548828125,29.630781173706055,0,9,0,8,8,0.060016813910372474,-0.9476822538597202,-0.8055368983051022,0,0,0,0,173,False,False,
185,5,1193.4675647730658,879.5655257920238,2.108131014858572,307.68487548828125,29.630781173706055,0,9,0,8,8,0.060016813910372474,-0.9476822538597202,-0.8055368983051022,0,0,0,0,173,False,False,
185,6,1193.4675650954298,879.5655254176665,2.1081310139267018,307.68487548828125,29.630781173706055,0,9,0,8,8,0.060016815469104916,-0.9476822538597202,-0.8055368983051022,0,0,0,0,173,False,False,
185,7,1193.4675650954298,879.5655254176665,2.1081310139267018,307.68487548828125,29.630781173706055,0,9,0,8,8,0.060016815469104916,-0.9476822538597202,-0.8055368983051022,0,0,0,0,173,False,False,
186,0,1191.3600236802426,879.6293949833447,2.1085086510466073,309.79339599609375,29.653697967529297,0,9,0,8,8,0.06711277014962826,-0.9532770730220571,-0.8026658304635661,0,0,0,0,174,False,False,
186,1,1191.3600236802426,879.6293949833447,2.1085086510466073,309.79339599609375,29.653697967529297,0,9,0,8,8,0.06711277014962826,-0.9532770730220571,-0.8026658304635661,0,0,0,0,174,False,False,
186,2,1191.3600236802426,879.6293949833447,2.1085086510466073,309.79339599609375,29.653697967529297,0,9,0,8,8,0.06711277014962826,-0.9532770730220571,-0.8026658304635661,0,0,0,0,174,False,False,
186,3,1191.3600236802426,879.6293949833447,2.1085086510466073,309.79339599609375,29.653697967529297,0,9,0,8,8,0.06711277014962826,-0.9532770730220571,-0.8026658304635661,0,0,0,0,174,False,False,
186,4,1191.3600236802426,879.6293949833447,2.1085086510466073,309.79339599609375,29.653697967529297,0,9,0,8,8,0.06711277014962826,-0.9532770730220571,-0.8026658304635661,0,0,0,0,174,False,False,
186,5,1191.3600236802426,879.6293949833447,2.1085086510466073,309.79339599609375,29.653697967529297,0,9,0,8,8,0.06711277014962826,-0.9532770730220571,-0.8026658304635661,0,0,0,0,174,False,False,
186,6,1191.360024003384,879.6293946046579,2.108508650138444,309.79339599609375,29.653697967529297,0,9,0,8,8,0.06711277144912155,-0.9532770730220571,-0.8026658304635661,0,0,0,0,174,False,False,
186,7,1191.360024003384,879.6293946046579,2.108508650138444,309.79339599609375,29.653697967529297,0,9,0,8,8,0.06711277144912155,-0.9532770730220571,-0.8026658304635661,0,0,0,0,174,False,False,
187,0,1189.252159937649,879.6936191590851,2.108841933879954,311.90216064453125,29.676374435424805,0,9,0,8,8,0.07615299867475503,-0.9588650795618839,-0.7998386424168911,0,0,0,0,175,False,False,
187,1,1189.252159937649,879.6936191590851,2.108841933879954,311.90216064453125,29.676374435424805,0,9,0,8,8,0.07615299867475503,-0.9588650795618839,-0.7998386424168911,0,0,0,0,175,False,False,
187,2,1189.252159937649,879.6936191590851,2.108841933879954,311.90216064453125,29.676374435424805,0,9,0,8,8,0.07615299867475503,-0.9588650795618839,-0.7998386424168911,0,0,0,0,175,False,False,
187,3,1189.252159937649,879.6936191590851,2.108841933879954,311.90216064453125,29.676374435424805,0,9,0,8,8,0.07615299867475503,-0.9588650795618839,-0.7998386424168911,0,0,0,0,175,False,False,
187,4,1189.252159937649,879.6936191590851,2.108841933879954,311.90216064453125,29.676374435424805,0,9,0,8,8,0.07615299867475503,-0.9588650795618839,-0.7998386424168911,0,0,0,0,175,False,False,
187,5,1189.252159937649,879.6936191590851,2.108841933879954,311.90216064453125,29.676374435424805,0,9,0,8,8,0.07615299867475503,-0.9588650795618839,-0.7998386424168911,0,0,0,0,175,False,False,
187,6,1189.2521602615452,879.69361877611,2.108841932994895,311.90216064453125,29.676374435424805,0,9,0,8,8,0.07615299996174467,-0.9588650795618839,-0.7998386424168911,0,0,0,0,175,False,False,
187,7,1189.2521602615452,879.69361877611,2.108841932994895,311.90216064453125,29.676374435424805,0,9,0,8,8,0.07615299996174467,-0.9588650795618839,-0.7998386424168911,0,0,0,0,175,False,False,
188,0,1187.1440329084753,879.7582216195235,2.1091166513559916,314.01129150390625,29.69873046875,0,9,0,8,8,0.08804005687949383,-0.9644430867881086,-0.7970553198719842,0,0,0,0,176,False,False,
188,1,1187.1440329084753,879.7582216195235,2.1091166513559916,314.01129150390625,29.69873046875,0,9,0,8,8,0.08804005687949383,-0.9644430867881086,-0.7970553198719842,0,0,0,0,176,False,False,
188,2,1187.1440329084753,879.7582216195235,2.1091166513559916,314.01129150390625,29.69873046875,0,9,0,8,8,0.08804005687949383,-0.9644430867881086,-0.7970553198719842,0,0,0,0,176,False,False,
188,3,1187.1440329084753,879.7582216195235,2.1091166513559916,314.01129150390625,29.69873046875,0,9,0,8,8,0.08804005687949383,-0.9644430867881086,-0.7970553198719842,0,0,0,0,176,False,False,
188,4,1187.1440329084753,879.7582216195235,2.1091166513559916,314.01129150390625,29.69873046875,0,9,0,8,8,0.08804005687949383,-0.9644430867881086,-0.7970553198719842,0,0,0,0,176,False,False,
188,5,1187.1440329084753,879.7582216195235,2.1091166513559916,314.01129150390625,29.69873046875,0,9,0,8,8,0.08804005687949383,-0.9644430867881086,-0.7970553198719842,0,0,0,0,176,False,False,
188,6,1187.1440332331074,879.7582212323965,2.1091166504934513,314.01129150390625,29.69873046875,0,9,0,8,8,0.08804005812533641,-0.9644430867881086,-0.7970553198719842,0,0,0,0,176,False,False,
188,7,1187.1440332331074,879.7582212323965,2.1091166504934513,314.01129150390625,29.69873046875,0,9,0,8,8,0.08804005812533641,-0.9644430867881086,-0.7970553198719842,0,0,0,0,176,False,False,
189,0,1185.035682590711,879.823215940105,2.1093518729989382,316.1206970214844,29.720653533935547,0,9,0,8,8,0.1043614523073586,-0.9700045959319676,-0.7943158485357527,0,0,0,0,177,False,False,
189,1,1185.035682590711,879.823215940105,2.1093518729989382,316.1206970214844,29.720653533935547,0,9,0,8,8,0.1043614523073586,-0.9700045959319676,-0.7943158485357527,0,0,0,0,177,False,False,
189,2,1185.035682590711,879.823215940105,2.1093518729989382,316.1206970214844,29.720653533935547,0,9,0,8,8,0.1043614523073586,-0.9700045959319676,-0.7943158485357527,0,0,0,0,177,False,False,
189,3,1185.035682590711,879.823215940105,2.1093518729989382,316.1206970214844,29.720653533935547,0,9,0,8,8,0.1043614523073586,-0.9700045959319676,-0.7943158485357527,0,0,0,0,177,False,False,
189,4,1185.035682590711,879.823215940105,2.1093518729989382,316.1206970214844,29.720653533935547,0,9,0,8,8,0.1043614523073586,-0.9700045959319676,-0.7943158485357527,0,0,0,0,177,False,False,
189,5,1185.035682590711,879.823215940105,2.1093518729989382,316.1206970214844,29.720653533935547,0,9,0,8,8,0.1043614523073586,-0.9700045959319676,-0.7943158485357527,0,0,0,0,177,False,False,
189,6,1185.0356829300035,879.8232155488104,2.1093518582172077,316.1206970214844,29.720653533935547,0,9,0,8,8,0.10436145342826314,-0.9700045959319676,-0.7943158485357527,0,0,0,0,177,False,False,
189,7,1185.0356829300035,879.8232155488104,2.1093518582172077,316.1206970214844,29.720653533935547,0,9,0,8,8,0.10436145342826314,-0.9700045959319676,-0.7943158485357527,0,0,0,0,177,False,False,
190,0,1182.927182822501,879.8886077586013,2.1095135369245663,318.230224609375,29.741943359375,0,9,0,8,8,0.12811506615016413,-0.9755375651230312,-0.7916275750578898,0,0,0,0,178,False,False,
190,1,1182.927182822501,879.8886077586013,2.1095135369245663,318.230224609375,29.741943359375,0,9,0,8,8,0.12811506615016413,-0.9755375651230312,-0.7916275750578898,0,0,0,0,178,False,False,
190,2,1182.927182822501,879.8886077586013,2.1095135369245663,318.230224609375,29.741943359375,0,9,0,8,8,0.12811506615016413,-0.9755375651230312,-0.7916275750578898,0,0,0,0,178,False,False,
190,3,1182.927182822501,879.8886077586013,2.1095135369245663,318.230224609375,29.741943359375,0,9,0,8,8,0.12811506615016413,-0.9755375651230312,-0.7916275750578898,0,0,0,0,178,False,False,
190,4,1182.927182822501,879.8886077586013,2.1095135369245663,318.230224609375,29.741943359375,0,9,0,8,8,0.12811506615016413,-0.9755375651230312,-0.7916275750578898,0,0,0,0,178,False,False,
190,5,1182.927182822501,879.8886077586013,2.1095135369245663,318.230224609375,29.741943359375,0,9,0,8,8,0.12811506615016413,-0.9755375651230312,-0.7916275750578898,0,0,0,0,178,False,False,
190,6,1182.9271831807253,879.8886073631107,2.1095135178719118,318.230224609375,29.741943359375,0,9,0,8,8,0.1281150672387418,-0.9755375651230312,-0.7916275750578898,0,0,0,0,178,False,False,
190,7,1182.9271831807253,879.8886073631107,2.1095135178719118,318.230224609375,29.741943359375,0,9,0,8,8,0.1281150672387418,-0.9755375651230312,-0.7916275750578898,0,0,0,0,178,False,False,
191,0,1180.8186305289967,879.9543941433634,2.1095783045107996,320.33978271484375,29.762229919433594,0,9,0,8,8,0.16569224286425374,-0.9810164411353061,-0.7889837816847851,0,0,0,0,179,False,False,
191,1,1180.8186305289967,879.9543941433634,2.1095783045107996,320.33978271484375,29.762229919433594,0,9,0,8,8,0.16569224286425374,-0.9810164411353061,-0.7889837816847851,0,0,0,0,179,False,False,
191,2,1180.8186305289967,879.9543941433634,2.1095783045107996,320.33978271484375,29.762229919433594,0,9,0,8,8,0.16569224286425374,-0.9810164411353061,-0.7889837816847851,0,0,0,0,179,False,False,
191,3,1180.8186305289967,879.9543941433634,2.1095783045107996,320.33978271484375,29.762229919433594,0,9,0,8,8,0.16569224286425374,-0.9810164411353061,-0.7889837816847851,0,0,0,0,179,False,False,
191,4,1180.8186305289967,879.9543941433634,2.1095783045107996,320.33978271484375,29.762229919433594,0,9,0,8,8,0.16569224286425374,-0.9810164411353061,-0.7889837816847851,0,0,0,0,179,False,False,
191,5,1180.8186305289967,879.9543941433634,2.1095783045107996,320.33978271484375,29.762229919433594,0,9,0,8,8,0.16569224286425374,-0.9810164411353061,-0.7889837816847851,0,0,0,0,179,False,False,
191,6,1180.8186309056791,879.9543937440719,2.1095782859429413,320.33978271484375,29.762229919433594,0,9,0,8,8,0.165692243837018,-0.9810164411353061,-0.7889837816847851,0,0,0,0,179,False,False,
191,7,1180.8186309056791,879.9543937440719,2.1095782859429413,320.33978271484375,29.762229919433594,0,9,0,8,8,0.165692243837018,-0.9810164411353061,-0.7889837816847851,0,0,0,0,179,False,False,
192,0,1178.7101335948641,880.0205620553832,2.109534904624075,322.4493408203125,29.78070831298828,0,9,0,8,8,0.2333037112039733,-0.9863757002375633,-0.7863832392104587,0,0,0,0,180,False,False,
192,1,1178.7101335948641,880.0205620553832,2.109534904624075,322.4493408203125,29.78070831298828,0,9,0,8,8,0.2333037112039733,-0.9863757002375633,-0.7863832392104587,0,0,0,0,180,False,False,
192,2,1178.7101335948641,880.0205620553832,2.109534904624075,322.4493408203125,29.78070831298828,0,9,0,8,8,0.2333037112039733,-0.9863757002375633,-0.7863832392104587,0,0,0,0,180,False,False,
192,3,1178.7101335948641,880.0205620553832,2.109534904624075,322.4493408203125,29.78070831298828,0,9,0,8,8,0.2333037112039733,-0.9863757002375633,-0.7863832392104587,0,0,0,0,180,False,False,
192,4,1178.7101335948641,880.0205620553832,2.109534904624075,322.4493408203125,29.78070831298828,0,9,0,8,8,0.2333037112039733,-0.9863757002375633,-0.7863832392104587,0,0,0,0,180,False,False,
192,5,1178.7101335948641,880.0205620553832,2.109534904624075,322.4493408203125,29.78070831298828,0,9,0,8,8,0.2333037112039733,-0.9863757002375633,-0.7863832392104587,0,0,0,0,180,False,False,
192,6,1178.710133989548,880.02056165281,2.1095348865286727,322.4493408203125,29.78070831298828,0,9,0,8,8,0.23330371202342803,-0.9863757002375633,-0.7863832392104587,0,0,0,0,180,False,False,
192,7,1178.710133989548,880.02056165281,2.1095348865286727,322.4493408203125,29.78070831298828,0,9,0,8,8,0.23330371202342803,-0.9863757002375633,-0.7863832392104587,0,0,0,0,180,False,False,
193,0,1176.6019060276008,880.0870708494865,2.1092763913394585,324.55853271484375,29.79517364501953,0,9,0,8,8,0.38350997525891667,-0.9913881816557967,-0.7838271911339831,0,0,0,0,181,False,False,
193,1,1176.6019060276008,880.0870708494865,2.1092763913394585,324.55853271484375,29.79517364501953,0,9,0,8,8,0.38350997525891667,-0.9913881816557967,-0.7838271911339831,0,0,0,0,181,False,False,
193,2,1176.6019060276008,880.0870708494865,2.1092763913394585,324.55853271484375,29.79517364501953,0,9,0,8,8,0.38350997525891667,-0.9913881816557967,-0.7838271911339831,0,0,0,0,181,False,False,
193,3,1176.6019060276008,880.0870708494865,2.1092763913394585,324.55853271484375,29.79517364501953,0,9,0,8,8,0.38350997525891667,-0.9913881816557967,-0.7838271911339831,0,0,0,0,181,False,False,
193,4,1176.6019060276008,880.0870708494865,2.1092763913394585,324.55853271484375,29.79517364501953,0,9,0,8,8,0.38350997525891667,-0.9913881816557967,-0.7838271911339831,0,0,0,0,181,False,False,
193,5,1176.6019060276008,880.0870708494865,2.1092763913394585,324.55853271484375,29.79517364501953,0,9,0,8,8,0.38350997525891667,-0.9913881816557967,-0.7838271911339831,0,0,0,0,181,False,False,
193,6,1176.6019064351995,880.0870704443871,2.1092763783515154,324.55853271484375,29.79517364501953,0,9,0,8,8,0.38350997589807795,-0.9913881816557967,-0.7838271911339831,0,0,0,0,181,False,False,
193,7,1176.6019064351995,880.0870704443871,2.1092763783515154,324.55853271484375,29.79517364501953,0,9,0,8,8,0.38350997589807795,-0.9913881816557967,-0.7838271911339831,0,0,0,0,181,False,False,
194,0,1174.4946036269102,880.1538562102387,2.108360427528284,326.6669006347656,29.798160552978516,0,9,0,8,8,0.8131770544742639,-0.9949033483047282,-0.7813150085592757,0,0,0,0,182,False,False,
194,1,1174.4946036269102,880.1538562102387,2.108360427528284,326.6669006347656,29.798160552978516,0,9,0,8,8,0.8131770544742639,-0.9949033483047282,-0.7813150085592757,0,0,0,0,182,False,False,
194,2,1174.4946036269102,880.1538562102387,2.108360427528284,326.6669006347656,29.798160552978516,0,9,0,8,8,0.8131770544742639,-0.9949033483047282,-0.7813150085592757,0,0,0,0,182,False,False,
194,3,1174.4946036269102,880.1538562102387,2.108360427528284,326.6669006347656,29.798160552978516,0,9,0,8,8,0.8131770544742639,-0.9949033483047282,-0.7813150085592757,0,0,0,0,182,False,False,
194,4,1174.4946036269102,880.1538562102387,2.108360427528284,326.6669006347656,29.798160552978516,0,9,0,8,8,0.8131770544742639,-0.9949033483047282,-0.7813150085592757,0,0,0,0,182,False,False,
194,5,1174.4946036269102,880.1538562102387,2.108360427528284,326.6669006347656,29.798160552978516,0,9,0,8,8,0.8131770544742639,-0.9949033483047282,-0.7813150085592757,0,0,0,0,182,False,False,
194,6,1174.4946040471325,880.1538558038711,2.108360414870741,326.6669006347656,29.798160552978516,0,9,0,8,8,0.8131770547362448,-0.9949033483047282,-0.7813150085592757,0,0,0,0,182,False,False,
194,7,1174.4946040471325,880.1538558038711,2.108360414870741,326.6669006347656,29.798160552978516,0,9,0,8,8,0.8131770547362448,-0.9949033483047282,-0.7813150085592757,0,0,0,0,182,False,False,
195,0,1172.3887716109682,880.220784883049,2.1068953288216212,328.7738037109375,33.022254943847656,0,10,1,9,9,0.02252574417777219,-0.9094257227162795,-0.7839712655092921,0,0,0,0,183,False,False,
195,1,1172.3887716109682,880.220784883049,2.1068953288216212,328.7738037109375,33.022254943847656,0,10,1,9,9,0.02252574417777219,-0.9094257227162795,-0.7839712655092921,0,0,0,0,183,False,False,
195,2,1172.3887716109682,880.220784883049,2.1068953288216212,328.7738037109375,33.022254943847656,0,10,1,9,9,0.02252574417777219,-0.9094257227162795,-0.7839712655092921,0,0,0,0,183,False,False,
195,3,1172.3887716109682,880.220784883049,2.1068953288216212,328.7738037109375,33.022254943847656,0,10,1,9,9,0.02252574417777219,-0.9094257227162795,-0.7839712655092921,0,0,0,0,183,False,False,
195,4,1172.3887716109682,880.220784883049,2.1068953288216212,328.7738037109375,33.022254943847656,0,10,1,9,9,0.02252574417777219,-0.9094257227162795,-0.7839712655092921,0,0,0,0,183,False,False,
195,5,1172.3887716109682,880.220784883049,2.1068953288216212,328.7738037109375,33.022254943847656,0,10,1,9,9,0.02252574417777219,-0.9094257227162795,-0.7839712655092921,0,0,0,0,183,False,False,
195,6,1172.3887720388775,880.2207844765137,2.1068953211330843,328.7738037109375,33.022254943847656,0,10,1,9,9,0.02252574415462871,-0.9094257227162795,-0.7839712655092921,0,0,0,0,183,False,False,
195,7,1172.3887720388775,880.2207844765137,2.1068953211330843,328.7738037109375,33.022254943847656,0,10,1,9,9,0.02252574415462871,-0.9094257227162795,-0.7839712655092921,0,0,0,0,183,False,False,
196,0,1170.282645167514,880.2880000393938,2.107198726522921,330.8810729980469,33.04630661010742,0,10,0,9,9,0.023925274641842343,-0.9150414046052575,-0.788479578543575,0,0,0,0,184,False,False,
196,1,1170.282645167514,880.2880000393938,2.107198726522921,330.8810729980469,33.04630661010742,0,10,0,9,9,0.023925274641842343,-0.9150414046052575,-0.788479578543575,0,0,0,0,184,False,False,
196,2,1170.282645167514,880.2880000393938,2.107198726522921,330.8810729980469,33.04630661010742,0,10,0,9,9,0.023925274641842343,-0.9150414046052575,-0.788479578543575,0,0,0,0,184,False,False,
196,3,1170.282645167514,880.2880000393938,2.107198726522921,330.8810729980469,33.04630661010742,0,10,0,9,9,0.023925274641842343,-0.9150414046052575,-0.788479578543575,0,0,0,0,184,False,False,
196,4,1170.282645167514,880.2880000393938,2.107198726522921,330.8810729980469,33.04630661010742,0,10,0,9,9,0.023925274641842343,-0.9150414046052575,-0.788479578543575,0,0,0,0,184,False,False,
196,5,1170.282645167514,880.2880000393938,2.107198726522921,330.8810729980469,33.04630661010742,0,10,0,9,9,0.023925274641842343,-0.9150414046052575,-0.788479578543575,0,0,0,0,184,False,False,
196,6,1170.2826456075782,880.2879996331266,2.1071987143828315,330.8810729980469,33.04630661010742,0,10,0,9,9,0.02392527444373703,-0.9150414046052575,-0.788479578543575,0,0,0,0,184,False,False,
196,7,1170.2826456075782,880.2879996331266,2.1071987143828315,330.8810729980469,33.04630661010742,0,10,0,9,9,0.02392527444373703,-0.9150414046052575,-0.788479578543575,0,0,0,0,184,False,False,
197,0,1168.176181536583,880.3555546045338,2.107546594432937,332.98858642578125,33.07033157348633,0,10,0,9,9,0.02551437549201694,-0.920657256328395,-0.7930173496420952,0,0,0,0,185,False,False,
197,1,1168.176181536583,880.3555546045338,2.107546594432937,332.98858642578125,33.07033157348633,0,10,0,9,9,0.02551437549201694,-0.920657256328395,-0.7930173496420952,0,0,0,0,185,False,False,
197,2,1168.176181536583,880.3555546045338,2.107546594432937,332.98858642578125,33.07033157348633,0,10,0,9,9,0.02551437549201694,-0.920657256328395,-0.7930173496420952,0,0,0,0,185,False,False,
197,3,1168.176181536583,880.3555546045338,2.107546594432937,332.98858642578125,33.07033157348633,0,10,0,9,9,0.02551437549201694,-0.920657256328395,-0.7930173496420952,0,0,0,0,185,False,False,
197,4,1168.176181536583,880.3555546045338,2.107546594432937,332.98858642578125,33.07033157348633,0,10,0,9,9,0.02551437549201694,-0.920657256328395,-0.7930173496420952,0,0,0,0,185,False,False,
197,5,1168.176181536583,880.3555546045338,2.107546594432937,332.98858642578125,33.07033157348633,0,10,0,9,9,0.02551437549201694,-0.920657256328395,-0.7930173496420952,0,0,0,0,185,False,False,
197,6,1168.1761819931291,880.3555541981137,2.1075465779545417,332.98858642578125,33.07033157348633,0,10,0,9,9,0.02551437537859821,-0.920657256328395,-0.7930173496420952,0,0,0,0,185,False,False,
197,7,1168.1761819931291,880.3555541981137,2.1075465779545417,332.98858642578125,33.07033157348633,0,10,0,9,9,0.02551437537859821,-0.920657256328395,-0.7930173496420952,0,0,0,0,185,False,False,
198,0,1166.0693763688107,880.4234793722908,2.10789985270348,335.09649658203125,33.09430694580078,0,10,0,9,9,0.027342265788349588,-0.9262735243957226,-0.797598829018363,0,0,0,0,186,False,False,
198,1,1166.0693763688107,880.4234793722908,2.10789985270348,335.09649658203125,33.09430694580078,0,10,0,9,9,0.027342265788349588,-0.9262735243957226,-0.797598829018363,0,0,0,0,186,False,False,
198,2,1166.0693763688107,880.4234793722908,2.10789985270348,335.09649658203125,33.09430694580078,0,10,0,9,9,0.027342265788349588,-0.9262735243957226,-0.797598829018363,0,0,0,0,186,False,False,
198,3,1166.0693763688107,880.4234793722908,2.10789985270348,335.09649658203125,33.09430694580078,0,10,0,9,9,0.027342265788349588,-0.9262735243957226,-0.797598829018363,0,0,0,0,186,False,False,
198,4,1166.0693763688107,880.4234793722908,2.10789985270348,335.09649658203125,33.09430694580078,0,10,0,9,9,0.027342265788349588,-0.9262735243957226,-0.797598829018363,0,0,0,0,186,False,False,
198,5,1166.0693763688107,880.4234793722908,2.10789985270348,335.09649658203125,33.09430694580078,0,10,0,9,9,0.027342265788349588,-0.9262735243957226,-0.797598829018363,0,0,0,0,186,False,False,
198,6,1166.069376841415,880.423478965587,2.1078998366442407,335.09649658203125,33.09430694580078,0,10,0,9,9,0.02734226571768469,-0.9262735243957226,-0.797598829018363,0,0,0,0,186,False,False,
198,7,1166.069376841415,880.423478965587,2.1078998366442407,335.09649658203125,33.09430694580078,0,10,0,9,9,0.02734226571768469,-0.9262735243957226,-0.797598829018363,0,0,0,0,186,False,False,
199,0,1163.962222095358,880.4917928842146,2.108261337700335,337.20465087890625,33.118228912353516,0,10,0,9,9,0.029473842320303825,-0.9318897365367325,-0.8022390530059917,0,0,0,0,187,False,False,
199,1,1163.962222095358,880.4917928842146,2.108261337700335,337.20465087890625,33.118228912353516,0,10,0,9,9,0.029473842320303825,-0.9318897365367325,-0.8022390530059917,0,0,0,0,187,False,False,
199,2,1163.962222095358,880.4917928842146,2.108261337700335,337.20465087890625,33.118228912353516,0,10,0,9,9,0.029473842320303825,-0.9318897365367325,-0.8022390530059917,0,0,0,0,187,False,False,
199,3,1163.962222095358,880.4917928842146,2.108261337700335,337.20465087890625,33.118228912353516,0,10,0,9,9,0.029473842320303825,-0.9318897365367325,-0.8022390530059917,0,0,0,0,187,False,False,
199,4,1163.962222095358,880.4917928842146,2.108261337700335,337.20465087890625,33.118228912353516,0,10,0,9,9,0.029473842320303825,-0.9318897365367325,-0.8022390530059917,0,0,0,0,187,False,False,
199,5,1163.962222095358,880.4917928842146,2.108261337700335,337.20465087890625,33.118228912353516,0,10,0,9,9,0.029473842320303825,-0.9318897365367325,-0.8022390530059917,0,0,0,0,187,False,False,
199,6,1163.962222588269,880.4917924774597,2.1082613174025475,337.20465087890625,33.118228912353516,0,10,0,9,9,0.02947384213706559,-0.9318897365367325,-0.8022390530059917,0,0,0,0,187,False,False,
199,7,1163.962222588269,880.4917924774597,2.1082613174025475,337.20465087890625,33.118228912353516,0,10,0,9,9,0.02947384213706559,-0.9318897365367325,-0.8022390530059917,0,0,0,0,187,False,False,
200,0,1161.8547136905804,880.5605059376951,2.10862826499285,339.3133239746094,33.14208221435547,0,10,0,9,9,0.0319986431430288,-0.937506313968213,-0.8069156529147675,0,0,0,0,188,False,False,
200,1,1161.8547136905804,880.5605059376951,2.10862826499285,339.3133239746094,33.14208221435547,0,10,0,9,9,0.0319986431430288,-0.937506313968213,-0.8069156529147675,0,0,0,0,188,False,False,
200,2,1161.8547136905804,880.5605059376951,2.10862826499285,339.3133239746094,33.14208221435547,0,10,0,9,9,0.0319986431430288,-0.937506313968213,-0.8069156529147675,0,0,0,0,188,False,False,
200,3,1161.8547136905804,880.5605059376951,2.10862826499285,339.3133239746094,33.14208221435547,0,10,0,9,9,0.0319986431430288,-0.937506313968213,-0.8069156529147675,0,0,0,0,188,False,False,
200,4,1161.8547136905804,880.5605059376951,2.10862826499285,339.3133239746094,33.14208221435547,0,10,0,9,9,0.0319986431430288,-0.937506313968213,-0.8069156529147675,0,0,0,0,188,False,False,
200,5,1161.8547136905804,880.5605059376951,2.10862826499285,339.3133239746094,33.14208221435547,0,10,0,9,9,0.0319986431430288,-0.937506313968213,-0.8069156529147675,0,0,0,0,188,False,False,
200,6,1161.854714198653,880.5605055315274,2.1086282498585076,339.3133239746094,33.14208221435547,0,10,0,9,9,0.03199864281668567,-0.937506313968213,-0.8069156529147675,0,0,0,0,188,False,False,
200,7,1161.854714198653,880.5605055315274,2.1086282498585076,339.3133239746094,33.14208221435547,0,10,0,9,9,0.03199864281668567,-0.937506313968213,-0.8069156529147675,0,0,0,0,188,False,False,
201,0,1159.7468456563267,880.6296246762665,2.1090009601349506,341.42236328125,33.165855407714844,0,10,0,9,9,0.03502983044507712,-0.9431226896166068,-0.8116436793713966,0,0,0,0,189,False,False,
201,1,1159.7468456563267,880.6296246762665,2.1090009601349506,341.42236328125,33.165855407714844,0,10,0,9,9,0.03502983044507712,-0.9431226896166068,-0.8116436793713966,0,0,0,0,189,False,False,
201,2,1159.7468456563267,880.6296246762665,2.1090009601349506,341.42236328125,33.165855407714844,0,10,0,9,9,0.03502983044507712,-0.9431226896166068,-0.8116436793713966,0,0,0,0,189,False,False,
201,3,1159.7468456563267,880.6296246762665,2.1090009601349506,341.42236328125,33.165855407714844,0,10,0,9,9,0.03502983044507712,-0.9431226896166068,-0.8116436793713966,0,0,0,0,189,False,False,
201,4,1159.7468456563267,880.6296246762665,2.1090009601349506,341.42236328125,33.165855407714844,0,10,0,9,9,0.03502983044507712,-0.9431226896166068,-0.8116436793713966,0,0,0,0,189,False,False,
201,5,1159.7468456563267,880.6296246762665,2.1090009601349506,341.42236328125,33.165855407714844,0,10,0,9,9,0.03502983044507712,-0.9431226896166068,-0.8116436793713966,0,0,0,0,189,False,False,
201,6,1159.746846183835,880.6296242709794,2.1090009407386052,341.42236328125,33.165855407714844,0,10,0,9,9,0.03502982998713548,-0.9431226896166068,-0.8116436793713966,0,0,0,0,189,False,False,
201,7,1159.746846183835,880.6296242709794,2.1090009407386052,341.42236328125,33.165855407714844,0,10,0,9,9,0.03502982998713548,-0.9431226896166068,-0.8116436793713966,0,0,0,0,189,False,False,
202,0,1157.6386220574727,880.699176853703,2.1093705810386396,343.53167724609375,33.18952941894531,0,10,0,9,9,0.03873147676487968,-0.9487381072651916,-0.8164154141057732,0,0,0,0,190,False,False,
202,1,1157.6386220574727,880.699176853703,2.1093705810386396,343.53167724609375,33.18952941894531,0,10,0,9,9,0.03873147676487968,-0.9487381072651916,-0.8164154141057732,0,0,0,0,190,False,False,
202,2,1157.6386220574727,880.699176853703,2.1093705810386396,343.53167724609375,33.18952941894531,0,10,0,9,9,0.03873147676487968,-0.9487381072651916,-0.8164154141057732,0,0,0,0,190,False,False,
202,3,1157.6386220574727,880.699176853703,2.1093705810386396,343.53167724609375,33.18952941894531,0,10,0,9,9,0.03873147676487968,-0.9487381072651916,-0.8164154141057732,0,0,0,0,190,False,False,
202,4,1157.6386220574727,880.699176853703,2.1093705810386396,343.53167724609375,33.18952941894531,0,10,0,9,9,0.03873147676487968,-0.9487381072651916,-0.8164154141057732,0,0,0,0,190,False,False,
202,5,1157.6386220574727,880.699176853703,2.1093705810386396,343.53167724609375,33.18952941894531,0,10,0,9,9,0.03873147676487968,-0.9487381072651916,-0.8164154141057732,0,0,0,0,190,False,False,
202,6,1157.6386226085858,880.6991764496937,2.10937055748877,343.53167724609375,33.18952941894531,0,10,0,9,9,0.03873147614452945,-0.9487381072651916,-0.8164154141057732,0,0,0,0,190,False,False,
202,7,1157.6386226085858,880.6991764496937,2.10937055748877,343.53167724609375,33.18952941894531,0,10,0,9,9,0.03873147614452945,-0.9487381072651916,-0.8164154141057732,0,0,0,0,190,False,False,
203,0,1155.5300538279844,880.7691841250062,2.109730076678839,345.6414794921875,33.21308517456055,0,10,0,9,9,0.04335212605470815,-0.9543526415502944,-0.8212532115150186,0,0,0,0,191,False,False,
203,1,1155.5300538279844,880.7691841250062,2.109730076678839,345.6414794921875,33.21308517456055,0,10,0,9,9,0.04335212605470815,-0.9543526415502944,-0.8212532115150186,0,0,0,0,191,False,False,
203,2,1155.5300538279844,880.7691841250062,2.109730076678839,345.6414794921875,33.21308517456055,0,10,0,9,9,0.04335212605470815,-0.9543526415502944,-0.8212532115150186,0,0,0,0,191,False,False,
203,3,1155.5300538279844,880.7691841250062,2.109730076678839,345.6414794921875,33.21308517456055,0,10,0,9,9,0.04335212605470815,-0.9543526415502944,-0.8212532115150186,0,0,0,0,191,False,False,
203,4,1155.5300538279844,880.7691841250062,2.109730076678839,345.6414794921875,33.21308517456055,0,10,0,9,9,0.04335212605470815,-0.9543526415502944,-0.8212532115150186,0,0,0,0,191,False,False,
203,5,1155.5300538279844,880.7691841250062,2.109730076678839,345.6414794921875,33.21308517456055,0,10,0,9,9,0.04335212605470815,-0.9543526415502944,-0.8212532115150186,0,0,0,0,191,False,False,
203,6,1155.5300543974754,880.7691837229333,2.1097300583752516,345.6414794921875,33.21308517456055,0,10,0,9,9,0.04335212528668377,-0.9543526415502944,-0.8212532115150186,0,0,0,0,191,False,False,
203,7,1155.5300543974754,880.7691837229333,2.1097300583752516,345.6414794921875,33.21308517456055,0,10,0,9,9,0.04335212528668377,-0.9543526415502944,-0.8212532115150186,0,0,0,0,191,False,False,
204,0,1153.4211969493654,880.8396618507568,2.110034228235473,347.7515563964844,33.236480712890625,0,10,0,9,9,0.049281345741560595,-0.9599647068934152,-0.8261422210757257,0,0,0,0,192,False,False,
204,1,1153.4211969493654,880.8396618507568,2.110034228235473,347.7515563964844,33.236480712890625,0,10,0,9,9,0.049281345741560595,-0.9599647068934152,-0.8261422210757257,0,0,0,0,192,False,False,
204,2,1153.4211969493654,880.8396618507568,2.110034228235473,347.7515563964844,33.236480712890625,0,10,0,9,9,0.049281345741560595,-0.9599647068934152,-0.8261422210757257,0,0,0,0,192,False,False,
204,3,1153.4211969493654,880.8396618507568,2.110034228235473,347.7515563964844,33.236480712890625,0,10,0,9,9,0.049281345741560595,-0.9599647068934152,-0.8261422210757257,0,0,0,0,192,False,False,
204,4,1153.4211969493654,880.8396618507568,2.110034228235473,347.7515563964844,33.236480712890625,0,10,0,9,9,0.049281345741560595,-0.9599647068934152,-0.8261422210757257,0,0,0,0,192,False,False,
204,5,1153.4211969493654,880.8396618507568,2.110034228235473,347.7515563964844,33.236480712890625,0,10,0,9,9,0.049281345741560595,-0.9599647068934152,-0.8261422210757257,0,0,0,0,192,False,False,
204,6,1153.4211975367832,880.8396614510498,2.1100342103976626,347.7515563964844,33.236480712890625,0,10,0,9,9,0.04928134484749004,-0.9599647068934152,-0.8261422210757257,0,0,0,0,192,False,False,
204,7,1153.4211975367832,880.8396614510498,2.1100342103976626,347.7515563964844,33.236480712890625,0,10,0,9,9,0.04928134484749004,-0.9599647068934152,-0.8261422210757257,0,0,0,0,192,False,False,
205,0,1151.31208453033,880.9106280610634,2.110305996564276,349.86175537109375,33.259666442871094,0,10,0,9,9,0.05715925692181543,-0.965572432437826,-0.8310895607481028,0,0,0,0,193,False,False,
205,1,1151.31208453033,880.9106280610634,2.110305996564276,349.86175537109375,33.259666442871094,0,10,0,9,9,0.05715925692181543,-0.965572432437826,-0.8310895607481028,0,0,0,0,193,False,False,
205,2,1151.31208453033,880.9106280610634,2.110305996564276,349.86175537109375,33.259666442871094,0,10,0,9,9,0.05715925692181543,-0.965572432437826,-0.8310895607481028,0,0,0,0,193,False,False,
205,3,1151.31208453033,880.9106280610634,2.110305996564276,349.86175537109375,33.259666442871094,0,10,0,9,9,0.05715925692181543,-0.965572432437826,-0.8310895607481028,0,0,0,0,193,False,False,
205,4,1151.31208453033,880.9106280610634,2.110305996564276,349.86175537109375,33.259666442871094,0,10,0,9,9,0.05715925692181543,-0.965572432437826,-0.8310895607481028,0,0,0,0,193,False,False,
205,5,1151.31208453033,880.9106280610634,2.110305996564276,349.86175537109375,33.259666442871094,0,10,0,9,9,0.05715925692181543,-0.965572432437826,-0.8310895607481028,0,0,0,0,193,False,False,
205,6,1151.3120851445217,880.910627663766,2.110305969886368,349.86175537109375,33.259666442871094,0,10,0,9,9,0.057159255923710676,-0.965572432437826,-0.8310895607481028,0,0,0,0,193,False,False,
205,7,1151.3120851445217,880.910627663766,2.110305969886368,349.86175537109375,33.259666442871094,0,10,0,9,9,0.057159255923710676,-0.965572432437826,-0.8310895607481028,0,0,0,0,193,False,False,
206,0,1149.2027631639355,880.9820946831027,2.1105317113925346,351.97235107421875,33.282562255859375,0,10,0,9,9,0.06812708958952701,-0.9711737137969424,-0.836095645031841,0,0,0,0,194,False,False,
206,1,1149.2027631639355,880.9820946831027,2.1105317113925346,351.97235107421875,33.282562255859375,0,10,0,9,9,0.06812708958952701,-0.9711737137969424,-0.836095645031841,0,0,0,0,194,False,False,
206,2,1149.2027631639355,880.9820946831027,2.1105317113925346,351.97235107421875,33.282562255859375,0,10,0,9,9,0.06812708958952701,-0.9711737137969424,-0.836095645031841,0,0,0,0,194,False,False,
206,3,1149.2027631639355,880.9820946831027,2.1105317113925346,351.97235107421875,33.282562255859375,0,10,0,9,9,0.06812708958952701,-0.9711737137969424,-0.836095645031841,0,0,0,0,194,False,False,
206,4,1149.2027631639355,880.9820946831027,2.1105317113925346,351.97235107421875,33.282562255859375,0,10,0,9,9,0.06812708958952701,-0.9711737137969424,-0.836095645031841,0,0,0,0,194,False,False,
206,5,1149.2027631639355,880.9820946831027,2.1105317113925346,351.97235107421875,33.282562255859375,0,10,0,9,9,0.06812708958952701,-0.9711737137969424,-0.836095645031841,0,0,0,0,194,False,False,
206,6,1149.20276379492,880.9820942881115,2.1105316946876096,351.97235107421875,33.282562255859375,0,10,0,9,9,0.06812708872275487,-0.9711737137969424,-0.836095645031841,0,0,0,0,194,False,False,
206,7,1149.20276379492,880.9820942881115,2.1105316946876096,351.97235107421875,33.282562255859375,0,10,0,9,9,0.06812708872275487,-0.9711737137969424,-0.836095645031841,0,0,0,0,194,False,False,
207,0,1147.0932505290752,881.0540662394008,2.110740026993044,354.08306884765625,33.305023193359375,0,10,0,9,9,0.08441354532158193,-0.9767625069457552,-0.8411602738236413,0,0,0,0,195,False,False,
207,1,1147.0932505290752,881.0540662394008,2.110740026993044,354.08306884765625,33.305023193359375,0,10,0,9,9,0.08441354532158193,-0.9767625069457552,-0.8411602738236413,0,0,0,0,195,False,False,
207,2,1147.0932505290752,881.0540662394008,2.110740026993044,354.08306884765625,33.305023193359375,0,10,0,9,9,0.08441354532158193,-0.9767625069457552,-0.8411602738236413,0,0,0,0,195,False,False,
207,3,1147.0932505290752,881.0540662394008,2.110740026993044,354.08306884765625,33.305023193359375,0,10,0,9,9,0.08441354532158193,-0.9767625069457552,-0.8411602738236413,0,0,0,0,195,False,False,
207,4,1147.0932505290752,881.0540662394008,2.110740026993044,354.08306884765625,33.305023193359375,0,10,0,9,9,0.08441354532158193,-0.9767625069457552,-0.8411602738236413,0,0,0,0,195,False,False,
207,5,1147.0932505290752,881.0540662394008,2.110740026993044,354.08306884765625,33.305023193359375,0,10,0,9,9,0.08441354532158193,-0.9767625069457552,-0.8411602738236413,0,0,0,0,195,False,False,
207,6,1147.0932511764092,881.054065846171,2.110740010713273,354.08306884765625,33.305023193359375,0,10,0,9,9,0.08441354462247798,-0.9767625069457552,-0.8411602738236413,0,0,0,0,195,False,False,
207,7,1147.0932511764092,881.054065846171,2.110740010713273,354.08306884765625,33.305023193359375,0,10,0,9,9,0.08441354462247798,-0.9767625069457552,-0.8411602738236413,0,0,0,0,195,False,False,
208,0,1144.9835972236926,881.1265428162426,2.110897894996864,356.1939392089844,33.32677459716797,0,10,0,9,9,0.11103256014764296,-0.9823266071184829,-0.8462834471235037,0,0,0,0,196,False,False,
208,1,1144.9835972236926,881.1265428162426,2.110897894996864,356.1939392089844,33.32677459716797,0,10,0,9,9,0.11103256014764296,-0.9823266071184829,-0.8462834471235037,0,0,0,0,196,False,False,
208,2,1144.9835972236926,881.1265428162426,2.110897894996864,356.1939392089844,33.32677459716797,0,10,0,9,9,0.11103256014764296,-0.9823266071184829,-0.8462834471235037,0,0,0,0,196,False,False,
208,3,1144.9835972236926,881.1265428162426,2.110897894996864,356.1939392089844,33.32677459716797,0,10,0,9,9,0.11103256014764296,-0.9823266071184829,-0.8462834471235037,0,0,0,0,196,False,False,
208,4,1144.9835972236926,881.1265428162426,2.110897894996864,356.1939392089844,33.32677459716797,0,10,0,9,9,0.11103256014764296,-0.9823266071184829,-0.8462834471235037,0,0,0,0,196,False,False,
208,5,1144.9835972236926,881.1265428162426,2.110897894996864,356.1939392089844,33.32677459716797,0,10,0,9,9,0.11103256014764296,-0.9823266071184829,-0.8462834471235037,0,0,0,0,196,False,False,
208,6,1144.9835978869557,881.1265424245897,2.1108978791314397,356.1939392089844,33.32677459716797,0,10,0,9,9,0.11103255950745311,-0.9823266071184829,-0.8462834471235037,0,0,0,0,196,False,False,
208,7,1144.9835978869557,881.1265424245897,2.1108978791314397,356.1939392089844,33.32677459716797,0,10,0,9,9,0.11103255950745311,-0.9823266071184829,-0.8462834471235037,0,0,0,0,196,False,False,
209,0,1142.873908849923,881.19952374858,2.1109503193830297,358.304931640625,33.347164154052734,0,10,0,9,9,0.16197049098115693,-0.987831625343046,-0.851472468701843,0,0,0,0,197,False,False,
209,1,1142.873908849923,881.19952374858,2.1109503193830297,358.304931640625,33.347164154052734,0,10,0,9,9,0.16197049098115693,-0.987831625343046,-0.851472468701843,0,0,0,0,197,False,False,
209,2,1142.873908849923,881.19952374858,2.1109503193830297,358.304931640625,33.347164154052734,0,10,0,9,9,0.16197049098115693,-0.987831625343046,-0.851472468701843,0,0,0,0,197,False,False,
209,3,1142.873908849923,881.19952374858,2.1109503193830297,358.304931640625,33.347164154052734,0,10,0,9,9,0.16197049098115693,-0.987831625343046,-0.851472468701843,0,0,0,0,197,False,False,
209,4,1142.873908849923,881.19952374858,2.1109503193830297,358.304931640625,33.347164154052734,0,10,0,9,9,0.16197049098115693,-0.987831625343046,-0.851472468701843,0,0,0,0,197,False,False,
209,5,1142.873908849923,881.19952374858,2.1109503193830297,358.304931640625,33.347164154052734,0,10,0,9,9,0.16197049098115693,-0.987831625343046,-0.851472468701843,0,0,0,0,197,False,False,
209,6,1142.8739095333626,881.1995233585409,2.1109502992744025,358.304931640625,33.347164154052734,0,10,0,9,9,0.16197049028439747,-0.987831625343046,-0.851472468701843,0,0,0,0,197,False,False,
209,7,1142.8739095333626,881.1995233585409,2.1109502992744025,358.304931640625,33.347164154052734,0,10,0,9,9,0.16197049028439747,-0.987831625343046,-0.851472468701843,0,0,0,0,197,False,False,
210,0,1140.7643279879503,881.2730079207831,2.110860330947073,360.41583251953125,33.3640251159668,0,10,0,9,9,0.29397523011585414,-0.9931323740017468,-0.8567200347882444,0,0,0,0,198,False,False,
210,1,1140.7643279879503,881.2730079207831,2.110860330947073,360.41583251953125,33.3640251159668,0,10,0,9,9,0.29397523011585414,-0.9931323740017468,-0.8567200347882444,0,0,0,0,198,False,False,
210,2,1140.7643279879503,881.2730079207831,2.110860330947073,360.41583251953125,33.3640251159668,0,10,0,9,9,0.29397523011585414,-0.9931323740017468,-0.8567200347882444,0,0,0,0,198,False,False,
210,3,1140.7643279879503,881.2730079207831,2.110860330947073,360.41583251953125,33.3640251159668,0,10,0,9,9,0.29397523011585414,-0.9931323740017468,-0.8567200347882444,0,0,0,0,198,False,False,
210,4,1140.7643279879503,881.2730079207831,2.110860330947073,360.41583251953125,33.3640251159668,0,10,0,9,9,0.29397523011585414,-0.9931323740017468,-0.8567200347882444,0,0,0,0,198,False,False,
210,5,1140.7643279879503,881.2730079207831,2.110860330947073,360.41583251953125,33.3640251159668,0,10,0,9,9,0.29397523011585414,-0.9931323740017468,-0.8567200347882444,0,0,0,0,198,False,False,
210,6,1140.7643286956818,881.2730075317046,2.1108603067032297,360.41583251953125,33.3640251159668,0,10,0,9,9,0.2939752295712929,-0.9931323740017468,-0.8567200347882444,0,0,0,0,198,False,False,
210,7,1140.7643286956818,881.2730075317046,2.1108603067032297,360.41583251953125,33.3640251159668,0,10,0,9,9,0.2939752295712929,-0.9931323740017468,-0.8567200347882444,0,0,0,0,198,False,False,
211,0,1138.6552954069043,881.3469860928212,2.1103296419877124,362.526123046875,33.364898681640625,0,10,0,9,9,0.8924593726263709,-0.9968975379000019,-0.8620334491531229,0,0,0,0,199,False,False,
211,1,1138.6552954069043,881.3469860928212,2.1103296419877124,362.526123046875,33.364898681640625,0,10,0,9,9,0.8924593726263709,-0.9968975379000019,-0.8620334491531229,0,0,0,0,199,False,False,
211,2,1138.6552954069043,881.3469860928212,2.1103296419877124,362.526123046875,33.364898681640625,0,10,0,9,9,0.8924593726263709,-0.9968975379000019,-0.8620334491531229,0,0,0,0,199,False,False,
211,3,1138.6552954069043,881.3469860928212,2.1103296419877124,362.526123046875,33.364898681640625,0,10,0,9,9,0.8924593726263709,-0.9968975379000019,-0.8620334491531229,0,0,0,0,199,False,False,
211,4,1138.6552954069043,881.3469860928212,2.1103296419877124,362.526123046875,33.364898681640625,0,10,0,9,9,0.8924593726263709,-0.9968975379000019,-0.8620334491531229,0,0,0,0,199,False,False,
211,5,1138.6552954069043,881.3469860928212,2.1103296419877124,362.526123046875,33.364898681640625,0,10,0,9,9,0.8924593726263709,-0.9968975379000019,-0.8620334491531229,0,0,0,0,199,False,False,
211,6,1138.655296147587,881.3469857040302,2.1103296090668007,362.526123046875,33.364898681640625,0,10,0,9,9,0.8924593721912458,-0.9968975379000019,-0.8620334491531229,0,0,0,0,199,False,False,
211,7,1138.655296147587,881.3469857040302,2.1103296090668007,362.526123046875,33.364898681640625,0,10,0,9,9,0.8924593721912458,-0.9968975379000019,-0.8620334491531229,0,0,0,0,199,False,False,
212,0,1136.5479833927632,881.4213382461985,2.108623287279014,364.6347351074219,36.58839416503906,0,11,1,10,10,0.04520201150317291,-0.9100311779542055,-0.8545455551168529,0,0,0,0,200,False,False,
212,1,1136.5479833927632,881.4213382461985,2.108623287279014,364.6347351074219,36.58839416503906,0,11,1,10,10,0.04520201150317291,-0.9100311779542055,-0.8545455551168529,0,0,0,0,200,False,False,
212,2,1136.5479833927632,881.4213382461985,2.108623287279014,364.6347351074219,36.58839416503906,0,11,1,10,10,0.04520201150317291,-0.9100311779542055,-0.8545455551168529,0,0,0,0,200,False,False,
212,3,1136.5479833927632,881.4213382461985,2.108623287279014,364.6347351074219,36.58839416503906,0,11,1,10,10,0.04520201150317291,-0.9100311779542055,-0.8545455551168529,0,0,0,0,200,False,False,
212,4,1136.5479833927632,881.4213382461985,2.108623287279014,364.6347351074219,36.58839416503906,0,11,1,10,10,0.04520201150317291,-0.9100311779542055,-0.8545455551168529,0,0,0,0,200,False,False,
212,5,1136.5479833927632,881.4213382461985,2.108623287279014,364.6347351074219,36.58839416503906,0,11,1,10,10,0.04520201150317291,-0.9100311779542055,-0.8545455551168529,0,0,0,0,200,False,False,
212,6,1136.5479841701788,881.4213378568315,2.1086232505485576,364.6347351074219,36.58839416503906,0,11,1,10,10,0.04520201128590505,-0.9100311779542055,-0.8545455551168529,0,0,0,0,200,False,False,
212,7,1136.5479841701788,881.4213378568315,2.1086232505485576,364.6347351074219,36.58839416503906,0,11,1,10,10,0.04520201128590505,-0.9100311779542055,-0.8545455551168529,0,0,0,0,200,False,False,
213,0,1134.4399454653912,881.4961649779011,2.1093655309157344,366.7441101074219,36.61181640625,0,11,0,10,10,0.04806903735890021,-0.9156411117751774,-0.8457423820959917,0,0,0,0,201,False,False,
213,1,1134.4399454653912,881.4961649779011,2.1093655309157344,366.7441101074219,36.61181640625,0,11,0,10,10,0.04806903735890021,-0.9156411117751774,-0.8457423820959917,0,0,0,0,201,False,False,
213,2,1134.4399454653912,881.4961649779011,2.1093655309157344,366.7441101074219,36.61181640625,0,11,0,10,10,0.04806903735890021,-0.9156411117751774,-0.8457423820959917,0,0,0,0,201,False,False,
213,3,1134.4399454653912,881.4961649779011,2.1093655309157344,366.7441101074219,36.61181640625,0,11,0,10,10,0.04806903735890021,-0.9156411117751774,-0.8457423820959917,0,0,0,0,201,False,False,
213,4,1134.4399454653912,881.4961649779011,2.1093655309157344,366.7441101074219,36.61181640625,0,11,0,10,10,0.04806903735890021,-0.9156411117751774,-0.8457423820959917,0,0,0,0,201,False,False,
213,5,1134.4399454653912,881.4961649779011,2.1093655309157344,366.7441101074219,36.61181640625,0,11,0,10,10,0.04806903735890021,-0.9156411117751774,-0.8457423820959917,0,0,0,0,201,False,False,
213,6,1134.43994627862,881.496164588384,2.1093654951198477,366.7441101074219,36.61181640625,0,11,0,10,10,0.04806903702077913,-0.9156411117751774,-0.8457423820959917,0,0,0,0,201,False,False,
213,7,1134.43994627862,881.496164588384,2.1093654951198477,366.7441101074219,36.61181640625,0,11,0,10,10,0.04806903702077913,-0.9156411117751774,-0.8457423820959917,0,0,0,0,201,False,False,
214,0,1132.3312739699286,881.5714595650228,2.1100153436944673,368.8540954589844,36.63515853881836,0,11,0,10,10,0.05135595177904311,-0.9212506696899403,-0.8369903211749425,0,0,0,0,202,False,False,
214,1,1132.3312739699286,881.5714595650228,2.1100153436944673,368.8540954589844,36.63515853881836,0,11,0,10,10,0.05135595177904311,-0.9212506696899403,-0.8369903211749425,0,0,0,0,202,False,False,
214,2,1132.3312739699286,881.5714595650228,2.1100153436944673,368.8540954589844,36.63515853881836,0,11,0,10,10,0.05135595177904311,-0.9212506696899403,-0.8369903211749425,0,0,0,0,202,False,False,
214,3,1132.3312739699286,881.5714595650228,2.1100153436944673,368.8540954589844,36.63515853881836,0,11,0,10,10,0.05135595177904311,-0.9212506696899403,-0.8369903211749425,0,0,0,0,202,False,False,
214,4,1132.3312739699286,881.5714595650228,2.1100153436944673,368.8540954589844,36.63515853881836,0,11,0,10,10,0.05135595177904311,-0.9212506696899403,-0.8369903211749425,0,0,0,0,202,False,False,
214,5,1132.3312739699286,881.5714595650228,2.1100153436944673,368.8540954589844,36.63515853881836,0,11,0,10,10,0.05135595177904311,-0.9212506696899403,-0.8369903211749425,0,0,0,0,202,False,False,
214,6,1132.3312748180533,881.5714591751861,2.1100153088094866,368.8540954589844,36.63515853881836,0,11,0,10,10,0.05135595149968708,-0.9212506696899403,-0.8369903211749425,0,0,0,0,202,False,False,
214,7,1132.3312748180533,881.5714591751861,2.1100153088094866,368.8540954589844,36.63515853881836,0,11,0,10,10,0.05135595149968708,-0.9212506696899403,-0.8369903211749425,0,0,0,0,202,False,False,
215,0,1130.2220746981216,881.6472088074221,2.1105590529325005,370.9647216796875,36.65839767456055,0,11,0,10,10,0.055162324821151604,-0.926859359193216,-0.8282820542901976,0,0,0,0,203,False,False,
215,1,1130.2220746981216,881.6472088074221,2.1105590529325005,370.9647216796875,36.65839767456055,0,11,0,10,10,0.055162324821151604,-0.926859359193216,-0.8282820542901976,0,0,0,0,203,False,False,
215,2,1130.2220746981216,881.6472088074221,2.1105590529325005,370.9647216796875,36.65839767456055,0,11,0,10,10,0.055162324821151604,-0.926859359193216,-0.8282820542901976,0,0,0,0,203,False,False,
215,3,1130.2220746981216,881.6472088074221,2.1105590529325005,370.9647216796875,36.65839767456055,0,11,0,10,10,0.055162324821151604,-0.926859359193216,-0.8282820542901976,0,0,0,0,203,False,False,
215,4,1130.2220746981216,881.6472088074221,2.1105590529325005,370.9647216796875,36.65839767456055,0,11,0,10,10,0.055162324821151604,-0.926859359193216,-0.8282820542901976,0,0,0,0,203,False,False,
215,5,1130.2220746981216,881.6472088074221,2.1105590529325005,370.9647216796875,36.65839767456055,0,11,0,10,10,0.055162324821151604,-0.926859359193216,-0.8282820542901976,0,0,0,0,203,False,False,
215,6,1130.2220755756205,881.6472084177298,2.1105590235823573,370.9647216796875,36.65839767456055,0,11,0,10,10,0.055162324459639776,-0.926859359193216,-0.8282820542901976,0,0,0,0,203,False,False,
215,7,1130.2220755756205,881.6472084177298,2.1105590235823573,370.9647216796875,36.65839767456055,0,11,0,10,10,0.055162324459639776,-0.926859359193216,-0.8282820542901976,0,0,0,0,203,False,False,
216,0,1128.112462917468,881.7233953678979,2.110987033846673,373.0757141113281,36.681522369384766,0,11,0,10,10,0.059617144188513924,-0.9324659014475947,-0.8196248995052646,0,0,0,0,204,False,False,
216,1,1128.112462917468,881.7233953678979,2.110987033846673,373.0757141113281,36.681522369384766,0,11,0,10,10,0.059617144188513924,-0.9324659014475947,-0.8196248995052646,0,0,0,0,204,False,False,
216,2,1128.112462917468,881.7233953678979,2.110987033846673,373.0757141113281,36.681522369384766,0,11,0,10,10,0.059617144188513924,-0.9324659014475947,-0.8196248995052646,0,0,0,0,204,False,False,
216,3,1128.112462917468,881.7233953678979,2.110987033846673,373.0757141113281,36.681522369384766,0,11,0,10,10,0.059617144188513924,-0.9324659014475947,-0.8196248995052646,0,0,0,0,204,False,False,
216,4,1128.112462917468,881.7233953678979,2.110987033846673,373.0757141113281,36.681522369384766,0,11,0,10,10,0.059617144188513924,-0.9324659014475947,-0.8196248995052646,0,0,0,0,204,False,False,
216,5,1128.112462917468,881.7233953678979,2.110987033846673,373.0757141113281,36.681522369384766,0,11,0,10,10,0.059617144188513924,-0.9324659014475947,-0.8196248995052646,0,0,0,0,204,False,False,
216,6,1128.1124638143108,881.723394978814,2.110987014537565,373.0757141113281,36.681522369384766,0,11,0,10,10,0.059617143794609875,-0.9324659014475947,-0.8196248995052646,0,0,0,0,204,False,False,
216,7,1128.1124638143108,881.723394978814,2.110987014537565,373.0757141113281,36.681522369384766,0,11,0,10,10,0.059617143794609875,-0.9324659014475947,-0.8196248995052646,0,0,0,0,204,False,False,
217,0,1126.002584167547,881.800004144213,2.1112691074273244,375.1869812011719,36.704505920410156,0,11,0,10,10,0.06489363339616117,-0.9380691135255689,-0.8110125535662238,0,0,0,0,205,False,False,
217,1,1126.002584167547,881.800004144213,2.1112691074273244,375.1869812011719,36.704505920410156,0,11,0,10,10,0.06489363339616117,-0.9380691135255689,-0.8110125535662238,0,0,0,0,205,False,False,
217,2,1126.002584167547,881.800004144213,2.1112691074273244,375.1869812011719,36.704505920410156,0,11,0,10,10,0.06489363339616117,-0.9380691135255689,-0.8110125535662238,0,0,0,0,205,False,False,
217,3,1126.002584167547,881.800004144213,2.1112691074273244,375.1869812011719,36.704505920410156,0,11,0,10,10,0.06489363339616117,-0.9380691135255689,-0.8110125535662238,0,0,0,0,205,False,False,
217,4,1126.002584167547,881.800004144213,2.1112691074273244,375.1869812011719,36.704505920410156,0,11,0,10,10,0.06489363339616117,-0.9380691135255689,-0.8110125535662238,0,0,0,0,205,False,False,
217,5,1126.002584167547,881.800004144213,2.1112691074273244,375.1869812011719,36.704505920410156,0,11,0,10,10,0.06489363339616117,-0.9380691135255689,-0.8110125535662238,0,0,0,0,205,False,False,
217,6,1126.0025850832244,881.8000037552565,2.1112690886097,375.1869812011719,36.704505920410156,0,11,0,10,10,0.06489363315168614,-0.9380691135255689,-0.8110125535662238,0,0,0,0,205,False,False,
217,7,1126.0025850832244,881.8000037552565,2.1112690886097,375.1869812011719,36.704505920410156,0,11,0,10,10,0.06489363315168614,-0.9380691135255689,-0.8110125535662238,0,0,0,0,205,False,False,
218,0,1123.8926180143253,881.8770457311517,2.1113722016401932,377.2983703613281,36.727317810058594,0,11,0,10,10,0.07122489366812898,-0.9436674963346328,-0.8024586092043172,0,0,0,0,206,False,False,
218,1,1123.8926180143253,881.8770457311517,2.1113722016401932,377.2983703613281,36.727317810058594,0,11,0,10,10,0.07122489366812898,-0.9436674963346328,-0.8024586092043172,0,0,0,0,206,False,False,
218,2,1123.8926180143253,881.8770457311517,2.1113722016401932,377.2983703613281,36.727317810058594,0,11,0,10,10,0.07122489366812898,-0.9436674963346328,-0.8024586092043172,0,0,0,0,206,False,False,
218,3,1123.8926180143253,881.8770457311517,2.1113722016401932,377.2983703613281,36.727317810058594,0,11,0,10,10,0.07122489366812898,-0.9436674963346328,-0.8024586092043172,0,0,0,0,206,False,False,
218,4,1123.8926180143253,881.8770457311517,2.1113722016401932,377.2983703613281,36.727317810058594,0,11,0,10,10,0.07122489366812898,-0.9436674963346328,-0.8024586092043172,0,0,0,0,206,False,False,
218,5,1123.8926180143253,881.8770457311517,2.1113722016401932,377.2983703613281,36.727317810058594,0,11,0,10,10,0.07122489366812898,-0.9436674963346328,-0.8024586092043172,0,0,0,0,206,False,False,
218,6,1123.8926189483295,881.8770453415352,2.1113721833015524,377.2983703613281,36.727317810058594,0,11,0,10,10,0.07122489366539039,-0.9436674963346328,-0.8024586092043172,0,0,0,0,206,False,False,
218,7,1123.8926189483295,881.8770453415352,2.1113721833015524,377.2983703613281,36.727317810058594,0,11,0,10,10,0.07122489366539039,-0.9436674963346328,-0.8024586092043172,0,0,0,0,206,False,False,
219,0,1121.782694846127,881.9545242108478,2.111345232432525,379.40966796875,36.74992752075195,0,11,0,10,10,0.07896555974328091,-0.9492586324939284,-0.7939557769422226,0,0,0,0,207,False,False,
219,1,1121.782694846127,881.9545242108478,2.111345232432525,379.40966796875,36.74992752075195,0,11,0,10,10,0.07896555974328091,-0.9492586324939284,-0.7939557769422226,0,0,0,0,207,False,False,
219,2,1121.782694846127,881.9545242108478,2.111345232432525,379.40966796875,36.74992752075195,0,11,0,10,10,0.07896555974328091,-0.9492586324939284,-0.7939557769422226,0,0,0,0,207,False,False,
219,3,1121.782694846127,881.9545242108478,2.111345232432525,379.40966796875,36.74992752075195,0,11,0,10,10,0.07896555974328091,-0.9492586324939284,-0.7939557769422226,0,0,0,0,207,False,False,
219,4,1121.782694846127,881.9545242108478,2.111345232432525,379.40966796875,36.74992752075195,0,11,0,10,10,0.07896555974328091,-0.9492586324939284,-0.7939557769422226,0,0,0,0,207,False,False,
219,5,1121.782694846127,881.9545242108478,2.111345232432525,379.40966796875,36.74992752075195,0,11,0,10,10,0.07896555974328091,-0.9492586324939284,-0.7939557769422226,0,0,0,0,207,False,False,
219,6,1121.7826957933084,881.9545238196876,2.111345219207671,379.40966796875,36.74992752075195,0,11,0,10,10,0.07896556006263482,-0.9492586324939284,-0.7939557769422226,0,0,0,0,207,False,False,
219,7,1121.7826957933084,881.9545238196876,2.111345219207671,379.40966796875,36.74992752075195,0,11,0,10,10,0.07896556006263482,-0.9492586324939284,-0.7939557769422226,0,0,0,0,207,False,False,
220,0,1119.6729314914062,882.032440420062,2.1112016361734653,381.5208435058594,36.77227783203125,0,11,0,10,10,0.08863366587075316,-0.9548399956785143,-0.785505071589528,0,0,0,0,208,False,False,
220,1,1119.6729314914062,882.032440420062,2.1112016361734653,381.5208435058594,36.77227783203125,0,11,0,10,10,0.08863366587075316,-0.9548399956785143,-0.785505071589528,0,0,0,0,208,False,False,
220,2,1119.6729314914062,882.032440420062,2.1112016361734653,381.5208435058594,36.77227783203125,0,11,0,10,10,0.08863366587075316,-0.9548399956785143,-0.785505071589528,0,0,0,0,208,False,False,
220,3,1119.6729314914062,882.032440420062,2.1112016361734653,381.5208435058594,36.77227783203125,0,11,0,10,10,0.08863366587075316,-0.9548399956785143,-0.785505071589528,0,0,0,0,208,False,False,
220,4,1119.6729314914062,882.032440420062,2.1112016361734653,381.5208435058594,36.77227783203125,0,11,0,10,10,0.08863366587075316,-0.9548399956785143,-0.785505071589528,0,0,0,0,208,False,False,
220,5,1119.6729314914062,882.032440420062,2.1112016361734653,381.5208435058594,36.77227783203125,0,11,0,10,10,0.08863366587075316,-0.9548399956785143,-0.785505071589528,0,0,0,0,208,False,False,
220,6,1119.672932446759,882.0324400268569,2.1112016279322274,381.5208435058594,36.77227783203125,0,11,0,10,10,0.08863592532452426,-0.9548399671576361,-0.785496753009525,0,0,0,0,208,False,False,
220,7,1119.672932446759,882.0324400268569,2.1112016279322274,381.5208435058594,36.77227783203125,0,11,0,10,10,0.08863592532452426,-0.9548399671576361,-0.785496753009525,0,0,0,0,208,False,False,
221,0,1117.5634438077436,882.1107875927696,2.110942104131528,383.6318054199219,36.79429244995117,0,11,0,10,10,0.10104550609379272,-0.9604071882008322,-0.7771044349408718,0,0,0,0,209,False,False,
221,1,1117.5634438077436,882.1107875927696,2.110942104131528,383.6318054199219,36.79429244995117,0,11,0,10,10,0.10104550609379272,-0.9604071882008322,-0.7771044349408718,0,0,0,0,209,False,False,
221,2,1117.5634438077436,882.1107875927696,2.110942104131528,383.6318054199219,36.79429244995117,0,11,0,10,10,0.10104550609379272,-0.9604071882008322,-0.7771044349408718,0,0,0,0,209,False,False,
221,3,1117.5634438077436,882.1107875927696,2.110942104131528,383.6318054199219,36.79429244995117,0,11,0,10,10,0.10104550609379272,-0.9604071882008322,-0.7771044349408718,0,0,0,0,209,False,False,
221,4,1117.5634438077436,882.1107875927696,2.110942104131528,383.6318054199219,36.79429244995117,0,11,0,10,10,0.10104550609379272,-0.9604071882008322,-0.7771044349408718,0,0,0,0,209,False,False,
221,5,1117.5634438077436,882.1107875927696,2.110942104131528,383.6318054199219,36.79429244995117,0,11,0,10,10,0.10104550609379272,-0.9604071882008322,-0.7771044349408718,0,0,0,0,209,False,False,
221,6,1117.5634448313458,882.1107871930897,2.1109420356889443,383.6318054199219,36.79429244995117,0,11,0,10,10,0.10104550728122648,-0.9604071882008322,-0.7771044349408718,0,0,0,0,209,False,False,
221,7,1117.5634448313458,882.1107871930897,2.1109420356889443,383.6318054199219,36.79429244995117,0,11,0,10,10,0.10104550728122648,-0.9604071882008322,-0.7771044349408718,0,0,0,0,209,False,False,
222,0,1115.4543498438513,882.1895541543932,2.1105642657254706,385.7424011230469,36.81586837768555,0,11,0,10,10,0.11752764504128284,-0.9659533168095333,-0.7687632289720305,0,0,0,0,210,False,False,
222,1,1115.4543498438513,882.1895541543932,2.1105642657254706,385.7424011230469,36.81586837768555,0,11,0,10,10,0.11752764504128284,-0.9659533168095333,-0.7687632289720305,0,0,0,0,210,False,False,
222,2,1115.4543498438513,882.1895541543932,2.1105642657254706,385.7424011230469,36.81586837768555,0,11,0,10,10,0.11752764504128284,-0.9659533168095333,-0.7687632289720305,0,0,0,0,210,False,False,
222,3,1115.4543498438513,882.1895541543932,2.1105642657254706,385.7424011230469,36.81586837768555,0,11,0,10,10,0.11752764504128284,-0.9659533168095333,-0.7687632289720305,0,0,0,0,210,False,False,
222,4,1115.4543498438513,882.1895541543932,2.1105642657254706,385.7424011230469,36.81586837768555,0,11,0,10,10,0.11752764504128284,-0.9659533168095333,-0.7687632289720305,0,0,0,0,210,False,False,
222,5,1115.4543498438513,882.1895541543932,2.1105642657254706,385.7424011230469,36.81586837768555,0,11,0,10,10,0.11752764504128284,-0.9659533168095333,-0.7687632289720305,0,0,0,0,210,False,False,
222,6,1115.4543509431744,882.1895537459649,2.110564189730715,385.7424011230469,36.81586837768555,0,11,0,10,10,0.11752764682588071,-0.9659533168095333,-0.7687632289720305,0,0,0,0,210,False,False,
222,7,1115.4543509431744,882.1895537459649,2.110564189730715,385.7424011230469,36.81586837768555,0,11,0,10,10,0.11752764682588071,-0.9659533168095333,-0.7687632289720305,0,0,0,0,210,False,False,
223,0,1113.3457702642913,882.2687257014836,2.1100653964288765,387.8524169921875,36.836830139160156,0,11,0,10,10,0.14042443639490265,-0.9714659324436496,-0.7604731208099084,0,0,0,0,211,False,False,
223,1,1113.3457702642913,882.2687257014836,2.1100653964288765,387.8524169921875,36.836830139160156,0,11,0,10,10,0.14042443639490265,-0.9714659324436496,-0.7604731208099084,0,0,0,0,211,False,False,
223,2,1113.3457702642913,882.2687257014836,2.1100653964288765,387.8524169921875,36.836830139160156,0,11,0,10,10,0.14042443639490265,-0.9714659324436496,-0.7604731208099084,0,0,0,0,211,False,False,
223,3,1113.3457702642913,882.2687257014836,2.1100653964288765,387.8524169921875,36.836830139160156,0,11,0,10,10,0.14042443639490265,-0.9714659324436496,-0.7604731208099084,0,0,0,0,211,False,False,
223,4,1113.3457702642913,882.2687257014836,2.1100653964288765,387.8524169921875,36.836830139160156,0,11,0,10,10,0.14042443639490265,-0.9714659324436496,-0.7604731208099084,0,0,0,0,211,False,False,
223,5,1113.3457702642913,882.2687257014836,2.1100653964288765,387.8524169921875,36.836830139160156,0,11,0,10,10,0.14042443639490265,-0.9714659324436496,-0.7604731208099084,0,0,0,0,211,False,False,
223,6,1113.345771432686,882.268725282638,2.110065327015024,387.8524169921875,36.836830139160156,0,11,0,10,10,0.1404244387537274,-0.9714659324436496,-0.7604731208099084,0,0,0,0,211,False,False,
223,7,1113.345771432686,882.268725282638,2.110065327015024,387.8524169921875,36.836830139160156,0,11,0,10,10,0.1404244387537274,-0.9714659324436496,-0.7604731208099084,0,0,0,0,211,False,False,
224,0,1111.237852351244,882.3482903537608,2.1094189868391786,389.9619445800781,36.85688781738281,0,11,0,10,10,0.17424058188203384,-0.9769224807014079,-0.7522278357867713,0,0,0,0,212,False,False,
224,1,1111.237852351244,882.3482903537608,2.1094189868391786,389.9619445800781,36.85688781738281,0,11,0,10,10,0.17424058188203384,-0.9769224807014079,-0.7522278357867713,0,0,0,0,212,False,False,
224,2,1111.237852351244,882.3482903537608,2.1094189868391786,389.9619445800781,36.85688781738281,0,11,0,10,10,0.17424058188203384,-0.9769224807014079,-0.7522278357867713,0,0,0,0,212,False,False,
224,3,1111.237852351244,882.3482903537608,2.1094189868391786,389.9619445800781,36.85688781738281,0,11,0,10,10,0.17424058188203384,-0.9769224807014079,-0.7522278357867713,0,0,0,0,212,False,False,
224,4,1111.237852351244,882.3482903537608,2.1094189868391786,389.9619445800781,36.85688781738281,0,11,0,10,10,0.17424058188203384,-0.9769224807014079,-0.7522278357867713,0,0,0,0,212,False,False,
224,5,1111.237852351244,882.3482903537608,2.1094189868391786,389.9619445800781,36.85688781738281,0,11,0,10,10,0.17424058188203384,-0.9769224807014079,-0.7522278357867713,0,0,0,0,212,False,False,
224,6,1111.2378535961875,882.3482899230557,2.1094189098974225,389.9619445800781,36.85688781738281,0,11,0,10,10,0.17424058458727434,-0.9769224807014079,-0.7522278357867713,0,0,0,0,212,False,False,
224,7,1111.2378535961875,882.3482899230557,2.1094189098974225,389.9619445800781,36.85688781738281,0,11,0,10,10,0.17424058458727434,-0.9769224807014079,-0.7522278357867713,0,0,0,0,212,False,False,
225,0,1109.1308130509265,882.4282401841958,2.1085555692154134,392.0704040527344,36.87548828125,0,11,0,10,10,0.22871236182429489,-0.9822708826301085,-0.7440482704042761,0,0,0,0,213,False,False,
225,1,1109.1308130509265,882.4282401841958,2.1085555692154134,392.0704040527344,36.87548828125,0,11,0,10,10,0.22871236182429489,-0.9822708826301085,-0.7440482704042761,0,0,0,0,213,False,False,
225,2,1109.1308130509265,882.4282401841958,2.1085555692154134,392.0704040527344,36.87548828125,0,11,0,10,10,0.22871236182429489,-0.9822708826301085,-0.7440482704042761,0,0,0,0,213,False,False,
225,3,1109.1308130509265,882.4282401841958,2.1085555692154134,392.0704040527344,36.87548828125,0,11,0,10,10,0.22871236182429489,-0.9822708826301085,-0.7440482704042761,0,0,0,0,213,False,False,
225,4,1109.1308130509265,882.4282401841958,2.1085555692154134,392.0704040527344,36.87548828125,0,11,0,10,10,0.22871236182429489,-0.9822708826301085,-0.7440482704042761,0,0,0,0,213,False,False,
225,5,1109.1308130509265,882.4282401841958,2.1085555692154134,392.0704040527344,36.87548828125,0,11,0,10,10,0.22871236182429489,-0.9822708826301085,-0.7440482704042761,0,0,0,0,213,False,False,
225,6,1109.1308143704312,882.4282397409173,2.108555494231053,392.0704040527344,36.87548828125,0,11,0,10,10,0.22871236476419735,-0.9822708826301085,-0.7440482704042761,0,0,0,0,213,False,False,
225,7,1109.1308143704312,882.4282397409173,2.108555494231053,392.0704040527344,36.87548828125,0,11,0,10,10,0.22871236476419735,-0.9822708826301085,-0.7440482704042761,0,0,0,0,213,False,False,
226,0,1107.0248285429768,882.5085747954896,2.107516167789886,394.1780090332031,36.89141845703125,0,11,0,10,10,0.3286018240984144,-0.987377281953341,-0.7359124704718996,0,0,0,0,214,False,False,
226,1,1107.0248285429768,882.5085747954896,2.107516167789886,394.1780090332031,36.89141845703125,0,11,0,10,10,0.3286018240984144,-0.987377281953341,-0.7359124704718996,0,0,0,0,214,False,False,
226,2,1107.0248285429768,882.5085747954896,2.107516167789886,394.1780090332031,36.89141845703125,0,11,0,10,10,0.3286018240984144,-0.987377281953341,-0.7359124704718996,0,0,0,0,214,False,False,
226,3,1107.0248285429768,882.5085747954896,2.107516167789886,394.1780090332031,36.89141845703125,0,11,0,10,10,0.3286018240984144,-0.987377281953341,-0.7359124704718996,0,0,0,0,214,False,False,
226,4,1107.0248285429768,882.5085747954896,2.107516167789886,394.1780090332031,36.89141845703125,0,11,0,10,10,0.3286018240984144,-0.987377281953341,-0.7359124704718996,0,0,0,0,214,False,False,
226,5,1107.0248285429768,882.5085747954896,2.107516167789886,394.1780090332031,36.89141845703125,0,11,0,10,10,0.3286018240984144,-0.987377281953341,-0.7359124704718996,0,0,0,0,214,False,False,
226,6,1107.0248299304628,882.5085743391427,2.107516099359826,394.1780090332031,36.89141845703125,0,11,0,10,10,0.32860182726034376,-0.987377281953341,-0.7359124704718996,0,0,0,0,214,False,False,
226,7,1107.0248299304628,882.5085743391427,2.107516099359826,394.1780090332031,36.89141845703125,0,11,0,10,10,0.32860182726034376,-0.987377281953341,-0.7359124704718996,0,0,0,0,214,False,False,
227,0,1104.9202081622243,882.5892810794147,2.106167242016567,396.2841796875,36.90150451660156,0,11,0,10,10,0.5474006041589989,-0.9917814134308626,-0.7278423901801649,0,0,0,0,215,False,False,
227,1,1104.9202081622243,882.5892810794147,2.106167242016567,396.2841796875,36.90150451660156,0,11,0,10,10,0.5474006041589989,-0.9917814134308626,-0.7278423901801649,0,0,0,0,215,False,False,
227,2,1104.9202081622243,882.5892810794147,2.106167242016567,396.2841796875,36.90150451660156,0,11,0,10,10,0.5474006041589989,-0.9917814134308626,-0.7278423901801649,0,0,0,0,215,False,False,
227,3,1104.9202081622243,882.5892810794147,2.106167242016567,396.2841796875,36.90150451660156,0,11,0,10,10,0.5474006041589989,-0.9917814134308626,-0.7278423901801649,0,0,0,0,215,False,False,
227,4,1104.9202081622243,882.5892810794147,2.106167242016567,396.2841796875,36.90150451660156,0,11,0,10,10,0.5474006041589989,-0.9917814134308626,-0.7278423901801649,0,0,0,0,215,False,False,
227,5,1104.9202081622243,882.5892810794147,2.106167242016567,396.2841796875,36.90150451660156,0,11,0,10,10,0.5474006041589989,-0.9917814134308626,-0.7278423901801649,0,0,0,0,215,False,False,
227,6,1104.920209615948,882.5892806099893,2.1061671753265516,396.2841796875,36.90150451660156,0,11,0,10,10,0.5474006073420898,-0.9917814134308626,-0.7278423901801649,0,0,0,0,215,False,False,
227,7,1104.920209615948,882.5892806099893,2.1061671753265516,396.2841796875,36.90150451660156,0,11,0,10,10,0.5474006073420898,-0.9917814134308626,-0.7278423901801649,0,0,0,0,215,False,False,
228,0,1102.8174647798787,882.670323215603,2.104304531154282,398.3883972167969,36.89950180053711,0,11,0,10,10,1.0,-0.9937685656023967,-0.7201675139040349,0,0,0,1,216,False,False,
228,1,1102.8174647798787,882.670323215603,2.104304531154282,398.3883972167969,36.89950180053711,0,11,0,10,10,1.0,-0.9937685656023967,-0.7201675139040349,0,0,0,1,216,False,False,
228,2,1102.8174647798787,882.670323215603,2.104304531154282,398.3883972167969,36.89950180053711,0,11,0,10,10,1.0,-0.9937685656023967,-0.7201675139040349,0,0,0,1,216,False,False,
228,3,1102.8174647798787,882.670323215603,2.104304531154282,398.3883972167969,36.89950180053711,0,11,0,10,10,1.0,-0.9937685656023967,-0.7201675139040349,0,0,0,1,216,False,False,
228,4,1102.8174647798787,882.670323215603,2.104304531154282,398.3883972167969,36.89950180053711,0,11,0,10,10,1.0,-0.9937685656023967,-0.7201675139040349,0,0,0,1,216,False,False,
228,5,1102.8174647798787,882.670323215603,2.104304531154282,398.3883972167969,36.89950180053711,0,11,0,10,10,1.0,-0.9937685656023967,-0.7201675139040349,0,0,0,1,216,False,False,
228,6,1102.817466293512,882.670322733655,2.104304470806612,398.3883972167969,36.89950180053711,0,11,0,10,10,1.0,-0.9937685656023967,-0.7201675139040349,0,0,0,1,216,False,False,
228,7,1102.817466293512,882.670322733655,2.104304470806612,398.3883972167969,36.89950180053711,0,11,0,10,10,1.0,-0.9937685656023967,-0.7201675139040349,0,0,0,1,216,False,False,
229,0,1100.7163801481456,882.7516253533486,2.102657049379807,400.4910583496094,40.12316131591797,0,12,1,11,11,0.038380356933433925,-0.9123272092808833,-0.7227152862797859,0,0,0,0,217,False,False,
229,1,1100.7163801481456,882.7516253533486,2.102657049379807,400.4910583496094,40.12316131591797,0,12,1,11,11,0.038380356933433925,-0.9123272092808833,-0.7227152862797859,0,0,0,0,217,False,False,
229,2,1100.7163801481456,882.7516253533486,2.102657049379807,400.4910583496094,40.12316131591797,0,12,1,11,11,0.038380356933433925,-0.9123272092808833,-0.7227152862797859,0,0,0,0,217,False,False,
229,3,1100.7163801481456,882.7516253533486,2.102657049379807,400.4910583496094,40.12316131591797,0,12,1,11,11,0.038380356933433925,-0.9123272092808833,-0.7227152862797859,0,0,0,0,217,False,False,
229,4,1100.7163801481456,882.7516253533486,2.102657049379807,400.4910583496094,40.12316131591797,0,12,1,11,11,0.038380356933433925,-0.9123272092808833,-0.7227152862797859,0,0,0,0,217,False,False,
229,5,1100.7163801481456,882.7516253533486,2.102657049379807,400.4910583496094,40.12316131591797,0,12,1,11,11,0.038380356933433925,-0.9123272092808833,-0.7227152862797859,0,0,0,0,217,False,False,
229,6,1100.7163817108706,882.7516248593728,2.102656999860017,400.4910583496094,40.12316131591797,0,12,1,11,11,0.038380359997637156,-0.9123272092808833,-0.7227152862797859,0,0,0,0,217,False,False,
229,7,1100.7163817108706,882.7516248593728,2.102656999860017,400.4910583496094,40.12316131591797,0,12,1,11,11,0.038380359997637156,-0.9123272092808833,-0.7227152862797859,0,0,0,0,217,False,False,
230,0,1098.6153820600591,882.8332371926556,2.102582568761057,402.5937194824219,40.14675521850586,0,12,0,11,11,0.040899794105618524,-0.9179234679759737,-0.7252995632145188,0,0,0,0,218,False,False,
230,1,1098.6153820600591,882.8332371926556,2.102582568761057,402.5937194824219,40.14675521850586,0,12,0,11,11,0.040899794105618524,-0.9179234679759737,-0.7252995632145188,0,0,0,0,218,False,False,
230,2,1098.6153820600591,882.8332371926556,2.102582568761057,402.5937194824219,40.14675521850586,0,12,0,11,11,0.040899794105618524,-0.9179234679759737,-0.7252995632145188,0,0,0,0,218,False,False,
230,3,1098.6153820600591,882.8332371926556,2.102582568761057,402.5937194824219,40.14675521850586,0,12,0,11,11,0.040899794105618524,-0.9179234679759737,-0.7252995632145188,0,0,0,0,218,False,False,
230,4,1098.6153820600591,882.8332371926556,2.102582568761057,402.5937194824219,40.14675521850586,0,12,0,11,11,0.040899794105618524,-0.9179234679759737,-0.7252995632145188,0,0,0,0,218,False,False,
230,5,1098.6153820600591,882.8332371926556,2.102582568761057,402.5937194824219,40.14675521850586,0,12,0,11,11,0.040899794105618524,-0.9179234679759737,-0.7252995632145188,0,0,0,0,218,False,False,
230,6,1098.615383670623,882.8332366868625,2.1025825204995763,402.5937194824219,40.14675521850586,0,12,0,11,11,0.04089979711873815,-0.9179234679759737,-0.7252995632145188,0,0,0,0,218,False,False,
230,7,1098.615383670623,882.8332366868625,2.1025825204995763,402.5937194824219,40.14675521850586,0,12,0,11,11,0.04089979711873815,-0.9179234679759737,-0.7252995632145188,0,0,0,0,218,False,False,
231,0,1096.5145150586156,882.9151501273166,2.1024632901953986,404.6961364746094,40.1702766418457,0,12,0,11,11,0.04379649441605156,-0.9235175804761362,-0.7279204590529762,0,0,0,0,219,False,False,
231,1,1096.5145150586156,882.9151501273166,2.1024632901953986,404.6961364746094,40.1702766418457,0,12,0,11,11,0.04379649441605156,-0.9235175804761362,-0.7279204590529762,0,0,0,0,219,False,False,
231,2,1096.5145150586156,882.9151501273166,2.1024632901953986,404.6961364746094,40.1702766418457,0,12,0,11,11,0.04379649441605156,-0.9235175804761362,-0.7279204590529762,0,0,0,0,219,False,False,
231,3,1096.5145150586156,882.9151501273166,2.1024632901953986,404.6961364746094,40.1702766418457,0,12,0,11,11,0.04379649441605156,-0.9235175804761362,-0.7279204590529762,0,0,0,0,219,False,False,
231,4,1096.5145150586156,882.9151501273166,2.1024632901953986,404.6961364746094,40.1702766418457,0,12,0,11,11,0.04379649441605156,-0.9235175804761362,-0.7279204590529762,0,0,0,0,219,False,False,
231,5,1096.5145150586156,882.9151501273166,2.1024632901953986,404.6961364746094,40.1702766418457,0,12,0,11,11,0.04379649441605156,-0.9235175804761362,-0.7279204590529762,0,0,0,0,219,False,False,
231,6,1096.514516701869,882.915149610516,2.102463257101852,404.6961364746094,40.1702766418457,0,12,0,11,11,0.04379649736091393,-0.9235175804761362,-0.7279204590529762,0,0,0,0,219,False,False,
231,7,1096.514516701869,882.915149610516,2.102463257101852,404.6961364746094,40.1702766418457,0,12,0,11,11,0.04379649736091393,-0.9235175804761362,-0.7279204590529762,0,0,0,0,219,False,False,
232,0,1094.413819910822,882.9973602641248,2.102303168089246,406.7984619140625,40.19370651245117,0,12,0,11,11,0.047158001636273005,-0.9291095089639837,-0.7305852346862947,0,0,0,0,220,False,False,
232,1,1094.413819910822,882.9973602641248,2.102303168089246,406.7984619140625,40.19370651245117,0,12,0,11,11,0.047158001636273005,-0.9291095089639837,-0.7305852346862947,0,0,0,0,220,False,False,
232,2,1094.413819910822,882.9973602641248,2.102303168089246,406.7984619140625,40.19370651245117,0,12,0,11,11,0.047158001636273005,-0.9291095089639837,-0.7305852346862947,0,0,0,0,220,False,False,
232,3,1094.413819910822,882.9973602641248,2.102303168089246,406.7984619140625,40.19370651245117,0,12,0,11,11,0.047158001636273005,-0.9291095089639837,-0.7305852346862947,0,0,0,0,220,False,False,
232,4,1094.413819910822,882.9973602641248,2.102303168089246,406.7984619140625,40.19370651245117,0,12,0,11,11,0.047158001636273005,-0.9291095089639837,-0.7305852346862947,0,0,0,0,220,False,False,
232,5,1094.413819910822,882.9973602641248,2.102303168089246,406.7984619140625,40.19370651245117,0,12,0,11,11,0.047158001636273005,-0.9291095089639837,-0.7305852346862947,0,0,0,0,220,False,False,
232,6,1094.4138215905773,882.9973597364352,2.1023031311893554,406.7984619140625,40.19370651245117,0,12,0,11,11,0.04715800449894169,-0.9291095089639837,-0.7305852346862947,0,0,0,0,220,False,False,
232,7,1094.4138215905773,882.9973597364352,2.1023031311893554,406.7984619140625,40.19370651245117,0,12,0,11,11,0.04715800449894169,-0.9291095089639837,-0.7305852346862947,0,0,0,0,220,False,False,
233,0,1092.3133384925286,883.0798846544247,2.102101915605036,408.9005432128906,40.2170295715332,0,12,0,11,11,0.05109654319774582,-0.9346984447482953,-0.7332797113664277,0,0,0,0,221,False,False,
233,1,1092.3133384925286,883.0798846544247,2.102101915605036,408.9005432128906,40.2170295715332,0,12,0,11,11,0.05109654319774582,-0.9346984447482953,-0.7332797113664277,0,0,0,0,221,False,False,
233,2,1092.3133384925286,883.0798846544247,2.102101915605036,408.9005432128906,40.2170295715332,0,12,0,11,11,0.05109654319774582,-0.9346984447482953,-0.7332797113664277,0,0,0,0,221,False,False,
233,3,1092.3133384925286,883.0798846544247,2.102101915605036,408.9005432128906,40.2170295715332,0,12,0,11,11,0.05109654319774582,-0.9346984447482953,-0.7332797113664277,0,0,0,0,221,False,False,
233,4,1092.3133384925286,883.0798846544247,2.102101915605036,408.9005432128906,40.2170295715332,0,12,0,11,11,0.05109654319774582,-0.9346984447482953,-0.7332797113664277,0,0,0,0,221,False,False,
233,5,1092.3133384925286,883.0798846544247,2.102101915605036,408.9005432128906,40.2170295715332,0,12,0,11,11,0.05109654319774582,-0.9346984447482953,-0.7332797113664277,0,0,0,0,221,False,False,
233,6,1092.313340198547,883.0798841159067,2.1021018889371264,408.9005432128906,40.2170295715332,0,12,0,11,11,0.05109654616236033,-0.9346984447482953,-0.7332797113664277,0,0,0,0,221,False,False,
233,7,1092.313340198547,883.0798841159067,2.1021018889371264,408.9005432128906,40.2170295715332,0,12,0,11,11,0.05109654616236033,-0.9346984447482953,-0.7332797113664277,0,0,0,0,221,False,False,
234,0,1090.2130872870514,883.1627390751505,2.101884863912034,411.00238037109375,40.24022674560547,0,12,0,11,11,0.055775921226405484,-0.9402837217522961,-0.736017639048638,0,0,0,0,222,False,False,
234,1,1090.2130872870514,883.1627390751505,2.101884863912034,411.00238037109375,40.24022674560547,0,12,0,11,11,0.055775921226405484,-0.9402837217522961,-0.736017639048638,0,0,0,0,222,False,False,
234,2,1090.2130872870514,883.1627390751505,2.101884863912034,411.00238037109375,40.24022674560547,0,12,0,11,11,0.055775921226405484,-0.9402837217522961,-0.736017639048638,0,0,0,0,222,False,False,
234,3,1090.2130872870514,883.1627390751505,2.101884863912034,411.00238037109375,40.24022674560547,0,12,0,11,11,0.055775921226405484,-0.9402837217522961,-0.736017639048638,0,0,0,0,222,False,False,
234,4,1090.2130872870514,883.1627390751505,2.101884863912034,411.00238037109375,40.24022674560547,0,12,0,11,11,0.055775921226405484,-0.9402837217522961,-0.736017639048638,0,0,0,0,222,False,False,
234,5,1090.2130872870514,883.1627390751505,2.101884863912034,411.00238037109375,40.24022674560547,0,12,0,11,11,0.055775921226405484,-0.9402837217522961,-0.736017639048638,0,0,0,0,222,False,False,
234,6,1090.2130890093658,883.1627385261718,2.101884847216115,411.00238037109375,40.24022674560547,0,12,0,11,11,0.055775924197728144,-0.9402837217522961,-0.736017639048638,0,0,0,0,222,False,False,
234,7,1090.2130890093658,883.1627385261718,2.101884847216115,411.00238037109375,40.24022674560547,0,12,0,11,11,0.055775924197728144,-0.9402837217522961,-0.736017639048638,0,0,0,0,222,False,False,
235,0,1088.113107347207,883.2459338302316,2.101627254063332,413.10400390625,40.263275146484375,0,12,0,11,11,0.06142566215032445,-0.9458644216974306,-0.7387921284622015,0,0,0,0,223,False,False,
235,1,1088.113107347207,883.2459338302316,2.101627254063332,413.10400390625,40.263275146484375,0,12,0,11,11,0.06142566215032445,-0.9458644216974306,-0.7387921284622015,0,0,0,0,223,False,False,
235,2,1088.113107347207,883.2459338302316,2.101627254063332,413.10400390625,40.263275146484375,0,12,0,11,11,0.06142566215032445,-0.9458644216974306,-0.7387921284622015,0,0,0,0,223,False,False,
235,3,1088.113107347207,883.2459338302316,2.101627254063332,413.10400390625,40.263275146484375,0,12,0,11,11,0.06142566215032445,-0.9458644216974306,-0.7387921284622015,0,0,0,0,223,False,False,
235,4,1088.113107347207,883.2459338302316,2.101627254063332,413.10400390625,40.263275146484375,0,12,0,11,11,0.06142566215032445,-0.9458644216974306,-0.7387921284622015,0,0,0,0,223,False,False,
235,5,1088.113107347207,883.2459338302316,2.101627254063332,413.10400390625,40.263275146484375,0,12,0,11,11,0.06142566215032445,-0.9458644216974306,-0.7387921284622015,0,0,0,0,223,False,False,
235,6,1088.1131090900433,883.2459332708158,2.101627233144352,413.10400390625,40.263275146484375,0,12,0,11,11,0.06142566506331188,-0.9458644216974306,-0.7387921284622015,0,0,0,0,223,False,False,
235,7,1088.1131090900433,883.2459332708158,2.101627233144352,413.10400390625,40.263275146484375,0,12,0,11,11,0.06142566506331188,-0.9458644216974306,-0.7387921284622015,0,0,0,0,223,False,False,
236,0,1086.0134570212074,883.3294775940319,2.1013117455389083,415.20538330078125,40.286136627197266,0,12,0,11,11,0.06838052932386694,-0.9514391783987015,-0.7416182731131031,0,0,0,0,224,False,False,
236,1,1086.0134570212074,883.3294775940319,2.1013117455389083,415.20538330078125,40.286136627197266,0,12,0,11,11,0.06838052932386694,-0.9514391783987015,-0.7416182731131031,0,0,0,0,224,False,False,
236,2,1086.0134570212074,883.3294775940319,2.1013117455389083,415.20538330078125,40.286136627197266,0,12,0,11,11,0.06838052932386694,-0.9514391783987015,-0.7416182731131031,0,0,0,0,224,False,False,
236,3,1086.0134570212074,883.3294775940319,2.1013117455389083,415.20538330078125,40.286136627197266,0,12,0,11,11,0.06838052932386694,-0.9514391783987015,-0.7416182731131031,0,0,0,0,224,False,False,
236,4,1086.0134570212074,883.3294775940319,2.1013117455389083,415.20538330078125,40.286136627197266,0,12,0,11,11,0.06838052932386694,-0.9514391783987015,-0.7416182731131031,0,0,0,0,224,False,False,
236,5,1086.0134570212074,883.3294775940319,2.1013117455389083,415.20538330078125,40.286136627197266,0,12,0,11,11,0.06838052932386694,-0.9514391783987015,-0.7416182731131031,0,0,0,0,224,False,False,
236,6,1086.0134587840566,883.3294770247962,2.1013117251513527,415.20538330078125,40.286136627197266,0,12,0,11,11,0.06838053205551534,-0.9514391783987015,-0.7416182731131031,0,0,0,0,224,False,False,
236,7,1086.0134587840566,883.3294770247962,2.1013117251513527,415.20538330078125,40.286136627197266,0,12,0,11,11,0.06838053205551534,-0.9514391783987015,-0.7416182731131031,0,0,0,0,224,False,False,
237,0,1083.9141956344333,883.413378370984,2.100937340896568,417.3063049316406,40.30876159667969,0,12,0,11,11,0.07714575322759111,-0.9570052765142657,-0.7444878687660819,0,0,0,0,225,False,False,
237,1,1083.9141956344333,883.413378370984,2.100937340896568,417.3063049316406,40.30876159667969,0,12,0,11,11,0.07714575322759111,-0.9570052765142657,-0.7444878687660819,0,0,0,0,225,False,False,
237,2,1083.9141956344333,883.413378370984,2.100937340896568,417.3063049316406,40.30876159667969,0,12,0,11,11,0.07714575322759111,-0.9570052765142657,-0.7444878687660819,0,0,0,0,225,False,False,
237,3,1083.9141956344333,883.413378370984,2.100937340896568,417.3063049316406,40.30876159667969,0,12,0,11,11,0.07714575322759111,-0.9570052765142657,-0.7444878687660819,0,0,0,0,225,False,False,
237,4,1083.9141956344333,883.413378370984,2.100937340896568,417.3063049316406,40.30876159667969,0,12,0,11,11,0.07714575322759111,-0.9570052765142657,-0.7444878687660819,0,0,0,0,225,False,False,
237,5,1083.9141956344333,883.413378370984,2.100937340896568,417.3063049316406,40.30876159667969,0,12,0,11,11,0.07714575322759111,-0.9570052765142657,-0.7444878687660819,0,0,0,0,225,False,False,
237,6,1083.9141974121262,883.4133777919656,2.1009373256741433,417.3063049316406,40.30876159667969,0,12,0,11,11,0.07714575600992993,-0.9570052765142657,-0.7444878687660819,0,0,0,0,225,False,False,
237,7,1083.9141974121262,883.4133777919656,2.1009373256741433,417.3063049316406,40.30876159667969,0,12,0,11,11,0.07714575600992993,-0.9570052765142657,-0.7444878687660819,0,0,0,0,225,False,False,
238,0,1081.8153745778263,883.497644234052,2.1005119764797904,419.40673828125,40.33108139038086,0,12,0,11,11,0.08852776028505471,-0.962559391745502,-0.7473944835293831,0,0,0,0,226,False,False,
238,1,1081.8153745778263,883.497644234052,2.1005119764797904,419.40673828125,40.33108139038086,0,12,0,11,11,0.08852776028505471,-0.962559391745502,-0.7473944835293831,0,0,0,0,226,False,False,
238,2,1081.8153745778263,883.497644234052,2.1005119764797904,419.40673828125,40.33108139038086,0,12,0,11,11,0.08852776028505471,-0.962559391745502,-0.7473944835293831,0,0,0,0,226,False,False,
238,3,1081.8153745778263,883.497644234052,2.1005119764797904,419.40673828125,40.33108139038086,0,12,0,11,11,0.08852776028505471,-0.962559391745502,-0.7473944835293831,0,0,0,0,226,False,False,
238,4,1081.8153745778263,883.497644234052,2.1005119764797904,419.40673828125,40.33108139038086,0,12,0,11,11,0.08852776028505471,-0.962559391745502,-0.7473944835293831,0,0,0,0,226,False,False,
238,5,1081.8153745778263,883.497644234052,2.1005119764797904,419.40673828125,40.33108139038086,0,12,0,11,11,0.08852776028505471,-0.962559391745502,-0.7473944835293831,0,0,0,0,226,False,False,
238,6,1081.8153763606956,883.4976436458289,2.1005119709385247,419.40673828125,40.33108139038086,0,12,0,11,11,0.0885277630096062,-0.962559391745502,-0.7473944835293831,0,0,0,0,226,False,False,
238,7,1081.8153763606956,883.4976436458289,2.1005119709385247,419.40673828125,40.33108139038086,0,12,0,11,11,0.0885277630096062,-0.962559391745502,-0.7473944835293831,0,0,0,0,226,False,False,
239,0,1079.7171543360118,883.582281045474,2.099926563717785,421.5067138671875,40.352989196777344,0,12,0,11,11,0.10387665337871997,-0.968095999212166,-0.7503595856283752,0,0,0,0,227,False,False,
239,1,1079.7171543360118,883.582281045474,2.099926563717785,421.5067138671875,40.352989196777344,0,12,0,11,11,0.10387665337871997,-0.968095999212166,-0.7503595856283752,0,0,0,0,227,False,False,
239,2,1079.7171543360118,883.582281045474,2.099926563717785,421.5067138671875,40.352989196777344,0,12,0,11,11,0.10387665337871997,-0.968095999212166,-0.7503595856283752,0,0,0,0,227,False,False,
239,3,1079.7171543360118,883.582281045474,2.099926563717785,421.5067138671875,40.352989196777344,0,12,0,11,11,0.10387665337871997,-0.968095999212166,-0.7503595856283752,0,0,0,0,227,False,False,
239,4,1079.7171543360118,883.582281045474,2.099926563717785,421.5067138671875,40.352989196777344,0,12,0,11,11,0.10387665337871997,-0.968095999212166,-0.7503595856283752,0,0,0,0,227,False,False,
239,5,1079.7171543360118,883.582281045474,2.099926563717785,421.5067138671875,40.352989196777344,0,12,0,11,11,0.10387665337871997,-0.968095999212166,-0.7503595856283752,0,0,0,0,227,False,False,
239,6,1079.7171561146345,883.582280448585,2.0999265676117895,421.5067138671875,40.352989196777344,0,12,0,11,11,0.10387665605565025,-0.968095999212166,-0.7503595856283752,0,0,0,0,227,False,False,
239,7,1079.7171561146345,883.582280448585,2.0999265676117895,421.5067138671875,40.352989196777344,0,12,0,11,11,0.10387665605565025,-0.968095999212166,-0.7503595856283752,0,0,0,0,227,False,False,
240,0,1077.6196115279186,883.667299405654,2.0992650983978125,423.60595703125,40.37431716918945,0,12,0,11,11,0.1256634339265705,-0.9736042074887763,-0.7533685961084139,0,0,0,0,228,True,False,max_steps
240,1,1077.6196115279186,883.667299405654,2.0992650983978125,423.60595703125,40.37431716918945,0,12,0,11,11,0.1256634339265705,-0.9736042074887763,-0.7533685961084139,0,0,0,0,228,True,False,max_steps
240,2,1077.6196115279186,883.667299405654,2.0992650983978125,423.60595703125,40.37431716918945,0,12,0,11,11,0.1256634339265705,-0.9736042074887763,-0.7533685961084139,0,0,0,0,228,True,False,max_steps
240,3,1077.6196115279186,883.667299405654,2.0992650983978125,423.60595703125,40.37431716918945,0,12,0,11,11,0.1256634339265705,-0.9736042074887763,-0.7533685961084139,0,0,0,0,228,True,False,max_steps
240,4,1077.6196115279186,883.667299405654,2.0992650983978125,423.60595703125,40.37431716918945,0,12,0,11,11,0.1256634339265705,-0.9736042074887763,-0.7533685961084139,0,0,0,0,228,True,False,max_steps
240,5,1077.6196115279186,883.667299405654,2.0992650983978125,423.60595703125,40.37431716918945,0,12,0,11,11,0.1256634339265705,-0.9736042074887763,-0.7533685961084139,0,0,0,0,228,True,False,max_steps
240,6,1077.6196133024175,883.6672988007314,2.099265102192934,423.60595703125,40.37431716918945,0,12,0,11,11,0.1256634364114774,-0.9736042074887763,-0.7533685961084139,0,0,0,0,228,True,False,max_steps
240,7,1077.6196133024175,883.6672988007314,2.099265102192934,423.60595703125,40.37431716918945,0,12,0,11,11,0.1256634364114774,-0.9736042074887763,-0.7533685961084139,0,0,0,0,228,True,False,max_steps
