step,car_index,x,y,speed,distance_travelled,total_reward,lap_count,next_goal_idx,progress_delta,checkpoints_reached,checkpoint_streak,heading_error_norm,goal_distance_norm,lateral_offset_norm,no_progress_steps,reverse_speed_steps,reverse_progress_events,heading_away_steps,wall_hugging_steps,done,collided,terminated_reason
1,0,1500.7767744525393,870.0103849099103,0.22346698054287295,0.2235075682401657,0.018690604716539383,0,1,0,0,0,-6.493628230449152e-06,-0.8858053895338115,-0.9404624078510014,0,0,0,0,0,False,False,
1,1,1501.1376973606637,869.9934626219557,-0.13785245897500004,0.1378501057624817,0.009046037681400776,0,1,0,0,0,-0.0006109933754989545,-0.8848417692213614,-0.9408334565397932,0,0,0,0,0,False,False,
1,2,1500.7915870553782,870.0093893919703,0.20862434222186474,0.2085859179496765,0.015396681614220142,0,1,0,0,0,0.0009317103646667293,-0.8857655978834706,-0.9404770189651046,0,0,0,0,0,False,False,
1,3,1501.1157561980713,869.9947098632795,-0.11587701643740744,0.11584442108869553,0.011036375537514687,0,1,0,0,0,0.0005141050881446871,-0.8849004509370195,-0.940687095269638,0,0,0,0,0,False,False,
1,4,1500.7349674326872,870.0123125334824,0.26531841288756647,0.26530128717422485,0.018753349781036377,0,1,0,0,0,3.4862551777337104e-05,-0.8859168394204764,-0.940520852307414,0,0,0,0,0,False,False,
1,5,1500.824112373371,870.0083517142085,0.17608579821043405,0.176101952791214,0.01616908237338066,0,1,0,0,0,-0.0006198576067516923,-0.8856789742963184,-0.9403747375931095,0,0,0,0,0,False,False,
1,6,1501.0741529511502,869.9965523016258,-0.07423305724791995,0.07417546957731247,0.0012021884322166443,0,1,0,0,0,1.0513282059479125e-05,-0.8850115680924435,-0.9404602353008976,1,0,0,0,0,False,False,
1,7,1500.9846865864813,870.0007110572925,0.015329913113620435,0.015276357531547546,0.0008517062524333596,0,1,0,0,0,4.9215892582626316e-05,-0.88525010624043,-0.9401693279833715,1,0,0,0,0,False,False,
2,0,1500.7767744525393,870.0103849099103,0.0,0.2235075682401657,0.014426757581532001,0,1,0,0,0,-6.493628230449152e-06,-0.8858053895338115,-0.9404624078510014,1,0,0,0,0,False,False,
2,1,1500.9585548005844,870.0017651975769,0.17933485325990267,0.31724148988723755,0.022732732817530632,0,1,0,0,0,0.00010746456637175723,-0.8853201461942077,-0.9402277724397841,0,0,0,0,0,False,False,
2,2,1500.5489323692557,870.0201896097298,0.24289491843351754,0.4515020251274109,0.030066892504692078,0,1,0,0,0,0.0012841297478533736,-0.8864133729209964,-0.9408732270704774,0,0,0,0,0,False,False,
2,3,1501.367405714442,869.9839357453199,-0.2518800522219704,0.3677825331687927,0.020261885598301888,0,1,0,0,0,0.002334106551523026,-0.8842286208844494,-0.9419750744470031,0,0,0,0,0,False,False,
2,4,1500.354281755597,870.0297099922388,0.3810830044921496,0.6464357376098633,0.0372360534965992,0,1,0,0,0,0.0005200588186091358,-0.8869331976524332,-0.9410850935848826,0,0,0,0,0,False,False,
2,5,1500.336639087563,870.0320209688728,0.4880475775913718,0.664103627204895,0.03284292668104172,0,1,0,0,0,-0.0013157730656372577,-0.8869803093488947,-0.94093167152689,0,0,0,0,0,False,False,
2,6,1500.8324741502688,870.0076601502626,0.24193393126390383,0.3160078823566437,0.01884571835398674,0,1,0,0,0,0.0003511369012219095,-0.8856564544325558,-0.9403966560509008,0,0,0,0,0,False,False,
2,7,1500.6550105836272,870.0159327059707,0.33002721925068157,0.3453383445739746,0.016729051247239113,0,1,0,0,0,0.00021775511960508235,-0.8861302714733401,-0.9406458990029481,0,0,0,0,0,False,False,
3,0,1500.9144755983918,870.0039277529232,-0.13785245897500004,0.3613547682762146,0.01901308447122574,0,1,0,0,0,-0.00024087812662906396,-0.8854377969844062,-0.9402789131257816,0,0,0,0,0,False,False,
3,1,1500.6544228689902,870.016153924779,0.304472112492479,0.6216596364974976,0.03269270807504654,0,1,0,0,0,-0.0005091570668229097,-0.8861319275682367,-0.9406239805451568,0,0,0,0,0,False,False,
3,2,1500.5489323692557,870.0201896097298,0.0,0.4515020251274109,0.03130762651562691,0,1,0,0,0,0.0012841297478533736,-0.8864133729209964,-0.9408732270704774,1,0,0,0,0,False,False,
3,3,1501.405568904286,869.9823227107529,-0.0381972635091842,0.4059041142463684,0.01903543993830681,0,1,0,0,0,0.002680052852816554,-0.8841269638788513,-0.9421726621617125,1,0,0,0,0,False,False,
3,4,1500.1308938500772,870.0402067661852,0.2236343859870677,0.8700709342956543,0.05210082605481148,0,1,0,0,0,-0.00030018028563050497,-0.887529558148263,-0.9413863240886753,0,0,0,0,0,False,False,
3,5,1500.336639087563,870.0320209688728,0.0,0.664103627204895,0.0317373163998127,0,1,0,0,0,-0.0013157730656372577,-0.8869803093488947,-0.94093167152689,1,0,0,0,0,False,False,
3,6,1500.324765550484,870.0320596128813,0.5082945564054842,0.8244040012359619,0.035061515867710114,0,1,0,0,0,-0.0009917809468365452,-0.8870121759720623,-0.9410120344410937,0,0,0,0,0,False,False,
3,7,1500.2981524767508,870.0326248276268,0.3572482825274028,0.7026635408401489,0.035832397639751434,0,1,0,0,0,-0.0001675594850288083,-0.8870831385126188,-0.941129777366213,0,0,0,0,0,False,False,
4,0,1501.1876557018745,869.9907570870719,-0.27349741384103204,0.6348631381988525,0.029151327908039093,0,1,0,0,0,-0.0010731125856125346,-0.8847084422398668,-0.9411554513341345,0,0,0,0,0,False,False,
4,1,1500.3903434869069,870.0292765588274,0.26440522605625477,0.8860236406326294,0.05146362632513046,0,1,0,0,0,-0.00203413944333685,-0.8868368945806178,-0.9408878381845805,0,0,0,0,0,False,False,
4,2,1500.234262070669,870.0334985405553,0.31495162239999996,0.7664804458618164,0.049036815762519836,0,1,0,0,0,0.002710906352475541,-0.8872533077851839,-0.9414666905761523,0,0,0,0,0,False,False,
4,3,1501.1589162608202,869.9937303406823,0.24691630272065712,0.6527501344680786,0.03732079267501831,0,1,0,0,0,0.00015006620997439767,-0.8847852199745099,-0.9408041842857622,0,0,0,0,0,False,False,
4,4,1499.8076835163974,870.0561454532183,0.32360309260213455,1.1935834884643555,0.06964971870183945,0,1,0,0,0,-0.0017903583734781453,-0.8883922549701478,-0.9417305446423028,0,0,0,0,0,False,False,
4,5,1500.022026710266,870.0466352257414,0.31495162239999996,0.9791387915611267,0.047598596662282944,0,1,0,0,0,2.0863515871067445e-05,-0.8878204031410055,-0.9413790203182603,0,0,0,0,0,False,False,
4,6,1499.511591514586,870.0730406223225,0.8142060278539592,1.6385481357574463,0.05341067910194397,0,1,0,0,0,-0.002525925674553441,-0.8891832099300349,-0.9417670742141973,0,0,0,0,0,False,False,
4,7,1500.2981524767508,870.0326248276268,0.0,0.7026635408401489,0.03661980479955673,0,1,0,0,0,-0.0001675594850288083,-0.8870831385126188,-0.941129777366213,1,0,0,0,0,False,False,
5,0,1501.5940930799911,869.9717787051574,-0.40688022968731496,1.0418002605438232,0.033595919609069824,0,1,0,0,0,-0.00010792276328351768,-0.8836232766664754,-0.9434313690850465,0,1,0,0,0,False,False,
5,1,1500.3903434869069,870.0292765588274,0.0,0.8860236406326294,0.03910069167613983,0,1,0,0,0,-0.00203413944333685,-0.8868368945806178,-0.9408878381845805,1,0,0,0,0,False,False,
5,2,1499.617202094252,870.0552312936381,0.6174425698413453,1.3839282989501953,0.06491705775260925,0,1,0,0,0,0.007315111994274856,-0.8888997281971388,-0.9431602577010326,0,0,0,0,0,False,False,
5,3,1500.6019092989677,870.0201463107636,0.5576329967170149,1.210383653640747,0.05052494257688522,0,1,0,0,0,-0.0006043492031845214,-0.886272241819501,-0.9405135485369991,0,0,0,0,0,False,False,
5,4,1499.302077755896,870.0839184105288,0.5063679711533668,1.6999608278274536,0.08792158961296082,0,1,0,0,0,-0.005421730322225926,-0.8897425461772107,-0.9419213431379376,0,0,0,0,0,False,False,
5,5,1500.022026710266,870.0466352257414,0.0,0.9791387915611267,0.04910798743367195,0,1,0,0,0,2.0863515871067445e-05,-0.8878204031410055,-0.9413790203182603,1,0,0,0,0,False,False,
5,6,1498.3988248509993,870.1269682920582,1.1140726372875067,2.752645492553711,0.07323779910802841,0,1,0,0,0,-0.0013331237678310497,-0.8921541298705872,-0.9430571294632898,0,0,0,0,0,False,False,
5,7,1499.983527036454,870.0469551022367,0.31495162239999996,1.017562747001648,0.05553565174341202,0,1,0,0,0,0.0006179188394289289,-0.8879228693180135,-0.9416054979467686,0,0,0,0,0,False,False,
6,0,1501.790965432613,869.9629492158685,-0.19707024917008115,1.238898515701294,0.04542257636785507,0,1,0,0,0,0.0010601097546735143,-0.883097682094027,-0.9444924882936712,0,0,0,0,0,False,False,
6,1,1500.2918724652443,870.0341520029878,0.0985916429674395,0.9846553206443787,0.035542502999305725,0,1,0,0,0,-0.0019240363979330748,-0.8870999111501944,-0.9409901195565756,2,0,0,0,0,False,False,
6,2,1498.6965314435295,870.0878797020446,0.9212493504330329,2.305161476135254,0.07450942695140839,0,1,0,0,0,0.007323261204377079,-0.8913561912952028,-0.945660005285014,0,0,0,0,0,False,False,
6,3,1499.9072036501725,870.0541293990909,0.6955363317326604,1.9059171676635742,0.06724023818969727,0,1,0,0,0,-0.001578183035219796,-0.8881269921107806,-0.9412758920805174,0,0,0,0,0,False,False,
6,4,1498.7103460602991,870.1210507041988,0.592895612066229,2.2929201126098633,0.10743381828069687,0,1,0,0,0,-0.01053472389792268,-0.8913235585716043,-0.9415981941763537,0,0,0,0,0,False,False,
6,5,1499.7074150948063,870.0612658740636,0.31495162239999996,1.2940548658370972,0.06713195145130157,0,1,0,0,0,-1.269426698829395e-05,-0.8886601793210045,-0.9418109075565066,0,0,0,0,0,False,False,
6,6,1496.992223514739,870.1792660671994,1.4075732224128934,4.160233974456787,0.09250707924365997,0,1,0,0,0,0.006046597237156308,-0.895907535830172,-0.9465830782302133,0,0,0,0,0,False,False,
6,7,1499.775508802629,870.05662876386,0.20824304390027693,1.2257968187332153,0.06877530366182327,0,1,0,0,0,9.650021656663436e-06,-0.8884781601740601,-0.9418921209097313,0,0,0,0,0,False,False,
7,0,1501.782748529008,869.9633180866268,0.008225179055280332,1.2472074031829834,0.043780360370874405,0,1,0,0,0,0.001033145378037956,-0.883119838978487,-0.9444485799126247,1,0,0,0,0,False,False,
7,1,1499.8937210637228,870.0525718596284,0.39857725681747985,1.3832722902297974,0.05052607133984566,0,1,0,0,0,0.00014106269259678408,-0.888162889598738,-0.9415616646044592,0,0,0,0,0,False,False,
7,2,1498.0974913830953,870.107945402645,0.5993760308401049,2.904496908187866,0.08760587126016617,0,1,0,0,0,0.00870054634201425,-0.8929542728552988,-0.9474266315536832,0,0,0,0,0,False,False,
7,3,1498.9103443233619,870.097486693184,0.99780177009293,2.9036848545074463,0.08507121354341507,0,1,0,0,0,0.0019128785236959959,-0.8907876940248693,-0.9430279072350836,0,0,0,0,0,False,False,
7,4,1498.4082617411214,870.1405630522073,0.3027138378368904,2.595674753189087,0.12281771004199982,0,1,0,0,0,-0.011789511351452436,-0.8921307661727784,-0.9413635587651362,0,0,0,0,0,False,False,
7,5,1499.6126326062322,870.0656530248457,0.09488396720345756,1.388883352279663,0.06833623349666595,0,1,0,0,0,0.00012549732796098093,-0.8889130551671772,-0.9419432615957289,1,0,0,0,0,False,False,
7,6,1495.298044838005,870.2078925814318,1.694420510386168,5.854567527770996,0.11471838504076004,0,1,0,0,0,0.019809129894482188,-0.9004236666549941,-0.9549469423243976,0,0,0,0,0,False,False,
7,7,1499.2563761991119,870.079644801245,0.5196425675513061,1.745471477508545,0.07885606586933136,0,1,0,0,0,0.001404786069428749,-0.8898639560404517,-0.9427494384815567,0,0,0,0,0,False,False,
8,0,1501.782748529008,869.9633180866268,0.0,1.2472074031829834,0.04496007785201073,0,1,0,0,0,0.001033145378037956,-0.883119838978487,-0.9444485799126247,2,0,0,0,0,False,False,
8,1,1499.28349263522,870.0811467109093,0.6108970920527681,1.9941728115081787,0.06332291662693024,0,1,0,0,0,-0.00022058199109077729,-0.8897919575181267,-0.9423833030434111,0,0,0,0,0,False,False,
8,2,1497.7879650444595,870.1187889439917,0.3097162196239751,3.2142555713653564,0.0963931754231453,0,1,0,0,0,0.007784405323941239,-0.8937802335732837,-0.9482839526987817,0,0,0,0,0,False,False,
8,3,1497.6180217361411,870.1597684152501,1.2938225080529338,4.197545051574707,0.09642581641674042,0,1,0,0,0,-0.0011083226284537458,-0.8942379820668203,-0.9445599016658085,0,0,0,0,0,False,False,
8,4,1498.2754233368717,870.1492297830827,0.13312082432017777,2.7287697792053223,0.13978765904903412,0,1,0,0,0,-0.012242057207805917,-0.8924856206480103,-0.9412466698523112,0,0,0,0,0,False,False,
8,5,1499.5132737015304,870.0702324970258,0.09946438311780191,1.488353967666626,0.07087020576000214,0,1,0,0,0,0.0002508362176734459,-0.8891783101352665,-0.9420893763100334,2,0,0,0,0,False,False,
8,6,1493.586940212427,870.2365144253226,1.7113439892733089,7.565988540649414,0.1266642063856125,0,1,0,0,0,0.020873717361273077,-0.9049851157341654,-0.9634285529169744,0,0,0,0,0,False,False,
8,7,1498.587115374746,870.1086709789437,0.6698899685938126,2.4152886867523193,0.09317188709974289,0,1,0,0,0,0.002051743576866885,-0.8916501257705812,-0.9439372123586541,0,0,0,0,0,False,False,
9,0,1501.8026295344057,869.9624262599617,-0.0199009982268321,1.2671259641647339,0.04447269067168236,0,1,0,0,0,0.0010542647947046487,-0.883066722951788,-0.944558350865241,3,0,0,0,0,False,False,
9,1,1498.3699787709645,870.1302332778058,0.91483171744141,2.908942222595215,0.08349403738975525,0,1,0,0,0,-0.004710910398597434,-0.8922312772819754,-0.9428663309676549,0,0,0,0,0,False,False,
9,2,1497.7879650444595,870.1187889439917,0.0,3.2142555713653564,0.08691456913948059,0,1,0,0,0,0.007784405323941239,-0.8937802335732837,-0.9482839526987817,1,0,0,0,0,False,False,
9,3,1496.0377056123323,870.2568943159284,1.5832979794569697,5.780848026275635,0.11405397951602936,0,1,0,0,0,-0.009924250234523256,-0.898459631492216,-0.9439372123586541,0,0,0,0,0,False,False,
9,4,1498.2754233368717,870.1492297830827,0.0,2.7287697792053223,0.14224964380264282,0,1,0,0,0,-0.012242057207805917,-0.8924856206480103,-0.9412466698523112,1,0,0,0,0,False,False,
9,5,1499.5132737015304,870.0702324970258,0.0,1.488353967666626,0.07183482497930527,0,1,0,0,0,0.0002508362176734459,-0.8891783101352665,-0.9420893763100334,3,0,0,0,0,False,False,
9,6,1491.7924587837244,870.2470942029875,1.7945126161868077,9.360453605651855,0.14128334820270538,0,1,0,0,0,0.029240742640654894,-0.9097655597173607,-0.9746509962628708,0,0,0,0,0,False,False,
9,7,1498.0228140585139,870.1334878794011,0.5648467527122731,2.98016619682312,0.11254405230283737,0,1,0,0,0,0.0016887868876962228,-0.8931564607980904,-0.9448895075320597,0,0,0,0,0,False,False,
10,0,1501.8812276306385,869.9588926443905,-0.07867748833310317,1.3458188772201538,0.043584372848272324,0,1,0,0,0,0.00098916458433804,-0.8828568753243518,-0.9449827985486908,4,0,0,0,0,False,False,
10,1,1497.1601619855246,870.2125017830901,1.2126107212512998,4.121575355529785,0.10469309240579605,0,1,0,0,0,-0.014185589113642373,-0.8954641868833337,-0.9414374683479461,0,0,0,0,0,False,False,
10,2,1497.879891092527,870.1155546535705,-0.09198292748028115,3.3062314987182617,0.0835622251033783,0,1,0,0,0,0.007670747072317062,-0.8935349824607487,-0.9480347061734612,2,0,0,0,0,False,False,
10,3,1494.3562188917783,870.3885697747539,1.6866345240912302,7.467512607574463,0.1363169252872467,0,1,0,0,0,-0.021552452974859825,-0.9029549425012413,-0.9398762481157416,0,0,0,0,0,False,False,
10,4,1497.96118231192,870.1703745859845,0.31495162239999996,3.043687582015991,0.16026857495307922,0,1,0,0,0,-0.01364496127926442,-0.8933252116274071,-0.9409097566423719,0,0,0,0,0,False,False,
10,5,1499.1986287654859,870.0841281320922,0.31495162239999996,1.8033560514450073,0.08946481347084045,0,1,0,0,0,0.001487228049704312,-0.8900183132147473,-0.9426170844423344,0,0,0,0,0,False,False,
10,6,1490.3228876864537,870.2570979453453,1.4696051458793464,10.830092430114746,0.15874244272708893,0,1,0,0,0,0.0299611479878403,-0.913680445629806,-0.9836822352321765,0,0,0,0,0,False,False,
10,7,1497.978687550541,870.1354287921897,0.04416917305454152,3.0243988037109375,0.11459395289421082,0,1,0,0,0,0.001685994906959978,-0.8932744140355686,-0.9449634135415963,1,0,0,0,0,False,False,
11,0,1501.7949561885757,869.9627588829065,0.08635803098646223,1.432210922241211,0.04623689502477646,0,1,0,0,0,0.001081725287269819,-0.8830872539902115,-0.9445144424841944,5,0,0,0,0,False,False,
11,1,1496.4807984340703,870.2605138359622,0.6810579947887327,4.80258846282959,0.11979231983423233,0,1,0,0,0,-0.016158161407582524,-0.8972796494870696,-0.9404185709354189,0,0,0,0,0,False,False,
11,2,1498.1081074416263,870.1071068754727,-0.22837264930582507,3.534658432006836,0.0914435163140297,0,1,0,0,0,0.0064679568331895455,-0.8929258766135929,-0.9474558537818895,0,0,0,0,0,False,False,
11,3,1492.7359295388308,870.550673483066,1.6283780886280115,9.095841407775879,0.15715841948986053,0,1,0,0,0,-0.03693287612300682,-0.9072901725872291,-0.9317461654204805,0,0,0,0,0,False,False,
11,4,1497.5181027363808,870.1999991703988,0.4440688305451235,3.4877946376800537,0.17577415704727173,0,1,0,0,0,-0.013524515340888065,-0.8945092306161383,-0.9404404893932102,0,0,0,0,0,False,False,
11,5,1498.6148272170938,870.1110257662136,0.5844208506088416,2.38771653175354,0.10434143990278244,0,1,0,0,0,0.0002771296227160115,-0.8915766076807717,-0.9434606449123507,0,0,0,0,0,False,False,
11,6,1488.92311430594,870.2674516114791,1.3998116713317523,12.229910850524902,0.17860181629657745,0,1,0,0,0,0.030922184268497212,-0.9174090860467002,-0.9921857607092713,0,0,0,0,0,False,False,
11,7,1497.978687550541,870.1354287921897,0.0,3.0243988037109375,0.11475901305675507,0,1,0,0,0,0.001685994906959978,-0.8932744140355686,-0.9449634135415963,2,0,0,0,0,False,False,
12,0,1501.7949561885757,869.9627588829065,0.0,1.432210922241211,0.048986442387104034,0,1,0,0,0,0.001081725287269819,-0.8830872539902115,-0.9445144424841944,6,0,0,0,0,False,False,
12,1,1496.3226307264542,870.2719305351304,0.15857920655744603,4.961202621459961,0.12807314097881317,0,1,0,0,0,-0.01718451911331916,-0.8977024679249572,-0.9401547168692684,0,0,0,0,0,False,False,
12,2,1498.0179330286396,870.1103461802502,0.09023257645061995,3.6249263286590576,0.09036166965961456,0,1,0,0,0,0.007179644092787561,-0.8931665756808196,-0.9476977929635219,1,0,0,0,0,False,False,
12,3,1490.84113768386,870.7907818319082,1.909944552296534,11.005769729614258,0.17870159447193146,0,1,0,0,0,-0.05681480052206843,-0.9123641568663612,-0.9161988966189746,0,0,0,0,0,False,False,
12,4,1497.1885705327163,870.2227296476487,0.3303152249715767,3.8180437088012695,0.1881069839000702,0,1,0,0,0,-0.014991088953080597,-0.8953896543326734,-0.9400150554863579,0,0,0,0,0,False,False,
12,5,1497.930215378873,870.1467031892956,0.6855408430938309,3.0733392238616943,0.12331664562225342,0,1,0,0,0,-0.0036202899616250128,-0.89340490557491,-0.9439518270460305,0,0,0,0,0,False,False,
12,6,1487.414949965473,870.2714455687847,1.5081696289051798,13.738094329833984,0.19899910688400269,0,1,0,0,0,0.035682273389253776,-0.9214248976305341,-0.9977933278170571,0,0,0,0,0,False,False,
12,7,1498.0518803781947,870.1322245270532,-0.07326293288570775,3.097712278366089,0.10885661840438843,0,1,0,0,0,0.0018145136603291373,-0.8930789117248205,-0.9448456741897503,3,0,0,0,0,False,False,
13,0,1501.4803340379935,869.9771612026997,0.31495162239999996,1.7471157312393188,0.06613587588071823,0,1,0,0,0,0.0004740566495643053,-0.8839269999182846,-0.942787379496364,0,0,0,0,1,False,False,
13,1,1496.3226307264542,870.2719305351304,0.0,4.961202621459961,0.12064643949270248,0,1,0,0,0,-0.01718451911331916,-0.8977024679249572,-0.9401547168692684,1,0,0,0,1,False,False,
13,2,1497.9149723002106,870.1140439706132,0.10302710930730587,3.7280187606811523,0.09629032015800476,0,1,0,0,0,0.007203929208329404,-0.8934414700494095,-0.9479762617170486,0,0,0,0,1,False,False,
13,3,1489.1771103604558,871.0205325780994,1.6798131855688907,12.685615539550781,0.19729921221733093,0,1,0,0,0,-0.06735116934798889,-0.9168199824287618,-0.9002773417431604,0,0,0,0,1,False,False,
13,4,1496.6809506168543,870.2599055377918,0.508979396231102,4.327093124389648,0.20493480563163757,0,1,0,0,0,-0.017920301339937182,-0.8967465891786962,-0.9390984465923723,0,0,0,0,1,False,False,
13,5,1496.9438216059625,870.2031091106729,0.9880052141579158,4.061278343200684,0.1413690745830536,0,1,0,0,0,-0.00701193468374773,-0.8960392542444316,-0.9440687159588556,0,0,0,0,1,False,False,
13,6,1485.6849506991127,870.2676103813089,1.7300035174155368,15.46807861328125,0.22036884725093842,0,1,0,0,0,0.04119536034631639,-0.9260291091782149,-0.9853027467865412,0,0,0,0,1,False,False,
13,7,1497.8092202595433,870.1427513917533,0.24288834485084018,3.3406176567077637,0.12196086347103119,0,1,0,0,0,0.0020790556387661734,-0.8937266562684266,-0.9452711045233294,0,0,0,0,1,False,False,
14,0,1500.8567061027495,870.0091817202589,0.6244494496447341,2.3715925216674805,0.08450295031070709,0,1,0,0,0,-0.0031069163349611824,-0.8855922522093115,-0.9400515886315256,0,0,0,0,2,False,False,
14,1,1496.1745448174888,870.2826009098828,0.1484698398041791,5.109658718109131,0.13821199536323547,0,1,0,0,0,-0.01717156749134132,-0.8980982063870382,-0.9399054774904942,0,0,0,0,2,False,False,
14,2,1497.9149723002106,870.1140439706132,0.0,3.7280187606811523,0.09159477055072784,0,1,0,0,0,0.007203929208329404,-0.8934414700494095,-0.9479762617170486,1,0,0,0,2,False,False,
14,3,1487.3395959512577,871.2643417159265,1.8536186500190068,14.539247512817383,0.21512490510940552,0,1,0,0,0,-0.06801969681911765,-0.9217364772431548,-0.8838783689820219,0,0,0,0,2,False,False,
14,4,1496.1388048222987,870.2992841320801,0.5435740393382704,4.870635032653809,0.21975407004356384,0,1,0,0,0,-0.017789273522645508,-0.8981954766900319,-0.9381607625330699,0,0,0,0,2,False,False,
14,5,1495.6625551248812,870.290381661627,1.2842352952992333,5.3454976081848145,0.16076739132404327,0,1,0,0,0,-0.014418165632298497,-0.899462989409581,-0.9425367251014037,0,0,0,0,2,False,False,
14,6,1484.2783135753464,870.259198936288,1.4066622730297025,16.874719619750977,0.24170145392417908,0,1,0,0,0,0.04591760810665417,-0.9297708919451458,-0.9745048833352029,0,0,0,0,2,False,False,
14,7,1497.3121901104978,870.1640911571159,0.4974880447265329,3.838144302368164,0.14000985026359558,0,1,0,0,0,0.002393335701478034,-0.8950533839985535,-0.9461804132201732,0,0,0,0,2,False,False,
15,0,1500.4336048058483,870.0331848036216,0.42378161292147887,2.7953710556030273,0.10348248481750488,0,1,0,0,0,-0.00659137075819558,-0.8867222671762485,-0.940118187297374,0,0,0,0,3,False,False,
15,1,1495.8372148004682,870.3075342747767,0.3382502225691705,5.447983264923096,0.1533900797367096,0,1,0,0,0,-0.018512787265361732,-0.8990000252738151,-0.9392673266302158,0,0,0,0,3,False,False,
15,2,1497.9817714844655,870.1115936085811,-0.06684411186642909,3.7949578762054443,0.08989901840686798,0,1,0,0,0,0.0067042556153865005,-0.8932629761369704,-0.9478000743355169,2,0,0,0,3,False,False,
15,3,1486.042859624483,871.4452905251885,1.3093004134842805,15.848567008972168,0.22741664946079254,0,1,0,0,0,-0.07567436588138447,-0.9252044479933024,-0.8712408165449524,0,0,0,0,3,False,False,
15,4,1495.3775489529949,870.3581946632287,0.7635318914294318,5.634145259857178,0.23413050174713135,0,1,0,0,0,-0.021222314792323182,-0.90023039132649,-0.9364014400348157,0,0,0,0,3,False,False,
15,5,1494.4737738731685,870.3736173658111,1.1916916744169481,6.537247657775879,0.17837199568748474,0,1,0,0,0,-0.016133245196961514,-0.9026400042143671,-0.9408504581736652,0,0,0,0,3,False,False,
15,6,1483.336173509208,870.2578898960844,0.9421409755494574,17.81686019897461,0.25842034816741943,0,1,0,0,0,0.04458998893850637,-0.9322773181736641,-0.9677899007979319,0,0,0,0,3,False,False,
15,7,1496.6611454958543,870.1933289846934,0.6517008062122166,4.489804267883301,0.15854178369045258,0,1,0,0,0,0.001156888899729817,-0.8967911410970753,-0.9471993070594271,0,0,0,0,3,False,False,
16,0,1499.8367151567077,870.069684756336,0.5980045984767967,3.3934097290039062,0.1197127029299736,0,1,0,0,0,-0.009528926296459872,-0.8883168609181161,-0.9399054774904942,0,0,0,0,4,False,False,
16,1,1495.8372148004682,870.3075342747767,0.0,5.447983264923096,0.15258710086345673,0,1,0,0,0,-0.018512787265361732,-0.8990000252738151,-0.9392673266302158,1,0,0,0,4,False,False,
16,2,1497.7927819562387,870.1185354634696,0.18911697736754918,3.984172821044922,0.09831880778074265,0,1,0,0,0,0.006704653447917824,-0.8937675216795992,-0.9482839526987817,0,0,0,0,4,False,False,
16,3,1484.515515484879,871.6728440454917,1.5442022941912332,17.39276695251465,0.24629494547843933,0,1,0,0,0,-0.0863008985224108,-0.9292866105797313,-0.8546308277084296,0,0,0,0,4,False,False,
16,4,1494.5220251689102,870.4312441050619,0.8586368068553167,6.492849826812744,0.2536318600177765,0,1,0,0,0,-0.02689877145671144,-0.9025182725118063,-0.9336086197297507,0,0,0,0,4,False,False,
16,5,1493.0059282782333,870.4678503037449,1.4708672738088848,8.00804328918457,0.20007678866386414,0,1,0,0,0,-0.01296755531513409,-0.9065613444483045,-0.9397877381386482,0,0,0,0,4,False,False,
16,6,1482.0968337376478,870.2614692142797,1.239344940236564,19.056245803833008,0.27672669291496277,0,1,0,0,0,0.044012509260970646,-0.935574838566747,-0.9595949131683179,0,0,0,0,4,False,False,
16,7,1496.1852977614526,870.2155825470512,0.4763678068182322,4.966152667999268,0.17740456759929657,0,1,0,0,0,-2.2548303180277194e-05,-0.8980614036391886,-0.9478512150215146,0,0,0,0,4,False,False,
17,0,1499.293628642862,870.1021447779325,0.5440557090253996,3.9374704360961914,0.1352422535419464,0,1,0,0,0,-0.00876717303161393,-0.889767553140471,-0.9397950347625168,0,0,0,0,5,False,False,
17,1,1495.5230841412917,870.3302598862684,0.31495162239999996,5.762889862060547,0.16958223283290863,0,1,0,0,0,-0.017665553860391647,-0.8998394566389413,-0.9387323147274999,0,0,0,0,5,False,False,
17,2,1497.3570103952247,870.1344836572982,0.4360632961794782,4.420133113861084,0.11432550847530365,0,1,0,0,0,0.0068650893493876685,-0.894930014659531,-0.9494051243367576,0,0,0,0,5,False,False,
17,3,1483.0521480983175,871.888780899294,1.4792135859576292,18.871992111206055,0.2635142207145691,0,1,0,0,0,-0.09044164995144335,-0.9331936777510901,-0.8389722728864718,0,0,0,0,5,False,False,
17,4,1493.5293624577982,870.5169556507664,0.9963562250014213,7.489095687866211,0.2698543071746826,0,1,0,0,0,-0.028275282508138842,-0.9051723811380182,-0.9302580114786113,0,0,0,0,5,False,False,
17,5,1491.7311510886007,870.548904019974,1.2773513957099738,9.28539752960205,0.21885547041893005,0,1,0,0,0,-0.01305315527826786,-0.909966933277768,-0.9389523283047946,0,0,0,0,5,False,False,
17,6,1481.3895341934417,870.2610982429715,0.7072996414914909,19.763521194458008,0.2914758622646332,0,1,0,0,0,0.04757641188792579,-0.9374557969541772,-0.9546319475722496,0,0,0,0,5,False,False,
17,7,1495.8312267514389,870.2315648277246,0.3544315355998612,5.320639610290527,0.19097881019115448,0,1,0,0,0,0.001020731576045364,-0.8990067007264824,-0.9484008416116068,0,0,0,0,5,False,False,
18,0,1498.4458897263385,870.1533501128386,0.8492839671812417,4.786668300628662,0.1507326364517212,0,1,0,0,0,-0.009359993064341805,-0.8920318433386247,-0.9395750140386757,0,0,0,0,6,False,False,
18,1,1495.5230841412917,870.3302598862684,0.0,5.762889862060547,0.1694687157869339,0,1,0,0,0,-0.017665553860391647,-0.8998394566389413,-0.9387323147274999,1,0,0,0,6,False,False,
18,2,1497.1850523380297,870.1408073497561,0.17207429360782814,4.592247486114502,0.13200433552265167,0,1,0,0,0,0.0067818065315751455,-0.8953889604637127,-0.949845169357713,0,0,0,0,6,False,False,
18,3,1482.1188946336974,872.0211468682236,0.9425936446612913,19.81455421447754,0.28209206461906433,0,1,0,0,0,-0.09025273101074668,-0.9356829180539844,-0.8296260338051082,0,0,0,0,6,False,False,
18,4,1492.7653826687313,870.5873914335797,0.7672198626231228,8.256373405456543,0.28370344638824463,0,1,0,0,0,-0.032675148529601315,-0.9072158197991502,-0.9271501857015787,0,0,0,0,6,False,False,
18,5,1490.6022907171723,870.6267948816942,1.131544397944994,10.416986465454102,0.23867571353912354,0,1,0,0,0,-0.017057968044355852,-0.9129834592581265,-0.9374860856741704,0,0,0,0,6,False,False,
18,6,1480.7770772241895,870.2622820992824,0.6124581134260136,20.37594985961914,0.3028286397457123,0,1,0,0,0,0.04724512743985656,-0.9390845552800542,-0.9505052315292363,0,0,0,0,6,False,False,
18,7,1495.1685947809558,870.2592908431271,0.6632117763099835,5.983816623687744,0.20734606683254242,0,1,0,0,0,0.003171079953303509,-0.9007751505032435,-0.9496990546434085,0,0,0,0,6,False,False,
19,0,1497.3818729337663,870.210247934559,1.0655369993538786,5.852277755737305,0.16583208739757538,0,1,0,0,0,-0.005098845377420326,-0.8948733792312127,-0.9401620242129566,0,0,0,0,7,False,False,
19,1,1495.6605668590744,870.3201701510619,-0.13785245897500004,5.900709629058838,0.17936450242996216,0,1,0,0,0,-0.018260380441070843,-0.8994720881312113,-0.9389815505330008,0,0,0,0,7,False,False,
19,2,1496.883392535149,870.1525963721456,0.30189007556222036,4.894113063812256,0.14595331251621246,0,1,0,0,0,0.0053572923814568995,-0.8961939071227631,-0.9505344537574425,0,0,0,0,7,False,False,
19,3,1481.518877169838,872.1074878688809,0.6061977609086849,20.420713424682617,0.29462674260139465,0,1,0,0,0,-0.09389279983580158,-0.9372822226696025,-0.8234615372301335,0,0,0,0,7,False,False,
19,4,1491.7031639976938,870.6987934605114,1.0680444357353422,9.324453353881836,0.3031128942966461,0,1,0,0,0,-0.04195703318684707,-0.9100580422888556,-0.9212057027038987,0,0,0,0,7,False,False,
19,5,1489.1804732868743,870.7167563737877,1.424660617536355,11.841705322265625,0.25451910495758057,0,1,0,0,0,-0.014040696582035632,-0.9167818244891519,-0.9366141569882418,0,0,0,0,7,False,False,
19,6,1480.686026822904,870.2624207129955,0.09105050679695025,20.46701431274414,0.2961675524711609,0,1,0,0,0,0.04769523175975697,-0.939326724635959,-0.9498963100437106,1,0,0,0,7,False,False,
19,7,1495.0277020645801,870.2651345592149,0.1410138523174574,6.124807357788086,0.2246016263961792,0,1,0,0,0,0.003416276417651905,-0.9011511212025705,-0.9499775198236621,0,0,0,0,7,False,False,
20,0,1496.845844954092,870.2357034812429,0.5366320712097628,6.38889217376709,0.17879018187522888,0,1,0,0,0,-0.0013160207378045167,-0.8963043486820401,-0.9408431544032503,0,0,0,0,8,False,False,
20,1,1495.6675817250136,870.3196554572729,-0.007033722616299894,5.907811164855957,0.17693555355072021,0,1,0,0,0,-0.0182455170303939,-0.8994531614012358,-0.9390034689907921,1,0,0,0,8,False,False,
20,2,1496.883392535149,870.1525963721456,0.0,4.894113063812256,0.14641599357128143,0,1,0,0,0,0.0053572923814568995,-0.8961939071227631,-0.9505344537574425,1,0,0,0,8,False,False,
20,3,1481.1580120828917,872.1602917612059,0.3647079132971966,20.7855167388916,0.31066760420799255,0,1,0,0,0,-0.09690352992200436,-0.9382439636584539,-0.8196571161364101,0,0,0,0,8,False,False,
20,4,1491.167007253822,870.7550040389015,0.5390952449448307,9.863525390625,0.31242048740386963,0,1,0,0,0,-0.042614479541146326,-0.9114923979719002,-0.9182074692158226,0,0,0,0,8,False,False,
20,5,1487.5615598144154,870.8308952720503,1.6229320747970615,13.464620590209961,0.2681225538253784,0,1,0,0,0,-0.01964515385180745,-0.9211076444563522,-0.9342166907762556,0,0,0,0,8,False,False,
20,6,1480.458299381164,870.2625188198951,0.22772746287283252,20.69479751586914,0.30915549397468567,0,1,0,0,0,0.048880059949700516,-0.9399323673258139,-0.948320478697403,0,0,0,0,8,False,False,
20,7,1494.5744550299403,870.2825925643031,0.4535831305852795,6.578390598297119,0.24163669347763062,0,1,0,0,0,0.005362493814641943,-0.9023606336833507,-0.9510402505784986,0,0,0,0,8,False,False,
21,0,1496.0048048102374,870.2759523134056,0.8420026674930512,7.230917930603027,0.18437650799751282,0,1,0,0,0,-0.0015828257842902835,-0.8985497438708564,-0.9418848135660431,0,0,0,0,9,False,False,
21,1,1495.5092752147614,870.3313210910054,0.1587357495922227,6.066565036773682,0.19104722142219543,0,1,0,0,0,-0.01852489751599775,-0.8998763271255172,-0.9387030924992936,0,0,0,0,9,False,False,
21,2,1496.5687408235672,870.1663377276493,0.31495162239999996,5.209109783172607,0.16496913135051727,0,1,0,0,0,0.002459570476989686,-0.8970338921701494,-0.951084083920808,0,0,0,0,9,False,False,
21,3,1480.9636667778375,872.1891643100683,0.1964782982276126,20.981985092163086,0.3257715106010437,0,1,0,0,0,-0.09913511581587753,-0.9387615945988482,-0.8175527297920537,0,0,0,0,9,False,False,
21,4,1490.6792200641864,870.8077451994933,0.49063017884470034,10.35416030883789,0.32356971502304077,0,1,0,0,0,-0.04535106148081209,-0.9127974904639964,-0.915289591495404,0,0,0,0,9,False,False,
21,5,1485.6891199723962,870.9946885188757,1.8795901653517482,15.344209671020508,0.2890545427799225,0,1,0,0,0,-0.03244379286362478,-0.9261137844184281,-0.9276413678352585,0,0,0,0,9,False,False,
21,6,1480.0772598178821,870.2627350677478,0.3810396246443158,21.07577896118164,0.32500994205474854,0,1,0,0,0,0.04963081776443453,-0.9409452900840668,-0.9456965348569084,0,0,0,0,9,False,False,
21,7,1494.2256330129524,870.2956553968271,0.3490665224983753,6.927512168884277,0.258136123418808,0,1,0,0,0,0.006100424965491571,-0.903291581585204,-0.9519048754940121,0,0,0,0,9,False,False,
22,0,1495.1321697026267,870.3232409018996,0.8739154659556362,8.104757308959961,0.20095942914485931,0,1,0,0,0,-0.005737111360009963,-0.9008798904796872,-0.9422947859197713,0,0,0,0,10,False,False,
22,1,1495.2843047120166,870.3479478411624,0.22558407728829846,6.29215669631958,0.2090388536453247,0,1,0,0,0,-0.01877517124938903,-0.9004776424352727,-0.9382776585924414,0,0,0,0,10,False,False,
22,2,1496.2133873341675,870.1820265308377,0.35569964994926456,5.564802646636963,0.17690947651863098,0,1,0,0,0,0.0021758008488366918,-0.8979824005918905,-0.9516775474264829,0,0,0,0,10,False,False,
22,3,1480.461297242818,872.2651531803551,0.5080841053635079,21.490018844604492,0.33918383717536926,0,1,0,0,0,-0.10308560174631415,-0.9400990172961572,-0.8119524673480012,0,0,0,0,10,False,False,
22,4,1490.6490273113675,870.8110069873914,0.03036843069833525,10.384490966796875,0.31916460394859314,0,1,0,0,0,-0.045336461525280605,-0.912878160900412,-0.9151060967701841,1,0,0,0,10,False,False,
22,5,1484.2560158601555,871.1168998336453,1.4383056010385313,16.782514572143555,0.30467742681503296,0,1,0,0,0,-0.03275363247859989,-0.9299444558914572,-0.9229869436599443,0,0,0,0,10,False,False,
22,6,1479.8276171088883,870.2633259091328,0.24964340817925249,21.32541275024414,0.340697705745697,0,1,0,0,0,0.0490388281187497,-0.9416090215831429,-0.9440248826165462,0,0,0,0,10,False,False,
22,7,1493.6925513145309,870.3138065804902,0.5333906285831591,7.460901260375977,0.27535223960876465,0,1,0,0,0,0.008385197892854674,-0.9047138303392892,-0.9534441736951521,0,0,0,0,10,False,False,
23,0,1494.412879357241,870.3682462630248,0.720696942892683,8.825522422790527,0.21844473481178284,0,1,0,0,0,-0.011271001722992462,-0.9028016374328625,-0.9419140357942495,0,0,0,0,11,False,False,
23,1,1494.8491194334447,870.3800670481843,0.43636896102425315,6.728519916534424,0.22777867317199707,0,1,0,0,0,-0.01893260275721313,-0.9016407704404318,-0.9374641743629254,0,0,0,0,11,False,False,
23,2,1495.6620592098766,870.2081742435839,0.5519478268060822,6.116693496704102,0.19070445001125336,0,1,0,0,0,9.47302876975679e-05,-0.8994541099844905,-0.9523814429403156,0,0,0,0,11,False,False,
23,3,1479.9172167356014,872.3462887628791,0.5500968833620568,22.040109634399414,0.35334718227386475,0,1,0,0,0,-0.10429931527881864,-0.941546740797679,-0.8060225918911511,0,0,0,0,11,False,False,
23,4,1490.306097668003,870.8470173368136,0.34481514694618143,10.72927188873291,0.33653736114501953,0,1,0,0,0,-0.04389577098031939,-0.9137954151291855,-0.9131860484435222,0,0,0,0,11,False,False,
23,5,1482.7728327225852,871.2259346412359,1.4871855327560906,18.26967430114746,0.32630184292793274,0,1,0,0,0,-0.02683121402344063,-0.9339068877683547,-0.9202525606647455,0,0,0,0,11,False,False,
23,6,1479.8276171088883,870.2633259091328,0.0,21.32541275024414,0.3408561944961548,0,1,0,0,0,0.0490388281187497,-0.9416090215831429,-0.9440248826165462,1,0,0,0,11,False,False,
23,7,1493.6793696377683,870.3142559524298,0.013189334229385839,7.474093914031982,0.2707858979701996,0,1,0,0,0,0.008361448176244974,-0.9047490088673481,-0.9534815501327942,1,0,0,0,11,False,False,
24,0,1494.076319183318,870.3909466679522,0.33732485685903163,9.162835121154785,0.23444560170173645,0,1,0,0,0,-0.01449835236602818,-0.9037009070114369,-0.9415397461466679,0,0,0,0,12,False,False,
24,1,1494.8491194334447,870.3800670481843,0.0,6.728519916534424,0.2281826287508011,0,1,0,0,0,-0.01893260275721313,-0.9016407704404318,-0.9374641743629254,1,0,0,0,12,False,False,
24,2,1495.0936949353322,870.2340392316245,0.5689524990583864,6.685638904571533,0.20372863113880157,0,1,0,0,0,0.001334705734439644,-0.9009712943428047,-0.9532469182948501,0,0,0,0,12,False,False,
24,3,1479.5623656411958,872.3990436542718,0.35875113625852934,22.39886474609375,0.3659241795539856,0,1,0,0,0,-0.10573697842778908,-0.9424904796336461,-0.8021816519453528,0,0,0,0,12,False,False,
24,4,1490.306097668003,870.8470173368136,0.0,10.72927188873291,0.3357522785663605,0,1,0,0,0,-0.04389577098031939,-0.9137954151291855,-0.9131860484435222,1,0,0,0,12,False,False,
24,5,1481.2035364301335,871.3248078406923,1.5724079505883664,19.842121124267578,0.3457489013671875,0,1,0,0,0,-0.02153813483305827,-0.9380978343157872,-0.9193432483946284,0,0,0,0,12,False,False,
24,6,1479.673074773554,870.2639828933437,0.15454373180045253,21.479955673217773,0.3543184995651245,0,1,0,0,0,0.048178480691422644,-0.9420199664689358,-0.9430279072350836,0,0,0,0,12,False,False,
24,7,1493.6793696377683,870.3142559524298,0.0,7.474093914031982,0.2652500569820404,0,1,0,0,0,0.008361448176244974,-0.9047490088673481,-0.9534815501327942,2,0,0,0,12,False,False,
25,0,1493.9646620840822,870.3984936670707,0.11191186266625436,9.274663925170898,0.23998861014842987,0,1,0,0,0,-0.01463449929760764,-0.9039990365811572,-0.9414155498901547,0,0,0,0,13,False,False,
25,1,1494.8675124085075,870.3787099982037,-0.01844296929227825,6.7470011711120605,0.22565430402755737,0,1,0,0,0,-0.018907637200979998,-0.901591506951133,-0.9374933965911316,2,0,0,0,13,False,False,
25,2,1494.4137473008868,870.2650898039578,0.6806562448329141,7.366401672363281,0.2183375507593155,0,1,0,0,0,0.0012569466062409952,-0.9027866588098301,-0.9542585047904159,0,0,0,0,13,False,False,
25,3,1478.9534125990226,872.4872197951996,0.6153038594066925,23.01422691345215,0.3807676136493683,0,1,0,0,0,-0.10634710441868264,-0.9441092440339759,-0.7958620324343435,0,0,0,0,13,False,False,
25,4,1489.9928460476976,870.8796967925679,0.31495162239999996,11.044322967529297,0.3534099757671356,0,1,0,0,0,-0.043891347798442046,-0.9146335819504391,-0.9114559553200207,0,0,0,0,13,False,False,
25,5,1479.350495893635,871.4170584316953,1.855335387860358,21.69744110107422,0.36877408623695374,0,1,0,0,0,-0.014289168713828973,-0.9430442114984352,-0.9211975484944628,0,0,0,0,13,False,False,
25,6,1479.4078519259383,870.2652830174194,0.2652260342046818,21.74521827697754,0.3644982576370239,0,1,0,0,0,0.04835404935250709,-0.9427253131944027,-0.94133433653693,0,0,0,0,13,False,False,
25,7,1493.6607513533047,870.3148873862593,0.01862898883604631,7.492658615112305,0.2680327892303467,0,1,0,0,0,0.008478065773705466,-0.9047985097119507,-0.9535326908187918,3,0,0,0,13,False,False,
26,0,1493.8210538817082,870.4082764511841,0.14394102491687613,9.418672561645508,0.25136956572532654,0,1,0,0,0,-0.015030404841810233,-0.9043829533643916,-0.9412393625086231,0,0,0,0,14,False,False,
26,1,1495.0230880389822,870.3671376894189,-0.1560054330085894,6.902950286865234,0.2355225682258606,0,1,0,0,0,-0.019207727604201193,-0.9011758344026926,-0.9378010839995916,0,0,0,0,14,False,False,
26,2,1493.4316861831749,870.3127649168882,0.9832176540901192,8.349613189697266,0.23921653628349304,0,1,0,0,0,-0.0005881128984817173,-0.9054085560941716,-0.955386987345353,0,0,0,0,14,False,False,
26,3,1478.0462291588526,872.6122703053263,0.9157616634265277,23.929903030395508,0.39851757884025574,0,1,0,0,0,-0.10664245736455011,-0.946518368269219,-0.7872123958162174,0,0,0,0,14,False,False,
26,4,1489.5629850491052,870.9238419857978,0.4321218302702171,11.476391792297363,0.370394229888916,0,1,0,0,0,-0.043452399841430636,-0.91578312124217,-0.909161613772504,0,0,0,0,14,False,False,
26,5,1477.793321596729,871.4804252166931,1.5584630699462774,23.255857467651367,0.3908194303512573,0,1,0,0,0,-0.009183978918841262,-0.9471995902360234,-0.9244523358515476,0,0,0,0,14,False,False,
26,6,1479.3184359507582,870.2657895850999,0.08941741009564984,21.834575653076172,0.3598378002643585,0,1,0,0,0,0.04806665273742712,-0.942962931497416,-0.9407774026031496,1,0,0,0,14,False,False,
26,7,1493.6607513533047,870.3148873862593,0.0,7.492658615112305,0.26806822419166565,0,1,0,0,0,0.008478065773705466,-0.9047985097119507,-0.9535326908187918,4,0,0,0,14,False,False,
27,0,1493.7082759711257,870.416058939336,0.1130461155333039,9.53173542022705,0.268289178609848,0,1,0,0,0,-0.015641549057261273,-0.9046843626421265,-0.9410923973552976,0,0,0,0,15,False,False,
27,1,1494.8620573775668,870.3790329836884,0.16146941487988528,7.0644001960754395,0.2520027756690979,0,1,0,0,0,-0.0189649984090759,-0.9016061769979318,-0.9375007003615466,0,0,0,0,15,False,False,
27,2,1492.2761205993074,870.3623684835935,1.1566297300557145,9.506196022033691,0.2567289173603058,0,1,0,0,0,0.0030824743824489865,-0.9084927414793691,-0.9574905268239616,0,0,0,0,15,False,False,
27,3,1477.0700776803028,872.7353959926979,0.9838859913454334,24.91383934020996,0.41422656178474426,0,1,0,0,0,-0.10441570001466213,-0.9491086847718245,-0.779259333075143,0,0,0,0,15,False,False,
27,4,1488.9979223729254,870.9788474899834,0.5677335937763229,12.044124603271484,0.3871465027332306,0,1,0,0,0,-0.040811643258991934,-0.9172940244360551,-0.9065149046084704,0,0,0,0,15,False,False,
27,5,1475.9536124317528,871.5666189934251,1.8417272270463678,25.097597122192383,0.40978214144706726,0,1,0,0,0,-0.014439631725616032,-0.952109749569196,-0.9269374687481526,0,0,0,0,15,False,False,
27,6,1479.3184359507582,870.2657895850999,0.0,21.834575653076172,0.355940043926239,0,1,0,0,0,0.04806665273742712,-0.942962931497416,-0.9407774026031496,2,0,0,0,15,False,False,
27,7,1493.3459359736084,870.32415027777,0.31495162239999996,7.807614803314209,0.28388911485671997,0,1,0,0,0,0.01143517443530805,-0.9056382587709405,-0.9546173364581465,0,0,0,0,15,False,False,
28,0,1493.544334216369,870.4273101167024,0.1643273803868615,9.696060180664062,0.27964717149734497,0,1,0,0,0,-0.01547274507231609,-0.9051224341874191,-0.9408878381845805,0,0,0,0,16,False,False,
28,1,1494.8620573775668,870.3790329836884,0.0,7.0644001960754395,0.24818621575832367,0,1,0,0,0,-0.0189649984090759,-0.9016061769979318,-0.9375007003615466,1,0,0,0,16,False,False,
28,2,1491.1451406470717,870.4141837082368,1.1321662730641384,10.6383638381958,0.2730393409729004,0,1,0,0,0,0.001289593255018278,-0.9115118499889904,-0.9591548717206356,0,0,0,0,16,False,False,
28,3,1476.1812413626847,872.8368733593952,0.8946103372243118,25.80840301513672,0.43066686391830444,0,1,0,0,0,-0.10165061821425322,-0.9514652701806172,-0.7733067030145734,0,0,0,0,16,False,False,
28,4,1488.9511289566694,870.9833763181688,0.04701206323528519,12.091100692749023,0.38882026076316833,0,1,0,0,0,-0.04052047565783331,-0.9174190328444927,-0.9062875801142144,1,0,0,0,16,False,False,
28,5,1473.9528108325378,871.672858887789,2.003620212159911,27.10127067565918,0.43026167154312134,0,1,0,0,0,-0.020718404356465055,-0.9574503655829012,-0.9281398537393533,0,0,0,0,16,False,False,
28,6,1479.3189291131212,870.2657867910973,-0.0004931702776979044,21.835063934326172,0.35792139172554016,0,1,0,0,0,0.048065353815690694,-0.9429616337008683,-0.9407847063735645,3,0,0,0,16,False,False,
28,7,1493.1496695129915,870.3293052489443,0.19633414703220683,8.003971099853516,0.3010921776294708,0,1,0,0,0,0.013519643423471608,-0.9061617557607771,-0.9553650688875617,0,0,0,0,16,False,False,
29,0,1493.544334216369,870.4273101167024,0.0,9.696060180664062,0.27120697498321533,0,1,0,0,0,-0.01547274507231609,-0.9051224341874191,-0.9408878381845805,1,0,0,0,17,False,False,
29,1,1494.6462793653182,870.3953844841773,0.21639667774296112,7.280839443206787,0.26282748579978943,0,1,0,0,0,-0.020292934043499144,-0.902183056764836,-0.9370387404560732,0,0,0,0,17,False,False,
29,2,1490.5436757955124,870.441278054601,0.6020748053739294,11.2404146194458,0.28930869698524475,0,1,0,0,0,0.0018097047423061162,-0.9131173120541531,-0.9601007099893739,0,0,0,0,17,False,False,
29,3,1475.7043047510297,872.8900721545679,0.4798944085366317,26.288291931152344,0.44449418783187866,0,1,0,0,0,-0.10269673111659662,-0.9527287850614606,-0.7702573288404997,0,0,0,0,17,False,False,
29,4,1488.9511289566694,870.9833763181688,0.0,12.091100692749023,0.3879294991493225,0,1,0,0,0,-0.04052047565783331,-0.9174190328444927,-0.9062875801142144,2,0,0,0,17,False,False,
29,5,1471.915752432648,871.7826852883217,2.040016853561646,29.141218185424805,0.45296311378479004,0,1,0,0,0,-0.024350085879574282,-0.962886752640591,-0.9291660549222953,0,0,0,0,17,False,False,
29,6,1479.0044671175483,870.2674912202607,0.314466614664342,22.149520874023438,0.37522733211517334,0,1,0,0,0,0.04894018962364126,-0.9437977484231627,-0.938798055807781,0,0,0,0,17,False,False,
29,7,1492.9582985900438,870.3342549626074,0.19143492318597644,8.195441246032715,0.3100546598434448,0,1,0,0,0,0.013850017250828413,-0.9066722220984289,-0.956105497546562,0,0,0,0,17,False,False,
30,0,1493.6603300332602,870.4193007819712,-0.11627200427912535,9.812302589416504,0.273620069026947,0,1,0,0,0,-0.015687423321508555,-0.9048125488777867,-0.9410412602425732,0,0,0,0,18,False,False,
30,1,1494.6462793653182,870.3953844841773,0.0,7.280839443206787,0.26082843542099,0,1,0,0,0,-0.020292934043499144,-0.902183056764836,-0.9370387404560732,1,0,0,0,18,False,False,
30,2,1490.462932166247,870.4449558090334,0.0808273440404994,11.321308135986328,0.2853788137435913,0,1,0,0,0,0.0014953138934986202,-0.9133330272918383,-0.9602249062458872,1,0,0,0,18,False,False,
30,3,1475.7043047510297,872.8900721545679,0.0,26.288291931152344,0.4414098858833313,0,1,0,0,0,-0.10269673111659662,-0.9527287850614606,-0.7702573288404997,1,0,0,0,18,False,False,
30,4,1489.0837378032609,870.970352983034,-0.1332468140419897,12.224310874938965,0.3982129693031311,0,1,0,0,0,-0.041241102629246344,-0.917064561097312,-0.9069330275983614,0,0,0,0,18,False,False,
30,5,1470.0049479650968,871.8700965639648,1.912802771935281,31.05398178100586,0.475132554769516,0,1,0,0,0,-0.022215034485501897,-0.9679847800882049,-0.9320027121429428,0,0,0,0,18,False,False,
30,6,1479.0044671175483,870.2674912202607,0.0,22.149520874023438,0.3717425763607025,0,1,0,0,0,0.04894018962364126,-0.9437977484231627,-0.938798055807781,1,0,0,0,18,False,False,
30,7,1492.5071720359315,870.345098023458,0.4512568445949455,8.646621704101562,0.3223552107810974,0,1,0,0,0,0.01520929470794796,-0.9078750329686981,-0.9579451793857469,0,0,0,0,18,False,False,
31,0,1493.9120201483217,870.4022260953265,-0.2522686245726298,10.064591407775879,0.27500152587890625,0,1,0,0,0,-0.014816782650703115,-0.90413996396661,-0.94133433653693,0,0,0,0,19,False,False,
31,1,1494.7096463106077,870.3906113602534,-0.06354645912486769,7.344372749328613,0.25356510281562805,0,1,0,0,0,-0.019971078269760294,-0.9020137176810155,-0.9371710873487491,2,0,0,0,19,False,False,
31,2,1490.418208248883,870.4469864549845,0.044769993381240124,11.366031646728516,0.2785097062587738,0,1,0,0,0,0.0015895928862325567,-0.9134522884521278,-0.9602915084850088,2,0,0,0,19,False,False,
31,3,1475.690559250116,872.8916055231252,0.013830763337634886,26.302169799804688,0.43617191910743713,0,1,0,0,0,-0.10278363934988495,-0.9527653178387202,-0.7701696550093345,2,0,0,0,19,False,False,
31,4,1489.3513965823893,870.9438571256329,-0.26896701006610385,12.493318557739258,0.4044826924800873,0,1,0,0,0,-0.04137705775404817,-0.9163487334315685,-0.9082377011081034,0,0,0,0,19,False,False,
31,5,1468.0827014084125,871.9384792718903,1.9234625079340633,32.977561950683594,0.49797162413597107,0,1,0,0,0,-0.018753247633867747,-0.9731124551859851,-0.9372003167235017,0,0,0,0,19,False,False,
31,6,1479.0352522848127,870.2673254147853,-0.03078561376603622,22.180282592773438,0.36660221219062805,0,1,0,0,0,0.048891229914229305,-0.943715954308899,-0.9389888614499622,2,0,0,0,19,False,False,
31,7,1492.0386265848829,870.3573450336036,0.4687054821055478,9.115409851074219,0.33664897084236145,0,1,0,0,0,0.01406187739006523,-0.909124835877652,-0.9597410278826224,0,0,0,0,19,False,False,
32,0,1493.8454685861293,870.4067372146551,0.06670427743286696,10.13127326965332,0.2717026174068451,0,1,0,0,0,-0.0148087013536923,-0.9043177327394253,-0.9412539736227261,1,0,0,0,20,False,False,
32,1,1494.7292408425822,870.3891351882074,-0.019650057689758582,7.364080429077148,0.2473955750465393,0,1,0,0,0,-0.019967466238062392,-0.9019611880178573,-0.9372076204939167,3,0,0,0,20,False,False,
32,2,1490.3515729597948,870.4499717692834,0.0667021278021693,11.432748794555664,0.2808791697025299,0,1,0,0,0,0.001976810049900261,-0.9136302008519294,-0.9604010936274189,3,0,0,0,20,False,False,
32,3,1475.467497790295,872.9162162589505,0.2244150243973441,26.52654457092285,0.4470580816268921,0,1,0,0,0,-0.10331746846947883,-0.953355891177678,-0.7687764786690455,0,0,0,0,20,False,False,
32,4,1489.7518839368713,870.9043954450727,-0.40242681984757184,12.895646095275879,0.41228777170181274,0,1,0,0,0,-0.040569415234246425,-0.9152780622119502,-0.9101732074146163,0,1,0,0,20,False,False,
32,5,1465.898514877357,872.0334423398966,2.1862499369307553,35.1637077331543,0.5143151879310608,0,1,0,0,0,-0.03035706021345656,-0.9789369856321493,-0.9410266455551969,0,0,0,0,20,False,False,
32,6,1478.7505808411886,870.2683491397809,0.2846732843592423,22.46495246887207,0.38095951080322266,0,1,0,0,0,0.05071342754652493,-0.9444727019244102,-0.9371345613501278,0,0,0,0,20,False,False,
32,7,1492.0386265848829,870.3573450336036,0.0,9.115409851074219,0.3362906873226166,0,1,0,0,0,0.01406187739006523,-0.909124835877652,-0.9597410278826224,1,0,0,0,20,False,False,
33,0,1493.6460705707143,870.4199525432946,0.1998354659775331,10.331053733825684,0.28839829564094543,0,1,0,0,0,-0.013931314361309117,-0.90485035153512,-0.9410558713566763,0,0,0,0,21,False,False,
33,1,1494.4563858998183,870.4092316375945,0.27359401870040206,7.637645721435547,0.26544129848480225,0,1,0,0,0,-0.019043125645014432,-0.9026903722090271,-0.9367018236728606,0,0,0,0,21,False,False,
33,2,1490.2186530792,870.4557007145553,0.13304328420189468,11.565807342529297,0.29389050602912903,0,1,0,0,0,0.0030694732631647843,-0.913985019030794,-0.9606357254653631,0,0,0,0,21,False,False,
33,3,1475.1397284239185,872.9527837904324,0.32980288339171576,26.85633659362793,0.4559163451194763,0,1,0,0,0,-0.10608366662083377,-0.9542233843397947,-0.7666802393875787,0,0,0,0,21,False,False,
33,4,1490.1333411621367,870.8670015443632,-0.38328568785884176,13.278945922851562,0.4197637736797333,0,1,0,0,0,-0.03977105902215688,-0.9142579497167497,-0.9119982781396979,0,2,0,0,21,False,False,
33,5,1463.446370735746,872.1125713677587,2.453420529441938,37.617130279541016,0.5269446969032288,0,1,0,0,0,-0.033689890386211924,-0.9854731362494419,-0.9486281696791361,0,0,0,0,21,False,False,
33,6,1478.2292986262175,870.2672403370032,0.5212833942191889,22.986316680908203,0.3981626033782959,0,1,0,0,0,0.05575264447200855,-0.945857798355794,-0.9333666805481184,0,0,0,0,21,False,False,
33,7,1492.1330489497227,870.3548371062005,-0.09445566516526574,9.209925651550293,0.3290315866470337,0,1,0,0,0,0.013754894050452056,-0.9088728537961238,-0.959382199788165,2,0,0,0,21,False,False,
34,0,1493.6460705707143,870.4199525432946,0.0,10.331053733825684,0.28803130984306335,0,1,0,0,0,-0.013931314361309117,-0.90485035153512,-0.9410558713566763,1,0,0,0,22,False,False,
34,1,1493.9928261375749,870.4437009488495,0.46483952778308685,8.10254955291748,0.2797594964504242,0,1,0,0,0,-0.01974138059232473,-0.9039295263401452,-0.9357998294662513,0,0,0,0,22,False,False,
34,2,1490.044141489629,870.4627603236395,0.1746543242378616,11.740389823913574,0.30687978863716125,0,1,0,0,0,0.004777199428865073,-0.9144505587222931,-0.9610018609035087,0,0,0,0,22,False,False,
34,3,1474.9655789201463,872.9720674257022,0.17521389286631275,27.03159523010254,0.463581919670105,0,1,0,0,0,-0.10664253605363759,-0.9546842663126185,-0.7655801286218269,0,0,0,0,22,False,False,
34,4,1490.1953714769147,870.8609306233249,-0.06232668797325476,13.341257095336914,0.42006510496139526,0,1,0,0,0,-0.039593534245897725,-0.91409211367081,-0.9122986617777429,1,0,0,0,22,False,False,
34,5,1460.734227495113,872.1869204806086,2.713162130852912,40.33030700683594,0.5457779169082642,0,1,0,0,0,-0.06090789078695151,-0.992691635408182,-0.9585979377868552,0,0,0,0,22,False,False,
34,6,1477.8721637740773,870.2663446496488,0.3571359753217048,23.343374252319336,0.4103511869907379,0,1,0,0,0,0.05699483938223264,-0.946806212781269,-0.9307784086939509,0,0,0,0,22,False,False,
34,7,1492.0400801978017,870.3572281208782,0.09299949346599844,9.302973747253418,0.32750609517097473,0,1,0,0,0,0.014329963140738755,-0.9091209184773777,-0.9597410278826224,3,0,0,0,22,False,False,
35,0,1493.6672894673807,870.4185419892026,-0.02126572920411623,10.352222442626953,0.28771406412124634,0,1,0,0,0,-0.014048778946989969,-0.9047939186856413,-0.9410850935848826,2,0,0,0,23,False,False,
35,1,1493.2231198970042,870.4973383585477,0.7715728536518816,8.874066352844238,0.2930394411087036,0,1,0,0,0,-0.01714866593457,-0.9059861769209706,-0.934744406055103,0,0,0,0,23,False,False,
35,2,1489.912979924371,870.4677796504828,0.13125757061163681,11.871710777282715,0.31992122530937195,0,1,0,0,0,0.006191901366894272,-0.9148007311026779,-0.9613177060946777,0,0,0,0,23,False,False,
35,3,1474.4810930823007,873.023335296817,0.48719084728837536,27.518796920776367,0.48079490661621094,0,1,0,0,0,-0.10659402288666671,-0.9559658199166473,-0.7628165305449681,0,0,0,0,23,False,False,
35,4,1490.255191955077,870.8550653065172,-0.06010733356938566,13.401479721069336,0.41820424795150757,0,1,0,0,0,-0.03963233911462775,-0.9139318298289137,-0.9125771341045429,2,0,0,0,23,False,False,
35,5,1457.959008200628,872.2157535102119,2.7753690702460045,43.1057243347168,3.769890785217285,0,2,1,1,1,-0.0014378526247971499,-0.9067729602860282,-0.9742012319388191,0,0,0,0,23,False,False,
35,6,1477.5841885907848,870.2661461137652,0.28797525172975785,23.631338119506836,0.4224758446216583,0,1,0,0,0,0.05665338837725168,-0.9475711253056828,-0.9287552357028194,0,0,0,0,23,False,False,
35,7,1492.0400801978017,870.3572281208782,0.0,9.302973747253418,0.3263693153858185,0,1,0,0,0,0.014329963140738755,-0.9091209184773777,-0.9597410278826224,4,0,0,0,23,False,False,
36,0,1493.7291053408558,870.4143827747814,-0.06195563959869004,10.414251327514648,0.28605031967163086,0,1,0,0,0,-0.014535620595618878,-0.9046285512869301,-0.941151692250731,3,0,0,0,24,False,False,
36,1,1492.511459914348,870.5435198769951,0.7131568295683842,9.587234497070312,0.30976051092147827,0,1,0,0,0,-0.014402892772179775,-0.9078874806207521,-0.934165550090258,0,0,0,0,24,False,False,
36,2,1489.4692768714008,870.4838720961309,0.44399478152571936,12.315729141235352,0.3287219703197479,0,1,0,0,0,0.007568003819655032,-0.9159846973733984,-0.9624754108778212,0,0,0,0,24,False,False,
36,3,1473.760231112195,873.0978295616883,0.7247008868792024,28.24346351623535,0.4942682981491089,0,1,0,0,0,-0.10983053734407425,-0.9578708141754534,-0.7589171461427573,0,0,0,0,24,False,False,
36,4,1490.082027934691,870.8719340104575,0.17398370937784188,13.575520515441895,0.4348103106021881,0,1,0,0,0,-0.03944572469233915,-0.9143950477073551,-0.9117636427284805,0,0,0,0,24,False,False,
36,5,1455.0409484476163,872.205156693677,2.9180789939046647,46.023834228515625,3.795196771621704,0,2,0,1,1,0.00817026674043354,-0.9145539992661694,-0.9804734269679559,0,0,0,0,24,False,False,
36,6,1477.208369361026,870.2654429484232,0.37581988757665713,24.007192611694336,0.4293839931488037,0,1,0,0,0,0.0585237802089542,-0.9485692474567199,-0.9260509253748478,0,0,0,0,24,False,False,
36,7,1491.725246761645,870.365855515044,0.31495162239999996,9.617910385131836,0.34110504388809204,0,1,0,0,0,0.013382344068086619,-0.9099605653184192,-0.9609068868752018,0,0,0,0,24,False,False,
37,0,1493.7931379190022,870.4100384911409,-0.06417977769073319,10.478363037109375,0.28208494186401367,0,1,0,0,0,-0.014864591027447697,-0.9044576336708405,-0.9412247513945199,4,0,0,0,25,False,False,
37,1,1492.32167822688,870.5556505088184,0.19016898045326888,9.77744197845459,0.3272336423397064,0,1,0,0,0,-0.01386207849157428,-0.9083945803831708,-0.9340331960510357,0,0,0,0,25,False,False,
37,2,1488.8656470091955,870.5073029675436,0.6040844446607745,12.919821739196777,0.3475375473499298,0,1,0,0,0,0.006064252747385189,-0.917595539256942,-0.9638685943646566,0,0,0,0,25,False,False,
37,3,1473.0133223037958,873.1731952063182,0.7507015042311294,28.994205474853516,0.5105360746383667,0,1,0,0,0,-0.11366829953365645,-0.9598424625007753,-0.7550907994446963,0,0,0,0,25,False,False,
37,4,1489.5981282652867,870.9168748667928,0.4859820682060356,14.061488151550293,0.447635680437088,0,1,0,0,0,-0.03714151792257559,-0.9156887920181087,-0.909755077278179,0,0,0,0,25,False,False,
37,5,1452.0405707592884,872.1068848583641,3.001986613266602,49.02581024169922,3.817996025085449,0,2,0,1,1,0.029461377752627665,-0.9225514982817258,-0.9973943993341334,0,0,0,0,25,False,False,
37,6,1476.830761099701,870.2635015257305,0.3776132520753369,24.384761810302734,0.44701826572418213,0,1,0,0,0,0.06181433921803369,-0.9495714439200544,-0.9231914992573881,0,0,0,0,25,False,False,
37,7,1491.606961156846,870.3690940321392,0.11832992983868812,9.73624038696289,0.3525846302509308,0,1,0,0,0,0.013444954565359997,-0.9102760426113174,-0.961339624552469,0,0,0,0,25,False,False,
38,0,1493.9936854562873,870.3963234703546,-0.2010159608246718,10.679393768310547,0.29365745186805725,0,1,0,0,0,-0.015123518797214313,-0.9039217038300451,-0.9414739943465672,0,0,0,0,26,False,False,
38,1,1492.2607954806338,870.5595504061762,0.06100752404323414,9.838479995727539,0.32737335562705994,0,1,0,0,0,-0.01397384674035796,-0.90855730954,-0.9339893662819996,1,0,0,0,26,False,False,
38,2,1488.0954941093255,870.5403435179579,0.7708613151208347,13.69067096710205,0.36605730652809143,0,1,0,0,0,0.0035573624663900066,-0.9196511053999381,-0.9652755420998475,0,0,0,0,26,False,False,
38,3,1471.9671562821036,873.2824964982623,1.0518603126671302,30.046037673950195,0.5261496305465698,0,1,0,0,0,-0.12456353863334219,-0.9625975519970698,-0.7492924347345938,0,0,0,0,26,False,False,
38,4,1489.0895046083801,870.9607364270236,0.5105113718917834,14.572044372558594,0.4647500216960907,0,1,0,0,0,-0.03349119191441553,-0.9170484202245786,-0.9080395916955073,0,0,0,0,26,False,False,
38,5,1449.6117747414876,872.0076817221734,2.430821128407993,51.456546783447266,3.837184190750122,0,2,0,1,1,0.03776392384735472,-0.9290230138755522,-0.9865553711055753,0,0,0,0,26,False,False,
38,6,1476.830761099701,870.2635015257305,0.0,24.384761810302734,0.44491317868232727,0,1,0,0,0,0.06181433921803369,-0.9495714439200544,-0.9231914992573881,1,0,0,0,26,False,False,
38,7,1491.2501677884047,870.3788200593546,0.35692590739411334,10.093185424804688,0.3700476586818695,0,1,0,0,0,0.013665026955801332,-0.9112276815707111,-0.9626589020297678,0,0,0,0,26,False,False,
39,0,1494.2934714156515,870.3750357387203,-0.30054082742625327,10.979949951171875,0.30030521750450134,0,1,0,0,0,-0.01664660556325196,-0.9031204936275111,-0.9419286504816258,0,0,0,0,27,False,False,
39,1,1491.9710574172275,870.5780805138198,0.29033000236913553,10.128742218017578,0.34297114610671997,0,1,0,0,0,-0.014027828233428371,-0.9093311586960735,-0.9337912568694033,0,0,0,0,27,False,False,
39,2,1487.5297427195012,870.5634163044277,0.5662216779350658,14.256814956665039,0.3790140151977539,0,1,0,0,0,0.00499770025760837,-0.9211607774401549,-0.9664560122065299,0,0,0,0,27,False,False,
39,3,1470.8669860500665,873.4033764040342,1.1067910783340766,31.152881622314453,0.5433143377304077,0,1,0,0,0,-0.13883032492582034,-0.9654846676908491,-0.7424751726119644,0,0,0,0,27,False,False,
39,4,1488.4609646773692,871.0147391324899,0.6308555595956581,15.202896118164062,0.4757120907306671,0,1,0,0,0,-0.03397796384590335,-0.9187283507875939,-0.9059579671014169,0,0,0,0,27,False,False,
39,5,1447.0109653232232,871.9333187846344,2.6018723021339265,54.058441162109375,3.85982608795166,0,2,0,1,1,0.03322024041781207,-0.9359528714473743,-0.9731839156996818,0,0,0,0,27,False,False,
39,6,1476.6796975649204,870.2625286807438,0.15106666729558038,24.535888671875,0.45817264914512634,0,1,0,0,0,0.06314494092093305,-0.9499724812490212,-0.9220191869334147,0,0,0,0,27,False,False,
39,7,1490.58472938368,870.3960161623472,0.6656605564706212,10.758811950683594,0.3890877068042755,0,1,0,0,0,0.014865029186333345,-0.9130022080581071,-0.965231708757538,0,0,0,0,27,False,False,
40,0,1494.6598464627098,870.3473342835301,-0.3674208019785622,11.347329139709473,0.30939632654190063,0,1,0,0,0,-0.01936328150869302,-0.9021412735580736,-0.9426982977955591,0,1,0,0,28,False,False,
40,1,1491.5850729729764,870.6025333205363,0.38675823321575176,10.515503883361816,0.3617592453956604,0,1,0,0,0,-0.013802973588791347,-0.9103622818392071,-0.9335493176877709,0,0,0,0,28,False,False,
40,2,1486.7616809440153,870.59158230556,0.7685780471638277,15.025396347045898,0.3950841426849365,0,1,0,0,0,0.007814709674100426,-0.9232101771023548,-0.9684280480849371,0,0,0,0,28,False,False,
40,3,1469.4771822415703,873.575740959111,1.4004514150649328,32.55329895019531,0.5561123490333557,0,1,0,0,0,-0.16541387331341312,-0.9691070990909079,-0.7315157150268315,0,0,0,0,28,False,False,
40,4,1487.807629816977,871.0701410041829,0.6556796528723489,15.858562469482422,0.4910769760608673,0,1,0,0,0,-0.034002229368371356,-0.9204743529061044,-0.9038690458834577,0,0,0,0,28,False,False,
40,5,1444.3991252163878,871.8322311099561,2.613795604412376,56.672210693359375,3.8765690326690674,0,2,0,1,1,0.04448720482254961,-0.9429077682801391,-0.9565922130887453,0,0,0,0,28,False,False,
40,6,1476.6796975649204,870.2625286807438,0.0,24.535888671875,0.4575497806072235,0,1,0,0,0,0.06314494092093305,-0.9499724812490212,-0.9220191869334147,1,0,0,0,28,False,False,
40,7,1489.8404729472998,870.4170875204723,0.7445546623497143,11.503374099731445,0.40630969405174255,0,1,0,0,0,0.01360313078992653,-0.9149872670591452,-0.9678857252652597,0,0,0,0,28,False,False,
41,0,1494.7064163720381,870.3437972681404,-0.046704035507755544,11.394094467163086,0.3079667091369629,0,1,0,0,0,-0.019554307281904926,-0.9020166255531791,-0.9427932718238661,1,0,0,0,29,False,False,
41,1,1491.2823479686945,870.6209778424736,0.3032863805166931,10.818799018859863,0.37606677412986755,0,1,0,0,0,-0.012377506927172198,-0.911170917690235,-0.9334470434623222,0,0,0,0,29,False,False,
41,2,1486.0432130153447,870.6125702860562,0.7187744151356787,15.744209289550781,0.41190284490585327,0,1,0,0,0,0.012879667075675153,-0.9251266284993062,-0.9709204901118669,0,0,0,0,29,False,False,
41,3,1467.8053648293208,873.8050114959624,1.6874650926667287,34.24069595336914,0.5682750344276428,0,1,0,0,0,-0.20265612932451707,-0.9734128842025329,-0.7157119280890489,0,0,0,0,29,False,False,
41,4,1486.882235695679,871.1416797500879,0.9281551981747225,16.7867374420166,0.5061600208282471,0,1,0,0,0,-0.03020314034964871,-0.9229467903772363,-0.9017427339347638,0,0,0,0,29,False,False,
41,5,1441.5707783780092,871.6698184281637,2.8330061273094973,59.5052375793457,3.899088144302368,0,2,0,1,1,0.0649575279469218,-0.9504284042605994,-0.9322790690920101,0,0,0,0,29,False,False,
41,6,1476.7867165483221,870.2630908472718,-0.1070204599108451,24.642946243286133,0.4668465256690979,0,1,0,0,0,0.0620362779720065,-0.9496883544130917,-0.9228326711629307,0,0,0,0,29,False,False,
41,7,1488.9301840153216,870.443687381159,0.9106774908113826,12.414039611816406,0.4244687557220459,0,1,0,0,0,0.013408662549297724,-0.9174151822878582,-0.9710446881550168,0,0,0,0,29,False,False,
42,0,1494.4823938432257,870.3606558033915,0.22465596726163395,11.618725776672363,0.3257545530796051,0,1,0,0,0,-0.019230517242295124,-0.9026153723398844,-0.9423386192620807,0,0,0,0,30,False,False,
42,1,1491.2823479686945,870.6209778424736,0.0,10.818799018859863,0.37842535972595215,0,1,0,0,0,-0.012377506927172198,-0.911170917690235,-0.9334470434623222,1,0,0,0,30,False,False,
42,2,1485.022758083118,870.6282566619262,1.0205754901492974,16.76483726501465,0.42910560965538025,0,1,0,0,0,0.022503972487783762,-0.9278466655293535,-0.9761391573512864,0,0,0,0,30,False,False,
42,3,1466.4933673329774,873.9995372004346,1.326339956463601,35.567047119140625,0.5838745832443237,0,1,0,0,0,-0.24089928149683398,-0.9767317433180044,-0.7015561347497903,0,0,0,0,30,False,False,
42,4,1485.798576859468,871.2145491316766,1.0861060814078147,17.872802734375,0.5231236219406128,0,1,0,0,0,-0.024761217723591106,-0.9258408571936037,-0.900563110693829,0,0,0,0,30,False,False,
42,5,1439.310584341835,871.51729849454,2.2653342824647926,61.770633697509766,3.9203684329986572,0,2,0,1,1,0.08120532211777598,-0.9564263327782756,-0.9101176358698542,0,0,0,0,30,False,False,
42,6,1477.029882910666,870.2637087277047,-0.24316714735296907,24.886110305786133,0.4743988811969757,0,1,0,0,0,0.059541722391513,-0.9490427984400782,-0.9246066012020148,0,0,0,0,30,False,False,
42,7,1487.7222658208666,870.4825640149172,1.2085436513207306,13.622550964355469,0.4447863698005676,0,1,0,0,0,0.011991671066519731,-0.9206373298816545,-0.9747906558591447,0,0,0,0,30,False,False,
43,0,1494.1960682260096,870.3826224504488,0.2871670117843812,11.90594482421875,0.33377206325531006,0,1,0,0,0,-0.02031784617271089,-0.9033809016105241,-0.9417013224140965,0,0,0,0,31,False,False,
43,1,1491.4143830728183,870.6129321138706,-0.1322800153831508,10.95112419128418,0.3820769786834717,0,1,0,0,0,-0.012333420030628872,-0.9108181164080335,-0.9334908732313584,0,0,0,0,31,False,False,
43,2,1483.7067163721956,870.6414435165689,1.316107775990707,18.080944061279297,0.4409901201725006,0,1,0,0,0,0.02723492123574071,-0.9313532263772442,-0.9837187630174342,0,0,0,0,31,False,False,
43,3,1465.7104364984048,874.1233981762166,0.7926677948840062,36.35974884033203,0.5927531719207764,0,1,0,0,0,-0.27096702810274564,-0.9786733493319301,-0.6921733768163519,0,0,0,0,31,False,False,
43,4,1484.7682836439278,871.2730264812617,1.0319514089349464,18.904733657836914,0.5439040064811707,0,1,0,0,0,-0.01880906842328803,-0.928591518032604,-0.900731147439198,0,0,0,0,31,False,False,
43,5,1436.9266563326541,871.3024632147954,2.393588717883672,64.16419982910156,3.9401628971099854,0,2,0,1,1,0.11182317774088422,-0.9627252638208936,-0.8802861860231161,0,0,0,0,31,False,False,
43,6,1477.3607055396553,870.2644722564567,-0.3308235100889334,25.216920852661133,0.4792730510234833,0,1,0,0,0,0.05838507870178596,-0.9481643984522747,-0.9269959132045651,0,0,0,0,31,False,False,
43,7,1486.9005010657427,870.5090277128658,0.8221907564992758,14.444755554199219,0.46367764472961426,0,1,0,0,0,0.012319589177014716,-0.922829476391102,-0.9773415441291236,0,0,0,0,31,False,False,
44,0,1494.1158974071675,870.3888312977673,0.0804108822164869,11.9863862991333,0.3281095325946808,0,1,0,0,0,-0.02082385290288313,-0.9035952964324201,-0.9415178276888766,1,0,0,0,32,False,False,
44,1,1491.6467157440725,870.59862117697,-0.2327730075569252,11.183862686157227,0.38680121302604675,0,1,0,0,0,-0.012664688288271324,-0.9101976028115706,-0.9335867012719594,0,0,0,0,32,False,False,
44,2,1482.2325497068923,870.653512145361,1.4742160658778611,19.55511474609375,0.4618552327156067,0,1,0,0,0,0.030126111660210755,-0.9352802011206574,-0.9925372828000181,0,0,0,0,32,False,False,
44,3,1465.2990597917797,874.1885091087048,0.4164975729619282,36.776248931884766,0.5956956148147583,0,1,0,0,0,-0.28538486752792097,-0.9796796933084962,-0.687240487460784,0,0,0,0,32,False,False,
44,4,1484.2482239247936,871.2999524803542,0.5207562970267751,19.42557144165039,0.5627477169036865,0,1,0,0,0,-0.0159560068336074,-0.9299799914043057,-0.901134662888259,0,0,0,0,32,False,False,
44,5,1434.2818798726564,871.0694171581814,2.6550241030659913,66.81922912597656,3.9570047855377197,0,2,0,1,1,0.13625001000575468,-0.9696741256920097,-0.8478125650693049,0,0,0,0,32,False,False,
44,6,1477.617163869944,870.2652492727287,-0.2564595073861669,25.473392486572266,0.48915231227874756,0,1,0,0,0,0.05807883471104434,-0.9474833615374442,-0.9288729750546654,0,0,0,0,32,False,False,
44,7,1486.0040536031142,870.5323118300547,0.8967497997581133,15.341541290283203,0.48119595646858215,0,1,0,0,0,0.01680352916759868,-0.925220096253446,-0.9807944337522582,0,0,0,0,32,False,False,
45,0,1494.068289561915,870.3925267240749,0.04775105344582414,12.034133911132812,0.3276432752609253,0,1,0,0,0,-0.02096295013635275,-0.9037225585504081,-0.9414082425464666,2,0,0,0,33,False,False,
45,1,1491.567866839521,870.6034290113247,0.07899534809191158,11.262866973876953,0.38840094208717346,0,1,0,0,0,-0.012299639589410086,-0.9104082420914168,-0.9335574790437532,1,0,0,0,33,False,False,
45,2,1480.8850085170182,870.6598700469647,1.347556188557797,20.902664184570312,0.48199060559272766,0,1,0,0,0,0.03423435737012394,-0.9388687578043713,-0.9988487358184648,0,0,0,0,33,False,False,
45,3,1464.7962166731027,874.2685211107754,0.509169050980162,37.28537368774414,0.6048452258110046,0,1,0,0,0,-0.30554799532654014,-0.9808936959099627,-0.6811709541942966,0,0,0,0,33,False,False,
45,4,1484.2474799699278,871.2999909955984,0.0007449511839875838,19.426305770874023,0.5637730360031128,0,1,0,0,0,-0.01595454953613032,-0.9299819481743935,-0.901127359117844,1,0,0,0,33,False,False,
45,5,1431.6142199929284,870.831698752501,2.678230623809331,69.49739837646484,3.975267171859741,0,2,0,1,1,0.17836342381127426,-0.9766018309469733,-0.8147462238506438,0,0,0,0,33,False,False,
45,6,1477.9163616635374,870.2663063461158,-0.29919966092096556,25.7725887298584,0.49775248765945435,0,1,0,0,0,0.057527036069968236,-0.9466888050178449,-0.9310796499175632,0,0,0,0,33,False,False,
45,7,1485.2829671893812,870.5457380572906,0.721211397336567,16.06273651123047,0.49993690848350525,0,1,0,0,0,0.02205001592868522,-0.9271421575412708,-0.984209945151114,0,0,0,0,33,False,False,
46,0,1494.068289561915,870.3925267240749,0.0,12.034133911132812,0.32724854350090027,0,1,0,0,0,-0.02096295013635275,-0.9037225585504081,-0.9414082425464666,3,0,0,0,34,False,False,
46,1,1491.567866839521,870.6034290113247,0.0,11.262866973876953,0.38552233576774597,0,1,0,0,0,-0.012299639589410086,-0.9104082420914168,-0.9335574790437532,2,0,0,0,34,False,False,
46,2,1479.6846319000404,870.6614039733348,1.20037759705736,22.102981567382812,0.502670407295227,0,1,0,0,0,0.03843600725583529,-0.9420640785910606,-0.9906756838430193,0,0,0,0,34,False,False,
46,3,1464.1098597628097,874.3771156454968,0.6948946548061492,37.98031997680664,0.6159564852714539,0,1,0,0,0,-0.3361114142738188,-0.9825173191023499,-0.6729459081905482,0,0,0,0,34,False,False,
46,4,1484.1189816522283,871.3065339831438,0.1286647905903083,19.554889678955078,0.5801854133605957,0,1,0,0,0,-0.015489170900291229,-0.9303247381748678,-0.901244248030669,0,0,0,0,34,False,False,
46,5,1429.5076728057481,870.6478001881406,2.114558992743059,71.61197662353516,3.9929468631744385,0,2,0,1,1,0.23195810762084143,-0.9819569740895531,-0.7890938099130718,0,0,0,0,34,False,False,
46,6,1478.3484948402715,870.2693341350711,-0.4321437838732374,26.204729080200195,0.500247597694397,0,1,0,0,0,0.05847533998463379,-0.9455414011511043,-0.934451326187473,0,1,0,0,34,False,False,
46,7,1484.5780727182523,870.5553430626167,0.7049599077644731,16.767637252807617,0.5175371766090393,0,1,0,0,0,0.02589499587533371,-0.9290203801914039,-0.9879559146418786,0,0,0,0,34,False,False,
47,0,1494.2030601999365,870.3818825858535,-0.13519031973935916,12.169317245483398,0.34050431847572327,0,1,0,0,0,-0.021740884136470604,-0.9033622782264837,-0.9417378519859909,0,0,0,0,35,False,False,
47,1,1491.3535272464826,870.6165354403782,0.21473993486644635,11.477620124816895,0.40068790316581726,0,1,0,0,0,-0.01248811268855516,-0.9109808097707993,-0.9334908732313584,0,0,0,0,35,False,False,
47,2,1479.0155846121968,870.6598437567155,0.6690491070517071,22.772050857543945,0.5208630561828613,0,1,0,0,0,0.04202641133516636,-0.9438445020301569,-0.9858377640491669,0,0,0,0,35,False,False,
47,3,1463.307263430817,874.5082345894142,0.8132361585554989,38.7935676574707,0.6229437589645386,0,1,0,0,0,-0.38415631588363985,-0.9843463760272052,-0.6628373184191199,0,0,0,0,35,False,False,
47,4,1483.6781361329058,871.329561945429,0.44144655277143563,19.996410369873047,0.594697117805481,0,1,0,0,0,-0.016606959676464486,-0.93150173143578,-0.9015527858781499,0,0,0,0,35,False,False,
47,5,1427.2648788563429,870.4200020292058,2.254332872648446,73.86631774902344,3.9993958473205566,0,2,0,1,1,0.3533154202799753,-0.9873464545723465,-0.7579377262525123,0,0,0,0,35,False,False,
47,6,1478.9112127093963,870.2768172555166,-0.5627676228462472,26.76752281188965,0.5023529529571533,0,1,0,0,0,0.060808181012560504,-0.9440476381546322,-0.9392600228598009,0,2,0,0,35,False,False,
47,7,1483.8112369768157,870.5629647107423,0.7668736166180458,17.534521102905273,0.5371266007423401,0,1,0,0,0,0.02907927169281158,-0.9310633325566533,-0.9923838647619577,0,0,0,0,35,False,False,
48,0,1494.1096256807136,870.3892621876773,0.09372549229263574,12.262992858886719,0.33592936396598816,0,1,0,0,0,-0.021798581019411106,-0.9036119322746118,-0.9415032165747735,1,0,0,0,36,False,False,
48,1,1491.1119052636827,870.6313612159223,0.24207640569181396,11.71965217590332,0.4187810719013214,0,1,0,0,0,-0.012714545094794024,-0.9116261002265704,-0.9333959027763247,0,0,0,0,36,False,False,
48,2,1478.0437443136282,870.6590276676656,0.9718406412180425,23.743974685668945,0.5373035073280334,0,1,0,0,0,0.043061680223283674,-0.9464306500142597,-0.9789766667975914,0,0,0,0,36,False,False,
48,3,1462.381736543578,874.6691670268086,0.9394143220157982,39.732994079589844,0.6333503127098083,0,1,0,0,0,-0.45791572399389224,-0.9863181576937536,-0.6500162998430161,0,0,0,0,36,False,False,
48,4,1483.5334937097803,871.3373038172571,0.14484946374442273,20.141267776489258,0.6098368763923645,0,1,0,0,0,-0.01752235361550984,-0.9318878766632585,-0.9016331487923537,0,0,0,0,36,False,False,
48,5,1425.4296645414963,870.243927732371,1.8436414346133365,75.70994567871094,3.994180202484131,0,2,0,1,1,0.5373110196374266,-0.9911584379373735,-0.7336904376808004,0,0,0,0,36,False,False,
48,6,1479.261535525064,870.2832113529848,-0.35038116339164266,27.117801666259766,0.5107094049453735,0,1,0,0,0,0.06291205228285118,-0.943118200117547,-0.9424636659576149,0,3,0,0,36,False,False,
48,7,1483.4327549325974,870.5668766422117,0.3785022602355956,17.913082122802734,0.5537430644035339,0,1,0,0,0,0.029255124507960455,-0.9320717755305171,-0.9945458478036605,0,0,0,0,36,False,False,
49,0,1493.9645679044622,870.40072608097,0.1455100659762654,12.40846061706543,0.35153928399086,0,1,0,0,0,-0.021916499398334583,-0.9039996222605841,-0.941151692250731,0,0,0,0,37,False,False,
49,1,1491.1119052636827,870.6313612159223,0.0,11.71965217590332,0.41766560077667236,0,1,0,0,0,-0.012714545094794024,-0.9116261002265704,-0.9333959027763247,1,0,0,0,37,False,False,
49,2,1476.9609773816492,870.6673910225217,1.0827992310172896,24.826770782470703,0.5553796887397766,0,1,0,0,0,0.039751197337547714,-0.9493127815825642,-0.9724451771989037,0,0,0,0,37,False,False,
49,3,1461.1632001226299,874.8802029989454,1.2366758632369081,40.969635009765625,0.633449137210846,0,1,0,0,0,-0.5793800829614624,-0.9885919738979483,-0.6332374095290105,0,0,0,0,37,False,False,
49,4,1483.5334937097803,871.3373038172571,0.0,20.141267776489258,0.6031932830810547,0,1,0,0,0,-0.01752235361550984,-0.9318878766632585,-0.9016331487923537,1,0,0,0,37,False,False,
49,5,1424.0186766313388,870.126354578445,1.415877935817417,77.12584686279297,3.9951088428497314,0,2,0,1,1,0.7948470872501565,-0.9931119680134335,-0.7171719103450318,0,0,0,0,37,False,False,
49,6,1479.5548395123762,870.2891361451309,-0.2933638221309808,27.411195755004883,0.5170839428901672,0,1,0,0,0,0.06328298077155901,-0.9423397282071914,-0.9452126564936436,0,0,0,0,37,False,False,
49,7,1482.745950016211,870.5739443495456,0.6868412812719509,18.599885940551758,0.5712485313415527,0,1,0,0,0,0.030094647586894514,-0.9339012637384693,-0.9984826175766964,0,0,0,0,37,False,False,
50,0,1493.9645679044622,870.40072608097,0.0,12.40846061706543,0.3527108132839203,0,1,0,0,0,-0.021916499398334583,-0.9039996222605841,-0.941151692250731,1,0,0,0,38,False,False,
50,1,1490.999559619187,870.6383641199391,0.11256369086807898,11.832298278808594,0.4334597587585449,0,1,0,0,0,-0.013378045032245546,-0.9119264219145342,-0.9333374583199121,0,0,0,0,38,False,False,
50,2,1476.4074169701728,870.6730133385435,0.5535889626711055,25.380266189575195,0.5696389079093933,0,1,0,0,0,0.03934795952046639,-0.9507860316357186,-0.9692634507722444,0,0,0,0,38,False,False,
50,3,1459.6608395207068,875.15590216893,1.527448005838777,42.49704360961914,3.845332384109497,0,2,1,1,1,-0.16158020463938227,-0.9019814266339693,-0.6106885405871809,0,0,0,0,38,False,False,
50,4,1483.6649957472923,871.3302482007285,-0.1316911826752584,20.273046493530273,0.614533543586731,0,1,0,0,0,-0.017515445960241828,-0.9315365970216852,-0.9015600896485648,0,0,0,0,38,False,False,
50,5,1422.3219813281726,869.9855125803952,1.7025308867099986,78.82833862304688,3.98646879196167,0,2,0,1,1,1.0,-0.9930552961065227,-0.6953553337191325,0,0,0,1,38,False,False,
50,6,1479.5286099127175,870.2886081015891,0.026234914298417265,27.43744468688965,0.5188360810279846,0,1,0,0,0,0.06331489844848066,-0.9424093923270875,-0.9449780246556994,1,0,0,0,38,False,False,
50,7,1481.9734340257687,870.5792569268867,0.7725342574715115,19.372488021850586,0.589358389377594,0,1,0,0,0,0.03330545082501999,-0.935958802344882,-0.9967817406515026,0,0,0,0,38,False,False,
51,0,1493.650637272853,870.4260654375068,0.31495162239999996,12.723450660705566,0.3623390793800354,0,1,0,0,0,-0.02318708978369178,-0.904839038326055,-0.9402935242398848,0,0,0,0,39,False,False,
51,1,1490.8034485811488,870.650938673091,0.19651376192887643,12.028745651245117,0.4516906142234802,0,1,0,0,0,-0.014597393002082034,-0.9124501453749135,-0.9331978005102748,0,0,0,0,39,False,False,
51,2,1475.818413282472,870.6775129409987,0.5890208744580459,25.96939468383789,0.5805203318595886,0,1,0,0,0,0.04230128737804806,-0.9523536761061293,-0.9657009724334265,0,0,0,0,39,False,False,
51,3,1457.9726015630372,875.4814973706684,1.7193486083721805,44.216392517089844,3.8619332313537598,0,2,0,1,1,-0.17543243941336187,-0.9064012890769952,-0.5826595569392794,0,0,0,0,39,False,False,
51,4,1483.8442104884741,871.3203873676897,-0.17948581973255054,20.452518463134766,0.6193058490753174,0,1,0,0,0,-0.018255744863049966,-0.9310582058335007,-0.9014934909827165,0,0,0,0,39,False,False,
51,5,1421.1643824009357,869.891612835227,1.1614010670232873,79.98973846435547,3.9816083908081055,0,2,0,1,1,1.0,-0.9914946022405187,-0.678245301031401,0,0,0,2,39,False,False,
51,6,1479.3760549968472,870.2854486424576,0.15258762904702508,27.589942932128906,0.534257173538208,0,1,0,0,0,0.06413575815941183,-0.9428140041831709,-0.9435337004828664,0,0,0,0,39,False,False,
51,7,1481.6394921503554,870.5816031313464,0.33395011727782525,19.706357955932617,0.6044617891311646,0,1,0,0,0,0.03367942231503112,-0.9368478913343452,-0.9947293429755395,0,0,0,0,39,False,False,
52,0,1493.0285175117567,870.4799553068262,0.6244494496447341,13.347850799560547,0.37670382857322693,0,1,0,0,0,-0.027400614652248124,-0.9065025904283883,-0.9381753772204463,0,0,0,0,40,False,False,
52,1,1490.2965551478462,870.6862078217521,0.5081189482518709,12.536930084228516,0.47035378217697144,0,1,0,0,0,-0.018341476754110256,-0.9138047486776284,-0.9325012051935839,0,0,0,0,40,False,False,
52,2,1475.4295888752274,870.6790173254631,0.38882731750961064,26.358192443847656,0.5969223976135254,0,1,0,0,0,0.04569413462399975,-0.9533878604655747,-0.9631793099649271,0,0,0,0,40,False,False,
52,3,1456.7838272003835,875.726214649938,1.2137013768121585,45.43015670776367,3.872081995010376,0,2,0,1,1,-0.1898574064140727,-0.9094999807778151,-0.5553603214367919,0,0,0,0,40,False,False,
52,4,1484.1581436509562,871.3024367000868,-0.3144459523881688,20.766996383666992,0.6219694018363953,0,1,0,0,0,-0.019389301540705776,-0.9302199928919025,-0.9014569649840952,0,0,0,0,40,False,False,
52,5,1419.7140267807074,869.790772104425,1.4538570349647162,81.44367980957031,7.193633079528809,0,3,1,2,2,0.12690702216927624,-0.913365802652539,-0.6588205019665581,0,0,0,0,40,False,False,
52,6,1479.3760549968472,870.2854486424576,0.0,27.589942932128906,0.5300880670547485,0,1,0,0,0,0.06413575815941183,-0.9428140041831709,-0.9435337004828664,1,0,0,0,40,False,False,
52,7,1481.4088039168876,870.5829761005647,0.23069231912875424,19.937074661254883,0.6189962029457092,0,1,0,0,0,0.03470195071536245,-0.9374622268404078,-0.9932850156760924,0,0,0,0,40,False,False,
53,0,1492.1038942586804,870.5604350165368,0.9281191431085185,14.276025772094727,0.3921867907047272,0,1,0,0,0,-0.028415712257891024,-0.9089753290381345,-0.934979034319774,0,0,0,0,41,False,False,
53,1,1489.484489452546,870.7427787322096,0.8140337593695842,13.350910186767578,0.4856511056423187,0,1,0,0,0,-0.018870034584658572,-0.9159744329697447,-0.9313800264090617,0,0,0,0,41,False,False,
53,2,1474.7589343357356,870.6792026770228,0.6706545651050352,27.028846740722656,0.6094664335250854,0,1,0,0,0,0.04989374150964383,-0.9551709921641498,-0.9585321859867545,0,0,0,0,41,False,False,
53,3,1455.3148008468083,876.0532582705964,1.5049903512354288,46.935123443603516,3.883821725845337,0,2,0,1,1,-0.20917552830128192,-0.9133077627996747,-0.5186637490462219,0,0,0,0,41,False,False,
53,4,1484.3355020130602,871.2923851411965,-0.1776429633968148,20.944528579711914,0.627356767654419,0,1,0,0,0,-0.018939006020079002,-0.9297467872619687,-0.901427742755889,0,0,0,0,41,False,False,
53,5,1418.3110864609614,869.6903244516933,1.4065316461808117,82.85022735595703,7.201992034912109,0,3,0,2,2,0.13397617796512754,-0.9170373755548886,-0.6396887684762522,0,0,0,0,41,False,False,
53,6,1479.1537502653414,870.2807868530804,0.22235360561506717,27.81228256225586,0.5421745181083679,0,1,0,0,0,0.06497480172435972,-0.9434038463316352,-0.9414228536605697,0,0,0,0,41,False,False,
53,7,1481.4088039168876,870.5829761005647,0.0,19.937074661254883,0.6173596978187561,0,1,0,0,0,0.03470195071536245,-0.9374622268404078,-0.9932850156760924,1,0,0,0,41,False,False,
54,0,1491.4698891490932,870.6185692530121,0.6366648006865259,14.912721633911133,0.40548717975616455,0,1,0,0,0,-0.031950758985261514,-0.9106710823986439,-0.9324281460497951,0,0,0,0,42,False,False,
54,1,1488.7301127396133,870.7921283582746,0.7559891603772276,14.106914520263672,0.5054692625999451,0,1,0,0,0,-0.016576701593473016,-0.9179897810149664,-0.9307272751544997,0,0,0,0,42,False,False,
54,2,1473.9798163696128,870.6793842325287,0.779117987276542,27.807899475097656,0.6275489330291748,0,1,0,0,0,0.05234430072953368,-0.9572417727855527,-0.9531291789430041,0,0,0,0,42,False,False,
54,3,1453.5735100766217,876.4659917457085,1.7895369422885465,48.72469711303711,3.900287628173828,0,2,0,1,1,-0.2302859348046468,-0.9177876030167977,-0.47216746061938486,0,0,0,0,42,False,False,
54,4,1484.2512323487274,871.2971415939668,0.08440379238948391,21.02889060974121,0.6211314797401428,0,1,0,0,0,-0.01885326560409971,-0.9299716562827547,-0.9014496612136802,1,0,0,0,42,False,False,
54,5,1416.835893759628,869.5978351374689,1.4780892325271646,84.32821655273438,7.212769031524658,0,3,0,2,2,0.13468546120900365,-0.9208949504140036,-0.6211425944113093,0,0,0,0,42,False,False,
54,6,1478.6204132158766,870.2674079984689,0.533504828546615,28.345897674560547,0.5590651631355286,0,1,0,0,0,0.06933235041571871,-0.9448186040161584,-0.9361156710841471,0,0,0,0,42,False,False,
54,7,1481.4867076622943,870.5824893312367,-0.07790526614283154,20.014957427978516,0.6140698194503784,0,1,0,0,0,0.034397273485983405,-0.937254854150231,-0.9937761987030905,2,0,0,0,42,False,False,
55,0,1490.6707853042046,870.6993245699772,0.803173938903652,15.715863227844238,0.4243359863758087,0,1,0,0,0,-0.03878628082468967,-0.9128089161444596,-0.9283233484645731,0,0,0,0,43,False,False,
55,1,1488.498294850874,870.8073064065331,0.23231424125219435,14.339223861694336,0.5198560953140259,0,1,0,0,0,-0.016739216228569376,-0.9186090582376139,-0.9305218619714886,0,0,0,0,43,False,False,
55,2,1473.7247483186381,870.6789871667764,0.25506836003146915,28.063026428222656,0.6367810368537903,0,1,0,0,0,0.05434612275447535,-0.9579196808245167,-0.9513114119883372,0,0,0,0,43,False,False,
55,3,1451.8268901342162,876.8965944126418,1.7989163071077836,50.52357482910156,3.917172431945801,0,2,0,1,1,-0.2502334541661311,-0.922239315980322,-0.42353384026931384,0,0,0,0,43,False,False,
55,4,1483.853848418979,871.3181913953869,0.39794105312482625,21.426786422729492,0.6362974643707275,0,1,0,0,0,-0.01690568874527369,-0.9310323443493601,-0.9016915932487662,0,0,0,0,43,False,False,
55,5,1415.8957524084162,869.5474340612208,0.9414913853804324,85.2697525024414,7.2273335456848145,0,3,0,2,2,0.1331150353591296,-0.9233527371012012,-0.6103462210148942,0,0,0,0,43,False,False,
55,6,1477.7818217708393,870.2433906094892,0.8389353054098092,29.184741973876953,0.5748825669288635,0,1,0,0,0,0.07461065400834867,-0.947040804725176,-0.927406732424041,0,0,0,0,43,False,False,
55,7,1481.248389652355,870.5837129073177,0.23832115097037324,20.25324249267578,0.6311126947402954,0,1,0,0,0,0.0354655753597121,-0.9378893029652884,-0.9922661227301568,0,0,0,0,43,False,False,
56,0,1489.5730859123244,870.8100172596758,1.1032664349499641,16.819082260131836,0.4376722276210785,0,1,0,0,0,-0.03999776900189305,-0.9157452320744637,-0.9227157751035592,0,0,0,0,44,False,False,
56,1,1488.4340002697043,870.8114915044655,0.06443064653169345,14.403688430786133,0.5185632705688477,0,1,0,0,0,-0.016531535572778467,-0.9187809090630648,-0.930470721285491,1,0,0,0,44,False,False,
56,2,1473.1591263646958,870.674444876275,0.5656401923348416,28.628597259521484,0.6531780958175659,0,1,0,0,0,0.06063893305947027,-0.9594212673413753,-0.9468323211822606,0,0,0,0,44,False,False,
56,3,1449.8116080216023,877.3960139907025,2.0762422566675354,52.599788665771484,3.933347225189209,0,2,0,1,1,-0.2696335046638448,-0.9273199957152026,-0.36711311427853666,0,0,0,0,44,False,False,
56,4,1483.853848418979,871.3181913953869,0.0,21.426786422729492,0.6325830817222595,0,1,0,0,0,-0.01690568874527369,-0.9310323443493601,-0.9016915932487662,1,0,0,0,44,False,False,
56,5,1415.1529814631913,869.5148789585571,0.7434840359951883,86.01325988769531,7.244070053100586,0,3,0,2,2,0.130248413728434,-0.9252951498047532,-0.6026847516597997,0,0,0,0,44,False,False,
56,6,1476.8498876080776,870.2137433240541,0.9324056227073432,30.117219924926758,0.5934841632843018,0,1,0,0,0,0.08039364970358001,-0.9495085356165343,-0.9173712160894945,0,0,0,0,44,False,False,
56,7,1481.248389652355,870.5837129073177,0.0,20.25324249267578,0.628840982913971,0,1,0,0,0,0.0354655753597121,-0.9378893029652884,-0.9922661227301568,1,0,0,0,44,False,False,
57,0,1488.1845238648636,870.9633653486352,1.3970040071653094,18.21607780456543,0.45029962062835693,0,1,0,0,0,-0.04816769794807543,-0.9194603592650007,-0.9140214582773759,0,0,0,0,45,False,False,
57,1,1488.4340002697043,870.8114915044655,0.0,14.403688430786133,0.5166131258010864,0,1,0,0,0,-0.016531535572778467,-0.9187809090630648,-0.930470721285491,2,0,0,0,45,False,False,
57,2,1472.8436448832,870.6719375538847,0.31549144494303827,28.94415855407715,0.6614305973052979,0,1,0,0,0,0.06186680614211658,-0.9602588782568683,-0.9443325735982793,0,0,0,0,45,False,False,
57,3,1447.5439173894842,877.9985391192246,2.3463710988453363,54.946170806884766,3.9460015296936035,0,2,0,1,1,-0.30563403613342516,-0.9329271499010876,-0.29876285849506534,0,0,0,0,45,False,False,
57,4,1483.9914985274427,871.3107249313387,-0.13785245897500004,21.56456184387207,0.6415516138076782,0,1,0,0,0,-0.017619311290957285,-0.9306650856468459,-0.9016258450219388,0,0,0,0,45,False,False,
57,5,1414.1085972681763,869.485817008995,1.0447884684037894,87.05797576904297,7.258728981018066,0,3,0,2,2,0.12469459345570992,-0.9280297591492246,-0.5939247151929745,0,0,0,0,45,False,False,
57,6,1476.0325273700325,870.1909914912924,0.8176768338597321,30.934919357299805,0.6087392568588257,0,1,0,0,0,0.08136906550141135,-0.9516720421105321,-0.9089562077360392,0,0,0,0,45,False,False,
57,7,1480.9371393308857,870.5862403777452,0.31126058330848,20.564531326293945,0.645645022392273,0,1,0,0,0,0.034019754751778916,-0.9387182352311476,-0.990397216876129,0,0,0,0,45,False,False,
58,0,1486.514383753112,871.179741296404,1.6840981395555192,19.90019989013672,0.47189098596572876,0,1,0,0,0,-0.06371268267334484,-0.9239301343414722,-0.8997487831718385,0,0,0,0,46,False,False,
58,1,1488.5156249327995,870.8060854476938,-0.08180349060539835,14.485529899597168,0.5151700377464294,0,1,0,0,0,-0.017207534725738723,-0.9185627423686331,-0.9305446237217544,3,0,0,0,46,False,False,
58,2,1472.357672633504,870.6690219813198,0.48598099555241164,29.430130004882812,0.6768468022346497,0,1,0,0,0,0.06266747793970859,-0.9615487270529974,-0.9406012152216179,0,0,0,0,46,False,False,
58,3,1445.0189371791732,878.6558358936596,2.609130911270173,57.55534362792969,3.956681728363037,0,2,0,1,1,-0.33567378375237744,-0.9390314015215974,-0.2242866403147774,0,0,0,0,46,False,False,
58,4,1484.1507163354458,871.301787906146,-0.1594684320002643,21.7241153717041,0.6533108949661255,0,1,0,0,0,-0.018702404731005925,-0.9302397948400195,-0.9015893190233175,0,0,0,0,46,False,False,
58,5,1412.8360626175831,869.4652406433191,1.2727009954362773,88.33072662353516,7.2709760665893555,0,3,0,2,2,0.12304335909354967,-0.9313635182621801,-0.5850178029046538,0,0,0,0,46,False,False,
58,6,1474.9152096709174,870.1724065527427,1.1174722550008807,32.05238342285156,0.6276457905769348,0,1,0,0,0,0.07910519535747149,-0.9546303902769345,-0.8989572174001139,0,0,0,0,46,False,False,
58,7,1480.5357104643786,870.5898699674589,0.4014452749586459,20.965913772583008,0.6577537655830383,0,1,0,0,0,0.034028111921231625,-0.939787084916155,-0.9880371262084667,0,0,0,0,46,False,False,
59,0,1485.1077000281393,871.3888696814618,1.4221440797401657,21.32239532470703,0.49057772755622864,0,1,0,0,0,-0.07960637158628098,-0.9276945218587044,-0.8845092017787926,0,0,0,0,47,False,False,
59,1,1488.2816427250648,870.8214471888313,0.23448594121435767,14.720043182373047,0.5262049436569214,0,1,0,0,0,-0.01697233547039395,-0.9191878905356983,-0.9303319139148747,0,0,0,0,47,False,False,
59,2,1471.9976525238394,870.6680967740948,0.36002129849687653,29.790117263793945,0.6927998661994934,0,1,0,0,0,0.06202993082654429,-0.9625042536541302,-0.9379845787248114,0,0,0,0,47,False,False,
59,3,1442.8535860414174,879.248658884865,2.2450355562177555,59.800315856933594,3.9641335010528564,0,2,0,1,1,-0.3787224802398517,-0.9440818818248051,-0.156924265932482,0,0,0,0,47,False,False,
59,4,1483.992889789542,871.3103953778472,0.1580610868019117,21.882190704345703,0.6701398491859436,0,1,0,0,0,-0.017800169044023543,-0.9306611591923323,-0.901655067250145,0,0,0,0,47,False,False,
59,5,1411.5637547912395,869.4422869537755,1.2725148631112284,89.603271484375,7.28405237197876,0,3,0,2,2,0.1306500694852995,-0.9346892206973343,-0.5758184539378786,0,0,0,0,47,False,False,
59,6,1473.5043146619917,870.1753918229226,1.4108981671437693,33.46327590942383,0.6482491493225098,0,1,0,0,0,0.07322913258196403,-0.9583699617147926,-0.8895014003228867,0,0,0,0,47,False,False,
59,7,1480.5357104643786,870.5898699674589,0.0,20.965913772583008,0.6558771729469299,0,1,0,0,0,0.034028111921231625,-0.939787084916155,-0.9880371262084667,1,0,0,0,47,False,False,
60,0,1483.4247404280907,871.6840516753477,1.7086501762826,23.031076431274414,0.5056455731391907,0,1,0,0,0,-0.10262533269994346,-0.9321956125786568,-0.8608829981145696,0,0,0,0,48,False,False,
60,1,1488.2816427250648,870.8214471888313,0.0,14.720043182373047,0.5283371806144714,0,1,0,0,0,-0.01697233547039395,-0.9191878905356983,-0.9303319139148747,1,0,0,0,48,False,False,
60,2,1471.4506482999027,870.6685483517746,0.5470044103359427,30.337114334106445,0.7078850269317627,0,1,0,0,0,0.06228873432612166,-0.9639562011346159,-0.9342313054636319,0,0,0,0,48,False,False,
60,3,1440.8981385219306,879.7934263338889,2.029912947636728,61.83021926879883,3.9723408222198486,0,2,0,1,1,-0.41930954590975617,-0.9484609179102711,-0.09496330848736423,0,0,0,0,48,False,False,
60,4,1483.8294568630251,871.3189489044989,0.16365660477970861,22.045866012573242,0.6838721632957458,0,1,0,0,0,-0.016506666286775207,-0.9310974816680901,-0.9017646523925551,0,0,0,0,48,False,False,
60,5,1410.3946501449166,869.4157586419767,1.1694055863474797,90.77263641357422,7.298123836517334,0,3,0,2,2,0.1402507056539144,-0.9377357429879094,-0.5667281612690802,0,0,0,0,48,False,False,
60,6,1471.9969086139943,870.1971942346429,1.5075637096640888,34.97075653076172,0.6654471755027771,0,1,0,0,0,0.07234001871032028,-0.9623664800585335,-0.8816141001017326,0,0,0,0,48,False,False,
60,7,1480.5507535386805,870.5897364869888,-0.0150436664910202,20.980928421020508,0.657791018486023,0,1,0,0,0,0.03411235997482309,-0.9397471036424434,-0.9881247964663586,2,0,0,0,48,False,False,
61,0,1481.5358779862697,872.0401512489995,1.9221363714566506,24.953142166137695,0.517327606678009,0,1,0,0,0,-0.11971331932821715,-0.9372375388349454,-0.8313999781372853,0,0,0,0,49,False,False,
61,1,1488.0147539136376,870.8393163587483,0.26748634525617737,14.987483024597168,0.5446680784225464,0,1,0,0,0,-0.017953917649027554,-0.919900786585145,-0.930053448734621,0,0,0,0,49,False,False,
61,2,1471.4240507411196,870.6685780543839,0.02659757536812642,30.363725662231445,0.7048377990722656,0,1,0,0,0,0.0622241991925146,-0.964026834910053,-0.9340551145088271,1,0,0,0,49,False,False,
61,3,1439.4694931946665,880.1865029935132,1.4817343660234086,63.31203079223633,3.9829294681549072,0,2,0,1,1,-0.4489195200064993,-0.9515336364026212,-0.050281899810450725,0,0,0,0,49,False,False,
61,4,1483.8294568630251,871.3189489044989,0.0,22.045866012573242,0.6835187077522278,0,1,0,0,0,-0.016506666286775207,-0.9310974816680901,-0.9017646523925551,1,0,0,0,49,False,False,
61,5,1408.9337232048194,869.3687264498362,1.4616838069156453,92.23432922363281,7.316494941711426,0,3,0,2,2,0.15596264839589746,-0.9415243722788063,-0.553698063331665,0,0,0,0,49,False,False,
61,6,1470.2324215334247,870.2165418802217,1.7645931510935497,36.735389709472656,0.6786354184150696,0,1,0,0,0,0.08518741815897089,-0.9670353369989695,-0.8716516429109747,0,0,0,0,49,False,False,
61,7,1480.5032269157361,870.5901901537104,0.04752878813920376,21.02853775024414,0.6574260592460632,0,1,0,0,0,0.03375452915556518,-0.9398738901430639,-0.98785363505652,3,0,0,0,49,False,False,
62,0,1479.6033785510667,872.4483416992638,1.9751388585988934,26.928279876708984,0.5330315232276917,0,1,0,0,0,-0.14573223869345686,-0.9423785445153462,-0.7959943864735659,0,0,0,0,50,False,False,
62,1,1487.4382295265,870.8782406899938,0.5778368909367525,15.56533432006836,0.5625193119049072,0,1,0,0,0,-0.0186694453217042,-0.9214410733204668,-0.9294079941039277,0,0,0,0,50,False,False,
62,2,1471.4240507411196,870.6685780543839,0.0,30.363725662231445,0.7037756443023682,0,1,0,0,0,0.0622241991925146,-0.964026834910053,-0.9340551145088271,2,0,0,0,50,False,False,
62,3,1437.7678467009173,880.6620058045105,1.766834376209428,65.07886505126953,3.9906859397888184,0,2,0,1,1,-0.49490215549911654,-0.9550046630579196,0.0038114532953754665,0,0,0,0,50,False,False,
62,4,1483.6485308157485,871.3283707059395,0.18117120335630674,22.227018356323242,0.6943081021308899,0,1,0,0,0,-0.01645566915398212,-0.9315803954778062,-0.9018970064317774,0,0,0,0,50,False,False,
62,5,1407.4069469739802,869.2937775624406,1.528614730655626,93.76290130615234,7.332556247711182,0,3,0,2,2,0.17901706208310644,-0.9454514040390857,-0.5369907814125303,0,0,0,0,50,False,False,
62,6,1468.1901513420744,870.2623516852669,2.0427839025987593,38.77813720703125,0.6879135370254517,0,1,0,0,0,0.09324716351355468,-0.9724339169259979,-0.8629207929396239,0,0,0,0,50,False,False,
62,7,1480.5032269157361,870.5901901537104,0.0,21.02853775024414,0.6587780714035034,0,1,0,0,0,0.03375452915556518,-0.9398738901430639,-0.98785363505652,4,0,0,0,50,False,False,
63,0,1477.9799784189504,872.8309910765443,1.6678874467086358,28.596176147460938,0.5509942173957825,0,1,0,0,0,-0.17382949364071895,-0.9466739891705542,-0.7614899457239812,0,0,0,0,51,False,False,
63,1,1486.5816980537384,870.9313793384773,0.8581782331157864,16.42354965209961,0.5789148211479187,0,1,0,0,0,-0.01565423125467286,-0.9237289749553595,-0.9290044786548668,0,0,0,0,51,False,False,
63,2,1471.403827008077,870.6686034247821,0.020223748955776878,30.383989334106445,0.697109043598175,0,1,0,0,0,0.062231032765107996,-0.9640806071393372,-0.9339090033677957,3,0,0,0,51,False,False,
63,3,1436.2800730580475,881.0687803218708,1.5423799533161475,66.62126922607422,3.995511531829834,0,2,0,1,1,-0.5347030181412467,-0.9578545770691838,0.05002971248128896,0,0,0,0,51,False,False,
63,4,1483.6485308157485,871.3283707059395,0.0,22.227018356323242,0.6919379830360413,0,1,0,0,0,-0.01645566915398212,-0.9315803954778062,-0.9018970064317774,1,0,0,0,51,False,False,
63,5,1405.6732089160587,869.1915506166051,1.736749262829956,95.49967956542969,7.3464531898498535,0,3,0,2,2,0.20216417862042893,-0.949870408356996,-0.5159689865042332,0,0,0,0,51,False,False,
63,6,1466.696762110179,870.3150169099598,1.4943175779709612,40.2724723815918,0.7057143449783325,0,1,0,0,0,0.0993938434319413,-0.976377313662708,-0.8588305957486854,0,0,0,0,51,False,False,
63,7,1480.1882983124915,870.5939979497546,0.31495162239999996,21.343379974365234,0.6720996499061584,0,1,0,0,0,0.03258973452453833,-0.9407123815033445,-0.986116231016057,0,0,0,0,51,False,False,
64,0,1476.463860784004,873.2158447417575,1.5642010825413644,30.16036605834961,0.5653206706047058,0,1,0,0,0,-0.2001180310492512,-0.9506563894993088,-0.7259739399184699,0,0,0,0,52,False,False,
64,1,1486.2495136376208,870.9520698838029,0.33282816133442683,16.75634765625,0.5908527970314026,0,1,0,0,0,-0.015997025055565297,-0.924616156960786,-0.9288437528264591,0,0,0,0,52,False,False,
64,2,1471.3314001431584,870.668753648024,0.07242702071030746,30.456377029418945,0.6955588459968567,0,1,0,0,0,0.06204056268300601,-0.9642727390997755,-0.9334324287749459,4,0,0,0,52,False,False,
64,3,1435.3107025850222,881.3321413548072,1.0045089086925367,67.62577056884766,3.9995524883270264,0,2,0,1,1,-0.5650724377978475,-0.9595967436159828,0.0799417253455299,0,0,0,0,52,False,False,
64,4,1483.3339687441965,871.3440304502943,0.31495162239999996,22.54198455810547,0.7082194089889526,0,1,0,0,0,-0.015186889276430785,-0.932420067255952,-0.9022120047571986,0,0,0,0,52,False,False,
64,5,1403.6607098221248,869.0791166729948,2.015637366879528,97.51526641845703,7.363120079040527,0,3,0,2,2,0.2236997828311663,-0.9549510394875488,-0.49231803434984667,0,0,0,0,52,False,False,
64,6,1464.920414989393,870.4142814449402,1.7791184731291867,42.051612854003906,0.7261193990707397,0,1,0,0,0,0.10785704162473893,-0.9810673239248928,-0.8583540211558356,0,0,0,0,52,False,False,
64,7,1479.563921709371,870.6035359074633,0.6244494496447341,21.96784210205078,0.6908188462257385,0,1,0,0,0,0.03144583847924688,-0.9423756379672868,-0.9829125843449699,0,0,0,0,52,False,False,
65,0,1475.132335396695,873.5732833026344,1.3786668132114057,31.539060592651367,0.581925094127655,0,1,0,0,0,-0.22525872632638386,-0.9541215661476811,-0.6924518348500592,0,0,0,0,53,False,False,
65,1,1485.6088099639924,870.9928788600538,0.6420020015106075,17.39838981628418,0.6093035936355591,0,1,0,0,0,-0.01728117236004765,-0.9263276578410777,-0.9284183189196068,0,0,0,0,53,False,False,
65,2,1470.9452337901378,870.6695036213636,0.386167081281269,30.842607498168945,0.7054866552352905,0,1,0,0,0,0.0639663879483076,-0.965297638909312,-0.9308303998189694,0,0,0,0,53,False,False,
65,3,1434.05372184112,881.665312926358,1.3003860529206592,68.9261245727539,4.002806663513184,0,2,0,1,1,-0.6056600894681803,-0.9617087705607397,0.11772877495731215,0,0,0,0,53,False,False,
65,4,1483.3339687441965,871.3440304502943,0.0,22.54198455810547,0.707429051399231,0,1,0,0,0,-0.015186889276430785,-0.932420067255952,-0.9022120047571986,1,0,0,0,53,False,False,
65,5,1401.6243699986433,868.9687273955253,2.0393297107816575,99.55463409423828,7.378706455230713,0,3,0,2,2,0.25232621053602694,-0.960016727097146,-0.46879131775797855,0,0,0,0,53,False,False,
65,6,1463.5760226728485,870.4892203595386,1.3464793135082356,43.39805603027344,0.7387264966964722,0,1,0,0,0,0.13299512832249022,-0.9845944061410422,-0.8579659779797182,0,0,0,0,53,False,False,
65,7,1478.8705715556166,870.6190388363722,0.693523450588359,22.661375045776367,0.705833375453949,0,1,0,0,0,0.02783090750852403,-0.9442233481019473,-0.9799435712984634,0,0,0,0,53,False,False,
66,0,1474.319676201832,873.801139332851,0.8439984226890248,32.383018493652344,0.5955851674079895,0,1,0,0,0,-0.244007212639796,-0.9562165481984289,-0.6708350470751587,0,0,0,0,54,False,False,
66,1,1484.802935969202,871.0405474005041,0.8072825931654386,18.205585479736328,0.624941885471344,0,1,0,0,0,-0.014833592477483788,-0.9284796099892738,-0.9283233484645731,0,0,0,0,54,False,False,
66,2,1470.4680481412277,870.6712648134087,0.47718889899414996,31.31978416442871,0.7169705629348755,0,1,0,0,0,0.06524079037614539,-0.9665636791005362,-0.9277217307494623,0,0,0,0,54,False,False,
66,3,1433.312724244895,881.8641172064845,0.7672030887633908,69.69331359863281,4.001552104949951,0,2,0,1,1,-0.6362034680143293,-0.9628538282006537,0.14029996971007774,0,0,0,0,54,False,False,
66,4,1483.4716547612925,871.337258364817,-0.13785245897500004,22.679845809936523,0.7202329039573669,0,1,0,0,0,-0.014727148048633391,-0.9320525346180605,-0.9020658864696209,0,0,0,0,54,False,False,
66,5,1399.8028367600646,868.8835541770627,1.8235234619795633,101.37815856933594,7.393639087677002,0,3,0,2,2,0.28064857001697113,-0.9644683913583849,-0.4493592292158135,0,0,0,0,54,False,False,
66,6,1462.2095098863294,870.5782624899251,1.369410711475518,44.76753234863281,0.750137448310852,0,1,0,0,0,0.16593678925878805,-0.9881517621940614,-0.8591163718459003,0,0,0,0,54,False,False,
66,7,1477.9166101008284,870.6467392166791,0.9543635409480047,23.61575698852539,0.7220121026039124,0,1,0,0,0,0.024709437431601106,-0.9467665379086871,-0.9766230339279146,0,0,0,0,54,False,False,
67,0,1473.2726580182152,874.0955039352554,1.0876109580050217,33.470611572265625,0.6011465787887573,0,1,0,0,0,-0.2612854343765485,-0.9588912142783713,-0.642891336018834,0,0,0,0,55,False,False,
67,1,1483.6978411200848,871.1102525191583,1.1072910318032863,19.312883377075195,0.6358688473701477,0,1,0,0,0,-0.018068690674463837,-0.931431266146171,-0.9276705900634648,0,0,0,0,55,False,False,
67,2,1470.004690784439,870.6719623394798,0.4633578818071355,31.78316307067871,0.7299565076828003,0,1,0,0,0,0.06918517668388233,-0.9677923290255815,-0.9245773789738085,0,0,0,0,55,False,False,
67,3,1432.5538258597592,882.0737959878462,0.7873321727931675,70.48065185546875,3.9991390705108643,0,2,0,1,1,-0.6722768976404571,-0.9639325856983038,0.16413718944968503,0,0,0,0,55,False,False,
67,4,1483.7448163643191,871.3237094161617,-0.27349741384103204,22.9533748626709,0.7273698449134827,0,1,0,0,0,-0.014831831396941513,-0.9313233235164539,-0.9017874212893673,0,0,0,0,55,False,False,
67,5,1397.9025992547627,868.8005803879296,1.902048166119546,103.28023529052734,7.407341003417969,0,3,0,2,2,0.32285492297367124,-0.9689877312333094,-0.4298094799338127,0,0,0,0,55,False,False,
67,6,1460.5684784655266,870.7157230544558,1.6467785312127745,46.414268493652344,0.762550413608551,0,1,0,0,0,0.24197724957276706,-0.992342195062391,-0.8641450820955229,0,0,0,0,55,False,False,
67,7,1477.2277909988907,870.6669280955687,0.6891149004521044,24.304895401000977,0.739581286907196,0,1,0,0,0,0.02541294667307265,-0.9486028296873004,-0.9742410274824158,0,0,0,0,55,False,False,
68,0,1472.4811886573602,874.3232141900058,0.8235749566922148,34.29422378540039,0.6055600047111511,0,1,0,0,0,-0.2796135086389199,-0.9608896588481967,-0.6211421942047112,0,0,0,0,56,False,False,
68,1,1482.929285814275,871.1558926351006,0.7699092662589646,20.082792282104492,0.6466025710105896,0,1,0,0,0,-0.016212918206705416,-0.933483711355709,-0.9275536940040933,0,0,0,0,56,False,False,
68,2,1469.2345800239543,870.6755394583483,0.7701190681924955,32.553192138671875,0.7414928674697876,0,1,0,0,0,0.07175001021291728,-0.9698335439643696,-0.9196509429496347,0,0,0,0,56,False,False,
68,3,1431.7304910876353,882.3002692668208,0.8539146872362987,71.33460235595703,3.989393711090088,0,2,0,1,1,-0.7076004436911912,-0.9649998779056802,0.18987744873553591,0,0,0,0,56,False,False,
68,4,1483.8978897979882,871.3161179139605,-0.15326156400395563,23.10664176940918,0.7393714189529419,0,1,0,0,0,-0.014738982639864338,-0.9309147262399022,-0.9016331487923537,0,0,0,0,56,False,False,
68,5,1396.0780461480922,868.7243062990061,1.8261467015828285,105.10641479492188,7.421027660369873,0,3,0,2,2,0.3776268333206139,-0.9731453160956501,-0.41143205012233175,0,0,0,0,56,False,False,
68,6,1459.4655135988637,870.8077487937367,1.1067972866711626,47.5211296081543,0.7625373005867004,0,1,0,0,0,0.3817956969186137,-0.9949621582037823,-0.8674883937227938,0,0,0,0,56,False,False,
68,7,1476.8303889387687,870.6794083286221,0.39759797988212614,24.702428817749023,0.7545115947723389,0,1,0,0,0,0.024588276750855207,-0.9496621430776627,-0.9729728889044779,0,0,0,0,56,False,False,
69,0,1472.1941702886836,874.4062839203613,0.29879779794884287,34.59299087524414,0.6158600449562073,0,1,0,0,0,-0.28625998628055843,-0.9616087009760113,-0.6131955776484843,0,0,0,0,57,False,False,
69,1,1481.8607727724427,871.2239663802283,1.0706792962140457,21.153560638427734,0.6608899831771851,0,1,0,0,0,-0.019805026201320037,-0.9363377732837693,-0.9268424911465725,0,0,0,0,57,False,False,
69,2,1468.9883697286064,870.6771465175457,0.24621554007529897,32.79941177368164,0.7570058107376099,0,1,0,0,0,0.07211926585133945,-0.9704860098403972,-0.9181262558625979,0,0,0,0,57,False,False,
69,3,1430.7521595068029,882.5756478552477,1.0163493735020743,72.35088348388672,3.9825968742370605,0,2,0,1,1,-0.757177777442849,-0.9660992578369374,0.22120939460976596,0,0,0,0,57,False,False,
69,4,1484.083896804196,871.3070960341704,-0.18622567135968082,23.292774200439453,0.7507404685020447,0,1,0,0,0,-0.013945550330718485,-0.9304184940195467,-0.901420438985474,0,0,0,0,57,False,False,
69,5,1393.9772808716784,868.6322223048358,2.1027824919777163,107.20914459228516,7.432497501373291,0,3,0,2,2,0.46843051626749205,-0.9775669128048868,-0.38976623703916635,0,0,0,0,57,False,False,
69,6,1458.4225438393507,870.892257149612,1.046387873339194,48.56752014160156,0.7633984088897705,0,1,0,0,0,0.7165651337958081,-0.9968385060169401,-0.8703469694012326,0,0,0,0,57,False,False,
69,7,1476.641731521459,870.6856197864937,0.18875964429637565,24.891252517700195,0.7725198268890381,0,1,0,0,0,0.02385983238938631,-0.9501653231615305,-0.9724013438565943,0,0,0,0,57,False,False,
70,0,1472.1941702886836,874.4062839203613,0.0,34.59299087524414,0.6109957695007324,0,1,0,0,0,-0.28625998628055843,-0.9616087009760113,-0.6131955776484843,1,0,0,0,58,False,False,
70,1,1480.4985566240719,871.3130836236828,1.3651280958076488,22.518659591674805,0.6785515546798706,0,1,0,0,0,-0.022158666785225656,-0.9399759513933202,-0.9256474170723332,0,0,0,0,58,False,False,
70,2,1468.9883697286064,870.6771465175457,0.0,32.79941177368164,0.7576565742492676,0,1,0,0,0,0.07211926585133945,-0.9704860098403972,-0.9181262558625979,1,0,0,0,58,False,False,
70,3,1429.8088732190113,882.8518796466188,0.9829003119848574,73.33385467529297,7.187507152557373,0,3,1,2,2,-0.31265686714677815,-0.884733558511738,0.25271685966343993,0,0,0,0,58,False,False,
70,4,1484.2970692479264,871.2969653207709,-0.2134130317483435,23.506271362304688,0.7615581750869751,0,1,0,0,0,-0.013215462356247562,-0.9298492911746964,-0.9011492704290889,0,0,0,0,58,False,False,
70,5,1392.414162351964,868.5791054208129,1.5640207511547262,108.77315521240234,7.436903953552246,0,3,0,2,2,0.5528124352610739,-0.9804885720350287,-0.37549069616852493,0,0,0,0,58,False,False,
70,6,1457.9062869397337,870.9324608204245,0.517819970210741,49.0853157043457,0.7603104710578918,0,1,0,0,0,1.0,-0.997142201560071,-0.8718549621558924,0,0,0,1,58,False,False,
70,7,1476.641731521459,870.6856197864937,0.0,24.891252517700195,0.7709634900093079,0,1,0,0,0,0.02385983238938631,-0.9501653231615305,-0.9724013438565943,1,0,0,0,58,False,False,
71,0,1472.3265802719625,874.367931648283,-0.13785245897500004,34.730770111083984,0.6112905144691467,0,1,0,0,0,-0.2837629498519214,-0.9612775815003035,-0.6168685022885528,0,0,0,0,59,False,False,
71,1,1479.0539288795453,871.419992515959,1.4485782103509925,23.967187881469727,0.697689950466156,0,1,0,0,0,-0.029493121488369273,-0.9438348185830424,-0.9229057303067195,0,0,0,0,59,False,False,
71,2,1469.1052755613678,870.6764803552375,-0.11690773073597287,32.916236877441406,0.7684937715530396,0,1,0,0,0,0.07189005780366339,-0.9701764845953155,-0.91885937717791,0,0,0,0,59,False,False,
71,3,1428.5848677937252,883.223718179043,1.2792392955679437,74.61308288574219,7.189626693725586,0,3,0,2,2,-0.3283497438548693,-0.8877133663697948,0.2951952453626632,0,0,0,0,59,False,False,
71,4,1484.6445313783263,871.2814383735629,-0.3478088816457365,23.854028701782227,0.7695634365081787,0,1,0,0,0,-0.011264931833988119,-0.9289220829961113,-0.9005850362981667,0,0,0,0,59,False,False,
71,5,1390.579942511415,868.5403745058184,1.834628711003914,110.60779571533203,7.440357685089111,0,3,0,2,2,0.6864556748050897,-0.9832840259317369,-0.3615667653804827,0,0,0,0,59,False,False,
71,6,1457.0853989737798,870.998624693635,0.8235500657315111,49.90877914428711,3.975006580352783,0,2,1,1,1,-0.023177244540418782,-0.9090173325677489,-0.8783759570512,0,0,0,0,59,False,False,
71,7,1476.326938902609,870.6956263628341,0.31495162239999996,25.20623016357422,0.7890356779098511,0,1,0,0,0,0.025003963957105194,-0.951004629018321,-0.9714116722455466,0,0,0,0,59,False,False,
72,0,1472.353174022881,874.3602224926686,-0.027688601774076425,34.75846862792969,0.6054925918579102,0,1,0,0,0,-0.2833807845405924,-0.9612108990008155,-0.6176016236038651,1,0,0,0,60,False,False,
72,1,1478.0040042043206,871.4939848023494,1.0525287084403177,25.019718170166016,0.7110822796821594,0,1,0,0,0,-0.02868986871811785,-0.9466388587140606,-0.921359117615345,0,0,0,0,60,False,False,
72,2,1469.2378353110137,870.6757331137281,-0.1325618557355932,33.04880905151367,0.7803516387939453,0,1,0,0,0,0.07108731504037186,-0.96982519576331,-0.9196956231576918,0,0,0,0,60,False,False,
72,3,1427.086496198251,883.6893270072949,1.569047169166482,76.18206024169922,7.196104526519775,0,3,0,2,2,-0.3446197810049082,-0.8913197421312059,0.34845416771149185,0,0,0,0,60,False,False,
72,4,1484.6718939365446,871.280215454264,-0.027389872651346518,23.881399154663086,0.7672318816184998,0,1,0,0,0,-0.011257491345601996,-0.9288491050631068,-0.9005411993825841,1,0,0,0,60,False,False,
72,5,1389.1775216871445,868.5275377060323,1.402479572677199,112.01032257080078,7.442425727844238,0,3,0,2,2,0.8164714831915344,-0.9847365218342079,-0.3529309930623614,0,0,0,0,60,False,False,
72,6,1456.0751207726692,871.0807621872618,1.0136116670100104,50.922489166259766,3.99171781539917,0,2,0,1,1,-0.02434418956213607,-0.9117186420313053,-0.8864998436907373,0,0,0,0,60,False,False,
72,7,1475.7289352895102,870.7113220294563,0.5982095579559921,25.804458618164062,0.8054068088531494,0,1,0,0,0,0.029488686798888213,-0.9525982474377007,-0.9691246398283548,0,0,0,0,60,False,False,
73,0,1472.5117412797867,874.3142213159456,-0.16510506722239002,34.923580169677734,0.6037620306015015,0,1,0,0,0,-0.2804275386049047,-0.9608131047480898,-0.6220068119736784,0,0,0,0,61,False,False,
73,1,1477.4812777499626,871.5283204392781,0.5238529202447394,25.54355239868164,0.7283003330230713,0,1,0,0,0,-0.02634605185238191,-0.9480345799084424,-0.9208825501690415,0,0,0,0,61,False,False,
73,2,1469.0532957440982,870.6765454111229,0.1845413546726268,33.23326110839844,0.7960520386695862,0,1,0,0,0,0.07305961169966509,-0.9703138929133902,-0.9185151566242825,0,0,0,0,61,False,False,
73,3,1425.5750232646806,884.14750048083,1.5793901863591695,77.76145935058594,7.198807716369629,0,3,0,2,2,-0.3531875460433222,-0.8949223895857379,0.4007983321218509,0,0,0,0,61,False,False,
73,4,1484.3841420657618,871.2924841206209,0.28801329711171697,24.16938018798828,0.7844177484512329,0,1,0,0,0,-0.010059108510050565,-0.9296169599530008,-0.9010762184318465,0,0,0,0,61,False,False,
73,5,1387.4899862622597,868.506957716566,1.687660909723086,113.69794464111328,7.435189247131348,0,3,0,2,2,1.0,-0.9853518637002899,-0.3419219956176234,0,0,0,1,61,False,False,
73,6,1454.7692780616676,871.1757595229798,1.3092935803972319,52.231727600097656,4.008975505828857,0,2,0,1,1,-0.019710860048838045,-0.9152083375698031,-0.8956556916296103,0,0,0,0,61,False,False,
73,7,1475.6519400997208,870.7133380246725,0.07702157806372126,25.881389617919922,0.8015586733818054,0,1,0,0,0,0.02965729740177652,-0.9528031743485192,-0.9688307130949771,1,0,0,0,61,False,False,
74,0,1472.7343380251223,874.2495774055996,-0.23179332643280093,35.15542984008789,0.6092284917831421,0,1,0,0,0,-0.2763815109337454,-0.9602530328343469,-0.628194091738558,0,0,0,0,62,False,False,
74,1,1477.1180279830635,871.5504817541738,0.3639251530606782,25.907508850097656,0.7469331622123718,0,1,0,0,0,-0.02382499305194238,-0.9490044637160453,-0.9207583503392551,0,0,0,0,62,False,False,
74,2,1468.6888018428995,870.6766554687699,0.36449391781447416,33.59776306152344,0.8110147714614868,0,1,0,0,0,0.07822733849019604,-0.9712787926228257,-0.91597888304168,0,0,0,0,62,False,False,
74,3,1423.888707319171,884.6722921688913,1.766088271842063,79.52762603759766,7.192058086395264,0,3,0,2,2,-0.37369057420110924,-0.8988762350891316,0.4608199455650419,0,0,0,0,62,False,False,
74,4,1483.7867298685067,871.3189109872764,0.597996415298994,24.767375946044922,0.7970557808876038,0,1,0,0,0,-0.011332103477459693,-0.9312113700154857,-0.902073190240036,0,0,0,0,62,False,False,
74,5,1385.699205765278,868.5035642112096,1.7907837123024835,115.48871612548828,7.424397945404053,0,3,0,2,2,1.0,-0.984576177683702,-0.335241632737723,0,0,0,2,62,False,False,
74,6,1453.6034821348112,871.2454131094948,1.1678748927814169,53.39957809448242,4.028628349304199,0,2,0,1,1,-0.011908039865169131,-0.918322079310124,-0.9020083710642397,0,0,0,0,62,False,False,
74,7,1475.6519400997208,870.7133380246725,0.0,25.881389617919922,0.800326943397522,0,1,0,0,0,0.02965729740177652,-0.9528031743485192,-0.9688307130949771,2,0,0,0,62,False,False,
75,0,1473.0854122345306,874.1465438753368,-0.3658811403586464,35.52130889892578,0.6090114712715149,0,1,0,0,0,-0.27171490654882546,-0.9593669266332102,-0.6380826536395989,0,1,0,0,63,False,False,
75,1,1476.4463624360465,871.584603508086,0.6725317101370112,26.580005645751953,0.76597660779953,0,1,0,0,0,-0.017979607816990515,-0.9507970988951479,-0.92135181384493,0,0,0,0,63,False,False,
75,2,1468.0157145241037,870.6747360413259,0.673090055583502,34.2708625793457,0.8229092955589294,0,1,0,0,0,0.08556472579510215,-0.9730585499011436,-0.9110743583287509,0,0,0,0,63,False,False,
75,3,1422.5987224621422,885.0758087794742,1.351623685195116,80.87918090820312,-0.8136343955993652,0,3,0,2,2,-0.3875970679827775,-0.9018537665931101,0.5044565291591099,0,0,0,0,63,True,True,collision
75,4,1483.7099918723154,871.3222753952767,0.07681171330363491,24.84423065185547,0.793863832950592,0,1,0,0,0,-0.01111542322903713,-0.931416287503184,-0.9022046938402373,1,0,0,0,63,False,False,
75,5,1383.6309711708795,868.4853170491907,2.068315086341719,117.55703735351562,10.632474899291992,0,4,1,3,3,0.13296778589863847,-0.912573935921872,-0.3261638036458364,0,0,0,0,63,False,False,
75,6,1452.5099699899179,871.3062377531359,1.0952024690912119,54.494773864746094,4.0419392585754395,0,2,0,1,1,-0.009634838823974532,-0.9212422762988395,-0.9074244455680721,0,0,0,0,63,False,False,
75,7,1475.3371080021782,870.7220141303212,0.31495162239999996,26.19632911682129,0.8131721019744873,0,1,0,0,0,0.029304486081195416,-0.9536421358175917,-0.9676803156555218,0,0,0,0,63,False,False,
76,0,1473.5151730068449,874.0196816923403,-0.44809411388095327,35.96934127807617,0.6063805222511292,0,1,0,0,0,-0.26514303211163853,-0.9582772352520856,-0.6502801503358935,0,2,0,0,64,False,False,
76,1,1475.492051682325,871.627215999192,0.9552616600004991,27.535301208496094,0.7781335711479187,0,1,0,0,0,-0.01484186325529701,-0.9533438994914033,-0.9228911156193431,0,0,0,0,64,False,False,
76,2,1467.3307741935553,870.6681163997724,0.6849723177370777,34.95582962036133,0.8371304273605347,0,1,0,0,0,0.09641579686828107,-0.974865622299384,-0.9055106218833197,0,0,0,0,64,False,False,
75,3,1422.5987224621422,885.0758087794742,1.351623685195116,80.87918090820312,-0.8136343955993652,0,3,0,2,2,-0.3875970679827775,-0.9018537665931101,0.5044565291591099,0,0,0,0,63,True,True,collision
76,4,1483.5018961880182,871.3315665561563,0.2083029992430208,25.052444458007812,0.8028337359428406,0,1,0,0,0,-0.011722001712804955,-0.9319714335562636,-0.9025424610624708,0,0,0,0,64,False,False,
76,5,1382.111697290399,868.4830255942196,1.5192756085308254,119.07632446289062,10.640697479248047,0,4,0,3,3,0.13449748096529737,-0.9165394379622454,-0.3208342523791996,0,0,0,0,64,False,False,
76,6,1451.6863424834223,871.3498503581194,0.824781382409674,55.31953811645508,4.0607781410217285,0,2,0,1,1,-0.008167910485638193,-0.9234414694052587,-0.9112447105551518,0,0,0,0,64,False,False,
76,7,1474.8023249602068,870.7363265597985,0.5349745298776739,26.731311798095703,0.8265162110328674,0,1,0,0,0,0.030755083998808334,-0.9550671459943773,-0.9656717502052202,0,0,0,0,64,False,False,
77,0,1473.6361041808548,873.9838325578124,-0.12613290329580504,36.09550857543945,0.6128021478652954,0,1,0,0,0,-0.2638089804616407,-0.9579694544775975,-0.6537257290420666,0,0,0,0,65,False,False,
77,1,1474.946950646974,871.6499755802694,0.5455759683777687,28.080942153930664,0.7960086464881897,0,1,0,0,0,-0.013417876764484365,-0.954798629292252,-0.9239611465713214,0,0,0,0,65,False,False,
77,2,1467.1683538482569,870.6661942053263,0.1624317191879697,35.118316650390625,0.8534311652183533,0,1,0,0,0,0.09950352896599574,-0.9752937410672173,-0.9041548148341264,0,0,0,0,65,False,False,
75,3,1422.5987224621422,885.0758087794742,1.351623685195116,80.87918090820312,-0.8136343955993652,0,3,0,2,2,-0.3875970679827775,-0.9018537665931101,0.5044565291591099,0,0,0,0,63,True,True,collision
77,4,1483.0664519113323,871.3522996170288,0.4359375848808159,25.48848533630371,0.8172945380210876,0,1,0,0,0,-0.013842551951491562,-0.9331339384988093,-0.9030847767356017,0,0,0,0,65,False,False,
77,5,1381.0790355970046,868.4796897775634,1.0326670812400218,120.10904693603516,10.653029441833496,0,4,0,3,3,0.14018248884936055,-0.9192290189806872,-0.3169978147576298,0,0,0,0,65,False,False,
77,6,1451.0287520346012,871.3807576479553,0.6583163821035249,55.97785568237305,4.077353000640869,0,2,0,1,1,-0.0044912754824079255,-0.9251969407557892,-0.913821033383748,0,0,0,0,65,False,False,
77,7,1474.138915916928,870.7543671828886,0.6636542946335229,27.395009994506836,0.8434720039367676,0,1,0,0,0,0.031729400022749765,-0.9568348994348915,-0.9632158359635483,0,0,0,0,65,False,False,
78,0,1473.8871478599897,873.9089667549696,-0.26196911510496135,36.357521057128906,0.6170022487640381,0,1,0,0,0,-0.2606368234191753,-0.9573293655841548,-0.6609383381112284,0,0,0,0,66,False,False,
78,1,1474.2876841057243,871.6791272408514,0.6599107452725834,28.740766525268555,0.808088481426239,0,1,0,0,0,-0.015592390093118524,-0.9565576537407694,-0.9250612573370733,0,0,0,0,66,False,False,
78,2,1467.1683538482569,870.6661942053263,0.0,35.118316650390625,0.844555139541626,0,1,0,0,0,0.09950352896599574,-0.9752937410672173,-0.9041548148341264,1,0,0,0,66,False,False,
75,3,1422.5987224621422,885.0758087794742,1.351623685195116,80.87918090820312,-0.8136343955993652,0,3,0,2,2,-0.3875970679827775,-0.9018537665931101,0.5044565291591099,0,0,0,0,63,True,True,collision
78,4,1483.0664519113323,871.3522996170288,0.0,25.48848533630371,0.8198003172874451,0,1,0,0,0,-0.013842551951491562,-0.9331339384988093,-0.9030847767356017,1,0,0,0,66,False,False,
78,5,1380.0290203787758,868.4747849365831,1.0500266739360546,121.15898132324219,10.669127464294434,0,4,0,3,3,0.14612012287488418,-0.9219579517055093,-0.3129126773215385,0,0,0,0,66,False,False,
78,6,1450.8927031515727,871.3870697492371,0.1361952319132688,56.114112854003906,4.091470718383789,0,2,0,1,1,-0.004127761049051691,-0.9255602828081194,-0.9143478767839353,0,0,0,0,66,False,False,
78,7,1473.749478412923,870.7639597292833,0.38955562692895596,27.78453254699707,0.8581188917160034,0,1,0,0,0,0.034181854302676444,-0.9578721630496434,-0.961654619304617,0,0,0,0,66,False,False,
79,0,1474.0163298971167,873.870263248289,-0.13485533043112694,36.49236297607422,0.6246968507766724,0,1,0,0,0,-0.25931939751089883,-0.9569995142190364,-0.6646770109781244,0,0,0,0,67,False,False,
79,1,1473.3261610352886,871.7302843830205,0.9628829981752944,29.70367431640625,0.8265590667724609,0,1,0,0,0,-0.022636730610482422,-0.9591238801427784,-0.9256254986145419,0,0,0,0,67,False,False,
79,2,1467.0938646158488,870.66532503607,0.0744943031374873,35.19278335571289,0.8402330279350281,0,1,0,0,0,0.1001987409291107,-0.9754898928445519,-0.9035312786612243,2,0,0,0,67,False,False,
75,3,1422.5987224621422,885.0758087794742,1.351623685195116,80.87918090820312,-0.8136343955993652,0,3,0,2,2,-0.3875970679827775,-0.9018537665931101,0.5044565291591099,0,0,0,0,63,True,True,collision
79,4,1483.1956852072622,871.3463612454647,-0.12936966040671127,25.61789321899414,0.8335342407226562,0,1,0,0,0,-0.012721149674121395,-0.9327889187980979,-0.9028939853865132,0,0,0,0,67,False,False,
79,5,1379.2030628815935,868.4750898853777,0.8259575534769054,121.98503112792969,10.679015159606934,0,4,0,3,3,0.1470244323152498,-0.9241038968920626,-0.31020402189335916,0,0,0,0,67,False,False,
79,6,1450.8927031515727,871.3870697492371,0.0,56.114112854003906,4.090505599975586,0,2,0,1,1,-0.004127761049051691,-0.9255602828081194,-0.9143478767839353,1,0,0,0,67,False,False,
79,7,1473.749478412923,870.7639597292833,0.0,27.78453254699707,0.8529288172721863,0,1,0,0,0,0.034181854302676444,-0.9578721630496434,-0.961654619304617,1,0,0,0,67,False,False,
80,0,1473.9891595033237,873.8784047673378,0.028363967129038437,36.52078628540039,0.6128615736961365,0,1,0,0,0,-0.25979019698473976,-0.9570690753597066,-0.6638854309133069,1,0,0,0,68,False,False,
80,1,1472.8909983277258,871.753168291632,0.4357639903969792,30.139455795288086,0.8305151462554932,0,1,0,0,0,-0.022895777694698596,-0.9602852354437662,-0.9259185784821719,0,0,0,0,68,False,False,
80,2,1467.0103105594637,870.6643434366767,0.08355982213832062,35.276405334472656,0.8392869830131531,0,1,0,0,0,0.10116562176554693,-0.9757101079406867,-0.9028355409301008,3,0,0,0,68,False,False,
75,3,1422.5987224621422,885.0758087794742,1.351623685195116,80.87918090820312,-0.8136343955993652,0,3,0,2,2,-0.3875970679827775,-0.9018537665931101,0.5044565291591099,0,0,0,0,63,True,True,collision
80,4,1483.3634757107252,871.338732968136,-0.16796381654208334,25.785913467407227,0.842322826385498,0,1,0,0,0,-0.012329180194794908,-0.9323409500110221,-0.9026447352879194,0,0,0,0,68,False,False,
80,5,1378.598438645478,868.4741236402717,0.6046250081893895,122.58964538574219,10.68448257446289,0,4,0,3,3,0.1514644711880395,-0.9256717304392148,-0.308073664999406,0,0,0,0,68,False,False,
80,6,1450.7462001410358,871.393772920853,0.14665628048633397,56.26074981689453,4.096956253051758,0,2,0,1,1,-0.003740249620308431,-0.9259513109904323,-0.914904199687999,0,0,0,0,68,False,False,
80,7,1473.7219947024828,870.7646332760571,0.027491962549464392,27.8120059967041,0.8482704758644104,0,1,0,0,0,0.034320902853566634,-0.957945320612069,-0.9615441837231861,2,0,0,0,68,False,False,
81,0,1473.9891595033237,873.8784047673378,0.0,36.52078628540039,0.6001676917076111,0,1,0,0,0,-0.25979019698473976,-0.9570690753597066,-0.6638854309133069,2,0,0,0,69,False,False,
81,1,1472.4546741653355,871.7757077201092,0.4369059401308522,30.576316833496094,0.8400024175643921,0,1,0,0,0,-0.022978903671254772,-0.9614494609216119,-0.9262563385578589,0,0,0,0,69,False,False,
81,2,1466.6132424005668,870.6584835433049,0.39711139641184023,35.67341995239258,0.85406494140625,0,1,0,0,0,0.10775579597545983,-0.9767543416533487,-0.8993680366195898,0,0,0,0,69,False,False,
75,3,1422.5987224621422,885.0758087794742,1.351623685195116,80.87918090820312,-0.8136343955993652,0,3,0,2,2,-0.3875970679827775,-0.9018537665931101,0.5044565291591099,0,0,0,0,63,True,True,collision
81,4,1483.2139253676382,871.3454155788801,0.14969957382623972,25.935718536376953,0.8588055968284607,0,1,0,0,0,-0.011904044941000001,-0.9327403649585333,-0.9028866744695518,0,0,0,0,69,False,False,
81,5,1377.6897957310023,868.4657017383597,0.9086819435086425,123.49825286865234,10.700556755065918,0,4,0,3,3,0.16155775173461076,-0.9280195712371785,-0.3040400970420959,0,0,0,0,69,False,False,
81,6,1450.3917507525107,871.41053256273,0.3548453953790989,56.61563491821289,4.103865146636963,0,2,0,1,1,-0.004771714524275694,-0.9268976493518178,-0.9163020212834443,0,0,0,0,69,False,False,
81,7,1473.7219947024828,870.7646332760571,0.0,27.8120059967041,0.8448837399482727,0,1,0,0,0,0.034320902853566634,-0.957945320612069,-0.9615441837231861,3,0,0,0,69,False,False,
82,0,1474.0955920150298,873.8464628004417,-0.11112231457829476,36.63193130493164,0.607365608215332,0,1,0,0,0,-0.2583273834771363,-0.9567969504190145,-0.6669786562960559,0,0,0,0,70,False,False,
82,1,1471.983089179726,871.8002669353187,0.4722240503236916,31.04863739013672,0.8574910759925842,0,1,0,0,0,-0.02403232976486278,-0.9627081112759913,-0.9265932553410715,0,0,0,0,70,False,False,
82,2,1465.9081951410299,870.649275756471,0.7051073829701935,36.37855911254883,0.8634681105613708,0,1,0,0,0,0.1160080688799831,-0.9786060712597859,-0.8933569549560614,0,0,0,0,70,False,False,
75,3,1422.5987224621422,885.0758087794742,1.351623685195116,80.87918090820312,-0.8136343955993652,0,3,0,2,2,-0.3875970679827775,-0.9018537665931101,0.5044565291591099,0,0,0,0,63,True,True,collision
82,4,1482.7522312556266,871.3652266486109,0.46211895822398824,26.39781379699707,0.874671220779419,0,1,0,0,0,-0.010977876152075005,-0.9339724395927427,-0.9037220771568591,0,0,0,0,70,False,False,
82,5,1377.3073479837765,868.4603438636703,0.38248527576804947,123.8807373046875,10.715245246887207,0,4,0,3,3,0.166913864140305,-0.9290051482512005,-0.30212184964512534,0,0,0,0,70,False,False,
82,6,1450.0921583913773,871.4245736027074,0.29992121240933195,56.915523529052734,4.116552352905273,0,2,0,1,1,-0.004556999373371834,-0.9276973339016912,-0.9174656791397342,0,0,0,0,70,False,False,
82,7,1473.601132510777,870.7677354316479,0.12090199648164557,27.93301773071289,0.8609711527824402,0,1,0,0,0,0.03384228840473864,-0.9582675672800834,-0.9610757669130453,0,0,0,0,70,False,False,
83,0,1474.332304519476,873.775214816911,-0.24720251802607887,36.879112243652344,0.6143015623092651,0,1,0,0,0,-0.25505060110323635,-0.9561907503487532,-0.6738552061675724,0,0,0,0,71,False,False,
83,1,1471.8891925689152,871.8052069460167,0.09402647088694682,31.14263916015625,0.8590255379676819,0,1,0,0,0,-0.024535933504154804,-0.962958598294471,-0.9266589964213526,1,0,0,0,71,False,False,
83,2,1465.1288979074243,870.6421953523051,0.7793293978982542,37.15788650512695,0.8776389360427856,0,1,0,0,0,0.12560094695151255,-0.980647844967301,-0.8870893122769777,0,0,0,0,71,False,False,
75,3,1422.5987224621422,885.0758087794742,1.351623685195116,80.87918090820312,-0.8136343955993652,0,3,0,2,2,-0.3875970679827775,-0.9018537665931101,0.5044565291591099,0,0,0,0,63,True,True,collision
83,4,1482.012077669365,871.3995175462688,0.7409474994345133,27.138721466064453,0.8866133093833923,0,1,0,0,0,-0.013556694003948324,-0.9359477557113353,-0.9047701967975925,0,0,0,0,71,False,False,
83,5,1376.616800566741,868.4435738994666,0.6907510165564228,124.57149505615234,10.730883598327637,0,4,0,3,3,0.1780106930715154,-0.9307774707694013,-0.29781722747617256,0,0,0,0,71,False,False,
83,6,1449.7653718525355,871.4390479443365,0.3271069374589992,57.24262619018555,4.133554935455322,0,2,0,1,1,-0.0029570828708270053,-0.9285695973283443,-0.9186441875194314,0,0,0,0,71,False,False,
83,7,1473.601132510777,870.7677354316479,0.0,27.93301773071289,0.8551338315010071,0,1,0,0,0,0.03384228840473864,-0.9582675672800834,-0.9610757669130453,1,0,0,0,71,False,False,
84,0,1474.6490054357478,873.6792491303277,-0.3309212646064761,37.21009826660156,0.618537187576294,0,1,0,0,0,-0.2513021194144307,-0.9553772785837953,-0.6831348251434484,0,0,0,0,72,False,False,
84,1,1471.8891925689152,871.8052069460167,0.0,31.14263916015625,0.859931468963623,0,1,0,0,0,-0.024535933504154804,-0.962958598294471,-0.9266589964213526,2,0,0,0,72,False,False,
84,2,1464.048991761378,870.6442516064703,1.0799081037060705,38.23784637451172,0.8923225402832031,0,1,0,0,0,0.13915596814684647,-0.9834692644184478,-0.8798100973954212,0,0,0,0,72,False,False,
75,3,1422.5987224621422,885.0758087794742,1.351623685195116,80.87918090820312,-0.8136343955993652,0,3,0,2,2,-0.3875970679827775,-0.9018537665931101,0.5044565291591099,0,0,0,0,63,True,True,collision
84,4,1480.9712378585527,871.4547274850776,1.0423030505159485,28.181076049804688,0.901283323764801,0,1,0,0,0,-0.01862783095123272,-0.9387262333475307,-0.9054083405113246,0,0,0,0,72,False,False,
84,5,1376.4487376186235,868.4392317418788,0.16811903182696375,124.7396469116211,10.741616249084473,0,4,0,3,3,0.18015041252040254,-0.9312081074155176,-0.2967338110427977,0,0,0,0,72,False,False,
84,6,1449.7653718525355,871.4390479443365,0.0,57.24262619018555,4.135948181152344,0,2,0,1,1,-0.0029570828708270053,-0.9285695973283443,-0.9186441875194314,1,0,0,0,72,False,False,
84,7,1473.7051382122265,870.7650732151461,-0.10403976802499534,28.03705596923828,0.8658558130264282,0,1,0,0,0,0.03366410941525544,-0.9579905181513947,-0.9614784354963585,0,0,0,0,72,False,False,
85,0,1474.659299981053,873.6761284334051,-0.010757156330787334,37.2208137512207,0.6111739277839661,0,1,0,0,0,-0.25121757043361237,-0.9553509045213003,-0.6834360663670606,1,0,0,0,73,False,False,
85,1,1471.9826927894378,871.8003131222061,-0.09362820488127564,31.23627471923828,0.8550712466239929,0,1,0,0,0,-0.024198567261648426,-0.9627090877389052,-0.9266005519649401,3,0,0,0,73,False,False,
85,2,1463.266635192774,870.6539977150161,0.7824172717097441,39.02025604248047,0.9091330766677856,0,1,0,0,0,0.15136364996714666,-0.9855043104365103,-0.8755364197723556,0,0,0,0,73,False,False,
75,3,1422.5987224621422,885.0758087794742,1.351623685195116,80.87918090820312,-0.8136343955993652,0,3,0,2,2,-0.3875970679827775,-0.9018537665931101,0.5044565291591099,0,0,0,0,63,True,True,collision
85,4,1480.0961820148,871.4987984920533,0.8761649293036686,29.05718421936035,0.9161854386329651,0,1,0,0,0,-0.01759708945876481,-0.94106166556032,-0.9062218247408405,0,0,0,0,73,False,False,
85,5,1376.4487376186235,868.4392317418788,0.0,124.7396469116211,10.735774993896484,0,4,0,3,3,0.18015041252040254,-0.9312081074155176,-0.2967338110427977,1,0,0,0,73,False,False,
85,6,1449.7091857528872,871.4415011486154,0.056239630199019376,57.29883575439453,4.137617588043213,0,2,0,1,1,-0.002562838197707783,-0.9287194837182146,-0.9188490790045558,2,0,0,0,73,False,False,
85,7,1473.9127730668504,870.7594752318079,-0.2077103037215978,28.244773864746094,0.8745490312576294,0,1,0,0,0,0.032370489983598656,-0.9574373277803664,-0.962248082810292,0,0,0,0,73,False,False,
86,0,1474.4061530157294,873.7528985916404,0.2645317433654429,37.485355377197266,0.6151667833328247,0,1,0,0,0,-0.255212201421322,-0.9560013267143339,-0.676017179382774,0,0,0,0,74,False,False,
86,1,1472.212360653881,871.7881183999947,-0.22999138942067243,31.466331481933594,0.8665732145309448,0,1,0,0,0,-0.024282134756254927,-0.9620960500834415,-0.9264535903848878,0,0,0,0,74,False,False,
86,2,1462.6342056772542,870.6649212652512,0.6325238462305599,39.65279769897461,0.9200181365013123,0,1,0,0,0,0.16757734095582022,-0.9871396307677466,-0.8724432086826994,0,0,0,0,74,False,False,
75,3,1422.5987224621422,885.0758087794742,1.351623685195116,80.87918090820312,-0.8136343955993652,0,3,0,2,2,-0.3875970679827775,-0.9018537665931101,0.5044565291591099,0,0,0,0,63,True,True,collision
86,4,1479.7460575435396,871.5153349569191,0.35051476437614426,29.407672882080078,0.9316016435623169,0,1,0,0,0,-0.01585865349087404,-0.9419960149564213,-0.906683784646314,0,0,0,0,74,False,False,
86,5,1376.5865470153092,868.4426771200237,-0.13785245897500004,124.87751007080078,10.738826751708984,0,4,0,3,3,0.17867572290878558,-0.9308549621517068,-0.2976047177725919,0,0,0,0,74,False,False,
86,6,1449.7091857528872,871.4415011486154,0.0,57.29883575439453,4.13925838470459,0,2,0,1,1,-0.002562838197707783,-0.9287194837182146,-0.9188490790045558,3,0,0,0,74,False,False,
86,7,1473.802238921656,870.7624722032349,0.11057476697514328,28.355287551879883,0.8866609334945679,0,1,0,0,0,0.03249837507729075,-0.9577316501946543,-0.9618381140298369,0,0,0,0,74,False,False,
87,0,1474.4061530157294,873.7528985916404,0.0,37.485355377197266,0.6102771162986755,0,1,0,0,0,-0.255212201421322,-0.9560013267143339,-0.676017179382774,1,0,0,0,75,False,False,
87,1,1472.3468645407363,871.7810666326233,-0.13468861496883175,31.60103988647461,0.8730684518814087,0,1,0,0,0,-0.02363213809655033,-0.9617370821780841,-0.926365923700269,0,0,0,0,75,False,False,
87,2,1461.6984709015733,870.6886374892888,0.9360352716116359,40.588768005371094,0.9345606565475464,0,1,0,0,0,0.20078541523183446,-0.9895357830176288,-0.8687784453986132,0,0,0,0,75,False,False,
75,3,1422.5987224621422,885.0758087794742,1.351623685195116,80.87918090820312,-0.8136343955993652,0,3,0,2,2,-0.3875970679827775,-0.9018537665931101,0.5044565291591099,0,0,0,0,63,True,True,collision
87,4,1479.3890216295956,871.5324093747828,0.35744395307683047,29.76513671875,0.9400102496147156,0,1,0,0,0,-0.016506628206266784,-0.9429489372759817,-0.9071238260939962,0,0,0,0,75,False,False,
87,5,1376.7301453217133,868.4462865637245,-0.14364366218509048,125.02111053466797,10.744767189025879,0,4,0,3,3,0.1777896966866883,-0.9304869405748735,-0.2985126150265228,0,0,0,0,75,False,False,
87,6,1449.5686719209248,871.4474034052157,0.1406377389101457,57.43946075439453,4.153850555419922,0,2,0,1,1,-0.0015166622780706498,-0.9290944830518268,-0.9193100669797197,0,0,0,0,75,False,False,
87,7,1473.666834430191,870.7660383110767,0.1354514430856208,28.490711212158203,0.8992810845375061,0,1,0,0,0,0.03327530335455119,-0.9580922964321139,-0.9613250134383658,0,0,0,0,75,False,False,
88,0,1474.5380355354453,873.7127700302552,-0.13785245897500004,37.62327194213867,0.6166543364524841,0,1,0,0,0,-0.2537384550296414,-0.9556625575760472,-0.6798955243524,0,0,0,0,76,False,False,
88,1,1472.1646812812285,871.790899526503,0.18244841968892792,31.78355598449707,0.8876782655715942,0,1,0,0,0,-0.024929244989124615,-0.9622234233657581,-0.9264535903848878,0,0,0,0,76,False,False,
88,2,1460.839042679208,870.7090916326412,0.8596715892585594,41.448509216308594,0.9425539374351501,0,1,0,0,0,0.25653348055327696,-0.9916834767197895,-0.8652378890908599,0,0,0,0,76,False,False,
75,3,1422.5987224621422,885.0758087794742,1.351623685195116,80.87918090820312,-0.8136343955993652,0,3,0,2,2,-0.3875970679827775,-0.9018537665931101,0.5044565291591099,0,0,0,0,63,True,True,collision
88,4,1479.3519762355033,871.5341891477706,0.03708812229469438,29.802288055419922,0.9418048858642578,0,1,0,0,0,-0.01667515198787031,-0.9430479750751256,-0.9071676630095787,1,0,0,0,76,False,False,
88,5,1377.0092612920068,868.4528810722729,-0.27919386170888055,125.30036163330078,10.748331069946289,0,4,0,3,3,0.17497853651620657,-0.9297705095363293,-0.30023287450218583,0,0,0,0,76,False,False,
88,6,1449.3534507711822,871.4563657959685,0.21540767800733723,57.65497970581055,4.166075229644775,0,2,0,1,1,-0.0012971798696854522,-0.929669198828105,-0.9200127368608457,0,0,0,0,76,False,False,
88,7,1473.300889053754,870.7742515747663,0.3660375339171357,28.856769561767578,0.9149726033210754,0,1,0,0,0,0.03660562423379316,-0.9590668706051334,-0.9597629463404137,0,0,0,0,76,False,False,
89,0,1474.366417448343,873.7648106083955,0.17933485325990267,37.8026237487793,0.6271995902061462,0,1,0,0,0,-0.25581868173037997,-0.9561031121569373,-0.6748594960392696,0,0,0,0,77,False,False,
89,1,1471.6712523039132,871.8202200175552,0.49429934943294973,32.27783203125,0.9064659476280212,0,1,0,0,0,-0.029412152995160708,-0.9635401411771668,-0.926380531241099,0,0,0,0,77,False,False,
89,2,1460.2033484183978,870.7265873870522,0.6359349767464196,42.08436965942383,0.9466536045074463,0,1,0,0,0,0.31610287079738997,-0.9932136195810125,-0.8629061711057011,0,0,0,0,77,False,False,
75,3,1422.5987224621422,885.0758087794742,1.351623685195116,80.87918090820312,-0.8136343955993652,0,3,0,2,2,-0.3875970679827775,-0.9018537665931101,0.5044565291591099,0,0,0,0,63,True,True,collision
89,4,1479.3519762355033,871.5341891477706,0.0,29.802288055419922,0.9432260394096375,0,1,0,0,0,-0.01667515198787031,-0.9430479750751256,-0.9071676630095787,2,0,0,0,77,False,False,
89,5,1377.421631098631,868.4624029683957,-0.4124797254665732,125.71282196044922,10.75004768371582,0,4,0,3,3,0.17197687002590353,-0.9287111101927272,-0.3027513746239059,0,1,0,0,77,False,False,
89,6,1448.9083579572716,871.4760793300433,0.4455291645004854,58.10048294067383,4.17953634262085,0,2,0,1,1,-0.0030311746049575404,-0.9308571982861069,-0.9216154427948691,0,0,0,0,77,False,False,
89,7,1472.9571517811837,870.7810797970599,0.34380508602074245,29.20058822631836,0.9282334446907043,0,1,0,0,0,0.039122354918799195,-0.959982027738599,-0.9581871185673793,0,0,0,0,77,False,False,
90,0,1473.8974633609473,873.906612634025,0.4899242294047937,38.292579650878906,0.6398486495018005,0,1,0,0,0,-0.26292412505618157,-0.957302973331924,-0.6611510765042937,0,0,0,0,78,False,False,
90,1,1471.0642368807414,871.8593659257234,0.6082763566791616,32.88615036010742,0.9239583015441895,0,1,0,0,0,-0.03414589414378592,-0.9651600911568434,-0.9259185784821719,0,0,0,0,78,False,False,
90,2,1459.2642468341078,870.7494337348568,0.9393794447527181,43.02373504638672,0.9457587003707886,0,1,0,0,0,0.48103904888430626,-0.9952579174636427,-0.8591090680754854,0,0,0,0,78,False,False,
75,3,1422.5987224621422,885.0758087794742,1.351623685195116,80.87918090820312,-0.8136343955993652,0,3,0,2,2,-0.3875970679827775,-0.9018537665931101,0.5044565291591099,0,0,0,0,63,True,True,collision
90,4,1479.2983785149806,871.5367645299433,0.05365955868773648,29.855937957763672,0.9437914490699768,0,1,0,0,0,-0.016721376158604546,-0.9431909937033275,-0.9072334112364062,3,0,0,0,78,False,False,
90,5,1377.7752809257179,868.4702928096002,-0.35373782635271633,126.06654357910156,10.755120277404785,0,4,0,3,3,0.1692669622240266,-0.9278014079684939,-0.30486709539084345,0,2,0,0,78,False,False,
90,6,1448.1564740453105,871.5094652019201,0.7526247627517214,58.85305404663086,4.190272331237793,0,2,0,1,1,-0.0031952203138104094,-0.9328640323033145,-0.9243307873904735,0,0,0,0,78,False,False,
90,7,1472.4569972038162,870.7888725297772,0.5002152815988,29.70077133178711,0.9456895589828491,0,1,0,0,0,0.04328967846262041,-0.9613128729365583,-0.9556435376410886,0,0,0,0,78,False,False,
91,0,1473.1807236877487,874.118687457507,0.7474566809467081,39.040096282958984,0.6496512293815613,0,1,0,0,0,-0.2714235330983153,-0.9591258618892529,-0.6407504022362173,0,0,0,0,79,False,False,
91,1,1470.5767864609084,871.8903241330484,0.4884325157032834,33.37455749511719,0.9366896152496338,0,1,0,0,0,-0.034826070898475656,-0.9664606387482448,-0.9256035801567506,0,0,0,0,79,False,False,
91,2,1458.7886221015337,870.7589361863496,0.47571964729283484,43.49953842163086,0.9482324123382568,0,1,0,0,0,0.6269335376093286,-0.9960788655838879,-0.8569324730263612,0,0,0,0,79,False,False,
75,3,1422.5987224621422,885.0758087794742,1.351623685195116,80.87918090820312,-0.8136343955993652,0,3,0,2,2,-0.3875970679827775,-0.9018537665931101,0.5044565291591099,0,0,0,0,63,True,True,collision
91,4,1479.0460483848478,871.5493405525712,0.25264332747575696,30.108570098876953,0.9563537240028381,0,1,0,0,0,-0.018072000169958517,-0.9438644120853762,-0.9074826541884536,0,0,0,0,79,False,False,
91,5,1378.2608692495614,868.4824491521551,-0.485740462507999,126.55229187011719,10.753975868225098,0,4,0,3,3,0.16802107035455643,-0.9265517177054381,-0.3079419398562664,0,3,0,0,79,False,False,
91,6,1447.103594459514,871.5521561915635,1.0537447237277169,59.906776428222656,4.211445331573486,0,2,0,1,1,-0.0007782370861924114,-0.9356739580886363,-0.9276534740848504,0,0,0,0,79,False,False,
91,7,1471.6507738838043,870.7984535548687,0.8062802476638867,30.507102966308594,0.963236927986145,0,1,0,0,0,0.048326030683539835,-0.9634572415110819,-0.951179057949115,0,0,0,0,79,False,False,
92,0,1472.1995182896032,874.4093503149317,1.0233518114685536,40.063438415527344,0.6581473350524902,0,1,0,0,0,-0.29034562778540224,-0.961593539853555,-0.6127920836390626,0,0,0,0,80,False,False,
92,1,1469.874362258219,871.932909727481,0.7037139286507627,34.07823944091797,0.9521051645278931,0,1,0,0,0,-0.034952727052500326,-0.9683344557187239,-0.9253908632033245,0,0,0,0,80,False,False,
92,2,1458.7886221015337,870.7589361863496,0.0,43.49953842163086,0.9367755055427551,0,1,0,0,0,0.6269335376093286,-0.9960788655838879,-0.8569324730263612,1,0,0,0,80,False,False,
75,3,1422.5987224621422,885.0758087794742,1.351623685195116,80.87918090820312,-0.8136343955993652,0,3,0,2,2,-0.3875970679827775,-0.9018537665931101,0.5044565291591099,0,0,0,0,63,True,True,collision
92,4,1478.483564709079,871.5788703925696,0.563258286185688,30.671844482421875,0.9714484214782715,0,1,0,0,0,-0.020304155546085036,-0.9453657349054791,-0.9078642583262697,0,0,0,0,80,False,False,
92,5,1378.6127039820942,868.4925648312774,-0.35198012157012076,126.90424346923828,10.75990104675293,0,4,0,3,3,0.16826014631548863,-0.9256461897046524,-0.31032877200721787,0,4,0,0,80,False,False,
92,6,1445.7806806777764,871.5896179809198,1.3234440900820268,61.23030471801758,4.2311787605285645,0,2,0,1,1,0.007405449036927318,-0.9392031362409342,-0.929871254680845,0,0,0,0,80,False,False,
92,7,1471.180945242901,870.8049548471665,0.4698736198324061,30.97699546813965,0.9766451120376587,0,1,0,0,0,0.04875405913126908,-0.9647067367392422,-0.9486793103651336,0,0,0,0,80,False,False,
93,0,1470.9340608300242,874.7807196182433,1.3188243785456135,41.382179260253906,0.6695709824562073,0,1,0,0,0,-0.3165392941985273,-0.9647210204951984,-0.5771518565641257,0,0,0,0,81,False,False,
93,1,1468.8702999448533,871.9922831864876,1.005816253972804,35.084144592285156,0.9707733392715454,0,1,0,0,0,-0.03715121077903392,-0.9710126880581118,-0.9252739742904994,0,0,0,0,81,False,False,
93,2,1458.473723426996,870.7647110652927,0.31495162239999996,43.81441116333008,0.938254714012146,0,1,0,0,0,0.755185695669721,-0.9964719421764034,-0.8554370010209842,0,0,0,0,81,False,False,
75,3,1422.5987224621422,885.0758087794742,1.351623685195116,80.87918090820312,-0.8136343955993652,0,3,0,2,2,-0.3875970679827775,-0.9018537665931101,0.5044565291591099,0,0,0,0,63,True,True,collision
93,4,1477.6168317327451,871.6278732845626,0.8681171209509471,31.539928436279297,0.9910975098609924,0,1,0,0,0,-0.02387935936023477,-0.947679064960654,-0.9080249770081309,0,0,0,0,81,False,False,
93,5,1379.03335776999,868.5062210438589,-0.4208753989165008,127.32511901855469,10.761279106140137,0,4,0,3,3,0.16811316809776902,-0.9245633462530021,-0.31336662594850395,0,5,0,0,81,False,False,
93,6,1444.9911085321544,871.6096679556885,0.7898266737901654,62.020111083984375,4.246780872344971,0,2,0,1,1,0.00959727996906218,-0.9413090559956916,-0.9309251558776114,0,0,0,0,81,False,False,
93,7,1470.658759378128,870.8148033168426,0.5222787280023726,31.499183654785156,0.9932985901832581,0,1,0,0,0,0.04742496522658194,-0.9660955369083204,-0.9462315539061708,0,0,0,0,81,False,False,
94,0,1470.179757329965,874.9991531989369,0.7852942119843961,42.16744613647461,0.6820297837257385,0,1,0,0,0,-0.3331486959010375,-0.9665503219803723,-0.5562527249781402,0,0,0,0,82,False,False,
94,1,1468.0546241175998,872.037807090663,0.8169452129837323,35.901084899902344,0.9887241125106812,0,1,0,0,0,-0.03788586960671536,-0.9731876362362173,-0.9255086097017169,0,0,0,0,82,False,False,
94,2,1458.0649114861396,870.7720930330578,0.4088785839767163,44.223289489746094,0.9362568259239197,0,1,0,0,0,0.954867545673465,-0.9967210096439774,-0.8534722724862652,0,0,0,1,82,False,False,
75,3,1422.5987224621422,885.0758087794742,1.351623685195116,80.87918090820312,-0.8136343955993652,0,3,0,2,2,-0.3875970679827775,-0.9018537665931101,0.5044565291591099,0,0,0,0,63,True,True,collision
94,4,1477.2748443930643,871.6483767771975,0.3426014210598167,31.882461547851562,1.0018459558486938,0,1,0,0,0,-0.02650995319002776,-0.9485917084441939,-0.9079519250108885,0,0,0,0,82,False,False,
94,5,1379.5846287061158,868.5279557410902,-0.5516992315390297,127.87681579589844,10.759300231933594,0,4,0,3,3,0.1692773226759218,-0.9231448420727003,-0.317810634358331,0,6,0,0,82,False,False,
94,6,1443.9014231262238,871.6428883775911,1.0901916713722861,63.1103401184082,4.2602033615112305,0,2,0,1,1,0.006689544372303165,-0.9442161760225362,-0.9330402763346518,0,0,0,0,82,False,False,
94,7,1469.835737487323,870.839203145309,0.8233834977537904,32.32266616821289,1.0078585147857666,0,1,0,0,0,0.04336832543093831,-0.9682867271922145,-0.9434241153404563,0,0,0,0,82,False,False,
95,0,1469.315057475702,875.2466089589279,0.8994110245684617,43.06689453125,0.693633496761322,0,1,0,0,0,-0.3553262046420476,-0.968609022514753,-0.5326492830641829,0,0,0,0,83,False,False,
95,1,1467.7627567268432,872.0532784473556,0.29227715727539655,36.19324493408203,1.0050241947174072,0,1,0,0,0,-0.037189017001535124,-0.9739654325650543,-0.9256839430709545,0,0,0,0,83,False,False,
95,2,1458.0649114861396,870.7720930330578,0.0,44.223289489746094,0.9195744395256042,0,1,0,0,0,0.954867545673465,-0.9967210096439774,-0.8534722724862652,1,0,0,2,83,False,False,
75,3,1422.5987224621422,885.0758087794742,1.351623685195116,80.87918090820312,-0.8136343955993652,0,3,0,2,2,-0.3875970679827775,-0.9018537665931101,0.5044565291591099,0,0,0,0,63,True,True,collision
95,4,1476.6244626843054,871.6881625515722,0.6515974792238207,32.5340690612793,1.0110100507736206,0,1,0,0,0,-0.028237572215781232,-0.9503276746779024,-0.907717289599671,0,0,0,0,83,False,False,
95,5,1380.1370281099187,868.5543335805579,-0.5530288344533183,128.429931640625,10.759998321533203,0,4,0,3,3,0.17131895282243728,-0.9217239342790932,-0.32280326884175525,0,7,0,0,83,False,False,
95,6,1443.3408364863112,871.660080441635,0.5608502009579237,63.67115020751953,4.2701096534729,0,2,0,1,1,0.006754387514490329,-0.9457115908563382,-0.9341454039759725,0,0,0,0,83,False,False,
95,7,1469.2993626666948,870.8595298032301,0.5367598357052357,32.85942840576172,1.0223119258880615,0,1,0,0,0,0.03992324224736876,-0.9697154051378987,-0.9421259023086547,0,0,0,0,83,False,False,
96,0,1468.1602218598957,875.5634565777233,1.1975131369095235,44.26436996459961,0.7029966115951538,0,1,0,0,0,-0.3852175870100319,-0.9712878350820254,-0.5027554224277836,0,0,0,0,84,False,False,
96,1,1467.1613066138423,872.082993199645,0.6021836969998956,36.79553985595703,1.0210415124893188,0,1,0,0,0,-0.03719485559882843,-0.9755689841826996,-0.9263074792438565,0,0,0,0,84,False,False,
96,2,1458.0721737259648,870.7719619343527,-0.007263423032611373,44.230491638183594,0.9011778235435486,0,1,0,0,0,0.9511520292885052,-0.9967196142779856,-0.8535088056314328,2,0,0,3,84,False,False,
75,3,1422.5987224621422,885.0758087794742,1.351623685195116,80.87918090820312,-0.8136343955993652,0,3,0,2,2,-0.3875970679827775,-0.9018537665931101,0.5044565291591099,0,0,0,0,63,True,True,collision
96,4,1476.0803154717348,871.7213782731624,0.545160043573625,33.07926940917969,1.0289945602416992,0,1,0,0,0,-0.029002448047099467,-0.9517800826478187,-0.9075264911040362,0,0,0,0,84,False,False,
96,5,1380.5273272340091,868.574593504696,-0.3908246036163427,128.82070922851562,10.762584686279297,0,4,0,3,3,0.17170065446072347,-0.9207200114988292,-0.32653691053998957,0,8,0,0,84,False,False,
96,6,1442.801884204995,871.6760267226308,0.5391881354531033,64.2103271484375,4.289538383483887,0,2,0,1,1,0.0076445368906775,-0.9471492916191544,-0.9351334497477155,0,0,0,0,84,False,False,
96,7,1469.2337695210074,870.8620245350015,0.06564057013594507,32.925025939941406,1.0179064273834229,0,1,0,0,0,0.04007030624653838,-0.9698899779504491,-0.941965176480247,1,0,0,0,84,False,False,
97,0,1466.7232932067725,875.9544139623852,1.4891647426622572,45.75360870361328,0.709516167640686,0,1,0,0,0,-0.44006798046291606,-0.9744594143836459,-0.46596397248728283,0,0,0,0,85,False,False,
97,1,1466.725393742159,872.1049777025494,0.4364668945832111,37.23200607299805,1.0368667840957642,0,1,0,0,0,-0.03973885639003483,-0.9767307378148978,-0.9267101442538965,0,0,0,0,85,False,False,
97,2,1457.764408817013,870.7771300340959,0.30780829819409394,44.538272857666016,0.8977937698364258,0,1,0,0,0,1.0,-0.9966789659433947,-0.8529871506239278,0,0,0,4,85,False,False,
75,3,1422.5987224621422,885.0758087794742,1.351623685195116,80.87918090820312,-0.8136343955993652,0,3,0,2,2,-0.3875970679827775,-0.9018537665931101,0.5044565291591099,0,0,0,0,63,True,True,collision
97,4,1475.9525320228652,871.7290612755908,0.12801421144286076,33.20730972290039,1.0439025163650513,0,1,0,0,0,-0.028623867848490175,-0.9521211760650637,-0.9074972688758299,0,0,0,0,85,False,False,
97,5,1381.04878578331,868.6020097694258,-0.5221787722712693,129.34291076660156,10.762349128723145,0,4,0,3,3,0.16918773087275932,-0.9193771897170586,-0.3315518994205352,0,9,0,0,85,False,False,
97,6,1442.6735850295793,871.6799173436633,0.1283581526215089,64.33868408203125,4.300461769104004,0,2,0,1,1,0.007222008205711303,-0.9474915511455797,-0.9353822353207936,0,0,0,0,85,False,False,
97,7,1468.9752857443186,870.8715973971349,0.25866097985727265,33.18362808227539,1.0352262258529663,0,1,0,0,0,0.04165796515879284,-0.970578139081992,-0.9413124180791387,0,0,0,0,85,False,False,
98,0,1465.695082774933,876.241310155613,1.067485886479109,46.82109069824219,0.7175227403640747,0,1,0,0,0,-0.49392106862016916,-0.9765692725600873,-0.4387752511782368,0,0,0,0,86,False,False,
98,1,1466.293189224385,872.1261726733583,0.43272389808268125,37.66465377807617,1.0507874488830566,0,1,0,0,0,-0.04087811222900402,-0.9778822068513273,-0.9271867117002,0,0,0,0,86,False,False,
98,2,1457.764408817013,870.7771300340959,0.0,44.538272857666016,0.8791950941085815,0,1,0,0,0,1.0,-0.9966789659433947,-0.8529871506239278,1,0,0,5,86,False,False,
75,3,1422.5987224621422,885.0758087794742,1.351623685195116,80.87918090820312,-0.8136343955993652,0,3,0,2,2,-0.3875970679827775,-0.9018537665931101,0.5044565291591099,0,0,0,0,63,True,True,collision
98,4,1475.5301884017006,871.7547756613512,0.4231257070580908,33.630455017089844,1.056486964225769,0,1,0,0,0,-0.029807342547933206,-0.9532483555226783,-0.9073584615052136,0,0,0,0,86,False,False,
98,5,1381.4327906576304,868.6229418047141,-0.38457495186657353,129.72738647460938,10.764225006103516,0,4,0,3,3,0.16829964378262552,-0.9183879761571978,-0.33534402845446043,0,10,0,0,86,False,False,
98,6,1442.6735850295793,871.6799173436633,0.0,64.33868408203125,4.290886402130127,0,2,0,1,1,0.007222008205711303,-0.9474915511455797,-0.9353822353207936,1,0,0,0,86,False,False,
98,7,1468.9752857443186,870.8715973971349,0.0,33.18362808227539,1.03529953956604,0,1,0,0,0,0.04165796515879284,-0.970578139081992,-0.9413124180791387,1,0,0,0,86,False,False,
99,0,1464.667791957774,876.5337867233791,1.0681146781652187,47.88914108276367,0.7229123115539551,0,1,0,0,0,-0.5567312917931746,-0.978498058963637,-0.4109127534751368,0,0,0,0,87,False,False,
99,1,1466.293189224385,872.1261726733583,0.0,37.66465377807617,1.052655577659607,0,1,0,0,0,-0.04087811222900402,-0.9778822068513273,-0.9271867117002,1,0,0,0,87,False,False,
99,2,1457.902243394523,870.7749097440167,-0.13785245897500004,44.676109313964844,0.864594042301178,0,1,0,0,0,1.0,-0.9967226841689946,-0.8529576782665977,0,0,0,6,87,False,False,
75,3,1422.5987224621422,885.0758087794742,1.351623685195116,80.87918090820312,-0.8136343955993652,0,3,0,2,2,-0.3875970679827775,-0.9018537665931101,0.5044565291591099,0,0,0,0,63,True,True,collision
99,4,1475.5301884017006,871.7547756613512,0.0,33.630455017089844,1.051012396812439,0,1,0,0,0,-0.029807342547933206,-0.9532483555226783,-0.9073584615052136,1,0,0,0,87,False,False,
99,5,1381.49629034492,868.6264443815522,-0.06359621317630167,129.79107666015625,10.760795593261719,0,4,0,3,3,0.16836467572971212,-0.9182240573388101,-0.3359808714967487,1,0,0,0,87,False,False,
99,6,1442.7107733548405,871.6787785612033,-0.03720575709780051,64.37593078613281,4.289351463317871,0,2,0,1,1,0.0070201778781589985,-0.9473922246303726,-0.9353017509153011,2,0,0,0,87,False,False,
99,7,1468.8182323750561,870.8774908976844,0.1571639085331897,33.340843200683594,1.0507817268371582,0,1,0,0,0,0.04194172423454619,-0.9709964895121428,-0.9409243677564749,0,0,0,0,87,False,False,
100,0,1463.539714276536,876.84936305534,1.1713870736016607,49.06061553955078,0.7235050201416016,0,1,0,0,0,-0.6314147641605208,-0.9803670447613174,-0.38099702440677086,0,0,0,0,88,False,False,
100,1,1466.430874286205,872.1193811936155,-0.13785245897500004,37.80251693725586,1.0633758306503296,0,1,0,0,0,-0.0403907661935831,-0.9775153241949739,-0.9270406005591687,0,0,0,0,88,False,False,
100,2,1457.9391235378562,870.7743248348546,-0.036884781292600304,44.71297836303711,0.8392679691314697,0,1,0,0,0,1.0,-0.9967275741590668,-0.8529576782665977,1,0,0,7,88,False,False,
75,3,1422.5987224621422,885.0758087794742,1.351623685195116,80.87918090820312,-0.8136343955993652,0,3,0,2,2,-0.3875970679827775,-0.9018537665931101,0.5044565291591099,0,0,0,0,63,True,True,collision
100,4,1475.2157715599335,871.7731216163704,0.31495162239999996,33.9453239440918,1.0660635232925415,0,1,0,0,0,-0.028715350418042362,-0.9540871598323102,-0.9073511577347987,0,0,0,0,88,False,False,
100,5,1381.6964040614344,868.637906771135,-0.20044172697353668,129.99147033691406,10.769264221191406,0,4,0,3,3,0.16862216530661525,-0.9177083847089518,-0.3380088326739644,0,0,0,0,88,False,False,
100,6,1442.7797256677043,871.6766095486255,-0.06898641942304191,64.44493103027344,4.287770748138428,0,2,0,1,1,0.00646563670853608,-0.9472082276088185,-0.9351627148552001,3,0,0,0,88,False,False,
100,7,1468.3733788725222,870.8946127516233,0.4451828799483331,33.78599548339844,1.0673702955245972,0,1,0,0,0,0.043093581492077405,-0.9721809497383892,-0.9398762481157416,0,0,0,0,88,False,False,
101,0,1462.31149892991,877.1826386780518,1.2726293955357209,50.33317565917969,0.7241272330284119,0,1,0,0,0,-0.7269318508910273,-0.9820224821361233,-0.3496523862661445,0,0,0,0,89,False,False,
101,1,1466.3431537125743,872.1236440531825,0.08782409128349977,37.89038848876953,1.060575246810913,0,1,0,0,0,-0.04034770918049794,-0.9777491840364531,-0.9271355710142024,1,0,0,0,89,False,False,
101,2,1457.699431474143,870.7785576590978,0.23972943542294156,44.952640533447266,0.83713698387146,0,1,0,0,0,1.0,-0.9966456901628237,-0.8530530131954976,0,0,0,8,89,False,False,
75,3,1422.5987224621422,885.0758087794742,1.351623685195116,80.87918090820312,-0.8136343955993652,0,3,0,2,2,-0.3875970679827775,-0.9018537665931101,0.5044565291591099,0,0,0,0,63,True,True,collision
101,4,1474.5924261310975,871.8102375362794,0.6244494496447341,34.56983947753906,1.0805745124816895,0,1,0,0,0,-0.030581257798435343,-0.9557506872743553,-0.9072480259237826,0,0,0,0,89,False,False,
101,5,1381.5788563528915,868.6313537043619,0.11773022750251576,130.1092071533203,10.783364295959473,0,4,0,3,3,0.16828459517017663,-0.918011495809347,-0.3368375423061254,0,0,0,0,89,False,False,
101,6,1442.5588029734233,871.6834439839026,0.22102838359343788,64.66598510742188,4.29894495010376,0,2,0,1,1,0.006873615335183874,-0.9477976682935675,-0.9356090809964412,0,0,0,0,89,False,False,
101,7,1467.7560530159737,870.9215572730284,0.6179136026960701,34.403892517089844,1.083229422569275,0,1,0,0,0,0.04231777190197287,-0.9738252617185873,-0.9388053667247424,0,0,0,0,89,False,False,
102,0,1461.1068850214808,877.5146861502536,1.24953999222782,51.58270263671875,3.930543899536133,0,2,1,1,1,-0.25452754891864515,-0.8975054013689439,-0.31828585110736596,0,0,0,0,90,False,False,
102,1,1465.9422323252002,872.1411479698432,0.4013033091721013,38.291648864746094,1.0785754919052124,0,1,0,0,0,-0.039091461115828625,-0.978817292438804,-0.9278321663308933,0,0,0,0,90,False,False,
102,2,1457.1489310989075,870.7875351544285,0.5505735723378807,45.50325012207031,0.825883686542511,0,1,0,0,0,1.0,-0.9960497360799193,-0.8531847240455445,0,0,0,9,90,False,False,
75,3,1422.5987224621422,885.0758087794742,1.351623685195116,80.87918090820312,-0.8136343955993652,0,3,0,2,2,-0.3875970679827775,-0.9018537665931101,0.5044565291591099,0,0,0,0,63,True,True,collision
102,4,1473.7244891744408,871.8663615301143,0.8697496555988347,35.439571380615234,1.0996793508529663,0,1,0,0,0,-0.03569744466612437,-0.958066518888648,-0.906573349064883,0,0,0,0,90,False,False,
102,5,1381.3491969591496,868.619359026223,0.22997241016606915,130.33912658691406,10.79730224609375,0,4,0,3,3,0.1672862752522734,-0.9186037590499864,-0.3346413800129735,0,0,0,0,90,False,False,
102,6,1442.5588029734233,871.6834439839026,0.0,64.66598510742188,4.297611713409424,0,2,0,1,1,0.006873615335183874,-0.9477976682935675,-0.9356090809964412,1,0,0,0,90,False,False,
102,7,1467.1382682938583,870.9532313604049,0.6185961612314604,35.02250289916992,1.0979770421981812,0,1,0,0,0,0.0399943537001156,-0.9754718379210043,-0.9382995770502327,0,0,0,0,90,False,False,
103,0,1459.82110262431,877.8857212389414,1.3382463935732465,52.921051025390625,3.941474199295044,0,2,0,1,1,-0.2713106215685002,-0.9007657561596283,-0.2828209716947595,0,0,0,0,91,False,False,
103,1,1465.233399925937,872.1646464685116,0.7092217916031139,39.00090026855469,1.09737229347229,0,1,0,0,0,-0.03558739750447128,-0.9807059396398361,-0.929950316923605,0,0,0,0,91,False,False,
103,2,1457.1188222755784,870.7880184222881,0.030112701474455047,45.53340530395508,0.8063572645187378,0,1,0,0,0,1.0,-0.9960040534576817,-0.8531920421090522,1,0,0,10,91,False,False,
75,3,1422.5987224621422,885.0758087794742,1.351623685195116,80.87918090820312,-0.8136343955993652,0,3,0,2,2,-0.3875970679827775,-0.9018537665931101,0.5044565291591099,0,0,0,0,63,True,True,collision
103,4,1473.0021388625858,871.9175892897787,0.724164523017501,36.16367721557617,1.1189454793930054,0,1,0,0,0,-0.04157593631396107,-0.9599935372209121,-0.9054594811973221,0,0,0,0,91,False,False,
103,5,1380.831690031867,868.5968126439972,0.5179978370001251,130.85719299316406,10.812538146972656,0,4,0,3,3,0.1645478108930705,-0.9199401325476984,-0.33021195055779085,0,0,0,0,91,False,False,
103,6,1442.5735940128536,871.6829870737562,-0.014798094955495129,64.6807632446289,4.294056415557861,0,2,0,1,1,0.006897978335302608,-0.9477582602391035,-0.9355724835323561,2,0,0,0,91,False,False,
103,7,1466.2172494992635,871.0033308740228,0.9223803885932842,35.94488525390625,1.1086862087249756,0,1,0,0,0,0.04224255270430603,-0.9779266559563594,-0.9378896011232313,0,0,0,0,91,False,False,
104,0,1458.5639473038405,878.2456777546004,1.3076728157113213,54.228641510009766,3.9491629600524902,0,2,0,1,1,-0.2795015147713078,-0.9039330500496762,-0.2484854181295647,0,0,0,0,92,False,False,
104,1,1464.6003217075906,872.180432823667,0.6332750109972575,39.634151458740234,1.1152479648590088,0,1,0,0,0,-0.0332690063897025,-0.9823925140801413,-0.9324719829653777,0,0,0,0,92,False,False,
104,2,1457.1188222755784,870.7880184222881,0.0,45.53340530395508,0.7884750366210938,0,1,0,0,0,1.0,-0.9960040534576817,-0.8531920421090522,2,0,0,11,92,False,False,
75,3,1422.5987224621422,885.0758087794742,1.351623685195116,80.87918090820312,-0.8136343955993652,0,3,0,2,2,-0.3875970679827775,-0.9018537665931101,0.5044565291591099,0,0,0,0,63,True,True,collision
104,4,1472.6122181643273,871.9458679476628,0.3909447958755854,36.55471420288086,1.134677529335022,0,1,0,0,0,-0.04373093158442127,-0.9610339122455587,-0.9047921152553838,0,0,0,0,92,False,False,
104,5,1380.6173680866636,868.5881450426931,0.21449714102568138,131.07171630859375,10.82657241821289,0,4,0,3,3,0.16371865332841176,-0.9204935342437689,-0.32845510076458895,0,0,0,0,92,False,False,
104,6,1442.6956575953368,871.6793492162986,-0.12211777993186387,64.80288696289062,4.309039115905762,0,2,0,1,1,0.007543763383107047,-0.9474326152029734,-0.9353456521498013,0,0,0,0,92,False,False,
104,7,1465.6474762866385,871.0327331791838,0.5705313395193694,36.515464782714844,1.1206028461456299,0,1,0,0,0,0.04727448172566413,-0.9794442893598295,-0.9374422559051341,0,0,0,0,92,False,False,
105,0,1457.818208239085,878.454233648977,0.7743528354579595,55.00298309326172,3.9620251655578613,0,2,0,1,1,-0.2814285498507237,-0.9058035177604193,-0.22653345732877195,0,0,0,0,93,False,False,
105,1,1463.6637626908052,872.2003932727944,0.9367716965468621,40.57088851928711,1.1321011781692505,0,1,0,0,0,-0.036079306453845876,-0.984887035165585,-0.9365995494474119,0,0,0,0,93,False,False,
105,2,1457.256655834521,870.7857357758814,-0.13785245897500004,45.671363830566406,0.7774537801742554,0,1,0,0,0,1.0,-0.9962034071445858,-0.8531481480210984,0,0,0,12,93,False,False,
75,3,1422.5987224621422,885.0758087794742,1.351623685195116,80.87918090820312,-0.8136343955993652,0,3,0,2,2,-0.3875970679827775,-0.9018537665931101,0.5044565291591099,0,0,0,0,63,True,True,collision
105,4,1471.98191155102,871.9897958402643,0.6318354900822399,37.186492919921875,1.1490308046340942,0,1,0,0,0,-0.04383215286514207,-0.9627148338424902,-0.9039201794229089,0,0,0,0,93,False,False,
105,5,1380.6173680866636,868.5881450426931,0.0,131.07171630859375,10.825390815734863,0,4,0,3,3,0.16371865332841176,-0.9204935342437689,-0.32845510076458895,1,0,0,0,93,False,False,
105,6,1442.8973978711379,871.6732688373959,-0.2018318852112494,65.004638671875,4.314584255218506,0,2,0,1,1,0.007254239689233563,-0.946894649816367,-0.9349651557266763,0,0,0,0,93,False,False,
105,7,1464.7732000061103,871.0740027114743,0.8752497866265009,37.39070510864258,1.1325324773788452,0,1,0,0,0,0.0564729701606028,-0.9817701253625202,-0.9362910044533846,0,0,0,0,93,False,False,
106,0,1456.7792467262993,878.7303753074993,1.0750326695599661,56.0779914855957,3.976680040359497,0,2,0,1,1,-0.2814961597823324,-0.9084024991270185,-0.1952090582075341,0,0,0,0,94,False,False,
106,1,1463.253740005024,872.2082943062516,0.410098804174092,40.98099899291992,1.1479113101959229,0,1,0,0,0,-0.03749479646101387,-0.9859789003422993,-0.9385049830866974,0,0,0,0,94,False,False,
106,2,1457.449280094255,870.782435371728,-0.19265253205090838,45.864017486572266,0.7692164778709412,0,1,0,0,0,1.0,-0.9964364793949253,-0.8530822854495286,0,0,0,13,94,False,False,
75,3,1422.5987224621422,885.0758087794742,1.351623685195116,80.87918090820312,-0.8136343955993652,0,3,0,2,2,-0.3875970679827775,-0.9018537665931101,0.5044565291591099,0,0,0,0,63,True,True,collision
106,4,1471.0484099955645,872.0487361664598,0.9353604204207444,38.121822357177734,1.1657546758651733,0,1,0,0,0,-0.04251853278211936,-0.9652038591562542,-0.9033632490624017,0,0,0,0,94,False,False,
106,5,1380.3026169692714,868.5769085595839,0.31495162239999996,131.38661193847656,10.840446472167969,0,4,0,3,3,0.16240053879976005,-0.9213063714459107,-0.3260610077225009,0,0,0,0,94,False,False,
106,6,1443.0852282917376,871.667323839013,-0.1879244792689221,65.19259643554688,4.32816219329834,0,2,0,1,1,0.006235347326202777,-0.9463934427419572,-0.934569808780144,0,0,0,0,94,False,False,
106,7,1463.6174298634842,871.1150159449146,1.15649760393327,38.54719543457031,1.1461085081100464,0,1,0,0,0,0.07689849798867575,-0.9848354142327513,-0.9331612673651072,0,0,0,0,94,False,False,
107,0,1455.7006431859977,879.0029047117436,1.112500729585788,57.190513610839844,3.987461805343628,0,2,0,1,1,-0.2825255648525058,-0.9110906458306967,-0.16437474065183133,0,0,0,0,95,False,False,
107,1,1462.6571438903063,872.2161816306996,0.5966482497946891,41.57773208618164,1.1597312688827515,0,1,0,0,0,-0.037947168748262865,-0.9875676811526463,-0.9417159335281996,0,0,0,0,95,False,False,
107,2,1457.3238982660278,870.784444204018,0.1253979196669172,45.98952102661133,0.7637173533439636,0,1,0,0,0,1.0,-0.9962907435248197,-0.8531115577035596,0,0,0,14,95,False,False,
75,3,1422.5987224621422,885.0758087794742,1.351623685195116,80.87918090820312,-0.8136343955993652,0,3,0,2,2,-0.3875970679827775,-0.9018537665931101,0.5044565291591099,0,0,0,0,63,True,True,collision
107,4,1469.8177356804774,872.1195069628737,1.2327074979249186,39.35456848144531,1.184981346130371,0,1,0,0,0,-0.04300658529665498,-0.9684843912968919,-0.9034509157470205,0,0,0,0,95,False,False,
107,5,1380.2350788613983,868.5745419939883,0.06757955791359543,131.45416259765625,10.838518142700195,0,4,0,3,3,0.16234935144798077,-0.921480673967819,-0.3255558326509811,1,0,0,0,95,False,False,
107,6,1443.2177295856998,871.6629169711199,-0.13257455783930858,65.32524108886719,4.342959403991699,0,2,0,1,1,0.005178002944966743,-0.9460397450338812,-0.9342697967625115,0,0,0,0,95,False,False,
107,7,1462.4666647534245,871.1559690327902,1.15149359265999,39.69868087768555,1.1556810140609741,0,1,0,0,0,0.09625199669724098,-0.9878780674952934,-0.930053448734621,0,0,0,0,95,False,False,
108,0,1455.1350535809615,879.1433312284735,0.582761707669567,57.773345947265625,3.9996895790100098,0,2,0,1,1,-0.28471027336677124,-0.9124946253268608,-0.148514953376503,0,0,0,0,96,False,False,
108,1,1462.5816652455148,872.2171036396688,0.0754842759791803,41.653175354003906,1.1567492485046387,0,1,0,0,0,-0.03791989864271399,-0.9877685177551272,-0.9421267527476755,1,0,0,0,96,False,False,
108,2,1457.3238982660278,870.784444204018,0.0,45.98952102661133,0.744717538356781,0,1,0,0,0,1.0,-0.9962907435248197,-0.8531115577035596,1,0,0,15,96,False,False,
75,3,1422.5987224621422,885.0758087794742,1.351623685195116,80.87918090820312,-0.8136343955993652,0,3,0,2,2,-0.3875970679827775,-0.9018537665931101,0.5044565291591099,0,0,0,0,63,True,True,collision
108,4,1468.446379600508,872.2021061304648,1.3738413738696669,40.728389739990234,1.20387601852417,0,1,0,0,0,-0.050612419454254605,-0.9721376915849629,-0.9031140061103543,0,0,0,0,96,False,False,
108,5,1379.8636582816596,868.5632352579792,0.3715926389645343,131.82579040527344,10.852038383483887,0,4,0,3,3,0.16144042568907682,-0.9224404011634626,-0.32296460927315274,0,0,0,0,96,False,False,
108,6,1443.1898785080057,871.6638432060229,0.027866475195551226,65.35321044921875,4.332716941833496,0,2,0,1,1,0.005187115597200571,-0.9461143264850371,-0.9343283341240273,1,0,0,0,96,False,False,
108,7,1461.6843376727902,871.183925048042,0.782826417465872,40.481529235839844,1.170997977256775,0,1,0,0,0,0.1160349519689365,-0.9899369877523749,-0.9279563590141333,0,0,0,0,96,False,False,
109,0,1454.2744661269217,879.3591790052453,0.8872435002794807,58.660606384277344,4.009965419769287,0,2,0,1,1,-0.2938950960601826,-0.914619284471442,-0.1241066959938062,0,0,0,0,97,False,False,
109,1,1462.1925100094813,872.2207835899643,0.3891726349146721,42.042354583740234,1.1719480752944946,0,1,0,0,0,-0.03951132738320666,-0.9888044980439253,-0.94439832539838,0,0,0,0,97,False,False,
109,2,1457.4161454531413,870.7829283905505,-0.09225964025968034,46.081817626953125,0.7232508659362793,0,1,0,0,0,1.0,-0.9964002641155147,-0.8530822854495286,2,0,0,16,97,False,False,
75,3,1422.5987224621422,885.0758087794742,1.351623685195116,80.87918090820312,-0.8136343955993652,0,3,0,2,2,-0.3875970679827775,-0.9018537665931101,0.5044565291591099,0,0,0,0,63,True,True,collision
109,4,1466.8579808493096,872.2834110614712,1.5904782565677766,42.31884765625,1.2197340726852417,0,1,0,0,0,-0.052917866718387864,-0.9763664956948448,-0.90443328001438,0,0,0,0,97,False,False,
109,5,1379.2339071131332,868.547090171527,0.6299580923179936,132.4557647705078,10.865976333618164,0,4,0,3,3,0.16185145497436035,-0.9240674852176987,-0.31893795917275236,0,0,0,0,97,False,False,
109,6,1442.9098113869024,871.6726583815387,0.280205816574974,65.63337707519531,4.339345932006836,0,2,0,1,1,0.006407754316096417,-0.9468614077462227,-0.9349137220322765,0,0,0,0,97,False,False,
109,7,1461.42577716813,871.1929070684549,0.2587164688627972,40.740230560302734,1.185437798500061,0,1,0,0,0,0.12518689168087588,-0.990614494116696,-0.9272378523861975,0,0,0,0,97,False,False,
110,0,1453.726845130446,879.4981602699013,0.5649819003352331,59.2255744934082,4.021049976348877,0,2,0,1,1,-0.30078891261702867,-0.9159635628269105,-0.10838595192512523,0,0,0,0,98,False,False,
110,1,1461.5949823649603,872.2223309394612,0.5975296480154031,42.639892578125,1.1873515844345093,0,1,0,0,0,-0.04097379437568836,-0.9903950922335498,-0.9483643156129856,0,0,0,0,98,False,False,
110,2,1457.5425094892878,870.7809198990468,-0.12637999710934064,46.20817565917969,0.7104241251945496,0,1,0,0,0,1.0,-0.9965277791743811,-0.8530676493225131,0,0,0,17,98,False,False,
75,3,1422.5987224621422,885.0758087794742,1.351623685195116,80.87918090820312,-0.8136343955993652,0,3,0,2,2,-0.3875970679827775,-0.9018537665931101,0.5044565291591099,0,0,0,0,63,True,True,collision
110,4,1465.375678527017,872.3496456662331,1.4837813846863113,43.80262756347656,1.2376210689544678,0,1,0,0,0,-0.058585989165195924,-0.980309289607337,-0.9068152882465154,0,0,0,0,98,False,False,
110,5,1379.125659811106,868.5444541203657,0.1082793939856482,132.56407165527344,10.877291679382324,0,4,0,3,3,0.1616431427319368,-0.9243470527599155,-0.31825720774941757,0,0,0,0,98,False,False,
110,6,1442.3196663652136,871.6873925664914,0.590328927658442,66.22364807128906,4.358550071716309,0,2,0,1,1,0.010870397950958477,-0.9484352405793949,-0.9356676183579569,0,0,0,0,98,False,False,
110,7,1461.3586222155463,871.1952141729167,0.06719457111641113,40.80740737915039,1.1858090162277222,0,1,0,0,0,0.12786348140795697,-0.9907900736016219,-0.9270406005591687,1,0,0,0,98,False,False,
111,0,1453.0928839577923,879.6573182398516,0.6536344757057073,59.87916564941406,4.029842376708984,0,2,0,1,1,-0.3052419790990724,-0.9175137452745222,-0.09038894707130529,0,0,0,0,99,False,False,
111,1,1461.5186305009472,872.2225300418165,0.0763521236117416,42.7161865234375,1.1825956106185913,0,1,0,0,0,-0.041868752502723004,-0.9905981155223815,-0.9488774126311834,1,0,0,0,99,False,False,
111,2,1457.8046836123062,870.7764524256065,-0.26221218335421975,46.470420837402344,0.6864604949951172,0,1,0,0,0,1.0,-0.9966958344222621,-0.8529725287900051,0,0,0,18,99,False,False,
75,3,1422.5987224621422,885.0758087794742,1.351623685195116,80.87918090820312,-0.8136343955993652,0,3,0,2,2,-0.3875970679827775,-0.9018537665931101,0.5044565291591099,0,0,0,0,63,True,True,collision
111,4,1464.2735485294443,872.4040634440037,1.1034726213582988,44.90614318847656,1.252882957458496,0,1,0,0,0,-0.07235302101201897,-0.9832358460105346,-0.9079811472390947,0,0,0,0,99,False,False,
111,5,1378.9009504994565,868.5394382841982,0.22476528502964652,132.7887420654297,10.889607429504395,0,4,0,3,3,0.1616170563260198,-0.9249271128261838,-0.3169027371044001,0,0,0,0,99,False,False,
111,6,1442.250425956154,871.6891217039371,0.06926199652804242,66.29300689697266,4.35557746887207,0,2,0,1,1,0.010904491952855248,-0.9486201713386562,-0.9357554279735036,1,0,0,0,99,False,False,
111,7,1461.3263957946742,871.1963145713218,0.03224520241648872,40.83965301513672,1.186165452003479,0,1,0,0,0,0.1291947090523081,-0.9908743118011476,-0.9269447725185676,2,0,0,0,99,False,False,
112,0,1452.165968400556,879.894301392182,0.9567306124165342,60.83584976196289,4.035977363586426,0,2,0,1,1,-0.3174181644390059,-0.9197633744237352,-0.06357287527744326,0,0,0,0,100,False,False,
112,1,1461.2055406245722,872.2233534267223,0.3130909590696967,43.029296875,1.1967824697494507,0,1,0,0,0,-0.045955142240413555,-0.9914311027679243,-0.9509598840910216,0,0,0,0,100,False,False,
112,2,1457.7477784587495,870.7773913698593,0.05691289939566292,46.527313232421875,0.6648468971252441,0,1,0,0,0,1.0,-0.9966711042656854,-0.8529944829805284,1,0,0,19,100,False,False,
75,3,1422.5987224621422,885.0758087794742,1.351623685195116,80.87918090820312,-0.8136343955993652,0,3,0,2,2,-0.3875970679827775,-0.9018537665931101,0.5044565291591099,0,0,0,0,63,True,True,collision
112,4,1462.88328173949,872.488904414624,1.3928530925928162,46.298988342285156,1.2711800336837769,0,1,0,0,0,-0.10232508868752398,-0.9869127667928411,-0.9074972688758299,0,0,0,0,100,False,False,
112,5,1378.9009504994565,868.5394382841982,0.0,132.7887420654297,10.884703636169434,0,4,0,3,3,0.1616170563260198,-0.9249271128261838,-0.3169027371044001,1,0,0,0,100,False,False,
112,6,1442.250425956154,871.6891217039371,0.0,66.29300689697266,4.355045795440674,0,2,0,1,1,0.010904491952855248,-0.9486201713386562,-0.9357554279735036,2,0,0,0,100,False,False,
112,7,1461.3263957946742,871.1963145713218,0.0,40.83965301513672,1.1863495111465454,0,1,0,0,0,0.1291947090523081,-0.9908743118011476,-0.9269447725185676,3,0,0,0,100,False,False,
113,0,1451.222880957866,880.1450811516238,0.9758608570411904,61.81174087524414,4.048145771026611,0,2,0,1,1,-0.33386445240795665,-0.9220265862596866,-0.03511732856835925,0,0,0,0,101,False,False,
113,1,1460.5829294143948,872.2270894371594,0.6226224191373545,43.6519889831543,1.2130961418151855,0,1,0,0,0,-0.05965407328807386,-0.9930857295219059,-0.9548373571819876,0,0,0,0,101,False,False,
113,2,1457.7190134691018,870.7778573387238,0.028768763553889774,46.55612564086914,0.6469571590423584,0,1,0,0,0,1.0,-0.9966558481301455,-0.8529944829805284,2,0,0,20,101,False,False,
75,3,1422.5987224621422,885.0758087794742,1.351623685195116,80.87918090820312,-0.8136343955993652,0,3,0,2,2,-0.3875970679827775,-0.9018537665931101,0.5044565291591099,0,0,0,0,63,True,True,collision
113,4,1461.208162944817,872.6174537749865,1.6800440215412067,47.97908401489258,1.289591908454895,0,1,0,0,0,-0.16980175694120084,-0.9912879876845963,-0.9037659140724418,0,0,0,0,101,False,False,
113,5,1378.9808270040937,868.5412051609975,-0.07989604399907936,132.86859130859375,10.87952995300293,0,4,0,3,3,0.16103693250909018,-0.924720968054892,-0.3173859579853966,2,0,0,0,101,False,False,
113,6,1441.9355887403467,871.6976100485956,0.31495162239999996,66.60794067382812,4.369505405426025,0,2,0,1,1,0.009799987012010547,-0.9494598963109872,-0.9362385702424898,0,0,0,0,101,False,False,
113,7,1461.464160231079,871.1913890756546,-0.13785245897500004,40.97743606567383,1.1973273754119873,0,1,0,0,0,0.1232346658711429,-0.9905140511318892,-0.9273190657394222,0,0,0,0,101,False,False,
114,0,1449.9985183436315,880.4912172752089,1.2723498053544642,63.08409118652344,4.060870170593262,0,2,0,1,1,-0.35860044014931797,-0.9249163854380578,0.004279809359871933,0,0,0,0,102,False,False,
114,1,1459.994946345257,872.233904466151,0.5880225626734427,44.23991775512695,1.2308712005615234,0,1,0,0,0,-0.08167450070952403,-0.9946435776352348,-0.9581213667672785,0,0,0,0,102,False,False,
114,2,1457.420304952307,870.7824893782887,0.2987444288956081,46.85486602783203,0.6413177251815796,0,1,0,0,0,1.0,-0.9964040086594543,-0.8530383770684821,0,0,0,21,102,False,False,
75,3,1422.5987224621422,885.0758087794742,1.351623685195116,80.87918090820312,-0.8136343955993652,0,3,0,2,2,-0.3875970679827775,-0.9018537665931101,0.5044565291591099,0,0,0,0,63,True,True,collision
114,4,1459.5612055137883,872.7522280901012,1.652462676018952,49.63156509399414,1.3014049530029297,0,1,0,0,0,-0.33784167979253604,-0.9953788086675845,-0.8990895714393362,0,0,0,0,102,False,False,
114,5,1379.063915665108,868.5430519588946,-0.08310918271534834,132.9517364501953,10.875521659851074,0,4,0,3,3,0.16063705820796864,-0.9245062652895226,-0.3178837578210374,3,0,0,0,102,False,False,
114,6,1441.9355887403467,871.6976100485956,0.0,66.60794067382812,4.370391368865967,0,2,0,1,1,0.009799987012010547,-0.9494598963109872,-0.9362385702424898,1,0,0,0,102,False,False,
114,7,1461.41823396079,871.1930204590781,0.04595523598601468,41.02336120605469,1.1942524909973145,0,1,0,0,0,0.12499269488680542,-0.9906341748804578,-0.9271940226171613,1,0,0,0,102,False,False,
115,0,1449.2880694938933,880.6971447370433,0.739691616575322,63.82378387451172,4.0704145431518555,0,2,0,1,1,-0.37203362942716844,-0.9265694402236094,0.027751240268833577,0,0,0,0,103,False,False,
115,1,1459.3182668841027,872.2477218642671,0.6768205180389907,44.91681671142578,1.2442504167556763,0,1,0,0,0,-0.13126069646308958,-0.9964231603859133,-0.9611707445146255,0,0,0,0,103,False,False,
115,2,1457.420304952307,870.7824893782887,0.0,46.85486602783203,0.623237133026123,0,1,0,0,0,1.0,-0.9964040086594543,-0.8530383770684821,1,0,0,22,103,False,False,
75,3,1422.5987224621422,885.0758087794742,1.351623685195116,80.87918090820312,-0.8136343955993652,0,3,0,2,2,-0.3875970679827775,-0.9018537665931101,0.5044565291591099,0,0,0,0,63,True,True,collision
115,4,1457.7414675028763,872.8875957326626,1.8247659649967445,51.45629119873047,4.5222673416137695,0,2,1,1,1,-0.05437193857687311,-0.9073503549843942,-0.8940310386516102,0,0,0,0,103,False,False,
115,5,1379.2197475238675,868.546704969947,-0.15587466982868264,133.1075439453125,10.883562088012695,0,4,0,3,3,0.16053584758501654,-0.9241040044409836,-0.31883556345601494,0,0,0,0,103,False,False,
115,6,1442.0027772239332,871.6957895939909,-0.06721314143536199,66.67522430419922,4.364470958709717,0,2,0,1,1,0.009680866216753733,-0.9492804883501058,-0.9361361316464739,2,0,0,0,103,False,False,
115,7,1461.0583040232548,871.2053504680241,0.3601410682701469,41.3834342956543,1.209463357925415,0,1,0,0,0,0.14003961343447,-0.9915735801577602,-0.9261605176638043,0,0,0,0,103,False,False,
116,0,1448.3368615786153,880.9820483790089,0.9929585002872471,64.81671142578125,4.080487251281738,0,2,0,1,1,-0.39092139440107304,-0.9287493572115382,0.060283348558335836,0,0,0,0,104,False,False,
116,1,1459.1638928687046,872.2509878286872,0.15440855919844698,45.07114791870117,1.252004623413086,0,1,0,0,0,-0.14866857987954063,-0.9968248223188428,-0.961860028914355,0,0,0,0,104,False,False,
116,2,1457.4421625659022,870.7821537410784,-0.02186019040200042,46.8767204284668,0.5978551506996155,0,1,0,0,0,1.0,-0.9964279305078729,-0.8530456951319898,2,0,0,23,104,False,False,
75,3,1422.5987224621422,885.0758087794742,1.351623685195116,80.87918090820312,-0.8136343955993652,0,3,0,2,2,-0.3875970679827775,-0.9018537665931101,0.5044565291591099,0,0,0,0,63,True,True,collision
116,4,1455.6828739221005,873.0266083674261,2.063281862333662,53.51957321166992,4.543217182159424,0,2,0,1,1,-0.053181289596737874,-0.9128343903050706,-0.8808937353717342,0,0,0,0,104,False,False,
116,5,1379.4167281995822,868.5516465074896,-0.19704264867871524,133.30462646484375,10.891005516052246,0,4,0,3,3,0.16048250433878164,-0.9235951730151204,-0.3200872953500682,0,0,0,0,104,False,False,
116,6,1442.1759555450483,871.6910413291688,-0.1732434036927734,66.848388671875,4.373353481292725,0,2,0,1,1,0.009390007353076157,-0.9488187753613845,-0.9358578665695194,0,0,0,0,104,False,False,
116,7,1461.0583040232548,871.2053504680241,0.0,41.3834342956543,1.2087125778198242,0,1,0,0,0,0.14003961343447,-0.9915735801577602,-0.9261605176638043,1,0,0,0,104,False,False,
117,0,1447.8916204833647,881.1172686118575,0.4653215493306976,65.28209686279297,4.089547634124756,0,2,0,1,1,-0.39987766001606817,-0.9297573070289507,0.07572606338609322,0,0,0,0,105,False,False,
117,1,1459.0404714429224,872.2535947088464,0.12344895368646275,45.19458770751953,1.2668488025665283,0,1,0,0,0,-0.1656366482656444,-0.997144037774372,-0.9624023553073054,0,0,0,0,105,False,False,
117,2,1457.4827185605627,870.7815494767409,-0.04056049603117298,46.91725158691406,0.5744251012802124,0,1,0,0,0,1.0,-0.9964700723421404,-0.8530383770684821,3,0,0,24,105,False,False,
75,3,1422.5987224621422,885.0758087794742,1.351623685195116,80.87918090820312,-0.8136343955993652,0,3,0,2,2,-0.3875970679827775,-0.9018537665931101,0.5044565291591099,0,0,0,0,63,True,True,collision
117,4,1453.7209180892685,873.173867151667,1.9674744825587827,55.48700714111328,4.562896728515625,0,2,0,1,1,-0.061655966340861644,-0.918057766580597,-0.8665927742355682,0,0,0,0,105,False,False,
117,5,1379.7483222625178,868.5604713075392,-0.331711470513258,133.63629150390625,10.896527290344238,0,4,0,3,3,0.15962485686098313,-0.922738732984886,-0.3222542425615601,0,0,0,0,105,False,False,
117,6,1442.4841611414952,871.6831442252907,-0.3083067529764317,67.1567153930664,4.379776477813721,0,2,0,1,1,0.010364959941453675,-0.9479966789227652,-0.9354407726823093,0,0,0,0,105,False,False,
117,7,1461.1960715249782,871.2005114687117,-0.13785245897500004,41.52121353149414,1.2206008434295654,0,1,0,0,0,0.13369810534846635,-0.991214596909517,-0.9265421075085275,0,0,0,0,105,False,False,
118,0,1447.8916204833647,881.1172686118575,0.0,65.28209686279297,4.077536582946777,0,2,0,1,1,-0.39987766001606817,-0.9297573070289507,0.07572606338609322,1,0,0,0,106,False,False,
118,1,1458.8085606822547,872.2588594796549,0.23197051261988572,45.42658233642578,1.2753477096557617,0,1,0,0,0,-0.211684379090333,-0.9977359588137305,-0.96339202334508,0,0,0,0,106,False,False,
118,2,1457.660474955472,870.7791190001733,-0.1777730101771652,47.095123291015625,0.5655537843704224,0,1,0,0,0,1.0,-0.9966207870083624,-0.8530530131954976,0,0,0,25,106,False,False,
75,3,1422.5987224621422,885.0758087794742,1.351623685195116,80.87918090820312,-0.8136343955993652,0,3,0,2,2,-0.3875970679827775,-0.9018537665931101,0.5044565291591099,0,0,0,0,63,True,True,collision
118,4,1451.4865160784066,873.3386572504486,2.2404705137091607,57.72745132446289,4.582409858703613,0,2,0,1,1,-0.06560425228091289,-0.9240028917306102,-0.8506669528715567,0,0,0,0,106,False,False,
118,5,1380.2122522654686,868.5728860590185,-0.4640960823925431,134.10044860839844,10.899860382080078,0,4,0,3,3,0.1572254704069514,-0.9215391183457664,-0.3252778605824287,0,1,0,0,106,False,False,
118,6,1442.8492774752856,871.6752147202546,-0.3652024291412794,67.52191162109375,4.386842727661133,0,2,0,1,1,0.01261359468482226,-0.9470230106774182,-0.9351188136206999,0,1,0,0,106,False,False,
118,7,1461.4280258620743,871.1919160583536,-0.23211354027064313,41.7533073425293,1.2303508520126343,0,1,0,0,0,0.12380464330464223,-0.9906081562942362,-0.9271282672437875,0,0,0,0,106,False,False,
119,0,1447.747164117429,881.1611989944315,0.1509884769525348,65.43304443359375,4.077444076538086,0,2,0,1,1,-0.40227035349372375,-0.9300824709463507,0.08074682667612532,0,0,0,0,107,False,False,
119,1,1458.8085606822547,872.2588594796549,0.0,45.42658233642578,1.2709318399429321,0,1,0,0,0,-0.211684379090333,-0.9977359588137305,-0.96339202334508,1,0,0,0,107,False,False,
119,2,1457.5204444633946,870.7811010987899,0.14004451944411406,47.23527526855469,0.5631381273269653,0,1,0,0,0,1.0,-0.9965070952323088,-0.8530530131954976,0,0,0,26,107,False,False,
75,3,1422.5987224621422,885.0758087794742,1.351623685195116,80.87918090820312,-0.8136343955993652,0,3,0,2,2,-0.3875970679827775,-0.9018537665931101,0.5044565291591099,0,0,0,0,63,True,True,collision
119,4,1449.0057232693046,873.5323166854021,2.488340197488834,60.21582794189453,4.604037761688232,0,2,0,1,1,-0.07485331613708139,-0.9305967536874694,-0.8317040065139913,0,0,0,0,107,False,False,
119,5,1380.806248277021,868.5863893034777,-0.5941494755962139,134.69459533691406,10.897870063781738,0,4,0,3,3,0.15163054728777625,-0.9200003361250402,-0.3288725162463868,0,2,0,0,107,False,False,
119,6,1443.2880451268184,871.6683454116444,-0.4388214208905143,67.96080780029297,4.3936543464660645,0,2,0,1,1,0.01611616089346784,-0.9458530002312087,-0.935038322068661,0,2,0,0,107,False,False,
119,7,1461.359065343642,871.1944575235844,0.06900733401586771,41.822322845458984,1.2282335758209229,0,1,0,0,0,0.12639014102507815,-0.9907886686415571,-0.9269520762889826,1,0,0,0,107,False,False,
120,0,1447.6518235293158,881.1902815988612,0.09967760842935718,65.53273010253906,4.062012195587158,0,2,0,1,1,-0.4042488976965495,-0.9302966068336355,0.08407677426163884,1,0,0,0,108,False,False,
120,1,1458.826202555791,872.2584581466966,-0.017646437884586936,45.44416427612305,1.2633804082870483,0,1,0,0,0,-0.20751660261763996,-0.9976915630889426,-0.9633108099918553,2,0,0,0,108,False,False,
120,2,1457.328330631743,870.7837350884266,0.19213188754923324,47.427310943603516,0.5595203042030334,0,1,0,0,0,1.0,-0.9962950160797589,-0.8530383770684821,0,0,0,27,108,False,False,
75,3,1422.5987224621422,885.0758087794742,1.351623685195116,80.87918090820312,-0.8136343955993652,0,3,0,2,2,-0.3875970679827775,-0.9018537665931101,0.5044565291591099,0,0,0,0,63,True,True,collision
120,4,1446.2657415958251,873.7297443632425,2.747085229653536,62.96292495727539,4.626118183135986,0,2,0,1,1,-0.07941004926697007,-0.9378714028599696,-0.8127262382192042,0,0,0,0,108,False,False,
120,5,1381.5278777295907,868.6033998621846,-0.7218299148162219,135.41635131835938,10.889704704284668,0,4,0,3,3,0.14862105781031182,-0.9181291088814947,-0.3333160672772447,0,3,0,0,108,False,False,
120,6,1443.8573066457138,871.6597469641994,-0.56932645309499,68.53009033203125,4.388988971710205,0,2,0,1,1,0.01601829067698096,-0.9443354165346607,-0.9349871027706531,0,3,0,0,108,False,False,
120,7,1461.359065343642,871.1944575235844,0.0,41.822322845458984,1.2265592813491821,0,1,0,0,0,0.12639014102507815,-0.9907886686415571,-0.9269520762889826,2,0,0,0,108,False,False,
121,0,1447.3511741589418,881.2820778819979,0.31435108001089396,65.84709167480469,4.061850070953369,0,2,0,1,1,-0.4090038628320359,-0.9309695786214596,0.09456458837093384,0,0,0,0,109,False,False,
121,1,1458.5286889391907,872.2654821266044,0.29759651939566845,45.74173355102539,1.2691612243652344,0,1,0,0,0,-0.3113105133940868,-0.998422375916936,-0.9645424207845353,0,0,0,0,109,False,False,
121,2,1457.328330631743,870.7837350884266,0.0,47.427310943603516,0.5423135161399841,0,1,0,0,0,1.0,-0.9962950160797589,-0.8530383770684821,1,0,0,28,109,False,False,
75,3,1422.5987224621422,885.0758087794742,1.351623685195116,80.87918090820312,-0.8136343955993652,0,3,0,2,2,-0.3875970679827775,-0.9018537665931101,0.5044565291591099,0,0,0,0,63,True,True,collision
121,4,1443.2779403783463,873.9799779410912,2.9982616561351416,65.961181640625,4.64691686630249,0,2,0,1,1,-0.09957514558076734,-0.9457816257642513,-0.7878423495877815,0,0,0,0,109,False,False,
121,5,1382.2856054322529,868.621062042389,-0.7579335221451458,136.1743621826172,10.884767532348633,0,4,0,3,3,0.14490726335134113,-0.9161611224490074,-0.33795760622941007,0,4,0,0,109,False,False,
121,6,1444.5546715739058,871.6478647934061,-0.6974661490386843,69.22757720947266,4.388418197631836,0,2,0,1,1,0.014308001644886935,-0.9424759359945768,-0.9347600569917065,0,4,0,0,109,False,False,
121,7,1461.2443779422395,871.1986370236342,0.114763531930424,41.9370231628418,1.2412875890731812,0,1,0,0,0,0.13097498538275165,-0.9910882804726063,-0.9266516997974841,0,0,0,0,109,False,False,
122,0,1446.8554784916348,881.4355386501826,0.5189069299582885,66.36602020263672,4.06389045715332,0,2,0,1,1,-0.41929198191775946,-0.9320691914247354,0.11211513417840968,0,0,0,0,110,False,False,
122,1,1458.5286889391907,872.2654821266044,0.0,45.74173355102539,1.2624186277389526,0,1,0,0,0,-0.3113105133940868,-0.998422375916936,-0.9645424207845353,1,0,0,0,110,False,False,
122,2,1457.0477866991032,870.7878081195635,0.28057349789971653,47.70798110961914,3.755741834640503,0,2,1,1,1,0.02274588246604657,-0.9090913199286966,-0.8530383770684821,0,0,0,0,110,False,False,
75,3,1422.5987224621422,885.0758087794742,1.351623685195116,80.87918090820312,-0.8136343955993652,0,3,0,2,2,-0.3875970679827775,-0.9018537665931101,0.5044565291591099,0,0,0,0,63,True,True,collision
122,4,1440.0517898326837,874.2979268826085,3.2417802011690804,69.2030029296875,4.66996955871582,0,2,0,1,1,-0.1294164168109142,-0.9542765853939656,-0.7552516253247534,0,0,0,0,110,False,False,
122,5,1383.1276410605446,868.6402701279205,-0.842254682303834,137.01661682128906,10.880410194396973,0,4,0,3,3,0.14084750389195302,-0.9139712998247326,-0.3430604118720487,0,5,0,0,110,False,False,
122,6,1445.3411217843088,871.6350958025215,-0.7865538637443633,70.0140609741211,4.3855204582214355,0,2,0,1,1,0.014298885725062228,-0.940379197460791,-0.934569808780144,0,5,0,0,110,False,False,
122,7,1460.9802992279654,871.2076143715177,0.26423126254792006,42.20121383666992,1.2537434101104736,0,1,0,0,0,0.14379223865595475,-0.9917763276491128,-0.9258966600243805,0,0,0,0,110,False,False,
123,0,1446.614704227367,881.5108174896361,0.25226801224736617,66.61823272705078,4.069699287414551,0,2,0,1,1,-0.42497375336161175,-0.9325986715441325,0.12072209162146907,0,0,0,0,111,False,False,
123,1,1458.2724392819678,872.2722725488507,0.2563396119626443,45.998046875,1.267491102218628,0,1,0,0,0,-0.5166520059030075,-0.9989728306675433,-0.9655101739377917,0,0,0,0,111,False,False,
123,2,1456.4571597183644,870.7964378784607,0.5906900228674544,48.298622131347656,3.7715535163879395,0,2,0,1,1,0.023085966828986986,-0.9106653453409532,-0.8530676493225131,0,0,0,0,111,False,False,
75,3,1422.5987224621422,885.0758087794742,1.351623685195116,80.87918090820312,-0.8136343955993652,0,3,0,2,2,-0.3875970679827775,-0.9018537665931101,0.5044565291591099,0,0,0,0,63,True,True,collision
123,4,1437.1708365525526,874.6235683180332,2.8992989060741543,72.10233306884766,4.69230842590332,0,2,0,1,1,-0.16635213404214635,-0.9617893033118973,-0.7211387295590193,0,0,0,0,111,False,False,
123,5,1384.0927021093714,868.6554623058554,-0.9651806205229284,137.98170471191406,10.87076187133789,0,4,0,3,3,0.13241584171667126,-0.9114548540080912,-0.34809695473651936,0,6,0,0,111,False,False,
123,6,1446.1662988846115,871.6191795214586,-0.8253305852002146,70.83940887451172,4.381368637084961,0,2,0,1,1,0.011915297412409763,-0.9381786719438736,-0.9340795485509491,0,6,0,0,111,False,False,
123,7,1460.4059493226387,871.2258677119747,0.5746398856559962,42.77584457397461,1.2652915716171265,0,1,0,0,0,0.17794194548472528,-0.9932600778038945,-0.9240861968401288,0,0,0,0,111,False,False,
124,0,1446.614704227367,881.5108174896361,0.0,66.61823272705078,4.059051513671875,0,2,0,1,1,-0.42497375336161175,-0.9325986715441325,0.12072209162146907,1,0,0,0,112,False,False,
124,1,1457.9251224214295,872.2831893059638,0.3474883842663461,46.34550857543945,4.481881618499756,0,2,1,1,1,-0.016051705822501264,-0.9068644166086137,-0.9661724622585167,0,0,0,0,112,False,False,
124,2,1455.9246569511854,870.804175629678,0.5325589825054192,48.83115005493164,3.7901623249053955,0,2,0,1,1,0.023510427508939023,-0.9120844661640998,-0.8530822854495286,0,0,0,0,112,False,False,
75,3,1422.5987224621422,885.0758087794742,1.351623685195116,80.87918090820312,-0.8136343955993652,0,3,0,2,2,-0.3875970679827775,-0.9018537665931101,0.5044565291591099,0,0,0,0,63,True,True,collision
124,4,1434.0410299889083,874.9410841382916,3.145871170589351,75.24815368652344,4.708849906921387,0,2,0,1,1,-0.2028885416668522,-0.9698462605394235,-0.6884309591591453,0,0,0,0,112,False,False,
124,5,1385.0495106989765,868.6643576850119,-0.95684993855489,138.93865966796875,10.862306594848633,0,4,0,3,3,0.12474094685773152,-0.9089532183804443,-0.3523503504609179,0,7,0,0,112,False,False,
124,6,1446.6632878835549,871.6072882668487,-0.49713123720695207,71.33662414550781,4.38506555557251,0,2,0,1,1,0.00877588820723645,-0.9368528995496315,-0.9335012714563621,0,7,0,0,112,False,False,
124,7,1460.1502403182594,871.2342961068306,0.2558478703458715,43.03171920776367,1.2758640050888062,0,1,0,0,0,0.19680440785244444,-0.9939132610669723,-0.9233165495261955,0,0,0,0,112,False,False,
125,0,1446.4766131665453,881.5543426810725,0.1447880636253345,66.76310729980469,4.061933517456055,0,2,0,1,1,-0.42872009037747477,-0.9329011490969343,0.12569894653045455,0,0,0,0,113,False,False,
125,1,1457.9251224214295,872.2831893059638,0.0,46.34550857543945,4.479849338531494,0,2,0,1,1,-0.016051705822501264,-0.9068644166086137,-0.9661724622585167,1,0,0,0,113,False,False,
125,2,1455.1703905073352,870.811119579469,0.7542984069696097,49.585453033447266,3.8059427738189697,0,2,0,1,1,0.027530336627786926,-0.9140941006523571,-0.8526210759314266,0,0,0,0,113,False,False,
75,3,1422.5987224621422,885.0758087794742,1.351623685195116,80.87918090820312,-0.8136343955993652,0,3,0,2,2,-0.3875970679827775,-0.9018537665931101,0.5044565291591099,0,0,0,0,63,True,True,collision
125,4,1431.0085867185549,875.1765732191828,3.0415731612327033,78.28974914550781,4.727062702178955,0,2,0,1,1,-0.25467638195384806,-0.9774827127857714,-0.6653985263020922,0,0,0,0,113,False,False,
125,5,1385.6758196897629,868.6667171352274,-0.6263134350667536,139.56488037109375,10.862604141235352,0,4,0,3,3,0.11905065525009048,-0.9073129086315177,-0.3547152284213462,0,8,0,0,113,False,False,
125,6,1447.2836280335803,871.5874641953233,-0.6206568259073647,71.95718383789062,4.385065078735352,0,2,0,1,1,0.0035744787253479317,-0.9351981090658272,-0.9321912594764634,0,8,0,0,113,False,False,
125,7,1459.8431578860036,871.2448480640944,0.3072636717906714,43.33903121948242,1.2860517501831055,0,1,0,0,0,0.22567438939167284,-0.994688457530428,-0.9224364594842847,0,0,0,0,113,False,False,
126,0,1446.294634498234,881.6122504992305,0.1909700267691124,66.95399475097656,4.061224937438965,0,2,0,1,1,-0.4335087235166055,-0.9332973433077844,0.13233700185570085,0,0,0,0,114,False,False,
126,1,1457.695736190191,872.2912273853989,0.22952702194481533,46.57514190673828,4.496654510498047,0,2,0,1,1,-0.018467922994286963,-0.9074765146764848,-0.9656088212909453,0,0,0,0,114,False,False,
126,2,1454.1817045357861,870.8145875365559,0.9886920537073938,50.5741081237793,3.8229105472564697,0,2,0,1,1,0.032143852650023064,-0.9167272548123547,-0.8513403433521053,0,0,0,0,114,False,False,
75,3,1422.5987224621422,885.0758087794742,1.351623685195116,80.87918090820312,-0.8136343955993652,0,3,0,2,2,-0.3875970679827775,-0.9018537665931101,0.5044565291591099,0,0,0,0,63,True,True,collision
126,4,1428.5472245086517,875.3618687096966,2.468327034074844,80.75801849365234,4.738994598388672,0,2,0,1,1,-0.35105406003607664,-0.9833547385365317,-0.6473943749018779,0,0,0,0,114,False,False,
126,5,1385.9773107007363,868.6670046380773,-0.30149114805532873,139.86639404296875,10.871071815490723,0,4,0,3,3,0.11625624021696632,-0.9065223647678698,-0.3557547936460457,0,0,0,0,114,False,False,
126,6,1447.8155559396007,871.570317590413,-0.532204193203376,72.48944091796875,4.375292778015137,0,2,0,1,1,0.003324888522195124,-0.9337787719625354,-0.9310422377471891,0,9,0,0,114,False,False,
126,7,1459.536523278304,871.2555491265688,0.30682127595263603,43.64585876464844,1.2982691526412964,0,1,0,0,0,0.26502033874198977,-0.9954470785550275,-0.9215864492561474,0,0,0,0,114,False,False,
127,0,1446.2506979283949,881.6262408190893,0.04611020731867886,67.00010681152344,4.049159049987793,0,2,0,1,1,-0.4343691689382998,-0.9333928552393883,0.13393256838987622,1,0,0,0,115,False,False,
127,1,1457.2879975437447,872.3075677947378,0.40806594170926075,46.983184814453125,4.513105392456055,0,2,0,1,1,-0.0219262938787785,-0.9085639895575468,-0.9643500321823277,0,0,0,0,115,False,False,
127,2,1453.0507498208044,870.804992343183,1.13099541779579,51.70513153076172,3.8379225730895996,0,2,0,1,1,0.04127143210328212,-0.919737209238009,-0.8482591241672988,0,0,0,0,115,False,False,
75,3,1422.5987224621422,885.0758087794742,1.351623685195116,80.87918090820312,-0.8136343955993652,0,3,0,2,2,-0.3875970679827775,-0.9018537665931101,0.5044565291591099,0,0,0,0,63,True,True,collision
127,4,1425.846141412837,875.574565847524,2.7094445856921356,83.4674301147461,4.7483439445495605,0,2,0,1,1,-0.5745728688822181,-0.9888273737047779,-0.6265212281585819,0,0,0,0,115,False,False,
127,5,1386.4017956678806,868.66586391153,-0.42448649988957615,140.29095458984375,10.876693725585938,0,4,0,3,3,0.11258116020388892,-0.905408088873066,-0.3570357406217587,0,1,0,0,115,False,False,
127,6,1448.4762660196973,871.5499117471226,-0.6610251193273333,73.15052032470703,4.371972560882568,0,2,0,1,1,0.004074514323644015,-0.9320159267637879,-0.9297320185174449,0,10,0,0,115,False,False,
127,7,1459.153614627978,871.2687156905569,0.3831349539024149,44.02901840209961,1.3097045421600342,0,1,0,0,0,0.33779845108272755,-0.9963578220308824,-0.9204944998463779,0,0,0,0,115,False,False,
128,0,1446.2506979283949,881.6262408190893,0.0,67.00010681152344,4.038849353790283,0,2,0,1,1,-0.4343691689382998,-0.9333928552393883,0.13393256838987622,2,0,0,0,116,False,False,
128,1,1457.036162265524,872.3176727136722,0.25203792719190016,47.2352180480957,4.523913383483887,0,2,0,1,1,-0.022120770509046237,-0.9092356771217136,-0.9635668707491627,0,0,0,0,116,False,False,
128,2,1452.189819280148,870.7874886953977,0.861108456305577,52.5662727355957,3.8559587001800537,0,2,0,1,1,0.050248180358460105,-0.9220266350782813,-0.844680119439944,0,0,0,0,116,False,False,
75,3,1422.5987224621422,885.0758087794742,1.351623685195116,80.87918090820312,-0.8136343955993652,0,3,0,2,2,-0.3875970679827775,-0.9018537665931101,0.5044565291591099,0,0,0,0,63,True,True,collision
128,4,1422.8993994238874,875.8722715874541,2.9617422333864836,86.42920684814453,7.96521520614624,0,3,1,2,2,-0.09773851270963783,-0.9054696249140093,-0.5965392648982337,0,0,0,0,116,False,False,
128,5,1386.504687848459,868.6655302791983,-0.10289272148568039,140.39373779296875,10.888957977294922,0,4,0,3,3,0.11190568712317739,-0.9051382190105558,-0.3573360670874325,0,0,0,0,116,False,False,
128,6,1449.0434290509497,871.532672928848,-0.5674249561616352,73.7179183959961,4.375732421875,0,2,0,1,1,0.004291458630528193,-0.9305028902129928,-0.928634208939632,0,11,0,0,116,False,False,
128,7,1459.153614627978,871.2687156905569,0.0,44.02901840209961,1.3043421506881714,0,1,0,0,0,0.33779845108272755,-0.9963578220308824,-0.9204944998463779,1,0,0,0,116,False,False,
129,0,1446.3251120895466,881.6025315154594,-0.07809992611082384,67.078125,4.026871681213379,0,2,0,1,1,-0.43322898788727443,-0.9332312643149538,0.13122454185777954,3,0,0,0,117,False,False,
129,1,1457.0280512637746,872.3179981334996,0.008117527175139342,47.243282318115234,4.520553112030029,0,2,0,1,1,-0.02212292721161412,-0.9092571655448307,-0.9635449201319126,1,0,0,0,117,False,False,
129,2,1451.854188661629,870.7802068285528,0.33570960318733195,52.90192413330078,3.867554187774658,0,2,0,1,1,0.05170932725285285,-0.922918788005532,-0.843238403756545,0,0,0,0,117,False,False,
75,3,1422.5987224621422,885.0758087794742,1.351623685195116,80.87918090820312,-0.8136343955993652,0,3,0,2,2,-0.3875970679827775,-0.9018537665931101,0.5044565291591099,0,0,0,0,63,True,True,collision
129,4,1419.750566133302,876.3054074384055,3.1784835625307077,89.607666015625,7.9842987060546875,0,3,0,2,2,-0.1324549129415876,-0.913778916563853,-0.5605905642947336,0,0,0,0,117,False,False,
129,5,1386.7437907226383,868.6642634675837,-0.23910623005783802,140.63287353515625,10.897163391113281,0,4,0,3,3,0.10986242279371304,-0.9045100431129491,-0.3579802281932284,0,0,0,0,117,False,False,
129,6,1449.4540514619741,871.5211946105203,-0.41078280906967807,74.12872314453125,4.381732940673828,0,2,0,1,1,0.005753554959150935,-0.929407456250754,-0.9279610185623824,0,12,0,0,117,False,False,
129,7,1459.291384747393,871.2639518012014,-0.13785245897500004,44.16691970825195,1.3092013597488403,0,1,0,0,0,0.3077839813728123,-0.9960362560208558,-0.9208898539394565,0,0,0,0,117,False,False,
130,0,1446.2819241773373,881.6162823288661,0.045324172693335045,67.12335205078125,4.018207550048828,0,2,0,1,1,-0.43382768599560995,-0.9333249541174146,0.13279826854617416,4,0,0,0,118,False,False,
130,1,1457.0280512637746,872.3179981334996,0.0,47.243282318115234,4.514710903167725,0,2,0,1,1,-0.02212292721161412,-0.9092571655448307,-0.9635449201319126,2,0,0,0,118,False,False,
130,2,1451.2094824450417,870.767517811958,0.6448310762117856,53.54682540893555,3.8857064247131348,0,2,0,1,1,0.0515771587584911,-0.9246330060061857,-0.8406108616299408,0,0,0,0,118,False,False,
75,3,1422.5987224621422,885.0758087794742,1.351623685195116,80.87918090820312,-0.8136343955993652,0,3,0,2,2,-0.3875970679827775,-0.9018537665931101,0.5044565291591099,0,0,0,0,63,True,True,collision
130,4,1416.59388671739,876.7886944464343,3.193460703840304,92.80118560791016,8.003409385681152,0,3,0,2,2,-0.15755059046719377,-0.9220607544170705,-0.5186718675229258,0,0,0,0,118,False,False,
130,5,1386.7143441681592,868.6644158943008,0.029446948986112647,140.66229248046875,10.89537239074707,0,4,0,3,3,0.11002936961524831,-0.9045873413611231,-0.3578997866670143,1,0,0,0,118,False,False,
130,6,1449.5434188332354,871.5187399305271,-0.08940107661560401,74.21810913085938,4.381041049957275,0,2,0,1,1,0.006042107930382359,-0.9291690971804594,-0.9278219896488279,1,0,0,0,118,False,False,
130,7,1459.5328838897306,871.2556903371035,-0.24164040957326807,44.40851593017578,1.3162003755569458,0,1,0,0,0,0.2660141772738592,-0.995456007182438,-0.9215718345687711,0,0,0,0,118,False,False,
131,0,1446.2819241773373,881.6162823288661,0.0,67.12335205078125,4.003378391265869,0,2,0,1,1,-0.43382768599560995,-0.9333249541174146,0.13279826854617416,5,0,0,0,119,False,False,
131,1,1456.8848790878158,872.3237716705582,0.14328854001268662,47.38658905029297,4.52349853515625,0,2,0,1,1,-0.022347793485096506,-0.9096390777260962,-0.9630912466469833,0,0,0,0,119,False,False,
131,2,1450.261665041301,870.7443440393604,0.94810065634928,54.4948616027832,3.897914171218872,0,2,0,1,1,0.05650428687156742,-0.9271514834014218,-0.8362050014847665,0,0,0,0,119,False,False,
75,3,1422.5987224621422,885.0758087794742,1.351623685195116,80.87918090820312,-0.8136343955993652,0,3,0,2,2,-0.3875970679827775,-0.9018537665931101,0.5044565291591099,0,0,0,0,63,True,True,collision
131,4,1413.5579966256214,877.2180689689347,3.0661035745505165,95.8672866821289,8.021413803100586,0,3,0,2,2,-0.16767013778742365,-0.9299841527142381,-0.4826055919381468,0,0,0,0,119,False,False,
131,5,1386.7143441681592,868.6644158943008,0.0,140.66229248046875,10.89364242553711,0,4,0,3,3,0.11002936961524831,-0.9045873413611231,-0.3578997866670143,2,0,0,0,119,False,False,
131,6,1449.6042208320355,871.5171047944609,-0.06082398152071777,74.27892303466797,4.380734443664551,0,2,0,1,1,0.006393249166147699,-0.9290069361001808,-0.9277266475733816,2,0,0,0,119,False,False,
131,7,1459.9082252042072,871.242802150503,-0.37556252170149856,44.78410339355469,1.3196645975112915,0,1,0,0,0,0.21863639655934908,-0.9945254727994006,-0.9226418726672958,0,1,0,0,119,False,False,
132,0,1446.1056974998028,881.6721149866684,0.1848597510332544,67.30825805664062,4.003230571746826,0,2,0,1,1,-0.43589618331272706,-0.9337076246937653,0.13918750971215665,0,0,0,0,120,False,False,
132,1,1456.559951840662,872.3362301919703,0.32516600483242913,47.7117805480957,4.538094997406006,0,2,0,1,1,-0.021291247066191153,-0.9105057705281899,-0.9621544201732483,0,0,0,0,120,False,False,
132,2,1449.0170943002286,870.7054397956206,1.2451786497184625,55.74009704589844,3.9143271446228027,0,2,0,1,1,0.06373579117620427,-0.9304562478131553,-0.8294132811189502,0,0,0,0,120,False,False,
75,3,1422.5987224621422,885.0758087794742,1.351623685195116,80.87918090820312,-0.8136343955993652,0,3,0,2,2,-0.3875970679827775,-0.9018537665931101,0.5044565291591099,0,0,0,0,63,True,True,collision
132,4,1410.4796478756455,877.6148118493811,3.103809907140551,98.97111511230469,8.039083480834961,0,3,0,2,2,-0.180928318569363,-0.9379674922774883,-0.4506625305886479,0,0,0,0,120,False,False,
132,5,1386.8521943278747,868.6636197084638,-0.13785245897500004,140.80010986328125,10.900162696838379,0,4,0,3,3,0.10922910222606075,-0.9042252404014579,-0.3582659185318867,0,0,0,0,120,False,False,
132,6,1449.3491942639155,871.5242071654895,0.2551254478119804,74.53402709960938,4.396049499511719,0,2,0,1,1,0.00583964649567387,-0.9296871883060158,-0.9281439487104371,0,0,0,0,120,False,False,
132,7,1460.3661268006113,871.2284777907827,-0.45812559333739444,45.24221420288086,1.320072889328003,0,1,0,0,0,0.18076198040135757,-0.993363449973977,-0.924115419068335,0,2,0,0,120,False,False,
133,0,1445.7218316058013,881.7917130204343,0.4020655596520221,67.71035766601562,4.004964351654053,0,2,0,1,1,-0.43940341283011625,-0.9345380464618445,0.1528662282003177,0,0,0,0,121,False,False,
133,1,1456.065628799601,872.3525265594626,0.49459158961438765,48.2063102722168,4.5558366775512695,0,2,0,1,1,-0.018140796300253077,-0.9118239929661472,-0.9610492961052008,0,0,0,0,121,False,False,
133,2,1447.7064618747527,870.6706461710131,1.3110941808361032,57.05122756958008,3.9260365962982178,0,2,0,1,1,0.0639480940673991,-0.9339358566610477,-0.8230018427798671,0,0,0,0,121,False,False,
75,3,1422.5987224621422,885.0758087794742,1.351623685195116,80.87918090820312,-0.8136343955993652,0,3,0,2,2,-0.3875970679827775,-0.9018537665931101,0.5044565291591099,0,0,0,0,63,True,True,collision
133,4,1407.3741913480133,877.9987684591214,3.1291025747292482,102.10023498535156,8.059784889221191,0,3,0,2,2,-0.20471723636576244,-0.9459401552660054,-0.42038284220551336,0,0,0,0,121,False,False,
133,5,1387.125681999713,868.6613113042077,-0.27349741384103204,141.0736846923828,10.90959358215332,0,4,0,3,3,0.10672373818260263,-0.9035060217796196,-0.35889544351066716,0,0,0,0,121,False,False,
133,6,1448.7837465072555,871.540973148699,0.565696264531332,75.09982299804688,4.414559364318848,0,2,0,1,1,0.004797917621198166,-0.9311959427226577,-0.9291832209267344,0,0,0,0,121,False,False,
133,7,1460.6490525115742,871.2197082524717,-0.28306158822075195,45.525306701660156,1.3241137266159058,0,1,0,0,0,0.16263221649432213,-0.9926358073984335,-0.925039338879282,0,0,0,0,121,False,False,
134,0,1445.042075014775,881.996623469742,0.7099699397010822,68.42027282714844,4.008247375488281,0,2,0,1,1,-0.44537351279793014,-0.9359977205691932,0.17627179653770986,0,0,0,0,122,False,False,
134,1,1456.065628799601,872.3525265594626,0.0,48.2063102722168,4.5530853271484375,0,2,0,1,1,-0.018140796300253077,-0.9118239929661472,-0.9610492961052008,1,0,0,0,122,False,False,
134,2,1446.106834980363,870.6287813294928,1.6001746361602975,58.65138626098633,3.9387311935424805,0,2,0,1,1,0.06809951043545905,-0.9381801218635457,-0.815236705622777,0,0,0,0,122,False,False,
75,3,1422.5987224621422,885.0758087794742,1.351623685195116,80.87918090820312,-0.8136343955993652,0,3,0,2,2,-0.3875970679827775,-0.9018537665931101,0.5044565291591099,0,0,0,0,63,True,True,collision
134,4,1404.3067326096398,878.4323553328925,3.0979510468582925,105.19811248779297,8.077170372009277,0,3,0,2,2,-0.2535496108736753,-0.9536495894781628,-0.3839650137105063,0,0,0,0,122,False,False,
134,5,1387.4650989090837,868.6569243492795,-0.3394452588272808,141.41307067871094,10.91696548461914,0,4,0,3,3,0.10290839482926135,-0.9026129027656599,-0.3597644063798421,0,0,0,0,122,False,False,
134,6,1448.7387605647516,871.5423084451888,0.04500575562844257,75.14476776123047,4.41667366027832,0,2,0,1,1,0.004785847068741747,-0.9313157846981455,-0.9292637053322269,1,0,0,0,122,False,False,
134,7,1461.0650986968924,871.2057122645812,-0.4162815345350552,45.941558837890625,1.3269532918930054,0,1,0,0,0,0.1400207177364245,-0.9915564957620674,-0.9262563385578589,0,1,0,0,122,False,False,
135,0,1444.211580202802,882.2424548184046,0.8661147064329088,69.28644561767578,4.01132869720459,0,2,0,1,1,-0.4573145599203517,-0.9377549081470782,0.20431747451798832,0,0,0,0,123,False,False,
135,1,1455.8732002100933,872.3590764210146,0.19254002894532968,48.39892578125,4.566617012023926,0,2,0,1,1,-0.018931597375545076,-0.9123374105760703,-0.9605956190469983,0,0,0,0,123,False,False,
135,2,1445.0460669635686,870.6006139623147,1.061141925487528,59.71255111694336,3.957813262939453,0,2,0,1,1,0.07161466380233732,-0.9409928188769936,-0.8100403659809299,0,0,0,0,123,False,False,
75,3,1422.5987224621422,885.0758087794742,1.351623685195116,80.87918090820312,-0.8136343955993652,0,3,0,2,2,-0.3875970679827775,-0.9018537665931101,0.5044565291591099,0,0,0,0,63,True,True,collision
135,4,1401.0030991899698,878.9125181619487,3.338345415616508,108.53653717041016,8.091957092285156,0,3,0,2,2,-0.3140171405516223,-0.9616829207489576,-0.34316680965476687,0,0,0,0,123,False,False,
135,5,1387.867223870004,868.6516204578048,-0.40215993766138136,141.81520080566406,10.91427230834961,0,4,0,3,3,0.101625745418112,-0.9015543244079828,-0.36116341430198884,0,1,0,0,123,False,False,
135,6,1448.3796871433296,871.5521225070858,0.35920751353860836,75.50403594970703,4.424427032470703,0,2,0,1,1,0.006369834755765661,-0.9322737784320495,-0.9298273462997985,0,0,0,0,123,False,False,
135,7,1461.6119297025964,871.1859850922592,-0.547186723273648,46.48878860473633,1.3262460231781006,0,1,0,0,0,0.11816149884236514,-0.9901265833215306,-0.927699812291671,0,2,0,0,123,False,False,
136,0,1443.1426041049117,882.5524200275978,1.1130086831516046,70.39945983886719,4.015479564666748,0,2,0,1,1,-0.474360051650666,-0.9399689096060955,0.23965285850993023,0,0,0,0,124,False,False,
136,1,1455.7350591431598,872.3638091503416,0.138222115091546,48.537071228027344,4.577489376068115,0,2,0,1,1,-0.01915398592727292,-0.912705624972914,-0.9602588166085281,0,0,0,0,124,False,False,
136,2,1444.5139610816393,870.5857120877495,0.532314508020725,60.24486541748047,3.975022315979004,0,2,0,1,1,0.07432176428374204,-0.9424028919095284,-0.807346961282756,0,0,0,0,124,False,False,
75,3,1422.5987224621422,885.0758087794742,1.351623685195116,80.87918090820312,-0.8136343955993652,0,3,0,2,2,-0.3875970679827775,-0.9018537665931101,0.5044565291591099,0,0,0,0,63,True,True,collision
136,4,1397.5936876955325,879.4354476319459,3.44928136993687,111.98582458496094,8.106472969055176,0,3,0,2,2,-0.41136067748532873,-0.9694291156566973,-0.2977914999091531,0,0,0,0,124,False,False,
136,5,1388.2923890483987,868.6446761356588,-0.42522188623064094,142.2404327392578,10.911514282226562,0,4,0,3,3,0.0984951627145468,-0.9004340774784879,-0.3624819235255503,0,2,0,0,124,False,False,
136,6,1447.7187046418464,871.571025923423,0.6612527553184117,76.16519165039062,4.430100917816162,0,2,0,1,1,0.005711840964094803,-0.9340368016893097,-0.9309690642586579,0,0,0,0,124,False,False,
136,7,1462.2870479951923,871.157156856419,-0.6757335097354867,47.164451599121094,1.3227788209915161,0,1,0,0,0,0.09641732510166826,-0.9883491901744206,-0.9289460341984542,0,3,0,0,124,False,False,
137,0,1442.581487365081,882.7116083122722,0.5832605812976143,70.9826431274414,4.01741886138916,0,2,0,1,1,-0.48200276064547504,-0.9411086858036979,0.2577742132710108,0,0,0,0,125,False,False,
137,1,1455.6791094852833,872.3657438368584,0.05598309770291919,48.59313201904297,4.5774993896484375,0,2,0,1,1,-0.019389108149963856,-0.9128550586185235,-0.9601271057584813,1,0,0,0,125,False,False,
137,2,1444.2116057110675,870.5770100300457,0.3024805711479172,60.547359466552734,3.9917047023773193,0,2,0,1,1,0.07587408236876172,-0.943203906872916,-0.8057879564799337,0,0,0,0,125,False,False,
75,3,1422.5987224621422,885.0758087794742,1.351623685195116,80.87918090820312,-0.8136343955993652,0,3,0,2,2,-0.3875970679827775,-0.9018537665931101,0.5044565291591099,0,0,0,0,63,True,True,collision
137,4,1394.4010531996532,880.0108583190272,3.244073439841661,115.22989654541016,8.114376068115234,0,3,0,2,2,-0.5697008490469146,-0.9755953660350258,-0.2450173420953422,0,0,0,0,125,False,False,
137,5,1388.6618638307884,868.6389853894489,-0.36951860496373395,142.6099853515625,10.907587051391602,0,4,0,3,3,0.09812012047683191,-0.8994604125496752,-0.36366887912308554,0,3,0,0,125,False,False,
137,6,1447.0744445277155,871.5928508760117,0.6446296791301316,76.80984497070312,4.449463844299316,0,2,0,1,1,0.0024196558037734425,-0.935755870465311,-0.9324766353670804,0,0,0,0,125,False,False,
137,7,1462.6367999642018,871.1417633150726,-0.3500905610570182,47.514644622802734,1.3257553577423096,0,1,0,0,0,0.08850974326186992,-0.9874250827864921,-0.92954034814315,0,4,0,0,125,False,False,
138,0,1442.5215366164934,882.7285624467522,0.062301965716801314,71.04505157470703,3.9992010593414307,0,2,0,1,1,-0.4827103172310015,-0.9412296593202282,0.25970618203705853,1,0,0,0,126,False,False,
138,1,1455.3093631185295,872.3794540127236,0.3700004657428611,48.963138580322266,4.595621109008789,0,2,0,1,1,-0.02121983332596168,-0.9138411972169806,-0.959117105796215,0,0,0,0,126,False,False,
138,2,1444.2116057110675,870.5770100300457,0.0,60.547359466552734,3.990435838699341,0,2,0,1,1,0.07587408236876172,-0.943203906872916,-0.8057879564799337,1,0,0,0,126,False,False,
75,3,1422.5987224621422,885.0758087794742,1.351623685195116,80.87918090820312,-0.8136343955993652,0,3,0,2,2,-0.3875970679827775,-0.9018537665931101,0.5044565291591099,0,0,0,0,63,True,True,collision
138,4,1391.2583759049007,880.7006754332069,3.217494091675682,118.44729614257812,11.335009574890137,0,4,1,3,3,-0.22821900035964973,-0.8928932418414534,-0.17828329207203308,0,0,0,0,126,False,False,
138,5,1389.1488154639908,868.631515116832,-0.48700893015565827,143.09698486328125,10.904199600219727,0,4,0,3,3,0.09691181474294473,-0.8981769789381635,-0.36524334905230504,0,4,0,0,126,False,False,
138,6,1446.622941363215,871.6077247219771,0.4517480922458563,77.26162719726562,4.4619975090026855,0,2,0,1,1,0.0030700971621216567,-0.9369606132379614,-0.9334866353293466,0,0,0,0,126,False,False,
138,7,1463.0373555614317,871.1239550259085,-0.40095127089858273,47.91555404663086,1.332584261894226,0,1,0,0,0,0.08133231433090139,-0.9863654367788299,-0.9301995598756524,0,5,0,0,126,False,False,
139,0,1442.2578568003296,882.802132937119,0.2737510958974928,71.31878662109375,3.995208263397217,0,2,0,1,1,-0.4859421148917136,-0.9417592978260007,0.2680717577291043,0,0,0,0,127,False,False,
139,1,1455.3093631185295,872.3794540127236,0.0,48.963138580322266,4.594088077545166,0,2,0,1,1,-0.02121983332596168,-0.9138411972169806,-0.959117105796215,1,0,0,0,127,False,False,
139,2,1444.1975836611136,870.5766081392946,0.014027808135435818,60.561283111572266,3.9916841983795166,0,2,0,1,1,0.07584834155853615,-0.9432407616436393,-0.8057147901379489,2,0,0,0,127,False,False,
75,3,1422.5987224621422,885.0758087794742,1.351623685195116,80.87918090820312,-0.8136343955993652,0,3,0,2,2,-0.3875970679827775,-0.9018537665931101,0.5044565291591099,0,0,0,0,63,True,True,collision
139,4,1387.9200750711263,881.5874707677102,3.4540785199638413,121.90144348144531,11.353242874145508,0,4,0,3,3,-0.27921265626954056,-0.9013039944612171,-0.08895231972893891,0,0,0,0,127,False,False,
139,5,1389.6535210493905,868.6220150631227,-0.5047949870534137,143.60183715820312,10.904976844787598,0,4,0,3,3,0.09346472215171167,-0.8968453761725893,-0.3666569359290962,0,5,0,0,127,False,False,
139,6,1445.8647402888203,871.6359757685711,0.7587272176790433,78.02033233642578,4.47512674331665,0,2,0,1,1,0.00033528266511382296,-0.9389838267818934,-0.9355724835323561,0,0,0,0,127,False,False,
139,7,1463.5597175187456,871.1021817193105,-0.5228155423560729,48.43834686279297,1.335031270980835,0,1,0,0,0,0.07540640641952431,-0.9849820793319803,-0.9312257610585944,0,6,0,0,127,False,False,
140,0,1441.6944905141802,882.9559588829092,0.583989720772668,71.90276336669922,3.9973719120025635,0,2,0,1,1,-0.4943420355150503,-0.9428804427591994,0.28554912290150236,0,0,0,0,128,False,False,
140,1,1455.4148802936209,872.3755598190883,-0.10558900976591287,49.06880187988281,4.60158634185791,0,2,0,1,1,-0.021040126783695236,-0.9135595842846933,-0.959402481686832,0,0,0,0,128,False,False,
140,2,1444.16046189906,870.5755613255046,0.03713651891447923,60.59840774536133,3.9927566051483154,0,2,0,1,1,0.07568597337581195,-0.9433390638649769,-0.8055245347798401,3,0,0,0,128,False,False,
75,3,1422.5987224621422,885.0758087794742,1.351623685195116,80.87918090820312,-0.8136343955993652,0,3,0,2,2,-0.3875970679827775,-0.9018537665931101,0.5044565291591099,0,0,0,0,63,True,True,collision
140,4,1384.4478910924277,882.6553068445509,3.632676075420845,125.53411102294922,11.370661735534668,0,4,0,3,3,-0.3352796948063176,-0.9097985788826339,0.027208217087609787,0,0,0,0,128,False,False,
140,5,1390.2538335696313,868.608966452216,-0.6004543181661263,144.2021942138672,10.903351783752441,0,4,0,3,3,0.09021553085994027,-0.8952607016489045,-0.3681290101415783,0,6,0,0,128,False,False,
140,6,1444.843862581484,871.6739133380087,1.0215823767621066,79.04190826416016,4.4912495613098145,0,2,0,1,1,0.00041777697899792403,-0.9417080325781324,-0.9383683339730922,0,0,0,0,128,False,False,
140,7,1463.7592139927083,871.0937747122019,-0.19967353578303923,48.63798904418945,1.342056393623352,0,1,0,0,0,0.0725505157537542,-0.9844532742079882,-0.9316000471329028,0,0,0,0,128,False,False,
141,0,1440.925905331909,883.1601470743939,0.7952458738960423,72.69799041748047,3.9998672008514404,0,2,0,1,1,-0.5068557597965373,-0.944383731165232,0.30871296645365387,0,0,0,0,129,False,False,
141,1,1455.6564915338108,872.3671120766953,-0.24175887933565504,49.310523986816406,4.6076812744140625,0,2,0,1,1,-0.019659554050410418,-0.9129152947759014,-0.960002709398669,0,0,0,0,129,False,False,
141,2,1444.16046189906,870.5755613255046,0.0,60.59840774536133,3.9887754917144775,0,2,0,1,1,0.07568597337581195,-0.9433390638649769,-0.8055245347798401,4,0,0,0,129,False,False,
75,3,1422.5987224621422,885.0758087794742,1.351623685195116,80.87918090820312,-0.8136343955993652,0,3,0,2,2,-0.3875970679827775,-0.9018537665931101,0.5044565291591099,0,0,0,0,63,True,True,collision
141,4,1380.9107191192172,883.8250746483055,3.725579455972676,129.25962829589844,11.383288383483887,0,4,0,3,3,-0.3889106089402579,-0.9181166093164054,0.15562365166109182,0,0,0,0,129,False,False,
141,5,1390.7070978426125,868.5990817391287,-0.45337204227201927,144.65567016601562,10.907690048217773,0,4,0,3,3,0.08914420390944239,-0.8940634016491086,-0.36924284227640713,0,7,0,0,129,False,False,
141,6,1443.7338140728366,871.7216349330445,1.111073823912374,80.15303802490234,4.508881092071533,0,2,0,1,1,-0.003463203857639504,-0.9446710122818596,-0.9421888062100172,0,0,0,0,129,False,False,
141,7,1463.7481517233355,871.0942415580989,0.011072115821758464,48.64898681640625,1.3383055925369263,0,1,0,0,0,0.07264612797360144,-0.9844824170232586,-0.9315854395920729,1,0,0,0,129,False,False,
142,0,1440.1178228437432,883.3716125027453,0.8352933227723016,73.53329467773438,4.0004563331604,0,2,0,1,1,-0.5231617783248163,-0.945924477558854,0.33267493630712,0,0,0,0,130,False,False,
142,1,1455.8134985968543,872.3616373708816,-0.15710248326893647,49.46760177612305,4.616047382354736,0,2,0,1,1,-0.01950495260330519,-0.9124966178904329,-0.9603905274585749,0,0,0,0,130,False,False,
142,2,1444.236249851188,870.5777507152525,-0.07581956947402141,60.67412185668945,3.980107307434082,0,2,0,1,1,0.07585419530457911,-0.9431385960156031,-0.8059198674332796,5,0,0,0,130,False,False,
75,3,1422.5987224621422,885.0758087794742,1.351623685195116,80.87918090820312,-0.8136343955993652,0,3,0,2,2,-0.3875970679827775,-0.9018537665931101,0.5044565291591099,0,0,0,0,63,True,True,collision
142,4,1377.9270647880069,884.7794382466279,3.1325713153817896,132.39218139648438,11.387116432189941,0,4,0,3,3,-0.4227190432542948,-0.9248572360105871,0.2600711704545078,0,0,0,0,130,False,False,
142,5,1390.8383952522977,868.596232764183,-0.13132831548560675,144.78692626953125,10.920120239257812,0,4,0,3,3,0.08892021907268517,-0.8937168214328569,-0.36957249816848314,0,0,0,0,130,False,False,
142,6,1442.5694094837902,871.7722932883933,1.1655060342867738,81.31844329833984,4.527017116546631,0,2,0,1,1,-0.004016359435943034,-0.9477787090658198,-0.9462727037203091,0,0,0,0,130,False,False,
142,7,1463.5743489515185,871.1018930794644,0.1739711161959321,48.82298278808594,1.3506518602371216,0,1,0,0,0,0.07368899645935932,-0.9849433857126593,-0.9312923597244429,0,0,0,0,130,False,False,
143,0,1439.1248463322972,883.624071311364,1.0245671292465486,74.55781555175781,3.999798059463501,0,2,0,1,1,-0.5429507238991859,-0.9477607593315615,0.36124751485995676,0,0,0,0,131,False,False,
143,1,1455.957392641622,872.3564828800183,-0.1439863357949922,49.61161422729492,4.627409934997559,0,2,0,1,1,-0.02002311601989296,-0.9121127737628789,-0.9607566021510762,0,0,0,0,131,False,False,
143,2,1444.1904878473154,870.5764502856218,0.04578047745119685,60.71991729736328,3.9798970222473145,0,2,0,1,1,0.07571617559899614,-0.9432598593428569,-0.805685517883918,6,0,0,0,131,False,False,
75,3,1422.5987224621422,885.0758087794742,1.351623685195116,80.87918090820312,-0.8136343955993652,0,3,0,2,2,-0.3875970679827775,-0.9018537665931101,0.5044565291591099,0,0,0,0,63,True,True,collision
143,4,1375.0943411945495,885.6063547239552,2.95095134107715,135.3431854248047,11.392645835876465,0,4,0,3,3,-0.44976359819986683,-0.9310168212278156,0.3497591842554608,0,0,0,0,131,False,False,
143,5,1390.9126413090758,868.5946089750347,-0.07426381109448166,144.8611602783203,10.918023109436035,0,4,0,3,3,0.0886467484613364,-0.8935207664899464,-0.3697479601755558,1,0,0,0,131,False,False,
143,6,1441.32800713294,871.816026073974,1.2421724329701145,82.5606689453125,4.544512748718262,0,2,0,1,1,0.0013282922105316982,-0.9510913055586647,-0.9493905096493813,0,0,0,0,131,False,False,
143,7,1463.256265662022,871.1165753492519,0.3184219654844865,49.14143753051758,1.3606362342834473,0,1,0,0,0,0.07664240605962726,-0.9857868059181488,-0.9308377035893843,0,0,0,0,131,False,False,
144,0,1438.1434761050969,883.8645532691907,1.0104054111472365,75.56829071044922,4.000053405761719,0,2,0,1,1,-0.5628407164247594,-0.949510707434218,0.3884002747475468,0,0,0,0,132,False,False,
144,1,1455.7841985918467,872.3624934151677,0.1732983133510089,49.784934997558594,4.6418890953063965,0,2,0,1,1,-0.019414156110807806,-0.9125747517825659,-0.960339308160567,0,0,0,0,132,False,False,
144,2,1443.9830523574346,870.5705589312449,0.20751913289728022,60.927398681640625,3.992377996444702,0,2,0,1,1,0.07645037225527682,-0.9438091890091629,-0.8046242986236438,0,0,0,0,132,False,False,
75,3,1422.5987224621422,885.0758087794742,1.351623685195116,80.87918090820312,-0.8136343955993652,0,3,0,2,2,-0.3875970679827775,-0.9018537665931101,0.5044565291591099,0,0,0,0,63,True,True,collision
144,4,1372.0020527403888,886.4136694013521,3.1959356802159284,138.53912353515625,11.394242286682129,0,4,0,3,3,-0.4859656609820781,-0.9374265913606131,0.436219017291555,0,0,0,0,132,False,False,
144,5,1391.0966189544752,868.5907732247268,-0.18401762683816633,145.0452880859375,10.924468994140625,0,4,0,3,3,0.08888824627698379,-0.8930345714361736,-0.3702165449295368,0,0,0,0,132,False,False,
144,6,1439.89066969735,871.861241491919,1.4380484476430444,83.9987564086914,4.560811519622803,0,2,0,1,1,0.004042804994709728,-0.9549261392234268,-0.9523546505378834,0,0,0,0,132,False,False,
144,7,1462.6291165608054,871.1463820774667,0.6278570189174216,49.76921844482422,1.377737045288086,0,1,0,0,0,0.08585748966041756,-0.9874474670026394,-0.9300388340472447,0,0,0,0,132,False,False,
145,0,1436.9480218379317,884.1548860833769,1.2302048804473205,76.79847717285156,3.9959449768066406,0,2,0,1,1,-0.5948091609026935,-0.9515294536554804,0.42115924300578933,0,0,0,0,133,False,False,
145,1,1455.29914514034,872.3782281228495,0.48530859444723845,50.27017593383789,4.660330295562744,0,2,0,1,1,-0.018244157230736215,-0.913868203047792,-0.9592780853270196,0,0,0,0,133,False,False,
145,2,1443.9830523574346,870.5705589312449,0.0,60.927398681640625,3.992253541946411,0,2,0,1,1,0.07645037225527682,-0.9438091890091629,-0.8046242986236438,1,0,0,0,133,False,False,
75,3,1422.5987224621422,885.0758087794742,1.351623685195116,80.87918090820312,-0.8136343955993652,0,3,0,2,2,-0.3875970679827775,-0.9018537665931101,0.5044565291591099,0,0,0,0,63,True,True,collision
145,4,1369.3964452612545,887.1037049986315,2.6954293648384615,141.23452758789062,11.388445854187012,0,4,0,3,3,-0.5433792784026953,-0.9423861944974948,0.5102475186333333,0,0,0,0,133,False,False,
145,5,1391.3194554437139,868.5859787648778,-0.22288806110119963,145.2681121826172,10.9285306930542,0,4,0,3,3,0.08797638978284807,-0.8924460684881376,-0.37078077906045903,0,0,0,0,133,False,False,
145,6,1438.2150318161941,871.8933710074604,1.6759458865169994,85.67459869384766,4.58073616027832,0,2,0,1,1,0.013163344522535187,-0.9593941965783713,-0.9533351709962732,0,0,0,0,133,False,False,
145,7,1462.4396712597165,871.1551832262802,0.18964963043758365,49.95887756347656,1.3911575078964233,0,1,0,0,0,0.09015078683086099,-0.98794838422398,-0.929774976407821,0,0,0,0,133,False,False,
146,0,1435.47312810614,884.5270462812574,1.5211228526865224,78.3195571899414,3.9883434772491455,0,2,0,1,1,-0.6457632056970372,-0.9537943540640268,0.46324965699435916,0,0,0,0,134,False,False,
146,1,1455.29914514034,872.3782281228495,0.0,50.27017593383789,4.659031391143799,0,2,0,1,1,-0.018244157230736215,-0.913868203047792,-0.9592780853270196,1,0,0,0,134,False,False,
146,2,1443.8694151302016,870.5673708001044,0.11368194048931227,61.04109191894531,4.006183624267578,0,2,0,1,1,0.0766426488313218,-0.9441101890620643,-0.8040462287789022,0,0,0,0,134,False,False,
75,3,1422.5987224621422,885.0758087794742,1.351623685195116,80.87918090820312,-0.8136343955993652,0,3,0,2,2,-0.3875970679827775,-0.9018537665931101,0.5044565291591099,0,0,0,0,63,True,True,collision
146,4,1366.5339101598624,887.8089981148388,2.948142735091116,144.1826934814453,11.378094673156738,0,4,0,3,3,-0.6030279231113418,-0.9473314608328848,0.5852498941453548,0,0,0,0,134,False,False,
146,5,1391.6765100604537,868.5788726247399,-0.3571253233289674,145.625244140625,10.931127548217773,0,4,0,3,3,0.0882249804883628,-0.8915029275041959,-0.37172578118326915,0,1,0,0,134,False,False,
146,6,1436.6420096199097,871.8948897019486,1.573022929405936,87.24771881103516,4.599079608917236,0,2,0,1,1,0.027604749796049394,-0.9635856503191479,-0.9508175963523112,0,0,0,0,134,False,False,
146,7,1462.2741063539947,871.1628923133514,0.1657442850602353,50.12470626831055,1.4019279479980469,0,1,0,0,0,0.09350601153932764,-0.9883859956700336,-0.929547651913565,0,0,0,0,134,False,False,
147,0,1433.7660140811277,884.9472216887758,1.7580630442270315,80.0776596069336,3.974180221557617,0,2,0,1,1,-0.699665330417521,-0.9561141303344101,0.5106974651943181,0,0,0,0,135,False,False,
147,1,1455.4369223591523,872.3736741771064,-0.13785245897500004,50.4079475402832,4.6652512550354,0,2,0,1,1,-0.018554871095270188,-0.9135009714608668,-0.959592940721513,0,0,0,0,135,False,False,
147,2,1443.8546567414126,870.5669556352934,0.01476422708662934,61.055870056152344,4.002460479736328,0,2,0,1,1,0.0767449604904761,-0.9441493040091493,-0.8039730481438246,1,0,0,0,135,False,False,
75,3,1422.5987224621422,885.0758087794742,1.351623685195116,80.87918090820312,-0.8136343955993652,0,3,0,2,2,-0.3875970679827775,-0.9018537665931101,0.5044565291591099,0,0,0,0,63,True,True,collision
147,4,1363.4228502860904,888.5286650646251,3.1932137505669194,147.3759307861328,3.369452476501465,0,4,0,3,3,-0.6848343194831532,-0.9519126906328196,0.6611455307842917,0,0,0,0,135,True,True,collision
147,5,1392.0441962575176,868.5728871212938,-0.36773491235236505,145.9929656982422,10.936954498291016,0,4,0,3,3,0.08972257787548364,-0.8905321405952583,-0.3728755747395541,0,2,0,0,135,False,False,
147,6,1435.4526806947054,871.8757082573538,1.189483593894537,88.43720245361328,4.618089199066162,0,2,0,1,1,0.04215440355735546,-0.9667512677592922,-0.9464849061223949,0,0,0,0,135,False,False,
147,7,1461.7967542227664,871.1854709609075,0.4778858153509706,50.602535247802734,1.417973518371582,0,1,0,0,0,0.10444480676222996,-0.9896449634794577,-0.9289241157406629,0,0,0,0,135,False,False,
148,0,1431.7845829375872,885.4172510415581,2.036417680405721,82.11408996582031,-4.035030364990234,0,2,0,1,1,-0.7680741009775046,-0.9583433513057882,0.563649143220563,0,0,0,0,136,True,True,collision
148,1,1455.6186951691652,872.3678067407991,-0.18186748271430256,50.589805603027344,4.6709818840026855,0,2,0,1,1,-0.017962106828482167,-0.9130162126726092,-0.959980758781419,0,0,0,0,136,False,False,
148,2,1443.7647744533422,870.564394001344,0.0899187837844179,61.145751953125,4.001295566558838,0,2,0,1,1,0.07731080266586648,-0.9443872262651679,-0.8035118529188153,2,0,0,0,136,False,False,
75,3,1422.5987224621422,885.0758087794742,1.351623685195116,80.87918090820312,-0.8136343955993652,0,3,0,2,2,-0.3875970679827775,-0.9018537665931101,0.5044565291591099,0,0,0,0,63,True,True,collision
147,4,1363.4228502860904,888.5286650646251,3.1932137505669194,147.3759307861328,3.369452476501465,0,4,0,3,3,-0.6848343194831532,-0.9519126906328196,0.6611455307842917,0,0,0,0,135,True,True,collision
148,5,1392.543636746151,868.565603840899,-0.49949359141007565,146.49240112304688,10.936003684997559,0,4,0,3,3,0.08971380401562909,-0.8892136639248732,-0.37453105791869934,0,3,0,0,136,False,False,
148,6,1434.103558141085,871.8330973828391,1.3497952997821119,89.78699493408203,4.635550022125244,0,2,0,1,1,0.05829299919224001,-0.9703372609165762,-0.9390636857907104,0,0,0,0,136,False,False,
148,7,1461.3526217871386,871.2064199354724,0.4446262249486122,51.047119140625,1.4338241815567017,0,1,0,0,0,0.11795940363961803,-0.990812528545398,-0.9283452669223644,0,0,0,0,136,False,False,
148,0,1431.7845829375872,885.4172510415581,2.036417680405721,82.11408996582031,-4.035030364990234,0,2,0,1,1,-0.7680741009775046,-0.9583433513057882,0.563649143220563,0,0,0,0,136,True,True,collision
149,1,1455.7491075505964,872.3637621198437,-0.1304750864693756,50.720359802246094,4.6826090812683105,0,2,0,1,1,-0.017089647447461845,-0.9126681897239173,-0.9602441804815126,0,0,0,0,137,False,False,
149,2,1443.7647744533422,870.564394001344,0.0,61.145751953125,4.000542163848877,0,2,0,1,1,0.07731080266586648,-0.9443872262651679,-0.8035118529188153,3,0,0,0,137,False,False,
75,3,1422.5987224621422,885.0758087794742,1.351623685195116,80.87918090820312,-0.8136343955993652,0,3,0,2,2,-0.3875970679827775,-0.9018537665931101,0.5044565291591099,0,0,0,0,63,True,True,collision
147,4,1363.4228502860904,888.5286650646251,3.1932137505669194,147.3759307861328,3.369452476501465,0,4,0,3,3,-0.6848343194831532,-0.9519126906328196,0.6611455307842917,0,0,0,0,135,True,True,collision
149,5,1392.720341892365,868.5630889885089,-0.17672304088913657,146.66917419433594,10.947166442871094,0,4,0,3,3,0.08955717503116445,-0.8887469439551239,-0.3751245071312814,0,0,0,0,137,False,False,
149,6,1432.4675812288292,871.7520070705078,1.6379853772814892,91.42498779296875,4.656210422515869,0,2,0,1,1,0.08172160310187956,-0.9746745845631469,-0.9265410355265684,0,0,0,0,137,False,False,
149,7,1460.7565776325519,871.231984399564,0.5965921354168505,51.64373779296875,1.4467521905899048,0,1,0,0,0,0.14569197914095594,-0.9923691244319457,-0.9272533103660484,0,0,0,0,137,False,False,
148,0,1431.7845829375872,885.4172510415581,2.036417680405721,82.11408996582031,-4.035030364990234,0,2,0,1,1,-0.7680741009775046,-0.9583433513057882,0.563649143220563,0,0,0,0,136,True,True,collision
150,1,1455.5626009884925,872.3695035795934,0.18659491436767947,50.9069709777832,4.691692352294922,0,2,0,1,1,-0.017040448421556675,-0.9131656438884088,-0.95987831661213,0,0,0,0,138,False,False,
150,2,1443.880659672019,870.5675275993223,-0.11592757801346522,61.26163864135742,4.009601593017578,0,2,0,1,1,0.07596196268582073,-0.944080398669743,-0.8040828048033482,0,0,0,0,138,False,False,
75,3,1422.5987224621422,885.0758087794742,1.351623685195116,80.87918090820312,-0.8136343955993652,0,3,0,2,2,-0.3875970679827775,-0.9018537665931101,0.5044565291591099,0,0,0,0,63,True,True,collision
147,4,1363.4228502860904,888.5286650646251,3.1932137505669194,147.3759307861328,3.369452476501465,0,4,0,3,3,-0.6848343194831532,-0.9519126906328196,0.6611455307842917,0,0,0,0,135,True,True,collision
150,5,1392.9318894023575,868.560395329092,-0.2115646586390665,146.8807373046875,10.955985069274902,0,4,0,3,3,0.0900558827837677,-0.8881884377617616,-0.37587883939629174,0,0,0,0,138,False,False,
150,6,1430.5538088288406,871.6062270958171,1.9193167013234302,93.34423065185547,4.675596237182617,0,2,0,1,1,0.12337920023834512,-0.9797159251159251,-0.905784949213211,0,0,0,0,138,False,False,
150,7,1460.2330680457512,871.2516100307973,0.5238773261684475,52.16766357421875,1.460672378540039,0,1,0,0,0,0.18202143110028082,-0.9937196998955957,-0.9259551044807931,0,0,0,0,138,False,False,
148,0,1431.7845829375872,885.4172510415581,2.036417680405721,82.11408996582031,-4.035030364990234,0,2,0,1,1,-0.7680741009775046,-0.9583433513057882,0.563649143220563,0,0,0,0,136,True,True,collision
151,1,1455.1885258796729,872.381889752963,0.37428011479253,51.28132247924805,4.698422431945801,0,2,0,1,1,-0.018735895392273327,-0.9141634847247788,-0.9590292961806683,0,0,0,0,139,False,False,
151,2,1444.1030809861657,870.5733023590512,-0.22249626701744285,61.484127044677734,4.012545585632324,0,2,0,1,1,0.07448734822153193,-0.9434912051026619,-0.8051586744837307,0,0,0,0,139,False,False,
75,3,1422.5987224621422,885.0758087794742,1.351623685195116,80.87918090820312,-0.8136343955993652,0,3,0,2,2,-0.3875970679827775,-0.9018537665931101,0.5044565291591099,0,0,0,0,63,True,True,collision
147,4,1363.4228502860904,888.5286650646251,3.1932137505669194,147.3759307861328,3.369452476501465,0,4,0,3,3,-0.6848343194831532,-0.9519126906328196,0.6611455307842917,0,0,0,0,135,True,True,collision
151,5,1392.8251179910233,868.561772374449,0.10678029093512297,146.98756408691406,10.96881103515625,0,4,0,3,3,0.09018098523520798,-0.8884704319363517,-0.37549801423203266,0,0,0,0,139,False,False,
151,6,1428.9204063075313,871.4788622861103,1.6383606414252605,94.98260498046875,4.6876702308654785,0,2,0,1,1,0.158271055748592,-0.9839791383284682,-0.8877220460550892,0,0,0,0,139,False,False,
151,7,1459.9463438605349,871.2624320479227,0.2869283437421238,52.454612731933594,1.4675644636154175,0,1,0,0,0,0.20658604445405235,-0.9944497323300259,-0.9252593596031231,0,0,0,0,139,False,False,
148,0,1431.7845829375872,885.4172510415581,2.036417680405721,82.11408996582031,-4.035030364990234,0,2,0,1,1,-0.7680741009775046,-0.9583433513057882,0.563649143220563,0,0,0,0,136,True,True,collision
152,1,1454.5061553816072,872.4029926132172,0.682696731602992,51.96402359008789,4.703924655914307,0,2,0,1,1,-0.01772201617039539,-0.9159833258961433,-0.957668068476035,0,0,0,0,140,False,False,
152,2,1444.0070976674,870.5707175277299,0.09601811721862577,61.580108642578125,4.009788990020752,0,2,0,1,1,0.0754427352021139,-0.9437453751567356,-0.804682828838613,1,0,0,0,140,False,False,
75,3,1422.5987224621422,885.0758087794742,1.351623685195116,80.87918090820312,-0.8136343955993652,0,3,0,2,2,-0.3875970679827775,-0.9018537665931101,0.5044565291591099,0,0,0,0,63,True,True,collision
147,4,1363.4228502860904,888.5286650646251,3.1932137505669194,147.3759307861328,3.369452476501465,0,4,0,3,3,-0.6848343194831532,-0.9519126906328196,0.6611455307842917,0,0,0,0,135,True,True,collision
152,5,1392.8251179910233,868.561772374449,0.0,146.98756408691406,10.967269897460938,0,4,0,3,3,0.09018098523520798,-0.8884704319363517,-0.37549801423203266,1,0,0,0,140,False,False,
152,6,1427.1450296183173,871.3507853044795,1.7799904780160392,96.76261138916016,4.703586101531982,0,2,0,1,1,0.21802841485290023,-0.9885296382055958,-0.8693225405617964,0,0,0,0,140,False,False,
152,7,1459.4274676377552,871.2814630232199,0.519225107816431,52.973758697509766,1.474975347518921,0,1,0,0,0,0.2735461813248643,-0.9957382805755612,-0.9239246205727002,0,0,0,0,140,False,False,
148,0,1431.7845829375872,885.4172510415581,2.036417680405721,82.11408996582031,-4.035030364990234,0,2,0,1,1,-0.7680741009775046,-0.9583433513057882,0.563649143220563,0,0,0,0,136,True,True,collision
153,1,1453.699779337831,872.4311780406119,0.8068684789318564,52.770790100097656,4.715548038482666,0,2,0,1,1,-0.020815160655716466,-0.9181335831984306,-0.9556773372322603,0,0,0,0,141,False,False,
153,2,1443.8913583078263,870.5675646099809,0.1157822967679712,61.69587326049805,4.021740913391113,0,2,0,1,1,0.07605794783937402,-0.9440518896652786,-0.8041047589938715,0,0,0,0,141,False,False,
75,3,1422.5987224621422,885.0758087794742,1.351623685195116,80.87918090820312,-0.8136343955993652,0,3,0,2,2,-0.3875970679827775,-0.9018537665931101,0.5044565291591099,0,0,0,0,63,True,True,collision
147,4,1363.4228502860904,888.5286650646251,3.1932137505669194,147.3759307861328,3.369452476501465,0,4,0,3,3,-0.6848343194831532,-0.9519126906328196,0.6611455307842917,0,0,0,0,135,True,True,collision
153,5,1392.9629578669683,868.5599098372187,-0.13785245897500004,147.12551879882812,10.97680950164795,0,4,0,3,3,0.08949469739294816,-0.8881062141936762,-0.37597391704952143,0,0,0,0,141,False,False,
153,6,1425.090205912309,871.2402609583651,2.057793987224481,98.82038879394531,4.71523904800415,0,2,0,1,1,0.3795126165756667,-0.9934920290319659,-0.8525479095894417,0,0,0,0,141,False,False,
153,7,1459.0287866007031,871.2947680420757,0.3989029867420417,53.37266159057617,1.4835259914398193,0,1,0,0,0,0.36133031707534036,-0.9966737776908385,-0.9227449973317654,0,0,0,0,141,False,False,
148,0,1431.7845829375872,885.4172510415581,2.036417680405721,82.11408996582031,-4.035030364990234,0,2,0,1,1,-0.7680741009775046,-0.9583433513057882,0.563649143220563,0,0,0,0,136,True,True,collision
154,1,1452.9239424346517,872.4575830806502,0.7762861112206604,53.547119140625,4.7305145263671875,0,2,0,1,1,-0.020756071630112338,-0.9202027193022546,-0.9538329565388213,0,0,0,0,142,False,False,
154,2,1443.8913583078263,870.5675646099809,0.0,61.69587326049805,4.021746635437012,0,2,0,1,1,0.07605794783937402,-0.9440518896652786,-0.8041047589938715,1,0,0,0,142,False,False,
75,3,1422.5987224621422,885.0758087794742,1.351623685195116,80.87918090820312,-0.8136343955993652,0,3,0,2,2,-0.3875970679827775,-0.9018537665931101,0.5044565291591099,0,0,0,0,63,True,True,collision
147,4,1363.4228502860904,888.5286650646251,3.1932137505669194,147.3759307861328,3.369452476501465,0,4,0,3,3,-0.6848343194831532,-0.9519126906328196,0.6611455307842917,0,0,0,0,135,True,True,collision
154,5,1393.1365833682448,868.557267661302,-0.1736456039958317,147.2991180419922,10.985904693603516,0,4,0,3,3,0.0880468033383377,-0.8876476906853852,-0.3765308331169359,0,0,0,0,142,False,False,
154,6,1422.8516809129517,871.1695564439988,2.2396413331379468,101.06002807617188,4.710669994354248,0,2,0,1,1,1.0,-0.9964301712731166,-0.8398696647172031,0,0,0,1,142,False,False,
154,7,1458.3223482841029,871.3193494898176,0.7068658590807744,54.07950973510742,1.4810017347335815,0,1,0,0,0,0.6962572764353164,-0.9979915956280241,-0.9207729650266314,0,0,0,0,142,False,False,
148,0,1431.7845829375872,885.4172510415581,2.036417680405721,82.11408996582031,-4.035030364990234,0,2,0,1,1,-0.7680741009775046,-0.9583433513057882,0.563649143220563,0,0,0,0,136,True,True,collision
155,1,1452.6718024161585,872.4660608207477,0.2522825023717032,53.79945755004883,4.747471332550049,0,2,0,1,1,-0.020668996400735926,-0.92087527377146,-0.9532473613807265,0,0,0,0,143,False,False,
155,2,1443.7439800744476,870.5634642876516,0.1474352614440311,61.84326934814453,4.0293378829956055,0,2,0,1,1,0.07696615383650472,-0.9444420988271823,-0.803365505941753,0,0,0,0,143,False,False,
75,3,1422.5987224621422,885.0758087794742,1.351623685195116,80.87918090820312,-0.8136343955993652,0,3,0,2,2,-0.3875970679827775,-0.9018537665931101,0.5044565291591099,0,0,0,0,63,True,True,collision
147,4,1363.4228502860904,888.5286650646251,3.1932137505669194,147.3759307861328,3.369452476501465,0,4,0,3,3,-0.6848343194831532,-0.9519126906328196,0.6611455307842917,0,0,0,0,135,True,True,collision
155,5,1393.3361773712156,868.5541291566366,-0.1996186770656064,147.4987335205078,10.992654800415039,0,4,0,3,3,0.08731151689126351,-0.8871204306229625,-0.37716813353819334,0,0,0,0,143,False,False,
155,6,1420.8605810186452,871.1028983929596,1.992215371107165,103.05223083496094,7.923182487487793,0,3,1,2,2,0.07645166764430719,-0.9107035895797905,-0.8218072832569682,0,0,0,0,143,False,False,
155,7,1457.4602160956792,871.3546746138093,0.8628555931912005,54.94241714477539,4.701066017150879,0,2,1,1,1,-0.00491935636309601,-0.9080553788815717,-0.9217107705772225,0,0,0,0,143,False,False,
148,0,1431.7845829375872,885.4172510415581,2.036417680405721,82.11408996582031,-4.035030364990234,0,2,0,1,1,-0.7680741009775046,-0.9583433513057882,0.563649143220563,0,0,0,0,136,True,True,collision
156,1,1452.6718024161585,872.4660608207477,0.0,53.79945755004883,4.748378753662109,0,2,0,1,1,-0.020668996400735926,-0.92087527377146,-0.9532473613807265,1,0,0,0,144,False,False,
156,2,1443.2842384083608,870.5516376803215,0.4598937574886961,62.303260803222656,4.037182331085205,0,2,0,1,1,0.07733555298486611,-0.9456598977549134,-0.8011552649522045,0,0,0,0,144,False,False,
75,3,1422.5987224621422,885.0758087794742,1.351623685195116,80.87918090820312,-0.8136343955993652,0,3,0,2,2,-0.3875970679827775,-0.9018537665931101,0.5044565291591099,0,0,0,0,63,True,True,collision
147,4,1363.4228502860904,888.5286650646251,3.1932137505669194,147.3759307861328,3.369452476501465,0,4,0,3,3,-0.6848343194831532,-0.9519126906328196,0.6611455307842917,0,0,0,0,135,True,True,collision
156,5,1393.6703896378722,868.5494779395323,-0.334244630479303,147.83299255371094,10.997943878173828,0,4,0,3,3,0.08777086105139947,-0.8862375981095674,-0.37830329096746285,0,0,0,0,144,False,False,
156,6,1419.046838737617,871.0175535901143,1.8157491008844175,104.86795806884766,7.9403157234191895,0,3,0,2,2,0.08994105361722783,-0.9154998945428727,-0.8024044097964629,0,0,0,0,144,False,False,
156,7,1456.5141590459277,871.3910737445606,0.9467570111195786,55.88916015625,4.715160369873047,0,2,0,1,1,-0.003424206513548711,-0.910579994439239,-0.9244478692600512,0,0,0,0,144,False,False,
148,0,1431.7845829375872,885.4172510415581,2.036417680405721,82.11408996582031,-4.035030364990234,0,2,0,1,1,-0.7680741009775046,-0.9583433513057882,0.563649143220563,0,0,0,0,136,True,True,collision
157,1,1452.8095761046236,872.4614012915682,-0.13785245897500004,53.93735122680664,4.759855270385742,0,2,0,1,1,-0.020698584768513544,-0.9205077459455473,-0.9535695348387276,0,0,0,0,145,False,False,
157,2,1443.2114174852886,870.5497756545193,0.07284472511562969,62.37603759765625,4.035068988800049,0,2,0,1,1,0.0775124780879897,-0.9458525474000813,-0.8008113445535255,1,0,0,0,145,False,False,
75,3,1422.5987224621422,885.0758087794742,1.351623685195116,80.87918090820312,-0.8136343955993652,0,3,0,2,2,-0.3875970679827775,-0.9018537665931101,0.5044565291591099,0,0,0,0,63,True,True,collision
147,4,1363.4228502860904,888.5286650646251,3.1932137505669194,147.3759307861328,3.369452476501465,0,4,0,3,3,-0.6848343194831532,-0.9519126906328196,0.6611455307842917,0,0,0,0,135,True,True,collision
157,5,1393.6844187498732,868.5492828173138,-0.014030468852445412,147.84703063964844,10.993024826049805,0,4,0,3,3,0.08774825434889143,-0.8862004950679729,-0.3783471421761383,1,0,0,0,145,False,False,
157,6,1417.2598401657283,870.9410582700522,1.7886350745535884,106.65658569335938,7.955056667327881,0,3,0,2,2,0.09244277768378627,-0.9202221684178599,-0.784195795703908,0,0,0,0,145,False,False,
157,7,1455.5422705324122,871.4303590250871,0.9726821762371812,56.86187744140625,4.730293273925781,0,2,0,1,1,-0.0048014561654172085,-0.9131738379479545,-0.9274998161908268,0,0,0,0,145,False,False,
148,0,1431.7845829375872,885.4172510415581,2.036417680405721,82.11408996582031,-4.035030364990234,0,2,0,1,1,-0.7680741009775046,-0.9583433513057882,0.563649143220563,0,0,0,0,136,True,True,collision
158,1,1452.630342780875,872.467434968041,0.17933485325990267,54.11664962768555,4.77711296081543,0,2,0,1,1,-0.02072268884065238,-0.9209856292815444,-0.953159555338453,0,0,0,0,146,False,False,
158,2,1443.093197587196,870.5468113158672,0.11825705733122134,62.494361877441406,4.050339698791504,0,2,0,1,1,0.07764959385821663,-0.9461657393437448,-0.8002550145029154,0,0,0,0,146,False,False,
75,3,1422.5987224621422,885.0758087794742,1.351623685195116,80.87918090820312,-0.8136343955993652,0,3,0,2,2,-0.3875970679827775,-0.9018537665931101,0.5044565291591099,0,0,0,0,63,True,True,collision
147,4,1363.4228502860904,888.5286650646251,3.1932137505669194,147.3759307861328,3.369452476501465,0,4,0,3,3,-0.6848343194831532,-0.9519126906328196,0.6611455307842917,0,0,0,0,135,True,True,collision
158,5,1393.8360675410652,868.5472463393928,-0.15166246441469236,147.9986572265625,11.003453254699707,0,4,0,3,3,0.08774235041826033,-0.8858000183403518,-0.37887421426581014,0,0,0,0,146,False,False,
158,6,1415.973742343885,870.8999818042751,1.286753621867981,107.94337463378906,7.972009181976318,0,3,0,2,2,0.0893650641283557,-0.9236212970147137,-0.7727620933000499,0,0,0,0,146,False,False,
158,7,1454.806811641903,871.4584808283228,0.7359963420058913,57.5978889465332,4.747175216674805,0,2,0,1,1,-0.0034921325991064123,-0.9151365066404156,-0.9296149366478672,0,0,0,0,146,False,False,
148,0,1431.7845829375872,885.4172510415581,2.036417680405721,82.11408996582031,-4.035030364990234,0,2,0,1,1,-0.7680741009775046,-0.9583433513057882,0.563649143220563,0,0,0,0,136,True,True,collision
159,1,1452.630342780875,872.467434968041,0.0,54.11664962768555,4.779144763946533,0,2,0,1,1,-0.02072268884065238,-0.9209856292815444,-0.953159555338453,1,0,0,0,147,False,False,
159,2,1443.093197587196,870.5468113158672,0.0,62.494361877441406,4.048283576965332,0,2,0,1,1,0.07764959385821663,-0.9461657393437448,-0.8002550145029154,1,0,0,0,147,False,False,
75,3,1422.5987224621422,885.0758087794742,1.351623685195116,80.87918090820312,-0.8136343955993652,0,3,0,2,2,-0.3875970679827775,-0.9018537665931101,0.5044565291591099,0,0,0,0,63,True,True,collision
147,4,1363.4228502860904,888.5286650646251,3.1932137505669194,147.3759307861328,3.369452476501465,0,4,0,3,3,-0.6848343194831532,-0.9519126906328196,0.6611455307842917,0,0,0,0,135,True,True,collision
159,5,1394.1231198757814,868.5431759568067,-0.28708119213990335,148.28579711914062,11.009981155395508,0,4,0,3,3,0.0866851698521079,-0.8850414437915703,-0.37983385251563584,0,0,0,0,147,False,False,
159,6,1415.2201182869544,870.8825211348062,0.7538263023820875,108.69723510742188,7.987132549285889,0,3,0,2,2,0.08604393669255299,-0.9256137501857157,-0.7668584742546524,0,0,0,0,147,False,False,
159,7,1453.7701853684864,871.4998542192192,1.0374515835508988,58.63533401489258,4.765069007873535,0,2,0,1,1,-0.004710247883163119,-0.9179029578733618,-0.9327986015752361,0,0,0,0,147,False,False,
148,0,1431.7845829375872,885.4172510415581,2.036417680405721,82.11408996582031,-4.035030364990234,0,2,0,1,1,-0.7680741009775046,-0.9583433513057882,0.563649143220563,0,0,0,0,136,True,True,collision
160,1,1452.3207779561974,872.477820703823,0.30973899364699087,54.426395416259766,4.796820640563965,0,2,0,1,1,-0.02086919719261699,-0.9218111755945065,-0.9524424565801569,0,0,0,0,148,False,False,
160,2,1442.7783676286947,870.5380579346671,0.31495162239999996,62.809303283691406,4.063319683074951,0,2,0,1,1,0.08063941575141927,-0.9469989644597611,-0.798666951842454,0,0,0,0,148,False,False,
75,3,1422.5987224621422,885.0758087794742,1.351623685195116,80.87918090820312,-0.8136343955993652,0,3,0,2,2,-0.3875970679827775,-0.9018537665931101,0.5044565291591099,0,0,0,0,63,True,True,collision
147,4,1363.4228502860904,888.5286650646251,3.1932137505669194,147.3759307861328,3.369452476501465,0,4,0,3,3,-0.6848343194831532,-0.9519126906328196,0.6611455307842917,0,0,0,0,135,True,True,collision
160,5,1394.5389516707114,868.5362537503684,-0.41588940671367874,148.70162963867188,11.016703605651855,0,4,0,3,3,0.08430401535320489,-0.8839423777063931,-0.38111588576640076,0,1,0,0,148,False,False,
160,6,1414.9531489277626,870.8765624874737,0.26703584820259785,108.96427154541016,7.9999260902404785,0,3,0,2,2,0.08632650367162568,-0.9263193783801814,-0.7648002260138176,0,0,0,0,148,False,False,
160,7,1452.5446455019405,871.5398454610886,1.2261921806631424,59.8614501953125,4.78114128112793,0,2,0,1,1,-8.489447205906547e-05,-0.9211725999577949,-0.9354919991268635,0,0,0,0,148,False,False,
148,0,1431.7845829375872,885.4172510415581,2.036417680405721,82.11408996582031,-4.035030364990234,0,2,0,1,1,-0.7680741009775046,-0.9583433513057882,0.563649143220563,0,0,0,0,136,True,True,collision
161,1,1452.2354919271074,872.4806834794491,0.08533406261415624,54.51177215576172,4.7995405197143555,0,2,0,1,1,-0.020941254246714416,-0.9220387200138159,-0.9522446830552412,1,0,0,0,149,False,False,
161,2,1442.3279438976542,870.5229931458786,0.450675587696508,63.25987243652344,4.0806474685668945,0,2,0,1,1,0.08617612703440487,-0.9481897351599181,-0.7960906361604042,0,0,0,0,149,False,False,
75,3,1422.5987224621422,885.0758087794742,1.351623685195116,80.87918090820312,-0.8136343955993652,0,3,0,2,2,-0.3875970679827775,-0.9018537665931101,0.5044565291591099,0,0,0,0,63,True,True,collision
147,4,1363.4228502860904,888.5286650646251,3.1932137505669194,147.3759307861328,3.369452476501465,0,4,0,3,3,-0.6848343194831532,-0.9519126906328196,0.6611455307842917,0,0,0,0,135,True,True,collision
161,5,1394.822313589156,868.5312848754841,-0.2834054807906384,148.98500061035156,11.02451229095459,0,4,0,3,3,0.0831978492534467,-0.8831932228508956,-0.381957920448762,0,0,0,0,149,False,False,
161,6,1414.3759366596828,870.8620596995318,0.5773944347496658,109.5416030883789,8.016411781311035,0,3,0,2,2,0.08998641931922041,-0.927843883809887,-0.7601341172351487,0,0,0,0,149,False,False,
161,7,1451.0280611858711,871.5830809926547,1.5172004807992805,61.378665924072266,4.799204349517822,0,2,0,1,1,0.002675268271690988,-0.9252184780216306,-0.9380756400189675,0,0,0,0,149,False,False,
148,0,1431.7845829375872,885.4172510415581,2.036417680405721,82.11408996582031,-4.035030364990234,0,2,0,1,1,-0.7680741009775046,-0.9583433513057882,0.563649143220563,0,0,0,0,136,True,True,collision
162,1,1452.2354919271074,872.4806834794491,0.0,54.51177215576172,4.792623519897461,0,2,0,1,1,-0.020941254246714416,-0.9220387200138159,-0.9522446830552412,2,0,0,0,150,False,False,
162,2,1441.7919988987787,870.5042548694959,0.5362724725562187,63.79621124267578,4.092254638671875,0,2,0,1,1,0.08960626474165564,-0.9496062156365215,-0.7929216002135044,0,0,0,0,150,False,False,
75,3,1422.5987224621422,885.0758087794742,1.351623685195116,80.87918090820312,-0.8136343955993652,0,3,0,2,2,-0.3875970679827775,-0.9018537665931101,0.5044565291591099,0,0,0,0,63,True,True,collision
147,4,1363.4228502860904,888.5286650646251,3.1932137505669194,147.3759307861328,3.369452476501465,0,4,0,3,3,-0.6848343194831532,-0.9519126906328196,0.6611455307842917,0,0,0,0,135,True,True,collision
162,5,1394.786276706313,868.5319128083713,0.036042353207766664,149.02101135253906,11.025260925292969,0,4,0,3,3,0.08333688031043399,-0.8832884382693085,-0.3818482638408879,1,0,0,0,150,False,False,
162,6,1414.3194294672744,870.8606200687843,0.05652552813171257,109.59813690185547,8.01624584197998,0,3,0,2,2,0.09039879914085987,-0.9279931268874579,-0.759672879130861,1,0,0,0,150,False,False,
162,7,1449.621199563841,871.6102108122078,1.4071231824720996,62.785789489746094,4.818979740142822,0,2,0,1,1,0.00899504541294631,-0.9289704500524788,-0.9389244496273105,0,0,0,0,150,False,False,
148,0,1431.7845829375872,885.4172510415581,2.036417680405721,82.11408996582031,-4.035030364990234,0,2,0,1,1,-0.7680741009775046,-0.9583433513057882,0.563649143220563,0,0,0,0,136,True,True,collision
163,1,1452.2234813849805,872.4810870437133,0.012017320262820923,54.523738861083984,4.7774176597595215,0,2,0,1,1,-0.020970729798422225,-0.9220706216869363,-0.9522154108012102,3,0,0,0,151,False,False,
163,2,1441.1149235638372,870.4800963275826,0.6775061950518511,64.47377014160156,4.1087188720703125,0,2,0,1,1,0.09339965761484766,-0.9513943078337295,-0.7888669785305169,0,0,0,0,151,False,False,
75,3,1422.5987224621422,885.0758087794742,1.351623685195116,80.87918090820312,-0.8136343955993652,0,3,0,2,2,-0.3875970679827775,-0.9018537665931101,0.5044565291591099,0,0,0,0,63,True,True,collision
147,4,1363.4228502860904,888.5286650646251,3.1932137505669194,147.3759307861328,3.369452476501465,0,4,0,3,3,-0.6848343194831532,-0.9519126906328196,0.6611455307842917,0,0,0,0,135,True,True,collision
163,5,1394.786276706313,868.5319128083713,0.0,149.02101135253906,11.02388858795166,0,4,0,3,3,0.08333688031043399,-0.8832884382693085,-0.3818482638408879,2,0,0,0,151,False,False,
163,6,1414.2659820769916,870.8592333067245,0.05346537792873415,109.65161895751953,8.016864776611328,0,3,0,2,2,0.09087574931354665,-0.9281343189844382,-0.7592408846944189,2,0,0,0,151,False,False,
163,7,1448.4919993476678,871.6177907259157,1.1292256564997298,63.91508865356445,4.8384623527526855,0,2,0,1,1,0.017749438255317312,-0.9319807892825934,-0.9378925026210674,0,0,0,0,151,False,False,
148,0,1431.7845829375872,885.4172510415581,2.036417680405721,82.11408996582031,-4.035030364990234,0,2,0,1,1,-0.7680741009775046,-0.9583433513057882,0.563649143220563,0,0,0,0,136,True,True,collision
164,1,1451.896894509092,872.4920156548028,0.3267696773615946,54.850582122802734,4.786579608917236,0,2,0,1,1,-0.021119178987260057,-0.9229417288210445,-0.9514690469354294,0,0,0,0,152,False,False,
164,2,1440.1352702685283,870.4495271007048,0.9801301223008761,65.45386505126953,4.125638961791992,0,2,0,1,1,0.09567877242814499,-0.9539799944130498,-0.7835242776185146,0,0,0,0,152,False,False,
75,3,1422.5987224621422,885.0758087794742,1.351623685195116,80.87918090820312,-0.8136343955993652,0,3,0,2,2,-0.3875970679827775,-0.9018537665931101,0.5044565291591099,0,0,0,0,63,True,True,collision
147,4,1363.4228502860904,888.5286650646251,3.1932137505669194,147.3759307861328,3.369452476501465,0,4,0,3,3,-0.6848343194831532,-0.9519126906328196,0.6611455307842917,0,0,0,0,135,True,True,collision
164,5,1394.9178572028486,868.5295332780588,-0.13160201074871297,149.15261840820312,11.027458190917969,0,4,0,3,3,0.08266927726119618,-0.8829404330241142,-0.38222908900514696,0,0,0,0,152,False,False,
164,6,1413.8986286521101,870.8480015681896,0.3675250885621943,110.01909637451172,8.032275199890137,0,3,0,2,2,0.09511207140897998,-0.9291035005524337,-0.7560395749440025,0,0,0,0,152,False,False,
164,7,1447.8928132547026,871.6167425218015,0.5991870098182362,64.51421356201172,4.857512474060059,0,2,0,1,1,0.023692570835267664,-0.9335773686333635,-0.9367434665987001,0,0,0,0,152,False,False,
148,0,1431.7845829375872,885.4172510415581,2.036417680405721,82.11408996582031,-4.035030364990234,0,2,0,1,1,-0.7680741009775046,-0.9583433513057882,0.563649143220563,0,0,0,0,136,True,True,collision
165,1,1451.700522731166,872.4983069570154,0.19647253153890615,55.04697036743164,4.799266815185547,0,2,0,1,1,-0.020350958461432988,-0.9234651691351506,-0.951051749371647,0,0,0,0,153,False,False,
165,2,1439.682772829799,870.4355055069282,0.4527146310301023,65.90660095214844,4.139730453491211,0,2,0,1,1,0.09810484723380392,-0.9551733406415517,-0.7810650366594961,0,0,0,0,153,False,False,
75,3,1422.5987224621422,885.0758087794742,1.351623685195116,80.87918090820312,-0.8136343955993652,0,3,0,2,2,-0.3875970679827775,-0.9018537665931101,0.5044565291591099,0,0,0,0,63,True,True,collision
147,4,1363.4228502860904,888.5286650646251,3.1932137505669194,147.3759307861328,3.369452476501465,0,4,0,3,3,-0.6848343194831532,-0.9519126906328196,0.6611455307842917,0,0,0,0,135,True,True,collision
165,5,1395.1851484204294,868.5239726219545,-0.2673490525364892,149.42001342773438,11.033214569091797,0,4,0,3,3,0.08044978698913939,-0.8822331114211096,-0.38291761587095874,0,0,0,0,153,False,False,
165,6,1413.8986286521101,870.8480015681896,0.0,110.01909637451172,8.029146194458008,0,3,0,2,2,0.09511207140897998,-0.9291035005524337,-0.7560395749440025,1,0,0,0,153,False,False,
165,7,1447.8148295437873,871.6165320340019,0.07798399498113943,64.59221649169922,4.858371734619141,0,2,0,1,1,0.024374364584446084,-0.9337852220614933,-0.9365824906411687,1,0,0,0,153,False,False,
148,0,1431.7845829375872,885.4172510415581,2.036417680405721,82.11408996582031,-4.035030364990234,0,2,0,1,1,-0.7680741009775046,-0.9583433513057882,0.563649143220563,0,0,0,0,136,True,True,collision
166,1,1451.19261779918,872.5115840378123,0.5080784396234945,55.55508041381836,4.816258430480957,0,2,0,1,1,-0.01689987603114989,-0.9248196550981373,-0.9503273361231164,0,0,0,0,154,False,False,
166,2,1439.2866818614373,870.4238669505438,0.3962619224861072,66.30288696289062,4.154265403747559,0,2,0,1,1,0.09941752337868479,-0.9562175671660619,-0.7789938245835022,0,0,0,0,154,False,False,
75,3,1422.5987224621422,885.0758087794742,1.351623685195116,80.87918090820312,-0.8136343955993652,0,3,0,2,2,-0.3875970679827775,-0.9018537665931101,0.5044565291591099,0,0,0,0,63,True,True,collision
147,4,1363.4228502860904,888.5286650646251,3.1932137505669194,147.3759307861328,3.369452476501465,0,4,0,3,3,-0.6848343194831532,-0.9519126906328196,0.6611455307842917,0,0,0,0,135,True,True,collision
166,5,1395.5087319998306,868.5158280207535,-0.3236860630098961,149.7437286376953,11.040590286254883,0,4,0,3,3,0.07710826120614185,-0.8813762396887377,-0.3835768704827395,0,0,0,0,154,False,False,
166,6,1413.6195904693664,870.8387587548849,0.2791912194656471,110.29830169677734,8.043439865112305,0,3,0,2,2,0.09775663330499987,-0.9298393692345943,-0.7535127562422796,0,0,0,0,154,False,False,
166,7,1447.4232009717168,871.6154571513185,0.39163004715520516,64.98381805419922,4.872184753417969,0,2,0,1,1,0.024793308870953802,-0.9348287209999129,-0.9357846930809882,0,0,0,0,154,False,False,
148,0,1431.7845829375872,885.4172510415581,2.036417680405721,82.11408996582031,-4.035030364990234,0,2,0,1,1,-0.7680741009775046,-0.9583433513057882,0.563649143220563,0,0,0,0,136,True,True,collision
167,1,1450.979762264714,872.5171566243869,0.21292846750471886,55.768043518066406,4.822325229644775,0,2,0,1,1,-0.01705321714365861,-0.9253873557742547,-0.9500271168556385,0,0,0,0,155,False,False,
167,2,1438.9180383517562,870.4135346302935,0.3687882781104757,66.67156219482422,4.170217037200928,0,2,0,1,1,0.10081130461349706,-0.9571886584000088,-0.777120171636032,0,0,0,0,155,False,False,
75,3,1422.5987224621422,885.0758087794742,1.351623685195116,80.87918090820312,-0.8136343955993652,0,3,0,2,2,-0.3875970679827775,-0.9018537665931101,0.5044565291591099,0,0,0,0,63,True,True,collision
147,4,1363.4228502860904,888.5286650646251,3.1932137505669194,147.3759307861328,3.369452476501465,0,4,0,3,3,-0.6848343194831532,-0.9519126906328196,0.6611455307842917,0,0,0,0,135,True,True,collision
167,5,1395.8013078681113,868.5075151617394,-0.2926939396796654,150.0363311767578,11.046977043151855,0,4,0,3,3,0.07455599253343621,-0.8806013603434862,-0.3840600341913648,0,0,0,0,155,False,False,
167,6,1413.2960641333307,870.8266987855314,0.32375103547241263,110.62213134765625,8.059442520141602,0,3,0,2,2,0.10164189628590192,-0.9306920881252528,-0.7504363681228355,0,0,0,0,155,False,False,
167,7,1447.4232009717168,871.6154571513185,0.0,64.98381805419922,4.872686862945557,0,2,0,1,1,0.024793308870953802,-0.9348287209999129,-0.9357846930809882,1,0,0,0,155,False,False,
148,0,1431.7845829375872,885.4172510415581,2.036417680405721,82.11408996582031,-4.035030364990234,0,2,0,1,1,-0.7680741009775046,-0.9583433513057882,0.563649143220563,0,0,0,0,136,True,True,collision
168,1,1450.6614172878571,872.5253899315524,0.31845142743727656,56.086509704589844,4.83242130279541,0,2,0,1,1,-0.01704548849694321,-0.9262362970499646,-0.949580761434217,0,0,0,0,156,False,False,
168,2,1438.2408925004581,870.3988206248267,0.6773056960390905,67.34896850585938,4.183791160583496,0,2,0,1,1,0.10104970816801648,-0.9589733204355468,-0.7742001499516951,0,0,0,0,156,False,False,
75,3,1422.5987224621422,885.0758087794742,1.351623685195116,80.87918090820312,-0.8136343955993652,0,3,0,2,2,-0.3875970679827775,-0.9018537665931101,0.5044565291591099,0,0,0,0,63,True,True,collision
147,4,1363.4228502860904,888.5286650646251,3.1932137505669194,147.3759307861328,3.369452476501465,0,4,0,3,3,-0.6848343194831532,-0.9519126906328196,0.6611455307842917,0,0,0,0,135,True,True,collision
168,5,1396.226879617977,868.4952170625493,-0.42574940696076374,150.46217346191406,11.05016803741455,0,4,0,3,3,0.07354897355253848,-0.8794734496237038,-0.38474124299366885,0,1,0,0,156,False,False,
168,6,1412.9773158847672,870.8132723954858,0.3190308980520445,110.9411392211914,8.07102108001709,0,3,0,2,2,0.10601716135821372,-0.9315311506935529,-0.747213704491793,0,0,0,0,156,False,False,
168,7,1447.4942937487126,871.615697031201,-0.07109318169358053,65.05486297607422,4.869172096252441,0,2,0,1,1,0.025120954670968684,-0.9346394151307198,-0.9359383581215583,2,0,0,0,156,False,False,
148,0,1431.7845829375872,885.4172510415581,2.036417680405721,82.11408996582031,-4.035030364990234,0,2,0,1,1,-0.7680741009775046,-0.9583433513057882,0.563649143220563,0,0,0,0,136,True,True,collision
169,1,1450.6614172878571,872.5253899315524,0.0,56.086509704589844,4.833661079406738,0,2,0,1,1,-0.01704548849694321,-0.9262362970499646,-0.949580761434217,1,0,0,0,157,False,False,
169,2,1437.8239781711184,870.3920097038667,0.4169699589337428,67.7658920288086,4.199711799621582,0,2,0,1,1,0.10032374796087298,-0.9600717295796514,-0.772670403109811,0,0,0,0,157,False,False,
75,3,1422.5987224621422,885.0758087794742,1.351623685195116,80.87918090820312,-0.8136343955993652,0,3,0,2,2,-0.3875970679827775,-0.9018537665931101,0.5044565291591099,0,0,0,0,63,True,True,collision
147,4,1363.4228502860904,888.5286650646251,3.1932137505669194,147.3759307861328,3.369452476501465,0,4,0,3,3,-0.6848343194831532,-0.9519126906328196,0.6611455307842917,0,0,0,0,135,True,True,collision
169,5,1396.7831325510178,868.4790849677153,-0.5564868102663018,151.0185546875,11.051916122436523,0,4,0,3,3,0.07259206158580614,-0.8779994892879529,-0.3856204968896515,0,2,0,0,157,False,False,
169,6,1412.4429296859112,870.7899969291818,0.534892846147339,111.47607421875,8.077499389648438,0,3,0,2,2,0.10919267323360297,-0.9329371208775596,-0.7417128648011779,0,0,0,0,157,False,False,
169,7,1447.2492711117852,871.6153108442185,0.24502294126717472,65.29985809326172,4.882631778717041,0,2,0,1,1,0.024219382695108354,-0.9352922642969389,-0.9354700449363402,0,0,0,0,157,False,False,
148,0,1431.7845829375872,885.4172510415581,2.036417680405721,82.11408996582031,-4.035030364990234,0,2,0,1,1,-0.7680741009775046,-0.9583433513057882,0.563649143220563,0,0,0,0,136,True,True,collision
170,1,1450.432627705018,872.5315287362707,0.22887192518774785,56.31535339355469,4.851528167724609,0,2,0,1,1,-0.017809759314662995,-0.9268463057703225,-0.9492366373589658,0,0,0,0,158,False,False,
170,2,1437.0993903871426,870.3881569829126,0.7245980265951822,68.49050903320312,4.216163158416748,0,2,0,1,1,0.09803485356277658,-0.9619822854346606,-0.7709650513299265,0,0,0,0,158,False,False,
75,3,1422.5987224621422,885.0758087794742,1.351623685195116,80.87918090820312,-0.8136343955993652,0,3,0,2,2,-0.3875970679827775,-0.9018537665931101,0.5044565291591099,0,0,0,0,63,True,True,collision
147,4,1363.4228502860904,888.5286650646251,3.1932137505669194,147.3759307861328,3.369452476501465,0,4,0,3,3,-0.6848343194831532,-0.9519126906328196,0.6611455307842917,0,0,0,0,135,True,True,collision
170,5,1397.0158490549136,868.4727081175142,-0.2328038560762082,151.25143432617188,11.05693244934082,0,4,0,3,3,0.07323717398967536,-0.8773826254612324,-0.3860378551990782,0,0,0,0,158,False,False,
170,6,1412.4282747063894,870.7893576668182,0.014668915472967224,111.49073791503906,8.074575424194336,0,3,0,2,2,0.10929686670125167,-0.9329756557807892,-0.7415666178757652,1,0,0,0,158,False,False,
170,7,1447.2492711117852,871.6153108442185,0.0,65.29985809326172,4.8838911056518555,0,2,0,1,1,0.024219382695108354,-0.9352922642969389,-0.9354700449363402,1,0,0,0,158,False,False,
148,0,1431.7845829375872,885.4172510415581,2.036417680405721,82.11408996582031,-4.035030364990234,0,2,0,1,1,-0.7680741009775046,-0.9583433513057882,0.563649143220563,0,0,0,0,136,True,True,collision
171,1,1450.1333863614134,872.5391652271672,0.29933876747832505,56.61464309692383,4.861538887023926,0,2,0,1,1,-0.017162065936875276,-0.9276441302783223,-0.9488341831720444,0,0,0,0,159,False,False,
171,2,1436.2109182782212,870.3847593614593,0.8884786053488435,69.37894439697266,4.224498748779297,0,2,0,1,1,0.103507317258469,-0.9643221240203624,-0.7690404006273868,0,0,0,0,159,False,False,
75,3,1422.5987224621422,885.0758087794742,1.351623685195116,80.87918090820312,-0.8136343955993652,0,3,0,2,2,-0.3875970679827775,-0.9018537665931101,0.5044565291591099,0,0,0,0,63,True,True,collision
147,4,1363.4228502860904,888.5286650646251,3.1932137505669194,147.3759307861328,3.369452476501465,0,4,0,3,3,-0.6848343194831532,-0.9519126906328196,0.6611455307842917,0,0,0,0,135,True,True,collision
171,5,1396.957946145984,868.4743053804377,0.05792493514328889,151.30943298339844,11.051828384399414,0,4,0,3,3,0.0732128344988,-0.8775362814556523,-0.38593551665471193,1,0,0,0,159,False,False,
171,6,1412.4282747063894,870.7893576668182,0.0,111.49073791503906,8.074298858642578,0,3,0,2,2,0.10929686670125167,-0.9329756557807892,-0.7415666178757652,2,0,0,0,159,False,False,
171,7,1447.1587611579332,871.6151709691734,0.09051006193404394,65.39031219482422,4.886293411254883,0,2,0,1,1,0.0242898865800094,-0.9355333023473987,-0.9352944328517934,2,0,0,0,159,False,False,
148,0,1431.7845829375872,885.4172510415581,2.036417680405721,82.11408996582031,-4.035030364990234,0,2,0,1,1,-0.7680741009775046,-0.9583433513057882,0.563649143220563,0,0,0,0,136,True,True,collision
172,1,1450.1333863614134,872.5391652271672,0.0,56.61464309692383,4.85595703125,0,2,0,1,1,-0.017162065936875276,-0.9276441302783223,-0.9488341831720444,1,0,0,0,160,False,False,
172,2,1435.0241215232054,870.3901692098511,1.1868090849735615,70.56572723388672,4.236258029937744,0,2,0,1,1,0.10767594093412704,-0.9674456977054309,-0.767657000762565,0,0,0,0,160,False,False,
75,3,1422.5987224621422,885.0758087794742,1.351623685195116,80.87918090820312,-0.8136343955993652,0,3,0,2,2,-0.3875970679827775,-0.9018537665931101,0.5044565291591099,0,0,0,0,63,True,True,collision
147,4,1363.4228502860904,888.5286650646251,3.1932137505669194,147.3759307861328,3.369452476501465,0,4,0,3,3,-0.6848343194831532,-0.9519126906328196,0.6611455307842917,0,0,0,0,135,True,True,collision
172,5,1396.6615755760217,868.4825050574755,0.2964839783920798,151.60580444335938,11.068920135498047,0,4,0,3,3,0.07363521700934099,-0.8783213690242301,-0.38541513373246505,0,0,0,0,160,False,False,
172,6,1412.5659993637246,870.7952922440891,-0.13785245897500004,111.6286849975586,8.084247589111328,0,3,0,2,2,0.10836822475016561,-0.9326131411852354,-0.742972915275234,0,0,0,0,160,False,False,
172,7,1446.8821004867787,871.6146173657463,0.276661225039662,65.66704559326172,4.904611110687256,0,2,0,1,1,0.02486437147866051,-0.9362707036437345,-0.9347600569917065,0,0,0,0,160,False,False,
148,0,1431.7845829375872,885.4172510415581,2.036417680405721,82.11408996582031,-4.035030364990234,0,2,0,1,1,-0.7680741009775046,-0.9583433513057882,0.563649143220563,0,0,0,0,136,True,True,collision
173,1,1450.068568217008,872.5407934038692,0.06483859038807764,56.679481506347656,4.855109691619873,0,2,0,1,1,-0.016946879265704713,-0.9278169754101864,-0.9487536951932787,2,0,0,0,161,False,False,
173,2,1433.9010486769023,870.4097320543451,1.123243216310793,71.6890640258789,4.254028797149658,0,2,0,1,1,0.10951993743713015,-0.9704010744785856,-0.7680743018996207,0,0,0,0,161,False,False,
75,3,1422.5987224621422,885.0758087794742,1.351623685195116,80.87918090820312,-0.8136343955993652,0,3,0,2,2,-0.3875970679827775,-0.9018537665931101,0.5044565291591099,0,0,0,0,63,True,True,collision
147,4,1363.4228502860904,888.5286650646251,3.1932137505669194,147.3759307861328,3.369452476501465,0,4,0,3,3,-0.6848343194831532,-0.9519126906328196,0.6611455307842917,0,0,0,0,135,True,True,collision
173,5,1396.0555709348519,868.501898502811,0.6063148776348055,152.21218872070312,11.081734657287598,0,4,0,3,3,0.07183019720316458,-0.8799282665180261,-0.3846754375944702,0,0,0,0,161,False,False,
173,6,1412.8392419237418,870.8070964286424,-0.27349741384103204,111.90213012695312,8.093090057373047,0,3,0,2,2,0.10728339517983411,-0.9318943792927985,-0.7457708739471565,0,0,0,0,161,False,False,
173,7,1446.8821004867787,871.6146173657463,0.0,65.66704559326172,4.9017438888549805,0,2,0,1,1,0.02486437147866051,-0.9362707036437345,-0.9347600569917065,1,0,0,0,161,False,False,
148,0,1431.7845829375872,885.4172510415581,2.036417680405721,82.11408996582031,-4.035030364990234,0,2,0,1,1,-0.7680741009775046,-0.9583433513057882,0.563649143220563,0,0,0,0,136,True,True,collision
174,1,1449.6899527983098,872.5491116319408,0.37870678392950907,57.05823516845703,4.873322486877441,0,2,0,1,1,-0.015156313187835875,-0.9288267023179655,-0.9483951458141305,0,0,0,0,162,False,False,
174,2,1432.4853881007803,870.4597025626529,1.4165422402762435,73.10559844970703,4.2723493576049805,0,2,0,1,1,0.11241840456054099,-0.9741271966299161,-0.771638456103568,0,0,0,0,162,False,False,
75,3,1422.5987224621422,885.0758087794742,1.351623685195116,80.87918090820312,-0.8136343955993652,0,3,0,2,2,-0.3875970679827775,-0.9018537665931101,0.5044565291591099,0,0,0,0,63,True,True,collision
147,4,1363.4228502860904,888.5286650646251,3.1932137505669194,147.3759307861328,3.369452476501465,0,4,0,3,3,-0.6848343194831532,-0.9519126906328196,0.6611455307842917,0,0,0,0,135,True,True,collision
174,5,1395.9706139118673,868.5046658894049,0.08500208340361803,152.2971954345703,11.079765319824219,0,4,0,3,3,0.07160172941670516,-0.8801535115797604,-0.38457309905010395,1,0,0,0,162,False,False,
174,6,1412.9536835976621,870.8120010055948,-0.11454672236578418,112.01673889160156,8.103755950927734,0,3,0,2,2,0.10658793361489213,-0.9315930653220976,-0.7469425645215936,0,0,0,0,162,False,False,
174,7,1446.773880343024,871.6142589856635,0.10822073715581094,65.77519989013672,4.917171478271484,0,2,0,1,1,0.025815710316093525,-0.9365588798599604,-0.9345259075456438,0,0,0,0,162,False,False,
148,0,1431.7845829375872,885.4172510415581,2.036417680405721,82.11408996582031,-4.035030364990234,0,2,0,1,1,-0.7680741009775046,-0.9583433513057882,0.563649143220563,0,0,0,0,136,True,True,collision
175,1,1449.0278891170049,872.5582765291128,0.6621271127534648,57.72040939331055,4.886453628540039,0,2,0,1,1,-0.010237805341738395,-0.9305922738694585,-0.9484317325583962,0,0,0,0,163,False,False,
175,2,1430.8434089843531,870.5580017043483,1.6449188855505619,74.75050354003906,4.290765762329102,0,2,0,1,1,0.11645243043360394,-0.9784527231533143,-0.7806113738943864,0,0,0,0,163,False,False,
75,3,1422.5987224621422,885.0758087794742,1.351623685195116,80.87918090820312,-0.8136343955993652,0,3,0,2,2,-0.3875970679827775,-0.9018537665931101,0.5044565291591099,0,0,0,0,63,True,True,collision
147,4,1363.4228502860904,888.5286650646251,3.1932137505669194,147.3759307861328,3.369452476501465,0,4,0,3,3,-0.6848343194831532,-0.9519126906328196,0.6611455307842917,0,0,0,0,135,True,True,collision
175,5,1395.9706139118673,868.5046658894049,0.0,152.2971954345703,11.077305793762207,0,4,0,3,3,0.07160172941670516,-0.8801535115797604,-0.38457309905010395,2,0,0,0,163,False,False,
175,6,1413.2040361270447,870.8224708317276,-0.2505713595515255,112.26720428466797,8.113532066345215,0,3,0,2,2,0.10491044638521127,-0.9309342911878367,-0.7494547470963011,0,0,0,0,163,False,False,
175,7,1446.3525300573795,871.612849407756,0.4213526434268155,66.19658660888672,4.923140525817871,0,2,0,1,1,0.02630282719832419,-0.9376816426584212,-0.9336403003699166,0,0,0,0,163,False,False,
148,0,1431.7845829375872,885.4172510415581,2.036417680405721,82.11408996582031,-4.035030364990234,0,2,0,1,1,-0.7680741009775046,-0.9583433513057882,0.563649143220563,0,0,0,0,136,True,True,collision
176,1,1448.0628880161992,872.568529975773,0.9650555723503826,58.685428619384766,4.896999835968018,0,2,0,1,1,-0.008505072511592162,-0.9331654401693132,-0.9488561373625676,0,0,0,0,164,False,False,
176,2,1429.0583735848581,870.6948191003241,1.7902710345899753,76.540771484375,4.30701208114624,0,2,0,1,1,0.13565820429758668,-0.9831424774002819,-0.7939608795763482,0,0,0,0,164,False,False,
75,3,1422.5987224621422,885.0758087794742,1.351623685195116,80.87918090820312,-0.8136343955993652,0,3,0,2,2,-0.3875970679827775,-0.9018537665931101,0.5044565291591099,0,0,0,0,63,True,True,collision
147,4,1363.4228502860904,888.5286650646251,3.1932137505669194,147.3759307861328,3.369452476501465,0,4,0,3,3,-0.6848343194831532,-0.9519126906328196,0.6611455307842917,0,0,0,0,135,True,True,collision
176,5,1395.6558781973347,868.5163258400923,0.31495162239999996,152.6121063232422,11.09345531463623,0,4,0,3,3,0.06924191812073496,-0.8809883520699496,-0.38437505395642524,0,0,0,0,164,False,False,
176,6,1413.1495653314391,870.8201955249245,0.05451829596527868,112.32169342041016,8.112109184265137,0,3,0,2,2,0.10509890885447627,-0.9310776337424636,-0.7489130960519848,1,0,0,0,164,False,False,
176,7,1445.8863278483566,871.6116504766621,0.4662037506644858,66.66277313232422,4.933777332305908,0,2,0,1,1,0.026336102488848052,-0.9389237662263061,-0.9326961558326738,0,0,0,0,164,False,False,
148,0,1431.7845829375872,885.4172510415581,2.036417680405721,82.11408996582031,-4.035030364990234,0,2,0,1,1,-0.7680741009775046,-0.9583433513057882,0.563649143220563,0,0,0,0,136,True,True,collision
177,1,1447.5647726584973,872.5728559557539,0.49813414225603975,59.183494567871094,4.913981914520264,0,2,0,1,1,-0.007417351669655798,-0.9344935268384589,-0.9491927325511924,0,0,0,0,165,False,False,
177,2,1427.8153404394154,870.7979386708713,1.247303109311897,77.78807830810547,4.324517250061035,0,2,0,1,1,0.1636100667921511,-0.9863805918945094,-0.8041925757559645,0,0,0,0,165,False,False,
75,3,1422.5987224621422,885.0758087794742,1.351623685195116,80.87918090820312,-0.8136343955993652,0,3,0,2,2,-0.3875970679827775,-0.9018537665931101,0.5044565291591099,0,0,0,0,63,True,True,collision
147,4,1363.4228502860904,888.5286650646251,3.1932137505669194,147.3759307861328,3.369452476501465,0,4,0,3,3,-0.6848343194831532,-0.9519126906328196,0.6611455307842917,0,0,0,0,135,True,True,collision
177,5,1395.0319593843801,868.5420635556685,0.6244494496447341,153.23654174804688,11.104878425598145,0,4,0,3,3,0.06751163156704144,-0.8826442878869375,-0.38430193049371886,0,0,0,0,165,False,False,
177,6,1413.1495653314391,870.8201955249245,0.0,112.32169342041016,8.110129356384277,0,3,0,2,2,0.10509890885447627,-0.9310776337424636,-0.7489130960519848,2,0,0,0,165,False,False,
177,7,1445.2273136408282,871.6134362077248,0.6590166269219441,67.32183074951172,4.950087070465088,0,2,0,1,1,0.023653083023049564,-0.9406800863120109,-0.9317812835494621,0,0,0,0,165,False,False,
148,0,1431.7845829375872,885.4172510415581,2.036417680405721,82.11408996582031,-4.035030364990234,0,2,0,1,1,-0.7680741009775046,-0.9583433513057882,0.563649143220563,0,0,0,0,136,True,True,collision
178,1,1447.4551034260157,872.5737371790091,0.10967277286328292,59.29323959350586,4.931468486785889,0,2,0,1,1,-0.007034670932350511,-0.9347861619439214,-0.949280538593466,0,0,0,0,166,False,False,
178,2,1426.2820875646519,870.9165686922464,1.537835316261848,79.32586669921875,4.338833808898926,0,2,0,1,1,0.2370056788304137,-0.9902823957291993,-0.8157855032134875,0,0,0,0,166,False,False,
75,3,1422.5987224621422,885.0758087794742,1.351623685195116,80.87918090820312,-0.8136343955993652,0,3,0,2,2,-0.3875970679827775,-0.9018537665931101,0.5044565291591099,0,0,0,0,63,True,True,collision
147,4,1363.4228502860904,888.5286650646251,3.1932137505669194,147.3759307861328,3.369452476501465,0,4,0,3,3,-0.6848343194831532,-0.9519126906328196,0.6611455307842917,0,0,0,0,135,True,True,collision
178,5,1394.1045296626453,868.577830230762,0.9281191431085185,154.1647186279297,11.118370056152344,0,4,0,3,3,0.070707340686552,-0.885104502661981,-0.3838918902477999,0,0,0,0,166,False,False,
178,6,1412.8348955397412,870.8068746148516,0.31495162239999996,112.63667297363281,8.119827270507812,0,3,0,2,2,0.10675042081229676,-0.9319059450295348,-0.7457269941522955,0,0,0,0,166,False,False,
178,7,1444.3813183457385,871.6243682790797,0.8460659250308452,68.1678466796875,4.969888210296631,0,2,0,1,1,0.017830301798401945,-0.9429352822086554,-0.9316422546359074,0,0,0,0,166,False,False,
148,0,1431.7845829375872,885.4172510415581,2.036417680405721,82.11408996582031,-4.035030364990234,0,2,0,1,1,-0.7680741009775046,-0.9583433513057882,0.563649143220563,0,0,0,0,136,True,True,collision
179,1,1447.0503931041776,872.5774388204965,0.4047272498264287,59.69791793823242,4.946322917938232,0,2,0,1,1,-0.007872822229497463,-0.9358652273140936,-0.9495222204994281,0,0,0,0,167,False,False,
179,2,1425.285276618147,870.9970534867646,1.0000549311015117,80.32593536376953,4.347304344177246,0,2,0,1,1,0.3190558733247204,-0.9927061452243154,-0.8237337777684777,0,0,0,0,167,False,False,
75,3,1422.5987224621422,885.0758087794742,1.351623685195116,80.87918090820312,-0.8136343955993652,0,3,0,2,2,-0.3875970679827775,-0.9018537665931101,0.5044565291591099,0,0,0,0,63,True,True,collision
147,4,1363.4228502860904,888.5286650646251,3.1932137505669194,147.3759307861328,3.369452476501465,0,4,0,3,3,-0.6848343194831532,-0.9519126906328196,0.6611455307842917,0,0,0,0,135,True,True,collision
179,5,1393.1424759091801,868.6134671288838,0.9627135675080403,155.12741088867188,11.131231307983398,0,4,0,3,3,0.07330970707742747,-0.8876550713385342,-0.3832911229717101,0,0,0,0,167,False,False,
179,6,1412.21094216194,870.7819889263528,0.6244494496447341,113.26107025146484,8.132558822631836,0,3,0,2,2,0.10781820712469173,-0.9335477544625133,-0.7395815073907296,0,0,0,0,167,False,False,
179,7,1443.5861698799156,871.6439289898221,0.7953890268951509,68.96324920654297,4.987487316131592,0,2,0,1,1,0.010800937831313856,-0.9450560692442721,-0.9326229823441426,0,0,0,0,167,False,False,
148,0,1431.7845829375872,885.4172510415581,2.036417680405721,82.11408996582031,-4.035030364990234,0,2,0,1,1,-0.7680741009775046,-0.9583433513057882,0.563649143220563,0,0,0,0,136,True,True,collision
180,1,1446.6361514484013,872.5816090336548,0.41426264622589914,60.11224365234375,4.962981224060059,0,2,0,1,1,-0.008606630110519594,-0.9369700019532912,-0.9497344229015139,0,0,0,0,168,False,False,
180,2,1424.7446084036699,871.040152395554,0.5423832907500452,80.86830139160156,4.3543806076049805,0,2,0,1,1,0.392929547194286,-0.9939337819719444,-0.8279713367460665,0,0,0,0,168,False,False,
75,3,1422.5987224621422,885.0758087794742,1.351623685195116,80.87918090820312,-0.8136343955993652,0,3,0,2,2,-0.3875970679827775,-0.9018537665931101,0.5044565291591099,0,0,0,0,63,True,True,collision
147,4,1363.4228502860904,888.5286650646251,3.1932137505669194,147.3759307861328,3.369452476501465,0,4,0,3,3,-0.6848343194831532,-0.9519126906328196,0.6611455307842917,0,0,0,0,135,True,True,collision
180,5,1391.9991554210808,868.6564824843023,1.1441293892343158,156.2715301513672,11.150527954101562,0,4,0,3,3,0.07497166996728026,-0.8906855023232624,-0.3826610834415892,0,0,0,0,168,False,False,
180,6,1412.1081648100794,870.7779611181852,0.10285624577110099,113.36392974853516,8.14840316772461,0,3,0,2,2,0.1078198648172367,-0.9338181448071481,-0.7385779607598574,0,0,0,0,168,False,False,
180,7,1442.7641448828772,871.6751903318877,0.822619211581892,69.7858657836914,5.007122993469238,0,2,0,1,1,0.002354231219447911,-0.9472496954588719,-0.9349651557266763,0,0,0,0,168,False,False,
148,0,1431.7845829375872,885.4172510415581,2.036417680405721,82.11408996582031,-4.035030364990234,0,2,0,1,1,-0.7680741009775046,-0.9583433513057882,0.563649143220563,0,0,0,0,136,True,True,collision
181,1,1445.914267931902,872.5907180482038,0.7219409848037583,60.834102630615234,4.982336521148682,0,2,0,1,1,-0.010552519073860367,-0.938894703630654,-0.9498807698785762,0,0,0,0,169,False,False,
181,2,1423.9524759710575,871.0981401514524,0.7942520825471535,81.66253662109375,4.354151248931885,0,2,0,1,1,0.5735370520995591,-0.9954804264423369,-0.8335703556910464,0,0,0,0,169,False,False,
75,3,1422.5987224621422,885.0758087794742,1.351623685195116,80.87918090820312,-0.8136343955993652,0,3,0,2,2,-0.3875970679827775,-0.9018537665931101,0.5044565291591099,0,0,0,0,63,True,True,collision
147,4,1363.4228502860904,888.5286650646251,3.1932137505669194,147.3759307861328,3.369452476501465,0,4,0,3,3,-0.6848343194831532,-0.9519126906328196,0.6611455307842917,0,0,0,0,135,True,True,collision
181,5,1391.3857625407156,868.6794467966131,0.6138226008567834,156.88536071777344,11.167905807495117,0,4,0,3,3,0.07622824453869283,-0.8923108385573015,-0.3823095305313612,0,0,0,0,169,False,False,
181,6,1411.6923324046547,870.7636181065477,0.4160796935492444,113.77994537353516,8.162065505981445,0,3,0,2,2,0.10661231820598181,-0.9349122656542883,-0.7347618479162329,0,0,0,0,169,False,False,
181,7,1442.114650396166,871.7028353838645,0.6500825618081316,70.43598937988281,5.02092170715332,0,2,0,1,1,-0.0005456975975546483,-0.9489833597315084,-0.9371680857992635,0,0,0,0,169,False,False,
148,0,1431.7845829375872,885.4172510415581,2.036417680405721,82.11408996582031,-4.035030364990234,0,2,0,1,1,-0.7680741009775046,-0.9583433513057882,0.563649143220563,0,0,0,0,136,True,True,collision
182,1,1445.7154698679465,872.5931513429813,0.19881295520160316,61.0329704284668,4.998044967651367,0,2,0,1,1,-0.010402160268390364,-0.9394249465335263,-0.9499319927498573,0,0,0,0,170,False,False,
182,2,1422.8903422942885,871.1709109045707,1.0646236564328597,82.72715759277344,4.34243106842041,0,2,0,1,1,1.0,-0.9964436949817792,-0.8402285499840317,0,0,0,1,170,False,False,
75,3,1422.5987224621422,885.0758087794742,1.351623685195116,80.87918090820312,-0.8136343955993652,0,3,0,2,2,-0.3875970679827775,-0.9018537665931101,0.5044565291591099,0,0,0,0,63,True,True,collision
147,4,1363.4228502860904,888.5286650646251,3.1932137505669194,147.3759307861328,3.369452476501465,0,4,0,3,3,-0.6848343194831532,-0.9519126906328196,0.6611455307842917,0,0,0,0,135,True,True,collision
182,5,1391.2887015598535,868.6831447335039,0.09713139936790269,156.98248291015625,11.164730072021484,0,4,0,3,3,0.07598999249283812,-0.8925679877942229,-0.38225830408680683,1,0,0,0,170,False,False,
182,6,1411.6923324046547,870.7636181065477,0.0,113.77994537353516,8.153281211853027,0,3,0,2,2,0.10661231820598181,-0.9349122656542883,-0.7347618479162329,1,0,0,0,170,False,False,
182,7,1441.9159624874885,871.7117451095309,0.19888757695264767,70.63479614257812,5.033634185791016,0,2,0,1,1,-0.002014805182711004,-0.9495135122880518,-0.9378925026210674,0,0,0,0,170,False,False,
148,0,1431.7845829375872,885.4172510415581,2.036417680405721,82.11408996582031,-4.035030364990234,0,2,0,1,1,-0.7680741009775046,-0.9583433513057882,0.563649143220563,0,0,0,0,136,True,True,collision
183,1,1445.7154698679465,872.5931513429813,0.0,61.0329704284668,4.993935585021973,0,2,0,1,1,-0.010402160268390364,-0.9394249465335263,-0.9499319927498573,1,0,0,0,171,False,False,
183,2,1421.6801996280174,871.2401788412051,1.212123475465762,83.93934631347656,7.5609283447265625,0,3,1,2,2,0.01489156348533369,-0.9085562298966673,-0.8424037871893411,0,0,0,0,171,False,False,
75,3,1422.5987224621422,885.0758087794742,1.351623685195116,80.87918090820312,-0.8136343955993652,0,3,0,2,2,-0.3875970679827775,-0.9018537665931101,0.5044565291591099,0,0,0,0,63,True,True,collision
147,4,1363.4228502860904,888.5286650646251,3.1932137505669194,147.3759307861328,3.369452476501465,0,4,0,3,3,-0.6848343194831532,-0.9519126906328196,0.6611455307842917,0,0,0,0,135,True,True,collision
183,5,1390.8786237096483,868.7006751701805,0.41045238388764804,157.3928985595703,11.18198299407959,0,4,0,3,3,0.07378473753167106,-0.8936551382062092,-0.3822875763408379,0,0,0,0,171,False,False,
183,6,1411.7197306684952,870.7645577136541,-0.027414370738401816,113.80730438232422,8.153111457824707,0,3,0,2,2,0.1063668080909003,-0.934840336979831,-0.7350110622820947,2,0,0,0,171,False,False,
183,7,1441.4060535164879,871.7352666557292,0.5104511943784535,71.14534759521484,5.046507835388184,0,2,0,1,1,-0.002911503553002288,-0.95087497439586,-0.9398466328274836,0,0,0,0,171,False,False,
148,0,1431.7845829375872,885.4172510415581,2.036417680405721,82.11408996582031,-4.035030364990234,0,2,0,1,1,-0.7680741009775046,-0.9583433513057882,0.563649143220563,0,0,0,0,136,True,True,collision
184,1,1445.6070387724644,872.5944992293113,0.10843947281777985,61.14137649536133,5.006180286407471,0,2,0,1,1,-0.010573922515262287,-0.9397139917334156,-0.9499539433671074,0,0,0,0,172,False,False,
184,2,1420.8387803996027,871.2791709093715,0.8423222063591346,84.78167724609375,7.580487251281738,0,3,0,2,2,0.022360208322241545,-0.9108011035152568,-0.8428144706244355,0,0,0,0,172,False,False,
75,3,1422.5987224621422,885.0758087794742,1.351623685195116,80.87918090820312,-0.8136343955993652,0,3,0,2,2,-0.3875970679827775,-0.9018537665931101,0.5044565291591099,0,0,0,0,63,True,True,collision
147,4,1363.4228502860904,888.5286650646251,3.1932137505669194,147.3759307861328,3.369452476501465,0,4,0,3,3,-0.6848343194831532,-0.9519126906328196,0.6611455307842917,0,0,0,0,135,True,True,collision
184,5,1390.8786237096483,868.7006751701805,0.0,157.3928985595703,11.183027267456055,0,4,0,3,3,0.07378473753167106,-0.8936551382062092,-0.3822875763408379,1,0,0,0,172,False,False,
184,6,1411.8494680602057,870.7688116361614,-0.1298071133048662,113.9371337890625,8.164713859558105,0,3,0,2,2,0.1048558348607388,-0.9344988173534139,-0.7361754633792096,0,0,0,0,172,False,False,
184,7,1440.6975361914372,871.7677602462498,0.7092620343160031,71.85458374023438,5.065739154815674,0,2,0,1,1,-0.0028505427639588434,-0.9527662624890502,-0.9425254049719152,0,0,0,0,172,False,False,
148,0,1431.7845829375872,885.4172510415581,2.036417680405721,82.11408996582031,-4.035030364990234,0,2,0,1,1,-0.7680741009775046,-0.9583433513057882,0.563649143220563,0,0,0,0,136,True,True,collision
185,1,1445.6070387724644,872.5944992293113,0.0,61.14137649536133,5.006227016448975,0,2,0,1,1,-0.010573922515262287,-0.9397139917334156,-0.9499539433671074,1,0,0,0,173,False,False,
185,2,1419.6983626672459,871.3313420496578,1.1416104555201005,85.92324829101562,7.593101501464844,0,3,0,2,2,0.02354010585742622,-0.9138432931173812,-0.8432976486261536,0,0,0,0,173,False,False,
75,3,1422.5987224621422,885.0758087794742,1.351623685195116,80.87918090820312,-0.8136343955993652,0,3,0,2,2,-0.3875970679827775,-0.9018537665931101,0.5044565291591099,0,0,0,0,63,True,True,collision
147,4,1363.4228502860904,888.5286650646251,3.1932137505669194,147.3759307861328,3.369452476501465,0,4,0,3,3,-0.6848343194831532,-0.9519126906328196,0.6611455307842917,0,0,0,0,135,True,True,collision
185,5,1390.9433265225118,868.6979765838947,-0.0647590639245545,157.45765686035156,11.181838989257812,0,4,0,3,3,0.07432607346158622,-0.8934836449940585,-0.3822875763408379,2,0,0,0,173,False,False,
185,6,1411.9451545992538,870.7718171014156,-0.09573372747566983,114.03288269042969,8.162626266479492,0,3,0,2,2,0.10357710606020241,-0.9342468628697034,-0.7370174980615707,1,0,0,0,173,False,False,
185,7,1440.5113935396525,871.7762514193705,0.1863362198671858,72.04093170166016,5.083927154541016,0,2,0,1,1,-0.0027233204368071837,-0.9532631926063331,-0.9432207567895335,0,0,0,0,173,False,False,
148,0,1431.7845829375872,885.4172510415581,2.036417680405721,82.11408996582031,-4.035030364990234,0,2,0,1,1,-0.7680741009775046,-0.9583433513057882,0.563649143220563,0,0,0,0,136,True,True,collision
186,1,1445.453410936968,872.5966597395636,0.1536430266684583,61.29507827758789,5.023031234741211,0,2,0,1,1,-0.01169350739835914,-0.9401237939165431,-0.9499539433671074,0,0,0,0,174,False,False,
186,2,1418.2660403102113,871.4104368652469,1.4345045570907293,87.35780334472656,7.615077972412109,0,3,0,2,2,0.018338210352630172,-0.9176672582922698,-0.8455167513332311,0,0,0,0,174,False,False,
75,3,1422.5987224621422,885.0758087794742,1.351623685195116,80.87918090820312,-0.8136343955993652,0,3,0,2,2,-0.3875970679827775,-0.9018537665931101,0.5044565291591099,0,0,0,0,63,True,True,collision
147,4,1363.4228502860904,888.5286650646251,3.1932137505669194,147.3759307861328,3.369452476501465,0,4,0,3,3,-0.6848343194831532,-0.9519126906328196,0.6611455307842917,0,0,0,0,135,True,True,collision
186,5,1390.7692704194387,868.7057583916085,0.17422997316267555,157.63189697265625,11.196624755859375,0,4,0,3,3,0.07273609856328594,-0.8939452720136039,-0.38233874561302106,0,0,0,0,174,False,False,
186,6,1411.9043628812212,870.7705157624507,0.04081247043677435,114.07367706298828,8.160853385925293,0,3,0,2,2,0.10406126314369936,-0.9343542011446303,-0.7366586270878349,2,0,0,0,174,False,False,
186,7,1440.0138636398367,871.800476518212,0.49811931966616396,72.53895568847656,5.099903106689453,0,2,0,1,1,-0.004813258969228211,-0.9545912257595189,-0.9452773398850584,0,0,0,0,174,False,False,
148,0,1431.7845829375872,885.4172510415581,2.036417680405721,82.11408996582031,-4.035030364990234,0,2,0,1,1,-0.7680741009775046,-0.9583433513057882,0.563649143220563,0,0,0,0,136,True,True,collision
187,1,1445.374552882593,872.5978544532676,0.07886710391951875,61.37394332885742,5.025837421417236,0,2,0,1,1,-0.012427961980012645,-0.940334064976287,-0.9499466253035996,1,0,0,0,175,False,False,
187,2,1416.5500529239564,871.5379752130098,1.7207204130642915,89.07847595214844,7.638238906860352,0,3,0,2,2,0.006596840686890459,-0.9222554858201942,-0.8521088686582547,0,0,0,0,175,False,False,
75,3,1422.5987224621422,885.0758087794742,1.351623685195116,80.87918090820312,-0.8136343955993652,0,3,0,2,2,-0.3875970679827775,-0.9018537665931101,0.5044565291591099,0,0,0,0,63,True,True,collision
147,4,1363.4228502860904,888.5286650646251,3.1932137505669194,147.3759307861328,3.369452476501465,0,4,0,3,3,-0.6848343194831532,-0.9519126906328196,0.6611455307842917,0,0,0,0,135,True,True,collision
187,5,1390.7692704194387,868.7057583916085,0.0,157.63189697265625,11.19746208190918,0,4,0,3,3,0.07273609856328594,-0.8939452720136039,-0.38233874561302106,1,0,0,0,175,False,False,
187,6,1411.549459132972,870.7591870950935,0.35508450997665586,114.42884063720703,8.170027732849121,0,3,0,2,2,0.10558831032554078,-0.9352885010405271,-0.7335091155056845,0,0,0,0,175,False,False,
187,7,1439.2104924887715,871.8375051976233,0.804224054267673,73.34327697753906,5.111273765563965,0,2,0,1,1,-0.0033196904182555423,-0.9567360524510808,-0.9483439229428494,0,0,0,0,175,False,False,
148,0,1431.7845829375872,885.4172510415581,2.036417680405721,82.11408996582031,-4.035030364990234,0,2,0,1,1,-0.7680741009775046,-0.9583433513057882,0.563649143220563,0,0,0,0,136,True,True,collision
188,1,1445.374552882593,872.5978544532676,0.0,61.37394332885742,5.019332408905029,0,2,0,1,1,-0.012427961980012645,-0.940334064976287,-0.9499466253035996,2,0,0,0,176,False,False,
188,2,1414.8306392104498,871.7074681542596,1.7277474859852116,90.80616760253906,7.661131381988525,0,3,0,2,2,-0.009277385613732274,-0.926862210812131,-0.8637113581948532,0,0,0,0,176,False,False,
75,3,1422.5987224621422,885.0758087794742,1.351623685195116,80.87918090820312,-0.8136343955993652,0,3,0,2,2,-0.3875970679827775,-0.9018537665931101,0.5044565291591099,0,0,0,0,63,True,True,collision
147,4,1363.4228502860904,888.5286650646251,3.1932137505669194,147.3759307861328,3.369452476501465,0,4,0,3,3,-0.6848343194831532,-0.9519126906328196,0.6611455307842917,0,0,0,0,135,True,True,collision
188,5,1390.45464633643,868.7201184348986,0.31495162239999996,157.94691467285156,11.204950332641602,0,4,0,3,3,0.0727182298521225,-0.8947798986785755,-0.3824636672439933,0,0,0,0,176,False,False,
188,6,1410.9757080932018,870.7427754570749,0.5739857119301313,115.0028076171875,8.183815002441406,0,3,0,2,2,0.1059742013446617,-0.9367984117046917,-0.7286382867590047,0,0,0,0,176,False,False,
188,7,1438.215481653585,871.8757103543259,0.9957440414772784,74.33900451660156,5.128798484802246,0,2,0,1,1,0.0016728146805140417,-0.9593913197214977,-0.9512200469659594,0,0,0,0,176,False,False,
148,0,1431.7845829375872,885.4172510415581,2.036417680405721,82.11408996582031,-4.035030364990234,0,2,0,1,1,-0.7680741009775046,-0.9583433513057882,0.563649143220563,0,0,0,0,136,True,True,collision
189,1,1445.5123916303812,872.5959102172739,-0.13785245897500004,61.511898040771484,5.022019863128662,0,2,0,1,1,-0.011690529352807112,-0.9399662523391533,-0.9499466253035996,0,0,0,0,177,False,False,
189,2,1412.9170503719781,871.939123467529,1.9275597077366544,92.73384094238281,7.681087017059326,0,3,0,2,2,-0.025189220927138458,-0.931998922725676,-0.881781057718596,0,0,0,0,177,False,False,
75,3,1422.5987224621422,885.0758087794742,1.351623685195116,80.87918090820312,-0.8136343955993652,0,3,0,2,2,-0.3875970679827775,-0.9018537665931101,0.5044565291591099,0,0,0,0,63,True,True,collision
147,4,1363.4228502860904,888.5286650646251,3.1932137505669194,147.3759307861328,3.369452476501465,0,4,0,3,3,-0.6848343194831532,-0.9519126906328196,0.6611455307842917,0,0,0,0,135,True,True,collision
189,5,1389.8307645924244,868.7467395666956,0.6244494496447341,158.57125854492188,11.221137046813965,0,4,0,3,3,0.07580214242379384,-0.896433244855799,-0.3825002003891609,0,0,0,0,177,False,False,
189,6,1410.9225612546434,870.7412454532848,0.05316885705334759,115.0559310913086,8.178897857666016,0,3,0,2,2,0.10632846780749913,-0.9369381060695041,-0.7281843381320392,1,0,0,0,177,False,False,
189,7,1437.089821689944,871.917206835851,1.1264245699215645,75.46537780761719,5.1464433670043945,0,2,0,1,1,0.0028581285597207777,-0.962394959165637,-0.9542646794065005,0,0,0,0,177,False,False,
148,0,1431.7845829375872,885.4172510415581,2.036417680405721,82.11408996582031,-4.035030364990234,0,2,0,1,1,-0.7680741009775046,-0.9583433513057882,0.563649143220563,0,0,0,0,136,True,True,collision
190,1,1445.333073888953,872.5983875551374,0.17933485325990267,61.69123840332031,5.031769275665283,0,2,0,1,1,-0.01159917947605259,-0.9404444090465118,-0.9499539433671074,0,0,0,0,178,False,False,
190,2,1411.5147302926173,872.1087274389429,1.412539242675436,94.14627838134766,7.698517799377441,0,3,0,2,2,-0.026589915499314998,-0.9357623188703942,-0.8949945503295815,0,0,0,0,178,False,False,
75,3,1422.5987224621422,885.0758087794742,1.351623685195116,80.87918090820312,-0.8136343955993652,0,3,0,2,2,-0.3875970679827775,-0.9018537665931101,0.5044565291591099,0,0,0,0,63,True,True,collision
147,4,1363.4228502860904,888.5286650646251,3.1932137505669194,147.3759307861328,3.369452476501465,0,4,0,3,3,-0.6848343194831532,-0.9519126906328196,0.6611455307842917,0,0,0,0,135,True,True,collision
190,5,1389.7279992424244,868.7510627754017,0.10285624577110099,158.67413330078125,11.236361503601074,0,4,0,3,3,0.07638701496218359,-0.8967055864881434,-0.38249288232565315,0,0,0,0,178,False,False,
190,6,1410.8684737176645,870.7397025676448,0.05410953846171862,115.11003112792969,8.169509887695312,0,3,0,2,2,0.1064049466170281,-0.9370803483426908,-0.7277231000277515,2,0,0,0,178,False,False,
190,7,1436.2253006258043,871.9432261692094,0.8649125250855977,76.33026885986328,5.160989761352539,0,2,0,1,1,0.007630264629986212,-0.9647011841212834,-0.9559041757613616,0,0,0,0,178,False,False,
148,0,1431.7845829375872,885.4172510415581,2.036417680405721,82.11408996582031,-4.035030364990234,0,2,0,1,1,-0.7680741009775046,-0.9583433513057882,0.563649143220563,0,0,0,0,136,True,True,collision
191,1,1445.083015792425,872.601615821112,0.2500789342198065,61.94137954711914,5.048830509185791,0,2,0,1,1,-0.011147977699245833,-0.9411113556230921,-0.9499978481748806,0,0,0,0,179,False,False,
191,2,1410.100926273938,872.2665105551295,1.4225812156033142,95.56887817382812,7.720312595367432,0,3,0,2,2,-0.022022768043218358,-0.9395537825238232,-0.9067432724985001,0,0,0,0,179,False,False,
75,3,1422.5987224621422,885.0758087794742,1.351623685195116,80.87918090820312,-0.8136343955993652,0,3,0,2,2,-0.3875970679827775,-0.9018537665931101,0.5044565291591099,0,0,0,0,63,True,True,collision
147,4,1363.4228502860904,888.5286650646251,3.1932137505669194,147.3759307861328,3.369452476501465,0,4,0,3,3,-0.6848343194831532,-0.9519126906328196,0.6611455307842917,0,0,0,0,135,True,True,collision
191,5,1389.7279992424244,868.7510627754017,0.0,158.67413330078125,11.232091903686523,0,4,0,3,3,0.07638701496218359,-0.8967055864881434,-0.38249288232565315,1,0,0,0,179,False,False,
191,6,1410.5364324909006,870.7306601209272,0.3321643299837908,115.44230651855469,8.17976188659668,0,3,0,2,2,0.10708313488450662,-0.9379540929573884,-0.7249617030871822,0,0,0,0,179,False,False,
191,7,1435.8860119250387,871.9536985526219,0.33945028101554287,76.66978454589844,5.1682353019714355,0,2,0,1,1,0.007331062227159022,-0.9656065003142948,-0.9565702588982221,0,0,0,0,179,False,False,
148,0,1431.7845829375872,885.4172510415581,2.036417680405721,82.11408996582031,-4.035030364990234,0,2,0,1,1,-0.7680741009775046,-0.9583433513057882,0.563649143220563,0,0,0,0,136,True,True,collision
192,1,1445.083015792425,872.601615821112,0.0,61.94137954711914,5.051104545593262,0,2,0,1,1,-0.011147977699245833,-0.9411113556230921,-0.9499978481748806,1,0,0,0,180,False,False,
192,2,1408.8400948632645,872.4120647826534,1.2692052155940368,96.8381118774414,7.7353363037109375,0,3,0,2,2,-0.025884634118035085,-0.9429357669269932,-0.9177888459676842,0,0,0,0,180,False,False,
75,3,1422.5987224621422,885.0758087794742,1.351623685195116,80.87918090820312,-0.8136343955993652,0,3,0,2,2,-0.3875970679827775,-0.9018537665931101,0.5044565291591099,0,0,0,0,63,True,True,collision
147,4,1363.4228502860904,888.5286650646251,3.1932137505669194,147.3759307861328,3.369452476501465,0,4,0,3,3,-0.6848343194831532,-0.9519126906328196,0.6611455307842917,0,0,0,0,135,True,True,collision
192,5,1389.6565835947051,868.7540730048962,0.07147906141511932,158.74560546875,11.228918075561523,0,4,0,3,3,0.07647493660472296,-0.8968948321864796,-0.3825002003891609,2,0,0,0,180,False,False,
192,6,1410.3622147179376,870.7258444345039,0.17428431728622532,115.61656951904297,8.19363021850586,0,3,0,2,2,0.10814951024709735,-0.938412146496306,-0.7234963180421252,0,0,0,0,180,False,False,
192,7,1435.2378014958383,871.9731999061015,0.6485037111009623,77.31827545166016,5.179956436157227,0,2,0,1,1,0.008240485223073317,-0.9673356638522478,-0.9578070973895896,0,0,0,0,180,False,False,
148,0,1431.7845829375872,885.4172510415581,2.036417680405721,82.11408996582031,-4.035030364990234,0,2,0,1,1,-0.7680741009775046,-0.9583433513057882,0.563649143220563,0,0,0,0,136,True,True,collision
193,1,1445.201340597912,872.6000788609739,-0.11833478710850402,62.05967712402344,5.064868450164795,0,2,0,1,1,-0.011139070651274273,-0.9407959477430761,-0.9499758939843574,0,0,0,0,181,False,False,
193,2,1407.6670139781843,872.5403616143702,1.180075777214828,98.01820373535156,7.749695301055908,0,3,0,2,2,-0.02335248927741639,-0.9460806746607717,-0.9272227874663984,0,0,0,0,181,False,False,
75,3,1422.5987224621422,885.0758087794742,1.351623685195116,80.87918090820312,-0.8136343955993652,0,3,0,2,2,-0.3875970679827775,-0.9018537665931101,0.5044565291591099,0,0,0,0,63,True,True,collision
147,4,1363.4228502860904,888.5286650646251,3.1932137505669194,147.3759307861328,3.369452476501465,0,4,0,3,3,-0.6848343194831532,-0.9519126906328196,0.6611455307842917,0,0,0,0,135,True,True,collision
193,5,1389.523879069509,868.7596932410219,0.13282348460138285,158.87841796875,11.245024681091309,0,4,0,3,3,0.07661000405591381,-0.8972464361299664,-0.3825002003891609,0,0,0,0,181,False,False,
193,6,1410.3622147179376,870.7258444345039,0.0,115.61656951904297,8.192538261413574,0,3,0,2,2,0.10814951024709735,-0.938412146496306,-0.7234963180421252,1,0,0,0,181,False,False,
193,7,1434.286533497643,872.0019044243081,0.9517009791716041,78.27000427246094,5.199306964874268,0,2,0,1,1,0.00887358982251985,-0.9698733728174674,-0.9596148913387631,0,0,0,0,181,False,False,
148,0,1431.7845829375872,885.4172510415581,2.036417680405721,82.11408996582031,-4.035030364990234,0,2,0,1,1,-0.7680741009775046,-0.9583433513057882,0.563649143220563,0,0,0,0,136,True,True,collision
194,1,1445.3267544968367,872.5983606748529,-0.1254256680549744,62.185176849365234,5.07683801651001,0,2,0,1,1,-0.011526634560758945,-0.9404613359655365,-0.9499685759208496,0,0,0,0,182,False,False,
194,2,1406.2021765866618,872.6865759173721,1.4721165735105657,99.49032592773438,7.770136833190918,0,3,0,2,2,-0.01869980975212305,-0.950004770607978,-0.9373233159334939,0,0,0,0,182,False,False,
75,3,1422.5987224621422,885.0758087794742,1.351623685195116,80.87918090820312,-0.8136343955993652,0,3,0,2,2,-0.3875970679827775,-0.9018537665931101,0.5044565291591099,0,0,0,0,63,True,True,collision
147,4,1363.4228502860904,888.5286650646251,3.1932137505669194,147.3759307861328,3.369452476501465,0,4,0,3,3,-0.6848343194831532,-0.9519126906328196,0.6611455307842917,0,0,0,0,135,True,True,collision
194,5,1389.2845393000407,868.7694826223187,0.2395398865226127,159.1179962158203,11.257222175598145,0,4,0,3,3,0.0780157105593446,-0.8978805436701647,-0.38245634918048554,0,0,0,0,182,False,False,
194,6,1410.3630453904905,870.7258673947267,-0.0008309898085214168,115.61742401123047,8.193241119384766,0,3,0,2,2,0.10814371619497429,-0.9384099139367815,-0.7235115544790379,2,0,0,0,182,False,False,
194,7,1433.4145356450645,872.0229667824055,0.8722521870596176,79.14220428466797,5.2154717445373535,0,2,0,1,1,0.013766736139432901,-0.9721987440190194,-0.9606468419182794,0,0,0,0,182,False,False,
148,0,1431.7845829375872,885.4172510415581,2.036417680405721,82.11408996582031,-4.035030364990234,0,2,0,1,1,-0.7680741009775046,-0.9583433513057882,0.563649143220563,0,0,0,0,136,True,True,collision
195,1,1445.1352036543992,872.600596213601,0.191563887181236,62.37671661376953,5.093517303466797,0,2,0,1,1,-0.010322358619853528,-0.94097204681622,-0.9500271168556385,0,0,0,0,183,False,False,
195,2,1404.4510147938709,872.8350488565517,1.757444689940238,101.2477035522461,7.792934894561768,0,3,0,2,2,-0.010163628123962414,-0.954690573889394,-0.9462448393359177,0,0,0,0,183,False,False,
75,3,1422.5987224621422,885.0758087794742,1.351623685195116,80.87918090820312,-0.8136343955993652,0,3,0,2,2,-0.3875970679827775,-0.9018537665931101,0.5044565291591099,0,0,0,0,63,True,True,collision
147,4,1363.4228502860904,888.5286650646251,3.1932137505669194,147.3759307861328,3.369452476501465,0,4,0,3,3,-0.6848343194831532,-0.9519126906328196,0.6611455307842917,0,0,0,0,135,True,True,collision
195,5,1388.822714726726,868.7878702330033,0.46219048101844934,159.5801544189453,11.269853591918945,0,4,0,3,3,0.07966542230822679,-0.8991034371271593,-0.38231679142249775,0,0,0,0,183,False,False,
195,6,1410.432910583948,870.7277608051902,-0.06989084532346619,115.68727111816406,8.189801216125488,0,3,0,2,2,0.10747695317911747,-0.9382263036798484,-0.7240897672547073,3,0,0,0,183,False,False,
195,7,1432.829579163938,872.0331986836106,0.5850459611125095,79.72725677490234,5.23293399810791,0,2,0,1,1,0.019075260771846715,-0.9737582201391088,-0.9608736804473806,0,0,0,0,183,False,False,
148,0,1431.7845829375872,885.4172510415581,2.036417680405721,82.11408996582031,-4.035030364990234,0,2,0,1,1,-0.7680741009775046,-0.9583433513057882,0.563649143220563,0,0,0,0,136,True,True,collision
196,1,1445.1352036543992,872.600596213601,0.0,62.37671661376953,5.095168113708496,0,2,0,1,1,-0.010322358619853528,-0.94097204681622,-0.9500271168556385,1,0,0,0,184,False,False,
196,2,1402.9355582458263,872.9349802994634,1.5187477875847077,102.7665023803711,7.81223726272583,0,3,0,2,2,0.0019362266887946412,-0.9587406823965066,-0.9505514410982218,0,0,0,0,184,False,False,
75,3,1422.5987224621422,885.0758087794742,1.351623685195116,80.87918090820312,-0.8136343955993652,0,3,0,2,2,-0.3875970679827775,-0.9018537665931101,0.5044565291591099,0,0,0,0,63,True,True,collision
147,4,1363.4228502860904,888.5286650646251,3.1932137505669194,147.3759307861328,3.369452476501465,0,4,0,3,3,-0.6848343194831532,-0.9519126906328196,0.6611455307842917,0,0,0,0,135,True,True,collision
196,5,1388.56605235028,868.7984204915659,0.2568791222318409,159.8370819091797,11.284775733947754,0,4,0,3,3,0.07938278948330371,-0.8997833047987663,-0.3822875763408379,0,0,0,0,184,False,False,
196,6,1410.2364045870518,870.7223557289988,0.19658031860997396,115.88375854492188,8.202186584472656,0,3,0,2,2,0.10865251484874787,-0.9387427051076687,-0.7224489202025777,0,0,0,0,184,False,False,
196,7,1432.3511612142486,872.0401058825095,0.47846780872043937,80.20570373535156,5.245938301086426,0,2,0,1,1,0.022093690608866092,-0.9750333370778104,-0.9608809985108884,0,0,0,0,184,False,False,
148,0,1431.7845829375872,885.4172510415581,2.036417680405721,82.11408996582031,-4.035030364990234,0,2,0,1,1,-0.7680741009775046,-0.9583433513057882,0.563649143220563,0,0,0,0,136,True,True,collision
197,1,1445.1991029127885,872.5997860741454,-0.06390439381332047,62.4405632019043,5.091021537780762,0,2,0,1,1,-0.010932681567939855,-0.9408018107223903,-0.9500197987921307,2,0,0,0,185,False,False,
197,2,1401.2436099045738,873.0135213322347,1.693770315980318,104.46022033691406,7.831502437591553,0,3,0,2,2,0.016084151709908824,-0.9632559784470444,-0.9513941189697585,0,0,0,0,185,False,False,
75,3,1422.5987224621422,885.0758087794742,1.351623685195116,80.87918090820312,-0.8136343955993652,0,3,0,2,2,-0.3875970679827775,-0.9018537665931101,0.5044565291591099,0,0,0,0,63,True,True,collision
147,4,1363.4228502860904,888.5286650646251,3.1932137505669194,147.3759307861328,3.369452476501465,0,4,0,3,3,-0.6848343194831532,-0.9519126906328196,0.6611455307842917,0,0,0,0,135,True,True,collision
197,5,1388.5141145758896,868.8005724168512,0.05198233537521421,159.88900756835938,11.28496265411377,0,4,0,3,3,0.07928332357926422,-0.899920719944392,-0.3822875763408379,1,0,0,0,185,False,False,
197,6,1410.0326415065053,870.7167442665984,0.20384033335941,116.08769226074219,8.217952728271484,0,3,0,2,2,0.10964226386657477,-0.9392785559744868,-0.720742839474961,0,0,0,0,185,False,False,
197,7,1432.3511612142486,872.0401058825095,0.0,80.20570373535156,5.247480392456055,0,2,0,1,1,0.022093690608866092,-0.9750333370778104,-0.9608809985108884,1,0,0,0,185,False,False,
148,0,1431.7845829375872,885.4172510415581,2.036417680405721,82.11408996582031,-4.035030364990234,0,2,0,1,1,-0.7680741009775046,-0.9583433513057882,0.563649143220563,0,0,0,0,136,True,True,collision
198,1,1445.0152760866788,872.6019295738134,0.18383932274779372,62.624412536621094,5.097341060638428,0,2,0,1,1,-0.010370395760610841,-0.941292014004589,-0.9500783361536465,0,0,0,0,186,False,False,
198,2,1399.2702200429512,873.0500246750099,1.9737274482533456,106.43394470214844,7.85162353515625,0,3,0,2,2,0.039494293632190154,-0.9685105716071037,-0.9457835940850837,0,0,0,0,186,False,False,
75,3,1422.5987224621422,885.0758087794742,1.351623685195116,80.87918090820312,-0.8136343955993652,0,3,0,2,2,-0.3875970679827775,-0.9018537665931101,0.5044565291591099,0,0,0,0,63,True,True,collision
147,4,1363.4228502860904,888.5286650646251,3.1932137505669194,147.3759307861328,3.369452476501465,0,4,0,3,3,-0.6848343194831532,-0.9519126906328196,0.6611455307842917,0,0,0,0,135,True,True,collision
198,5,1388.3940852430756,868.8056342215236,0.12013601709027093,160.0092315673828,11.301350593566895,0,4,0,3,3,0.07906653894125194,-0.9002388557746606,-0.38228025827733014,0,0,0,0,186,False,False,
198,6,1410.0326415065053,870.7167442665984,0.0,116.08769226074219,8.216346740722656,0,3,0,2,2,0.10964226386657477,-0.9392785559744868,-0.720742839474961,1,0,0,0,186,False,False,
198,7,1432.2799604794504,872.0411167739694,0.07120791063728826,80.2770004272461,5.247962951660156,0,2,0,1,1,0.022415261189434925,-0.9752233467960724,-0.9608809985108884,2,0,0,0,186,False,False,
148,0,1431.7845829375872,885.4172510415581,2.036417680405721,82.11408996582031,-4.035030364990234,0,2,0,1,1,-0.7680741009775046,-0.9583433513057882,0.563649143220563,0,0,0,0,136,True,True,collision
199,1,1445.0152760866788,872.6019295738134,0.0,62.624412536621094,5.10011100769043,0,2,0,1,1,-0.010370395760610841,-0.941292014004589,-0.9500783361536465,1,0,0,0,187,False,False,
199,2,1397.5099426654817,873.0353161713932,1.7603388269618143,108.19438171386719,7.871399879455566,0,3,0,2,2,0.06648199796668197,-0.9731832991563506,-0.9351042203729628,0,0,0,0,187,False,False,
75,3,1422.5987224621422,885.0758087794742,1.351623685195116,80.87918090820312,-0.8136343955993652,0,3,0,2,2,-0.3875970679827775,-0.9018537665931101,0.5044565291591099,0,0,0,0,63,True,True,collision
147,4,1363.4228502860904,888.5286650646251,3.1932137505669194,147.3759307861328,3.369452476501465,0,4,0,3,3,-0.6848343194831532,-0.9519126906328196,0.6611455307842917,0,0,0,0,135,True,True,collision
199,5,1388.1725191753112,868.8153727266206,0.2217799830147984,160.2310028076172,11.317612648010254,0,4,0,3,3,0.07839854229989637,-0.9008257794512401,-0.3823241094860055,0,0,0,0,187,False,False,
199,6,1410.1704357032456,870.7207517333978,-0.13785245897500004,116.22557067871094,8.223428726196289,0,3,0,2,2,0.10996124426337196,-0.9389163991837245,-0.7219218766990914,0,0,0,0,187,False,False,
199,7,1432.2799604794504,872.0411167739694,0.0,80.2770004272461,5.249166011810303,0,2,0,1,1,0.022415261189434925,-0.9752233467960724,-0.9608809985108884,3,0,0,0,187,False,False,
148,0,1431.7845829375872,885.4172510415581,2.036417680405721,82.11408996582031,-4.035030364990234,0,2,0,1,1,-0.7680741009775046,-0.9583433513057882,0.563649143220563,0,0,0,0,136,True,True,collision
200,1,1444.7548492928436,872.6049767965075,0.2604446208188948,62.88480758666992,5.1172871589660645,0,2,0,1,1,-0.010520723352348998,-0.9419863037115819,-0.9501588277056853,0,0,0,0,188,False,False,
200,2,1395.4730972580253,872.9498817371868,2.0386363717996776,110.23291778564453,7.891550540924072,0,3,0,2,2,0.11005377245729607,-0.9785546665935236,-0.9145588928593195,0,0,0,0,188,False,False,
75,3,1422.5987224621422,885.0758087794742,1.351623685195116,80.87918090820312,-0.8136343955993652,0,3,0,2,2,-0.3875970679827775,-0.9018537665931101,0.5044565291591099,0,0,0,0,63,True,True,collision
147,4,1363.4228502860904,888.5286650646251,3.1932137505669194,147.3759307861328,3.369452476501465,0,4,0,3,3,-0.6848343194831532,-0.9519126906328196,0.6611455307842917,0,0,0,0,135,True,True,collision
200,5,1388.1725191753112,868.8153727266206,0.0,160.2310028076172,11.309948921203613,0,4,0,3,3,0.07839854229989637,-0.9008257794512401,-0.3823241094860055,1,0,0,0,188,False,False,
200,6,1410.0504994927787,870.7173004984741,0.11998585584844808,116.34549713134766,8.229406356811523,0,3,0,2,2,0.11034131220609804,-0.9392314150945781,-0.7208964044638815,0,0,0,0,188,False,False,
200,7,1432.0933140063412,872.0435447552063,0.18666226457694837,80.46366119384766,5.2654852867126465,0,2,0,1,1,0.023650552183672995,-0.9757207674378826,-0.9608444117666228,0,0,0,0,188,False,False,
148,0,1431.7845829375872,885.4172510415581,2.036417680405721,82.11408996582031,-4.035030364990234,0,2,0,1,1,-0.7680741009775046,-0.9583433513057882,0.563649143220563,0,0,0,0,136,True,True,collision
201,1,1444.282440871196,872.6108930205479,0.4724454662185344,63.35725784301758,5.135871887207031,0,2,0,1,1,-0.01128964759909397,-0.9432459742720138,-0.9502539518114665,0,0,0,0,189,False,False,
201,2,1393.1668079850476,872.8232523554648,2.3097630205212063,112.54278564453125,7.90660285949707,0,3,0,2,2,0.16526723856980222,-0.9845662897379842,-0.8877139061387461,0,0,0,0,189,False,False,
75,3,1422.5987224621422,885.0758087794742,1.351623685195116,80.87918090820312,-0.8136343955993652,0,3,0,2,2,-0.3875970679827775,-0.9018537665931101,0.5044565291591099,0,0,0,0,63,True,True,collision
147,4,1363.4228502860904,888.5286650646251,3.1932137505669194,147.3759307861328,3.369452476501465,0,4,0,3,3,-0.6848343194831532,-0.9519126906328196,0.6611455307842917,0,0,0,0,135,True,True,collision
201,5,1387.8578963812715,868.8297609830491,0.31495162239999996,160.54591369628906,11.316781044006348,0,4,0,3,3,0.07792632673244668,-0.901659301237178,-0.38245634918048554,0,0,0,0,189,False,False,
201,6,1410.0001242427834,870.7158377614358,0.05039648213655694,116.39593505859375,8.229133605957031,0,3,0,2,2,0.11075139228913335,-0.9393638858237838,-0.7204716995047615,1,0,0,0,189,False,False,
201,7,1432.0933140063412,872.0435447552063,0.0,80.46366119384766,5.265108585357666,0,2,0,1,1,0.023650552183672995,-0.9757207674378826,-0.9608444117666228,1,0,0,0,189,False,False,
148,0,1431.7845829375872,885.4172510415581,2.036417680405721,82.11408996582031,-4.035030364990234,0,2,0,1,1,-0.7680741009775046,-0.9583433513057882,0.563649143220563,0,0,0,0,136,True,True,collision
202,1,1443.5035226445077,872.6244159167705,0.7790356041861783,64.13630676269531,5.154506206512451,0,2,0,1,1,-0.014913484140255505,-0.9453228870522014,-0.9499685759208496,0,0,0,0,190,False,False,
202,2,1391.2161870946034,872.7041306954895,1.9542548012254615,114.49697875976562,7.9227070808410645,0,3,0,2,2,0.252435313329519,-0.9895049150001495,-0.863572443626041,0,0,0,0,190,False,False,
75,3,1422.5987224621422,885.0758087794742,1.351623685195116,80.87918090820312,-0.8136343955993652,0,3,0,2,2,-0.3875970679827775,-0.9018537665931101,0.5044565291591099,0,0,0,0,63,True,True,collision
147,4,1363.4228502860904,888.5286650646251,3.1932137505669194,147.3759307861328,3.369452476501465,0,4,0,3,3,-0.6848343194831532,-0.9519126906328196,0.6611455307842917,0,0,0,0,135,True,True,collision
202,5,1387.8578963812715,868.8297609830491,0.0,160.54591369628906,11.316532135009766,0,4,0,3,3,0.07792632673244668,-0.901659301237178,-0.38245634918048554,1,0,0,0,190,False,False,
202,6,1410.0001242427834,870.7158377614358,0.0,116.39593505859375,8.224573135375977,0,3,0,2,2,0.11075139228913335,-0.9393638858237838,-0.7204716995047615,2,0,0,0,190,False,False,
202,7,1431.867008061478,872.0465135896184,0.2263254176140668,80.68988037109375,5.276238918304443,0,2,0,1,1,0.024179379512114314,-0.9763235883180081,-0.9608151395125918,0,0,0,0,190,False,False,
148,0,1431.7845829375872,885.4172510415581,2.036417680405721,82.11408996582031,-4.035030364990234,0,2,0,1,1,-0.7680741009775046,-0.9583433513057882,0.563649143220563,0,0,0,0,136,True,True,collision
203,1,1442.5280632168694,872.6487665109752,0.9757633147472141,65.11207580566406,5.174643516540527,0,2,0,1,1,-0.020737722015554835,-0.9479236196268493,-0.9487244229392476,0,0,0,0,191,False,False,
203,2,1388.99581541845,872.5248797912092,2.2275954001902725,116.72453308105469,7.929858207702637,0,3,0,2,2,0.5468364901851102,-0.9943977914517986,-0.8308677176549311,0,0,0,0,191,False,False,
75,3,1422.5987224621422,885.0758087794742,1.351623685195116,80.87918090820312,-0.8136343955993652,0,3,0,2,2,-0.3875970679827775,-0.9018537665931101,0.5044565291591099,0,0,0,0,63,True,True,collision
147,4,1363.4228502860904,888.5286650646251,3.1932137505669194,147.3759307861328,3.369452476501465,0,4,0,3,3,-0.6848343194831532,-0.9519126906328196,0.6611455307842917,0,0,0,0,135,True,True,collision
203,5,1387.9956105328629,868.8235874186872,-0.13785245897500004,160.68374633789062,11.329211235046387,0,4,0,3,3,0.07820826395820638,-0.9012945290091238,-0.38241975886294677,0,0,0,0,191,False,False,
203,6,1409.9832724935911,870.715350184805,0.01685880131593421,116.41278839111328,8.224956512451172,0,3,0,2,2,0.11076724823143043,-0.9394081481169393,-0.7203248522694515,3,0,0,0,191,False,False,
203,7,1431.4130841425044,872.0539695008928,0.45398514824725617,81.1439208984375,5.2899394035339355,0,2,0,1,1,0.02326489497701453,-0.9775335950853482,-0.9609322178088964,0,0,0,0,191,False,False,
148,0,1431.7845829375872,885.4172510415581,2.036417680405721,82.11408996582031,-4.035030364990234,0,2,0,1,1,-0.7680741009775046,-0.9583433513057882,0.563649143220563,0,0,0,0,136,True,True,collision
204,1,1442.0797928576292,872.6604667631964,0.44842302670065065,65.56047058105469,5.19095516204834,0,2,0,1,1,-0.021966413238682335,-0.9491186434324468,-0.948087608483145,0,0,0,0,192,False,False,
204,2,1386.8934226129347,872.3479623514221,2.109823520862234,118.83438110351562,7.923247337341309,0,3,0,2,2,1.0,-0.9953070034661764,-0.799978929122611,0,0,0,1,192,False,False,
75,3,1422.5987224621422,885.0758087794742,1.351623685195116,80.87918090820312,-0.8136343955993652,0,3,0,2,2,-0.3875970679827775,-0.9018537665931101,0.5044565291591099,0,0,0,0,63,True,True,collision
147,4,1363.4228502860904,888.5286650646251,3.1932137505669194,147.3759307861328,3.369452476501465,0,4,0,3,3,-0.6848343194831532,-0.9519126906328196,0.6611455307842917,0,0,0,0,135,True,True,collision
204,5,1387.8958717958635,868.8281698925251,0.0998439518684475,160.78358459472656,11.328649520874023,0,4,0,3,3,0.07770844568968048,-0.901558782488126,-0.3824636672439933,1,0,0,0,192,False,False,
204,6,1409.6518779392968,870.7058506017736,0.33153068137599523,116.74434661865234,8.238426208496094,0,3,0,2,2,0.11222489737865923,-0.9402788117857309,-0.7175122860566991,0,0,0,0,192,False,False,
204,7,1431.4130841425044,872.0539695008928,0.0,81.1439208984375,5.292434215545654,0,2,0,1,1,0.02326489497701453,-0.9775335950853482,-0.9609322178088964,1,0,0,0,192,False,False,
148,0,1431.7845829375872,885.4172510415581,2.036417680405721,82.11408996582031,-4.035030364990234,0,2,0,1,1,-0.7680741009775046,-0.9583433513057882,0.563649143220563,0,0,0,0,136,True,True,collision
205,1,1441.4564487456005,872.6796231553493,0.6236383963172855,66.1841812133789,5.206943035125732,0,2,0,1,1,-0.02575390332480083,-0.9507805467150574,-0.9468580916285584,0,0,0,0,193,False,False,
205,2,1385.340805835253,872.1979656339355,1.5598454646520543,120.39422607421875,11.136713981628418,0,4,1,3,3,0.11390585945349206,-0.9094489884157092,-0.7768302648350012,0,0,0,0,193,False,False,
75,3,1422.5987224621422,885.0758087794742,1.351623685195116,80.87918090820312,-0.8136343955993652,0,3,0,2,2,-0.3875970679827775,-0.9018537665931101,0.5044565291591099,0,0,0,0,63,True,True,collision
147,4,1363.4228502860904,888.5286650646251,3.1932137505669194,147.3759307861328,3.369452476501465,0,4,0,3,3,-0.6848343194831532,-0.9519126906328196,0.6611455307842917,0,0,0,0,135,True,True,collision
205,5,1387.7772283072238,868.8338203034351,0.11877796319194363,160.90237426757812,11.341708183288574,0,4,0,3,3,0.07688845509757067,-0.9018732313941848,-0.3825294726431919,0,0,0,0,193,False,False,
205,6,1409.100674098297,870.6923250826795,0.5513697615934322,117.29566192626953,8.247796058654785,0,3,0,2,2,0.11235138998602881,-0.9417266931830341,-0.7131027240004926,0,0,0,0,193,False,False,
205,7,1431.5091330441269,872.0524735155242,-0.09606055108679787,81.23999786376953,5.284934997558594,0,2,0,1,1,0.023535302810093917,-0.9772775606226916,-0.9609248997453885,2,0,0,0,193,False,False,
148,0,1431.7845829375872,885.4172510415581,2.036417680405721,82.11408996582031,-4.035030364990234,0,2,0,1,1,-0.7680741009775046,-0.9583433513057882,0.563649143220563,0,0,0,0,136,True,True,collision
206,1,1441.0915838351532,872.6923994017789,0.36508853083684756,66.54927062988281,5.220439910888672,0,2,0,1,1,-0.02905247448311962,-0.9517531317594581,-0.9459505338355811,0,0,0,0,194,False,False,
206,2,1383.658521487346,872.0250375213368,1.6911489465271567,122.08534240722656,11.151416778564453,0,4,0,3,3,0.1239376923653165,-0.9138776452209749,-0.7505043174859525,0,0,0,0,194,False,False,
75,3,1422.5987224621422,885.0758087794742,1.351623685195116,80.87918090820312,-0.8136343955993652,0,3,0,2,2,-0.3875970679827775,-0.9018537665931101,0.5044565291591099,0,0,0,0,63,True,True,collision
147,4,1363.4228502860904,888.5286650646251,3.1932137505669194,147.3759307861328,3.369452476501465,0,4,0,3,3,-0.6848343194831532,-0.9519126906328196,0.6611455307842917,0,0,0,0,135,True,True,collision
206,5,1387.7772283072238,868.8338203034351,0.0,160.90237426757812,11.333060264587402,0,4,0,3,3,0.07688845509757067,-0.9018732313941848,-0.3825294726431919,1,0,0,0,194,False,False,
206,6,1409.0697863980033,870.6915741050154,0.030896828265785475,117.32655334472656,8.243125915527344,0,3,0,2,2,0.11236574421843923,-0.9418078036345462,-0.7128541099445279,1,0,0,0,194,False,False,
206,7,1431.544669224999,872.0519360002177,-0.0355402458305029,81.27552795410156,5.280545711517334,0,2,0,1,1,0.02372333229541065,-0.9771828875874558,-0.9609175816818808,3,0,0,0,194,False,False,
148,0,1431.7845829375872,885.4172510415581,2.036417680405721,82.11408996582031,-4.035030364990234,0,2,0,1,1,-0.7680741009775046,-0.9583433513057882,0.563649143220563,0,0,0,0,136,True,True,collision
207,1,1440.951483820277,872.6974721688795,0.1401918226374211,66.68937683105469,5.231372356414795,0,2,0,1,1,-0.03004267035302064,-0.9521263362104315,-0.9455846699661985,0,0,0,0,195,False,False,
207,2,1381.9936542124985,871.8446857589402,1.6746073572802629,123.76000213623047,11.170395851135254,0,4,0,3,3,0.13433657729720053,-0.9182494213344757,-0.7233436678111431,0,0,0,0,195,False,False,
75,3,1422.5987224621422,885.0758087794742,1.351623685195116,80.87918090820312,-0.8136343955993652,0,3,0,2,2,-0.3875970679827775,-0.9018537665931101,0.5044565291591099,0,0,0,0,63,True,True,collision
147,4,1363.4228502860904,888.5286650646251,3.1932137505669194,147.3759307861328,3.369452476501465,0,4,0,3,3,-0.6848343194831532,-0.9519126906328196,0.6611455307842917,0,0,0,0,135,True,True,collision
207,5,1387.9149272264506,868.8273158365675,-0.13785245897500004,161.04022216796875,11.342368125915527,0,4,0,3,3,0.07684729445781469,-0.9015083348210997,-0.38245634918048554,0,0,0,0,195,False,False,
207,6,1409.0697863980033,870.6915741050154,0.0,117.32655334472656,8.242122650146484,0,3,0,2,2,0.11236574421843923,-0.9418078036345462,-0.7128541099445279,2,0,0,0,195,False,False,
207,7,1431.2647249999434,872.0573507963215,0.27999658776296954,81.55548858642578,5.295843601226807,0,2,0,1,1,0.021749957256383193,-0.977929027583593,-0.961093197339701,0,0,0,0,195,False,False,
148,0,1431.7845829375872,885.4172510415581,2.036417680405721,82.11408996582031,-4.035030364990234,0,2,0,1,1,-0.7680741009775046,-0.9583433513057882,0.563649143220563,0,0,0,0,136,True,True,collision
208,1,1440.4989911642256,872.713467157095,0.4527752681280367,67.14217376708984,5.2464094161987305,0,2,0,1,1,-0.030258885315371725,-0.9533324664556887,-0.9444429591538855,0,0,0,0,196,False,False,
208,2,1380.1766933195847,871.6266994456263,1.8299904150487696,125.59004211425781,11.188926696777344,0,4,0,3,3,0.15055820137645304,-0.9230017129302815,-0.6911756903535231,0,0,0,0,196,False,False,
75,3,1422.5987224621422,885.0758087794742,1.351623685195116,80.87918090820312,-0.8136343955993652,0,3,0,2,2,-0.3875970679827775,-0.9018537665931101,0.5044565291591099,0,0,0,0,63,True,True,collision
147,4,1363.4228502860904,888.5286650646251,3.1932137505669194,147.3759307861328,3.369452476501465,0,4,0,3,3,-0.6848343194831532,-0.9519126906328196,0.6611455307842917,0,0,0,0,135,True,True,collision
208,5,1387.735805632663,868.8360590758278,0.17933485325990267,161.21951293945312,11.356497764587402,0,4,0,3,3,0.07621631829192539,-0.9019830309184688,-0.3825952780423906,0,0,0,0,196,False,False,
208,6,1409.2075924151418,870.6951521052814,-0.13785245897500004,117.46441650390625,8.253874778747559,0,3,0,2,2,0.11270882292305437,-0.941445933899866,-0.713981920724104,0,0,0,0,196,False,False,
208,7,1431.2647249999434,872.0573507963215,0.0,81.55548858642578,5.2960381507873535,0,2,0,1,1,0.021749957256383193,-0.977929027583593,-0.961093197339701,1,0,0,0,196,False,False,
148,0,1431.7845829375872,885.4172510415581,2.036417680405721,82.11408996582031,-4.035030364990234,0,2,0,1,1,-0.7680741009775046,-0.9583433513057882,0.563649143220563,0,0,0,0,136,True,True,collision
209,1,1440.3020965197495,872.7205085236074,0.19702051128164008,67.33920288085938,5.25991153717041,0,2,0,1,1,-0.030870606835883843,-0.9538572553105387,-0.9439305374843219,0,0,0,0,197,False,False,
209,2,1378.6103994394753,871.446460949124,1.5766300880326314,127.16666412353516,11.202922821044922,0,4,0,3,3,0.15590989457245996,-0.9270873290989652,-0.6643592469392485,0,0,0,0,197,False,False,
75,3,1422.5987224621422,885.0758087794742,1.351623685195116,80.87918090820312,-0.8136343955993652,0,3,0,2,2,-0.3875970679827775,-0.9018537665931101,0.5044565291591099,0,0,0,0,63,True,True,collision
147,4,1363.4228502860904,888.5286650646251,3.1932137505669194,147.3759307861328,3.369452476501465,0,4,0,3,3,-0.6848343194831532,-0.9519126906328196,0.6611455307842917,0,0,0,0,135,True,True,collision
209,5,1387.3638866208776,868.8546188561423,0.37238181584608154,161.5919189453125,11.369295120239258,0,4,0,3,3,0.07629473099197494,-0.9029690729998076,-0.38293219482560314,0,0,0,0,197,False,False,
209,6,1409.4440674419664,870.7014106929802,-0.23655783274222464,117.7009506225586,8.260043144226074,0,3,0,2,2,0.11182899176030787,-0.9408250010093736,-0.7159305266501576,0,0,0,0,197,False,False,
209,7,1431.1883579612795,872.0589145297566,0.07638304691840132,81.63191986083984,5.294534683227539,0,2,0,1,1,0.021227203163523868,-0.978132728553501,-0.961144420210982,2,0,0,0,197,False,False,
148,0,1431.7845829375872,885.4172510415581,2.036417680405721,82.11408996582031,-4.035030364990234,0,2,0,1,1,-0.7680741009775046,-0.9583433513057882,0.563649143220563,0,0,0,0,136,True,True,collision
210,1,1440.3020965197495,872.7205085236074,0.0,67.33920288085938,5.257099628448486,0,2,0,1,1,-0.030870606835883843,-0.9538572553105387,-0.9439305374843219,1,0,0,0,198,False,False,
210,2,1376.7648380323087,871.2195745505513,1.8594553894836765,129.02601623535156,11.2164888381958,0,4,0,3,3,0.17242905343078468,-0.9318769120720932,-0.631020007699975,0,0,0,0,198,False,False,
75,3,1422.5987224621422,885.0758087794742,1.351623685195116,80.87918090820312,-0.8136343955993652,0,3,0,2,2,-0.3875970679827775,-0.9018537665931101,0.5044565291591099,0,0,0,0,63,True,True,collision
147,4,1363.4228502860904,888.5286650646251,3.1932137505669194,147.3759307861328,3.369452476501465,0,4,0,3,3,-0.6848343194831532,-0.9519126906328196,0.6611455307842917,0,0,0,0,135,True,True,collision
210,5,1386.785719764552,868.8856562864529,0.5789993400977644,162.17088317871094,11.384485244750977,0,4,0,3,3,0.07508632453393886,-0.9045024176825124,-0.3846577141594123,0,0,0,0,198,False,False,
210,6,1409.8145230111563,870.7104375295718,-0.37056553067255915,118.07154083251953,8.265485763549805,0,3,0,2,2,0.10868691094394384,-0.9398513597906177,-0.718882021724815,0,1,0,0,198,False,False,
210,7,1430.8648071578414,872.0665976471415,0.3236420131845636,81.95549774169922,5.308019638061523,0,2,0,1,1,0.019932377326354198,-0.9789951969894922,-0.9615102876536379,0,0,0,0,198,False,False,
148,0,1431.7845829375872,885.4172510415581,2.036417680405721,82.11408996582031,-4.035030364990234,0,2,0,1,1,-0.7680741009775046,-0.9583433513057882,0.563649143220563,0,0,0,0,136,True,True,collision
211,1,1439.987358769469,872.732113393308,0.31495162239999996,67.65423583984375,5.268129348754883,0,2,0,1,1,-0.03216084361945756,-0.9546962921344389,-0.9430815206261335,0,0,0,0,199,False,False,
211,2,1375.4606709835555,871.0510389964477,1.315011758141744,130.341064453125,11.232483863830566,0,4,0,3,3,0.18580284049891513,-0.9352428549540164,-0.6064729072139298,0,0,0,0,199,False,False,
75,3,1422.5987224621422,885.0758087794742,1.351623685195116,80.87918090820312,-0.8136343955993652,0,3,0,2,2,-0.3875970679827775,-0.9018537665931101,0.5044565291591099,0,0,0,0,63,True,True,collision
147,4,1363.4228502860904,888.5286650646251,3.1932137505669194,147.3759307861328,3.369452476501465,0,4,0,3,3,-0.6848343194831532,-0.9519126906328196,0.6611455307842917,0,0,0,0,135,True,True,collision
211,5,1386.7276991865078,868.8888041315461,0.05810590680210922,162.22906494140625,11.385732650756836,0,4,0,3,3,0.07484560910783544,-0.9046565059650158,-0.3848332905112274,1,0,0,0,199,False,False,
211,6,1409.8643096133028,870.7116285353798,-0.04980084585746618,118.1212387084961,8.26352310180664,0,3,0,2,2,0.10816763630418033,-0.9397207362063463,-0.719277454429904,1,0,0,0,199,False,False,
211,7,1430.8648071578414,872.0665976471415,0.0,81.95549774169922,5.306447982788086,0,2,0,1,1,0.019932377326354198,-0.9789951969894922,-0.9615102876536379,1,0,0,0,199,False,False,
148,0,1431.7845829375872,885.4172510415581,2.036417680405721,82.11408996582031,-4.035030364990234,0,2,0,1,1,-0.7680741009775046,-0.9583433513057882,0.563649143220563,0,0,0,0,136,True,True,collision
212,1,1439.363267167868,872.7532507529457,0.6244494496447341,68.27861785888672,5.27791166305542,0,2,0,1,1,-0.0314048510824768,-0.956359358296798,-0.9416178471789379,0,0,0,0,200,False,False,
212,2,1374.659376044345,870.9419469661166,0.808686991787299,131.14971923828125,11.247208595275879,0,4,0,3,3,0.1965716060071322,-0.9373006248947959,-0.5907333534351391,0,0,0,0,200,False,False,
75,3,1422.5987224621422,885.0758087794742,1.351623685195116,80.87918090820312,-0.8136343955993652,0,3,0,2,2,-0.3875970679827775,-0.9018537665931101,0.5044565291591099,0,0,0,0,63,True,True,collision
147,4,1363.4228502860904,888.5286650646251,3.1932137505669194,147.3759307861328,3.369452476501465,0,4,0,3,3,-0.6848343194831532,-0.9519126906328196,0.6611455307842917,0,0,0,0,135,True,True,collision
212,5,1386.4792145702393,868.9031075100884,0.24889594444248092,162.47789001464844,11.400006294250488,0,4,0,3,3,0.07325382990802956,-0.9053157000519738,-0.38572655163814284,0,0,0,0,200,False,False,
212,6,1410.0511285205714,870.7158436811748,-0.18686645383026218,118.30817413330078,8.273633003234863,0,3,0,2,2,0.10642674348566995,-0.939229241650296,-0.7207276030380483,0,0,0,0,200,False,False,
212,7,1430.6626572766593,872.0715310015697,0.20221007009496936,82.15782928466797,5.317953586578369,0,2,0,1,1,0.0200273491002166,-0.97953448661011,-0.9617592840498347,0,0,0,0,200,False,False,
148,0,1431.7845829375872,885.4172510415581,2.036417680405721,82.11408996582031,-4.035030364990234,0,2,0,1,1,-0.7680741009775046,-0.9583433513057882,0.563649143220563,0,0,0,0,136,True,True,collision
213,1,1438.6965934366335,872.7759757617838,0.6670609342067407,68.94575500488281,5.289911270141602,0,2,0,1,1,-0.032885046223029554,-0.9581361078510959,-0.9400295772686311,0,0,0,0,201,False,False,
213,2,1373.6069133739832,870.7917459290774,1.0631265324658814,132.21287536621094,11.261785507202148,0,4,0,3,3,0.20999857836690883,-0.9399895773544804,-0.5692318251604858,0,0,0,0,201,False,False,
75,3,1422.5987224621422,885.0758087794742,1.351623685195116,80.87918090820312,-0.8136343955993652,0,3,0,2,2,-0.3875970679827775,-0.9018537665931101,0.5044565291591099,0,0,0,0,63,True,True,collision
147,4,1363.4228502860904,888.5286650646251,3.1932137505669194,147.3759307861328,3.369452476501465,0,4,0,3,3,-0.6848343194831532,-0.9519126906328196,0.6611455307842917,0,0,0,0,135,True,True,collision
213,5,1386.200349186577,868.919386478445,0.27934012782972295,162.75729370117188,11.40986442565918,0,4,0,3,3,0.07331428788255608,-0.9060558631602196,-0.3867441626723189,0,0,0,0,201,False,False,
213,6,1410.0319386426786,870.7154094989119,0.019194789078694024,118.32734680175781,8.273265838623047,0,3,0,2,2,0.10655577493825175,-0.9392796501507431,-0.7205813846988212,1,0,0,0,201,False,False,
213,7,1430.6626572766593,872.0715310015697,0.0,82.15782928466797,5.317022323608398,0,2,0,1,1,0.0200273491002166,-0.97953448661011,-0.9617592840498347,1,0,0,0,201,False,False,
148,0,1431.7845829375872,885.4172510415581,2.036417680405721,82.11408996582031,-4.035030364990234,0,2,0,1,1,-0.7680741009775046,-0.9583433513057882,0.563649143220563,0,0,0,0,136,True,True,collision
214,1,1438.5518785382471,872.7810136546406,0.14480256275145137,69.09049224853516,5.3069963455200195,0,2,0,1,1,-0.03365519112158306,-0.9585215508973159,-0.9396783459529908,0,0,0,0,202,False,False,
214,2,1373.0779830999236,870.7164404047072,0.5342641264556253,132.7471466064453,11.274506568908691,0,4,0,3,3,0.21478953891294672,-0.9413358075255435,-0.5584406258636601,0,0,0,0,202,False,False,
75,3,1422.5987224621422,885.0758087794742,1.351623685195116,80.87918090820312,-0.8136343955993652,0,3,0,2,2,-0.3875970679827775,-0.9018537665931101,0.5044565291591099,0,0,0,0,63,True,True,collision
147,4,1363.4228502860904,888.5286650646251,3.1932137505669194,147.3759307861328,3.369452476501465,0,4,0,3,3,-0.6848343194831532,-0.9519126906328196,0.6611455307842917,0,0,0,0,135,True,True,collision
214,5,1385.6120585288243,868.9567935698149,0.5894787430295406,163.34674072265625,11.420526504516602,0,4,0,3,3,0.07119819458785849,-0.9076180644192063,-0.38926958065094863,0,0,0,0,202,False,False,
214,6,1409.6982206020284,870.7068497933067,0.33382779874566715,118.66119384765625,8.281105041503906,0,3,0,2,2,0.1100853330367929,-0.9401568387431527,-0.7178638675531128,0,0,0,0,202,False,False,
214,7,1430.699926422188,872.0706269448723,-0.037280108998472866,82.1951904296875,5.309085845947266,0,2,0,1,1,0.02002413796432134,-0.9794348960542512,-0.9617080611785536,2,0,0,0,202,False,False,
148,0,1431.7845829375872,885.4172510415581,2.036417680405721,82.11408996582031,-4.035030364990234,0,2,0,1,1,-0.7680741009775046,-0.9583433513057882,0.563649143220563,0,0,0,0,136,True,True,collision
215,1,1438.455531413059,872.7844359444074,0.09640788660303433,69.1868667602539,5.30937385559082,0,2,0,1,1,-0.03431768184392089,-0.9587781779601998,-0.9394295532333663,1,0,0,0,203,False,False,
215,2,1373.0564292550384,870.7133740697526,0.021770866757905447,132.7689666748047,11.27314567565918,0,4,0,3,3,0.21492989640813548,-0.9413907341542983,-0.5580012847775246,1,0,0,0,203,False,False,
75,3,1422.5987224621422,885.0758087794742,1.351623685195116,80.87918090820312,-0.8136343955993652,0,3,0,2,2,-0.3875970679827775,-0.9018537665931101,0.5044565291591099,0,0,0,0,63,True,True,collision
147,4,1363.4228502860904,888.5286650646251,3.1932137505669194,147.3759307861328,3.369452476501465,0,4,0,3,3,-0.6848343194831532,-0.9519126906328196,0.6611455307842917,0,0,0,0,135,True,True,collision
215,5,1384.9979276906402,868.9953906773748,0.6153425250385272,163.9620819091797,11.4304838180542,0,4,0,3,3,0.07295949765802258,-0.9092484063713739,-0.3918465681083595,0,0,0,0,203,False,False,
215,6,1409.6982206020284,870.7068497933067,0.0,118.66119384765625,8.27658462524414,0,3,0,2,2,0.1100853330367929,-0.9401568387431527,-0.7178638675531128,1,0,0,0,203,False,False,
215,7,1430.8744265348828,872.0666830048582,-0.17454467621027464,82.36967468261719,5.3211846351623535,0,2,0,1,1,0.020608711935436317,-0.9789698626708823,-0.9615395563343957,0,0,0,0,203,False,False,
148,0,1431.7845829375872,885.4172510415581,2.036417680405721,82.11408996582031,-4.035030364990234,0,2,0,1,1,-0.7680741009775046,-0.9583433513057882,0.563649143220563,0,0,0,0,136,True,True,collision
216,1,1438.455531413059,872.7844359444074,0.0,69.1868667602539,5.308192729949951,0,2,0,1,1,-0.03431768184392089,-0.9587781779601998,-0.9394295532333663,2,0,0,0,204,False,False,
216,2,1372.9650778017444,870.7004650119528,0.0922590472105105,132.86119079589844,11.26994514465332,0,4,0,3,3,0.21522277174592042,-0.9416227612667174,-0.5561493287449075,2,0,0,0,204,False,False,
75,3,1422.5987224621422,885.0758087794742,1.351623685195116,80.87918090820312,-0.8136343955993652,0,3,0,2,2,-0.3875970679827775,-0.9018537665931101,0.5044565291591099,0,0,0,0,63,True,True,collision
147,4,1363.4228502860904,888.5286650646251,3.1932137505669194,147.3759307861328,3.369452476501465,0,4,0,3,3,-0.6848343194831532,-0.9519126906328196,0.6611455307842917,0,0,0,0,135,True,True,collision
216,5,1384.0802927204,869.0488411529952,0.9191903458760995,164.88124084472656,11.448698997497559,0,4,0,3,3,0.07797790797537642,-0.9116816326391733,-0.3951997848489329,0,0,0,0,204,False,False,
216,6,1409.7129893146946,870.7072252967363,-0.014773485595510465,118.67597198486328,8.27290153503418,0,3,0,2,2,0.10987116129611663,-0.9401180200548255,-0.7179814711205773,2,0,0,0,204,False,False,
216,7,1430.8522474457325,872.0671901553517,0.022184886683472783,82.39177703857422,5.3206892013549805,0,2,0,1,1,0.02049902751382812,-0.9790287643967143,-0.9615615069516458,1,0,0,0,204,False,False,
148,0,1431.7845829375872,885.4172510415581,2.036417680405721,82.11408996582031,-4.035030364990234,0,2,0,1,1,-0.7680741009775046,-0.9583433513057882,0.563649143220563,0,0,0,0,136,True,True,collision
217,1,1438.2678556867015,872.7909551954149,0.18778892112552742,69.37472534179688,5.32578182220459,0,2,0,1,1,-0.03423565025072877,-0.9592784151098159,-0.9389683508618106,0,0,0,0,205,False,False,
217,2,1372.9650778017444,870.7004650119528,0.0,132.86119079589844,11.256538391113281,0,4,0,3,3,0.21522277174592042,-0.9416227612667174,-0.5561493287449075,3,0,0,0,205,False,False,
75,3,1422.5987224621422,885.0758087794742,1.351623685195116,80.87918090820312,-0.8136343955993652,0,3,0,2,2,-0.3875970679827775,-0.9018537665931101,0.5044565291591099,0,0,0,0,63,True,True,collision
147,4,1363.4228502860904,888.5286650646251,3.1932137505669194,147.3759307861328,3.369452476501465,0,4,0,3,3,-0.6848343194831532,-0.9519126906328196,0.6611455307842917,0,0,0,0,135,True,True,collision
217,5,1383.1050752330145,869.1093750012567,0.9770944143161577,165.85833740234375,11.458185195922852,0,4,0,3,3,0.07784279142124749,-0.9142683475791415,-0.39921139861571964,0,0,0,0,205,False,False,
217,6,1409.4877756710284,870.7013619797365,0.22528995490174308,118.9012680053711,8.279489517211914,0,3,0,2,2,0.11137007802066642,-0.9407097325669949,-0.7161425503885834,0,0,0,0,205,False,False,
217,7,1430.8522474457325,872.0671901553517,0.0,82.39177703857422,5.323124408721924,0,2,0,1,1,0.02049902751382812,-0.9790287643967143,-0.9615615069516458,2,0,0,0,205,False,False,
148,0,1431.7845829375872,885.4172510415581,2.036417680405721,82.11408996582031,-4.035030364990234,0,2,0,1,1,-0.7680741009775046,-0.9583433513057882,0.563649143220563,0,0,0,0,136,True,True,collision
218,1,1438.0921901285358,872.7971938833094,0.1757763054349034,69.55049133300781,5.338026523590088,0,2,0,1,1,-0.03513385986346217,-0.9597464301502444,-0.9385219918671158,0,0,0,0,206,False,False,
218,2,1372.9370477303582,870.6965054895967,0.028308350697346264,132.88954162597656,11.246243476867676,0,4,0,3,3,0.2154622592565842,-0.9416941216364514,-0.5555856377515113,4,0,0,0,206,False,False,
75,3,1422.5987224621422,885.0758087794742,1.351623685195116,80.87918090820312,-0.8136343955993652,0,3,0,2,2,-0.3875970679827775,-0.9018537665931101,0.5044565291591099,0,0,0,0,63,True,True,collision
147,4,1363.4228502860904,888.5286650646251,3.1932137505669194,147.3759307861328,3.369452476501465,0,4,0,3,3,-0.6848343194831532,-0.9519126906328196,0.6611455307842917,0,0,0,0,135,True,True,collision
218,5,1382.1799330141487,869.1684934755283,0.9270291900088165,166.785400390625,11.469192504882812,0,4,0,3,3,0.07895286503487316,-0.9167220712386821,-0.40322341258910455,0,0,0,0,206,False,False,
218,6,1409.1843416704228,870.6939513569977,0.30352448015422,119.20482635498047,8.295036315917969,0,3,0,2,2,0.11186320831953557,-0.9415069333523504,-0.7137180988174123,0,0,0,0,206,False,False,
218,7,1430.7922331716727,872.0686069777738,0.06003099596632387,82.45185089111328,5.324897766113281,0,2,0,1,1,0.020182235901616725,-0.9791888833262251,-0.9616275731997879,3,0,0,0,206,False,False,
148,0,1431.7845829375872,885.4172510415581,2.036417680405721,82.11408996582031,-4.035030364990234,0,2,0,1,1,-0.7680741009775046,-0.9583433513057882,0.563649143220563,0,0,0,0,136,True,True,collision
219,1,1437.6926627743999,872.8129482555627,0.39983785081945206,69.9503402709961,5.354384422302246,0,2,0,1,1,-0.038647363283013825,-0.9608107760621157,-0.9373217436932871,0,0,0,0,207,False,False,
219,2,1372.9370477303582,870.6965054895967,0.0,132.88954162597656,11.243083953857422,0,4,0,3,3,0.2154622592565842,-0.9416941216364514,-0.5555856377515113,5,0,0,0,207,False,False,
75,3,1422.5987224621422,885.0758087794742,1.351623685195116,80.87918090820312,-0.8136343955993652,0,3,0,2,2,-0.3875970679827775,-0.9018537665931101,0.5044565291591099,0,0,0,0,63,True,True,collision
147,4,1363.4228502860904,888.5286650646251,3.1932137505669194,147.3759307861328,3.369452476501465,0,4,0,3,3,-0.6848343194831532,-0.9519126906328196,0.6611455307842917,0,0,0,0,135,True,True,collision
219,5,1381.1721599347914,869.2412678083107,1.0103972896782538,167.79583740234375,11.484220504760742,0,4,0,3,3,0.0761446560048995,-0.919397927667629,-0.4085822361097723,0,0,0,0,207,False,False,
219,6,1409.1843416704228,870.6939513569977,0.0,119.20482635498047,8.294414520263672,0,3,0,2,2,0.11186320831953557,-0.9415069333523504,-0.7137180988174123,1,0,0,0,207,False,False,
219,7,1430.7631366021642,872.0692940683061,0.02910468090459301,82.48091125488281,5.3201069831848145,0,2,0,1,1,0.020254992166981525,-0.9792663376454797,-0.9616568418805457,4,0,0,0,207,False,False,
148,0,1431.7845829375872,885.4172510415581,2.036417680405721,82.11408996582031,-4.035030364990234,0,2,0,1,1,-0.7680741009775046,-0.9583433513057882,0.563649143220563,0,0,0,0,136,True,True,collision
220,1,1437.3085500674244,872.8279216913597,0.3844044425335876,70.33466339111328,5.36265230178833,0,2,0,1,1,-0.03939235571139964,-0.9618337297498337,-0.9361800328809741,0,0,0,0,208,False,False,
220,2,1372.8812390206351,870.6886605058497,0.05635739393328886,132.9458770751953,11.236690521240234,0,4,0,3,3,0.2155769332764079,-0.9418358208430823,-0.5544582843509043,6,0,0,0,208,False,False,
75,3,1422.5987224621422,885.0758087794742,1.351623685195116,80.87918090820312,-0.8136343955993652,0,3,0,2,2,-0.3875970679827775,-0.9018537665931101,0.5044565291591099,0,0,0,0,63,True,True,collision
147,4,1363.4228502860904,888.5286650646251,3.1932137505669194,147.3759307861328,3.369452476501465,0,4,0,3,3,-0.6848343194831532,-0.9519126906328196,0.6611455307842917,0,0,0,0,135,True,True,collision
220,5,1380.195416555651,869.3110421373185,0.9792323961568573,168.77500915527344,11.496790885925293,0,4,0,3,3,0.07919610271794966,-0.9219895261198567,-0.4136923026435475,0,0,0,0,208,False,False,
220,6,1409.2691714408668,870.6960092509808,-0.08485472810181194,119.28968811035156,8.2869291305542,0,3,0,2,2,0.11133195641256054,-0.9412840771034099,-0.7143920181423942,2,0,0,0,208,False,False,
220,7,1430.4212275044829,872.0781999454063,0.3420250659295606,82.82294464111328,5.329253196716309,0,2,0,1,1,0.01956705302325348,-0.980178019652143,-0.9621397840462328,0,0,0,0,208,False,False,
148,0,1431.7845829375872,885.4172510415581,2.036417680405721,82.11408996582031,-4.035030364990234,0,2,0,1,1,-0.7680741009775046,-0.9583433513057882,0.563649143220563,0,0,0,0,136,True,True,collision
221,1,1436.616434952322,872.8547488839561,0.6926348466659201,71.0273208618164,5.377387046813965,0,2,0,1,1,-0.041245269443490745,-0.9636771330786826,-0.9341527220394803,0,0,0,0,209,False,False,
221,2,1372.514417439298,870.6375261049212,0.37036846449571703,133.31625366210938,11.241456985473633,0,4,0,3,3,0.21848395644837082,-0.9427668169167528,-0.5471080899705596,0,0,0,0,209,False,False,
75,3,1422.5987224621422,885.0758087794742,1.351623685195116,80.87918090820312,-0.8136343955993652,0,3,0,2,2,-0.3875970679827775,-0.9018537665931101,0.5044565291591099,0,0,0,0,63,True,True,collision
147,4,1363.4228502860904,888.5286650646251,3.1932137505669194,147.3759307861328,3.369452476501465,0,4,0,3,3,-0.6848343194831532,-0.9519126906328196,0.6611455307842917,0,0,0,0,135,True,True,collision
221,5,1379.454503110739,869.3598453046286,0.7425190111983038,169.517578125,11.51306438446045,0,4,0,3,3,0.08487088738636683,-0.9239526037519654,-0.4170817094950616,0,0,0,0,209,False,False,
221,6,1409.4904643241537,870.7014302219684,-0.22135927159226423,119.51107025146484,8.292598724365234,0,3,0,2,2,0.11037866903598115,-0.9407026744977474,-0.7161644759929211,0,0,0,0,209,False,False,
221,7,1430.4212275044829,872.0781999454063,0.0,82.82294464111328,5.325161457061768,0,2,0,1,1,0.01956705302325348,-0.980178019652143,-0.9621397840462328,1,0,0,0,209,False,False,
148,0,1431.7845829375872,885.4172510415581,2.036417680405721,82.11408996582031,-4.035030364990234,0,2,0,1,1,-0.7680741009775046,-0.9583433513057882,0.563649143220563,0,0,0,0,136,True,True,collision
222,1,1436.2260318765964,872.8705734142557,0.3907236584789331,71.41802215576172,5.393823623657227,0,2,0,1,1,-0.04362152375680479,-0.9647166297989522,-0.9329232016116206,0,0,0,0,210,False,False,
222,2,1372.514417439298,870.6375261049212,0.0,133.31625366210938,11.238431930541992,0,4,0,3,3,0.21848395644837082,-0.9427668169167528,-0.5471080899705596,1,0,0,0,210,False,False,
75,3,1422.5987224621422,885.0758087794742,1.351623685195116,80.87918090820312,-0.8136343955993652,0,3,0,2,2,-0.3875970679827775,-0.9018537665931101,0.5044565291591099,0,0,0,0,63,True,True,collision
147,4,1363.4228502860904,888.5286650646251,3.1932137505669194,147.3759307861328,3.369452476501465,0,4,0,3,3,-0.6848343194831532,-0.9519126906328196,0.6611455307842917,0,0,0,0,135,True,True,collision
222,5,1378.413005362275,869.429776915265,1.0438428953736314,170.56141662597656,11.525246620178223,0,4,0,3,3,0.08724650976159959,-0.9267110279389559,-0.4219865843887639,0,0,0,0,210,False,False,
222,6,1409.845964044956,870.7107609777519,-0.35562215129815916,119.86666107177734,8.299397468566895,0,3,0,2,2,0.10974553379691467,-0.9397687126943368,-0.719080038232308,0,1,0,0,210,False,False,
222,7,1430.5318722939528,872.075327190924,-0.11068207693736258,82.93357849121094,5.33632755279541,0,2,0,1,1,0.019332396791593473,-0.9798831368593689,-0.9619861190056627,0,0,0,0,210,False,False,
148,0,1431.7845829375872,885.4172510415581,2.036417680405721,82.11408996582031,-4.035030364990234,0,2,0,1,1,-0.7680741009775046,-0.9583433513057882,0.563649143220563,0,0,0,0,136,True,True,collision
223,1,1435.5276877755832,872.8968314622124,0.6988375837792823,72.11688232421875,5.40416145324707,0,2,0,1,1,-0.04408590186103538,-0.9665760158233183,-0.9309690642586579,0,0,0,0,211,False,False,
223,2,1372.202623326407,870.5930406509057,0.31495162239999996,133.6311798095703,11.252391815185547,0,4,0,3,3,0.22374588305359314,-0.9435560038472587,-0.5407316268295301,0,0,0,0,211,False,False,
75,3,1422.5987224621422,885.0758087794742,1.351623685195116,80.87918090820312,-0.8136343955993652,0,3,0,2,2,-0.3875970679827775,-0.9018537665931101,0.5044565291591099,0,0,0,0,63,True,True,collision
147,4,1363.4228502860904,888.5286650646251,3.1932137505669194,147.3759307861328,3.369452476501465,0,4,0,3,3,-0.6848343194831532,-0.9519126906328196,0.6611455307842917,0,0,0,0,135,True,True,collision
223,5,1377.3783811728147,869.4977659896391,1.0368556927802282,171.5981903076172,11.541031837463379,0,4,0,3,3,0.09159708209749813,-0.9294482764756352,-0.4266939287401279,0,0,0,0,211,False,False,
223,6,1409.9928238559448,870.7145686324791,-0.14690916349301508,120.01355743408203,8.30778980255127,0,3,0,2,2,0.1088383502690413,-0.9393827183000871,-0.7202809724745907,0,0,0,0,211,False,False,
223,7,1430.3258628466947,872.0803994320718,0.20607188063850734,83.13969421386719,5.3499369621276855,0,2,0,1,1,0.02075400142432689,-0.9804324973622082,-0.9622422262155218,0,0,0,0,211,False,False,
148,0,1431.7845829375872,885.4172510415581,2.036417680405721,82.11408996582031,-4.035030364990234,0,2,0,1,1,-0.7680741009775046,-0.9583433513057882,0.563649143220563,0,0,0,0,136,True,True,collision
224,1,1434.996201438336,872.917394582474,0.5318839803899021,72.64877319335938,5.413995742797852,0,2,0,1,1,-0.04676127753272112,-0.9679907310100693,-0.9294100523092893,0,0,0,0,212,False,False,
224,2,1372.202623326407,870.5930406509057,0.0,133.6311798095703,11.245201110839844,0,4,0,3,3,0.22374588305359314,-0.9435560038472587,-0.5407316268295301,1,0,0,0,212,False,False,
75,3,1422.5987224621422,885.0758087794742,1.351623685195116,80.87918090820312,-0.8136343955993652,0,3,0,2,2,-0.3875970679827775,-0.9018537665931101,0.5044565291591099,0,0,0,0,63,True,True,collision
147,4,1363.4228502860904,888.5286650646251,3.1932137505669194,147.3759307861328,3.369452476501465,0,4,0,3,3,-0.6848343194831532,-0.9519126906328196,0.6611455307842917,0,0,0,0,135,True,True,collision
224,5,1376.8155887653027,869.535280025134,0.5640413077180189,172.1623077392578,11.556790351867676,0,4,0,3,3,0.09297420250519761,-0.930936919329185,-0.4293221426420931,0,0,0,0,212,False,False,
224,6,1410.0314088477114,870.7155659874472,-0.03859787956052228,120.0521469116211,8.305831909179688,0,3,0,2,2,0.10860358249659802,-0.9392813311664807,-0.720595992239651,1,0,0,0,212,False,False,
224,7,1430.3258628466947,872.0803994320718,0.0,83.13969421386719,5.345314025878906,0,2,0,1,1,0.02075400142432689,-0.9804324973622082,-0.9622422262155218,1,0,0,0,212,False,False,
148,0,1431.7845829375872,885.4172510415581,2.036417680405721,82.11408996582031,-4.035030364990234,0,2,0,1,1,-0.7680741009775046,-0.9583433513057882,0.563649143220563,0,0,0,0,136,True,True,collision
225,1,1434.4624082159344,872.9404081882641,0.534289088727507,73.1830825805664,5.4275312423706055,0,2,0,1,1,-0.05187917289148219,-0.9694110380634946,-0.9275656716158501,0,0,0,0,213,False,False,
225,2,1372.2785244659108,870.603906818186,-0.07667500615805967,133.7078857421875,11.239568710327148,0,4,0,3,3,0.2232569456967566,-0.9433639552137368,-0.5422910032527648,2,0,0,0,213,False,False,
75,3,1422.5987224621422,885.0758087794742,1.351623685195116,80.87918090820312,-0.8136343955993652,0,3,0,2,2,-0.3875970679827775,-0.9018537665931101,0.5044565291591099,0,0,0,0,63,True,True,collision
147,4,1363.4228502860904,888.5286650646251,3.1932137505669194,147.3759307861328,3.369452476501465,0,4,0,3,3,-0.6848343194831532,-0.9519126906328196,0.6611455307842917,0,0,0,0,135,True,True,collision
225,5,1375.9483416940334,869.5886066707034,0.868885040585319,173.0311279296875,11.570876121520996,0,4,0,3,3,0.09957682023934858,-0.933226458178627,-0.4328289815439582,0,0,0,0,213,False,False,
225,6,1410.0015681745476,870.7147939960362,0.029850657373155235,120.08193969726562,8.3062105178833,0,3,0,2,2,0.10875995416755713,-0.9393596208594791,-0.7203540959372969,2,0,0,0,213,False,False,
225,7,1430.4636745255586,872.0770465804289,-0.13785245897500004,83.27754974365234,5.356305122375488,0,2,0,1,1,0.020554143961987216,-0.9800650701767712,-0.9620739286212093,0,0,0,0,213,False,False,
148,0,1431.7845829375872,885.4172510415581,2.036417680405721,82.11408996582031,-4.035030364990234,0,2,0,1,1,-0.7680741009775046,-0.9583433513057882,0.563649143220563,0,0,0,0,136,True,True,collision
226,1,1433.7058959626158,872.975844996729,0.7573417701508334,73.94038391113281,5.439627647399902,0,2,0,1,1,-0.05807522931664077,-0.9714226622850116,-0.9246161632810903,0,0,0,0,214,False,False,
226,2,1372.0413223269688,870.5705828199418,0.2395315085277208,133.94740295410156,11.251264572143555,0,4,0,3,3,0.22406306406887527,-0.9439639267802165,-0.5375031602028155,0,0,0,0,214,False,False,
75,3,1422.5987224621422,885.0758087794742,1.351623685195116,80.87918090820312,-0.8136343955993652,0,3,0,2,2,-0.3875970679827775,-0.9018537665931101,0.5044565291591099,0,0,0,0,63,True,True,collision
147,4,1363.4228502860904,888.5286650646251,3.1932137505669194,147.3759307861328,3.369452476501465,0,4,0,3,3,-0.6848343194831532,-0.9519126906328196,0.6611455307842917,0,0,0,0,135,True,True,collision
226,5,1375.6056570005276,869.6100753260245,0.3433565236376105,173.37445068359375,11.581174850463867,0,4,0,3,3,0.10021129860252055,-0.9341307965984539,-0.4342493719329167,0,0,0,0,214,False,False,
226,6,1410.0015681745476,870.7147939960362,0.0,120.08193969726562,8.306641578674316,0,3,0,2,2,0.10875995416755713,-0.9393596208594791,-0.7203540959372969,3,0,0,0,214,False,False,
226,7,1430.7275792071669,872.0705700418132,-0.263984140673561,83.54154205322266,5.366842269897461,0,2,0,1,1,0.019722305027949954,-0.9793614330279774,-0.9617519659863268,0,0,0,0,214,False,False,
148,0,1431.7845829375872,885.4172510415581,2.036417680405721,82.11408996582031,-4.035030364990234,0,2,0,1,1,-0.7680741009775046,-0.9583433513057882,0.563649143220563,0,0,0,0,136,True,True,collision
227,1,1432.9490388596644,873.0171006508554,0.757980674744041,74.6983413696289,5.454113006591797,0,2,0,1,1,-0.06772495227083306,-0.9734332663625064,-0.9209715175251041,0,0,0,0,215,False,False,
227,2,1372.0413223269688,870.5705828199418,0.0,133.94740295410156,11.245356559753418,0,4,0,3,3,0.22406306406887527,-0.9439639267802165,-0.5375031602028155,1,0,0,0,215,False,False,
75,3,1422.5987224621422,885.0758087794742,1.351623685195116,80.87918090820312,-0.8136343955993652,0,3,0,2,2,-0.3875970679827775,-0.9018537665931101,0.5044565291591099,0,0,0,0,63,True,True,collision
147,4,1363.4228502860904,888.5286650646251,3.1932137505669194,147.3759307861328,3.369452476501465,0,4,0,3,3,-0.6848343194831532,-0.9519126906328196,0.6611455307842917,0,0,0,0,135,True,True,collision
227,5,1375.0615311955262,869.6452994037681,0.5452647314115804,173.91978454589844,11.596137046813965,0,4,0,3,3,0.10110979601999474,-0.9355671341730226,-0.43666501895892995,0,0,0,0,215,False,False,
227,6,1409.6867281379639,870.7064109287933,0.31495162239999996,120.3968734741211,8.321423530578613,0,3,0,2,2,0.11076662170739963,-0.9401869389892371,-0.7177541823590532,0,0,0,0,215,False,False,
227,7,1430.7135614284657,872.0709134759601,0.014021985120852341,83.55558776855469,5.36932373046875,0,2,0,1,1,0.019782643084379162,-0.9793988644084752,-0.9617666021133424,1,0,0,0,215,False,False,
148,0,1431.7845829375872,885.4172510415581,2.036417680405721,82.11408996582031,-4.035030364990234,0,2,0,1,1,-0.7680741009775046,-0.9583433513057882,0.563649143220563,0,0,0,0,136,True,True,collision
228,1,1432.0685907045115,873.0651170660678,0.8817565026933183,75.58014678955078,5.466249465942383,0,2,0,1,1,-0.07430529346343949,-0.9757701472742806,-0.9167193152739535,0,0,0,0,216,False,False,
228,2,1372.1654983057258,870.5882661655131,-0.1254287622950502,134.0727996826172,11.252837181091309,0,4,0,3,3,0.22395034497393201,-0.9436501406084574,-0.5400431857222752,0,0,0,0,216,False,False,
75,3,1422.5987224621422,885.0758087794742,1.351623685195116,80.87918090820312,-0.8136343955993652,0,3,0,2,2,-0.3875970679827775,-0.9018537665931101,0.5044565291591099,0,0,0,0,63,True,True,collision
147,4,1363.4228502860904,888.5286650646251,3.1932137505669194,147.3759307861328,3.369452476501465,0,4,0,3,3,-0.6848343194831532,-0.9519126906328196,0.6611455307842917,0,0,0,0,135,True,True,collision
228,5,1375.0075115594514,869.6487827737354,0.054131829342613666,173.97384643554688,11.587488174438477,0,4,0,3,3,0.10149556819966835,-0.9357094886893486,-0.43690685808891283,1,0,0,0,216,False,False,
228,6,1409.6867281379639,870.7064109287933,0.0,120.3968734741211,8.31946849822998,0,3,0,2,2,0.11076662170739963,-0.9401869389892371,-0.7177541823590532,1,0,0,0,216,False,False,
228,7,1430.7135614284657,872.0709134759601,0.0,83.55558776855469,5.366562366485596,0,2,0,1,1,0.019782643084379162,-0.9793988644084752,-0.9617666021133424,2,0,0,0,216,False,False,
148,0,1431.7845829375872,885.4172510415581,2.036417680405721,82.11408996582031,-4.035030364990234,0,2,0,1,1,-0.7680741009775046,-0.9583433513057882,0.563649143220563,0,0,0,0,136,True,True,collision
229,1,1431.3104017089174,873.1027561228661,0.7591226854971899,76.33926391601562,5.484694480895996,0,2,0,1,1,-0.07767348663576665,-0.9777806477903271,-0.9134990671755923,0,0,0,0,217,False,False,
229,2,1371.9758400753906,870.5613345491607,0.19156084227540496,134.264404296875,11.258390426635742,0,4,0,3,3,0.22570104590423057,-0.9441295901310469,-0.5361852227029656,0,0,0,0,217,False,False,
75,3,1422.5987224621422,885.0758087794742,1.351623685195116,80.87918090820312,-0.8136343955993652,0,3,0,2,2,-0.3875970679827775,-0.9018537665931101,0.5044565291591099,0,0,0,0,63,True,True,collision
147,4,1363.4228502860904,888.5286650646251,3.1932137505669194,147.3759307861328,3.369452476501465,0,4,0,3,3,-0.6848343194831532,-0.9519126906328196,0.6611455307842917,0,0,0,0,135,True,True,collision
229,5,1374.6400656004446,869.672025537531,0.36818033469935896,174.34213256835938,11.595707893371582,0,4,0,3,3,0.10385538505675969,-0.9366787159167944,-0.4384588592762687,0,0,0,0,217,False,False,
229,6,1409.3719232433639,870.6967982918883,0.31495162239999996,120.71183776855469,8.335023880004883,0,3,0,2,2,0.11485798370981432,-0.9410133936211464,-0.7150074215454996,0,0,0,0,217,False,False,
229,7,1430.398680634504,872.0775925512269,0.31495162239999996,83.87047576904297,5.380795955657959,0,2,0,1,1,0.022806496509786535,-0.9802380509602856,-0.962030023813436,0,0,0,0,217,False,False,
148,0,1431.7845829375872,885.4172510415581,2.036417680405721,82.11408996582031,-4.035030364990234,0,2,0,1,1,-0.7680741009775046,-0.9583433513057882,0.563649143220563,0,0,0,0,136,True,True,collision
230,1,1431.075266916292,873.1138668674461,0.23539715237877945,76.57463073730469,5.501654624938965,0,2,0,1,1,-0.07836301703443825,-0.9784036852968335,-0.9125695659119113,0,0,0,0,218,False,False,
230,2,1371.4777106716724,870.4897080853231,0.5032526732868976,134.7677001953125,11.27225399017334,0,4,0,3,3,0.23227532720179941,-0.94538539811316,-0.5259361604156112,0,0,0,0,218,False,False,
75,3,1422.5987224621422,885.0758087794742,1.351623685195116,80.87918090820312,-0.8136343955993652,0,3,0,2,2,-0.3875970679827775,-0.9018537665931101,0.5044565291591099,0,0,0,0,63,True,True,collision
147,4,1363.4228502860904,888.5286650646251,3.1932137505669194,147.3759307861328,3.369452476501465,0,4,0,3,3,-0.6848343194831532,-0.9519126906328196,0.6611455307842917,0,0,0,0,135,True,True,collision
230,5,1373.9646071918971,869.7131458089957,0.6767089022635839,175.018798828125,11.613043785095215,0,4,0,3,3,0.108437711743944,-0.9384577945224017,-0.4411456176862959,0,0,0,0,218,False,False,
230,6,1408.8491416358318,870.6783408223762,0.5231073382726553,121.23499298095703,8.349853515625,0,3,0,2,2,0.12072954611438212,-0.9423840537362616,-0.7101512003396496,0,0,0,0,218,False,False,
230,7,1430.0056100344168,872.0838201273643,0.39311992999265377,84.26358795166016,5.395172119140625,0,2,0,1,1,0.027691355771407366,-0.9812854203107653,-0.9621031973019673,0,0,0,0,218,False,False,
148,0,1431.7845829375872,885.4172510415581,2.036417680405721,82.11408996582031,-4.035030364990234,0,2,0,1,1,-0.7680741009775046,-0.9583433513057882,0.563649143220563,0,0,0,0,136,True,True,collision
231,1,1431.075266916292,873.1138668674461,0.0,76.57463073730469,5.496021747589111,0,2,0,1,1,-0.07836301703443825,-0.9784036852968335,-0.9125695659119113,1,0,0,0,219,False,False,
231,2,1371.2735747654604,870.4601171396206,0.20626946519687128,134.9739227294922,11.285475730895996,0,4,0,3,3,0.2353172521620593,-0.9458986005395194,-0.5217193264225658,0,0,0,0,219,False,False,
75,3,1422.5987224621422,885.0758087794742,1.351623685195116,80.87918090820312,-0.8136343955993652,0,3,0,2,2,-0.3875970679827775,-0.9018537665931101,0.5044565291591099,0,0,0,0,63,True,True,collision
147,4,1363.4228502860904,888.5286650646251,3.1932137505669194,147.3759307861328,3.369452476501465,0,4,0,3,3,-0.6848343194831532,-0.9519126906328196,0.6611455307842917,0,0,0,0,135,True,True,collision
231,5,1373.2671558606814,869.755790038844,0.6987538119780997,175.7174835205078,11.629050254821777,0,4,0,3,3,0.11163109972080432,-0.9402932698786051,-0.44393471464068934,0,0,0,0,219,False,False,
231,6,1408.8460828363961,870.6782328420359,0.0030607047784227087,121.23804473876953,8.346264839172363,0,3,0,2,2,0.12074392008784748,-0.9423920449433987,-0.7101219852579898,1,0,0,0,219,False,False,
231,7,1430.0056100344168,872.0838201273643,0.0,84.26358795166016,5.39734411239624,0,2,0,1,1,0.027691355771407366,-0.9812854203107653,-0.9621031973019673,1,0,0,0,219,False,False,
148,0,1431.7845829375872,885.4172510415581,2.036417680405721,82.11408996582031,-4.035030364990234,0,2,0,1,1,-0.7680741009775046,-0.9583433513057882,0.563649143220563,0,0,0,0,136,True,True,collision
232,1,1431.207451614245,873.107509118018,-0.1323375054572881,76.70686340332031,5.4998698234558105,0,2,0,1,1,-0.07763082720739475,-0.9780537369712395,-0.9131110454391141,0,0,0,0,220,False,False,
232,2,1371.2735747654604,870.4601171396206,0.0,134.9739227294922,11.280167579650879,0,4,0,3,3,0.2353172521620593,-0.9458986005395194,-0.5217193264225658,1,0,0,0,220,False,False,
75,3,1422.5987224621422,885.0758087794742,1.351623685195116,80.87918090820312,-0.8136343955993652,0,3,0,2,2,-0.3875970679827775,-0.9018537665931101,0.5044565291591099,0,0,0,0,63,True,True,collision
147,4,1363.4228502860904,888.5286650646251,3.1932137505669194,147.3759307861328,3.369452476501465,0,4,0,3,3,-0.6848343194831532,-0.9519126906328196,0.6611455307842917,0,0,0,0,135,True,True,collision
232,5,1372.398944080981,869.8060304071688,0.8696641817507522,176.58721923828125,11.644309997558594,0,4,0,3,3,0.11827810288755877,-0.9425741880518281,-0.44706810361417426,0,0,0,0,220,False,False,
232,6,1408.672509864671,870.6721992861269,0.17367780603864633,121.41173553466797,8.359865188598633,0,3,0,2,2,0.1213703402496814,-0.9428468866137695,-0.7085176427648421,0,0,0,0,220,False,False,
232,7,1429.6978026318097,872.0885158483924,0.30784321804390097,84.57148742675781,5.403714656829834,0,2,0,1,1,0.0293526462331834,-0.982105645566149,-0.9621397840462328,0,0,0,0,220,False,False,
148,0,1431.7845829375872,885.4172510415581,2.036417680405721,82.11408996582031,-4.035030364990234,0,2,0,1,1,-0.7680741009775046,-0.9583433513057882,0.563649143220563,0,0,0,0,136,True,True,collision
233,1,1431.0228955262257,873.1162324842095,0.18476213557613394,76.89151763916016,5.512002944946289,0,2,0,1,1,-0.07886899933935815,-0.9785424565827909,-0.9123864142209184,0,0,0,0,221,False,False,
233,2,1370.9618852480066,870.4149046506182,0.31495162239999996,135.28883361816406,11.291487693786621,0,4,0,3,3,0.2390029239928165,-0.9466807295097223,-0.5152546748990308,0,0,0,0,221,False,False,
75,3,1422.5987224621422,885.0758087794742,1.351623685195116,80.87918090820312,-0.8136343955993652,0,3,0,2,2,-0.3875970679827775,-0.9018537665931101,0.5044565291591099,0,0,0,0,63,True,True,collision
147,4,1363.4228502860904,888.5286650646251,3.1932137505669194,147.3759307861328,3.369452476501465,0,4,0,3,3,-0.6848343194831532,-0.9519126906328196,0.6611455307842917,0,0,0,0,135,True,True,collision
233,5,1371.4540399858008,869.8555316744832,0.9461998333090094,177.53346252441406,11.662177085876465,0,4,0,3,3,0.12731262634665308,-0.9450493961539321,-0.44984993967743114,0,0,0,0,221,False,False,
233,6,1408.2772873678543,870.6589290629955,0.3954452184713763,121.80709838867188,8.376053810119629,0,3,0,2,2,0.1228691092353352,-0.9438819830881399,-0.7049361367462494,0,0,0,0,221,False,False,
233,7,1429.2046547546229,872.0974473454392,0.49322875059482685,85.06461334228516,5.4205827713012695,0,2,0,1,1,0.02971383662288992,-0.9834193198786577,-0.962366622575334,0,0,0,0,221,False,False,
148,0,1431.7845829375872,885.4172510415581,2.036417680405721,82.11408996582031,-4.035030364990234,0,2,0,1,1,-0.7680741009775046,-0.9583433513057882,0.563649143220563,0,0,0,0,136,True,True,collision
234,1,1431.0228955262257,873.1162324842095,0.0,76.89151763916016,5.513379096984863,0,2,0,1,1,-0.07886899933935815,-0.9785424565827909,-0.9123864142209184,1,0,0,0,222,False,False,
234,2,1370.3441213056858,870.3237738285555,0.6244494496447341,135.91331481933594,11.304966926574707,0,4,0,3,3,0.24809053929496183,-0.9482249211955142,-0.5022823210564814,0,0,0,0,222,False,False,
75,3,1422.5987224621422,885.0758087794742,1.351623685195116,80.87918090820312,-0.8136343955993652,0,3,0,2,2,-0.3875970679827775,-0.9018537665931101,0.5044565291591099,0,0,0,0,63,True,True,collision
147,4,1363.4228502860904,888.5286650646251,3.1932137505669194,147.3759307861328,3.369452476501465,0,4,0,3,3,-0.6848343194831532,-0.9519126906328196,0.6611455307842917,0,0,0,0,135,True,True,collision
234,5,1370.5403526118619,869.9013733822551,0.9148366408638335,178.44818115234375,11.678035736083984,0,4,0,3,3,0.13465209524408756,-0.9474366860822528,-0.4523025772275814,0,0,0,0,222,False,False,
234,6,1408.2772873678543,870.6589290629955,0.0,121.80709838867188,8.370443344116211,0,3,0,2,2,0.1228691092353352,-0.9438819830881399,-0.7049361367462494,1,0,0,0,222,False,False,
234,7,1429.0184265871271,872.1008835923941,0.18625986728740432,85.25092315673828,5.434618949890137,0,2,0,1,1,0.03040989617945987,-0.9839155961649892,-0.9624617466811153,0,0,0,0,222,False,False,
148,0,1431.7845829375872,885.4172510415581,2.036417680405721,82.11408996582031,-4.035030364990234,0,2,0,1,1,-0.7680741009775046,-0.9583433513057882,0.563649143220563,0,0,0,0,136,True,True,collision
235,1,1430.7082540414185,873.1302060482019,0.31495162239999996,77.20652770996094,5.525791645050049,0,2,0,1,1,-0.08018573889028428,-0.9793760811873973,-0.9112447105551518,0,0,0,0,223,False,False,
235,2,1369.6137204318102,870.2150668487408,0.7384461009569774,136.65170288085938,11.317696571350098,0,4,0,3,3,0.2584720746658307,-0.9500397291689089,-0.48682033913964495,0,0,0,0,223,False,False,
75,3,1422.5987224621422,885.0758087794742,1.351623685195116,80.87918090820312,-0.8136343955993652,0,3,0,2,2,-0.3875970679827775,-0.9018537665931101,0.5044565291591099,0,0,0,0,63,True,True,collision
147,4,1363.4228502860904,888.5286650646251,3.1932137505669194,147.3759307861328,3.369452476501465,0,4,0,3,3,-0.6848343194831532,-0.9519126906328196,0.6611455307842917,0,0,0,0,135,True,True,collision
235,5,1369.7312241423492,869.9409662759015,0.8100965852312364,179.25836181640625,11.694945335388184,0,4,0,3,3,0.1411947481592029,-0.9495463855111221,-0.45435975348645696,0,0,0,0,223,False,False,
235,6,1408.4150678982285,870.6633816909023,-0.13785245897500004,121.94486236572266,8.379755020141602,0,3,0,2,2,0.12127864933475191,-0.9435212957121347,-0.7061663146563775,0,0,0,0,223,False,False,
235,7,1428.520508322917,872.1120874682722,0.4980442999058031,85.74897003173828,5.44959831237793,0,2,0,1,1,0.030340948498503433,-0.9852423420040135,-0.962944899669921,0,0,0,0,223,False,False,
148,0,1431.7845829375872,885.4172510415581,2.036417680405721,82.11408996582031,-4.035030364990234,0,2,0,1,1,-0.7680741009775046,-0.9583433513057882,0.563649143220563,0,0,0,0,136,True,True,collision
236,1,1430.0844129428704,873.1577632418873,0.6244494496447341,77.83091735839844,5.536562442779541,0,2,0,1,1,-0.08704300459718171,-0.9810268171617073,-0.9090051973115721,0,0,0,0,224,False,False,
236,2,1369.1366899818909,870.1454533267973,0.4820830764375618,137.13380432128906,11.327977180480957,0,4,0,3,3,0.2632481174447725,-0.9512196370833451,-0.47688623944497976,0,0,0,0,224,False,False,
75,3,1422.5987224621422,885.0758087794742,1.351623685195116,80.87918090820312,-0.8136343955993652,0,3,0,2,2,-0.3875970679827775,-0.9018537665931101,0.5044565291591099,0,0,0,0,63,True,True,collision
147,4,1363.4228502860904,888.5286650646251,3.1932137505669194,147.3759307861328,3.369452476501465,0,4,0,3,3,-0.6848343194831532,-0.9519126906328196,0.6611455307842917,0,0,0,0,135,True,True,collision
236,5,1369.1209741469024,869.9730129726065,0.6110908669850503,179.8694305419922,11.708779335021973,0,4,0,3,3,0.1435168575615996,-0.9511359876217299,-0.45616788689658416,0,0,0,0,224,False,False,
236,6,1408.235826196877,870.6576022367395,0.17933485325990267,122.12415313720703,8.390753746032715,0,3,0,2,2,0.12226152775740376,-0.9439906839435469,-0.7045626296454981,0,0,0,0,224,False,False,
236,7,1427.874857275313,872.1257421946625,0.6457954218056775,86.39474487304688,5.459930419921875,0,2,0,1,1,0.035318916927294844,-0.9869620694077245,-0.963479061133616,0,0,0,0,224,False,False,
148,0,1431.7845829375872,885.4172510415581,2.036417680405721,82.11408996582031,-4.035030364990234,0,2,0,1,1,-0.7680741009775046,-0.9583433513057882,0.563649143220563,0,0,0,0,136,True,True,collision
237,1,1429.8589278494544,873.1676689447546,0.22570257043760086,78.05671691894531,5.55090856552124,0,2,0,1,1,-0.08972489067614586,-0.9816231833647363,-0.9082073997513916,0,0,0,0,225,False,False,
237,2,1368.5993128656917,870.070157627584,0.5426265818540285,137.67640686035156,11.34097671508789,0,4,0,3,3,0.26732046713118884,-0.9525444270937614,-0.46606579648030877,0,0,0,0,225,False,False,
75,3,1422.5987224621422,885.0758087794742,1.351623685195116,80.87918090820312,-0.8136343955993652,0,3,0,2,2,-0.3875970679827775,-0.9018537665931101,0.5044565291591099,0,0,0,0,63,True,True,collision
147,4,1363.4228502860904,888.5286650646251,3.1932137505669194,147.3759307861328,3.369452476501465,0,4,0,3,3,-0.6848343194831532,-0.9519126906328196,0.6611455307842917,0,0,0,0,135,True,True,collision
237,5,1368.701495065921,869.9944384844689,0.42002589436779897,180.28941345214844,11.717069625854492,0,4,0,3,3,0.14778648526717353,-0.9522265728635566,-0.45733912009205213,0,0,0,0,225,False,False,
237,6,1407.8948784453987,870.6463534405323,0.3411332652414013,122.46527862548828,8.403640747070312,0,3,0,2,2,0.12475037949922504,-0.9448832364611789,-0.7014935310033763,0,0,0,0,225,False,False,
237,7,1427.0508177079357,872.143096068105,0.8242222791981376,87.21902465820312,5.473392486572266,0,2,0,1,1,0.04254616593932939,-0.989156062928762,-0.9641451478437497,0,0,0,0,225,False,False,
148,0,1431.7845829375872,885.4172510415581,2.036417680405721,82.11408996582031,-4.035030364990234,0,2,0,1,1,-0.7680741009775046,-0.9583433513057882,0.563649143220563,0,0,0,0,136,True,True,collision
238,1,1429.6622422582552,873.1760123742598,0.1968624763669017,78.25354766845703,5.565000534057617,0,2,0,1,1,-0.09136761008958401,-0.9821428207956714,-0.9075415202911035,0,0,0,0,226,False,False,
238,2,1368.5772417574722,870.0670706609625,0.022285941329888755,137.69871520996094,11.337777137756348,0,4,0,3,3,0.26748706731629,-0.952598779872119,-0.4656264839803588,1,0,0,0,226,False,False,
75,3,1422.5987224621422,885.0758087794742,1.351623685195116,80.87918090820312,-0.8136343955993652,0,3,0,2,2,-0.3875970679827775,-0.9018537665931101,0.5044565291591099,0,0,0,0,63,True,True,collision
147,4,1363.4228502860904,888.5286650646251,3.1932137505669194,147.3759307861328,3.369452476501465,0,4,0,3,3,-0.6848343194831532,-0.9519126906328196,0.6611455307842917,0,0,0,0,135,True,True,collision
238,5,1367.9749809425866,870.0341232122474,0.7275971749692125,181.01705932617188,11.725802421569824,0,4,0,3,3,0.1516361245335345,-0.9541143606591838,-0.45967472579844937,0,0,0,0,226,False,False,
238,6,1407.4234831742608,870.6320503142604,0.47161221471927606,122.93692779541016,8.41360092163086,0,3,0,2,2,0.12591868144639748,-0.946117017702514,-0.6973916420625368,0,0,0,0,226,False,False,
238,7,1426.3814604863271,872.1540384766703,0.6694466568927022,87.888427734375,5.48749303817749,0,2,0,1,1,0.05449839780229821,-0.990935679902778,-0.9643134454380622,0,0,0,0,226,False,False,
148,0,1431.7845829375872,885.4172510415581,2.036417680405721,82.11408996582031,-4.035030364990234,0,2,0,1,1,-0.7680741009775046,-0.9583433513057882,0.563649143220563,0,0,0,0,136,True,True,collision
239,1,1429.6622422582552,873.1760123742598,0.0,78.25354766845703,5.563989639282227,0,2,0,1,1,-0.09136761008958401,-0.9821428207956714,-0.9075415202911035,1,0,0,0,227,False,False,
239,2,1368.5772417574722,870.0670706609625,0.0,137.69871520996094,11.333045959472656,0,4,0,3,3,0.26748706731629,-0.952598779872119,-0.4656264839803588,2,0,0,0,227,False,False,
75,3,1422.5987224621422,885.0758087794742,1.351623685195116,80.87918090820312,-0.8136343955993652,0,3,0,2,2,-0.3875970679827775,-0.9018537665931101,0.5044565291591099,0,0,0,0,63,True,True,collision
147,4,1363.4228502860904,888.5286650646251,3.1932137505669194,147.3759307861328,3.369452476501465,0,4,0,3,3,-0.6848343194831532,-0.9519126906328196,0.6611455307842917,0,0,0,0,135,True,True,collision
239,5,1367.1426507836854,870.0782105660613,0.8334969635114862,181.85049438476562,11.737459182739258,0,4,0,3,3,0.16037333724589126,-0.956270055244696,-0.4621858506842904,0,0,0,0,227,False,False,
239,6,1407.1401812114352,870.6235136110073,0.2834305513582175,123.22038269042969,8.422929763793945,0,3,0,2,2,0.12756336141469926,-0.9468579774451042,-0.6949379468235202,0,0,0,0,227,False,False,
239,7,1426.2343291522566,872.1564309032403,0.1471507837908693,88.0355453491211,5.498912334442139,0,2,0,1,1,0.05702056312135413,-0.9913264766193948,-0.9643500321823277,0,0,0,0,227,False,False,
148,0,1431.7845829375872,885.4172510415581,2.036417680405721,82.11408996582031,-4.035030364990234,0,2,0,1,1,-0.7680741009775046,-0.9583433513057882,0.563649143220563,0,0,0,0,136,True,True,collision
240,1,1429.7999605014563,873.1699307679693,-0.13785245897500004,78.3913803100586,5.574087619781494,0,2,0,1,1,-0.09061212103929644,-0.9817790744510788,-0.908039098583806,0,0,0,0,228,True,False,max_steps
240,2,1368.7137229684333,870.0864660083433,-0.13785245897500004,137.83656311035156,11.34194564819336,0,4,0,3,3,0.26687866174159275,-0.9522632676990535,-0.4684082628712445,0,0,0,0,228,True,False,max_steps
75,3,1422.5987224621422,885.0758087794742,1.351623685195116,80.87918090820312,-0.8136343955993652,0,3,0,2,2,-0.3875970679827775,-0.9018537665931101,0.5044565291591099,0,0,0,0,63,True,True,collision
147,4,1363.4228502860904,888.5286650646251,3.1932137505669194,147.3759307861328,3.369452476501465,0,4,0,3,3,-0.6848343194831532,-0.9519126906328196,0.6611455307842917,0,0,0,0,135,True,True,collision
240,5,1366.8345560247067,870.0950777267207,0.30855612393675164,182.1590576171875,11.74763011932373,0,4,0,3,3,0.16226350324537514,-0.9570668397246467,-0.4631888827638222,0,0,0,0,228,True,False,max_steps
240,6,1406.6809609200075,870.6082998065561,0.4594722362721003,123.67986297607422,8.435467720031738,0,3,0,2,2,0.13250376461459787,-0.9480573972364393,-0.6907849171966831,0,0,0,0,228,True,False,max_steps
240,7,1425.9064702578487,872.1609714997164,0.3278903348053835,88.36345672607422,5.511882781982422,0,2,0,1,1,0.06511312691333002,-0.9921967923219459,-0.9643280815650777,0,0,0,0,228,True,False,max_steps
