step,car_index,x,y,speed,distance_travelled,total_reward,lap_count,next_goal_idx,progress_delta,checkpoints_reached,checkpoint_streak,heading_error_norm,goal_distance_norm,lateral_offset_norm,no_progress_steps,reverse_speed_steps,reverse_progress_events,heading_away_steps,wall_hugging_steps,done,collided,terminated_reason
1,0,1500.883200699525,870.0053789304432,0.11692309217670731,0.11694470047950745,0.016666755080223083,0,1,0,0,0,0.00029242355847334996,-0.8855212218148018,-0.9403227500413642,0,0,0,0,0,False,False,
1,1,1501.06660768157,869.9969330519565,-0.06667825293493204,0.06672021746635437,-0.005452210083603859,0,1,0,0,0,0.0002957431508289372,-0.8850314487920868,-0.9404163269198511,1,0,0,0,0,False,False,
1,2,1500.685410092872,870.0150902215199,0.31495162239999996,0.31493622064590454,0.016983376815915108,0,1,0,0,0,-0.0009316476460532562,-0.8860491984431178,-0.9405354634215172,0,0,0,0,0,False,False,
1,3,1501.107624570555,869.994925546832,-0.1077441333070881,0.10778512805700302,0.012980693951249123,0,1,0,0,0,-0.0004043857891360858,-0.8849219423591078,-0.9406578230156071,0,0,0,0,0,False,False,
1,4,1500.789732401869,870.0100830701465,0.2105092186279688,0.2105681151151657,0.015712648630142212,0,1,0,0,0,-0.000920167273268804,-0.8857708837751729,-0.9404112671650039,0,0,0,0,0,False,False,
1,5,1501.1044711491693,869.9951504502369,-0.10458364662633655,0.10460337996482849,0.015227274969220161,0,1,0,0,0,5.7647632791852424e-05,-0.884930427009244,-0.940628550761576,0,0,0,0,0,False,False,
1,6,1501.0982555163087,869.9954976118311,-0.09835861926791965,0.09837034344673157,-0.0024265849497169256,0,1,0,0,0,0.00043650087862311517,-0.8849470484538247,-0.9405919604440373,1,0,0,0,0,False,False,
1,7,1501.000069853754,869.9999967509551,-6.992927312219932e-05,0.0001220703125,9.133388812188059e-05,0,1,0,0,0,-3.8488718195771473e-07,-0.8852090441638688,-0.9401474095255802,1,0,0,0,0,False,False,
2,0,1500.883200699525,870.0053789304432,0.0,0.11694470047950745,0.013353000394999981,0,1,0,0,0,0.00029242355847334996,-0.8855212218148018,-0.9403227500413642,1,0,0,0,0,False,False,
2,1,1501.1028329789467,869.9952801217865,-0.03626298868235288,0.10289059579372406,-0.006059147417545319,0,1,0,0,0,0.0005594092946836326,-0.8849349945034248,-0.9406139146345605,2,0,0,0,0,False,False,
2,2,1500.2457641841772,870.0377554507153,0.44022975552143095,0.7552193403244019,0.036037903279066086,0,1,0,0,0,-0.0032425438584981394,-0.8872232711272192,-0.9408805308408924,0,0,0,0,0,False,False,
2,3,1500.8988915395705,870.0047211092843,0.2089627509095642,0.31675368547439575,0.028022311627864838,0,1,0,0,0,-0.00026489468521207176,-0.8854791917925265,-0.9402935242398848,0,0,0,0,0,False,False,
2,4,1500.789732401869,870.0100830701465,0.0,0.2105681151151657,0.01823783665895462,0,1,0,0,0,-0.000920167273268804,-0.8857708837751729,-0.9404112671650039,1,0,0,0,0,False,False,
2,5,1501.3449643639428,869.9836132768255,-0.24076979196406112,0.3453584313392639,0.021029982715845108,0,1,0,0,0,-0.0009236699074263141,-0.8842884142550583,-0.9420116647645419,0,0,0,0,0,False,False,
2,6,1501.1792540535998,869.9918247054459,-0.08108176912615063,0.17938578128814697,-0.0037268465384840965,0,1,0,0,0,0.0007386205390436847,-0.8847310074834212,-0.9410310442545026,2,0,0,0,0,False,False,
2,7,1500.6854770218265,870.0135082167457,0.3148828506095198,0.3151082694530487,0.011251850053668022,0,1,0,0,0,0.002280475994584524,-0.8860490017946183,-0.9407262619171519,0,0,0,0,0,False,False,
3,0,1501.0209157258669,869.9992249102005,-0.13785245897500004,0.2547779381275177,0.027646401897072792,0,1,0,0,0,0.0011567996331564244,-0.8851536670750948,-0.9401455585700641,0,0,0,0,0,False,False,
3,1,1501.2762153792419,869.9877998915817,-0.1735436849211473,0.2765148878097534,0.007458588108420372,0,1,0,0,0,0.002130839228468378,-0.8844719987818785,-0.9415140364460145,0,0,0,0,0,False,False,
3,2,1500.2352971838009,870.0382948287763,0.010480888587030666,0.7656068205833435,0.03296394646167755,0,1,0,0,0,-0.003228620234562148,-0.8872509710132142,-0.9408951419549955,1,0,0,0,0,False,False,
3,3,1500.8988915395705,870.0047211092843,0.0,0.31675368547439575,0.028197569772601128,0,1,0,0,0,-0.00026489468521207176,-0.8854791917925265,-0.9402935242398848,1,0,0,0,0,False,False,
3,4,1500.927425910806,870.0034650612245,-0.13785245897500004,0.3484211266040802,0.027692236006259918,0,1,0,0,0,-0.0009871330593249972,-0.8854032761040449,-0.9402423871271604,0,0,0,0,0,False,False,
3,5,1501.3600858151465,869.9828853112219,-0.015138963650874335,0.3605128526687622,0.019371191039681435,0,1,0,0,0,-0.0010301418137572682,-0.8842480025165127,-0.9420994815266349,1,0,0,0,0,False,False,
3,6,1501.2703955940608,869.9877728095747,-0.09123156393343641,0.27066123485565186,-0.004696517717093229,0,1,0,0,0,0.0012997834899945498,-0.8844876069166813,-0.9415140364460145,3,0,0,0,0,False,False,
3,7,1500.4219474414579,870.0243169914853,0.26375115040619485,0.5787574052810669,0.019610658288002014,0,1,0,0,0,0.003531112958773027,-0.8867520554593167,-0.9412685847368293,0,0,0,0,0,False,False,
4,0,1501.0156452173462,869.9994608022884,0.005275784789396104,0.26003262400627136,0.02873777411878109,0,1,0,0,0,0.0011120964159052468,-0.8851676796032523,-0.9401162863160331,1,0,0,0,0,False,False,
4,1,1501.1321535709087,869.9942792512609,0.14420744336570385,0.42070308327674866,0.023966414853930473,0,1,0,0,0,0.0009693492215395357,-0.8848565001420778,-0.9407383217141924,0,0,0,0,0,False,False,
4,2,1499.910500874057,870.0556331922918,0.3252587611003412,1.090898036956787,0.04435930401086807,0,1,0,0,0,-0.004437803572341497,-0.8881183936067012,-0.9410777862411944,0,0,0,0,0,False,False,
4,3,1501.0365834518443,869.9980699635291,-0.13785245897500004,0.45460963249206543,0.041359446942806244,0,1,0,0,0,-0.0011351618065263993,-0.8851115765551303,-0.9402846017767115,0,0,0,0,0,False,False,
4,4,1500.7482926309665,870.011965511075,0.17933485325990267,0.5276991128921509,0.04462413862347603,0,1,0,0,0,-0.0006019087028726567,-0.8858813505924118,-0.9404697116214165,0,0,0,0,0,False,False,
4,5,1501.0874444967933,869.9952912326999,0.2729234239874408,0.633499264717102,0.028933685272932053,0,1,0,0,0,0.0006502885170470386,-0.8849759658228652,-0.9406139146345605,0,0,0,0,0,False,False,
4,6,1501.497804176884,869.9776583920914,-0.22763340041097868,0.4983038306236267,0.002970364410430193,0,1,0,0,0,0.0012808050423697322,-0.8838805611920832,-0.942728834988302,0,0,0,0,0,False,False,
4,7,1500.3135380798594,870.0286554202899,0.1084961365517603,0.6872424483299255,0.03615046665072441,0,1,0,0,0,0.004175174546716044,-0.8870413425725298,-0.9415032165747735,0,0,0,0,0,False,False,
5,0,1500.6959002088759,870.015359150436,0.32014001298740297,0.5801314115524292,0.043650392442941666,0,1,0,0,0,-0.002057453090423817,-0.8860212716522584,-0.9404258782791071,0,0,0,0,0,False,False,
5,1,1501.0244761763774,869.9992610595173,0.10779257723316324,0.5284853577613831,0.042231835424900055,0,1,0,0,0,0.0001499651443983415,-0.8851439195540164,-0.9401382405065564,0,0,0,0,0,False,False,
5,2,1499.2767592675946,870.0880466107423,0.6345699752251888,1.7255183458328247,0.05741075426340103,0,1,0,0,0,-0.0030652973388545965,-0.8898106943812041,-0.9415981941763537,0,0,0,0,0,False,False,
5,3,1501.30972788604,869.9841791951678,-0.27349741384103204,0.7280321717262268,0.05106274411082268,0,1,0,0,0,-0.002737962970414603,-0.8843824561836344,-0.9419458021929721,0,0,0,0,0,False,False,
5,4,1500.2576619824492,870.0364268180786,0.4912400521178761,1.0189098119735718,0.058066029101610184,0,1,0,0,0,-0.0021534523519126953,-0.8871912382843273,-0.9409535899846813,0,0,0,0,0,False,False,
5,5,1500.5048898995558,870.0222240243619,0.5831768462733702,1.2166403532028198,0.042907100170850754,0,1,0,0,0,0.00018962978622975393,-0.8865310085846324,-0.9409389788705781,0,0,0,0,0,False,False,
5,6,1501.4069315968325,869.9816546128825,0.09096040669352223,0.5892107486724854,0.006069543771445751,0,1,0,0,0,0.0016027113223881567,-0.8841229786961714,-0.9422531608602979,1,0,0,0,0,False,False,
5,7,1500.3135380798594,870.0286554202899,0.0,0.6872424483299255,0.036652643233537674,0,1,0,0,0,0.004175174546716044,-0.8870413425725298,-0.9415032165747735,1,0,0,0,0,False,False,
6,0,1500.6959002088759,870.015359150436,0.0,0.5801314115524292,0.041136808693408966,0,1,0,0,0,-0.002057453090423817,-0.8860212716522584,-0.9404258782791071,1,0,0,0,0,False,False,
6,1,1500.6545293508939,870.0183835876189,0.37044071693912234,0.8989733457565308,0.05986401438713074,0,1,0,0,0,-0.0033229870057905624,-0.8861318744686574,-0.9403592760399855,0,0,0,0,0,False,False,
6,2,1498.5203025250414,870.1214606758044,0.7571943628277992,2.48272442817688,0.07530424743890762,0,1,0,0,0,0.0013905178416071826,-0.8918299057729168,-0.9428663309676549,0,0,0,0,0,False,False,
6,3,1501.587048907271,869.9698218482308,-0.27769242378512715,1.005746603012085,0.06028422713279724,0,1,0,0,0,-0.0032990158929439733,-0.8836418942618784,-0.9436655471172948,0,0,0,0,0,False,False,
6,4,1499.953960263378,870.0511992668912,0.30406078242817025,1.3229796886444092,0.06774473935365677,0,1,0,0,0,-0.001391441403719619,-0.8880020894303918,-0.9412978069650355,0,0,0,0,0,False,False,
6,5,1500.4143338489994,870.0264109252336,0.09065279053226073,1.307314395904541,0.041296642273664474,0,1,0,0,0,0.00018761647954382472,-0.8867728059875589,-0.9410631751270914,1,0,0,0,0,False,False,
6,6,1501.4069315968325,869.9816546128825,0.0,0.5892107486724854,0.0020291698165237904,0,1,0,0,0,0.0016027113223881567,-0.8841229786961714,-0.9422531608602979,2,0,0,0,0,False,False,
6,7,1500.0147722578195,870.0408729156658,0.29901552403264325,0.986322283744812,0.05349470674991608,0,1,0,0,0,0.003644519660148957,-0.8878388765664691,-0.9421112911945515,0,0,0,0,0,False,False,
7,0,1500.5549411687998,870.0226800900929,0.1411490245683326,0.7213127613067627,0.05809403955936432,0,1,0,0,0,-0.0034752353122800943,-0.8863977495638764,-0.9405281596511021,0,0,0,0,0,False,False,
7,1,1500.2764119477224,870.0381252036273,0.3786324101073798,1.2776638269424438,0.07193008810281754,0,1,0,0,0,-0.0036865095830108884,-0.8871416986010597,-0.9406239805451568,0,0,0,0,0,False,False,
7,2,1497.6240024683798,870.1622483453036,0.8972276330757828,3.3798916339874268,0.08337222039699554,0,1,0,0,0,0.0005548824335613113,-0.8942223505519907,-0.9442302922262842,0,0,0,0,0,False,False,
7,3,1501.9450820031348,869.950355223449,-0.35856191545404,1.3643078804016113,0.06680355221033096,0,1,0,0,0,-0.004908832878094118,-0.8826857596825523,-0.9460000093762688,0,1,0,0,0,False,False,
7,4,1499.3407663925539,870.0774435081087,0.6137552308641766,1.9367003440856934,0.0866943895816803,0,1,0,0,0,0.002354323110930068,-0.8896386667159755,-0.9424271363857205,0,0,0,0,0,False,False,
7,5,1500.4143338489994,870.0264109252336,0.0,1.307314395904541,0.04246959835290909,0,1,0,0,0,0.00018761647954382472,-0.8867728059875589,-0.9410631751270914,2,0,0,0,0,False,False,
7,6,1501.5446585922978,869.9757745477824,-0.13785245897500004,0.7270306944847107,0.016509629786014557,0,1,0,0,0,0.002409696116577859,-0.8837554617401027,-0.9429556949570423,0,0,0,0,0,False,False,
7,7,1500.0147722578195,870.0408729156658,0.0,0.986322283744812,0.04900268465280533,0,1,0,0,0,0.003644519660148957,-0.8878388765664691,-0.9421112911945515,1,0,0,0,0,False,False,
8,0,1500.218549545387,870.0403651558302,0.33685617977458027,1.0582005977630615,0.0702124610543251,0,1,0,0,0,-0.003909354915791141,-0.8872961012145537,-0.9407627914890464,0,0,0,0,0,False,False,
8,1,1500.0370610245939,870.0502693923759,0.23965881106876952,1.5172297954559326,0.08722896128892899,0,1,0,0,0,-0.002767470987879506,-0.8877805349548094,-0.9408285432891471,0,0,0,0,0,False,False,
8,2,1497.2532012143085,870.1799608333738,0.3712240593691563,3.7511634826660156,0.09759798645973206,0,1,0,0,0,-0.0008897585495696427,-0.8952124077094351,-0.9446922521317576,0,0,0,0,0,False,False,
8,3,1502.4313945100641,869.9211593745547,-0.4871881073964367,1.8515139818191528,0.06999831646680832,0,1,0,0,0,-0.008409274279894576,-0.8813866594204973,-0.9495053617964839,0,2,0,0,0,False,False,
8,4,1498.774476617827,870.1004870089511,0.5667584246318933,2.5034518241882324,0.10210643708705902,0,1,0,0,0,0.003745264029697637,-0.8911499776964158,-0.9436140633970702,0,0,0,0,0,False,False,
8,5,1500.0997101939145,870.0407803411392,0.31495162239999996,1.6222164630889893,0.05882859230041504,0,1,0,0,0,0.0005501634805243485,-0.8876125443411609,-0.9415397461466679,0,0,0,0,0,False,False,
8,6,1501.365492303775,869.9835482631569,0.17933485325990267,0.9063974618911743,0.029372412711381912,0,1,0,0,0,0.0019767700029149184,-0.8842337706834161,-0.9420263008915574,0,0,0,0,0,False,False,
8,7,1499.794843943645,870.0498655375527,0.2201120865013551,1.206475853919983,0.06130681931972504,0,1,0,0,0,0.0036668055330200864,-0.8884259428189963,-0.942573251100025,0,0,0,0,0,False,False,
9,0,1500.217545130855,870.0404179629106,0.0010058017400753053,1.0591790676116943,0.06908492743968964,0,1,0,0,0,-0.0039109488378572775,-0.887298710127074,-0.9407627914890464,1,0,0,0,0,False,False,
9,1,1500.0370610245939,870.0502693923759,0.0,1.5172297954559326,0.0835171490907669,0,1,0,0,0,-0.002767470987879506,-0.8877805349548094,-0.9408285432891471,1,0,0,0,0,False,False,
9,2,1496.7942031067103,870.201720570797,0.4595136003988646,4.210664749145508,0.11289791017770767,0,1,0,0,0,-0.0006686979793370382,-0.8964377437437874,-0.9452784082937443,0,0,0,0,0,False,False,
9,3,1503.0469263041934,869.8812204788272,-0.6168261545817272,2.46828556060791,0.06836670637130737,0,1,0,0,0,-0.011328086560106322,-0.879742198337566,-0.9542913753305564,0,3,0,0,0,False,False,
9,4,1498.426576957271,870.1136854127185,0.348149927009946,2.8516042232513428,0.1178741604089737,0,1,0,0,0,0.005542795332376235,-0.8920783502944896,-0.9444503129501253,0,0,0,0,0,False,False,
9,5,1499.685983458513,870.0582847891969,0.41409686944937546,2.036283493041992,0.07346262782812119,0,1,0,0,0,0.0027131431159950303,-0.8887167131946662,-0.9423167008042895,0,0,0,0,0,False,False,
9,6,1501.0104545404527,869.9983714827094,0.35534707149891326,1.2616876363754272,0.04283124953508377,0,1,0,0,0,0.0030418730566680098,-0.8851812005558408,-0.9402789131257816,0,0,0,0,0,False,False,
9,7,1499.794843943645,870.0498655375527,0.0,1.206475853919983,0.05466989800333977,0,1,0,0,0,0.0036668055330200864,-0.8884259428189963,-0.942573251100025,1,0,0,0,0,False,False,
10,0,1500.217545130855,870.0404179629106,0.0,1.0591790676116943,0.07010333985090256,0,1,0,0,0,-0.0039109488378572775,-0.887298710127074,-0.9407627914890464,2,0,0,0,0,False,False,
10,1,1500.0905523009628,870.0475610252568,-0.05355979742325855,1.5707670450210571,0.08261455595493317,0,1,0,0,0,-0.0026960940444865854,-0.8876377705978882,-0.9407920137172526,2,0,0,0,0,False,False,
10,2,1496.3859598012127,870.2212659262884,0.4087109215629621,4.619334697723389,0.1295568197965622,0,1,0,0,0,-0.0009771249670459763,-0.8975275294895405,-0.9457768977711123,0,0,0,0,0,False,False,
10,3,1503.7476250524019,869.8360141149338,-0.7021555034870618,3.170549154281616,0.06741452217102051,0,1,0,0,0,-0.010923814046009915,-0.8778697762119027,-0.9597140603898036,0,4,0,0,0,False,False,
10,4,1498.2197984558522,870.1210490483558,0.20690957391774595,3.058521032333374,0.13611218333244324,0,1,0,0,0,0.007058386775776803,-0.8926300934491096,-0.9450145542275938,0,0,0,0,0,False,False,
10,5,1499.5238200260687,870.0648250596772,0.1622952678300332,2.198646306991577,0.0916658416390419,0,1,0,0,0,0.003985829249993521,-0.889149672117495,-0.9426690755673529,0,0,0,0,0,False,False,
10,6,1500.438774253835,870.0209527809528,0.5721260919917046,1.8339107036590576,0.056767240166664124,0,1,0,0,0,0.004532964872878943,-0.8867070907242598,-0.9415543572607711,0,0,0,0,0,False,False,
10,7,1499.667673183291,870.0548798062538,0.12726957680297213,1.3336496353149414,0.07160972058773041,0,1,0,0,0,0.004608524834091554,-0.8887650637619299,-0.9428517198535519,0,0,0,0,0,False,False,
11,0,1500.3005932192152,870.0361297460925,-0.08315872644402754,1.1422967910766602,0.06975662708282471,0,1,0,0,0,-0.003308074954395579,-0.8870770657579092,-0.9406970396889457,3,0,0,0,0,False,False,
11,1,1499.8286165004731,870.0608248044996,0.26227140793074405,1.8330676555633545,0.09876959770917892,0,1,0,0,0,-0.002717162715127112,-0.8883372320266236,-0.941019341784782,0,0,0,0,0,False,False,
11,2,1496.3859598012127,870.2212659262884,0.0,4.619334697723389,0.1321278065443039,0,1,0,0,0,-0.0009771249670459763,-0.8975275294895405,-0.9457768977711123,1,0,0,0,0,False,False,
11,3,1504.466819880197,869.7922604289307,-0.7205245210026743,3.890995740890503,0.06860081851482391,0,1,0,0,0,-0.008457584168335882,-0.8759487580499202,-0.9649611119248646,0,5,0,0,0,False,False,
11,4,1497.7017455615958,870.1380723319336,0.5183325124197401,3.57686710357666,0.15234413743019104,0,1,0,0,0,0.008922521284978934,-0.8940122161553106,-0.9465757708865251,0,0,0,0,0,False,False,
11,5,1499.049707837185,870.0839218120702,0.47449663181114937,2.673152208328247,0.10302954167127609,0,1,0,0,0,0.004065420950547289,-0.8904149955841875,-0.9436806656361918,0,0,0,0,0,False,False,
11,6,1500.345389581758,870.0246813299904,0.09345907690989969,1.9273686408996582,0.056360404938459396,0,1,0,0,0,0.0042710922181489275,-0.8869563063093072,-0.9417524631000941,1,0,0,0,0,False,False,
11,7,1499.289186158863,870.0678910966064,0.3787106036764894,1.7124128341674805,0.08368683606386185,0,1,0,0,0,0.007892395842922421,-0.8897750216784535,-0.9439372123586541,0,0,0,0,0,False,False,
12,0,1500.2831178172553,870.0370364455301,0.017498907895356127,1.1597768068313599,0.07269654422998428,0,1,0,0,0,-0.0034677352330738306,-0.8871236783748432,-0.9407043470326338,4,0,0,0,0,False,False,
12,1,1499.2566781243881,870.0906398265947,0.57271497411999,2.4057421684265137,0.11687716096639633,0,1,0,0,0,-0.0037150489246212397,-0.8898643388335066,-0.9414374683479461,0,0,0,0,0,False,False,
12,2,1496.1976369812155,870.2301053240382,0.1885301553712687,4.807897090911865,0.14618562161922455,0,1,0,0,0,-0.00038254595735085986,-0.8980303621696102,-0.9460261442964328,0,0,0,0,0,False,False,
12,3,1504.8602456642234,869.7687514101274,-0.3941275447135282,4.285129547119141,0.07523759454488754,0,1,0,0,0,-0.007705868627338456,-0.8748978120352058,-0.9677785663753505,0,6,0,0,0,False,False,
12,4,1497.4152484265126,870.1477940182026,0.2866620302634298,3.863530397415161,0.1633211076259613,0,1,0,0,0,0.008300456299624177,-0.894776586623913,-0.9474111700005592,0,0,0,0,0,False,False,
12,5,1498.3717583237133,870.1079880859737,0.6783765387719378,3.3515570163726807,0.11583966761827469,0,1,0,0,0,0.007223872307425457,-0.8922239601122841,-0.9455203474753767,0,0,0,0,0,False,False,
12,6,1500.345389581758,870.0246813299904,0.0,1.9273686408996582,0.05660729482769966,0,1,0,0,0,0.0042710922181489275,-0.8869563063093072,-0.9417524631000941,2,0,0,0,0,False,False,
12,7,1499.289186158863,870.0678910966064,0.0,1.7124128341674805,0.08638167381286621,0,1,0,0,0,0.007892395842922421,-0.8897750216784535,-0.9439372123586541,1,0,0,0,0,False,False,
13,0,1500.2583110423268,870.0383313738937,0.024840549950077874,1.184590220451355,0.0738128051161766,0,1,0,0,0,-0.0036705081332216753,-0.8871898465152562,-0.9407262619171519,5,0,0,0,1,False,False,
13,1,1498.8734091138351,870.1111323128775,0.38381646192459473,2.789591073989868,0.1357051581144333,0,1,0,0,0,-0.004607414045136693,-0.8908879093635156,-0.941650181728099,0,0,0,0,1,False,False,
13,2,1496.1976369812155,870.2301053240382,0.0,4.807897090911865,0.14875832200050354,0,1,0,0,0,-0.00038254595735085986,-0.8980303621696102,-0.9460261442964328,1,0,0,0,1,False,False,
13,3,1505.336083501478,869.7391153399683,-0.47675983893109747,4.7618794441223145,0.07732592523097992,0,1,0,0,0,-0.009215585118299587,-0.8736266120043326,-0.9713278271766121,0,7,0,0,1,False,False,
13,4,1497.2654776917598,870.1528013704122,0.1498544179012371,4.013394355773926,0.17090262472629547,0,1,0,0,0,0.008650973552789765,-0.8951761867491155,-0.9478512150215146,0,0,0,0,1,False,False,
13,5,1497.6379366732838,870.13550100116,0.7343372352952832,4.0858378410339355,0.12770426273345947,0,1,0,0,0,0.00606608092215879,-0.8941819553594946,-0.9473308106596285,0,0,0,0,1,False,False,
13,6,1500.0307270782912,870.0381733040641,0.31495162239999996,2.2422327995300293,0.0729261264204979,0,1,0,0,0,0.0024136736106400904,-0.8877959383437721,-0.9423313154916658,0,0,0,0,1,False,False,
13,7,1499.060462529144,870.0750564402839,0.2288358384122562,1.9412859678268433,0.10444428026676178,0,1,0,0,0,0.00988592035101874,-0.8903852782583381,-0.9446630299035513,0,0,0,0,1,False,False,
14,0,1500.189833977695,870.0419077462019,0.06857039316990535,1.2531663179397583,0.06839832663536072,0,1,0,0,0,-0.00369382065766912,-0.8873727125478232,-0.9407700952594613,6,0,0,0,2,False,False,
14,1,1498.1822189961204,870.1457743856026,0.6920576941477846,3.481619119644165,0.151089146733284,0,1,0,0,0,-0.002523763823876695,-0.8927333033565304,-0.9423167008042895,0,0,0,0,2,False,False,
14,2,1496.3353387062225,870.2236605295857,-0.13785245897500004,4.945744514465332,0.15422260761260986,0,1,0,0,0,-0.0002953655220466089,-0.8976627696563934,-0.9458426495712129,0,0,0,0,2,False,False,
14,3,1505.5137149981636,869.7281711783583,-0.17796832102403135,4.939831256866455,0.08069880306720734,0,1,0,0,0,-0.008757049301643999,-0.8731521206377413,-0.9726450786080083,0,0,0,0,2,False,False,
14,4,1496.9813711799914,870.1624021550813,0.2842686846901998,4.2977375984191895,0.18579059839248657,0,1,0,0,0,0.008483103250814377,-0.8959343700416331,-0.9486793103651336,0,0,0,0,2,False,False,
14,5,1496.8570652157707,870.1700830338493,0.7816368403187505,4.867487907409668,0.14665701985359192,0,1,0,0,0,0.0017829705926310957,-0.896266348221138,-0.9486208659087211,0,0,0,0,2,False,False,
14,6,1499.535733541129,870.060764794611,0.49550880645800277,2.737745523452759,0.08943839371204376,0,1,0,0,0,0.0006655801633456803,-0.8891173051902088,-0.9430644332337048,0,0,0,0,2,False,False,
14,7,1498.8801115499612,870.0803824694492,0.18042960477380912,2.121661901473999,0.12165997177362442,0,1,0,0,0,0.011077091475708142,-0.8908662078453778,-0.9452857156374325,0,0,0,0,2,False,False,
15,0,1500.189833977695,870.0419077462019,0.0,1.2531663179397583,0.06487075239419937,0,1,0,0,0,-0.00369382065766912,-0.8873727125478232,-0.9407700952594613,7,0,0,0,3,False,False,
15,1,1497.2905249881426,870.1847177131615,0.8925439970247139,4.374192714691162,0.169810488820076,0,1,0,0,0,0.0016066064496085472,-0.8951134918302014,-0.9438560025787026,0,0,0,0,3,False,False,
15,2,1496.6085482808085,870.2111160593977,-0.27349741384103204,5.219224452972412,0.16157807409763336,0,1,0,0,0,0.0002659269040991477,-0.8969334904601334,-0.9454399845611728,0,0,0,0,3,False,False,
15,3,1505.4253324180975,869.7335798793249,0.08854792208339617,5.028377056121826,0.07534980028867722,0,1,0,0,0,-0.00850990840114068,-0.8733882205713399,-0.971993770955818,1,0,0,0,3,False,False,
15,4,1496.5202560103212,870.1776757870496,0.4613680564728249,4.759049415588379,0.20268382132053375,0,1,0,0,0,0.009015728110227252,-0.8971644129800422,-0.950057882737866,0,0,0,0,3,False,False,
15,5,1495.9023720847558,870.2145527813708,0.9557282735442264,5.823233127593994,0.1631590574979782,0,1,0,0,0,0.00033459814681388405,-0.8988150021046425,-0.9499482975954558,0,0,0,0,3,False,False,
15,6,1499.3365486120967,870.0697725804969,0.19938850558676194,2.937166213989258,0.10568074136972427,0,1,0,0,0,0.0009353932501795726,-0.8896490929620304,-0.943379431559126,0,0,0,0,3,False,False,
15,7,1498.659336227755,870.0862512328963,0.2208533116792369,2.342564821243286,0.13669505715370178,0,1,0,0,0,0.013023433433301711,-0.8914551591185331,-0.9461138109810516,0,0,0,0,3,False,False,
16,0,1500.2656252794716,870.0379877938877,-0.07589260471970571,1.3290756940841675,0.06254968047142029,0,1,0,0,0,-0.0033652022751994083,-0.8871702909910822,-0.940718958146737,8,0,0,0,4,False,False,
16,1,1496.198380703103,870.2355242490933,1.0933254060148987,5.467538833618164,0.1836039423942566,0,1,0,0,0,-0.0002082461710611167,-0.8980290805766719,-0.9453733823220513,0,0,0,0,4,False,False,
16,2,1497.0150661102246,870.1939470268902,-0.40688022968731496,5.62608003616333,0.163696750998497,0,1,0,0,0,0.002577240756811092,-0.8958485508419765,-0.9446630299035513,0,1,0,0,4,False,False,
16,3,1505.2267638525334,869.7457085896037,0.1989386358734923,5.227234840393066,0.08981083333492279,0,1,0,0,0,-0.008472280559280421,-0.8739184599699491,-0.9705374763177745,0,0,0,0,4,False,False,
16,4,1496.0573337008307,870.1927956444056,0.46316916424834087,5.222187519073486,0.22104740142822266,0,1,0,0,0,0.009422060463077427,-0.89839931483299,-0.9514729846824926,0,0,0,0,4,False,False,
16,5,1494.953817422716,870.2663844442856,0.9499697196007307,6.773133754730225,0.17812183499336243,0,1,0,0,0,-0.004907799171921409,-0.9013479976683038,-0.9503436552618078,0,0,0,0,4,False,False,
16,6,1498.9250003434165,870.0888240125661,0.4119889980540642,3.3491055965423584,0.12096219509840012,0,1,0,0,0,0.0002590273116630391,-0.890747597969709,-0.9439591308164454,0,0,0,0,4,False,False,
16,7,1498.1274630437574,870.0992081133561,0.5320309808712226,2.874582529067993,0.15026737749576569,0,1,0,0,0,0.014628322225001966,-0.8928735023996656,-0.9482693415846786,0,0,0,0,4,False,False,
17,0,1500.436248844386,870.0293010193091,-0.1708445520252971,1.4999499320983887,0.07371903955936432,0,1,0,0,0,-0.0028407475700371757,-0.886714630655522,-0.9405646856497234,0,0,0,0,5,False,False,
17,1,1495.0802502251358,870.2983138015874,1.1198920901863414,6.587465286254883,0.20365048944950104,0,1,0,0,0,-0.0065175556502219305,-0.9010153989507254,-0.945637239961475,0,0,0,0,5,False,False,
17,2,1497.5526074285742,870.172941112446,-0.5379515938955028,6.164090156555176,0.1618528515100479,0,1,0,0,0,0.0045219993832259,-0.8944138935570456,-0.9434460302249744,0,2,0,0,5,False,False,
17,3,1504.7203244779507,869.7747605940546,0.5072719774345248,5.734537124633789,0.10534690320491791,0,1,0,0,0,-0.006181500148534901,-0.8752712030984916,-0.9670540780880827,0,0,0,0,5,False,False,
17,4,1495.2879420659751,870.2216871695624,0.7699338984689382,5.992137908935547,0.23781374096870422,0,1,0,0,0,0.006443823261059517,-0.9004524128091662,-0.9533711145513633,0,0,0,0,5,False,False,
17,5,1493.9814898052598,870.3280943955463,0.9742838979232192,7.747501850128174,0.19588539004325867,0,1,0,0,0,-0.010789423865910268,-0.9039459494055252,-0.9497282768716148,0,0,0,0,5,False,False,
17,6,1498.8935787847352,870.0902822075014,0.03145537604978959,3.38063383102417,0.12329892069101334,0,1,0,0,0,0.00018582979799046167,-0.8908316731371704,-0.9440029677320281,1,0,0,0,5,False,False,
17,7,1497.8010003029704,870.1076316373648,0.32657139629635695,3.2011072635650635,0.1655849814414978,0,1,0,0,0,0.013823515094812756,-0.8937440312852822,-0.949530174605565,0,0,0,0,5,False,False,
18,0,1500.669242000432,870.0176838762911,-0.23328259424170306,1.7331485748291016,0.08594594895839691,0,1,0,0,0,-0.0021614292523894265,-0.8860927709685789,-0.9403373611554673,0,0,0,0,6,False,False,
18,1,1494.4305079772191,870.3398218780179,0.6510667470672316,7.238448143005371,0.2217472493648529,0,1,0,0,0,-0.01162357651148227,-0.9027510682425921,-0.9451907416091255,0,0,0,0,6,False,False,
18,2,1498.2189351861175,870.1516606603043,-0.666667486919852,6.830810546875,0.1614130586385727,0,1,0,0,0,0.008911537582816702,-0.8926361515928598,-0.941348947651033,0,3,0,0,6,False,False,
18,3,1503.937458806609,869.8158645934449,0.783944001910371,6.518450736999512,0.12357781082391739,0,1,0,0,0,-0.00314883422796173,-0.8773616152259869,-0.962129021347363,0,0,0,0,6,False,False,
18,4,1494.2917134736822,870.256464100303,0.9968354142051944,6.988961219787598,0.2525070905685425,0,1,0,0,0,0.008346551683490272,-0.9031103858660773,-0.9561347197747683,0,0,0,0,6,False,False,
18,5,1493.026281329029,870.4004130204798,0.9579421780960568,8.705436706542969,0.21517500281333923,0,1,0,0,0,-0.019053044161005537,-0.9064993272642379,-0.9477197114213132,0,0,0,0,6,False,False,
18,6,1498.548105213277,870.1071258961109,0.34588393779126286,3.726503372192383,0.14132416248321533,0,1,0,0,0,-0.001316675364355054,-0.8917539897426185,-0.9443910180546917,0,0,0,0,6,False,False,
18,7,1497.3584324886538,870.1197297112819,0.44273314045989964,3.6439008712768555,0.18013855814933777,0,1,0,0,0,0.01299144940441263,-0.8949245734969774,-0.9511571394913237,0,0,0,0,6,False,False,
19,0,1501.0361953064757,870.0007163277407,-0.3673453777036142,2.1006059646606445,0.08853137493133545,0,1,0,0,0,0.00013749539040254098,-0.8851128846156705,-0.9399626069823702,0,1,0,0,7,False,False,
19,1,1493.999394013681,870.3700857017474,0.4321749050838211,7.670657634735107,0.2386675775051117,0,1,0,0,0,-0.015812406664260457,-0.9039032793897392,-0.9445745127799117,0,0,0,0,7,False,False,
19,2,1499.0117231775898,870.1338011429253,-0.7929891309367599,7.62373685836792,0.16001272201538086,0,1,0,0,0,0.01460997328681262,-0.8905222476391207,-0.9379772678078501,0,4,0,0,7,False,False,
19,3,1502.8539266584646,869.8599550189907,1.08442882739583,7.602967262268066,0.14099428057670593,0,1,0,0,0,0.0044599664770042105,-0.8802535900697472,-0.9568380614312554,0,0,0,0,7,False,False,
19,4,1493.2654101123946,870.2864065648939,1.0267400550166979,8.015764236450195,0.2724129557609558,0,1,0,0,0,0.012342298475426597,-0.9058480248448006,-0.959697194540313,0,0,0,0,7,False,False,
19,5,1491.777057494421,870.5187024658202,1.2548117714748968,9.960169792175293,0.23632213473320007,0,1,0,0,0,-0.03220092733265353,-0.9098411564081068,-0.9422509490041888,0,0,0,0,7,False,False,
19,6,1498.0944692094342,870.1296981880298,0.45419723947295654,4.180678367614746,0.1579788625240326,0,1,0,0,0,-0.001976106250349277,-0.8929651174163348,-0.9448456741897503,0,0,0,0,7,False,False,
19,7,1497.1995892245493,870.1239495073354,0.15889930531664426,3.8027701377868652,0.19197770953178406,0,1,0,0,0,0.013536179598360655,-0.8953481291756303,-0.9517587607797077,0,0,0,0,7,False,False,
20,0,1501.3079553998125,869.9891335445767,-0.27200681828991874,2.372581958770752,0.09595870226621628,0,1,0,0,0,0.0024209530178369376,-0.8843876207750072,-0.9413530390488438,0,0,0,0,8,False,False,
20,1,1493.999394013681,870.3700857017474,0.0,7.670657634735107,0.2372368425130844,0,1,0,0,0,-0.015812406664260457,-0.9039032793897392,-0.9445745127799117,1,0,0,0,8,False,False,
20,2,1499.809176369369,870.115915882329,-0.7976537316564656,8.421422958374023,0.15429656207561493,0,1,0,0,0,0.01439360259482372,-0.8883956397919123,-0.934561761768904,0,5,0,0,8,False,False,
20,3,1501.6844842327064,869.8885418660296,1.1697917742003345,8.772749900817871,0.16067977249622345,0,1,0,0,0,0.015187562722949919,-0.8833721438983974,-0.9534132077096257,0,0,0,0,8,False,False,
20,4,1492.3804641084835,870.3125842935425,0.8853331030271555,8.901039123535156,0.28956642746925354,0,1,0,0,0,0.012394604892228106,-0.9082083224120386,-0.9627246538298685,0,0,0,0,8,False,False,
20,5,1490.2706461942096,870.6650700729082,1.5135053623323167,11.473738670349121,0.25104960799217224,0,1,0,0,0,-0.035343127489837416,-0.9138713928734116,-0.9352063659605765,0,0,0,0,8,False,False,
20,6,1497.851703265306,870.1422734166764,0.24309142313948875,4.423801422119141,0.16682393848896027,0,1,0,0,0,-0.0032921193262366285,-0.8936134373435145,-0.945029165341697,0,0,0,0,8,False,False,
20,7,1496.903592013332,870.1309305875974,0.2960795239967279,4.098872184753418,0.20894108712673187,0,1,0,0,0,0.015550342437484864,-0.8961374999322107,-0.9529903679991145,0,0,0,0,8,False,False,
21,0,1501.604875784735,869.9778442328845,-0.29713492480857556,2.6696715354919434,0.1061665415763855,0,1,0,0,0,0.0053083350501320105,-0.8835954093345895,-0.9427068807977786,0,0,0,0,9,False,False,
21,1,1493.9175411003614,870.3759103770581,0.0820598943538956,7.752776145935059,0.23863725364208221,0,1,0,0,0,-0.016459290686574944,-0.904122186884538,-0.9444430091797102,2,0,0,0,9,False,False,
21,2,1500.5728571445443,870.0996916310191,-0.7638530962842826,9.185267448425293,0.15096470713615417,0,1,0,0,0,0.014875177247234698,-0.8863592867489767,-0.9311965388303882,0,6,0,0,9,False,False,
21,3,1500.6083990096856,869.8975351793052,1.0761228028842884,9.848836898803711,0.17778947949409485,0,1,0,0,0,0.026067660097156893,-0.8862393614250079,-0.9551450481637206,0,0,0,0,9,False,False,
21,4,1491.8102213585396,870.327596266296,0.570440315185942,9.471549034118652,0.3048212230205536,0,1,0,0,0,0.014709304771102754,-0.9097292834141155,-0.9648947955475987,0,0,0,0,9,False,False,
21,5,1488.7296156599164,870.8006351504434,1.5469818996584366,13.020705223083496,0.2711586058139801,0,1,0,0,0,-0.031025979114285306,-0.917991973906627,-0.9297083777419726,0,0,0,0,9,False,False,
21,6,1497.2985381199976,870.1703254494824,0.5538759739587019,4.977613925933838,0.17215277254581451,0,1,0,0,0,-0.0026383882926618676,-0.8950902584583607,-0.9455203474753767,0,0,0,0,9,False,False,
21,7,1496.903027029866,870.130943912667,0.0005651405790605497,4.099360466003418,0.20475134253501892,0,1,0,0,0,0.015550769073596232,-0.8961388005153758,-0.9529903679991145,1,0,0,0,9,False,False,
22,0,1501.7346434103831,869.9731499243327,-0.12985250555593286,2.7995173931121826,0.11880796402692795,0,1,0,0,0,0.006463167838692306,-0.883249171553798,-0.9432703716878759,0,0,0,0,10,False,False,
22,1,1493.9175411003614,870.3759103770581,0.0,7.752776145935059,0.23385439813137054,0,1,0,0,0,-0.016459290686574944,-0.904122186884538,-0.9444430091797102,3,0,0,0,10,False,False,
22,2,1501.1934159549787,870.0890198825305,-0.6206505646688338,9.805841445922852,0.15267285704612732,0,1,0,0,0,0.017199946920319713,-0.8847050384331249,-0.9293733690866474,0,7,0,0,10,False,False,
22,3,1499.2380593438252,869.879898629233,1.370453154153375,11.219311714172363,0.19914017617702484,0,1,0,0,0,0.04089388105451867,-0.8898866652048056,-0.9667929254164693,0,0,0,0,10,False,False,
22,4,1491.24935749538,870.3434622984834,0.561088231899027,10.032564163208008,0.31457585096359253,0,1,0,0,0,0.01368728743827603,-0.9112249850146651,-0.9668960536542122,0,0,0,0,10,False,False,
22,5,1487.723580292207,870.8781727596571,1.0090189502305118,14.029668807983398,0.28913629055023193,0,1,0,0,0,-0.02495319989258841,-0.9206805461314378,-0.9274286508818324,0,0,0,0,10,False,False,
22,6,1496.8559265333568,870.1913595495857,0.44311110344454163,5.420738697052002,0.1888173669576645,0,1,0,0,0,-0.0006193481536636606,-0.8962719237340259,-0.9460845887528453,0,0,0,0,10,False,False,
22,7,1496.903027029866,870.130943912667,0.0,4.099360466003418,0.20604173839092255,0,1,0,0,0,0.015550769073596232,-0.8961388005153758,-0.9529903679991145,2,0,0,0,10,False,False,
23,0,1501.547569421336,869.9802211220605,0.18720758322073183,2.9866631031036377,0.13541483879089355,0,1,0,0,0,0.005453726354158385,-0.8837482087559305,-0.9424214763209762,0,0,0,0,11,False,False,
23,1,1493.6033800675432,870.3982121687131,0.31495162239999996,8.067651748657227,0.24753069877624512,0,1,0,0,0,-0.016494538762697807,-0.9049615781229446,-0.9439664381601336,0,0,0,0,11,False,False,
23,2,1501.4893050872492,870.0846392719566,-0.29592155775606116,10.10177230834961,0.16290117800235748,0,1,0,0,0,0.018595352711735322,-0.883916226766794,-0.9299002696592058,0,0,0,0,11,False,False,
23,3,1497.789089684481,869.8260508629154,1.4499698809413581,12.669285774230957,0.21943505108356476,0,1,0,0,0,0.05839605759187837,-0.8937375808768381,-0.9833160997940308,0,0,0,0,11,False,False,
23,4,1490.5344248733252,870.3612254738396,0.7151532594324851,10.747750282287598,0.31951281428337097,0,1,0,0,0,0.01622597840790421,-0.9131315424314257,-0.969747325562236,0,0,0,0,11,False,False,
23,5,1487.243663333916,870.9119426350732,0.48110361809188135,14.510834693908691,0.3056400418281555,0,1,0,0,0,-0.021046819595053043,-0.9219629668838902,-0.9267320555651415,0,0,0,0,11,False,False,
23,6,1496.172980716834,870.2184162930697,0.683481569374029,6.104259490966797,0.20776315033435822,0,1,0,0,0,0.004481647202111895,-0.8980946023083675,-0.947594664725779,0,0,0,0,11,False,False,
23,7,1497.0408439700836,870.1278147858742,-0.13785245897500004,4.237213134765625,0.21763545274734497,0,1,0,0,0,0.016053571348888972,-0.8957713121558236,-0.9524033613981069,0,0,0,0,11,False,False,
24,0,1501.3107603942285,869.9891985257021,0.23697913219463115,3.223649501800537,0.15185701847076416,0,1,0,0,0,0.005412697717879509,-0.8843801494014107,-0.9413457209853361,0,0,0,0,12,False,False,
24,1,1493.2046908380173,870.4262111664624,0.3996711718586709,8.467316627502441,0.26596900820732117,0,1,0,0,0,-0.01619449632212056,-0.9060270086782651,-0.943386735329541,0,0,0,0,12,False,False,
24,2,1501.4655918131098,870.0849894344292,0.023715859338559693,10.125455856323242,0.16105471551418304,0,1,0,0,0,0.018630571281644217,-0.8839793524409968,-0.929863679341667,1,0,0,0,12,False,False,
24,3,1496.0900707346266,869.7446316959763,1.700968686575183,14.370210647583008,0.23622114956378937,0,1,0,0,0,0.06813556346297042,-0.8982485295578225,-0.995110936393536,0,0,0,0,12,False,False,
24,4,1490.342341709638,870.3656268523836,0.19213358349123302,10.939939498901367,0.3331150710582733,0,1,0,0,0,0.01755897960393074,-0.9136438518455473,-0.970560809791752,0,0,0,0,12,False,False,
24,5,1486.4580322562156,870.9666049508528,0.787530417834781,15.298379898071289,0.31278976798057556,0,1,0,0,0,-0.0211159878427272,-0.9240619622993058,-0.9256474170723332,0,0,0,0,12,False,False,
24,6,1495.1877746136322,870.257646778554,0.985986864404157,7.090268135070801,0.21867139637470245,0,1,0,0,0,0.004469433620957375,-0.9007238940831598,-0.9497648064435091,0,0,0,0,12,False,False,
24,7,1496.8615577596227,870.1319914271445,0.17933485325990267,4.416584014892578,0.23469871282577515,0,1,0,0,0,0.015749248458413946,-0.8962494906486492,-0.9531510938275222,0,0,0,0,12,False,False,
25,0,1501.3107603942285,869.9891985257021,0.0,3.223649501800537,0.14889316260814667,0,1,0,0,0,0.005412697717879509,-0.8843801494014107,-0.9413457209853361,1,0,0,0,13,False,False,
25,1,1493.2046908380173,870.4262111664624,0.0,8.467316627502441,0.2672860026359558,0,1,0,0,0,-0.01619449632212056,-0.9060270086782651,-0.943386735329541,1,0,0,0,13,False,False,
25,2,1501.4655918131098,870.0849894344292,0.0,10.125455856323242,0.16334813833236694,0,1,0,0,0,0.018630571281644217,-0.8839793524409968,-0.929863679341667,2,0,0,0,13,False,False,
25,3,1494.5223079634013,869.6770357647158,1.5692193335423563,15.939414978027344,0.2551766633987427,0,1,0,0,0,0.067868194157766,-0.9024103002633728,-0.9761172406801317,0,0,0,0,13,False,False,
25,4,1489.8386429070833,870.3764654334551,0.503815401248112,11.443718910217285,0.34778445959091187,0,1,0,0,0,0.01873816550706269,-0.9149866924331038,-0.9727601737376883,0,0,0,0,13,False,False,
25,5,1485.5999608020938,871.0260266418455,0.8601264777572627,16.158464431762695,0.3263495862483978,0,1,0,0,0,-0.021558930795292024,-0.9263542496569722,-0.9245116307469811,0,0,0,0,13,False,False,
25,6,1494.5416289258787,870.2853129908071,0.6467377127574183,7.736980438232422,0.23420211672782898,0,1,0,0,0,0.0026088275073678662,-0.902448445898386,-0.9509444261111708,0,0,0,0,13,False,False,
25,7,1496.781783265418,870.1338789698502,0.07979682163511362,4.496438980102539,0.23629890382289886,0,1,0,0,0,0.015549845994131475,-0.8964623700544382,-0.9534888574764824,1,0,0,0,13,False,False,
26,0,1501.4485219182561,869.9841922353556,-0.13785245897500004,3.361435651779175,0.16267043352127075,0,1,0,0,0,0.006390282025833471,-0.8840127379706941,-0.9419458021929721,0,0,0,0,14,False,False,
26,1,1492.8905112437085,870.448249927143,0.31495162239999996,8.782297134399414,0.2824919521808624,0,1,0,0,0,-0.016288878529998545,-0.9068666849154803,-0.9429329332067766,0,0,0,0,14,False,False,
26,2,1501.6034261995915,870.0827573169057,-0.13785245897500004,10.263290405273438,0.17705079913139343,0,1,0,0,0,0.017665435053111387,-0.8836119372406536,-0.9301271296279462,0,0,0,0,14,False,False,
26,3,1493.3850152836799,869.6324691202838,1.1381655526082295,17.077619552612305,0.27222901582717896,0,1,0,0,0,0.06746601887307406,-0.9054289975685504,-0.9628570078690908,0,0,0,0,14,False,False,
26,4,1489.029068885613,870.3960968930645,0.8098120093243103,12.253527641296387,0.3671201765537262,0,1,0,0,0,0.01744296681593577,-0.9171453942577578,-0.9760441833229794,0,0,0,0,14,False,False,
26,5,1485.2295411440355,871.0526102697582,0.371372336542684,16.5299015045166,0.3387589156627655,0,1,0,0,0,-0.02346882236145278,-0.9273440845514523,-0.9239027021149089,0,0,0,0,14,False,False,
26,6,1493.768063704607,870.3177277078588,0.7742440606442598,8.511219024658203,0.25091782212257385,0,1,0,0,0,0.0032588900443897726,-0.9045130545638344,-0.9524471947404163,0,0,0,0,14,False,False,
26,7,1496.781783265418,870.1338789698502,0.0,4.496438980102539,0.23620009422302246,0,1,0,0,0,0.015549845994131475,-0.8964623700544382,-0.9534888574764824,2,0,0,0,14,False,False,
27,0,1501.2693184223988,869.9910549364478,0.17933485325990267,3.5407652854919434,0.17995606362819672,0,1,0,0,0,0.005168924287140284,-0.8844909338469185,-0.9411261790801034,0,0,0,0,15,False,False,
27,1,1492.5991725626263,870.4692698975654,0.2920959880778647,9.07443904876709,0.29743778705596924,0,1,0,0,0,-0.017706052546377134,-0.9076454281930927,-0.9424417474998237,0,0,0,0,15,False,False,
27,2,1501.841595998464,870.0787831430246,-0.23820295370356806,10.501482963562012,0.18521718680858612,0,1,0,0,0,0.017257965170078805,-0.8829769931229007,-0.9306028037559504,0,0,0,0,15,False,False,
27,3,1491.9548614205485,869.5794654339976,1.4311357248666707,18.50877571105957,0.2921397387981415,0,1,0,0,0,0.06888926634434003,-0.9092239981917376,-0.9465684671161101,0,0,0,0,15,False,False,
27,4,1488.7438822394292,870.4026141132011,0.2852611037626923,12.53875732421875,0.3802778720855713,0,1,0,0,0,0.018502396365058064,-0.9179056847445809,-0.9772538756578681,0,0,0,0,15,False,False,
27,5,1484.6294394799804,871.0997703440183,0.6019518916042189,17.131851196289062,0.3579823970794678,0,1,0,0,0,-0.028414543634460186,-0.9289477174442274,-0.9224364594842847,0,0,0,0,15,False,False,
27,6,1492.7207766535566,870.3662837446983,1.0484120640335945,9.55958366394043,0.2683631479740143,0,1,0,0,0,0.00043807200455066525,-0.9073086931747885,-0.9539280520584169,0,0,0,0,15,False,False,
27,7,1496.4669537438692,870.1426480526899,0.31495162239999996,4.811380863189697,0.25488319993019104,0,1,0,0,0,0.012987630978844322,-0.897302043125475,-0.9546246438018346,0,0,0,0,15,False,False,
28,0,1501.2693184223988,869.9910549364478,0.0,3.5407652854919434,0.18243643641471863,0,1,0,0,0,0.005168924287140284,-0.8844909338469185,-0.9411261790801034,1,0,0,0,16,False,False,
28,1,1492.553396110459,870.4725666286593,0.04589501071925489,9.120333671569824,0.2911715507507324,0,1,0,0,0,-0.017646105570251633,-0.9077677676135432,-0.9423678414902871,1,0,0,0,16,False,False,
28,2,1501.8430342494928,870.0787591437946,-0.0014384512450808637,10.502948760986328,0.18662598729133606,0,1,0,0,0,0.017257859787732047,-0.8829730834925726,-0.9306101218194581,1,0,0,0,16,False,False,
28,3,1490.9782176988233,869.5449751264741,0.977252546938758,19.485946655273438,0.31099575757980347,0,1,0,0,0,0.06977790639153025,-0.9118145993838056,-0.9356390964912973,0,0,0,0,16,False,False,
28,4,1488.1486731237212,870.4126432600136,0.5952936042053968,13.13405704498291,0.39744460582733154,0,1,0,0,0,0.022761497347780987,-0.9194921604547078,-0.9801928160371474,0,0,0,0,16,False,False,
28,5,1483.7271469619598,871.1823206931517,0.9060608965285056,18.037837982177734,0.37569817900657654,0,1,0,0,0,-0.0378554609390477,-0.9313595629860918,-0.9188374587201187,0,0,0,0,16,False,False,
28,6,1491.5789649516175,870.4255938430027,1.143351061767953,10.702969551086426,0.2887752950191498,0,1,0,0,0,-0.0032117414173023287,-0.9103576843994161,-0.9547716053818869,0,0,0,0,16,False,False,
28,7,1496.044227764377,870.1561200140701,0.4229405956882607,5.234325408935547,0.2708623707294464,0,1,0,0,0,0.010548930688950816,-0.8984297430987658,-0.9559512250495484,0,0,0,0,16,False,False,
29,0,1501.4070749284513,869.9859124190035,-0.13785245897500004,3.678678035736084,0.19643615186214447,0,1,0,0,0,0.005763828753394604,-0.884123182165726,-0.9417408964147549,0,0,0,0,17,False,False,
29,1,1492.1942499139718,870.4985079204213,0.36008185329118125,9.480400085449219,0.3049051761627197,0,1,0,0,0,-0.017967642348238163,-0.9087275664379763,-0.941759766870509,0,0,0,0,17,False,False,
29,2,1501.7215966033032,870.080790491658,0.12145463468397562,10.62442684173584,0.20431341230869293,0,1,0,0,0,0.017278896275116848,-0.8832969081280182,-0.9303613076601944,0,0,0,0,17,False,False,
29,3,1490.0732091690063,869.515756312332,0.9054800815819124,20.391448974609375,0.3296808898448944,0,1,0,0,0,0.06975808882455238,-0.9142151786733883,-0.925845519338383,0,0,0,0,17,False,False,
29,4,1487.722763781269,870.4179913631444,0.42594291894006925,13.559993743896484,0.41255173087120056,0,1,0,0,0,0.025859367927535952,-0.9206270631532646,-0.982517226678618,0,0,0,0,17,False,False,
29,5,1482.785441340471,871.2695162888791,0.9457338681985821,18.983640670776367,0.38834336400032043,0,1,0,0,0,-0.04002224305914252,-0.9338769009468177,-0.9149526818587378,0,0,0,0,17,False,False,
29,6,1490.3048663709662,870.5081235330028,1.276768711611066,11.979808807373047,0.3067302107810974,0,1,0,0,0,-0.011800355812839471,-0.9137620270597548,-0.9537600188863211,0,0,0,0,17,False,False,
29,7,1495.6721723319374,870.1697864533392,0.372306347474956,5.60664701461792,0.2860281467437744,0,1,0,0,0,0.007530209707649268,-0.899422531587049,-0.9569043706619749,0,0,0,0,17,False,False,
30,0,1501.2278616195692,869.9925138971178,0.17933485325990267,3.8579983711242676,0.20564788579940796,0,1,0,0,0,0.0061036007640060085,-0.8846013478226654,-0.9409505455559173,0,0,0,0,18,False,False,
30,1,1491.8300370000497,870.5256016118697,0.36521926945864586,9.845538139343262,0.3222687542438507,0,1,0,0,0,-0.019542450059833842,-0.9097008185092191,-0.9410558713566763,0,0,0,0,18,False,False,
30,2,1501.287303053433,870.0883946421419,0.43436011622085796,11.058696746826172,0.22280173003673553,0,1,0,0,0,0.016950042610184825,-0.8844545528307215,-0.9294538677852326,0,0,0,0,18,False,False,
30,3,1489.147343370933,869.4889865722951,0.9262527166080708,21.317737579345703,0.34875282645225525,0,1,0,0,0,0.06961283128916054,-0.9166709645546736,-0.9161988966189746,0,0,0,0,18,False,False,
30,4,1487.6625684704652,870.4187069562255,0.0601995640864702,13.620179176330566,0.4148032069206238,0,1,0,0,0,0.026338112869112883,-0.9207874216183471,-0.9828541398885573,1,0,0,0,18,False,False,
30,5,1481.5659723576362,871.3939492472166,1.2258010283960232,20.209449768066406,0.40265515446662903,0,1,0,0,0,-0.04836649214644018,-0.9371367722913192,-0.9085453885165633,0,0,0,0,18,False,False,
30,6,1488.7413548339766,870.6069668024213,1.5666327962252744,13.546408653259277,0.3207785487174988,0,1,0,0,0,-0.01136491316142225,-0.9179389920581362,-0.9528068768471678,0,0,0,0,18,False,False,
30,7,1495.6721723319374,870.1697864533392,0.0,5.60664701461792,0.28714922070503235,0,1,0,0,0,0.007530209707649268,-0.899422531587049,-0.9569043706619749,1,0,0,0,18,False,False,
31,0,1501.0041291371458,870.00101737339,0.22389402135839065,4.081916332244873,0.21260733902454376,0,1,0,0,0,0.005386136163283734,-0.8851984420855078,-0.940000447945528,0,0,0,0,19,False,False,
31,1,1491.2233850485168,870.5731144286584,0.6085097025175029,10.45408821105957,0.34057432413101196,0,1,0,0,0,-0.022433527506146966,-0.9113226255671615,-0.9395896287260521,0,0,0,0,19,False,False,
31,2,1500.5458175568308,870.1046850967697,0.7416644258582625,11.800453186035156,0.24140755832195282,0,1,0,0,0,0.014357029306327086,-0.8864320751876579,-0.9307865700499331,0,0,0,0,19,False,False,
31,3,1488.7477742979652,869.476678016204,0.3997586079440883,21.717464447021484,0.3612574636936188,0,1,0,0,0,0.07173193214103625,-0.9177302218308683,-0.9119471374537004,0,0,0,0,19,False,False,
31,4,1487.3352602446155,870.421767381542,0.32732253346206197,13.947586059570312,0.4316557049751282,0,1,0,0,0,0.028265035055641697,-0.9216596544056367,-0.9847677295239153,0,0,0,0,19,False,False,
31,5,1480.05645597929,871.5426016644417,1.5168181293888507,21.726276397705078,0.4181112051010132,0,1,0,0,0,-0.0492907283957496,-0.9411702969467084,-0.9012588627180455,0,0,0,0,19,False,False,
31,6,1487.0101093858764,870.7259368455748,1.7353284048663915,15.281692504882812,0.33842548727989197,0,1,0,0,0,-0.015738726503473938,-0.9225650806502943,-0.9506148202449196,0,0,0,0,19,False,False,
31,7,1495.8099381473357,870.1648996800602,-0.13785245897500004,5.744550704956055,0.2992010712623596,0,1,0,0,0,0.008301284001416637,-0.8990548195573878,-0.956530927880141,0,0,0,0,19,False,False,
32,0,1501.0041291371458,870.00101737339,0.0,4.081916332244873,0.21499158442020416,0,1,0,0,0,0.005386136163283734,-0.8851984420855078,-0.940000447945528,1,0,0,0,20,False,False,
32,1,1490.9496771330132,870.5943458899565,0.2745301403456386,10.728592872619629,0.3548961281776428,0,1,0,0,0,-0.022141920515646993,-0.9120541978507636,-0.9389523283047946,0,0,0,0,20,False,False,
32,2,1499.629120693837,870.1279377750413,0.916991726063732,12.717373847961426,0.2599645256996155,0,1,0,0,0,0.012464770646769808,-0.8888767392047042,-0.9343782670436842,0,0,0,0,20,False,False,
32,3,1488.7477742979652,869.476678016204,0.0,21.717464447021484,0.3618030250072479,0,1,0,0,0,0.07173193214103625,-0.9177302218308683,-0.9119471374537004,1,0,0,0,20,False,False,
32,4,1486.8591039602832,870.4238376791068,0.4761607850728464,14.423665046691895,0.44855520129203796,0,1,0,0,0,0.03196718527129292,-0.9229276241220583,-0.987831717492047,0,0,0,0,20,False,False,
32,5,1478.656430172347,871.6653874066112,1.4053998002655483,23.131675720214844,0.43899044394493103,0,1,0,0,0,-0.04537948996185056,-0.9449091152052188,-0.8962967439877249,0,0,0,0,20,False,False,
32,6,1485.00336846354,870.8997239688282,2.0142519935668037,17.295915603637695,0.35707470774650574,0,1,0,0,0,-0.02906977059391301,-0.9279311341809673,-0.9437829434349138,0,0,0,0,20,False,False,
32,7,1495.630714264846,870.1712075750373,0.17933485325990267,5.9238600730896,0.31154024600982666,0,1,0,0,0,0.008517446117433122,-0.8995329347915545,-0.9570221100138209,0,0,0,0,20,False,False,
33,0,1500.8001203775086,870.0087037664524,0.20415350755495112,4.286040782928467,0.22696317732334137,0,1,0,0,0,0.005622860341034652,-0.8857427528424026,-0.9404989374228959,0,0,0,0,21,False,False,
33,1,1490.5481260708393,870.6263561395734,0.4028249143406292,11.131475448608398,0.36064448952674866,0,1,0,0,0,-0.023790101330542435,-0.9131278142218531,-0.9379188233514375,0,0,0,0,21,False,False,
33,2,1498.718337665655,870.1495896654432,0.9110403551884617,13.628397941589355,0.27876177430152893,0,1,0,0,0,0.013779201362505154,-0.8913055816529727,-0.9381242365344487,0,0,0,0,21,False,False,
33,3,1488.885565566562,869.4807849303656,-0.13785245897500004,21.855342864990234,0.37229660153388977,0,1,0,0,0,0.07078107245851836,-0.9173648219095796,-0.9133914616265334,0,0,0,0,21,False,False,
33,4,1486.8591039602832,870.4238376791068,0.0,14.423665046691895,0.4440378248691559,0,1,0,0,0,0.03196718527129292,-0.9229276241220583,-0.987831717492047,1,0,0,0,21,False,False,
33,5,1477.1059904716224,871.7882357884989,1.5552990035732015,24.686946868896484,0.45857661962509155,0,1,0,0,0,-0.0432803890653367,-0.9490476510241761,-0.8923891982295318,0,0,0,0,21,False,False,
33,6,1482.7259792722332,871.0982055328066,2.2860219727553774,19.582014083862305,0.3726314604282379,0,1,0,0,0,-0.032135316273416314,-0.9340202890257365,-0.9358737319025147,0,0,0,0,21,False,False,
33,7,1495.630714264846,870.1712075750373,0.0,5.9238600730896,0.30618932843208313,0,1,0,0,0,0.008517446117433122,-0.8995329347915545,-0.9570221100138209,1,0,0,0,21,False,False,
34,0,1500.7008512286513,870.0123648743677,0.09933663788358357,4.385473251342773,0.22984682023525238,0,1,0,0,0,0.00614330093881866,-0.8860078943137663,-0.9407481803749432,1,0,0,0,22,False,False,
34,1,1490.5481260708393,870.6263561395734,0.0,11.131475448608398,0.35418030619621277,0,1,0,0,0,-0.023790101330542435,-0.9131278142218531,-0.9379188233514375,1,0,0,0,22,False,False,
34,2,1497.509558257485,870.1665869427048,1.2088989060506359,14.837379455566406,0.29646140336990356,0,1,0,0,0,0.02056984077071004,-0.8945278965737302,-0.9445014536361228,0,0,0,0,22,False,False,
34,3,1488.956698584686,869.4828819440178,-0.07116392157323523,21.926420211791992,0.37180429697036743,0,1,0,0,0,0.07041222539478566,-0.9171764563103365,-0.9141465013996368,1,0,0,0,22,False,False,
34,4,1486.8842429382507,870.4237327498079,-0.025139196952449667,14.448811531066895,0.4441603124141693,0,1,0,0,0,0.03205043734833579,-0.922860648796082,-0.9876701421179368,2,0,0,0,22,False,False,
34,5,1476.0453935744165,871.8746763686768,1.0641135993229496,25.751014709472656,0.4761180281639099,0,1,0,0,0,-0.047350702413232665,-0.9518777461250577,-0.8894201798231155,0,0,0,0,22,False,False,
34,6,1480.4826728568794,871.3292100547733,2.255168898849197,21.8371639251709,0.3889865577220917,0,1,0,0,0,-0.046337592619763904,-0.9400195461701484,-0.92382964297112,0,0,0,0,22,False,False,
34,7,1495.7684785722602,870.1662784728729,-0.13785245897500004,6.061644077301025,0.31385159492492676,0,1,0,0,0,0.008116973633813826,-0.8991655400840914,-0.9566551241366543,0,0,0,0,22,False,False,
35,0,1500.3101769973466,870.0271054501593,0.3909522216079892,4.7763752937316895,0.2391393780708313,0,1,0,0,0,0.005654754848425922,-0.8870502578224752,-0.9417086261845115,0,0,0,0,23,False,False,
35,1,1490.3138311355315,870.6449303802924,0.23503003878052595,11.366466522216797,0.3688898980617523,0,1,0,0,0,-0.02368384225168067,-0.9137540232018007,-0.9373172056363268,0,0,0,0,23,False,False,
35,2,1496.4780078011527,870.1761934738225,1.0315951867857602,15.868918418884277,0.31172022223472595,0,1,0,0,0,0.024223618006900614,-0.8972767323567127,-0.9505271499870276,0,0,0,0,23,False,False,
35,3,1489.0529359260577,869.4856273632112,-0.09627649350110551,22.02277374267578,0.3669487535953522,0,1,0,0,0,0.06959086190415367,-0.9169210540170806,-0.9151426299153518,2,0,0,0,23,False,False,
35,4,1486.5940175736712,870.4247087225949,0.2902270055805131,14.739096641540527,0.4559937119483948,0,1,0,0,0,0.03289679293146751,-0.9236337188651343,-0.9895691206391917,0,0,0,0,23,False,False,
35,5,1474.9529853382871,871.9600449611067,1.095738815109166,26.84674835205078,0.49224162101745605,0,1,0,0,0,-0.04814786395124063,-0.954791866487807,-0.8868035433263092,0,0,0,0,23,False,False,
35,6,1477.9837192424286,871.6577379714048,2.520456260120921,24.357563018798828,0.4108169674873352,0,1,0,0,0,-0.07231368525187412,-0.9467021445566427,-0.9019043102021924,0,0,0,0,23,False,False,
35,7,1495.835924607437,870.1638551210788,-0.06748955693281757,6.129190921783447,0.31034302711486816,0,1,0,0,0,0.008005911743250256,-0.8989854310043288,-0.9564716329847076,1,0,0,0,23,False,False,
36,0,1500.0147596882157,870.038720598139,0.29564556177419826,5.072012901306152,0.25429895520210266,0,1,0,0,0,0.004679094311296694,-0.887838603493535,-0.9423751488339752,0,0,0,0,24,False,False,
36,1,1489.8994552167717,870.6772063744193,0.4156310164616439,11.782146453857422,0.38632476329803467,0,1,0,0,0,-0.023102355240662103,-0.9148617873744881,-0.9363429955784032,0,0,0,0,24,False,False,
36,2,1495.974741895726,870.1807373015415,0.5032864173958338,16.372234344482422,0.32990220189094543,0,1,0,0,0,0.024727887332731926,-0.8986179068359649,-0.9534888574764824,0,0,0,0,24,False,False,
36,3,1489.0909017020253,869.4866959401337,-0.03798081096369733,22.06075096130371,0.36505693197250366,0,1,0,0,0,0.06926435965566687,-0.9168203698605696,-0.9155315306770364,3,0,0,0,24,False,False,
36,4,1485.9938472209358,870.4248787292643,0.60017037681377,15.339194297790527,0.47298577427864075,0,1,0,0,0,0.03560266106327769,-0.9252315318573009,-0.9937250602503886,0,0,0,0,24,False,False,
36,5,1474.3881925463947,872.0013165189919,0.5662987191084214,27.413076400756836,0.5039719939231873,0,1,0,0,0,-0.046489852001286636,-0.956298176936639,-0.8857919568307434,0,0,0,0,24,False,False,
36,6,1475.3226653177148,872.0555973993993,2.690631917353116,27.048276901245117,0.43144914507865906,0,1,0,0,0,-0.09652585924122832,-0.9538060771350393,-0.8727955762992164,0,0,0,0,24,False,False,
36,7,1495.9375773527277,870.1602606474307,-0.10171627630790793,6.2309393882751465,0.3219885528087616,0,1,0,0,0,0.008345944339888294,-0.8987141253517502,-0.9561931642311808,0,0,0,0,24,False,False,
37,0,1500.0147596882157,870.038720598139,0.0,5.072012901306152,0.25708523392677307,0,1,0,0,0,0.004679094311296694,-0.887838603493535,-0.9423751488339752,1,0,0,0,25,False,False,
37,1,1489.1780027177276,870.7286453199943,0.7232839508096387,12.505414962768555,0.4028027355670929,0,1,0,0,0,-0.019368328370773548,-0.916789628576751,-0.9352063659605765,0,0,0,0,25,False,False,
37,2,1495.175586372761,870.1921744173857,0.799237359927883,17.171510696411133,0.34734243154525757,0,1,0,0,0,0.021823299143339782,-0.9007480888058261,-0.9576813253195964,0,0,0,0,25,False,False,
37,3,1489.1104735830086,869.4872437954256,-0.019579547253242235,22.080289840698242,0.3652991056442261,0,1,0,0,0,0.06912323554903424,-0.9167685737077909,-0.9157296329430862,4,0,0,0,25,False,False,
37,4,1485.089569385559,870.4167840478327,0.9043140645934704,16.243526458740234,0.49111273884773254,0,1,0,0,0,0.042862119175493436,-0.9276378048129064,-0.9990176334993447,0,0,0,0,25,False,False,
37,5,1474.3427150174537,872.0046431862535,0.04559903895541283,27.458606719970703,0.49335962533950806,0,1,0,0,0,-0.04666644122238621,-0.9564192690778356,-0.8857115939165395,1,0,0,0,25,False,False,
37,6,1472.4213861678927,872.5522836200341,2.943487371632685,29.99173355102539,0.45350179076194763,0,1,0,0,0,-0.13230933544557502,-0.9615147762329369,-0.8335335795633014,0,0,0,0,25,False,False,
37,7,1496.1753942843832,870.1523394545343,-0.2379488144095248,6.468864917755127,0.33259207010269165,0,1,0,0,0,0.00959114881635767,-0.8980797297396625,-0.955489265144075,0,0,0,0,25,False,False,
38,0,1499.8196476135695,870.046435961788,0.19526456029950645,5.267235279083252,0.27229058742523193,0,1,0,0,0,0.004556350169828723,-0.8883591837551319,-0.9428078829379692,0,0,0,0,26,False,False,
38,1,1488.5856978856928,870.7714278546805,0.5938479260939614,13.0992431640625,0.41249382495880127,0,1,0,0,0,-0.02034548768974642,-0.9183723777085844,-0.9342093870058407,0,0,0,0,26,False,False,
38,2,1494.1989533113729,870.2073485457017,0.9767509358922698,18.148189544677734,0.36322179436683655,0,1,0,0,0,0.021610781675137976,-0.9033511039613129,-0.962666209373456,0,0,0,0,26,False,False,
38,3,1488.9446691407652,869.4824564211217,0.16587354225541368,22.246129989624023,0.38185903429985046,0,1,0,0,0,0.07005502152262075,-0.917208160000448,-0.9140068435899995,0,0,0,0,26,False,False,
38,4,1483.8952826731413,870.4023087321744,1.1943744330068484,17.437950134277344,0.5070945620536804,0,1,0,0,0,0.04694496037756153,-0.9308146512024164,-0.988967502924081,0,0,0,0,26,False,False,
38,5,1474.038566615849,872.0263368348491,0.3049210792779726,27.763580322265625,0.5025660991668701,0,1,0,0,0,-0.04637728296605701,-0.9572304109536649,-0.8852277155532747,0,0,0,0,26,False,False,
38,6,1470.083959804066,872.9609892916983,2.372889026558861,32.36459732055664,0.4719025194644928,0,1,0,0,0,-0.16072261704535626,-0.9676743023108235,-0.8008761351431362,0,0,0,0,26,False,False,
38,7,1496.4121888166685,870.1451536346003,-0.23690353844633674,6.705790996551514,0.3410660922527313,0,1,0,0,0,0.011404297979934263,-0.8974480285934457,-0.9547050067160384,0,0,0,0,26,False,False,
39,0,1499.7054303809985,870.0509929983389,0.11430810469207799,5.381582260131836,0.2880675494670868,0,1,0,0,0,0.004343375289312866,-0.8886641013564485,-0.9430571294632898,0,0,0,0,27,False,False,
39,1,1487.8680894997158,870.8230904045063,0.7194656452389286,13.818754196166992,0.42636433243751526,0,1,0,0,0,-0.020681492656392998,-0.9202900824258073,-0.933014305785055,0,0,0,0,27,False,False,
39,2,1493.1029335510495,870.2336698046732,1.0963357714190975,19.24457550048828,0.37966442108154297,0,1,0,0,0,0.016721648060785948,-0.906273818113391,-0.9671452966062595,0,0,0,0,27,False,False,
39,3,1488.671692089972,869.474272882754,0.2730996897836191,22.519203186035156,0.3991411626338959,0,1,0,0,0,0.07138574601265822,-0.9179318061176892,-0.9111263494537695,0,0,0,0,27,False,False,
39,4,1482.4593284992918,870.3844957853947,1.4360646540002808,18.873973846435547,0.5276103615760803,0,1,0,0,0,0.0498829866469426,-0.934632955531522,-0.9768503619954438,0,0,0,0,27,False,False,
39,5,1474.038566615849,872.0263368348491,0.0,27.763580322265625,0.5022216439247131,0,1,0,0,0,-0.04637728296605701,-0.9572304109536649,-0.8852277155532747,1,0,0,0,27,False,False,
39,6,1467.488891160461,873.4174432857972,2.634906357681416,34.9995231628418,0.49142852425575256,0,1,0,0,0,-0.20524122621614727,-0.974415540595198,-0.7643046844868374,0,0,0,0,27,False,False,
39,7,1496.7829354913374,870.134303148042,-0.37090541899054924,7.0766777992248535,0.34238430857658386,0,1,0,0,0,0.011975759062545421,-0.8964591733601986,-0.9534222552373608,0,1,0,0,27,False,False,
40,0,1499.494693600771,870.0593328169945,0.2109017380579058,5.592441558837891,0.30412352085113525,0,1,0,0,0,0.004571661787391829,-0.8892263786389845,-0.9435263931391783,0,0,0,0,28,False,False,
40,1,1487.1205943121854,870.8764144839902,0.7493947643491681,14.568087577819824,0.4460252821445465,0,1,0,0,0,-0.020786448149937086,-0.9222872694533487,-0.9318346825441202,0,0,0,0,28,False,False,
40,2,1491.713701580413,870.2862073348755,1.3902250394516658,20.634729385375977,0.4006372392177582,0,1,0,0,0,0.008270112653375211,-0.9099805950261046,-0.9705169764494426,0,0,0,0,28,False,False,
40,3,1488.671692089972,869.474272882754,0.0,22.519203186035156,0.3959168791770935,0,1,0,0,0,0.07138574601265822,-0.9179318061176892,-0.9111263494537695,1,0,0,0,28,False,False,
40,4,1480.7375999877568,870.3423683320527,1.7222438241311546,20.59629249572754,0.5451400279998779,0,1,0,0,0,0.06190381756522167,-0.9392056176360998,-0.9598149374654321,0,0,0,0,28,False,False,
40,5,1474.0601214655358,872.0247932947668,-0.021610045372410885,27.785245895385742,0.5000396370887756,0,1,0,0,0,-0.046492856112702916,-0.957172800582452,-0.8852715524688574,2,0,0,0,28,False,False,
40,6,1464.9112297901358,873.8693691317886,2.616978240326275,37.616485595703125,0.5098310112953186,0,1,0,0,0,-0.2786631261741175,-0.9809077014326671,-0.728144060196561,0,0,0,0,28,False,False,
40,7,1497.050358053246,870.1271083423245,-0.26751932985686205,7.344229221343994,0.3474791347980499,0,1,0,0,0,0.01338535010146984,-0.8957458649159955,-0.95241797251221,0,0,0,0,28,False,False,
41,0,1498.972766398532,870.0778209661385,0.5222545510531467,6.114741802215576,0.3198939263820648,0,1,0,0,0,0.0073027762007910725,-0.8906190887288967,-0.9449414986570782,0,0,0,0,29,False,False,
41,1,1486.871552383736,870.8939065532569,0.24965547182694678,14.817726135253906,0.46302083134651184,0,1,0,0,0,-0.020264058278865744,-0.9229526363290222,-0.9314750040106419,0,0,0,0,29,False,False,
41,2,1490.494855102253,870.3521056314682,1.2206266107278672,21.855382919311523,0.4201730787754059,0,1,0,0,0,-0.002129290984866038,-0.9132356525940127,-0.9711104381684807,0,0,0,0,29,False,False,
41,3,1488.6403222761548,869.4733282888807,0.03138403219015534,22.550588607788086,0.38985559344291687,0,1,0,0,0,0.07154235966426149,-0.9180149818590879,-0.9107958931484974,2,0,0,0,29,False,False,
41,4,1478.8003209185763,870.2852000741926,1.938122390766745,22.534391403198242,0.5630032420158386,0,1,0,0,0,0.07114563919757302,-0.944344381625255,-0.939494651124472,0,0,0,0,29,False,False,
41,5,1473.9005232786085,872.0358286634317,0.15997925062980992,27.945295333862305,0.5160896182060242,0,1,0,0,0,-0.045383385418686986,-0.9575985251750547,-0.8850588355154312,0,0,0,0,29,False,False,
41,6,1462.3064547092224,874.3155747896288,2.642716918483039,40.25927734375,0.5238381624221802,0,1,0,0,0,-0.4220836697764892,-0.9869614368552371,-0.6928699649864964,0,0,0,0,29,False,False,
41,7,1497.431519916393,870.1167330944379,-0.3813030444231224,7.725473880767822,0.34922048449516296,0,1,0,0,0,0.01305717053727354,-0.8947294280658562,-0.9510110283502924,0,1,0,0,29,False,False,
42,0,1498.1863967852596,870.1017284544904,0.7867329513103707,6.901482582092285,0.3356611728668213,0,1,0,0,0,0.010700406191637373,-0.8927167744426894,-0.9475508313834696,0,0,0,0,30,False,False,
42,1,1486.5680400684578,870.9156225779923,0.30428820426669667,15.122091293334961,0.4764374792575836,0,1,0,0,0,-0.02131958874103393,-0.9237638266267477,-0.930983821876962,0,0,0,0,30,False,False,
42,2,1489.7112570965503,870.4020171853597,0.7851859638030116,22.640541076660156,0.4377319812774658,0,1,0,0,0,-0.008442280452116317,-0.9153292278679102,-0.9705900338065948,0,0,0,0,30,False,False,
42,3,1488.533542305914,869.4701038316324,0.10682864395465401,22.65744972229004,0.4026806354522705,0,1,0,0,0,0.07184622603072058,-0.9182981338674153,-0.9096674105935602,0,0,0,0,30,False,False,
42,4,1477.408689415951,870.2543875141088,1.391972576223396,23.926334381103516,0.5804658532142639,0,1,0,0,0,0.07119683993811476,-0.9480345796647675,-0.9261239845186366,0,0,0,0,30,False,False,
42,5,1473.9005232786085,872.0358286634317,0.0,27.945295333862305,0.5157305598258972,0,1,0,0,0,-0.045383385418686986,-0.9575985251750547,-0.8850588355154312,1,0,0,0,30,False,False,
42,6,1460.260605149436,874.6906455697717,2.079946756865456,42.33916091918945,0.5271227359771729,0,1,0,0,0,-0.6705876133106377,-0.9906285999286852,-0.6621991889984806,0,0,0,0,30,False,False,
42,7,1497.8272630978452,870.1048441242435,-0.3959217262012371,8.121404647827148,0.3577210307121277,0,1,0,0,0,0.01115042827496432,-0.8936737753584562,-0.9496762857465962,0,2,0,0,30,False,False,
43,0,1497.2807721882348,870.131798691999,0.90612368356655,7.807620048522949,0.35173648595809937,0,1,0,0,0,0.009124882735134874,-0.8951328965901622,-0.9502632923476039,0,0,0,0,31,False,False,
43,1,1485.955622480018,870.9593759848425,0.6139785527535127,15.736075401306152,0.49129077792167664,0,1,0,0,0,-0.02171804111793847,-0.9254001897269143,-0.9300160651504326,0,0,0,0,31,False,False,
43,2,1489.006732092807,870.4513418009333,0.7062495299828299,23.34685516357422,0.45663589239120483,0,1,0,0,0,-0.012728006392267982,-0.9172123635107794,-0.9695857528680806,0,0,0,0,31,False,False,
43,3,1488.2881707455372,869.462803699931,0.2454801306920016,22.902917861938477,0.4197123646736145,0,1,0,0,0,0.0721385999530033,-0.9189485637984947,-0.907087300095375,0,0,0,0,31,False,False,
43,4,1475.9984892447849,870.2436058242844,1.4102413862854073,25.336532592773438,0.6011583805084229,0,1,0,0,0,0.06679640086415854,-0.9517759127581698,-0.9150184300855653,0,0,0,0,31,False,False,
43,5,1473.5862598963038,872.0566385407694,0.31495162239999996,28.26019287109375,0.5318331122398376,0,1,0,0,0,-0.04440766967604254,-0.9584362489957108,-0.8847511481069713,0,0,0,0,31,False,False,
43,6,1457.9562655418988,875.1515257820223,2.349976935399441,44.689117431640625,3.746487855911255,0,2,1,1,1,-0.17386658917522735,-0.9065154160124616,-0.6222468501739697,0,0,0,0,31,False,False,
43,7,1498.3542241163918,870.0894354738604,-0.5271862494171241,8.648608207702637,0.35809895396232605,0,1,0,0,0,0.011508621410018488,-0.8922681298870238,-0.9478585223652027,0,3,0,0,31,False,False,
44,0,1496.9009962683224,870.1439478356529,0.3799701975639819,8.187575340270996,0.3646513521671295,0,1,0,0,0,0.00999323834917397,-0.8961459859958191,-0.9514502193589537,0,0,0,0,32,False,False,
44,1,1485.8608945159108,870.9660795937509,0.09496486485171454,15.831039428710938,0.4903776943683624,0,1,0,0,0,-0.021362082863592174,-0.9256532845760954,-0.9298699540094012,1,0,0,0,32,False,False,
44,2,1488.0777809251663,870.5181859598914,0.9313530015241196,24.27821159362793,0.47516798973083496,0,1,0,0,0,-0.014391784785475023,-0.9196953649417855,-0.9680537584373556,0,0,0,0,32,False,False,
44,3,1488.2881707455372,869.462803699931,0.0,22.902917861938477,0.42125365138053894,0,1,0,0,0,0.0721385999530033,-0.9189485637984947,-0.907087300095375,1,0,0,0,32,False,False,
44,4,1474.3015379677986,870.2595600261989,1.6970262735221193,27.03363037109375,0.6209231615066528,0,1,0,0,0,0.06172656028684918,-0.9562822465962478,-0.9051225715606559,0,0,0,0,32,False,False,
44,5,1472.9820975036864,872.0971840256541,0.6055213728660144,28.865798950195312,0.5459123253822327,0,1,0,0,0,-0.046788558944026844,-0.960047011311551,-0.884105693476278,0,0,0,0,32,False,False,
44,6,1455.58542153262,875.6286580929956,2.41837891127664,47.10749816894531,3.763861656188965,0,2,0,1,1,-0.18736855623649767,-0.9127058600971075,-0.5691049596688942,0,0,0,0,32,False,False,
44,7,1498.558112890846,870.0835280844481,-0.20397433563568962,8.85254955291748,0.3688780665397644,0,1,0,0,0,0.011619062097628962,-0.8917243789419723,-0.9471400121639937,0,0,0,0,32,False,False,
45,0,1496.6598890969137,870.1515821545075,0.24122800610431575,8.428787231445312,0.3807665705680847,0,1,0,0,0,0.010263654178258877,-0.8967891359728043,-0.9522052555587839,0,0,0,0,33,False,False,
45,1,1485.529932869441,870.9882317950907,0.3317021728272219,16.16271209716797,0.5078631043434143,0,1,0,0,0,-0.019160765808266925,-0.92653735085459,-0.9295257334557737,0,0,0,0,33,False,False,
45,2,1487.6739867584013,870.5463082754916,0.40477227393713855,24.682998657226562,0.4903135895729065,0,1,0,0,0,-0.01310405385551721,-0.9207745724673558,-0.9674968245035751,0,0,0,0,33,False,False,
45,3,1488.1997793366716,869.4601355220426,0.08843167042693877,22.991336822509766,0.4172069728374481,0,1,0,0,0,0.07262621746170023,-0.9191828160826705,-0.9061487655970516,2,0,0,0,33,False,False,
45,4,1473.1456737590781,870.2779521520935,1.1560105273291739,28.189659118652344,0.6393147706985474,0,1,0,0,0,0.06194459343783731,-0.9593514316448606,-0.899280369934971,0,0,0,0,33,False,False,
45,5,1472.8980628388042,872.1027804764726,0.0842208119388015,28.949970245361328,0.5401531457901001,0,1,0,0,0,-0.04672644104847829,-0.9602708644256953,-0.8840180267916592,1,0,0,0,33,False,False,
45,6,1453.7578118911952,875.9804627988924,1.8611618824059482,48.968685150146484,3.7822487354278564,0,2,0,1,1,-0.1927979441997877,-0.9174557167197089,-0.5300591173752209,0,0,0,0,33,False,False,
45,7,1498.6501271114987,870.0809282895016,-0.09205094098445694,8.94462776184082,0.36483773589134216,0,1,0,0,0,0.012049668944282783,-0.8914788793498197,-0.9468177100681575,1,0,0,0,33,False,False,
46,0,1496.253340658895,870.1654706127258,0.40678559675479076,8.835638999938965,0.3934483230113983,0,1,0,0,0,0.008767666952456921,-0.8978739720294726,-0.9533784218950514,0,0,0,0,34,False,False,
46,1,1484.8901018440263,871.0251714576711,0.6408964657062056,16.803546905517578,0.5267911553382874,0,1,0,0,0,-0.013644110349224864,-0.9282458621430718,-0.9295549628305263,0,0,0,0,34,False,False,
46,2,1487.627359609539,870.5495633322197,0.04674062906410721,24.7297420501709,0.47802338004112244,0,1,0,0,0,-0.01322906194090226,-0.9208991945250935,-0.9674310727034745,1,0,0,0,34,False,False,
46,3,1488.1155829985328,869.4576222009736,0.08423384200408263,23.07560157775879,0.41112643480300903,0,1,0,0,0,0.07261421517166834,-0.9194060720289806,-0.9052686827016873,3,0,0,0,34,False,False,
46,4,1471.9574641012482,870.2982472357286,1.1883829691559524,29.37794303894043,0.6586202383041382,0,1,0,0,0,0.06636650324688244,-0.9625043135672624,-0.8934300069533038,0,0,0,0,34,False,False,
46,5,1472.8980628388042,872.1027804764726,0.0,28.949970245361328,0.54008948802948,0,1,0,0,0,-0.04672644104847829,-0.9602708644256953,-0.8840180267916592,2,0,0,0,34,False,False,
46,6,1451.65904884116,876.3824034636004,2.136904920238226,51.10557556152344,3.7983927726745605,0,2,0,1,1,-0.2061822151393244,-0.9228777824770166,-0.48546569697751396,0,0,0,0,34,False,False,
46,7,1498.8784763213948,870.0745038300395,-0.2284395660553045,9.172988891601562,0.3707309365272522,0,1,0,0,0,0.012058074016302574,-0.8908700260752378,-0.9459969184949534,0,0,0,0,34,False,False,
47,0,1495.539689965183,870.1938744719222,0.7142157180101154,9.549826622009277,0.4087287187576294,0,1,0,0,0,0.005281586691876643,-0.8997784064397325,-0.9549469423243976,0,0,0,0,35,False,False,
47,1,1484.0754216377331,871.0680586142846,0.8158082781685868,17.619373321533203,0.5433034896850586,0,1,0,0,0,-0.010739281517287383,-0.9304210981837904,-0.9300899747332423,0,0,0,0,35,False,False,
47,2,1487.560338569504,870.5542837872167,0.06718707094935766,24.79692268371582,0.4745759963989258,0,1,0,0,0,-0.013653650331874208,-0.9210783044092118,-0.9673352482361466,2,0,0,0,35,False,False,
47,3,1487.8857410407372,869.4510568131128,0.22993570814695574,23.30555534362793,0.4267308712005615,0,1,0,0,0,0.07234607990077899,-0.9200153466632938,-0.9028793706991369,0,0,0,0,35,False,False,
47,4,1470.8329066202912,870.3270202179835,1.1249255141937868,30.502944946289062,0.6738193035125732,0,1,0,0,0,0.0662431925910615,-0.9654893977259161,-0.8890540479582432,0,0,0,0,35,False,False,
47,5,1473.035602509729,872.0934993468356,-0.13785245897500004,29.08785629272461,0.5534969568252563,0,1,0,0,0,-0.046852908990346505,-0.9599041725803266,-0.8841722921421264,0,0,0,0,35,False,False,
47,6,1449.6084604677699,876.8043509296253,2.0935501764151,53.199073791503906,3.8148653507232666,0,2,0,1,1,-0.23129157484491114,-0.9281215571615322,-0.43839842807995855,0,0,0,0,35,False,False,
47,7,1499.1236498617127,870.067633725293,-0.24526977639171257,9.418325424194336,0.3810436427593231,0,1,0,0,0,0.012058040347765895,-0.8902159129351688,-0.9451168355995889,0,0,0,0,35,False,False,
48,0,1494.7061092652414,870.2255037846627,0.8341805540407016,10.38404655456543,0.4210065007209778,0,1,0,0,0,0.006607807539060989,-0.9020028766828035,-0.9569555077746993,0,0,0,0,36,False,False,
48,1,1483.2231803855684,871.1152422339435,0.8535463934991,18.472972869873047,0.5606613755226135,0,1,0,0,0,-0.012888074806278066,-0.9326969134467465,-0.9303757508304573,0,0,0,0,36,False,False,
48,2,1487.1870418928272,870.5818052707949,0.37430981936918395,25.171226501464844,0.49125805497169495,0,1,0,0,0,-0.015940955819158692,-0.9220761405987233,-0.9666395033584766,0,0,0,0,36,False,False,
48,3,1487.3450393139408,869.4345670778439,0.5409531113967742,23.84645652770996,0.4404098093509674,0,1,0,0,0,0.07492285746666438,-0.9214479524566728,-0.8971394504454471,0,0,0,0,36,False,False,
48,4,1469.6853570591277,870.369787962717,1.148346234946681,31.651325225830078,0.6925354599952698,0,1,0,0,0,0.06452867937869212,-0.9685374225401524,-0.8861881685093893,0,0,0,0,36,False,False,
48,5,1473.2865765120132,872.0759370966978,-0.2515877231752041,29.339447021484375,0.5631945729255676,0,1,0,0,0,-0.04763786810241931,-0.9592351742484029,-0.8845311273831302,0,0,0,0,36,False,False,
48,6,1448.1005689986243,877.1360396263669,1.5439410851026218,54.743064880371094,3.830488443374634,0,2,0,1,1,-0.2541136539013488,-0.931932982067617,-0.4012116311929256,0,0,0,0,36,False,False,
48,7,1499.5026288827762,870.0569105362964,-0.3791306967109293,9.797506332397461,0.38964393734931946,0,1,0,0,0,0.011775852649518331,-0.8892049385964849,-0.9437610285503957,0,1,0,0,36,False,False,
49,0,1493.6512516215741,870.2717402405239,1.0558704741842024,11.439867973327637,0.4317590296268463,0,1,0,0,0,0.0029509546603997527,-0.9048183696255258,-0.958765970958951,0,0,0,0,37,False,False,
49,1,1482.298060765716,871.1692246874564,0.926693269816518,19.39959716796875,0.5779175162315369,0,1,0,0,0,-0.015348381134041094,-0.9351672181932933,-0.930346528602251,0,0,0,0,37,False,False,
49,2,1487.1258466656445,870.5863103220989,0.061360828850187836,25.2325496673584,0.48859962821006775,0,1,0,0,0,-0.01590638281227699,-0.92223961878933,-0.9665217640066306,1,0,0,0,37,False,False,
49,3,1486.9429061738122,869.4227465723847,0.4023068315837896,24.248851776123047,0.45292937755584717,0,1,0,0,0,0.07524757473649338,-0.9225136176359057,-0.8929242172787941,0,0,0,0,37,False,False,
49,4,1468.9800583585888,870.3977683316059,0.7058534961484375,32.357078552246094,0.7078059911727905,0,1,0,0,0,0.06700298233434757,-0.9704096345774715,-0.884626097838164,0,0,0,0,37,False,False,
49,5,1473.2193639571392,872.0806091539748,0.06737474045870982,29.406871795654297,0.5633500814437866,0,1,0,0,0,-0.04755402069732529,-0.9594144695476587,-0.88443614978155,1,0,0,0,37,False,False,
49,6,1446.5987194496097,877.49697109697,1.5446111466473673,56.28765106201172,3.8429880142211914,0,2,0,1,1,-0.2829877022372077,-0.9356746755241878,-0.36051164927082935,0,0,0,0,37,False,False,
49,7,1499.876007362705,870.0467840248791,-0.37351577678502906,10.17093276977539,0.39686912298202515,0,1,0,0,0,0.012410090274942654,-0.8882093274015808,-0.9423678414902871,0,2,0,0,37,False,False,
50,0,1493.1246298909202,870.2950170371356,0.5271358994201607,11.966995239257812,0.44612473249435425,0,1,0,0,0,0.002756971861607364,-0.9062240296512145,-0.9596387500839004,0,0,0,0,38,False,False,
50,1,1481.7212748482734,871.2058971507332,0.5779505723872201,19.977540969848633,0.5947737097740173,0,1,0,0,0,-0.019117900025305643,-0.9367077268259523,-0.9299722353813963,0,0,0,0,38,False,False,
50,2,1486.8232992797189,870.6086658577099,0.3033721983025469,25.535985946655273,0.5022261738777161,0,1,0,0,0,-0.016248038545092273,-0.9230485213461106,-0.965957522729162,0,0,0,0,38,False,False,
50,3,1486.5783660701475,869.4125310253424,0.36468321126861875,24.613496780395508,0.4692901074886322,0,1,0,0,0,0.07531773226663556,-0.9234792972338709,-0.8891709368710682,0,0,0,0,38,False,False,
50,4,1468.492770612856,870.4174403262061,0.48768466708816743,32.84477996826172,0.7250067591667175,0,1,0,0,0,0.06961349541227738,-0.9717027375643136,-0.883592592884807,0,0,0,0,38,False,False,
50,5,1473.2193639571392,872.0806091539748,0.0,29.406871795654297,0.5592169761657715,0,1,0,0,0,-0.04755402069732529,-0.9594144695476587,-0.88443614978155,2,0,0,0,38,False,False,
50,6,1445.5453021907647,877.7667279508278,1.0874082404670207,57.3751106262207,3.8543546199798584,0,2,0,1,1,-0.3056931470779154,-0.938260568036168,-0.32997754383605804,0,0,0,0,38,False,False,
50,7,1500.269381024984,870.0368135031778,-0.39349999933657903,10.564493179321289,0.40518754720687866,0,1,0,0,0,0.013414039760064611,-0.8871600672684574,-0.9408285432891471,0,3,0,0,38,False,False,
51,0,1492.6998803558668,870.3150897788094,0.425223567651597,12.392271041870117,0.4614139795303345,0,1,0,0,0,0.0008254924951264305,-0.907358098243828,-0.9602029913613691,0,0,0,0,39,False,False,
51,1,1481.165493457222,871.2437790631787,0.5570709056571016,20.534618377685547,0.6121166348457336,0,1,0,0,0,-0.022550109702099044,-0.9381923537703423,-0.9293057127319326,0,0,0,0,39,False,False,
51,2,1486.262726478908,870.650124606352,0.562103809672174,26.098066329956055,0.5206224322319031,0,1,0,0,0,-0.016614969247016612,-0.9245469010622311,-0.9648874882039106,0,0,0,0,39,False,False,
51,3,1486.5783660701475,869.4125310253424,0.0,24.613496780395508,0.466324120759964,0,1,0,0,0,0.07531773226663556,-0.9234792972338709,-0.8891709368710682,1,0,0,0,39,False,False,
51,4,1467.740067816222,870.4515546766153,0.7534754733662169,33.59823989868164,0.7410813570022583,0,1,0,0,0,0.0715350357450518,-0.9737001871395282,-0.8824348881016635,0,0,0,0,39,False,False,
51,5,1473.262125150764,872.0776529118095,-0.04286325988474922,29.4497013092041,0.5579169988632202,0,1,0,0,0,-0.047180395942018546,-0.9593005802004797,-0.8844945942379626,3,0,0,0,39,False,False,
51,6,1444.4787848670987,878.0595891103441,1.1059958681806106,58.48111343383789,3.8675668239593506,0,2,0,1,1,-0.3318520189018904,-0.940835689849501,-0.2966917321776281,0,0,0,0,39,False,False,
51,7,1500.4061155404322,870.0332689403998,-0.1367804505040369,10.701257705688477,0.41465625166893005,0,1,0,0,0,0.013005005520579656,-0.8867954383061963,-0.9403008315835729,0,0,0,0,39,False,False,
52,0,1491.9996178408721,870.3488745666177,0.7010770298574482,13.093282699584961,0.47750481963157654,0,1,0,0,0,0.00020138518501400742,-0.9092274616131055,-0.9610237793613,0,0,0,0,40,False,False,
52,1,1480.657988416097,871.2778358585444,0.5086464706237023,21.04332733154297,0.6263633966445923,0,1,0,0,0,-0.022373396241651574,-0.9395480940081627,-0.9287625466197807,0,0,0,0,40,False,False,
52,2,1485.6956484906464,870.6935244406777,0.5687363100684276,26.66674041748047,0.5379207730293274,0,1,0,0,0,-0.0186189279809576,-0.9260627316702206,-0.9636412662971273,0,0,0,0,40,False,False,
52,3,1486.6502027126728,869.4146111545621,-0.07186675272259571,24.685304641723633,0.46544110774993896,0,1,0,0,0,0.07572241879455596,-0.9232891663158147,-0.8899186728737567,2,0,0,0,40,False,False,
52,4,1466.6869841674977,870.5076804662998,1.054578245308675,34.652835845947266,0.7597944140434265,0,1,0,0,0,0.07440782121004064,-0.9764953095244986,-0.8818259666161378,0,0,0,0,40,False,False,
52,5,1473.4417570426272,872.0655492791378,-0.18003920267040333,29.62979507446289,0.569392740726471,0,1,0,0,0,-0.04553332060769561,-0.958821569074774,-0.8846927036505589,0,0,0,0,40,False,False,
52,6,1443.1301133672923,878.4339839177767,1.3996736356103145,59.8807487487793,3.8753695487976074,0,2,0,1,1,-0.3548806870466693,-0.9440359549096385,-0.2541180973080618,0,0,0,0,40,False,False,
52,7,1500.5854665256038,870.0283296906949,-0.17941898469697906,10.880646705627441,0.42704254388809204,0,1,0,0,0,0.011926256482838463,-0.8863171505258884,-0.9396489236214856,0,0,0,0,40,False,False,
53,0,1491.8061682842676,870.3580656333756,0.19366777392893292,13.286983489990234,0.49533161520957947,0,1,0,0,0,0.0006712580659217969,-0.9097439969262328,-0.9612730223133473,0,0,0,0,41,False,False,
53,1,1480.657988416097,871.2778358585444,0.0,21.04332733154297,0.628154456615448,0,1,0,0,0,-0.022373396241651574,-0.9395480940081627,-0.9287625466197807,1,0,0,0,41,False,False,
53,2,1484.8253091575948,870.7676407596658,0.8734894294705999,27.540250778198242,0.555772602558136,0,1,0,0,0,-0.02485685671750812,-0.9283903735370997,-0.9608265239609979,0,0,0,0,41,False,False,
53,3,1486.4607752240604,869.4091451807175,0.18950633317139337,24.87471580505371,0.4713675081729889,0,1,0,0,0,0.07615900277031643,-0.9237906657881334,-0.8879401800906822,0,0,0,0,41,False,False,
53,4,1465.4213490445543,870.5920233941489,1.2684423494611001,35.921268463134766,0.7790225744247437,0,1,0,0,0,0.07699651122293763,-0.9798566330818886,-0.8831160182919571,0,0,0,0,41,False,False,
53,5,1473.5630733388325,872.0575118416975,-0.12158225251068822,29.751399993896484,0.5833170413970947,0,1,0,0,0,-0.04446760060157733,-0.958498089189615,-0.8848095925633839,0,0,0,0,41,False,False,
53,6,1442.0388966245018,878.7478831565156,1.1354676181324421,61.01618957519531,3.881723642349243,0,2,0,1,1,-0.38018101750332106,-0.946565625421312,-0.2183583228050412,0,0,0,0,41,False,False,
53,7,1500.4470914892574,870.0320247904488,0.13842436362875654,11.019002914428711,0.44279539585113525,0,1,0,0,0,0.012498230513253676,-0.8866860299237043,-0.9401620242129566,0,0,0,0,41,False,False,
54,0,1491.3013069747942,870.3796561759281,0.5053227615405118,13.792325973510742,0.5093594789505005,0,1,0,0,0,0.00374335381295244,-0.911091552778212,-0.9622042494679826,0,0,0,0,42,False,False,
54,1,1480.7955158499583,871.2683751301909,-0.13785245897500004,21.181224822998047,0.6357883214950562,0,1,0,0,0,-0.02329972602987785,-0.9391806130538126,-0.9289387304280392,0,0,0,0,42,False,False,
54,2,1483.657741592854,870.8709828335711,1.1721320755246925,28.712417602539062,0.5712890028953552,0,1,0,0,0,-0.02820570883456652,-0.9315132175762031,-0.9565893723365536,0,0,0,0,42,False,False,
54,3,1486.4607752240604,869.4091451807175,0.0,24.87471580505371,0.4718215763568878,0,1,0,0,0,0.07615900277031643,-0.9237906657881334,-0.8879401800906822,1,0,0,0,42,False,False,
54,4,1464.6870939665262,870.6405517361372,0.7358569966959544,36.65712356567383,0.7901735305786133,0,1,0,0,0,0.08566501383131171,-0.9818028916296627,-0.883812613608648,0,0,0,0,42,False,False,
54,5,1473.8200577051036,872.0413424801451,-0.2574925489423516,30.008867263793945,0.591757595539093,0,1,0,0,0,-0.04166594575148995,-0.9578130071395775,-0.884963857913851,0,0,0,0,42,False,False,
54,6,1441.4580609168452,878.9182894618036,0.6053167998419854,61.62160110473633,3.891282796859741,0,2,0,1,1,-0.3947159826676436,-0.9478878274766493,-0.19891960226782213,0,0,0,0,42,False,False,
54,7,1500.2611895856153,870.0366143873218,0.18595854962123895,11.204972267150879,0.45560675859451294,0,1,0,0,0,0.013841080143464524,-0.8871818310152778,-0.9409097566423719,0,0,0,0,42,False,False,
55,0,1490.9250381384277,870.3945741584131,0.3765644478996894,14.168844223022461,0.5220664739608765,0,1,0,0,0,0.00578973404952276,-0.9120955599952243,-0.9630323448116016,0,0,0,0,43,False,False,
55,1,1480.616603581717,871.2806791891363,0.17933485325990267,21.36060333251953,0.6348243951797485,0,1,0,0,0,-0.02347216824686661,-0.9396586331142743,-0.9287040950168218,0,0,0,0,43,False,False,
55,2,1482.3842938597331,870.9752215765669,1.2777068695644194,29.990114212036133,0.5909777283668518,0,1,0,0,0,-0.025255908944398837,-0.9349178621570423,-0.9529684495413232,0,0,0,0,43,False,False,
55,3,1486.4404375091663,869.4085556975671,0.02034625610514655,24.895109176635742,0.46834999322891235,0,1,0,0,0,0.07629476864507738,-0.9238446708390151,-0.8877347669076711,2,0,0,0,43,False,False,
55,4,1464.4750485989139,870.6545379801967,0.21250612449692355,36.86962127685547,0.8023296594619751,0,1,0,0,0,0.08849717612324039,-0.9823642485264134,-0.8840107158746978,0,0,0,0,43,False,False,
55,5,1474.0248019993066,872.0286011219501,-0.20514036223372853,30.213972091674805,0.5981941223144531,0,1,0,0,0,-0.040703410782387234,-0.9572671844249333,-0.8850515317450163,0,0,0,0,43,False,False,
55,6,1441.2495318585704,878.979411252087,0.21730218911086874,61.83888244628906,3.8973844051361084,0,2,0,1,1,-0.3987065819339768,-0.9483583144414338,-0.1919447445041057,0,0,0,0,43,False,False,
55,7,1499.763519914916,870.0454580901943,0.4977482417994731,11.70273208618164,0.47382229566574097,0,1,0,0,0,0.01846031396530634,-0.8885086382968801,-0.9433136797590254,0,0,0,0,43,False,False,
56,0,1490.2404722747692,870.4171825614583,0.6849390933321136,14.85378646850586,0.5411777496337891,0,1,0,0,0,0.01021204614769652,-0.9139218426892948,-0.9650928978136485,0,0,0,0,44,False,False,
56,1,1480.5473490552981,871.2854562182268,0.06941908553453419,21.429981231689453,0.6295090913772583,0,1,0,0,0,-0.023675136057186012,-0.9398435133229958,-0.928616428332203,1,0,0,0,44,False,False,
56,2,1480.956318865595,871.073320413119,1.4313406183074646,31.421457290649414,0.6126352548599243,0,1,0,0,0,-0.017980779303071712,-0.9387333450676363,-0.9511644468350119,0,0,0,0,44,False,False,
56,3,1486.3439688111037,869.4056567067565,0.09651224716910892,24.991588592529297,0.4676607847213745,0,1,0,0,0,0.0772340384478999,-0.9241000560631426,-0.8867158766416904,3,0,0,0,44,False,False,
56,4,1463.9522245009148,870.6869971824009,0.5238307334017902,37.393455505371094,0.813599705696106,0,1,0,0,0,0.09874260412235382,-0.9837456959710429,-0.8842599588267452,0,0,0,0,44,False,False,
56,5,1473.975828934841,872.0316642753072,0.04906876757823903,30.263017654418945,0.5968644022941589,0,1,0,0,0,-0.0410296104329316,-0.9573977027112455,-0.885029613287225,1,0,0,0,44,False,False,
56,6,1440.8904568473024,879.0855740470564,0.3744401190482209,62.213253021240234,3.8973515033721924,0,2,0,1,1,-0.4075502834801581,-0.9491624045131615,-0.1798322631237177,0,0,0,0,44,False,False,
56,7,1499.323344029008,870.0502094608084,0.4402015289133353,12.142943382263184,0.4916442036628723,0,1,0,0,0,0.02314392053371187,-0.8896817684745201,-0.9458061199993185,0,0,0,0,44,False,False,
57,0,1489.2532558237285,870.4370042799686,0.98741542510226,15.841168403625488,0.5603035688400269,0,1,0,0,0,0.019030491571243147,-0.9165537218987986,-0.9695857528680806,0,0,0,0,45,False,False,
57,1,1480.4539920286488,871.2918505639216,0.09357575584333201,21.523584365844727,0.6260585784912109,0,1,0,0,0,-0.023465904271147843,-0.9400929524180663,-0.928498688980357,2,0,0,0,45,False,False,
57,2,1479.2430267785435,871.1953282874568,1.7176308383800154,33.13905334472656,0.6291027069091797,0,1,0,0,0,-0.021155240913453593,-0.9433112604523733,-0.9484893623085198,0,0,0,0,45,False,False,
57,3,1485.934331855232,869.3926382216141,0.40984377093149155,25.40146255493164,0.48086509108543396,0,1,0,0,0,0.07947507341244267,-0.9251846761162643,-0.8823025412089875,0,0,0,0,45,False,False,
57,4,1463.1239142381971,870.7303910094439,0.82944614987888,38.22296142578125,0.8283382654190063,0,1,0,0,0,0.12130545795476577,-0.9859230736205329,-0.8836884137788616,0,0,0,0,45,False,False,
57,5,1473.8768606091082,872.0379637947236,0.09916861117929238,30.36221694946289,0.5951482057571411,0,1,0,0,0,-0.041989698224565726,-0.9576616628179937,-0.884963857913851,2,0,0,0,45,False,False,
57,6,1440.4890710437016,879.2060370440912,0.4190726631347606,62.63243103027344,3.9024274349212646,0,2,0,1,1,-0.41871607296216096,-0.9500516342209796,-0.1660801353109943,0,0,0,0,45,False,False,
57,7,1498.7293515007784,870.0524472159121,0.5939967433753122,12.73694133758545,0.5082688331604004,0,1,0,0,0,0.028019970876947773,-0.891264247002867,-0.9496762857465962,0,0,0,0,45,False,False,
58,0,1488.7934204389908,870.4429840233366,0.45987426367172546,16.30104637145996,0.5787002444267273,0,1,0,0,0,0.023883761365493368,-0.9177792125242135,-0.9720708875513222,0,0,0,0,46,False,False,
58,1,1480.4539920286488,871.2918505639216,0.0,21.523584365844727,0.6230903267860413,0,1,0,0,0,-0.023465904271147843,-0.9400929524180663,-0.928498688980357,3,0,0,0,46,False,False,
58,2,1477.2525021972012,871.3559622390881,1.9969955872121041,35.13612365722656,0.6504815816879272,0,1,0,0,0,-0.029975076996529994,-0.9486314377890438,-0.9431082701492873,0,0,0,0,46,False,False,
58,3,1485.4161854345957,869.3769556616495,0.5183836956397943,25.91988754272461,0.4973714351654053,0,1,0,0,0,0.07998641792023338,-0.9265564473850426,-0.8768200109702345,0,0,0,0,46,False,False,
58,4,1462.2732369705093,870.7750582920038,0.8518491532496378,39.0748405456543,0.8385103344917297,0,1,0,0,0,0.14432526986824523,-0.9881458951452221,-0.8831160182919571,0,0,0,0,46,False,False,
58,5,1473.8085574064858,872.0423616176639,0.0684446370076574,30.43059539794922,0.5931352972984314,0,1,0,0,0,-0.04263918045012108,-0.9578435986704361,-0.8849127172278535,3,0,0,0,46,False,False,
58,6,1440.4890710437016,879.2060370440912,0.0,62.63243103027344,3.8940610885620117,0,2,0,1,1,-0.41871607296216096,-0.9500516342209796,-0.1660801353109943,1,0,0,0,46,False,False,
58,7,1497.8813593777516,870.0494380603662,0.8479974621027349,13.584968566894531,0.5278320908546448,0,1,0,0,0,0.033370797108992496,-0.893522615237546,-0.9559366139354453,0,0,0,0,46,False,False,
59,0,1488.590504096305,870.4455503224884,0.20293257013187646,16.504064559936523,0.5881563425064087,0,1,0,0,0,0.024270861527801595,-0.9183202056244918,-0.9731782985142159,0,0,0,0,47,False,False,
59,1,1480.4059756236134,871.2951204872373,0.04812761734200232,21.571666717529297,0.6215328574180603,0,1,0,0,0,-0.0232655405595507,-0.9402210902707411,-0.9284475482943595,4,0,0,0,47,False,False,
59,2,1475.2818505050084,871.5270117689389,1.9780611804502755,37.11411666870117,0.6721897721290588,0,1,0,0,0,-0.03770112131075223,-0.9538977839262991,-0.9363429955784032,0,0,0,0,47,False,False,
59,3,1485.330770170071,869.3744349608977,0.08545245079046968,26.005250930786133,0.4981467127799988,0,1,0,0,0,0.07975204712987723,-0.9267823110935831,-0.8759253205340403,1,0,0,0,47,False,False,
59,4,1461.947122379352,870.7929368991495,0.3266043036444789,39.4013786315918,0.8489972352981567,0,1,0,0,0,0.15407091849481971,-0.9889930885466526,-0.8829845146917558,0,0,0,0,47,False,False,
59,5,1473.8085574064858,872.0423616176639,0.0,30.43059539794922,0.5905877351760864,0,1,0,0,0,-0.04263918045012108,-0.9578435986704361,-0.8849127172278535,4,0,0,0,47,False,False,
59,6,1440.1873782975665,879.296458343473,0.31495162239999996,62.94731903076172,3.9028713703155518,0,2,0,1,1,-0.42510688934500723,-0.9507137044303082,-0.15576057949000643,0,0,0,0,47,False,False,
59,7,1496.7342229711824,870.0408566131665,1.1471685039751933,14.732095718383789,0.547176718711853,0,1,0,0,0,0.03693493777162821,-0.8965766177398286,-0.9649532400040112,0,0,0,0,47,False,False,
60,0,1488.590504096305,870.4455503224884,0.0,16.504064559936523,0.5837227702140808,0,1,0,0,0,0.024270861527801595,-0.9183202056244918,-0.9731782985142159,1,0,0,0,48,False,False,
60,1,1480.0444563896451,871.3185398208623,0.36227699584210354,21.933998107910156,0.6383278369903564,0,1,0,0,0,-0.0215093899578496,-0.9411867626800343,-0.9281617721971445,0,0,0,0,48,False,False,
60,2,1473.2075434994888,871.745309418031,2.0857620709818723,39.19990921020508,0.6894441843032837,0,1,0,0,0,-0.05609013124861077,-0.959440927274758,-0.9246577418880124,0,0,0,0,48,False,False,
60,3,1485.0017478291766,869.3651684344668,0.32915280542587133,26.334484100341797,0.5117830634117126,0,1,0,0,0,0.07985021082079193,-0.9276534463887873,-0.8725235787434497,0,0,0,0,48,False,False,
60,4,1461.7847693128344,870.8021420734057,0.1626138168813975,39.563995361328125,0.8606795072555542,0,1,0,0,0,0.15908145361076909,-0.9894137892642216,-0.8829552924635494,0,0,0,0,48,False,False,
60,5,1473.7384608004777,872.0468383796422,0.07023941608295556,30.500926971435547,0.5908308029174805,0,1,0,0,0,-0.04249658460429499,-0.958030738815059,-0.8848680370197964,5,0,0,0,48,False,False,
60,6,1439.5883606943835,879.472852862204,0.6244494496447341,63.57175064086914,3.9102251529693604,0,2,0,1,1,-0.4356386326220432,-0.9520152021544235,-0.13563378946594484,0,0,0,0,48,False,False,
60,7,1495.9667004981486,870.0379659415365,0.7675279164918843,15.499679565429688,0.5636537671089172,0,1,0,0,0,0.03526755092898889,-0.8986204322488299,-0.9706347158012885,0,0,0,0,48,False,False,
61,0,1488.6170135763878,870.4452182441058,-0.026511559937212135,16.530677795410156,0.5807866454124451,0,1,0,0,0,0.024326985741258668,-0.9182492839223717,-0.9730386407045786,2,0,0,0,49,False,False,
61,1,1480.026661012345,871.3196885254042,0.01783241361633788,21.951858520507812,0.6380786895751953,0,1,0,0,0,-0.02138140864329172,-0.9412343615583467,-0.9281471646563146,1,0,0,0,49,False,False,
61,2,1471.0470293228236,872.0318345587642,2.179430697187565,41.37935256958008,0.7092939019203186,0,1,0,0,0,-0.08549264563251249,-0.9652079040767021,-0.9053937329704946,0,0,0,0,49,False,False,
61,3,1484.7741100923474,869.3592542577427,0.22771455095136867,26.56209945678711,0.5235049724578857,0,1,0,0,0,0.07912371281517558,-0.9282557767822484,-0.870236540966348,0,0,0,0,49,False,False,
61,4,1461.7847693128344,870.8021420734057,0.0,39.563995361328125,0.8549508452415466,0,1,0,0,0,0.15908145361076909,-0.9894137892642216,-0.8829552924635494,1,0,0,0,49,False,False,
61,5,1473.3705799041961,872.0697948873609,0.3685964664720082,30.869443893432617,0.6038116216659546,0,1,0,0,0,-0.04256686895572936,-0.9590112958305185,-0.8846780889631825,0,0,0,0,49,False,False,
61,6,1438.9212890517267,879.6704614561021,0.6957253285738185,64.26752471923828,3.911576509475708,0,2,0,1,1,-0.45273811326927543,-0.9534361265366571,-0.11308454890370268,0,0,0,0,49,False,False,
61,7,1495.57633349924,870.0368417671006,0.3903686175975955,15.89006233215332,0.5779900550842285,0,1,0,0,0,0.035062659020086866,-0.899659893392831,-0.9734859894959489,0,0,0,0,49,False,False,
62,0,1488.715126460337,870.4440628742658,-0.09811968648685486,16.628705978393555,0.5795683264732361,0,1,0,0,0,0.024724727940953053,-0.9179880778546439,-0.9724890123278497,3,0,0,0,50,False,False,
62,1,1479.6947596840246,871.3394329512951,0.33248809616980385,22.284353256225586,0.653136134147644,0,1,0,0,0,-0.018448700635686224,-0.9421206482803882,-0.928096023970317,0,0,0,0,50,False,False,
62,2,1468.8721266358987,872.3690652693964,2.2008921486039563,43.580265045166016,0.7290151715278625,0,1,0,0,0,-0.11953491369243416,-0.9709911115385698,-0.8801624721584845,0,0,0,0,50,False,False,
62,3,1484.7741100923474,869.3592542577427,0.0,26.56209945678711,0.5081825256347656,0,1,0,0,0,0.07912371281517558,-0.9282557767822484,-0.870236540966348,1,0,0,0,50,False,False,
62,4,1461.852302966386,870.7983666254603,-0.06763910384708496,39.63160705566406,0.8501805067062378,0,1,0,0,0,0.15694090839719416,-0.9892390291074217,-0.8829772109213407,2,0,0,0,50,False,False,
62,5,1472.732659734106,872.1057262875718,0.6389313021984749,31.508392333984375,0.6189152598381042,0,1,0,0,0,-0.04038823325584215,-0.960711879260513,-0.8848168963337988,0,0,0,0,50,False,False,
62,6,1437.9653663709828,879.9571492343757,0.9979870008030854,65.26551818847656,3.9184770584106445,0,2,0,1,1,-0.4797911659620556,-0.9554123845038593,-0.0803547957271199,0,0,0,0,50,False,False,
62,7,1494.8778448832502,870.0376575002763,0.6984890923186681,16.58854866027832,0.5952924489974976,0,1,0,0,0,0.03310040304283493,-0.9015200513381592,-0.9782508510393308,0,0,0,0,50,False,False,
63,0,1488.4967163099398,870.4472011850258,0.21843269624978423,16.84711265563965,0.5915346145629883,0,1,0,0,0,0.023239802386602705,-0.9185701060780775,-0.9736321024236169,0,0,0,0,51,False,False,
63,1,1479.4722042704977,871.3523063135096,0.22292742214626174,22.507259368896484,0.662632942199707,0,1,0,0,0,-0.017585536970231727,-0.9427148407570878,-0.928103327740732,0,0,0,0,51,False,False,
63,2,1467.0332308071625,872.6607640499957,1.8618877644869354,45.44212341308594,0.7462113499641418,0,1,0,0,0,-0.14663580323477213,-0.9758470987324688,-0.8580463337473756,0,0,0,0,51,False,False,
63,3,1484.9119178500637,869.3627645794722,-0.13785245897500004,26.699840545654297,0.5108664035797119,0,1,0,0,0,0.07839935810379126,-0.9278912746191901,-0.8716151097658071,0,0,0,0,51,False,False,
63,4,1461.6043075376433,870.8129015722968,0.24842100828410926,39.88008117675781,0.863807737827301,0,1,0,0,0,0.16528045706298383,-0.9898808008374949,-0.8829918256087171,0,0,0,0,51,False,False,
63,5,1472.2662780313592,872.1322872002263,0.4671374259657892,31.97557830810547,0.6280884742736816,0,1,0,0,0,-0.042118995821039736,-0.9619550708036786,-0.8848899554775876,0,0,0,0,51,False,False,
63,6,1436.7248899282606,880.3254751329234,1.2940037760724203,66.55953216552734,3.9255244731903076,0,2,0,1,1,-0.5136428362779257,-0.9578691931628844,-0.03831555101073325,0,0,0,0,51,False,False,
63,7,1494.0107915443004,870.0466723486937,0.8671002018658512,17.45566177368164,0.6122021079063416,0,1,0,0,0,0.027879192951497583,-0.9038301885038953,-0.9831983568689117,0,0,0,0,51,False,False,
64,0,1487.9671923414219,870.4588921816476,0.529653011543445,17.376781463623047,0.6065900325775146,0,1,0,0,0,0.018657767495683843,-0.9199819589757926,-0.9759272908368811,0,0,0,0,52,False,False,
64,1,1478.9389671486686,871.3820949650662,0.5340685273054713,23.04129409790039,0.681692898273468,0,1,0,0,0,-0.0167455375040586,-0.9441384521831087,-0.9282494388817633,0,0,0,0,52,False,False,
64,2,1464.928045939415,873.0316855077238,2.137612232187101,47.57965087890625,0.7607114315032959,0,1,0,0,0,-0.20513792467698597,-0.9813213494336614,-0.828299463277214,0,0,0,0,52,False,False,
64,3,1485.1853185336665,869.3700379269297,-0.27349741384103204,26.97337532043457,0.5170342922210693,0,1,0,0,0,0.07832858308242091,-0.9271674168446778,-0.8743933153834957,0,0,0,0,52,False,False,
64,4,1461.0463701372607,870.849108673079,0.5591109879912762,40.43911361694336,0.8791390657424927,0,1,0,0,0,0.18869811073523188,-0.9913159172747571,-0.8834464817437756,0,0,0,0,52,False,False,
64,5,1472.2662780313592,872.1322872002263,0.0,31.97557830810547,0.6236221194267273,0,1,0,0,0,-0.042118995821039736,-0.9619550708036786,-0.8848899554775876,1,0,0,0,52,False,False,
64,6,1435.6338741293757,880.6388440464864,1.1351279881158605,67.69458770751953,3.9333128929138184,0,2,0,1,1,-0.5423933557740055,-0.9599239238199343,-0.0026219249411382206,0,0,0,0,52,False,False,
64,7,1493.6550845589072,870.0513805772283,0.3557381436864506,17.811405181884766,0.626362144947052,0,1,0,0,0,0.02633181321663882,-0.9047780346964149,-0.9851119491842246,0,0,0,0,52,False,False,
65,0,1487.3982924756313,870.4745068863422,0.5691141153575255,17.945842742919922,0.6223625540733337,0,1,0,0,0,0.015536295227604708,-0.9214990156455449,-0.9780162192013866,0,0,0,0,53,False,False,
65,1,1478.9251316012878,871.3828660766768,0.01385701932016542,23.055110931396484,0.6774708032608032,0,1,0,0,0,-0.016674961994569533,-0.9441752824349531,-0.9282494388817633,1,0,0,0,53,False,False,
65,2,1462.842317008793,873.3899764439446,2.116279179836878,49.696014404296875,0.7717581987380981,0,1,0,0,0,-0.2862568399855642,-0.9865657958048337,-0.7999311473134189,0,0,0,0,53,False,False,
65,3,1485.2426631468036,869.371564625512,-0.05736493235758887,27.03076934814453,0.5134841203689575,0,1,0,0,0,0.07817745791354709,-0.9270155223935267,-0.8749721713483406,1,0,0,0,53,False,False,
65,4,1460.463102274287,870.8915076056446,0.5848068650936948,41.023902893066406,0.8934134840965271,0,1,0,0,0,0.22302484555252608,-0.992797111399262,-0.8844580682393414,0,0,0,0,53,False,False,
65,5,1471.9518415317154,872.1502930921565,0.31495162239999996,32.29054641723633,0.639779269695282,0,1,0,0,0,-0.04327211401962359,-0.9627930894890911,-0.8849200281448149,0,0,0,0,53,False,False,
65,6,1434.3939472909037,880.9906639692631,1.288873858384115,68.9835205078125,3.93682861328125,0,2,0,1,1,-0.5837120672401612,-0.9621077299512288,0.037434067392275505,0,0,0,0,53,False,False,
65,7,1493.6550845589072,870.0513805772283,0.0,17.811405181884766,0.6257802844047546,0,1,0,0,0,0.02633181321663882,-0.9047780346964149,-0.9851119491842246,1,0,0,0,53,False,False,
66,0,1486.6327177441726,870.5031417434946,0.7661100602994361,18.71200180053711,0.639577329158783,0,1,0,0,0,0.009451097883933812,-0.9235418891132137,-0.9799143490702572,0,0,0,0,54,False,False,
66,1,1478.7064720788762,871.3947525772667,0.2189823637591064,23.274185180664062,0.6895080804824829,0,1,0,0,0,-0.01597075439609278,-0.9447592959574326,-0.9283452669223644,0,0,0,0,54,False,False,
66,2,1460.736801128395,873.7315038254808,2.1330349446148045,51.82900619506836,0.7825795412063599,0,1,0,0,0,-0.4614872874503059,-0.991363836953423,-0.773695603776258,0,0,0,0,54,False,False,
66,3,1485.4110992939993,869.3762534799184,-0.16850139773246806,27.199291229248047,0.5193158984184265,0,1,0,0,0,0.07846779468612415,-0.9265695624922554,-0.8767095825353499,0,0,0,0,54,False,False,
66,4,1459.868826409077,870.9374035447764,0.5960455026253919,41.620033264160156,0.9044419527053833,0,1,0,0,0,0.2800803086566235,-0.9942672971044476,-0.8858138752885347,0,0,0,0,54,False,False,
66,5,1471.7020112811135,872.1647040311669,0.25024553798019594,32.54072189331055,0.6572563052177429,0,1,0,0,0,-0.04433489317189014,-0.9634586224116121,-0.8849273319152299,0,0,0,0,54,False,False,
66,6,1433.4514069905767,881.2603907827071,0.9803748118098184,69.96385955810547,3.9414925575256348,0,2,0,1,1,-0.6215474638503982,-0.9636338341389916,0.06815095289762718,0,0,0,0,54,False,False,
66,7,1493.692056661901,870.0508921019914,-0.03697532971918814,17.84839630126953,0.624603807926178,0,1,0,0,0,0.026319990854554793,-0.9046794777110226,-0.9849138442382199,2,0,0,0,54,False,False,
67,0,1485.8578254072568,870.5325195612286,0.7754490247499307,19.487462997436523,0.6534453630447388,0,1,0,0,0,0.009380276933006195,-0.9256095671556186,-0.9817841053633058,0,0,0,0,55,False,False,
67,1,1478.7064720788762,871.3947525772667,0.0,23.274185180664062,0.6899434328079224,0,1,0,0,0,-0.01597075439609278,-0.9447592959574326,-0.9283452669223644,1,0,0,0,55,False,False,
67,2,1458.4880816110326,874.0846505559076,2.2762803168717625,54.1053466796875,4.002777099609375,0,2,1,1,1,-0.12757529782758562,-0.9052709346770664,-0.7470784632478275,0,0,0,0,55,False,False,
67,3,1485.2619838125113,869.372204162275,0.1491704521438807,27.3485164642334,0.5304849147796631,0,1,0,0,0,0.0784589456947635,-0.9269644838410358,-0.8751775916778982,0,0,0,0,55,False,False,
67,4,1459.2776781069822,870.9828594261113,0.592893373396494,42.21284484863281,0.9138890504837036,0,1,0,0,0,0.379170019566121,-0.9956449662087894,-0.8871404601095216,0,0,0,0,55,False,False,
67,5,1471.7020112811135,872.1647040311669,0.0,32.54072189331055,0.6580632925033569,0,1,0,0,0,-0.04433489317189014,-0.9634586224116121,-0.8849273319152299,1,0,0,0,55,False,False,
67,6,1432.9074283781454,881.4188742620579,0.5665948676169725,70.53042602539062,3.942089319229126,0,2,0,1,1,-0.6470793553554788,-0.9644517757294568,0.08622851362240369,0,0,0,0,55,False,False,
67,7,1493.8662852920493,870.0485234428104,-0.17424473050747663,18.022729873657227,0.6365112066268921,0,1,0,0,0,0.025949792143665225,-0.9042149775157065,-0.9839907730796572,0,0,0,0,55,False,False,
68,0,1485.034910995374,870.5631085893101,0.8234827368701878,20.3109073638916,0.6714439392089844,0,1,0,0,0,0.010150886983863138,-0.9278051464007927,-0.9838511170566565,0,0,0,0,56,False,False,
68,1,1478.6234421699658,871.3992173340389,0.0831498636601678,23.35731315612793,0.6908504366874695,0,1,0,0,0,-0.01566016704148012,-0.9449809024990239,-0.9283890966914006,2,0,0,0,56,False,False,
68,2,1456.7030496388913,874.3377446426874,1.8028853980022481,55.90823745727539,4.019659042358398,0,2,0,1,1,-0.1243461084161835,-0.9099918107532531,-0.7219511489531224,0,0,0,0,56,False,False,
68,3,1484.8375417332973,869.3606289516712,0.4245998870797256,27.77311134338379,0.5467017292976379,0,1,0,0,0,0.07976518502226086,-0.9280880118402215,-0.8708454553053273,0,0,0,0,56,False,False,
68,4,1458.5187273143476,871.0407100202674,0.7611524137023828,42.97407913208008,0.9180894494056702,0,1,0,0,0,0.6360168255879665,-0.9970919122478984,-0.8887828865484044,0,0,0,0,56,False,False,
68,5,1471.6647319866986,872.1668633591305,0.0373417794076562,32.5781364440918,0.6553873419761658,0,1,0,0,0,-0.044607640836183134,-0.9635581554533204,-0.8849346356856448,2,0,0,0,56,False,False,
68,6,1432.0722474735958,881.6674546741237,0.8713893300855691,71.40184020996094,3.9405908584594727,0,2,0,1,1,-0.6874891543425741,-0.9656063363235642,0.11459630074176586,0,0,0,0,56,False,False,
68,7,1494.1042994112966,870.0449102381377,-0.23804154303199018,18.260671615600586,0.6474125385284424,0,1,0,0,0,0.024776359533394535,-0.9035809495078163,-0.9827664696306654,0,0,0,0,56,False,False,
69,0,1484.13480940869,870.6004040127899,0.9008739173513046,21.21182632446289,0.6892800331115723,0,1,0,0,0,0.007697354770661807,-0.9302074262336353,-0.9856542711105836,0,0,0,0,57,False,False,
69,1,1478.6234421699658,871.3992173340389,0.0,23.35731315612793,0.6921014785766602,0,1,0,0,0,-0.01566016704148012,-0.9449809024990239,-0.9283890966914006,3,0,0,0,57,False,False,
69,2,1455.0989956486885,874.5392369058408,1.6166596226775949,57.524845123291016,4.038369178771973,0,2,0,1,1,-0.11994203273214023,-0.9142301058383225,-0.7005436120566468,0,0,0,0,57,False,False,
69,3,1484.701510167368,869.3567866017582,0.1360858206501383,27.90915298461914,0.5596739053726196,0,1,0,0,0,0.08079162061233597,-0.9284478828525405,-0.8694376571311155,0,0,0,0,57,False,False,
69,4,1457.870005285006,871.0873431286996,0.6503959702788933,43.62443542480469,0.9136931300163269,0,1,0,0,0,1.0,-0.9975416758639837,-0.8903642243087089,0,0,0,1,57,False,False,
69,5,1471.6647319866986,872.1668633591305,0.0,32.5781364440918,0.6542052626609802,0,1,0,0,0,-0.044607640836183134,-0.9635581554533204,-0.8849346356856448,3,0,0,0,57,False,False,
69,6,1431.3821225652707,881.8712774004326,0.7195943946771717,72.1214828491211,3.938354015350342,0,2,0,1,1,-0.7182581192575058,-0.9664720246732036,0.13784796105601038,0,0,0,0,57,False,False,
69,7,1494.4762867834283,870.039670756347,-0.3720242696315676,18.63277816772461,0.6496095657348633,0,1,0,0,0,0.02521436726849989,-0.9025894485812547,-0.9808017393093097,0,1,0,0,57,False,False,
70,0,1482.937267021284,870.6583899431345,1.1989454273451372,22.41073989868164,0.710018515586853,0,1,0,0,0,0.0034153207580014094,-0.933404482910833,-0.9870474554907374,0,0,0,0,58,False,False,
70,1,1478.4843170222364,871.4064526634384,0.1393131606210275,23.496538162231445,0.708645761013031,0,1,0,0,0,-0.014636292428962683,-0.9453520721027878,-0.9284913780633957,0,0,0,0,58,False,False,
70,2,1453.2115055454676,874.7435161996624,1.8985122911483119,59.42332077026367,4.058714389801025,0,2,0,1,1,-0.11582215321771577,-0.9192140363489869,-0.6792897259076486,0,0,0,0,58,False,False,
70,3,1484.2529917797865,869.3426859922109,0.4487399817135457,28.357860565185547,0.573391854763031,0,1,0,0,0,0.0842264046377655,-0.929634154548924,-0.8646289747518805,0,0,0,0,58,False,False,
70,4,1457.1902354764825,871.1349445106933,0.6814344312902063,44.305908203125,4.130273342132568,0,2,1,1,1,-0.019103412223800673,-0.9087535341489972,-0.89490179530393,0,0,0,0,58,False,False,
70,5,1471.3503696626751,872.1861209209409,0.31495162239999996,32.8930549621582,0.6693736910820007,0,1,0,0,0,-0.047823642073578615,-0.9643956299425447,-0.8848168963337988,0,0,0,0,58,False,False,
70,6,1430.4219742414937,882.1574700465372,1.0018937240725763,73.1233139038086,3.9334285259246826,0,2,0,1,1,-0.7672741000874712,-0.9675199583039736,0.17051911255215968,0,0,0,0,58,False,False,
70,7,1494.5275189953497,870.0389458094498,-0.05123734074244453,18.683931350708008,0.6451091170310974,0,1,0,0,0,0.025137883973937708,-0.9024531469332048,-0.9805305778994711,1,0,0,0,58,False,False,
71,0,1481.9234234515973,870.7039769973109,1.0148679536292782,23.42555809020996,0.7266863584518433,0,1,0,0,0,0.00584824317473552,-0.9361105566509552,-0.988645201721563,0,0,0,0,59,False,False,
71,1,1478.3558475280481,871.4131202563744,0.1286424025449531,23.625253677368164,0.7203981876373291,0,1,0,0,0,-0.014662589725743816,-0.945695219711451,-0.9285872061039968,0,0,0,0,59,False,False,
71,2,1451.0491853344813,874.9616650015538,2.1732964810644027,61.596649169921875,4.07816219329834,0,2,0,1,1,-0.1197383408375774,-0.9249146442826824,-0.6568355915848216,0,0,0,0,59,False,False,
71,3,1483.9451270962531,869.333261882743,0.3080088914404006,28.66598892211914,0.5861690044403076,0,1,0,0,0,0.0846872104214703,-0.9304486444669505,-0.8613522689370043,0,0,0,0,59,False,False,
71,4,1456.6160818584085,871.1744995802649,0.5755145355907291,44.88136672973633,4.14901876449585,0,2,0,1,1,-0.018700086188275754,-0.9102874364890543,-0.8986637373258859,0,0,0,0,59,False,False,
71,5,1470.9569382148436,872.2123445316786,0.3943044279524554,33.28736114501953,0.6868701577186584,0,1,0,0,0,-0.0528024708508585,-0.965443602623781,-0.8844142313237588,0,0,0,0,59,False,False,
71,6,1429.177768183704,882.5266663411334,1.2978268829792647,74.42119598388672,7.140838623046875,0,3,1,2,2,-0.3121075564243123,-0.8865573018899834,0.21264623120301085,0,0,0,0,59,False,False,
71,7,1494.2629823190096,870.0421443702736,0.2645560128224211,18.948476791381836,0.6602252125740051,0,1,0,0,0,0.026641522621769,-0.9031579854499149,-0.9819968205300954,0,0,0,0,59,False,False,
72,0,1481.334448750529,870.7272836232219,0.5894356600256958,24.0150089263916,0.7441494464874268,0,1,0,0,0,0.009509167464046678,-0.9376822540780678,-0.989949868978077,0,0,0,0,60,False,False,
72,1,1478.1246368894228,871.4248028737891,0.23150560028468956,23.856748580932617,0.7337081432342529,0,1,0,0,0,-0.013949114340786651,-0.9463123943264271,-0.9287999159108765,0,0,0,0,60,False,False,
72,2,1448.6182963471633,875.1816047147762,2.440818458246272,64.03748321533203,4.098632335662842,0,2,0,1,1,-0.123839111458997,-0.9313113327941238,-0.634637589484766,0,0,0,0,60,False,False,
72,3,1483.9451270962531,869.333261882743,0.0,28.66598892211914,0.5812988877296448,0,1,0,0,0,0.0846872104214703,-0.9304486444669505,-0.8613522689370043,1,0,0,0,60,False,False,
72,4,1456.5615371266035,871.1782620181316,0.05467434230393981,44.93606185913086,4.150473594665527,0,2,0,1,1,-0.01878556606533771,-0.9104332288025911,-0.8990222795584875,1,0,0,0,60,False,False,
72,5,1470.4507132793624,872.2494471946351,0.5075827941344943,33.794944763183594,0.7042691111564636,0,1,0,0,0,-0.05932942387014337,-0.9667915140595825,-0.8834976152832268,0,0,0,0,60,False,False,
72,6,1428.212489175772,882.8118348041326,1.0065210457033695,75.42765045166016,7.148945331573486,0,3,0,2,2,-0.31856931408519495,-0.8889193936662657,0.2451783394925129,0,0,0,0,60,False,False,
72,7,1493.8055370369573,870.0451758465805,0.457455326693766,19.4058837890625,0.6728194355964661,0,1,0,0,0,0.030503527102124256,-0.904376359473025,-0.9848115646528613,0,0,0,0,60,False,False,
73,0,1480.4412816633792,870.7605936291485,0.8937880073387878,24.9088191986084,0.7581750750541687,0,1,0,0,0,0.01139208180451716,-0.9400653809183573,-0.9921784551522197,0,0,0,0,61,False,False,
73,1,1477.5827870261016,871.4512572464375,0.5424952610054764,24.399263381958008,0.7506455779075623,0,1,0,0,0,-0.013221294737981755,-0.9477587967913004,-0.9294079941039277,0,0,0,0,61,False,False,
73,2,1445.9960314705816,875.4177948390458,2.632880334872168,66.67041778564453,4.119047164916992,0,2,0,1,1,-0.13753324306912368,-0.9381857586169416,-0.6108076020501098,0,0,0,0,61,False,False,
73,3,1484.0348810997398,869.3359261644797,-0.08979353840369386,28.75587272644043,0.5798683166503906,0,1,0,0,0,0.0838091951251335,-0.9302110418133559,-0.8622981000591963,2,0,0,0,61,False,False,
73,4,1456.4521464093739,871.1857970748773,0.1096499251991411,45.045692443847656,4.166451930999756,0,2,0,1,1,-0.018784977081078107,-0.9107254569433858,-0.899739585566629,0,0,0,0,61,False,False,
73,5,1470.4507132793624,872.2494471946351,0.0,33.794944763183594,0.7053610682487488,0,1,0,0,0,-0.05932942387014337,-0.9667915140595825,-0.8834976152832268,1,0,0,0,61,False,False,
73,6,1427.3938457798604,883.0478472416582,0.8519852582859239,76.27971649169922,7.153112411499023,0,3,0,2,2,-0.32067263029776366,-0.8909147920296043,0.27207519584681594,0,0,0,0,61,False,False,
73,7,1493.684966196097,870.0458705703838,0.12057284232727147,19.526491165161133,0.6799483299255371,0,1,0,0,0,0.031158282555611864,-0.9046976010058899,-0.9855666026393282,0,0,0,0,61,False,False,
74,0,1480.0736578072622,870.7732685450788,0.3678422937621331,25.27671241760254,0.7732282876968384,0,1,0,0,0,0.013403273064998998,-0.9410462121464628,-0.9932265716663391,0,0,0,0,62,False,False,
74,1,1477.3195103551345,871.464267175465,0.2635979205700516,24.662893295288086,0.7675657272338867,0,1,0,0,0,-0.013785082823059094,-0.9484616431482029,-0.9296791555137663,0,0,0,0,62,False,False,
74,2,1443.1255002011994,875.7297966914489,2.8874374321192757,69.55780792236328,4.139420509338379,0,2,0,1,1,-0.17022730158393845,-0.9456453215217537,-0.578319344969283,0,0,0,0,62,False,False,
74,3,1483.808354713414,869.3292473754647,0.22662482195138595,28.982534408569336,0.5865143537521362,0,1,0,0,0,0.08441124336023778,-0.9308102021155268,-0.8599225451584549,0,0,0,0,62,False,False,
74,4,1456.2867398562187,871.1969829952986,0.16578435584333998,45.21147537231445,4.179484844207764,0,2,0,1,1,-0.01807878638113986,-0.9111673660548892,-0.9007934867633954,0,0,0,0,62,False,False,
74,5,1470.5882167139403,872.2396438317058,-0.13785245897500004,33.93286895751953,0.7186362147331238,0,1,0,0,0,-0.057428320030918356,-0.9664252338309315,-0.8837176431536142,0,0,0,0,62,False,False,
74,6,1426.6326549313242,883.2603504661806,0.7902968608869306,77.06993865966797,7.158906936645508,0,3,0,2,2,-0.321242635011452,-0.8927641179954959,0.29624904650778006,0,0,0,0,62,False,False,
74,7,1493.4784564982208,870.0469703974327,0.2065126265787764,19.7329158782959,0.696944534778595,0,1,0,0,0,0.03161851148286385,-0.9052473895701776,-0.9868712698958423,0,0,0,0,62,False,False,
75,0,1479.9467006263353,870.7774541112803,0.1270261577522518,25.403736114501953,0.7899225354194641,0,1,0,0,0,0.014445477188852212,-0.9413848548953593,-0.9936008608672614,0,0,0,0,63,False,False,
75,1,1477.1331134037962,871.4737710774864,0.18663908385404746,24.84953498840332,0.778427243232727,0,1,0,0,0,-0.014926029185405632,-0.9489592204631645,-0.929840731781195,0,0,0,0,63,False,False,
75,2,1440.8278208854174,876.0385509605294,2.3183311749721156,71.87606811523438,4.158198356628418,0,2,0,1,1,-0.20977589570276095,-0.9515315566808774,-0.5452383819166992,0,0,0,0,63,False,False,
75,3,1483.805623930386,869.3291668362575,0.0027319704445822814,28.985219955444336,0.5794169902801514,0,1,0,0,0,0.08442561596231522,-0.9308173087729732,-0.8598933157837023,1,0,0,0,63,False,False,
75,4,1456.0039363999285,871.2158946484184,0.28343508165611714,45.49494552612305,4.191314697265625,0,2,0,1,1,-0.017751628228003507,-0.911922991736263,-0.9025793372418653,0,0,0,0,63,False,False,
75,5,1470.4640042800288,872.2487511591477,0.12454586364612506,34.057472229003906,0.7348359227180481,0,1,0,0,0,-0.05929909917483782,-0.9667560751767672,-0.8834830077423969,0,0,0,0,63,False,False,
75,6,1425.582381793124,883.5543720933844,1.0906522736823308,78.16060638427734,7.160355091094971,0,3,0,2,2,-0.33026158288056673,-0.8952996158607862,0.3296961414252364,0,0,0,0,63,False,False,
75,7,1492.9605316297382,870.0512480912998,0.517942533547429,20.250877380371094,0.7104153037071228,0,1,0,0,0,0.030191106197318303,-0.9066270904746653,-0.9899644800921802,0,0,0,0,63,False,False,
76,0,1479.5070196174645,870.7891318519167,0.43983605944489285,25.84346580505371,0.8083143830299377,0,1,0,0,0,0.018900341624812238,-0.9425569598266639,-0.9952643588981878,0,0,0,0,64,False,False,
76,1,1476.6354268429732,871.5007430988902,0.498416896545834,25.347946166992188,0.7890301942825317,0,1,0,0,0,-0.017415912030476002,-0.9502878325001992,-0.930075360045866,0,0,0,0,64,False,False,
76,2,1438.2686193253153,876.3799485646789,2.5818723727844652,74.45793914794922,4.170557975769043,0,2,0,1,1,-0.24284591755207302,-0.9579895078336721,-0.508695688963091,0,0,0,0,64,False,False,
76,3,1483.805623930386,869.3291668362575,0.0,28.985219955444336,0.5764416456222534,0,1,0,0,0,0.08442561596231522,-0.9308173087729732,-0.8598933157837023,2,0,0,0,64,False,False,
76,4,1456.0039363999285,871.2158946484184,0.0,45.49494552612305,4.192981243133545,0,2,0,1,1,-0.017751628228003507,-0.911922991736263,-0.9025793372418653,1,0,0,0,64,False,False,
76,5,1470.2057754638104,872.2688459342934,0.2590095008173904,34.316429138183594,0.7515771389007568,0,1,0,0,0,-0.0634613414290205,-0.9674432765249694,-0.882874936695892,0,0,0,0,64,False,False,
76,6,1424.5631153659072,883.8402243408732,1.058591307845336,79.21920776367188,7.163422584533691,0,3,0,2,2,-0.3392780523449201,-0.8977409344499767,0.36222070296174613,0,0,0,0,64,False,False,
76,7,1492.1368731916434,870.0556671411993,0.8236702924390371,21.07461929321289,0.7162081003189087,0,1,0,0,0,0.03280536372278738,-0.90882088568862,-0.99516938531654,0,0,0,0,64,False,False,
77,0,1479.5070196174645,870.7891318519167,0.0,25.84346580505371,0.8011960983276367,0,1,0,0,0,0.018900341624812238,-0.9425569598266639,-0.9952643588981878,1,0,0,0,65,False,False,
77,1,1475.8322185656536,871.5465954203999,0.8045159862565119,26.152353286743164,0.8084229230880737,0,1,0,0,0,-0.02011880968901462,-0.9524318953148815,-0.9301776414178611,0,0,0,0,65,False,False,
77,2,1435.4571738835782,876.7666765502441,2.8379189570323806,77.29593658447266,4.184971809387207,0,2,0,1,1,-0.29709837800731975,-0.9648864618885271,-0.46714675450172394,0,0,0,0,65,False,False,
77,3,1483.9434111217129,869.3334083397269,-0.13785245897500004,29.122982025146484,0.5864933729171753,0,1,0,0,0,0.08479629525042533,-0.9304532277993062,-0.8613595727074194,0,0,0,0,65,False,False,
77,4,1456.0632034936257,871.211961531398,-0.05939745621482274,45.55440139770508,4.192471981048584,0,2,0,1,1,-0.017397984172384896,-0.9117645031336613,-0.9022061517357017,2,0,0,0,65,False,False,
77,5,1470.2057754638104,872.2688459342934,0.0,34.316429138183594,0.7490993142127991,0,1,0,0,0,-0.0634613414290205,-0.9674432765249694,-0.882874936695892,1,0,0,0,65,False,False,
77,6,1423.2568521193311,884.1939252306017,1.3533026227529226,80.57251739501953,7.165256977081299,0,3,0,2,2,-0.3451462223804735,-0.9008492204306541,0.40213936725964716,0,0,0,0,65,False,False,
77,7,1491.5364447760585,870.060618962266,0.6004488344345517,21.67498207092285,0.7196905016899109,0,1,0,0,0,0.03152413766294128,-0.9104199225153897,-0.9987537786515407,0,0,0,0,65,False,False,
78,0,1479.4804586004066,870.7898378878505,0.026570399204589406,25.870086669921875,0.7995042204856873,0,1,0,0,0,0.01890891670503139,-0.942627920916989,-0.9953674866892714,2,0,0,0,66,False,False,
78,1,1475.5526199321419,871.5625224458408,0.2800518987635507,26.432470321655273,0.8258606195449829,0,1,0,0,0,-0.02036068518511532,-0.9531784964905194,-0.9302141745630287,0,0,0,0,66,False,False,
78,2,1433.038164682823,877.0954830903801,2.4412536234841555,79.73712921142578,4.199323654174805,0,2,0,1,1,-0.3593189694916033,-0.9705597266576477,-0.4318701437073287,0,0,0,0,66,False,False,
78,3,1483.9761368351988,869.3344162589776,-0.0327412312592437,29.155834197998047,0.5792475342750549,0,1,0,0,0,0.08470093297334214,-0.9303663869134113,-0.8617119403239364,1,0,0,0,66,False,False,
78,4,1455.8072296144433,871.2288252934756,0.25652877673882013,45.810935974121094,4.199411869049072,0,2,0,1,1,-0.017225786284592776,-0.9124483496922315,-0.9037869034792018,0,0,0,0,66,False,False,
78,5,1470.2398129963296,872.2662022216521,-0.034140047400801364,34.35059356689453,0.7496342062950134,0,1,0,0,0,-0.0631895822883583,-0.967352634661036,-0.8829626033805108,2,0,0,0,66,False,False,
78,6,1422.4642702461233,884.4007332696449,0.8191187891572835,81.39166259765625,7.169146537780762,0,3,0,2,2,-0.3465574894819459,-0.9027242778754662,0.42290460115238915,0,0,0,0,66,False,False,
78,7,1490.6319354564396,870.0724813451227,0.9045871021656074,22.579601287841797,0.7328828573226929,0,1,0,0,0,0.02921132823680542,-0.9128297746234773,-0.9963790743014851,0,0,0,0,66,False,False,
79,0,1479.139504507868,870.7991232856559,0.341080506378168,26.21115493774414,0.8180934190750122,0,1,0,0,0,0.018792295789245687,-0.9435370465851657,-0.9966283179235212,0,0,0,0,67,False,False,
79,1,1474.9632592376372,871.5935670604756,0.5901777667151306,27.02264404296875,0.8382307887077332,0,1,0,0,0,-0.01825277914617516,-0.9547516663259827,-0.9306030753247133,0,0,0,0,67,False,False,
79,2,1430.3694637324782,877.5047111909203,2.699894886961911,82.43702697753906,4.207752704620361,0,2,0,1,1,-0.476653501761776,-0.9762447067643646,-0.3873789475092456,0,0,0,0,67,False,False,
79,3,1484.1461397982089,869.3394589326239,-0.1700777351381486,29.32583236694336,0.5875195264816284,0,1,0,0,0,0.08343568229506168,-0.9299169825705784,-0.8635004921969432,0,0,0,0,67,False,False,
79,4,1455.8072296144433,871.2288252934756,0.0,45.810935974121094,4.194187641143799,0,2,0,1,1,-0.017225786284592776,-0.9124483496922315,-0.9037869034792018,1,0,0,0,67,False,False,
79,5,1470.3540838220172,872.2574546185061,-0.11460515766795981,34.46518325805664,0.7582813501358032,0,1,0,0,0,-0.06190386614418028,-0.9670485116452521,-0.8832118463325582,0,0,0,0,67,False,False,
79,6,1422.179394921084,884.4750719131166,0.29441498727058085,81.68599700927734,7.165698051452637,0,3,0,2,2,-0.34924967630778764,-0.9033948163295913,0.43036879724081567,0,0,0,0,67,False,False,
79,7,1490.219428203095,870.0787478559739,0.4125548487415186,22.992124557495117,0.7512860894203186,0,1,0,0,0,0.028246750113865144,-0.9139287610661299,-0.9942527710626445,0,0,0,0,67,False,False,
80,0,1479.1223660417227,870.7995914786154,0.017144860059447358,26.228374481201172,0.8197504878044128,0,1,0,0,0,0.01875313104756913,-0.9435829449772173,-0.996686767516514,1,0,0,0,68,False,False,
80,1,1474.2454995323108,871.6253860907836,0.718464644418859,27.741121292114258,0.8567354679107666,0,1,0,0,0,-0.013525189727153651,-0.9566671933303951,-0.9317908456285376,0,0,0,0,68,False,False,
80,2,1427.5368641641674,877.951036404085,2.867547124338306,85.30461883544922,4.210835933685303,0,2,0,1,1,-0.6575998013279559,-0.9810878822849942,-0.33872365883050715,0,0,0,0,68,False,False,
80,3,1484.0439632490522,869.3364588359755,0.10222058392250585,29.428049087524414,0.5934597849845886,0,1,0,0,0,0.08356849408303522,-0.9301872274063941,-0.8624295965128512,0,0,0,0,68,False,False,
80,4,1455.8397373493497,871.2266875510403,-0.03257794915998058,45.843475341796875,4.194103717803955,0,2,0,1,1,-0.017132880952263146,-0.9123616054842397,-0.9035893300575851,2,0,0,0,68,False,False,
80,5,1470.2878445145654,872.2625837347778,0.06643759241123152,34.53166580200195,0.7573376297950745,0,1,0,0,0,-0.06279885035728765,-0.9672249416529333,-0.8830575738355446,1,0,0,0,68,False,False,
80,6,1422.179394921084,884.4750719131166,0.0,81.68599700927734,7.146782398223877,0,3,0,2,2,-0.34924967630778764,-0.9033948163295913,0.43036879724081567,1,0,0,0,68,False,False,
80,7,1490.219428203095,870.0787478559739,0.0,22.992124557495117,0.7485954165458679,0,1,0,0,0,0.028246750113865144,-0.9139287610661299,-0.9942527710626445,1,0,0,0,68,False,False,
81,0,1479.1223660417227,870.7995914786154,0.0,26.228374481201172,0.8196629881858826,0,1,0,0,0,0.01875313104756913,-0.9435829449772173,-0.996686767516514,2,0,0,0,69,False,False,
81,1,1473.4543150520406,871.6514513052265,0.7916137171780337,28.53268814086914,0.8755406737327576,0,1,0,0,0,-0.006609083365607502,-0.9587779301057173,-0.934172853860673,0,0,0,0,69,False,False,
81,2,1424.5496233825643,878.4435329769638,3.0275667394080306,88.3321304321289,7.431414604187012,0,3,1,2,2,-0.18001150645351724,-0.9004928035456488,-0.28479124594948046,0,0,0,0,69,False,False,
81,3,1484.0439632490522,869.3364588359755,0.0,29.428049087524414,0.5863085389137268,0,1,0,0,0,0.08356849408303522,-0.9301872274063941,-0.8624295965128512,1,0,0,0,69,False,False,
81,4,1455.5574387656563,871.2452824594936,0.2829103408778622,46.12631607055664,4.209929466247559,0,2,0,1,1,-0.01735153270032015,-0.9131155655045976,-0.9053385902185163,0,0,0,0,69,False,False,
81,5,1470.2878445145654,872.2625837347778,0.0,34.53166580200195,0.7512983679771423,0,1,0,0,0,-0.06279885035728765,-0.9672249416529333,-0.8830575738355446,2,0,0,0,69,False,False,
81,6,1422.3127369620745,884.4400976289937,-0.13785245897500004,81.82380676269531,7.144740581512451,0,3,0,2,2,-0.3487856239645415,-0.9030813086007246,0.42685292510430806,0,0,0,0,69,False,False,
81,7,1490.3451648122802,870.0768226750412,-0.12575134675633273,23.117870330810547,0.7519606351852417,0,1,0,0,0,0.028060471915306254,-0.9135937675034608,-0.994898223013383,0,0,0,0,69,False,False,
82,0,1479.1387958467687,870.7991412076844,-0.016435973891557484,26.244861602783203,0.820567786693573,0,1,0,0,0,0.018684022267587846,-0.9435389965662956,-0.9966356243738911,3,0,0,0,70,False,False,
82,1,1473.1800925553716,871.6603899465616,0.27436814135074045,28.807126998901367,0.8855323791503906,0,1,0,0,0,-0.006504386489689611,-0.9595097282631101,-0.9350082565479803,0,0,0,0,70,False,False,
82,2,1421.3144888960824,878.9209521429289,3.2701718923713123,91.6023941040039,7.445174694061279,0,3,0,2,2,-0.18527513776135973,-0.90887827599819,-0.2393483584611622,0,0,0,0,70,False,False,
82,3,1484.1817619143949,869.3403095859325,-0.13785245897500004,29.565919876098633,0.5991055369377136,0,1,0,0,0,0.08223533016791736,-0.9298226484632528,-0.863844698457478,0,0,0,0,70,False,False,
82,4,1455.1740309049717,871.2695405648575,0.3841744959139161,46.51050567626953,4.225579738616943,0,2,0,1,1,-0.015890036280015667,-0.9141397526416738,-0.9075854215256036,0,0,0,0,70,False,False,
82,5,1469.9738152582045,872.286670050431,0.31495162239999996,34.846675872802734,0.7617696523666382,0,1,0,0,0,-0.06397325340808746,-0.9680608364251496,-0.8823609856654001,0,0,0,0,70,False,False,
82,6,1422.139237447749,884.4854728218041,0.17933485325990267,82.00309753417969,7.144810676574707,0,3,0,2,2,-0.3499729586531417,-0.9034893201359129,0.4314088770168554,0,0,0,0,70,False,False,
82,7,1490.2246442725718,870.0787608101804,0.12053612263310558,23.23849105834961,0.7594109773635864,0,1,0,0,0,0.027674219121049583,-0.913915113429874,-0.9942819928441917,0,0,0,0,70,False,False,
83,0,1478.853355433688,870.8064169986798,0.2855331268948932,26.530353546142578,0.8381381630897522,0,1,0,0,0,0.020175299951101996,-0.94429993260093,-0.9977494962613843,0,0,0,0,71,False,False,
83,1,1472.94887512287,871.6682583248358,0.23135127505433212,29.038461685180664,0.8990362882614136,0,1,0,0,0,-0.007531204301946875,-0.960126579441843,-0.9356756296364649,0,0,0,0,71,False,False,
83,2,1418.0037209855368,879.3924185950777,3.344168771608231,94.94657897949219,7.458594799041748,0,3,0,2,2,-0.20144165259871444,-0.9173956653866064,-0.19963408539013794,0,0,0,0,71,False,False,
83,3,1484.1771300288788,869.3401801069808,0.004633694879135556,29.570560455322266,0.594179630279541,0,1,0,0,0,0.08225538566862775,-0.92983492200359,-0.8638008758349882,1,0,0,0,71,False,False,
83,4,1454.9762941331041,871.2818158459405,0.1981174234495144,46.708641052246094,4.240716457366943,0,2,0,1,1,-0.015228445627941609,-0.9146679604795745,-0.9087198214209553,0,0,0,0,71,False,False,
83,5,1469.9346344903358,872.2896621701484,0.039294851459011335,34.8858528137207,0.7635965347290039,0,1,0,0,0,-0.06397127625309622,-0.9681647806343511,-0.8822733189807813,1,0,0,0,71,False,False,
83,6,1421.6641512428125,884.6104123539137,0.4912400521178761,82.49434661865234,7.146187782287598,0,3,0,2,2,-0.35541637949095023,-0.9046029168730334,0.44397033302791855,0,0,0,0,71,False,False,
83,7,1490.2246442725718,870.0787608101804,0.0,23.23849105834961,0.7536031603813171,0,1,0,0,0,0.027674219121049583,-0.913915113429874,-0.9942819928441917,1,0,0,0,71,False,False,
84,0,1478.853355433688,870.8064169986798,0.0,26.530353546142578,0.8390101790428162,0,1,0,0,0,0.020175299951101996,-0.94429993260093,-0.9977494962613843,1,0,0,0,72,False,False,
84,1,1472.4616639265907,871.684073715399,0.4874678208440898,29.52589988708496,0.9034422636032104,0,1,0,0,0,-0.0067532268616130545,-0.9614263462539181,-0.9371710873487491,0,0,0,0,72,False,False,
84,2,1415.2656293365003,879.758533419241,2.7624601251413754,97.70899200439453,7.477508068084717,0,3,0,2,2,-0.21480976102491997,-0.924382681759839,-0.16963288362689632,0,0,0,0,72,False,False,
84,3,1484.094559828581,869.3378285520799,0.08260367902012897,29.653114318847656,0.5917850732803345,0,1,0,0,0,0.08284967994573612,-0.9300531993954058,-0.8629427042508687,2,0,0,0,72,False,False,
84,4,1454.9762941331041,871.2818158459405,0.0,46.708641052246094,4.243070602416992,0,2,0,1,1,-0.015228445627941609,-0.9146679604795745,-0.9087198214209553,1,0,0,0,72,False,False,
84,5,1469.6708415234725,872.3093502602106,0.26452665320692736,35.1503791809082,0.7746042609214783,0,1,0,0,0,-0.0642950095043678,-0.9688666748871906,-0.8817529074723489,0,0,0,0,72,False,False,
84,6,1421.0772867415458,884.7642705365662,0.6066978516660826,83.1010971069336,7.145508766174316,0,3,0,2,2,-0.36072824958294203,-0.9059719997595835,0.4594328294960952,0,0,0,0,72,False,False,
84,7,1490.2957212403264,870.0776219684161,-0.07108609080368503,23.30966567993164,0.7500749826431274,0,1,0,0,0,0.027649822921501116,-0.9137254964200849,-0.9946489791680173,2,0,0,0,72,False,False,
85,0,1478.9911602093425,870.8027914984052,-0.13785245897500004,26.6682186126709,0.8515954613685608,0,1,0,0,0,0.019524492124836316,-0.9439324702117923,-0.9972217850024693,0,0,0,0,73,False,False,
85,1,1472.4616639265907,871.684073715399,0.0,29.52589988708496,0.9001268148422241,0,1,0,0,0,-0.0067532268616130545,-0.9614263462539181,-0.9371710873487491,1,0,0,0,73,False,False,
85,2,1412.3701590746718,880.088550531663,2.9142167612626007,100.62324523925781,7.497009754180908,0,3,0,2,2,-0.22509566292811894,-0.9317211825245652,-0.14475106749392797,0,0,0,0,73,False,False,
85,3,1484.094559828581,869.3378285520799,0.0,29.653114318847656,0.5875896215438843,0,1,0,0,0,0.08284967994573612,-0.9300531993954058,-0.8629427042508687,3,0,0,0,73,False,False,
85,4,1454.8772906802665,871.287888944276,0.09918954681396516,46.80782699584961,4.245736598968506,0,2,0,1,1,-0.01480778762079606,-0.9149323858949341,-0.9092832479921349,2,0,0,0,73,False,False,
85,5,1469.0975814576793,872.3531385135107,0.5749300080535062,35.72541427612305,0.7846347689628601,0,1,0,0,0,-0.06878560649395998,-0.9703915952619474,-0.8804993817951507,0,0,0,0,73,False,False,
85,6,1420.2282606580072,884.9917925942195,0.8789832633489492,83.98005676269531,7.143799781799316,0,3,0,2,2,-0.37295916435605564,-0.9079339410261662,0.4823953119570412,0,0,0,0,73,False,False,
85,7,1490.1006081615228,870.0805019335244,0.19513433249742734,23.5048770904541,0.763632595539093,0,1,0,0,0,0.02862606131686505,-0.9142455359514294,-0.993637390885815,0,0,0,0,73,False,False,
86,0,1479.2645412856066,870.7948151258938,-0.27349741384103204,26.941650390625,0.8617627620697021,0,1,0,0,0,0.017473628076076074,-0.9432035939082781,-0.996275946733731,0,0,0,0,74,False,False,
86,1,1472.295575833869,871.6895753357813,0.16617918753806094,29.692129135131836,0.9159709811210632,0,1,0,0,0,-0.007258232490881116,-0.961869594033103,-0.9376695803993902,0,0,0,0,74,False,False,
86,2,1409.4534919673117,880.4172138619837,2.935126334564461,103.55833435058594,7.513184547424316,0,3,0,2,2,-0.2524824995316875,-0.9390075153079934,-0.12014041991734481,0,0,0,0,74,False,False,
86,3,1484.183570692274,869.3403323907642,-0.0890460727014448,29.742137908935547,0.5810777544975281,0,1,0,0,0,0.0823484279778452,-0.9298177906496888,-0.8638593202914007,4,0,0,0,74,False,False,
86,4,1454.8772906802665,871.287888944276,0.0,46.80782699584961,4.242682456970215,0,2,0,1,1,-0.01480778762079606,-0.9149323858949341,-0.9092832479921349,3,0,0,0,74,False,False,
86,5,1468.2590095469445,872.4231877379208,0.8414925687811484,36.566837310791016,0.7986820936203003,0,1,0,0,0,-0.07930389501558213,-0.9726193092470446,-0.8779484935251718,0,0,0,0,74,False,False,
86,6,1419.8869117089148,885.0828521711871,0.3532859346252525,84.33329010009766,-0.86236572265625,0,3,0,2,2,-0.3758619367053787,-0.908717995201079,0.4915654172559709,0,0,0,0,74,True,True,collision
86,7,1489.8815883172008,870.0832018355131,0.21903648480927726,23.723888397216797,0.776858389377594,0,1,0,0,0,0.030381971409984013,-0.9148289020306056,-0.9924350054479553,0,0,0,0,74,False,False,
87,0,1479.218761013952,870.7961525116274,0.045799802110672805,26.987445831298828,0.8551136255264282,0,1,0,0,0,0.017487913754148585,-0.9433256711530197,-0.9964375234478188,1,0,0,0,75,False,False,
87,1,1471.967485957554,871.7014690260322,0.3283053865049536,30.020347595214844,0.9318646788597107,0,1,0,0,0,-0.009464031041059685,-0.962744749215629,-0.9385269015444887,0,0,0,0,75,False,False,
87,2,1406.2978597578435,880.8149480576645,3.1805985493059112,106.73893737792969,7.531821250915527,0,3,0,2,2,-0.3012352268205973,-0.9466798249741037,-0.08847641691145014,0,0,0,0,75,False,False,
87,3,1483.9830004539974,869.3348004289196,0.20064651276373063,29.94277572631836,0.5932828187942505,0,1,0,0,0,0.08262825710844356,-0.9303483526038026,-0.8617996141551015,0,0,0,0,75,False,False,
87,4,1454.562954928138,871.3075754723154,0.31495162239999996,47.122772216796875,4.258235931396484,0,2,0,1,1,-0.015778896848837893,-0.9157719855916118,-0.9110983635780894,0,0,0,0,75,False,False,
87,5,1467.9436724582138,872.4493374596648,0.3164194802417831,36.88322448730469,0.8096828460693359,0,1,0,0,0,-0.08142022946013362,-0.973456338934422,-0.8770172699438099,0,0,0,0,75,False,False,
86,6,1419.8869117089148,885.0828521711871,0.3532859346252525,84.33329010009766,-0.86236572265625,0,3,0,2,2,-0.3758619367053787,-0.908717995201079,0.4915654172559709,0,0,0,0,74,True,True,collision
87,7,1489.8815883172008,870.0832018355131,0.0,23.723888397216797,0.7708638310432434,0,1,0,0,0,0.030381971409984013,-0.9148289020306056,-0.9924350054479553,1,0,0,0,75,False,False,
88,0,1478.858911110719,870.8061315580184,0.3599882417852529,27.347448348999023,0.8653135895729065,0,1,0,0,0,0.018747231432278806,-0.9442852708963813,-0.9977421907043328,0,0,0,0,76,False,False,
88,1,1471.3656652181537,871.7260894091739,0.6023241366890354,30.622655868530273,0.9470869302749634,0,1,0,0,0,-0.01298401911777963,-0.9643505883525636,-0.939773123451272,0,0,0,0,76,False,False,
88,2,1403.7178607497863,881.1641172077092,2.603519536496583,109.34241485595703,7.546627998352051,0,3,0,2,2,-0.3504495687624645,-0.9527206090861339,-0.059705450230707724,0,0,0,0,76,False,False,
88,3,1483.7882033637889,869.329758595781,0.19486232687490898,30.137664794921875,0.6073191165924072,0,1,0,0,0,0.08215802283549464,-0.9308637784077748,-0.8598421893907975,0,0,0,0,76,False,False,
88,4,1454.562954928138,871.3075754723154,0.0,47.122772216796875,4.259426116943359,0,2,0,1,1,-0.015778896848837893,-0.9157719855916118,-0.9110983635780894,1,0,0,0,76,False,False,
88,5,1467.9402525180426,872.4496210071942,0.0034316745149311316,36.88665771484375,0.8091198801994324,0,1,0,0,0,-0.08143938613822381,-0.9734654074608852,-0.8770026624029799,1,0,0,0,76,False,False,
86,6,1419.8869117089148,885.0828521711871,0.3532859346252525,84.33329010009766,-0.86236572265625,0,3,0,2,2,-0.3758619367053787,-0.908717995201079,0.4915654172559709,0,0,0,0,74,True,True,collision
88,7,1489.6678223575977,870.0859064059321,0.21378306805297348,23.937650680541992,0.7869585156440735,0,1,0,0,0,0.030378836162854996,-0.9153982870786057,-0.9912618400050061,0,0,0,0,76,False,False,
89,0,1478.4411018232183,870.8180283746173,0.4179786297970376,27.765342712402344,0.8804075717926025,0,1,0,0,0,0.018647201300667385,-0.9453991873559713,-0.9992230435557419,0,0,0,0,77,False,False,
89,1,1470.8940204324215,871.7470411203333,0.4721099216377789,31.094802856445312,0.9659391045570374,0,1,0,0,0,-0.015775417644089077,-0.965609270757571,-0.9405427707652053,0,0,0,0,77,False,False,
89,2,1401.0866563569014,881.5114744684334,2.654033463186788,111.99646759033203,7.559604644775391,0,3,0,2,2,-0.4050741459622486,-0.9586004959451483,-0.03141027202271163,0,0,0,0,77,False,False,
89,3,1483.3378363248307,869.3190635334231,0.45049401121286853,30.58810806274414,0.6197153925895691,0,1,0,0,0,0.08222393912793677,-0.9320551350255593,-0.8554296972505693,0,0,0,0,77,False,False,
89,4,1454.6779776293092,871.3005169265717,-0.1152390769345894,47.23797607421875,4.274287223815918,0,2,0,1,1,-0.014924605787213826,-0.9154648566308448,-0.9104544383083244,0,0,0,0,77,False,False,
89,5,1467.8856046070146,872.4541590742419,0.05483601218403897,36.941532135009766,0.8068589568138123,0,1,0,0,0,-0.08197197258246104,-0.9736105409910764,-0.8768419365745723,2,0,0,0,77,False,False,
86,6,1419.8869117089148,885.0828521711871,0.3532859346252525,84.33329010009766,-0.86236572265625,0,3,0,2,2,-0.3758619367053787,-0.908717995201079,0.4915654172559709,0,0,0,0,74,True,True,collision
89,7,1489.408707910201,870.0896740279996,0.25914183727407725,24.19683265686035,0.8046395778656006,0,1,0,0,0,0.029416805580488394,-0.9160887117197969,-0.9899133402995008,0,0,0,0,77,False,False,
90,0,1477.9623870923772,870.8322622158378,0.47892629470528525,28.244314193725586,0.8983720541000366,0,1,0,0,0,0.018274118594339937,-0.9466759282643548,-0.9991499698396983,0,0,0,0,78,False,False,
90,1,1470.116428214581,871.788682119046,0.7787063824189695,31.873504638671875,0.9840593338012695,0,1,0,0,0,-0.02295808019534099,-0.9676845401518397,-0.9409755048691993,0,0,0,0,78,False,False,
90,2,1398.225039672762,881.8269221653986,2.8789507283844293,114.87537384033203,7.568022727966309,0,3,0,2,2,-0.4712396646778037,-0.9645937205209356,-0.008110815606182098,0,0,0,0,78,False,False,
90,3,1482.8296346524442,869.3082395947561,0.5083169262034207,31.096525192260742,0.6365232467651367,0,1,0,0,0,0.08230438274627608,-0.9333998107021542,-0.8505990892669965,0,0,0,0,78,False,False,
90,4,1454.7136522505054,871.298336931984,-0.03574116637564457,47.27368927001953,4.274118900299072,0,2,0,1,1,-0.014743454674127241,-0.9153696508803756,-0.910249346719901,1,0,0,0,78,False,False,
90,5,1467.857593002539,872.4564848869912,0.028107995130111696,36.969703674316406,0.8052407503128052,0,1,0,0,0,-0.08219724381458995,-0.9736850462940307,-0.8767607232213476,3,0,0,0,78,False,False,
86,6,1419.8869117089148,885.0828521711871,0.3532859346252525,84.33329010009766,-0.86236572265625,0,3,0,2,2,-0.3758619367053787,-0.908717995201079,0.4915654172559709,0,0,0,0,74,True,True,collision
90,7,1489.2368656581007,870.092096371963,0.17185932432425877,24.368724822998047,0.8160021305084229,0,1,0,0,0,0.02986213295294375,-0.9165465921592748,-0.9890113362663904,0,0,0,0,78,False,False,
91,0,1477.1772488883887,870.8523135746926,0.7853942044312914,29.029726028442383,0.9106951355934143,0,1,0,0,0,0.021799673358460028,-0.9487691763139692,-0.9960778386611122,0,0,0,0,79,False,False,
91,1,1469.4527099798868,871.8252332374286,0.6647239121022293,32.5382080078125,0.9986191987991333,0,1,0,0,0,-0.025310773205238016,-0.9694557551695415,-0.9412174440508317,0,0,0,0,79,False,False,
91,2,1395.3132208692725,882.0966615378009,2.924285908282481,117.79971313476562,7.572609901428223,0,3,0,2,2,-0.5701467752388693,-0.9699952213773027,0.009468316386870734,0,0,0,0,79,False,False,
91,3,1482.0155456740013,869.2931954623306,0.814227972218276,31.910751342773438,0.6546345353126526,0,1,0,0,0,0.08321507597484015,-0.9355531666539829,-0.8431290615967123,0,0,0,0,79,False,False,
91,4,1454.7500167121373,871.2961112908941,-0.03643250674929342,47.31013488769531,4.270568370819092,0,2,0,1,1,-0.014786740432703343,-0.9152724871801927,-0.9100444552347766,2,0,0,0,79,False,False,
91,5,1467.5162051726586,872.4851891500742,0.3425924475374101,37.31221389770508,0.8202869296073914,0,1,0,0,0,-0.08583093773938168,-0.9745904131900452,-0.8757053069567455,0,0,0,0,79,False,False,
86,6,1419.8869117089148,885.0828521711871,0.3532859346252525,84.33329010009766,-0.86236572265625,0,3,0,2,2,-0.3758619367053787,-0.908717995201079,0.4915654172559709,0,0,0,0,74,True,True,collision
91,7,1489.2368656581007,870.092096371963,0.0,24.368724822998047,0.8138472437858582,0,1,0,0,0,0.02986213295294375,-0.9165465921592748,-0.9890113362663904,1,0,0,0,79,False,False,
92,0,1476.916098181861,870.8592364128343,0.2612424490925665,29.29092788696289,0.9180490374565125,0,1,0,0,0,0.02147304458986336,-0.9494653249651152,-0.9950963239394554,0,0,0,0,80,False,False,
92,1,1468.7734211479979,871.8655889153728,0.6804865155690009,33.218727111816406,1.0140228271484375,0,1,0,0,0,-0.029834897165420038,-0.971268597897055,-0.9411143158130889,0,0,0,0,80,False,False,
92,2,1392.1487375868235,882.2851462087513,3.1700916258181753,120.9698715209961,10.788267135620117,0,4,1,3,3,-0.1507718973233586,-0.8898763903983351,0.01603124721642013,0,0,0,0,80,False,False,
92,3,1481.1750011765612,869.282287472051,0.8406152725406248,32.751277923583984,0.6717715263366699,0,1,0,0,0,0.08257740902596804,-0.9377763832537828,-0.8359748826908703,0,0,0,0,80,False,False,
92,4,1454.8648056011077,871.2889712184857,-0.11501073717286057,47.42509841918945,4.283627033233643,0,2,0,1,1,-0.015365252619124843,-0.914966001630352,-0.9093932190480503,0,0,0,0,80,False,False,
92,5,1467.3880908645913,872.4959863486121,0.12856848536031004,37.44084167480469,0.8353531360626221,0,1,0,0,0,-0.08712786841539481,-0.9749302573412277,-0.8753017843611381,0,0,0,0,80,False,False,
86,6,1419.8869117089148,885.0828521711871,0.3532859346252525,84.33329010009766,-0.86236572265625,0,3,0,2,2,-0.3758619367053787,-0.908717995201079,0.4915654172559709,0,0,0,0,74,True,True,collision
92,7,1489.3747032393997,870.0900711245503,-0.13785245897500004,24.50667953491211,0.8254917860031128,0,1,0,0,0,0.029352754216827117,-0.916179108644908,-0.9897298464675993,0,0,0,0,80,False,False,
93,0,1476.4382253494846,870.8740374930173,0.47810199319600993,29.769062042236328,0.9369249939918518,0,1,0,0,0,0.01911692951370804,-0.9507397847751438,-0.9935342599681173,0,0,0,0,81,False,False,
93,1,1468.6156991143791,871.8752352559566,0.15801674523768713,33.37673568725586,1.0269269943237305,0,1,0,0,0,-0.03140626801944614,-0.9716894514781199,-0.9410558713566763,0,0,0,0,81,False,False,
93,2,1389.1492811072267,882.3963228438834,3.0015161863956035,123.97132110595703,10.803521156311035,0,4,0,3,3,-0.14707884892105388,-0.8976828647787835,0.014163082816580852,0,0,0,0,81,False,False,
93,3,1480.4686826381978,869.2716277107729,0.7063989723563369,33.45777893066406,0.6833372712135315,0,1,0,0,0,0.08653602799983244,-0.9396435257678298,-0.8297802991555755,0,0,0,0,81,False,False,
93,4,1454.6633869759073,871.3015737062967,0.20181250029830056,47.62690734863281,4.295151710510254,0,2,0,1,1,-0.01569664686407369,-0.9155039958417337,-0.9105568840508866,0,0,0,0,81,False,False,
93,5,1467.0123663755307,872.5283956510726,0.3771196820184789,37.817970275878906,0.8506103157997131,0,1,0,0,0,-0.09205958664790614,-0.9759258533975208,-0.874034501582131,0,0,0,0,81,False,False,
86,6,1419.8869117089148,885.0828521711871,0.3532859346252525,84.33329010009766,-0.86236572265625,0,3,0,2,2,-0.3758619367053787,-0.908717995201079,0.4915654172559709,0,0,0,0,74,True,True,collision
93,7,1489.5207506499644,870.0879692134633,-0.14606253511046288,24.652690887451172,0.8356412053108215,0,1,0,0,0,0.029408499122371583,-0.9157901570263394,-0.9904921909044361,0,0,0,0,81,False,False,
94,0,1476.2992489507094,870.8783441697101,0.13904311159014793,29.908166885375977,0.9488525986671448,0,1,0,0,0,0.019251029392454988,-0.9511105667212902,-0.9930877607224495,0,0,0,0,82,False,False,
94,1,1468.1462876479463,871.9040046567067,0.4702922530067024,33.84709930419922,1.0359447002410889,0,1,0,0,0,-0.03294475618845733,-0.9729421481036609,-0.9408805308408924,0,0,0,0,82,False,False,
94,2,1386.2953410905213,882.5198707817576,2.8566129790199577,126.8280029296875,10.819605827331543,0,4,0,3,3,-0.16304346112436102,-0.90507037719587,0.01712747026093364,0,0,0,0,82,False,False,
94,3,1480.0383806653074,869.26404475352,0.43036878269012036,33.88814163208008,0.697706401348114,0,1,0,0,0,0.08984885083897577,-0.9407799745444858,-0.8258809290464575,0,0,0,0,82,False,False,
94,4,1454.1511973727788,871.3356944169396,0.5133248605394065,48.14012908935547,4.313558578491211,0,2,0,1,1,-0.01856416481944115,-0.9168720105516746,-0.91376981408574,0,0,0,0,82,False,False,
94,5,1466.8765791523545,872.5401277639683,0.13629311226512597,37.95421600341797,0.8643732070922852,0,1,0,0,0,-0.09355587428275006,-0.976285325183345,-0.8735798383005261,0,0,0,0,82,False,False,
86,6,1419.8869117089148,885.0828521711871,0.3532859346252525,84.33329010009766,-0.86236572265625,0,3,0,2,2,-0.3758619367053787,-0.908717995201079,0.4915654172559709,0,0,0,0,74,True,True,collision
94,7,1489.640834867645,870.0863604690637,-0.12009499321165583,24.772817611694336,0.8477250337600708,0,1,0,0,0,0.02992767222035834,-0.9154701746318131,-0.9911376437484928,0,0,0,0,82,False,False,
95,0,1476.2992489507094,870.8783441697101,0.0,29.908166885375977,0.9421285390853882,0,1,0,0,0,0.019251029392454988,-0.9511105667212902,-0.9930877607224495,1,0,0,0,83,False,False,
95,1,1468.1462876479463,871.9040046567067,0.0,33.84709930419922,1.0341026782989502,0,1,0,0,0,-0.03294475618845733,-0.9729421481036609,-0.9408805308408924,1,0,0,0,83,False,False,
95,2,1383.2483590028505,882.6228957200867,3.0487233361694654,129.87661743164062,10.834488868713379,0,4,0,3,3,-0.17153253536657254,-0.9129313643488286,0.019330893445221875,0,0,0,0,83,False,False,
95,3,1480.0383806653074,869.26404475352,0.0,33.88814163208008,0.6977759599685669,0,1,0,0,0,0.08984885083897577,-0.9407799745444858,-0.8258809290464575,1,0,0,0,83,False,False,
95,4,1453.4232581002361,871.3829893235433,0.7294740521091534,48.86968994140625,4.327436447143555,0,2,0,1,1,-0.017940405280942033,-0.9188167558171474,-0.9181903103579299,0,0,0,0,83,False,False,
95,5,1466.8498895309472,872.5424292027134,0.02678866385555596,37.981048583984375,0.8634040951728821,0,1,0,0,0,-0.09373062485031672,-0.9763561046879198,-0.8734840174064714,1,0,0,0,83,False,False,
86,6,1419.8869117089148,885.0828521711871,0.3532859346252525,84.33329010009766,-0.86236572265625,0,3,0,2,2,-0.3758619367053787,-0.908717995201079,0.4915654172559709,0,0,0,0,74,True,True,collision
95,7,1489.709480429866,870.0854868355652,-0.06865112124464676,24.841426849365234,0.8459673523902893,0,1,0,0,0,0.03028827577208012,-0.9152874275787541,-0.9915110838503717,1,0,0,0,83,False,False,
96,0,1475.9844548988162,870.8883055624357,0.31495162239999996,30.223020553588867,0.9528083205223083,0,1,0,0,0,0.019163454060264307,-0.9519498040855044,-0.9920907848943278,0,0,0,0,84,False,False,
96,1,1468.0170666008507,871.9119277285546,0.1294637172336945,33.97649383544922,1.0494550466537476,0,1,0,0,0,-0.03338772415969263,-0.9732867279368798,-0.9408285432891471,0,0,0,0,84,False,False,
96,2,1380.0052058133404,882.6498535323879,3.2432652272477367,133.11988830566406,10.856659889221191,0,4,0,3,3,-0.17220585181415926,-0.921296311810387,0.011753610406652237,0,0,0,0,84,False,False,
96,3,1479.7234970676582,869.2574991913681,0.31495162239999996,34.20302963256836,0.71247798204422,0,1,0,0,0,0.09317902369783976,-0.9416108268762002,-0.8229119106400413,0,0,0,0,84,False,False,
96,4,1452.394254537618,871.4480838155448,1.0310604370112142,49.90067672729492,4.345295429229736,0,2,0,1,1,-0.01744564879291867,-0.9215650556623523,-0.9242283487944577,0,0,0,0,84,False,False,
96,5,1466.8498895309472,872.5424292027134,0.0,37.981048583984375,0.858314037322998,0,1,0,0,0,-0.09373062485031672,-0.9763561046879198,-0.8734840174064714,2,0,0,0,84,False,False,
86,6,1419.8869117089148,885.0828521711871,0.3532859346252525,84.33329010009766,-0.86236572265625,0,3,0,2,2,-0.3758619367053787,-0.908717995201079,0.4915654172559709,0,0,0,0,74,True,True,collision
96,7,1489.4620759533805,870.0887051186037,0.2474254076096623,25.088884353637695,0.8601256608963013,0,1,0,0,0,0.030346322880337576,-0.9159465631912362,-0.9901698897019181,0,0,0,0,84,False,False,
97,0,1475.4547856524882,870.9034701174293,0.5298862842477705,30.752899169921875,0.9684212803840637,0,1,0,0,0,0.021720006979331668,-0.9533620150593557,-0.9902137239375458,0,0,0,0,85,False,False,
97,1,1468.0170666008507,871.9119277285546,0.0,33.97649383544922,1.0471618175506592,0,1,0,0,0,-0.03338772415969263,-0.9732867279368798,-0.9408285432891471,1,0,0,0,85,False,False,
97,2,1376.8943495136994,882.6941507846178,3.111171670540107,136.23104858398438,10.871655464172363,0,4,0,3,3,-0.19635434233069873,-0.9292415184943763,0.006709749478673643,0,0,0,0,85,False,False,
97,3,1479.3902007004717,869.2506853043643,0.3333660112186845,34.53635025024414,0.7228347063064575,0,1,0,0,0,0.09439290075304396,-0.942490071727899,-0.8197740050492351,0,0,0,0,85,False,False,
97,4,1451.3285338007045,871.5063866719818,1.067314345521723,50.96806716918945,4.362931728363037,0,2,0,1,1,-0.012473553431110593,-0.9244109055260635,-0.9293954233288202,0,0,0,0,85,False,False,
97,5,1466.767559504131,872.5495172525283,0.08263457972138907,38.063629150390625,0.854986310005188,0,1,0,0,0,-0.09452118589529164,-0.976573917534682,-0.8732128488500863,3,0,0,0,85,False,False,
86,6,1419.8869117089148,885.0828521711871,0.3532859346252525,84.33329010009766,-0.86236572265625,0,3,0,2,2,-0.3758619367053787,-0.908717995201079,0.4915654172559709,0,0,0,0,74,True,True,collision
97,7,1489.1901274653035,870.0928121292168,0.27197949868251586,25.360767364501953,0.8704999089241028,0,1,0,0,0,0.02926495467803218,-0.9166708286992554,-0.9887767026418095,0,0,0,0,85,False,False,
98,0,1475.1282671551205,870.9116867251071,0.3266218635745948,31.079540252685547,0.9795292615890503,0,1,0,0,0,0.02437928662835292,-0.9542324360429424,-0.9889309751388231,0,0,0,0,86,False,False,
98,1,1467.885857759367,871.920172186872,0.13146760504570537,34.10797882080078,1.058532953262329,0,1,0,0,0,-0.0348082885088486,-0.9736368357199899,-0.9407554841453583,0,0,0,0,86,False,False,
98,2,1373.681027150516,882.6946723803896,3.213322405516761,139.44442749023438,10.886728286743164,0,4,0,3,3,-0.21267997229889235,-0.937392564437657,-0.003920080800568715,0,0,0,0,86,False,False,
98,3,1479.3902007004717,869.2506853043643,0.0,34.53635025024414,0.7167492508888245,0,1,0,0,0,0.09439290075304396,-0.942490071727899,-0.8197740050492351,1,0,0,0,86,False,False,
98,4,1450.4051590649349,871.5530020026052,0.924550643127097,51.892581939697266,4.379959583282471,0,2,0,1,1,-0.010121137726502145,-0.9268759752554144,-0.9333988257138,0,0,0,0,86,False,False,
98,5,1466.463318256193,872.5755561749763,0.3053535040394873,38.36894226074219,0.8706679940223694,0,1,0,0,0,-0.09758103807775392,-0.9773788608475434,-0.8722085732714819,0,0,0,0,86,False,False,
86,6,1419.8869117089148,885.0828521711871,0.3532859346252525,84.33329010009766,-0.86236572265625,0,3,0,2,2,-0.3758619367053787,-0.908717995201079,0.4915654172559709,0,0,0,0,74,True,True,collision
98,7,1488.6079794880245,870.103700365922,0.5822497927422953,25.943021774291992,0.8845474720001221,0,1,0,0,0,0.027485363137166825,-0.9182220852291774,-0.9860212552011135,0,0,0,0,86,False,False,
99,0,1474.4924445430886,870.9221293364044,0.6359083598300213,31.715490341186523,0.9903900027275085,0,1,0,0,0,0.031093126990615536,-0.9559263542738691,-0.9857573993483264,0,0,0,0,87,False,False,
99,1,1467.669057095774,871.9341760066314,0.21725246765495743,34.32522964477539,1.066914677619934,0,1,0,0,0,-0.03673218464037973,-0.9742152233503917,-0.9405866041075147,0,0,0,0,87,False,False,
99,2,1371.0459449746027,882.6587092234629,2.6353275740354785,142.07980346679688,10.905233383178711,0,4,0,3,3,-0.2290541933971844,-0.9440191969548143,-0.017009923865840215,0,0,0,0,87,False,False,
99,3,1479.5280231752206,869.2535603521073,-0.13785245897500004,34.674198150634766,0.7233188152313232,0,1,0,0,0,0.09405915485351923,-0.9421265069477097,-0.8210713747885623,0,0,0,0,87,False,False,
99,4,1449.1847497814506,871.6177454145718,1.2221254144348728,53.1147575378418,4.399525165557861,0,2,0,1,1,-0.012299352541831215,-0.9301345290938131,-0.9390710038542183,0,0,0,0,87,False,False,
99,5,1466.463318256193,872.5755561749763,0.0,38.36894226074219,0.8699753284454346,0,1,0,0,0,-0.09758103807775392,-0.9773788608475434,-0.8722085732714819,1,0,0,0,87,False,False,
86,6,1419.8869117089148,885.0828521711871,0.3532859346252525,84.33329010009766,-0.86236572265625,0,3,0,2,2,-0.3758619367053787,-0.908717995201079,0.4915654172559709,0,0,0,0,74,True,True,collision
99,7,1488.3538393473914,870.1084501594131,0.25418452277675513,26.197216033935547,0.9004635810852051,0,1,0,0,0,0.02772370902356316,-0.9188993024027091,-0.9848261757669645,0,0,0,0,87,False,False,
100,0,1474.3783215810674,870.9239287820104,0.11413714761191991,31.829641342163086,1.0037226676940918,0,1,0,0,0,0.03172859374940913,-0.9562303841790623,-0.985177700091007,0,0,0,0,88,False,False,
100,1,1467.669057095774,871.9341760066314,0.0,34.32522964477539,1.066640019416809,0,1,0,0,0,-0.03673218464037973,-0.9742152233503917,-0.9405866041075147,1,0,0,0,88,False,False,
100,2,1368.937913361426,882.584568172931,2.1093350083678555,144.1891326904297,10.919651985168457,0,4,0,3,3,-0.2388034634776059,-0.949290877075408,-0.03291081807602847,0,0,0,0,88,False,False,
100,3,1479.7289019561472,869.2579232873286,-0.20092615516724974,34.87505340576172,0.732964038848877,0,1,0,0,0,0.0937402090918397,-0.9415967593799677,-0.8229995844712065,0,0,0,0,88,False,False,
100,4,1448.209130718262,871.6736840135114,0.9772214095630011,54.091949462890625,4.419518947601318,0,2,0,1,1,-0.015602241159115869,-0.9327396139328405,-0.9441134676323766,0,0,0,0,88,False,False,
100,5,1466.1551269775068,872.601995650796,0.3093233100492841,38.67829895019531,0.8850508332252502,0,1,0,0,0,-0.10139004684108764,-0.9781937606521205,-0.8711896758589548,0,0,0,0,88,False,False,
86,6,1419.8869117089148,885.0828521711871,0.3532859346252525,84.33329010009766,-0.86236572265625,0,3,0,2,2,-0.3758619367053787,-0.908717995201079,0.4915654172559709,0,0,0,0,74,True,True,collision
100,7,1488.3538393473914,870.1084501594131,0.0,26.197216033935547,0.9022340774536133,0,1,0,0,0,0.02772370902356316,-0.9188993024027091,-0.9848261757669645,1,0,0,0,88,False,False,
101,0,1474.2704616471444,870.9255055810875,0.10787145888138933,31.937440872192383,1.0160881280899048,0,1,0,0,0,0.03267612255385536,-0.9565174649706641,-0.984613460600175,0,0,0,0,89,False,False,
101,1,1467.3547172609735,871.9537972377367,0.31495162239999996,34.64017105102539,1.0834416151046753,0,1,0,0,0,-0.036542318275670976,-0.9750537321902369,-0.940433182049522,0,0,0,0,89,False,False,
101,2,1366.8568456383964,882.5148369338536,2.0822356527391754,146.2713623046875,10.928394317626953,0,4,0,3,3,-0.2683958370914591,-0.9544082383047634,-0.04819682343445186,0,0,0,0,89,False,False,
101,3,1479.6116734365337,869.2555105363675,0.11725334612703858,34.99226760864258,0.7451503872871399,0,1,0,0,0,0.09351582565958678,-0.9419059674226153,-0.8218930132275142,0,0,0,0,89,False,False,
101,4,1447.5348205603163,871.7168065885653,0.6756876094675093,54.767642974853516,4.435786247253418,0,2,0,1,1,-0.0203415160190796,-0.9345405663522676,-0.9481241952274105,0,0,0,0,89,False,False,
101,5,1465.538457033165,872.6547558525496,0.6189228216373556,39.2972526550293,0.9026105403900146,0,1,0,0,0,-0.10949267631954297,-0.9798217711346331,-0.8691665028678233,0,0,0,0,89,False,False,
86,6,1419.8869117089148,885.0828521711871,0.3532859346252525,84.33329010009766,-0.86236572265625,0,3,0,2,2,-0.3758619367053787,-0.908717995201079,0.4915654172559709,0,0,0,0,74,True,True,collision
101,7,1488.0389282813412,870.1135043588088,0.31495162239999996,26.512197494506836,0.9175528287887573,0,1,0,0,0,0.02971128212460662,-0.9197383510498539,-0.9832430406502419,0,0,0,0,89,False,False,
102,0,1473.849499139507,870.9317843371599,0.4210093296046379,32.3585090637207,1.0216420888900757,0,1,0,0,0,0.033348018511239905,-0.9576388119977248,-0.9824360133253932,0,0,0,0,90,False,False,
102,1,1467.3547172609735,871.9537972377367,0.0,34.64017105102539,1.0801056623458862,0,1,0,0,0,-0.036542318275670976,-0.9750537321902369,-0.940433182049522,1,0,0,0,90,False,False,
102,2,1364.771511288452,882.4656433617416,2.085914513731222,148.35726928710938,10.942954063415527,0,4,0,3,3,-0.311197591164081,-0.9593940968562668,-0.061037909512830835,0,0,0,0,90,False,False,
102,3,1479.6116734365337,869.2555105363675,0.0,34.99226760864258,0.732612133026123,0,1,0,0,0,0.09351582565958678,-0.9419059674226153,-0.8218930132275142,1,0,0,0,90,False,False,
102,4,1447.381837792138,871.7265621359772,0.15329350300929262,54.9209098815918,4.445188522338867,0,2,0,1,1,-0.02035366543038764,-0.9349490658774281,-0.9490317530203878,0,0,0,0,90,False,False,
102,5,1464.6815120665976,872.7313147084492,0.8603580267201215,40.157596588134766,0.9181512594223022,0,1,0,0,0,-0.1261292709108602,-0.9820762059807622,-0.8659628633432824,0,0,0,0,90,False,False,
86,6,1419.8869117089148,885.0828521711871,0.3532859346252525,84.33329010009766,-0.86236572265625,0,3,0,2,2,-0.3758619367053787,-0.908717995201079,0.4915654172559709,0,0,0,0,74,True,True,collision
102,7,1487.700037681543,870.1175263825055,0.33891446606214637,26.851089477539062,0.9354153871536255,0,1,0,0,0,0.032741071096423484,-0.9206408801741235,-0.9813659805867784,0,0,0,0,90,False,False,
103,0,1473.6348555645202,870.9352767931151,0.21467198590355246,32.57313919067383,1.0334889888763428,0,1,0,0,0,0.032927911392878664,-0.9582104069510154,-0.9813659805867784,0,0,0,0,91,False,False,
103,1,1467.0403757191907,871.9733911031551,0.31495162239999996,34.95511245727539,1.086542010307312,0,1,0,0,0,-0.03775722619508852,-0.975892148160287,-0.9402716093553667,0,0,0,0,91,False,False,
103,2,1362.4651183286992,882.4259993564385,2.3067336499808366,150.66400146484375,10.956320762634277,0,4,0,3,3,-0.36803097385495015,-0.9646851363441434,-0.07346123707518504,0,0,0,0,91,False,False,
103,3,1479.7494996608148,869.2581998384801,-0.13785245897500004,35.13011169433594,0.7410473227500916,0,1,0,0,0,0.09225375838967756,-0.9415422602643083,-0.8231684573625035,0,0,0,0,91,False,False,
103,4,1447.381837792138,871.7265621359772,0.0,54.9209098815918,4.447019577026367,0,2,0,1,1,-0.02035366543038764,-0.9349490658774281,-0.9490317530203878,1,0,0,0,91,False,False,
103,5,1464.3148328732939,872.7636449585904,0.36810171946899795,40.525718688964844,0.9300102591514587,0,1,0,0,0,-0.13260270553386894,-0.9830377909241208,-0.8646435822927104,0,0,0,0,91,False,False,
86,6,1419.8869117089148,885.0828521711871,0.3532859346252525,84.33329010009766,-0.86236572265625,0,3,0,2,2,-0.3758619367053787,-0.908717995201079,0.4915654172559709,0,0,0,0,74,True,True,collision
103,7,1487.63896352137,870.1181992535653,0.06107786666474268,26.912250518798828,0.9360564947128296,0,1,0,0,0,0.03335127974167386,-0.9208037523059757,-0.9810217618197874,1,0,0,0,91,False,False,
104,0,1473.3923352831155,870.9390376814194,0.24254944067854767,32.81571960449219,1.042598009109497,0,1,0,0,0,0.033940494393450156,-0.9588563827812067,-0.9801197586799951,0,0,0,0,92,False,False,
104,1,1466.7865058273767,871.9894262048953,0.25437579770378405,35.20952606201172,1.1032731533050537,0,1,0,0,0,-0.03939221168085112,-0.9765693190184863,-0.940118187297374,0,0,0,0,92,False,False,
104,2,1360.712932715151,882.4224354773409,1.7521892379417485,152.41619873046875,10.964886665344238,0,4,0,3,3,-0.4304482339628379,-0.9684509849957184,-0.0797279578497837,0,0,0,0,92,False,False,
104,3,1479.8104770949908,869.2593609020341,-0.0609884870059496,35.191036224365234,0.7383823990821838,0,1,0,0,0,0.0916998061117119,-0.9413814830146414,-0.8237326914934258,1,0,0,0,92,False,False,
104,4,1447.4778787940593,871.7203270670835,-0.09624318227362018,55.017181396484375,4.445497989654541,0,2,0,1,1,-0.021001440509327392,-0.9346924828636864,-0.9484536831756463,2,0,0,0,92,False,False,
104,5,1463.9952548184335,872.7917565244849,0.3208120840700856,40.84653091430664,0.9430460929870605,0,1,0,0,0,-0.13944632448832534,-0.9838738839883134,-0.8635077959673583,0,0,0,0,92,False,False,
86,6,1419.8869117089148,885.0828521711871,0.3532859346252525,84.33329010009766,-0.86236572265625,0,3,0,2,2,-0.3758619367053787,-0.908717995201079,0.4915654172559709,0,0,0,0,74,True,True,collision
104,7,1487.2639683102693,870.1214680424184,0.37500945765271027,27.287263870239258,0.9510459899902344,0,1,0,0,0,0.03526137135648892,-0.9218022703030136,-0.9787931756456447,0,0,0,0,92,False,False,
105,0,1473.2164100710293,870.9418959131367,0.17594842919474568,32.99164581298828,1.0513972043991089,0,1,0,0,0,0.03385534503965238,-0.9593248665131165,-0.9792405226503785,0,0,0,0,93,False,False,
105,1,1466.3366327299407,872.0196816785747,0.45088934061950264,35.660369873046875,1.1162352561950684,0,1,0,0,0,-0.044251236848699846,-0.9777688184326737,-0.9396343089341092,0,0,0,0,93,False,False,
105,2,1359.145622256361,882.4234701582192,1.5673108003190335,153.98345947265625,10.970137596130371,0,4,0,3,3,-0.4910350839162978,-0.9715823600204859,-0.08482344542891451,0,0,0,0,93,False,False,
105,3,1479.6461981568887,869.255911044704,0.16431515760740298,35.355255126953125,0.7530377507209778,0,1,0,0,0,0.09364272249703288,-0.9418147211238109,-0.8221787893247291,0,0,0,0,93,False,False,
105,4,1447.258017754357,871.733890690372,0.22027902454754614,55.23744583129883,4.463490962982178,0,2,0,1,1,-0.019125586094073634,-0.9352795966753686,-0.9496978361572482,0,0,0,0,93,False,False,
105,5,1463.5463216831479,872.8297436501066,0.4505374364803972,41.29711151123047,0.9535842537879944,0,1,0,0,0,-0.14828352229396588,-0.9850453545654543,-0.8620780721888088,0,0,0,0,93,False,False,
86,6,1419.8869117089148,885.0828521711871,0.3532859346252525,84.33329010009766,-0.86236572265625,0,3,0,2,2,-0.3758619367053787,-0.908717995201079,0.4915654172559709,0,0,0,0,74,True,True,collision
105,7,1486.7565359553546,870.1237118078458,0.5074373156337103,27.794593811035156,0.9669952392578125,0,1,0,0,0,0.03866375667122131,-0.9231526995227661,-0.97553838828856,0,0,0,0,93,False,False,
106,0,1472.7285785083498,870.9507881206678,0.48791259965387923,33.47951889038086,1.068251132965088,0,1,0,0,0,0.03367008886973224,-0.9606241064506073,-0.9769161120089079,0,0,0,0,94,False,False,
106,1,1466.2148607625165,872.0279155614389,0.12205002612593457,35.782474517822266,1.1256768703460693,0,1,0,0,0,-0.045142639851309875,-0.9780936237211265,-0.939494651124472,0,0,0,0,94,False,False,
106,2,1358.08369496714,882.4285484563054,1.061939431749143,155.0453643798828,10.9761323928833,0,4,0,3,3,-0.5413792470835397,-0.9735302388072741,-0.08775152841758427,0,0,0,0,94,False,False,
106,3,1479.4570489653456,869.2518429721163,0.18919293294409148,35.54450988769531,0.7645999193191528,0,1,0,0,0,0.0947851524294568,-0.9423138531482749,-0.8203756299108923,0,0,0,0,94,False,False,
106,4,1447.258017754357,871.733890690372,0.0,55.23744583129883,4.460746765136719,0,2,0,1,1,-0.019125586094073634,-0.9352795966753686,-0.9496978361572482,1,0,0,0,94,False,False,
106,5,1462.791421025483,872.8929157437448,0.7575392507042563,42.05463409423828,0.9636372327804565,0,1,0,0,0,-0.1704480042718602,-0.9870029912542693,-0.8597764268708772,0,0,0,0,94,False,False,
86,6,1419.8869117089148,885.0828521711871,0.3532859346252525,84.33329010009766,-0.86236572265625,0,3,0,2,2,-0.3758619367053787,-0.908717995201079,0.4915654172559709,0,0,0,0,74,True,True,collision
106,7,1486.0598483529566,870.1242186435844,0.6966877867579115,28.491371154785156,0.984377384185791,0,1,0,0,0,0.042031552271493904,-0.9250068192380255,-0.9707443027303352,0,0,0,0,94,False,False,
107,0,1472.2344396091669,870.9597788800706,0.4942206849579953,33.97373962402344,1.0853149890899658,0,1,0,0,0,0.03485816938116512,-0.9619401202544348,-0.9745487184641488,0,0,0,0,95,False,False,
107,1,1466.2148607625165,872.0279155614389,0.0,35.782474517822266,1.1243988275527954,0,1,0,0,0,-0.045142639851309875,-0.9780936237211265,-0.939494651124472,1,0,0,0,95,False,False,
107,2,1356.7855617082364,882.4323229106731,1.2981387461968708,156.3435821533203,10.980694770812988,0,4,0,3,3,-0.6083098313943891,-0.9756797646905223,-0.09161723829318513,0,0,0,0,95,False,False,
107,3,1479.4570489653456,869.2518429721163,0.0,35.54450988769531,0.7640982866287231,0,1,0,0,0,0.0947851524294568,-0.9423138531482749,-0.8203756299108923,1,0,0,0,95,False,False,
107,4,1446.943675867175,871.7534790138108,0.31495162239999996,55.55238723754883,4.475034713745117,0,2,0,1,1,-0.019777753108806136,-0.9361190391204369,-0.9515129481699296,0,0,0,0,95,False,False,
107,5,1461.7809728774062,872.974839345323,1.0137637478463408,43.06832504272461,0.9777749180793762,0,1,0,0,0,-0.21214280610339656,-0.9895875818804047,-0.8569982212531886,0,0,0,0,95,False,False,
86,6,1419.8869117089148,885.0828521711871,0.3532859346252525,84.33329010009766,-0.86236572265625,0,3,0,2,2,-0.3758619367053787,-0.908717995201079,0.4915654172559709,0,0,0,0,74,True,True,collision
107,7,1485.2369158159192,870.1252707558125,0.8229332095952774,29.314247131347656,1.0022255182266235,0,1,0,0,0,0.04293649435120857,-0.9271963113457903,-0.965144038499646,0,0,0,0,95,False,False,
108,0,1472.2344396091669,870.9597788800706,0.0,33.97373962402344,1.0872447490692139,0,1,0,0,0,0.03485816938116512,-0.9619401202544348,-0.9745487184641488,1,0,0,0,96,False,False,
108,1,1466.1610738381942,872.0315233531032,0.053907785975305066,35.836307525634766,1.1251647472381592,0,1,0,0,0,-0.04509453152532943,-0.978236817117725,-0.9394362066680594,2,0,0,0,96,False,False,
108,2,1355.2895705858994,882.4501188865091,1.4960969670669733,157.83966064453125,14.19607925415039,0,5,1,4,4,-0.10325735909269346,-0.8940331993789805,-0.09446493692801183,0,0,0,0,96,False,False,
108,3,1479.4661970011055,869.2520398510123,-0.009150154073232449,35.55366516113281,0.760859489440918,0,1,0,0,0,0.09475464580217098,-0.9422896988183994,-0.8204633037420574,2,0,0,0,96,False,False,
108,4,1446.510710893041,871.7820103534035,0.4339040287503656,55.98630905151367,4.492126941680908,0,2,0,1,1,-0.022454815221184136,-0.9372754566583439,-0.9541841878544616,0,0,0,0,96,False,False,
108,5,1460.47552643174,873.0770595299125,1.3094423960753772,44.377742767333984,0.9918839931488037,0,1,0,0,0,-0.31100406956738375,-0.9928006701515654,-0.8538457081215526,0,0,0,0,96,False,False,
86,6,1419.8869117089148,885.0828521711871,0.3532859346252525,84.33329010009766,-0.86236572265625,0,3,0,2,2,-0.3758619367053787,-0.908717995201079,0.4915654172559709,0,0,0,0,74,True,True,collision
108,7,1484.3479449488448,870.127844595041,0.8889745930876742,30.203289031982422,1.0210133790969849,0,1,0,0,0,0.04331546866131267,-0.929561791642336,-0.9592717642067339,0,0,0,0,96,False,False,
109,0,1471.9195513668424,870.9660970521267,0.31495162239999996,34.28874588012695,1.0999031066894531,0,1,0,0,0,0.0344263051886947,-0.9627789377293229,-0.9731190036187825,0,0,0,0,97,False,False,
109,1,1466.1610738381942,872.0315233531032,0.0,35.836307525634766,1.1256884336471558,0,1,0,0,0,-0.04509453152532943,-0.978236817117725,-0.9394362066680594,3,0,0,0,97,False,False,
109,2,1354.16934653327,882.4638868487285,1.12030865607324,158.95999145507812,14.210548400878906,0,5,0,4,4,-0.10649645735803057,-0.8969802071572787,-0.09654406737741072,0,0,0,0,97,False,False,
109,3,1479.160299984116,869.2462017837904,0.30595272189004774,35.85962677001953,0.7716866731643677,0,1,0,0,0,0.09453470106822061,-0.9430967632460463,-0.8176339431452786,0,0,0,0,97,False,False,
109,4,1445.9996339826282,871.8186968587257,0.5123919476629797,56.49873733520508,4.507737636566162,0,2,0,1,1,-0.026768203354039757,-0.9386407423334348,-0.9577119697105352,0,0,0,0,97,False,False,
109,5,1458.8814131745828,873.1962199590573,1.598560691534168,45.97630310058594,4.213303565979004,0,2,1,1,1,-0.059850311584095074,-0.9042980700269646,-0.8506794450346539,0,0,0,0,97,False,False,
86,6,1419.8869117089148,885.0828521711871,0.3532859346252525,84.33329010009766,-0.86236572265625,0,3,0,2,2,-0.3758619367053787,-0.908717995201079,0.4915654172559709,0,0,0,0,74,True,True,collision
109,7,1483.5125109371695,870.1302331433271,0.8354374261587405,31.038742065429688,1.0395419597625732,0,1,0,0,0,0.04475306422368767,-0.9317843350144832,-0.9537381004285298,0,0,0,0,97,False,False,
110,0,1471.3986869879761,870.9794680082268,0.5210359715400529,34.809791564941406,1.118488073348999,0,1,0,0,0,0.03205568692836051,-0.9641666964686318,-0.9710885214973262,0,0,0,0,98,False,False,
110,1,1466.1878861625316,872.0297260338978,-0.026872496956967643,35.86309814453125,1.122796893119812,0,1,0,0,0,-0.04492207971482255,-0.9781655462294068,-0.9394581251258507,4,0,0,0,98,False,False,
110,2,1353.5789935702594,882.4734197141036,0.5904299251035455,159.55039978027344,14.22386646270752,0,5,0,4,4,-0.11063475760134402,-0.8985312553492962,-0.0973642050416198,0,0,0,0,98,False,False,
110,3,1479.160299984116,869.2462017837904,0.0,35.85962677001953,0.7662983536720276,0,1,0,0,0,0.09453470106822061,-0.9430967632460463,-0.8176339431452786,1,0,0,0,98,False,False,
110,4,1445.7907121578635,871.8338197543726,0.20946844830603914,56.7081413269043,4.521508693695068,0,2,0,1,1,-0.027397979839623568,-0.939198649979814,-0.9591610106039884,0,0,0,0,98,False,False,
110,5,1457.5600494319674,873.2988911520139,1.3253465637944792,47.30169677734375,4.231992721557617,0,2,0,1,1,-0.06408021997527713,-0.9078152242448814,-0.8450315580054297,0,0,0,0,98,False,False,
86,6,1419.8869117089148,885.0828521711871,0.3532859346252525,84.33329010009766,-0.86236572265625,0,3,0,2,2,-0.3758619367053787,-0.908717995201079,0.4915654172559709,0,0,0,0,74,True,True,collision
110,7,1482.3776435321506,870.1309824206757,1.1348676523678203,32.17350769042969,1.0596710443496704,0,1,0,0,0,0.04829353443775043,-0.934802056856979,-0.9459311666948527,0,0,0,0,98,False,False,
111,0,1471.3976668947926,870.9794941995052,0.0010204293637485692,34.810768127441406,1.1148247718811035,0,1,0,0,0,0.03205622807828092,-0.9641692931139744,-0.9710812159402745,1,0,0,0,99,False,False,
111,1,1465.9000551706843,872.0496851625873,0.2885221771126644,36.15163040161133,1.1385594606399536,0,1,0,0,0,-0.04807831080064868,-0.9789328516333158,-0.939076528134581,0,0,0,0,99,False,False,
111,2,1353.0487234898214,882.4818279062165,0.5303367382165842,160.0807342529297,14.236473083496094,0,5,0,4,4,-0.1120015923487636,-0.8999239865993918,-0.09812534081879754,0,0,0,0,99,False,False,
111,3,1479.0472171057925,869.244110778191,0.11310220897187676,35.97268295288086,0.7800268530845642,0,1,0,0,0,0.09465579495409758,-0.9433949433912537,-0.8166004381919214,0,0,0,0,99,False,False,
111,4,1445.7907121578635,871.8338197543726,0.0,56.7081413269043,4.523487567901611,0,2,0,1,1,-0.027397979839623568,-0.939198649979814,-0.9591610106039884,1,0,0,0,99,False,False,
111,5,1456.7708116617678,873.3611955954766,0.7916931865216223,48.09346008300781,4.249558448791504,0,2,0,1,1,-0.06638364412569141,-0.9099153834477581,-0.8389130280168631,0,0,0,0,99,False,False,
86,6,1419.8869117089148,885.0828521711871,0.3532859346252525,84.33329010009766,-0.86236572265625,0,3,0,2,2,-0.3758619367053787,-0.908717995201079,0.4915654172559709,0,0,0,0,74,True,True,collision
111,7,1481.7729159109658,870.1310409247692,0.6047276240147225,32.77824401855469,1.0775611400604248,0,1,0,0,0,0.04988480465734742,-0.936409861462389,-0.9417305446423028,0,0,0,0,99,False,False,
112,0,1471.3976668947926,870.9794941995052,0.0,34.810768127441406,1.1150577068328857,0,1,0,0,0,0.03205622807828092,-0.9641692931139744,-0.9710812159402745,2,0,0,0,100,False,False,
112,1,1465.3031078817596,872.092715249566,0.59849616050556,36.75010299682617,1.1520085334777832,0,1,0,0,0,-0.05389199982902129,-0.9805234958632384,-0.9380795491798452,0,0,0,0,100,False,False,
112,2,1352.4925328234324,882.4914892029327,0.5562745707225385,160.63697814941406,14.25048828125,0,5,0,4,4,-0.1146561607245,-0.9013836257299093,-0.09881341030564006,0,0,0,0,100,False,False,
112,3,1479.0472171057925,869.244110778191,0.0,35.97268295288086,0.7744019031524658,0,1,0,0,0,0.09465579495409758,-0.9433949433912537,-0.8166004381919214,1,0,0,0,100,False,False,
112,4,1445.8432254323648,871.8299936258306,-0.052652476280373464,56.76076889038086,4.523525714874268,0,2,0,1,1,-0.027636006892864075,-0.9390584406397977,-0.9588024612248403,2,0,0,0,100,False,False,
112,5,1455.6829625025744,873.4565484591544,1.092020128829744,49.18539810180664,4.265024185180664,0,2,0,1,1,-0.0742859895774801,-0.9128080583428397,-0.8293472041509886,0,0,0,0,100,False,False,
86,6,1419.8869117089148,885.0828521711871,0.3532859346252525,84.33329010009766,-0.86236572265625,0,3,0,2,2,-0.3758619367053787,-0.908717995201079,0.4915654172559709,0,0,0,0,74,True,True,collision
112,7,1481.689476630468,870.1310935586657,0.08343929709853572,32.86174011230469,1.0746434926986694,0,1,0,0,0,0.04971849759792393,-0.9366318432056882,-0.9411589995944192,1,0,0,0,100,False,False,
113,0,1471.5354751623684,870.976003951203,-0.13785245897500004,34.948631286621094,1.1274359226226807,0,1,0,0,0,0.03194975255202716,-0.9638021321889352,-0.9716235387599519,0,0,0,0,101,False,False,
113,1,1464.511270004589,872.1471601484897,0.7937074213718627,37.54384231567383,1.1664011478424072,0,1,0,0,0,-0.0580890334738961,-0.9826322849636182,-0.9370752664546944,0,0,0,0,101,False,False,
113,2,1351.653459556277,882.5102972673276,0.8392840347230899,161.47630310058594,14.267865180969238,0,5,0,4,4,-0.12058684046571418,-0.9035826907401863,-0.09954395886425027,0,0,0,0,101,False,False,
113,3,1478.8528864384086,869.2405911715936,0.19436253732759595,36.167049407958984,0.7841578125953674,0,1,0,0,0,0.09528412779868,-0.9439075085416612,-0.8148265081528373,0,0,0,0,101,False,False,
113,4,1445.960303280428,871.8213673643205,-0.11739520814226566,56.87815475463867,4.5356597900390625,0,2,0,1,1,-0.028009941154119627,-0.938745721182556,-0.9579607588568865,0,0,0,0,101,False,False,
113,5,1454.3020078308668,873.574745571528,1.3860037383370887,50.57143020629883,4.2785162925720215,0,2,0,1,1,-0.07620640153890892,-0.9164788057697126,-0.8175420814379263,0,0,0,0,101,False,False,
86,6,1419.8869117089148,885.0828521711871,0.3532859346252525,84.33329010009766,-0.86236572265625,0,3,0,2,2,-0.3758619367053787,-0.908717995201079,0.4915654172559709,0,0,0,0,74,True,True,collision
113,7,1481.689476630468,870.1310935586657,0.0,32.86174011230469,1.0644268989562988,0,1,0,0,0,0.04971849759792393,-0.9366318432056882,-0.9411589995944192,2,0,0,0,101,False,False,
114,0,1471.3561949592897,870.9804309567168,0.17933485325990267,35.12800598144531,1.1435846090316772,0,1,0,0,0,0.032787521489176026,-0.9642798354442964,-0.9709058789977638,0,0,0,0,102,False,False,
114,1,1463.628108350153,872.2003504343955,0.8847619535110619,38.42862319946289,1.184966802597046,0,1,0,0,0,-0.0609518499725204,-0.9849823527573714,-0.9368487923994593,0,0,0,0,102,False,False,
114,2,1350.8035845721204,882.5269604940598,0.8500383237363707,162.32632446289062,14.280898094177246,0,5,0,4,4,-0.12164198308542432,-0.9058091108423814,-0.10185074969558572,0,0,0,0,102,False,False,
114,3,1478.8528864384086,869.2405911715936,0.0,36.167049407958984,0.7806190848350525,0,1,0,0,0,0.09528412779868,-0.9439075085416612,-0.8148265081528373,1,0,0,0,102,False,False,
114,4,1445.770227740316,871.8350736470265,0.1905690770677829,57.0687141418457,4.552685737609863,0,2,0,1,1,-0.02724239168956741,-0.9392534139717708,-0.9592854033905275,0,0,0,0,102,False,False,
114,5,1452.9692799955371,873.6906856502279,1.3377614080662705,51.90922546386719,4.295277118682861,0,2,0,1,1,-0.0805229019396961,-0.9200189823710285,-0.8059271854967873,0,0,0,0,102,False,False,
86,6,1419.8869117089148,885.0828521711871,0.3532859346252525,84.33329010009766,-0.86236572265625,0,3,0,2,2,-0.3758619367053787,-0.908717995201079,0.4915654172559709,0,0,0,0,74,True,True,collision
114,7,1481.7899264693808,870.1310813293255,-0.10044983965709228,32.96220397949219,1.0687066316604614,0,1,0,0,0,0.049831787498124905,-0.9363647658987162,-0.941854740898816,0,0,0,0,102,False,False,
115,0,1470.9523248287776,870.9888994618591,0.40395890620111213,35.53202438354492,1.1594949960708618,0,1,0,0,0,0.03624968344596671,-0.9653555300291339,-0.9691100287142517,0,0,0,0,103,False,False,
115,1,1462.9844522038932,872.2396379246323,0.6448540466705591,39.07337188720703,1.1949535608291626,0,1,0,0,0,-0.0693910813594256,-0.9866926571403438,-0.9366287645290717,0,0,0,0,103,False,False,
115,2,1349.9548022914862,882.5370795525348,0.8488425974601077,163.17514038085938,14.296202659606934,0,5,0,4,4,-0.11960859398875527,-0.9080337282884042,-0.10493451305090873,0,0,0,0,103,False,False,
115,3,1478.9386328761063,869.2421598606927,-0.08576078569680458,36.25275802612305,0.7746549844741821,0,1,0,0,0,0.09501435595499415,-0.9436815124893008,-0.8156107701541471,2,0,0,0,103,False,False,
115,4,1445.770227740316,871.8350736470265,0.0,57.0687141418457,4.553292751312256,0,2,0,1,1,-0.02724239168956741,-0.9392534139717708,-0.9592854033905275,1,0,0,0,103,False,False,
115,5,1451.7796153102288,873.8021192771704,1.194872175876304,53.10401153564453,4.31369161605835,0,2,0,1,1,-0.0882414494548382,-0.9231757198421119,-0.7946050120959586,0,0,0,0,103,False,False,
86,6,1419.8869117089148,885.0828521711871,0.3532859346252525,84.33329010009766,-0.86236572265625,0,3,0,2,2,-0.3758619367053787,-0.908717995201079,0.4915654172559709,0,0,0,0,74,True,True,collision
115,7,1481.6425644366902,870.1313175446597,0.14736222201212826,33.10954284667969,1.0856226682662964,0,1,0,0,0,0.049192031888796985,-0.9367565065563386,-0.9408577655173533,0,0,0,0,103,False,False,
116,0,1470.3953347617246,870.9976245149604,0.5570584003022555,36.0889778137207,1.175262212753296,0,1,0,0,0,0.04139827831867693,-0.9668377345252123,-0.9662798248249982,0,0,0,0,104,False,False,
116,1,1462.3695082088877,872.2785043384678,0.6161710112604738,39.68959045410156,1.2098360061645508,0,1,0,0,0,-0.08070496923386498,-0.9883243374436871,-0.9362544784547635,0,0,0,0,104,False,False,
116,2,1348.8069139408044,882.552813120909,1.1479961719468632,164.3231964111328,14.30599594116211,0,5,0,4,4,-0.12487407425059019,-0.9110384644296317,-0.10886825804818323,0,0,0,0,104,False,False,
116,3,1478.9454159750353,869.2422843377323,-0.006784240975546852,36.25959396362305,0.7745359539985657,0,1,0,0,0,0.09501979676295808,-0.9436634818512748,-0.8156765183809744,3,0,0,0,104,False,False,
116,4,1445.7175294726728,871.8388716914052,0.05283495579345356,57.121585845947266,4.55518102645874,0,2,0,1,1,-0.027281076260129565,-0.9393942733061481,-0.9596441600195209,2,0,0,0,104,False,False,
116,5,1450.412908916555,873.9499379680652,1.3746769554651108,54.47868347167969,4.332703113555908,0,2,0,1,1,-0.1022295048072528,-0.9267965782762315,-0.7792208703624488,0,0,0,0,104,False,False,
86,6,1419.8869117089148,885.0828521711871,0.3532859346252525,84.33329010009766,-0.86236572265625,0,3,0,2,2,-0.3758619367053787,-0.908717995201079,0.4915654172559709,0,0,0,0,74,True,True,collision
116,7,1481.2321198432205,870.1318023298918,0.41044487976488214,33.51994323730469,1.0965399742126465,0,1,0,0,0,0.05033218967623125,-0.9378475367190446,-0.9380576378686003,0,0,0,0,104,False,False,
117,0,1470.2622958671266,870.9996594377527,0.13305445647033298,36.222049713134766,1.1899120807647705,0,1,0,0,0,0.042084177645271996,-0.9671918224230862,-0.9655913872910165,0,0,0,0,105,False,False,
117,1,1462.231564808322,872.2873296070545,0.13822542141469768,39.82781219482422,1.2262614965438843,0,1,0,0,0,-0.08383862433743919,-0.9886898324419211,-0.9361595008531833,0,0,0,0,105,False,False,
117,2,1347.8349271746788,882.5682655589902,0.9721095881463637,165.2952423095703,14.321459770202637,0,5,0,4,4,-0.13003111049133495,-0.913578264385115,-0.1119373281041196,0,0,0,0,105,False,False,
117,3,1478.6371690689477,869.2377971253984,0.3082795649846479,36.56785583496094,0.7910717129707336,0,1,0,0,0,0.09397230781609664,-0.944476689068678,-0.8129859723013583,0,0,0,0,105,False,False,
117,4,1445.7175294726728,871.8388716914052,0.0,57.121585845947266,4.555513381958008,0,2,0,1,1,-0.027281076260129565,-0.9393942733061481,-0.9596441600195209,3,0,0,0,105,False,False,
117,5,1448.760034069083,874.126616473527,1.662290755462811,56.141048431396484,4.347000598907471,0,2,0,1,1,-0.10793726428385197,-0.9311698315180343,-0.7608725984602566,0,0,0,0,105,False,False,
86,6,1419.8869117089148,885.0828521711871,0.3532859346252525,84.33329010009766,-0.86236572265625,0,3,0,2,2,-0.3758619367053787,-0.908717995201079,0.4915654172559709,0,0,0,0,74,True,True,collision
117,7,1481.2321198432205,870.1318023298918,0.0,33.51994323730469,1.0925613641738892,0,1,0,0,0,0.05033218967623125,-0.9378475367190446,-0.9380576378686003,1,0,0,0,105,False,False,
118,0,1469.8165932896395,871.0068621379677,0.44576077268968195,36.66778564453125,1.2080597877502441,0,1,0,0,0,0.04309397444256717,-0.9683778304142399,-0.9633554973464588,0,0,0,0,106,False,False,
118,1,1462.231564808322,872.2873296070545,0.0,39.82781219482422,1.22120201587677,0,1,0,0,0,-0.08383862433743919,-0.9886898324419211,-0.9361595008531833,1,0,0,0,106,False,False,
118,2,1346.5662988134443,882.5795281135852,1.2686783532735093,166.56396484375,14.334796905517578,0,5,0,4,4,-0.1306419176305629,-0.9168932831023014,-0.11700554446220979,0,0,0,0,106,False,False,
118,3,1478.1279487771887,869.2307909980448,0.5092684865172286,37.07718276977539,0.8023837804794312,0,1,0,0,0,0.09579892029687787,-0.9458199107302272,-0.8086027095358828,0,0,0,0,106,False,False,
118,4,1445.4033291522783,871.8606129681933,0.31495162239999996,57.436546325683594,4.5718159675598145,0,2,0,1,1,-0.02581659433886677,-0.9402334854730718,-0.9617153792420613,0,0,0,0,106,False,False,
118,5,1447.535860684455,874.2484444297501,1.230220519479849,57.37122344970703,4.365442752838135,0,2,0,1,1,-0.10843772744645246,-0.93440504113295,-0.7483572662596223,0,0,0,0,106,False,False,
86,6,1419.8869117089148,885.0828521711871,0.3532859346252525,84.33329010009766,-0.86236572265625,0,3,0,2,2,-0.3758619367053787,-0.908717995201079,0.4915654172559709,0,0,0,0,74,True,True,collision
118,7,1480.9171682809776,870.1319969916512,0.31495162239999996,33.83500671386719,1.107317328453064,0,1,0,0,0,0.05138313229472544,-0.9386850184695329,-0.9358883465898911,0,0,0,0,106,False,False,
119,0,1469.521513001999,871.0123455806659,0.2951312323319837,36.9630012512207,1.2234044075012207,0,1,0,0,0,0.04261180399112448,-0.9691633584757654,-0.9619550029426619,0,0,0,0,107,False,False,
119,1,1462.2758409130138,872.284480850594,-0.04436765556168422,39.872215270996094,1.2191884517669678,0,1,0,0,0,-0.08319775857501857,-0.9885724474685357,-0.9361887302279359,2,0,0,0,107,False,False,
119,2,1345.269116805272,882.5970197254413,1.2972999340211921,167.8612060546875,14.341180801391602,0,5,0,4,4,-0.13932810196414241,-0.9202734455157449,-0.12147362244029292,0,0,0,0,107,False,False,
119,3,1477.3128214197063,869.2233375805142,0.8151614333058482,37.89228057861328,0.8163539171218872,0,1,0,0,0,0.09672691215143156,-0.947969464644464,-0.8020419941357155,0,0,0,0,107,False,False,
119,4,1445.4033291522783,871.8606129681933,0.0,57.436546325683594,4.572176456451416,0,2,0,1,1,-0.02581659433886677,-0.9402334854730718,-0.9617153792420613,1,0,0,0,107,False,False,
119,5,1446.2255871761224,874.374851793196,1.3163568999976787,58.6876106262207,4.381991863250732,0,2,0,1,1,-0.1125075201091085,-0.9378636332991421,-0.7354470016121466,0,0,0,0,107,False,False,
86,6,1419.8869117089148,885.0828521711871,0.3532859346252525,84.33329010009766,-0.86236572265625,0,3,0,2,2,-0.3758619367053787,-0.908717995201079,0.4915654172559709,0,0,0,0,74,True,True,collision
119,7,1480.6271172933498,870.1326699607656,0.29005176833001667,34.12504577636719,1.1181546449661255,0,1,0,0,0,0.050941484012356694,-0.9394560140400705,-0.9339528331368319,0,0,0,0,107,False,False,
120,0,1468.9166703889036,871.0255378091326,0.6049864639046341,37.5680046081543,1.2383252382278442,0,1,0,0,0,0.04279537269038593,-0.9707732423092468,-0.9593237553317524,0,0,0,0,108,False,False,
120,1,1462.4569725483857,872.2726179086796,-0.18151969238446622,40.05375289916992,1.2295106649398804,0,1,0,0,0,-0.08052961380778799,-0.9880923666424098,-0.9363502993488181,0,0,0,0,108,False,False,
120,2,1343.6830416949263,882.6414033984078,1.586695990441925,169.44801330566406,14.359251022338867,0,5,0,4,4,-0.1567921143960613,-0.9243839127991037,-0.12418382152249341,0,0,0,0,108,False,False,
120,3,1477.022307103625,869.221130971009,0.29052269614220805,38.18281555175781,0.8320366144180298,0,1,0,0,0,0.09718245711278416,-0.948735353840071,-0.7997549706517068,0,0,0,0,108,False,False,
120,4,1445.268524152978,871.8698696542881,0.13512244104434304,57.571632385253906,4.588315486907959,0,2,0,1,1,-0.025636960229071012,-0.9405934182263886,-0.9625936683542807,0,0,0,0,108,False,False,
120,5,1445.4460186135395,874.4467089350176,0.7828732928120161,59.470455169677734,4.397632598876953,0,2,0,1,1,-0.11359080532431057,-0.9399191870437618,-0.7281721318307977,0,0,0,0,108,False,False,
86,6,1419.8869117089148,885.0828521711871,0.3532859346252525,84.33329010009766,-0.86236572265625,0,3,0,2,2,-0.3758619367053787,-0.908717995201079,0.4915654172559709,0,0,0,0,74,True,True,collision
120,7,1480.6271172933498,870.1326699607656,0.0,34.12504577636719,1.1099350452423096,0,1,0,0,0,0.050941484012356694,-0.9394560140400705,-0.9339528331368319,1,0,0,0,108,False,False,
121,0,1468.732500041784,871.0294285405658,0.1842114397891537,37.75212860107422,1.252076268196106,0,1,0,0,0,0.04396849639325764,-0.9712630904472352,-0.9585094206632155,0,0,0,0,109,False,False,
121,1,1462.5696539165858,872.2651223521215,-0.11293039496773188,40.16667175292969,1.241763710975647,0,1,0,0,0,-0.07918128212582158,-0.9877936336596017,-0.9364598844912282,0,0,0,0,109,False,False,
121,2,1341.8532421197372,882.7008319052056,1.8307643848356725,171.2786865234375,14.371049880981445,0,5,0,4,4,-0.17052890103804608,-0.9291026839647578,-0.12632984364614286,0,0,0,0,109,False,False,
121,3,1476.6867245083365,869.218872478497,0.3355901951026102,38.518394470214844,0.8479395508766174,0,1,0,0,0,0.09834134282268425,-0.9496197601290064,-0.7971529416957303,0,0,0,0,109,False,False,
121,4,1444.821719356704,871.8996052881772,0.44779318205630275,58.0193977355957,4.605706691741943,0,2,0,1,1,-0.024794270705196356,-0.9417865719957458,-0.9653966188888595,0,0,0,0,109,False,False,
121,5,1445.188370886259,874.4707031449849,0.2587625813071748,59.7292594909668,4.408543586730957,0,2,0,1,1,-0.11551127957109202,-0.9405981372007548,-0.7257348450623025,0,0,0,0,109,False,False,
86,6,1419.8869117089148,885.0828521711871,0.3532859346252525,84.33329010009766,-0.86236572265625,0,3,0,2,2,-0.3758619367053787,-0.908717995201079,0.4915654172559709,0,0,0,0,74,True,True,collision
121,7,1480.4490236109962,870.1330462271757,0.1780940798304791,34.30314636230469,1.1223077774047852,0,1,0,0,0,0.05147719120084181,-0.9399294081330172,-0.9327577519160463,0,0,0,0,109,False,False,
122,0,1468.2366047615324,871.0410577496958,0.4960316194365703,38.24823760986328,1.2610880136489868,0,1,0,0,0,0.04453600830538562,-0.9725829644885037,-0.9564570218706046,0,0,0,0,110,False,False,
122,1,1462.7123992930724,872.2553649540216,-0.1430784726154977,40.3097038269043,1.2515863180160522,0,1,0,0,0,-0.07791425270272233,-0.9874151554299369,-0.9366360754460331,0,0,0,0,110,False,False,
122,2,1339.8480383630997,882.7943093128254,2.007381411533089,173.28611755371094,14.386614799499512,0,5,0,4,4,-0.1939356442670184,-0.9342275149536987,-0.12528238863422414,0,0,0,0,110,False,False,
122,3,1476.2414453064716,869.2175823977973,0.4452810706976458,38.963706970214844,0.8586191534996033,0,1,0,0,0,0.09820672004998351,-0.9507934973093888,-0.7938981471920991,0,0,0,0,110,False,False,
122,4,1444.821719356704,871.8996052881772,0.0,58.0193977355957,4.606389999389648,0,2,0,1,1,-0.024794270705196356,-0.9417865719957458,-0.9653966188888595,1,0,0,0,110,False,False,
122,5,1444.6218261725087,874.5263259467542,0.5692686613147324,60.29851150512695,4.424746513366699,0,2,0,1,1,-0.12179059914039449,-0.9420891545829017,-0.720040934274299,0,0,0,0,110,False,False,
86,6,1419.8869117089148,885.0828521711871,0.3532859346252525,84.33329010009766,-0.86236572265625,0,3,0,2,2,-0.3758619367053787,-0.908717995201079,0.4915654172559709,0,0,0,0,74,True,True,collision
122,7,1479.9886511993304,870.1353436012342,0.460378143867024,34.76347732543945,1.1373960971832275,0,1,0,0,0,0.05068101494095395,-0.9411531453480357,-0.9298261170938186,0,0,0,0,110,False,False,
123,0,1468.019908580833,871.0460638627129,0.21675399857257968,38.464969635009766,1.2710312604904175,0,1,0,0,0,0.04572105625129173,-0.9731594594456995,-0.9555485600395084,0,0,0,0,111,False,False,
123,1,1462.8025790070644,872.2490766638794,-0.09039869140975704,40.40013122558594,1.2495366334915161,0,1,0,0,0,-0.07730849783176837,-0.9871758206088227,-0.9367602681292732,1,0,0,0,111,False,False,
123,2,1338.0360170866452,882.9163023088198,1.8161231779247995,175.10223388671875,14.401809692382812,0,5,0,4,4,-0.22317542551471786,-0.9387969533337379,-0.11983271821579211,0,0,0,0,111,False,False,
123,3,1475.6531598628642,869.2164630513731,0.5882865085117549,39.551963806152344,0.868446409702301,0,1,0,0,0,0.10077208945951699,-0.9523432027643213,-0.7896756102550311,0,0,0,0,111,False,False,
123,4,1444.5690451791409,871.9160242666433,0.25320707506142903,58.27261734008789,4.621492385864258,0,2,0,1,1,-0.024077698068128938,-0.9424613438573636,-0.9669263550109239,0,0,0,0,111,False,False,
123,5,1443.8994840903106,874.6039155488919,0.7264972333560886,61.02496337890625,4.44175910949707,0,2,0,1,1,-0.1319935606413209,-0.9439862120991824,-0.7119682526396769,0,0,0,0,111,False,False,
86,6,1419.8869117089148,885.0828521711871,0.3532859346252525,84.33329010009766,-0.86236572265625,0,3,0,2,2,-0.3758619367053787,-0.908717995201079,0.4915654172559709,0,0,0,0,74,True,True,collision
123,7,1479.7369082005314,870.1372951554681,0.2517505630744728,35.015193939208984,1.1536470651626587,0,1,0,0,0,0.04948665096902403,-0.9418223860026912,-0.9283087337771967,0,0,0,0,111,False,False,
124,0,1467.4920013378455,871.0561649480297,0.5280038722616747,38.993019104003906,1.2887241840362549,0,1,0,0,0,0.05091623965563359,-0.9745633213718399,-0.9530780382570065,0,0,0,0,112,False,False,
124,1,1462.9798252421606,872.2364222426364,-0.17769738949345903,40.57782745361328,1.2580833435058594,0,1,0,0,0,-0.07557906984596785,-0.9867054167452617,-0.9370387404560732,0,0,0,0,112,False,False,
124,2,1336.7677314962966,883.0210833786068,1.2726065422083674,176.37486267089844,14.414804458618164,0,5,0,4,4,-0.24616807441676783,-0.941953486391636,-0.11370978595464654,0,0,0,0,112,False,False,
124,3,1474.9863489608767,869.2148669937839,0.6668128121212104,40.21883773803711,0.8855432271957397,0,1,0,0,0,0.1049862672689086,-0.9540982739801007,-0.7848376842079505,0,0,0,0,112,False,False,
124,4,1444.5690451791409,871.9160242666433,0.0,58.27261734008789,4.622302532196045,0,2,0,1,1,-0.024077698068128938,-0.9424613438573636,-0.9669263550109239,1,0,0,0,112,False,False,
124,5,1442.8790014979943,874.7291917989312,1.0281434044161406,62.05312728881836,4.459331035614014,0,2,0,1,1,-0.14885551574167394,-0.9466569980968532,-0.6987065494267155,0,0,0,0,112,False,False,
86,6,1419.8869117089148,885.0828521711871,0.3532859346252525,84.33329010009766,-0.86236572265625,0,3,0,2,2,-0.3758619367053787,-0.908717995201079,0.4915654172559709,0,0,0,0,74,True,True,collision
124,7,1479.438169648169,870.1408602403706,0.2987598241028922,35.31404495239258,1.1701180934906006,0,1,0,0,0,0.047473492650639555,-0.9426171412045226,-0.9266589964213526,0,0,0,0,112,False,False,
125,0,1466.6586358628606,871.0732000327405,0.8335395665521812,39.826446533203125,1.3027108907699585,0,1,0,0,0,0.05487322532919134,-0.9767782584563458,-0.9493174576521388,0,0,0,0,113,False,False,
125,1,1463.028566226986,872.2329114134642,-0.048867264331348276,40.62666320800781,1.255275011062622,0,1,0,0,0,-0.07524240147269867,-0.9865761187662209,-0.9371272575797128,1,0,0,0,113,False,False,
125,2,1335.4965639216796,883.126184030551,1.2755050567507604,177.6503143310547,14.419478416442871,0,5,0,4,4,-0.26108295092765904,-0.9450885025374798,-0.1075496916522507,0,0,0,0,113,False,False,
125,3,1474.0167006440015,869.2141151894492,0.9696486083262047,41.18844223022461,0.9023987650871277,0,1,0,0,0,0.11012800522144946,-0.9566474617636516,-0.7779985107740761,0,0,0,0,113,False,False,
125,4,1444.2569351267462,871.9358501900224,0.31273911179075925,58.58538055419922,4.640741348266602,0,2,0,1,1,-0.023493667573229814,-0.9432948192589379,-0.968770735704363,0,0,0,0,113,False,False,
125,5,1441.6222845044447,874.8858295509666,1.266441071364663,63.31956100463867,4.47071647644043,0,2,0,1,1,-0.16006029100963637,-0.9499346096845651,-0.6820782797245161,0,0,0,0,113,False,False,
86,6,1419.8869117089148,885.0828521711871,0.3532859346252525,84.33329010009766,-0.86236572265625,0,3,0,2,2,-0.3758619367053787,-0.908717995201079,0.4915654172559709,0,0,0,0,74,True,True,collision
125,7,1479.321086041919,870.142446019651,0.11709434464739549,35.431121826171875,1.1830790042877197,0,1,0,0,0,0.046702402670152944,-0.9429285094830466,-0.9260363178340179,0,0,0,0,113,False,False,
126,0,1465.525974971,871.1012793542411,1.1330088897471535,40.9594841003418,1.321547508239746,0,1,0,0,0,0.059886819888343566,-0.9797880688091432,-0.9447945335037528,0,0,0,0,114,False,False,
126,1,1462.919647434768,872.2407506963638,0.10920053871013313,40.7358283996582,1.265537977218628,0,1,0,0,0,-0.07686632088526595,-0.9868651638335744,-0.9369510737714544,0,0,0,0,114,False,False,
126,2,1334.1742403251576,883.2467315628089,1.3278069895329665,178.97817993164062,14.423102378845215,0,5,0,4,4,-0.2841670501293215,-0.9483038376841874,-0.09980780935712752,0,0,0,0,114,False,False,
126,3,1473.510046536018,869.2157839590193,0.5066568561939733,41.695159912109375,0.9147394895553589,0,1,0,0,0,0.11098002107852949,-0.957978849826394,-0.774669820980728,0,0,0,0,114,False,False,
126,4,1443.8540347858097,871.960907494133,0.4036787747900638,58.989112854003906,4.65911865234375,0,2,0,1,1,-0.023089382280240205,-0.9443707467970603,-0.9710907440732547,0,0,0,0,114,False,False,
126,5,1440.1580144382012,875.0854497507986,1.4778142816597608,64.7974624633789,4.482076644897461,0,2,0,1,1,-0.18146981292054534,-0.9537289067114939,-0.6606560781148394,0,0,0,0,114,False,False,
86,6,1419.8869117089148,885.0828521711871,0.3532859346252525,84.33329010009766,-0.86236572265625,0,3,0,2,2,-0.3758619367053787,-0.908717995201079,0.4915654172559709,0,0,0,0,74,True,True,collision
126,7,1479.321086041919,870.142446019651,0.0,35.431121826171875,1.1823002099990845,0,1,0,0,0,0.046702402670152944,-0.9429285094830466,-0.9260363178340179,1,0,0,0,114,False,False,
127,0,1464.9233524185354,871.119642823597,0.6029022787698985,41.56242370605469,1.3344404697418213,0,1,0,0,0,0.0611269059490673,-0.9813890951240795,-0.9428005791675542,0,0,0,0,115,False,False,
127,1,1462.7818140357558,872.2505311759239,0.13817996838789315,40.87399673461914,1.2750204801559448,0,1,0,0,0,-0.0784238415653211,-0.98723088075588,-0.9367310530476133,0,0,0,0,115,False,False,
127,2,1332.8271265665696,883.3780864994873,1.353502714429107,180.3316192626953,14.43553638458252,0,5,0,4,4,-0.3089061181365802,-0.9515237434426234,-0.0908789714644691,0,0,0,0,115,False,False,
127,3,1472.6975168943227,869.2264364437737,0.8125994671822981,42.507728576660156,0.9310672879219055,0,1,0,0,0,0.11039406084928739,-0.9601148826641569,-0.7702938619856674,0,0,0,0,115,False,False,
127,4,1443.366095521629,871.9920707415457,0.4889334039709415,59.47801971435547,4.675581932067871,0,2,0,1,1,-0.02472974564555399,-0.945673541652208,-0.9739890277500968,0,0,0,0,115,False,False,
127,5,1438.4113093940914,875.3246490318614,1.7630073190942577,66.56047058105469,4.495664596557617,0,2,0,1,1,-0.2020435354666827,-0.95821873661258,-0.6349670738597285,0,0,0,0,115,False,False,
86,6,1419.8869117089148,885.0828521711871,0.3532859346252525,84.33329010009766,-0.86236572265625,0,3,0,2,2,-0.3758619367053787,-0.908717995201079,0.4915654172559709,0,0,0,0,74,True,True,collision
127,7,1479.3357852079807,870.1422481435919,-0.014700497877492702,35.445892333984375,1.1826496124267578,0,1,0,0,0,0.046722082752132285,-0.9428892276457669,-0.9261166807482217,2,0,0,0,115,False,False,
128,0,1464.8417509123167,871.1222162385428,0.08164207421193069,41.64400863647461,1.3331820964813232,0,1,0,0,0,0.061164968413103794,-0.9816056567745548,-0.9425440288718188,1,0,0,0,116,False,False,
128,1,1462.332068416043,872.2813172179123,0.45079807323475535,41.32487487792969,1.2888811826705933,0,1,0,0,0,-0.08479259868430013,-0.9884235854640828,-0.936181426457521,0,0,0,0,116,False,False,
128,2,1331.5013541310177,883.5164233967048,1.332970235227052,181.66461181640625,14.448994636535645,0,5,0,4,4,-0.3367778863472659,-0.9546257631008748,-0.0810270284671527,0,0,0,0,116,False,False,
128,3,1472.4095422936318,869.230467456683,0.2880028119795628,42.795719146728516,0.9419119954109192,0,1,0,0,0,0.11197419067827039,-0.9608712378507264,-0.7687764786690455,0,0,0,0,116,False,False,
128,4,1443.0584018587363,872.0125936894616,0.3083773363519247,59.786441802978516,4.691544055938721,0,2,0,1,1,-0.02693218633462398,-0.9464952771250225,-0.9759136909590929,0,0,0,0,116,False,False,
128,5,1436.6906064712612,875.5531904189947,1.7358138478157694,68.29627990722656,4.512731552124023,0,2,0,1,1,-0.22375116338842216,-0.9625950208122216,-0.6105149080959851,0,0,0,0,116,False,False,
86,6,1419.8869117089148,885.0828521711871,0.3532859346252525,84.33329010009766,-0.86236572265625,0,3,0,2,2,-0.3758619367053787,-0.908717995201079,0.4915654172559709,0,0,0,0,74,True,True,collision
128,7,1479.3017740501125,870.1427018613651,0.03401418409064491,35.47995376586914,1.1797517538070679,0,1,0,0,0,0.04687467511492527,-0.9429798040633541,-0.9259258822525869,3,0,0,0,116,False,False,
129,0,1464.4467615786953,871.1358962980561,0.39522616019554174,42.039268493652344,1.3475449085235596,0,1,0,0,0,0.0627820480561013,-0.9826548628459667,-0.9414374683479461,0,0,0,0,117,False,False,
129,1,1462.332068416043,872.2813172179123,0.0,41.32487487792969,1.288171648979187,0,1,0,0,0,-0.08479259868430013,-0.9884235854640828,-0.936181426457521,1,0,0,0,117,False,False,
129,2,1330.0286709823629,883.6924839978298,1.4831699132601879,183.1477508544922,14.459587097167969,0,5,0,4,4,-0.37735124006152065,-0.9579599199017861,-0.06738878801776871,0,0,0,0,117,False,False,
129,3,1471.8244943492039,869.2405523100256,0.5851348575723732,43.380889892578125,0.9559828042984009,0,1,0,0,0,0.11445262469020716,-0.9624075283011723,-0.765910584927099,0,0,0,0,117,False,False,
129,4,1442.6502872835003,872.0403469871447,0.4090571501053764,60.195465087890625,4.704494953155518,0,2,0,1,1,-0.028336956872261808,-0.9475849495615368,-0.9785485529358413,0,0,0,0,117,False,False,
129,5,1434.9166105182235,875.7927698579742,1.7901005415829594,70.08631896972656,4.527538299560547,0,2,0,1,1,-0.25708632309658697,-0.9670314992659974,-0.5848259038408742,0,0,0,0,117,False,False,
86,6,1419.8869117089148,885.0828521711871,0.3532859346252525,84.33329010009766,-0.86236572265625,0,3,0,2,2,-0.3758619367053787,-0.908717995201079,0.4915654172559709,0,0,0,0,74,True,True,collision
129,7,1479.3017740501125,870.1427018613651,0.0,35.47995376586914,1.1771389245986938,0,1,0,0,0,0.04687467511492527,-0.9429798040633541,-0.9259258822525869,4,0,0,0,117,False,False,
130,0,1464.1568568594985,871.1457458063181,0.2900719893847341,42.32935333251953,1.3604371547698975,0,1,0,0,0,0.06614812902533156,-0.9834244261929024,-0.9405939078779296,0,0,0,0,118,False,False,
130,1,1462.26253045072,872.2860380501944,0.06969802636145886,41.394493103027344,1.2881982326507568,0,1,0,0,0,-0.08580505649729654,-0.9886075790372224,-0.9361010563967708,2,0,0,0,118,False,False,
130,2,1328.275215099527,883.92062966506,1.7682358379265481,184.91595458984375,14.468415260314941,0,5,0,4,4,-0.42852282976823264,-0.9617495199592367,-0.048930973852444715,0,0,0,0,118,False,False,
130,3,1471.5862079639505,869.2446643297561,0.23832186241169073,43.619205474853516,0.9693318009376526,0,1,0,0,0,0.11639560446959492,-0.9630326447827474,-0.7647447259345196,0,0,0,0,118,False,False,
130,4,1442.6502872835003,872.0403469871447,0.0,60.195465087890625,4.702503204345703,0,2,0,1,1,-0.028336956872261808,-0.9475849495615368,-0.9785485529358413,1,0,0,0,118,False,False,
130,5,1433.196304934551,876.006562118281,1.7335392789843398,71.81989288330078,4.538145542144775,0,2,0,1,1,-0.28958544642971196,-0.9712468904343239,-0.5621449095493067,0,0,0,0,118,False,False,
86,6,1419.8869117089148,885.0828521711871,0.3532859346252525,84.33329010009766,-0.86236572265625,0,3,0,2,2,-0.3758619367053787,-0.908717995201079,0.4915654172559709,0,0,0,0,74,True,True,collision
130,7,1479.2731830937703,870.1430878201576,0.02859356131631193,35.508522033691406,1.176908254623413,0,1,0,0,0,0.0468365191107242,-0.9430557725909474,-0.9257724601945941,5,0,0,0,118,False,False,
131,0,1463.9483887102356,871.1526869999138,0.20858367487798485,42.5379638671875,1.3739618062973022,0,1,0,0,0,0.06888555308330081,-0.9839775850889012,-0.9399785294877367,0,0,0,0,119,False,False,
131,1,1462.0000771255195,872.3033551990426,0.2630240132631036,41.65751647949219,1.3051257133483887,0,1,0,0,0,-0.09012964707651464,-0.9893023800443785,-0.9358518134447233,0,0,0,0,119,False,False,
131,2,1326.6379911213528,884.1245908032988,1.6498795412455156,186.56593322753906,14.471343994140625,0,5,0,4,4,-0.47479590045971665,-0.9650982467947054,-0.03278732575433507,0,0,0,0,119,False,False,
131,3,1471.3336427246516,869.2485804067855,0.25259559727238207,43.87179946899414,0.9819899797439575,0,1,0,0,0,0.11967858436155565,-0.963694570101813,-0.7634546742587002,0,0,0,0,119,False,False,
131,4,1442.7878161634592,872.0309073037427,-0.13785245897500004,60.3333625793457,4.71208381652832,0,2,0,1,1,-0.028538064560656076,-0.9472175953225139,-0.9776483149930084,0,0,0,0,119,False,False,
131,5,1431.666314050605,876.1712528193972,1.5388291432098768,73.35875701904297,4.551577568054199,0,2,0,1,1,-0.32336221306513646,-0.9749018293795785,-0.545018868597652,0,0,0,0,119,False,False,
86,6,1419.8869117089148,885.0828521711871,0.3532859346252525,84.33329010009766,-0.86236572265625,0,3,0,2,2,-0.3758619367053787,-0.908717995201079,0.4915654172559709,0,0,0,0,74,True,True,collision
131,7,1479.2731830937703,870.1430878201576,0.0,35.508522033691406,1.1676888465881348,0,1,0,0,0,0.0468365191107242,-0.9430557725909474,-0.9257724601945941,6,0,0,0,119,False,False,
132,0,1463.4670494097948,871.1675568166713,0.4815689292294229,43.01951599121094,1.391353964805603,0,1,0,0,0,0.07653766694619056,-0.9852531827339228,-0.9384027017147023,0,0,0,0,120,False,False,
132,1,1461.4278557212083,872.3409363334845,0.573454163135744,42.231014251708984,1.3200013637542725,0,1,0,0,0,-0.10486267045188748,-0.9908139462156764,-0.9353387128532523,0,0,0,0,120,False,False,
132,2,1325.5356077183603,884.2529813524313,1.1098348076627242,187.67568969726562,14.474797248840332,0,5,0,4,4,-0.5084006931324451,-0.9672273955305402,-0.02298718092528451,0,0,0,0,120,False,False,
132,3,1471.3243239268047,869.2487245524857,0.009319912622681944,43.88107681274414,0.9774940013885498,0,1,0,0,0,0.11978422902657479,-0.9637188646999394,-0.7634035478657955,1,0,0,0,120,False,False,
132,4,1442.6139732816368,872.0429665282228,0.17426064517091364,60.50761032104492,4.7256855964660645,0,2,0,1,1,-0.029259384776583235,-0.9476817662626388,-0.9787973420821926,0,0,0,0,120,False,False,
132,5,1430.1178612086464,876.3222870601976,1.5558012551942608,74.91444396972656,4.562281608581543,0,2,0,1,1,-0.3756264393627096,-0.9784552973630639,-0.5295688642925724,0,0,0,0,120,False,False,
86,6,1419.8869117089148,885.0828521711871,0.3532859346252525,84.33329010009766,-0.86236572265625,0,3,0,2,2,-0.3758619367053787,-0.908717995201079,0.4915654172559709,0,0,0,0,74,True,True,collision
132,7,1478.9582669020624,870.1478118706034,0.31495162239999996,35.8234977722168,1.1737021207809448,0,1,0,0,0,0.04656590162813548,-0.9438935063879264,-0.9241519450669563,0,0,0,0,120,False,False,
133,0,1463.4670494097948,871.1675568166713,0.0,43.01951599121094,1.3893563747406006,0,1,0,0,0,0.07653766694619056,-0.9852531827339228,-0.9384027017147023,1,0,0,0,121,False,False,
133,1,1460.5519684160747,872.4034611246068,0.878116120338826,43.10909652709961,1.3361778259277344,0,1,0,0,0,-0.14518409225245502,-0.9931101467327331,-0.9339528331368319,0,0,0,0,121,False,False,
133,2,1324.3549927773915,884.394166324934,1.1890268438094465,188.86476135253906,14.472349166870117,0,5,0,4,4,-0.5577216653732131,-0.9693479988345556,-0.01205136411562402,0,0,0,0,121,False,False,
133,3,1471.3243239268047,869.2487245524857,0.0,43.88107681274414,0.9778379797935486,0,1,0,0,0,0.11978422902657479,-0.9637188646999394,-0.7634035478657955,2,0,0,0,121,False,False,
133,4,1442.4531511980038,872.0541386414624,0.16120967309172293,60.668888092041016,4.739105224609375,0,2,0,1,1,-0.02956561277008455,-0.9481113763682282,-0.9798658794059745,0,0,0,0,121,False,False,
133,5,1428.4156700646956,876.4971191649428,1.7111460941118115,76.62567138671875,4.568295001983643,0,2,0,1,1,-0.46993588853340373,-0.982050675266391,-0.5115205758218271,0,0,0,0,121,False,False,
86,6,1419.8869117089148,885.0828521711871,0.3532859346252525,84.33329010009766,-0.86236572265625,0,3,0,2,2,-0.3758619367053787,-0.908717995201079,0.4915654172559709,0,0,0,0,74,True,True,collision
133,7,1478.6098859757697,870.1525452765713,0.3484130808919042,36.17191696166992,1.1845275163650513,0,1,0,0,0,0.04826549550258695,-0.9448199957961207,-0.9222903483432533,0,0,0,0,121,False,False,
134,0,1463.3759467284242,871.1703680461509,0.0911460452465636,43.11062240600586,1.388230562210083,0,1,0,0,0,0.07783927299047662,-0.985494351854035,-0.9381023180766574,2,0,0,0,122,False,False,
134,1,1459.37800204524,872.4830705572605,1.1766625266482815,44.28574752807617,1.3405263423919678,0,1,0,0,0,-0.25775750539653725,-0.9961059308944299,-0.9325824114002623,0,0,0,0,122,False,False,
134,2,1323.1567752112871,884.5345844810963,1.2064172554722687,190.0712127685547,14.469353675842285,0,5,0,4,4,-0.6110139691994985,-0.9713071361372159,-0.001291523864376587,0,0,0,0,122,False,False,
134,3,1471.2315803744154,869.2502042350645,0.09275535548046537,43.97386169433594,0.9744226932525635,0,1,0,0,0,0.12029090465981464,-0.9639619096957448,-0.7629342770433606,3,0,0,0,122,False,False,
134,4,1442.172026762427,872.0736901930248,0.28180349793205023,60.9506950378418,4.756597995758057,0,2,0,1,1,-0.03004997170945166,-0.9488620355393383,-0.9817248962264291,0,0,0,0,122,False,False,
134,5,1426.5014269101223,876.690722877672,1.9240086414602724,78.54962158203125,4.569639205932617,0,2,0,1,1,-0.6210618139920547,-0.9854373348601996,-0.49159154502958846,0,0,0,0,122,False,False,
86,6,1419.8869117089148,885.0828521711871,0.3532859346252525,84.33329010009766,-0.86236572265625,0,3,0,2,2,-0.3758619367053787,-0.908717995201079,0.4915654172559709,0,0,0,0,74,True,True,collision
134,7,1477.9550271294909,870.1614239742419,0.6549190330277763,36.82676315307617,1.1986794471740723,0,1,0,0,0,0.04985897977530777,-0.9465610743124759,-0.9188009255749511,0,0,0,0,122,False,False,
135,0,1463.3759467284242,871.1703680461509,0.0,43.11062240600586,1.3865491151809692,0,1,0,0,0,0.07783927299047662,-0.985494351854035,-0.9381023180766574,3,0,0,0,123,False,False,
135,1,1458.7338621791341,872.5288791604096,0.6457666724361483,44.93153762817383,1.3380759954452515,0,1,0,0,0,-0.44273223583775995,-0.997587745655073,-0.9315854395920729,0,0,0,0,123,False,False,
135,2,1322.0162277512352,884.6654933766462,1.1480355602353671,191.2191925048828,14.473875999450684,0,5,0,4,4,-0.6685019597811472,-0.972953383078883,0.008610959509040228,0,0,0,0,123,False,False,
135,3,1471.2315803744154,869.2502042350645,0.0,43.97386169433594,0.9744901657104492,0,1,0,0,0,0.12029090465981464,-0.9639619096957448,-0.7629342770433606,4,0,0,0,123,False,False,
135,4,1442.0621978279605,872.0813547743901,0.11009605194350221,61.060707092285156,4.773422718048096,0,2,0,1,1,-0.030376553349698396,-0.9491550604366676,-0.9824568365749496,0,0,0,0,123,False,False,
135,5,1425.1311509662494,876.8379930994655,1.3781671453723783,79.92787170410156,7.7858381271362305,0,3,1,2,2,-0.11608002672088182,-0.8993654172854436,-0.4762806125173418,0,0,0,0,123,False,False,
86,6,1419.8869117089148,885.0828521711871,0.3532859346252525,84.33329010009766,-0.86236572265625,0,3,0,2,2,-0.3758619367053787,-0.908717995201079,0.4915654172559709,0,0,0,0,74,True,True,collision
135,7,1477.8221895252389,870.1633171858984,0.13285109466531794,36.959712982177734,1.2148544788360596,0,1,0,0,0,0.04974709967456066,-0.9469145271846202,-0.9181043374048066,0,0,0,0,123,False,False,
136,0,1463.0611785656283,871.18111644801,0.31495162239999996,43.42562484741211,1.4007720947265625,0,1,0,0,0,0.08039148426163238,-0.9863280533342574,-0.9372003167235017,0,0,0,0,124,False,False,
136,1,1457.8129472227388,872.5910860900204,0.9230135746586651,45.85453414916992,4.549126625061035,0,2,1,1,1,-0.044603110773637884,-0.9071650469731215,-0.9294612787538435,0,0,0,0,124,False,False,
136,2,1320.582993848194,884.8128350500139,1.4407876281872778,192.65997314453125,17.68538475036621,0,6,1,5,5,-0.15690065768129166,-0.8919938694971717,0.019004667895415217,0,0,0,0,124,False,False,
136,3,1471.2953310301793,869.2492423512737,-0.06375791190712572,44.03759002685547,0.9701537489891052,0,1,0,0,0,0.12027637750883129,-0.9637950314869648,-0.7632711795334803,5,0,0,0,124,False,False,
136,4,1441.7972879649742,872.0994432774729,0.2655267019551976,61.32633590698242,4.786707401275635,0,2,0,1,1,-0.029837661518655207,-0.9498626429660307,-0.9841695064183419,0,0,0,0,124,False,False,
136,5,1424.2932516565122,876.9351066957412,0.8435083306284031,80.77136993408203,7.7998762130737305,0,3,0,2,2,-0.12413529499669317,-0.9015730681101435,-0.46607082764897034,0,0,0,0,124,False,False,
86,6,1419.8869117089148,885.0828521711871,0.3532859346252525,84.33329010009766,-0.86236572265625,0,3,0,2,2,-0.3758619367053787,-0.908717995201079,0.4915654172559709,0,0,0,0,74,True,True,collision
136,7,1477.8221895252389,870.1633171858984,0.0,36.959712982177734,1.210255742073059,0,1,0,0,0,0.04974709967456066,-0.9469145271846202,-0.9181043374048066,1,0,0,0,124,False,False,
137,0,1462.4370820789065,871.2021090758359,0.6244494496447341,44.05000305175781,1.4093137979507446,0,1,0,0,0,0.09186446645654547,-0.9879778513214869,-0.9353679350814587,0,0,0,0,125,False,False,
137,1,1456.8014023594237,872.6565375519839,1.013660152305606,46.868247985839844,4.5650811195373535,0,2,0,1,1,-0.04408335458216344,-0.9098619889290652,-0.9233427487652769,0,0,0,0,125,False,False,
137,2,1319.29616921809,884.9460818971969,1.2937048932916084,193.95372009277344,17.693405151367188,0,6,0,5,5,-0.16250435479975825,-0.8953355633360465,0.028460520705374526,0,0,0,0,125,False,False,
137,3,1471.4959161840125,869.2467337155913,-0.20060084045488305,44.23828887939453,0.975066065788269,0,1,0,0,0,0.12015636348281854,-0.9632694481504839,-0.7643566827584023,0,0,0,0,125,False,False,
137,4,1441.236781128006,872.1355633168137,0.5616694504156364,61.88792419433594,4.803277015686035,0,2,0,1,1,-0.02824785233886031,-0.9513587799993675,-0.9875434177706366,0,0,0,0,125,False,False,
137,5,1423.4908352669395,877.0283294764257,0.8078134370593393,81.57913208007812,7.809175968170166,0,3,0,2,2,-0.12707105263307186,-0.9036852704267097,-0.4562708543370332,0,0,0,0,125,False,False,
86,6,1419.8869117089148,885.0828521711871,0.3532859346252525,84.33329010009766,-0.86236572265625,0,3,0,2,2,-0.3758619367053787,-0.908717995201079,0.4915654172559709,0,0,0,0,74,True,True,collision
137,7,1477.8063653105685,870.1635412939079,0.01582580153840113,36.975460052490234,1.2094322443008423,0,1,0,0,0,0.04984487522616645,-0.946956385206262,-0.9180166707201878,2,0,0,0,125,False,False,
138,0,1461.5092976884614,871.2270343371389,0.9281191431085185,44.97819519042969,1.426526427268982,0,1,0,0,0,0.12091844255698479,-0.9904176169161674,-0.9319004379174941,0,0,0,0,126,False,False,
138,1,1455.4949976682685,872.7441771661539,1.3093410247312525,48.177581787109375,4.584357738494873,0,2,0,1,1,-0.04742762083378062,-0.9133442328036583,-0.9150725008555846,0,0,0,0,126,False,False,
138,2,1317.9520362297144,885.0986477594312,1.3527637756677449,195.30645751953125,17.707866668701172,0,6,0,5,5,-0.17471585947834886,-0.8988124697646475,0.03993135656429736,0,0,0,0,126,False,False,
138,3,1471.831101079461,869.2425954100536,-0.33521044093167773,44.57339859008789,0.9775042533874512,0,1,0,0,0,0.11741573899785906,-0.9623913724123295,-0.7662036647947289,0,0,0,0,126,False,False,
138,4,1441.0824794303658,872.1452353242531,0.1546045329947647,62.04252624511719,4.819015026092529,0,2,0,1,1,-0.02736536780237644,-0.9517706700239207,-0.9884436566067878,0,0,0,0,126,False,False,
138,5,1422.6057313940312,877.1257749321653,0.890451841865463,82.46961212158203,7.8245158195495605,0,3,0,2,2,-0.1263426634811645,-0.9060144063126452,-0.44786457191672546,0,0,0,0,126,False,False,
86,6,1419.8869117089148,885.0828521711871,0.3532859346252525,84.33329010009766,-0.86236572265625,0,3,0,2,2,-0.3758619367053787,-0.908717995201079,0.4915654172559709,0,0,0,0,74,True,True,collision
138,7,1477.4758742456343,870.1675074069442,0.3305148620773812,37.30604934692383,1.2272746562957764,0,1,0,0,0,0.052085483668198804,-0.9478350591934878,-0.9161915928485597,0,0,0,0,126,False,False,
139,0,1461.1078223215084,871.2367682736187,0.40159335127638984,45.37980270385742,1.44086754322052,0,1,0,0,0,0.13788166870142124,-0.9914662961952714,-0.9302726190194412,0,0,0,0,127,False,False,
139,1,1454.392626664252,872.8268583131892,1.1054673231585135,49.2830924987793,4.603525161743164,0,2,0,1,1,-0.05428708259554595,-0.9162819212259745,-0.9070510528120631,0,0,0,0,127,False,False,
139,2,1316.3227235981128,885.2931851111988,1.6408852588554619,196.9473114013672,17.71979331970215,0,6,0,5,5,-0.18636263737030404,-0.9030097654064959,0.05441574810676553,0,0,0,0,127,False,False,
139,3,1472.232299338762,869.2365666780023,-0.40124355306512893,44.97468948364258,0.9815909266471863,0,1,0,0,0,0.11252506049222195,-0.9613384011989047,-0.7682706889945358,0,1,0,0,127,False,False,
139,4,1441.0018648012751,872.1501954262325,0.0807670789062581,62.12336730957031,4.820768356323242,0,2,0,1,1,-0.026752416039569325,-0.9519860556476236,-0.9888973300917171,1,0,0,0,127,False,False,
139,5,1422.2433015960448,877.1651479464679,0.3645621932177188,82.83416748046875,7.835986614227295,0,3,0,2,2,-0.12672710694401984,-0.9069675640295269,-0.44497885365508116,0,0,0,0,127,False,False,
86,6,1419.8869117089148,885.0828521711871,0.3532859346252525,84.33329010009766,-0.86236572265625,0,3,0,2,2,-0.3758619367053787,-0.908717995201079,0.4915654172559709,0,0,0,0,74,True,True,collision
139,7,1476.8361633413238,870.1725419328989,0.6397307148678033,37.945716857910156,1.245812177658081,0,1,0,0,0,0.056560951289230846,-0.9495343407933363,-0.9123424986933255,0,0,0,0,127,False,False,
140,0,1460.4882035962828,871.2507605322836,0.6197766920049156,45.99958801269531,1.4556244611740112,0,1,0,0,0,0.171835125184754,-0.993070597007807,-0.9276267602944286,0,0,0,0,128,False,False,
140,1,1453.1187274957852,872.9185896297998,1.2771976064289006,50.56019592285156,4.61880350112915,0,2,0,1,1,-0.054609847945293194,-0.9196755122692651,-0.8982320144582066,0,0,0,0,128,False,False,
140,2,1314.4137943263322,885.5182016332583,1.9221455199490816,198.8694610595703,17.736543655395508,0,6,0,5,5,-0.19558068448490706,-0.9079079163550386,0.06524396651391351,0,0,0,0,128,False,False,
140,3,1472.525084016616,869.2316189334871,-0.29282648063615896,45.2674560546875,0.9856781363487244,0,1,0,0,0,0.10914028049352535,-0.9605693664089852,-0.7697150060208224,0,0,0,0,128,False,False,
140,4,1440.6081639867516,872.1730909483747,0.39436599281717527,62.51770782470703,4.834990501403809,0,2,0,1,1,-0.025162920138386842,-0.9530368303805349,-0.9909685493142574,0,0,0,0,128,False,False,
140,5,1421.5739924562479,877.2370209588955,0.6731570801314386,83.50732421875,7.85308837890625,0,3,0,2,2,-0.1283991310841922,-0.908726972258912,-0.4397638186478665,0,0,0,0,128,False,False,
86,6,1419.8869117089148,885.0828521711871,0.3532859346252525,84.33329010009766,-0.86236572265625,0,3,0,2,2,-0.3758619367053787,-0.908717995201079,0.4915654172559709,0,0,0,0,74,True,True,collision
140,7,1476.1425411789912,870.1794684371886,0.6936567454732194,38.63935470581055,1.25942862033844,0,1,0,0,0,0.0573127960373477,-0.9513768181485633,-0.9083408257725731,0,0,0,0,128,False,False,
141,0,1459.6568742893041,871.2696783612595,0.8315445273074017,46.83110046386719,1.470335602760315,0,1,0,0,0,0.24982618774512907,-0.9951714975887955,-0.92410811529792,0,0,0,0,129,False,False,
141,1,1452.0642689664692,872.9967210241629,1.05734918774857,51.617652893066406,4.634469509124756,0,2,0,1,1,-0.057963778965573615,-0.9224841253774259,-0.890671554389849,0,0,0,0,129,False,False,
141,2,1312.470321031161,885.7718898894566,1.9599607599074744,200.82943725585938,17.748680114746094,0,6,0,5,5,-0.21551672174153585,-0.912854197091079,0.07921929526362348,0,0,0,0,129,False,False,
141,3,1472.950892007766,869.2238049825154,-0.4258796815498886,45.69343185424805,0.9906414747238159,0,1,0,0,0,0.1051992268387317,-0.9594493512269286,-0.7717454827823689,0,1,0,0,129,False,False,
141,4,1440.595411667922,872.1738309441338,0.012773771144707414,62.530426025390625,4.83566427230835,0,2,0,1,1,-0.02510075595276583,-0.9530707149501351,-0.9910344047392808,1,0,0,0,129,False,False,
141,5,1420.608457042696,877.3388814967324,0.9708935080590282,84.47825622558594,7.870568752288818,0,3,0,2,2,-0.1308981802697114,-0.9112631222869864,-0.4324465555533068,0,0,0,0,129,False,False,
86,6,1419.8869117089148,885.0828521711871,0.3532859346252525,84.33329010009766,-0.86236572265625,0,3,0,2,2,-0.3758619367053787,-0.908717995201079,0.4915654172559709,0,0,0,0,74,True,True,collision
141,7,1475.4688969764547,870.1868924562675,0.6736851101741361,39.31310272216797,1.2739202976226807,0,1,0,0,0,0.05882390813037672,-0.9531661007441348,-0.9045428723033365,0,0,0,0,129,False,False,
142,0,1458.525984714617,871.2890181107897,1.1310549306059154,47.96212387084961,1.4751379489898682,0,1,0,0,0,0.5836222437874173,-0.9976415508759239,-0.918558993539865,0,0,0,0,130,False,False,
142,1,1450.779415172176,873.0882299625775,1.2881083644318827,52.90570068359375,4.652187824249268,0,2,0,1,1,-0.05874348993293097,-0.9259049421090045,-0.8818964172704926,0,0,0,0,130,False,False,
142,2,1310.2573591870598,886.0715080292247,2.233152738422721,203.06263732910156,17.76120948791504,0,6,0,5,5,-0.23420379270110062,-0.9184372666142645,0.09641480064623065,0,0,0,0,130,False,False,
142,3,1473.5073935300943,869.2125772783997,-0.5566147731540667,46.250064849853516,0.9932042956352234,0,1,0,0,0,0.10037898484946324,-0.9579840817225077,-0.7742744597411029,0,2,0,0,130,False,False,
142,4,1440.4678481141048,872.1810160179277,0.12776574481414635,62.6581916809082,4.8481011390686035,0,2,0,1,1,-0.024196440658251897,-0.953411179965179,-0.9916785381522095,0,0,0,0,130,False,False,
142,5,1419.5683954495023,877.4513816425064,1.0461282906202265,85.52436065673828,7.886736869812012,0,3,0,2,2,-0.13684787960022884,-0.9139905318202035,-0.4242355167804911,0,0,0,0,130,False,False,
86,6,1419.8869117089148,885.0828521711871,0.3532859346252525,84.33329010009766,-0.86236572265625,0,3,0,2,2,-0.3758619367053787,-0.908717995201079,0.4915654172559709,0,0,0,0,74,True,True,collision
142,7,1475.3175821639059,870.188422093987,0.15132254388653155,39.46435546875,1.28818941116333,0,1,0,0,0,0.05991964023767543,-0.9535676709109472,-0.9036709364708616,0,0,0,0,130,False,False,
143,0,1457.1791782097116,871.2974544530117,1.3468329271017014,49.30895233154297,4.696910858154297,0,2,1,1,1,0.01840215979334453,-0.9087990702772625,-0.9143625129109507,0,0,0,0,131,False,False,
143,1,1449.206669149611,873.2133381477008,1.5777142039923588,54.48341751098633,4.669137954711914,0,2,0,1,1,-0.06785901079440337,-0.9300896770055381,-0.8696008127852972,0,0,0,0,131,False,False,
143,2,1308.2692108448819,886.3741303229513,2.011048006181227,205.07369995117188,17.771739959716797,0,6,0,5,5,-0.26140544956479317,-0.9233824134403905,0.1158636978655152,0,0,0,0,131,False,False,
143,3,1474.1921827300455,869.1960549281398,-0.6849884936463978,46.93495559692383,0.9925694465637207,0,1,0,0,0,0.09380228053622343,-0.9561783396957878,-0.7770599834222993,0,3,0,0,131,False,False,
143,4,1440.02788234645,872.2039470889889,0.44056294752056263,63.09885025024414,4.860304355621338,0,2,0,1,1,-0.02208221715694284,-0.9545855840438655,-0.993669265822711,0,0,0,0,131,False,False,
143,5,1418.724274737478,877.5489020751697,0.849735259510452,86.37409210205078,7.902362823486328,0,3,0,2,2,-0.14527126923676154,-0.9161992638403238,-0.41682323320507286,0,0,0,0,131,False,False,
86,6,1419.8869117089148,885.0828521711871,0.3532859346252525,84.33329010009766,-0.86236572265625,0,3,0,2,2,-0.3758619367053787,-0.908717995201079,0.4915654172559709,0,0,0,0,74,True,True,collision
143,7,1475.3175821639059,870.188422093987,0.0,39.46435546875,1.2898565530776978,0,1,0,0,0,0.05991964023767543,-0.9535676709109472,-0.9036709364708616,1,0,0,0,131,False,False,
144,0,1455.6343149954164,871.3063952572662,1.5448890862658438,50.85390090942383,4.715226650238037,0,2,0,1,1,0.019589729647460294,-0.9129170715706487,-0.9127963972944662,0,0,0,0,132,False,False,
144,1,1447.4305784781773,873.3481782141658,1.7812018180649196,56.26465606689453,4.685844898223877,0,2,0,1,1,-0.07033333885145668,-0.9348126346412343,-0.8564708347154755,0,0,0,0,132,False,False,
144,2,1306.7231875870043,886.6264255070165,1.5664739939751884,206.64016723632812,17.781890869140625,0,6,0,5,5,-0.2831583806165491,-0.9271743466855045,0.13300809114831047,0,0,0,0,132,False,False,
144,3,1474.5512685251733,869.1873810294803,-0.35919054105116544,47.294189453125,0.9974219799041748,0,1,0,0,0,0.09178473317101665,-0.9552305369148225,-0.7785189079894158,0,4,0,0,132,False,False,
144,4,1439.468462325885,872.2293735934682,0.559997559404472,63.658756256103516,4.877872467041016,0,2,0,1,1,-0.018454707609475603,-0.9560780550300126,-0.9957624370024789,0,0,0,0,132,False,False,
144,5,1418.2325676543828,877.6052546591321,0.49492572097770887,86.86901092529297,7.910935878753662,0,3,0,2,2,-0.146985386643616,-0.9174845726765023,-0.4125678364476839,0,0,0,0,132,False,False,
86,6,1419.8869117089148,885.0828521711871,0.3532859346252525,84.33329010009766,-0.86236572265625,0,3,0,2,2,-0.3758619367053787,-0.908717995201079,0.4915654172559709,0,0,0,0,74,True,True,collision
144,7,1475.3327670343147,870.1882660715332,-0.015185671942306349,39.4794921875,1.2902119159698486,0,1,0,0,0,0.05976094973987516,-0.9535274913588857,-0.9037659140724418,2,0,0,0,132,False,False,
145,0,1453.9680229525343,871.2963857823157,1.6663221062449916,52.52019119262695,4.731637477874756,0,2,0,1,1,0.028554779786749248,-0.9173562699497341,-0.9087417684649322,0,0,0,0,133,False,False,
145,1,1446.1963941231845,873.4505842190346,1.2384256182517723,57.50302505493164,4.6962995529174805,0,2,0,1,1,-0.07877590816810627,-0.9380909882473142,-0.8463123048778438,0,0,0,0,133,False,False,
145,2,1304.9383409691739,886.9270831430939,1.8099923931642323,208.45010375976562,17.793325424194336,0,6,0,5,5,-0.30592456735503093,-0.931488382277988,0.15393878188317323,0,0,0,0,133,False,False,
145,3,1474.891129006383,869.1783588908837,-0.3399802136491227,47.634151458740234,1.001170039176941,0,1,0,0,0,0.08847803087295208,-0.9543328800908419,-0.779801670187913,0,0,0,0,133,False,False,
145,4,1438.7251614202119,872.2631750638653,0.7440690665357542,64.4028091430664,4.891027450561523,0,2,0,1,1,-0.019343684150551453,-0.9580613258337948,-0.9985436317748617,0,0,0,0,133,False,False,
145,5,1417.5093891598378,877.6912431548615,0.7282727211492944,87.59725189208984,7.92034912109375,0,3,0,2,2,-0.15325690903652886,-0.9193718358996689,-0.4059238923682088,0,0,0,0,133,False,False,
86,6,1419.8869117089148,885.0828521711871,0.3532859346252525,84.33329010009766,-0.86236572265625,0,3,0,2,2,-0.3758619367053787,-0.908717995201079,0.4915654172559709,0,0,0,0,74,True,True,collision
145,7,1475.0327650373565,870.1912413016123,0.3000167498205761,39.77955627441406,1.303773283958435,0,1,0,0,0,0.06103956392837012,-0.9543240360871298,-0.9020285100319788,0,0,0,0,133,False,False,
146,0,1452.6090760474099,871.2897709843272,1.3589630040953167,53.879093170166016,4.746813774108887,0,2,0,1,1,0.029104673158413006,-0.920976392767001,-0.9056239661091331,0,0,0,0,134,False,False,
146,1,1445.492687052393,873.5121758231459,0.7063973153821216,58.209449768066406,4.708630084991455,0,2,0,1,1,-0.08420607782660075,-0.9399588346656677,-0.8401352303812151,0,0,0,0,134,False,False,
146,2,1302.8868557122735,887.3106663394796,2.0870380513610236,210.53717041015625,17.798580169677734,0,6,0,5,5,-0.3439690761889273,-0.9363209235001307,0.1825422335164335,0,0,0,0,134,False,False,
146,3,1474.910801531724,869.1778334144616,-0.01967954213815745,47.653812408447266,1.0004618167877197,0,1,0,0,0,0.08827096631938124,-0.9542809723991199,-0.7798820259555704,1,0,0,0,134,False,False,
146,4,1437.680749785245,872.3077332262143,1.0453617044285237,65.44819641113281,4.9065046310424805,0,2,0,1,1,-0.01880716331374401,-0.9608478799738146,-0.9979068290435616,0,0,0,0,134,False,False,
146,5,1416.595156091978,877.7970373227407,0.9203339113200952,88.51753997802734,7.9279069900512695,0,3,0,2,2,-0.15595768654361436,-0.921754838749637,-0.39787430837153304,0,0,0,0,134,False,False,
86,6,1419.8869117089148,885.0828521711871,0.3532859346252525,84.33329010009766,-0.86236572265625,0,3,0,2,2,-0.3758619367053787,-0.908717995201079,0.4915654172559709,0,0,0,0,74,True,True,collision
146,7,1475.0327650373565,870.1912413016123,0.0,39.77955627441406,1.2979426383972168,0,1,0,0,0,0.06103956392837012,-0.9543240360871298,-0.9020285100319788,1,0,0,0,134,False,False,
147,0,1451.3398771432026,871.2732780680626,1.269306060305367,55.14848709106445,4.760617256164551,0,2,0,1,1,0.03581238633380382,-0.9243563136896873,-0.9014668915370369,0,0,0,0,135,False,False,
147,1,1444.5150755580148,873.6008215536145,0.981622279428598,59.191123962402344,4.72612190246582,0,2,0,1,1,-0.09011328559135261,-0.942551577084081,-0.8311769487174122,0,0,0,0,135,False,False,
147,2,1300.996497150463,887.6577710977682,1.9219618116488708,212.4591522216797,17.79511070251465,0,6,0,5,5,-0.37004475558110117,-0.9406666993798032,0.20813098601872526,0,0,0,0,135,False,False,
147,3,1474.6153117772174,869.1857909682099,0.29559688374548254,47.9493293762207,1.0133056640625,0,1,0,0,0,0.08967305915341892,-0.955061338237794,-0.7787754690049709,0,0,0,0,135,False,False,
147,4,1436.5628156976875,872.3620458162148,1.1192526442031863,66.56743621826172,4.9226765632629395,0,2,0,1,1,-0.02443015846564202,-0.9638304862910072,-0.9933105051737852,0,0,0,0,135,False,False,
147,5,1415.4728730148368,877.918357082995,1.12882141610883,89.6463851928711,7.9410295486450195,0,3,0,2,2,-0.1571516822887601,-0.9246773338464475,-0.3890265409011715,0,0,0,0,135,False,False,
86,6,1419.8869117089148,885.0828521711871,0.3532859346252525,84.33329010009766,-0.86236572265625,0,3,0,2,2,-0.3758619367053787,-0.908717995201079,0.4915654172559709,0,0,0,0,74,True,True,collision
147,7,1475.1706111491544,870.1899184608538,-0.13785245897500004,39.917503356933594,1.2990117073059082,0,1,0,0,0,0.060753717011776745,-0.9539578796823334,-0.9028355409301008,0,0,0,0,135,False,False,
148,0,1449.7805920662809,871.26021957427,1.559339756233741,56.70774459838867,4.774582862854004,0,2,0,1,1,0.034782576998869295,-0.9285084728963041,-0.8972293325594481,0,0,0,0,136,False,False,
148,1,1444.0626582337923,873.6408091617228,0.4541810696836618,59.64527893066406,4.738190650939941,0,2,0,1,1,-0.0905701595754686,-0.94375068250976,-0.8271589173519633,0,0,0,0,136,False,False,
148,2,1299.6450074084478,887.9172040248716,1.3761649488479142,213.83526611328125,17.789024353027344,0,6,0,5,5,-0.3982338251518892,-0.9436804174221608,0.22777712791849236,0,0,0,0,136,False,False,
148,3,1474.2653456858714,869.1947189180862,0.3500799528408215,48.29941940307617,1.026051640510559,0,1,0,0,0,0.09249122862453842,-0.9559852703009344,-0.777404189682834,0,0,0,0,136,False,False,
148,4,1435.2258397133958,872.4222096144823,1.338328982423455,67.90582275390625,4.938157081604004,0,2,0,1,1,-0.024576362460592804,-0.9673971260136122,-0.988392434628825,0,0,0,0,136,False,False,
148,5,1414.0580259234912,878.0607824556098,1.4219976366554752,91.0684585571289,7.958155632019043,0,3,0,2,2,-0.1604629231955793,-0.9283556186778422,-0.3791234286316719,0,0,0,0,136,False,False,
86,6,1419.8869117089148,885.0828521711871,0.3532859346252525,84.33329010009766,-0.86236572265625,0,3,0,2,2,-0.3758619367053787,-0.908717995201079,0.4915654172559709,0,0,0,0,74,True,True,collision
148,7,1475.2936852241307,870.1888117836494,-0.12307905047459905,40.04055404663086,1.3073080778121948,0,1,0,0,0,0.060708491543817265,-0.9536312279940279,-0.9035540475580366,0,0,0,0,136,False,False,
149,0,1448.0492326394053,871.264642540389,1.7313650763661543,58.43919372558594,4.796339511871338,0,2,0,1,1,0.029744453787812593,-0.9331209659632472,-0.8947993567079142,0,0,0,0,137,False,False,
149,1,1443.5452165348586,873.6839658472859,0.5192382991499203,60.16453170776367,4.752951145172119,0,2,0,1,1,-0.08962007424495369,-0.9451219949958531,-0.8228701176367275,0,0,0,0,137,False,False,
149,2,1298.707156415785,888.1010549132393,0.9557016446528347,214.79098510742188,17.789369583129883,0,6,0,5,5,-0.41833371779534334,-0.9457197406727189,0.24187023175278033,0,0,0,0,137,False,False,
149,3,1473.679436622807,869.2063883218464,0.586025259835177,48.88547134399414,1.041024923324585,0,1,0,0,0,0.09957228112288495,-0.957529670967063,-0.7747218049592001,0,0,0,0,137,False,False,
149,4,1433.645447075322,872.4875857516244,1.5817442681374905,69.48749542236328,4.958306789398193,0,2,0,1,1,-0.025579106528622397,-0.9716119599390965,-0.9832546323484935,0,0,0,0,137,False,False,
149,5,1412.5397302385547,878.2223950623,1.52687275879091,92.59534454345703,7.973073959350586,0,3,0,2,2,-0.17386174440505833,-0.9322848328542276,-0.36744780133927424,0,0,0,0,137,False,False,
86,6,1419.8869117089148,885.0828521711871,0.3532859346252525,84.33329010009766,-0.86236572265625,0,3,0,2,2,-0.3758619367053787,-0.908717995201079,0.4915654172559709,0,0,0,0,74,True,True,collision
149,7,1475.1417496910665,870.190086212468,0.151940877897785,40.192535400390625,1.3167065382003784,0,1,0,0,0,0.06163057222455311,-0.9540346364740603,-0.9026447352879194,0,0,0,0,137,False,False,
150,0,1446.8595976011727,871.2638283708651,1.1896353168356726,59.62876892089844,4.812504768371582,0,2,0,1,1,0.0333889179585084,-0.9362890147943427,-0.8926696001238582,0,0,0,0,138,False,False,
150,1,1442.87341903007,873.7404930640203,0.6741715016759131,60.83865737915039,4.765381813049316,0,2,0,1,1,-0.09312704359742333,-0.9469010929005015,-0.8172493874838016,0,0,0,0,138,False,False,
150,2,1297.4766217128115,888.3352300877647,1.2526187239483189,216.0436553955078,17.789403915405273,0,6,0,5,5,-0.43978459790731805,-0.9483361478156991,0.2595057357037913,0,0,0,0,138,False,False,
150,3,1472.9766454724459,869.2188837121024,0.7029022235017098,49.588340759277344,1.0531394481658936,0,1,0,0,0,0.10556937713504276,-0.9593794137988642,-0.7713346564163466,0,0,0,0,138,False,False,
150,4,1432.6032557267947,872.5307243026863,1.0430837653481893,70.53062438964844,4.97804069519043,0,2,0,1,1,-0.028371235567590247,-0.9743911451793779,-0.9798731956828457,0,0,0,0,138,False,False,
150,5,1410.8573037020935,878.3883077732378,1.6905874949967121,94.28587341308594,7.985326766967773,0,3,0,2,2,-0.18080618180964747,-0.9366241164259648,-0.35608782270801964,0,0,0,0,138,False,False,
86,6,1419.8869117089148,885.0828521711871,0.3532859346252525,84.33329010009766,-0.86236572265625,0,3,0,2,2,-0.3758619367053787,-0.908717995201079,0.4915654172559709,0,0,0,0,74,True,True,collision
150,7,1474.677433248258,870.1922583533254,0.4643215235785501,40.65677261352539,1.3308521509170532,0,1,0,0,0,0.06575919452575994,-0.9552661916176711,-0.8996830277984647,0,0,0,0,138,False,False,
151,0,1445.378135957767,871.2657831624819,1.4814629330809623,61.11021423339844,4.830212593078613,0,2,0,1,1,0.03423503906660035,-0.9402341818382265,-0.8903642243087089,0,0,0,0,139,False,False,
151,1,1442.0684792566656,873.806829377128,0.8076685862685445,61.64632034301758,4.779667854309082,0,2,0,1,1,-0.0959079775349437,-0.949031441647123,-0.8106696479771329,0,0,0,0,139,False,False,
151,2,1295.956652730606,888.6010083280452,1.5430307125502019,217.5866241455078,17.79363250732422,0,6,0,5,5,-0.464056652160983,-0.9514778072653527,0.27849896912497574,0,0,0,0,139,False,False,
151,3,1472.3104578907862,869.2329876035392,0.6663368620382941,50.2547492980957,1.063451886177063,0,1,0,0,0,0.10811880795179812,-0.9611320451654795,-0.7683802598438532,0,0,0,0,139,False,False,
151,4,1432.0891518940552,872.552712491795,0.5145738346416052,71.04525756835938,4.9964680671691895,0,2,0,1,1,-0.030905184937806654,-0.9757619618469947,-0.9781095137912909,0,0,0,0,139,False,False,
151,5,1409.3635396934988,878.5279222282833,1.5002743447218123,95.7861557006836,8.000247955322266,0,3,0,2,2,-0.18933409837270954,-0.9404601014070322,-0.346924406576515,0,0,0,0,139,False,False,
86,6,1419.8869117089148,885.0828521711871,0.3532859346252525,84.33329010009766,-0.86236572265625,0,3,0,2,2,-0.3758619367053787,-0.908717995201079,0.4915654172559709,0,0,0,0,74,True,True,collision
151,7,1474.5337988730607,870.192823568804,0.14363548728245662,40.80044937133789,1.3457419872283936,0,1,0,0,0,0.06680395162974265,-0.9556472384575497,-0.8987445004466877,0,0,0,0,139,False,False,
152,0,1443.7461396041679,871.271526858161,1.6320064608329894,62.742305755615234,4.851439476013184,0,2,0,1,1,0.035412167101089964,-0.9445801796185214,-0.8882564219151761,0,0,0,0,140,False,False,
152,1,1441.2757970296734,873.8668885084649,0.7949542202202867,62.44131851196289,4.795435905456543,0,2,0,1,1,-0.09566841652991924,-0.9511285291882506,-0.8048293902120672,0,0,0,0,140,False,False,
152,2,1294.1579481540007,888.9193980407222,1.826666407157946,219.4132843017578,17.788410186767578,0,6,0,5,5,-0.5114197566380793,-0.9549867144095788,0.30142451823415595,0,0,0,0,140,False,False,
152,3,1472.1664016268717,869.2360992889409,0.14408986695488757,50.398826599121094,1.071129560470581,0,1,0,0,0,0.10891686974814958,-0.9615106958753005,-0.7677502774861034,0,0,0,0,140,False,False,
152,4,1431.5671999532294,872.5759791572351,0.5224702539404366,71.567626953125,5.01503849029541,0,2,0,1,1,-0.03400581348590145,-0.9771530727114996,-0.9762139120132073,0,0,0,0,140,False,False,
152,5,1408.4044767597125,878.6175238991193,0.9632394148804972,96.74944305419922,8.01558780670166,0,3,0,2,2,-0.19770472271440237,-0.9429111237165826,-0.34104274172164073,0,0,0,0,140,False,False,
86,6,1419.8869117089148,885.0828521711871,0.3532859346252525,84.33329010009766,-0.86236572265625,0,3,0,2,2,-0.3758619367053787,-0.908717995201079,0.4915654172559709,0,0,0,0,74,True,True,collision
152,7,1474.5337988730607,870.192823568804,0.0,40.80044937133789,1.3412991762161255,0,1,0,0,0,0.06680395162974265,-0.9556472384575497,-0.8987445004466877,1,0,0,0,140,False,False,
153,0,1441.8327166109186,871.2562256708151,1.9134841722442073,64.65570068359375,4.869351863861084,0,2,0,1,1,0.04707417335538493,-0.9496698923902498,-0.8831405666788215,0,0,0,0,141,False,False,
153,1,1440.182920331448,873.9384120591956,1.095214634595865,63.53655242919922,4.812744617462158,0,2,0,1,1,-0.09477327749492209,-0.9540187661350897,-0.7981252579188594,0,0,0,0,141,False,False,
153,2,1292.8931241122727,889.1341463959715,1.2829250611844403,220.6962890625,17.782987594604492,0,6,0,5,5,-0.5434433717759223,-0.9573092402977786,0.3164573071607366,0,0,0,0,141,False,False,
153,3,1471.7099456422525,869.2478068577719,0.4566061027434694,50.85539627075195,1.0849521160125732,0,1,0,0,0,0.10979651372219242,-0.9627107289833358,-0.7659763474470193,0,0,0,0,141,False,False,
153,4,1430.8722996071742,872.6050959530287,0.695510085293523,72.26318359375,5.031097412109375,0,2,0,1,1,-0.03515815246966996,-0.9790052905893829,-0.9739158542615657,0,0,0,0,141,False,False,
153,5,1407.8558192299668,878.6698416421209,0.5511462883659453,97.3005142211914,8.030261039733887,0,3,0,2,2,-0.20408614686979515,-0.9443076631023345,-0.3375489381203989,0,0,0,0,141,False,False,
86,6,1419.8869117089148,885.0828521711871,0.3532859346252525,84.33329010009766,-0.86236572265625,0,3,0,2,2,-0.3758619367053787,-0.908717995201079,0.4915654172559709,0,0,0,0,74,True,True,collision
153,7,1474.60831395168,870.1924550689681,-0.07451598978584792,40.87491226196289,1.3383232355117798,0,1,0,0,0,0.06586640727246618,-0.9554497355033462,-0.8992210678929912,2,0,0,0,141,False,False,
154,0,1440.4651986142815,871.2251094470032,1.3678719569137257,66.02360534667969,4.889903545379639,0,2,0,1,1,0.060871868551105816,-0.953302186777577,-0.877065937924755,0,0,0,0,142,False,False,
154,1,1439.0910322397212,874.0098825013607,1.0942246702381682,64.63068389892578,4.827571392059326,0,2,0,1,1,-0.10117324469393907,-0.9569020038754403,-0.7914284579822521,0,0,0,0,142,False,False,
154,2,1292.1539801290398,889.261701246405,0.7500693753371491,221.44635009765625,17.7767333984375,0,6,0,5,5,-0.5684030392597884,-0.9585921556222332,0.32548779752930734,0,0,0,0,142,False,False,
154,3,1471.2528569038147,869.260076963193,0.457253398340128,51.312713623046875,1.0976133346557617,0,1,0,0,0,0.11270298011900795,-0.9639117997242027,-0.7642681656347625,0,0,0,0,142,False,False,
154,4,1430.6996476419586,872.6123124675088,0.17280271749614184,72.43594360351562,5.045595169067383,0,2,0,1,1,-0.035878791175524484,-0.9794652639942447,-0.9733522132939941,0,0,0,0,142,False,False,
154,5,1407.8252818349508,878.672762249158,0.030676741023428204,97.33116912841797,8.026727676391602,0,3,0,2,2,-0.20456104595269456,-0.9443852299059088,-0.33735883998631067,1,0,0,0,142,False,False,
86,6,1419.8869117089148,885.0828521711871,0.3532859346252525,84.33329010009766,-0.86236572265625,0,3,0,2,2,-0.3758619367053787,-0.908717995201079,0.4915654172559709,0,0,0,0,74,True,True,collision
154,7,1474.3666586941235,870.1928497404381,0.24165557984510846,41.11648941040039,1.3487118482589722,0,1,0,0,0,0.06896905386139672,-0.9560902292259665,-0.8975867956635443,0,0,0,0,142,False,False,
155,0,1439.2899571841467,871.1810959125579,1.1760653086964683,67.19972229003906,4.907316207885742,0,2,0,1,1,0.0752622351566212,-0.9564180738176018,-0.8697764320163907,0,0,0,0,143,False,False,
155,1,1438.1372952214904,874.065957165618,0.9553840421084865,65.58606719970703,4.8397040367126465,0,2,0,1,1,-0.10301262107542344,-0.9594183601387416,-0.7863345569364208,0,0,0,0,143,False,False,
155,2,1291.1173245693856,889.4362085000162,1.051240948082345,222.49755859375,17.769929885864258,0,6,0,5,5,-0.6006953891151764,-0.9602996186646398,0.33762892226764385,0,0,0,0,143,False,False,
155,3,1470.4890970354036,869.2838338327704,0.7641292596462397,52.07675552368164,1.1125712394714355,0,1,0,0,0,0.11653580422396254,-0.9659171017594504,-0.7617903293620261,0,0,0,0,143,False,False,
155,4,1430.32653188026,872.6280112638285,0.37344587805162816,72.80944061279297,5.063714504241943,0,2,0,1,1,-0.03789018089069663,-0.9804595840918088,-0.9721080603123922,0,0,0,0,143,False,False,
155,5,1407.4817711234384,878.7060344273125,0.34511830835661744,97.67628479003906,8.03656005859375,0,3,0,2,2,-0.2087220173173086,-0.945257305389755,-0.33510990759458337,0,0,0,0,143,False,False,
86,6,1419.8869117089148,885.0828521711871,0.3532859346252525,84.33329010009766,-0.86236572265625,0,3,0,2,2,-0.3758619367053787,-0.908717995201079,0.4915654172559709,0,0,0,0,74,True,True,collision
155,7,1474.3666586941235,870.1928497404381,0.0,41.11648941040039,1.3498883247375488,0,1,0,0,0,0.06896905386139672,-0.9560902292259665,-0.8975867956635443,1,0,0,0,143,False,False,
156,0,1438.105264324819,871.1157342392404,1.186494550885402,68.38621520996094,4.923861026763916,0,2,0,1,1,0.09326669299997674,-0.9595506102327288,-0.8599105961328837,0,0,0,0,144,False,False,
156,1,1437.4968627230048,874.1022089446359,0.6414576966552624,66.22759246826172,4.852963447570801,0,2,0,1,1,-0.10607430928855592,-0.9611064017848984,-0.7830850365840286,0,0,0,0,144,False,False,
156,2,1289.7904525618692,889.6629836438144,1.3461115444774654,223.8437042236328,17.764829635620117,0,6,0,5,5,-0.6514863368717013,-0.9622866551338031,0.35357086624032097,0,0,0,0,144,False,False,
156,3,1470.1829634094536,869.2943454620967,0.3063140403057852,52.38309097290039,1.1264055967330933,0,1,0,0,0,0.11727334959042916,-0.9667205230448908,-0.7609256972999662,0,0,0,0,144,False,False,
156,4,1430.32653188026,872.6280112638285,0.0,72.80944061279297,5.061508655548096,0,2,0,1,1,-0.03789018089069663,-0.9804595840918088,-0.9721080603123922,1,0,0,0,144,False,False,
156,5,1406.8764161387292,878.7632377637094,0.6080517076755961,98.2843246459961,8.050048828125,0,3,0,2,2,-0.21343466673200612,-0.946791085843842,-0.3313230384188043,0,0,0,0,144,False,False,
86,6,1419.8869117089148,885.0828521711871,0.3532859346252525,84.33329010009766,-0.86236572265625,0,3,0,2,2,-0.3758619367053787,-0.908717995201079,0.4915654172559709,0,0,0,0,74,True,True,collision
156,7,1474.051707727379,870.1922070903936,0.31495162239999996,41.43143081665039,1.3672459125518799,0,1,0,0,0,0.07269630722041333,-0.956924700904751,-0.8953216834907803,0,0,0,0,144,False,False,
157,0,1436.761272079303,871.0117716977735,1.3480071832285585,69.73422241210938,4.942448139190674,0,2,0,1,1,0.11772817850859256,-0.9630894160631954,-0.8451486470215539,0,0,0,0,145,False,False,
157,1,1437.1966587916884,874.1190291801951,0.300674775633282,66.52822875976562,4.8693976402282715,0,2,0,1,1,-0.10792138964147727,-0.961896865847592,-0.7815847763925674,0,0,0,0,145,False,False,
157,2,1288.7744399586131,889.8320721056979,1.0299866590967959,224.87367248535156,17.75857162475586,0,6,0,5,5,-0.6897033346661683,-0.9636510588775382,0.3652427201562223,0,0,0,0,145,False,False,
157,3,1469.5675380301218,869.3201911999389,0.615967856052801,52.99911117553711,1.1418752670288086,0,1,0,0,0,0.11820705801164909,-0.9683363736424235,-0.7597379412892347,0,0,0,0,145,False,False,
157,4,1430.0647597701886,872.6384676523795,0.2619808650891018,73.07137298583984,5.077369689941406,0,2,0,1,1,-0.03789382501774222,-0.9811568624667338,-0.9712956301984693,0,0,0,0,145,False,False,
157,5,1406.4222177220147,878.805096518165,0.4561231819043048,98.74047088623047,8.063455581665039,0,3,0,2,2,-0.21682219976816114,-0.9479391576339612,-0.32860552127309606,0,0,0,0,145,False,False,
86,6,1419.8869117089148,885.0828521711871,0.3532859346252525,84.33329010009766,-0.86236572265625,0,3,0,2,2,-0.3758619367053787,-0.908717995201079,0.4915654172559709,0,0,0,0,74,True,True,collision
157,7,1473.4272623029135,870.189964987412,0.6244494496447341,42.055946350097656,1.3819595575332642,0,1,0,0,0,0.07663962855874615,-0.958578482530083,-0.8907037853140873,0,0,0,0,145,False,False,
158,0,1435.6438581069208,870.9224255677315,1.120980248099081,70.855224609375,4.952794075012207,0,2,0,1,1,0.12981786312863935,-0.9660217697047262,-0.832523758264695,0,0,0,0,146,False,False,
158,1,1436.640692038745,874.1519774703727,0.5569422054431736,67.08511352539062,4.882104396820068,0,2,0,1,1,-0.11440884655790645,-0.9633588927459099,-0.7785840559063462,0,0,0,0,146,False,False,
158,2,1287.7276440027297,889.9953238326997,1.059449337921824,225.93307495117188,17.752239227294922,0,6,0,5,5,-0.7282836743205476,-0.9649117213383587,0.375945959760027,0,0,0,0,146,False,False,
158,3,1468.9998062344735,869.3471955962997,0.5683736704078607,53.567501068115234,1.157580018043518,0,1,0,0,0,0.12039955156745034,-0.9698263223761718,-0.7590121094512448,0,0,0,0,146,False,False,
158,4,1429.6227911372396,872.6537418134876,0.4422324869436322,73.51365661621094,5.093888759613037,0,2,0,1,1,-0.03676882701889402,-0.9823344343748951,-0.9702270928746874,0,0,0,0,146,False,False,
158,5,1406.4222177220147,878.805096518165,0.0,98.74047088623047,8.0574951171875,0,3,0,2,2,-0.21682219976816114,-0.9479391576339612,-0.32860552127309606,1,0,0,0,146,False,False,
86,6,1419.8869117089148,885.0828521711871,0.3532859346252525,84.33329010009766,-0.86236572265625,0,3,0,2,2,-0.3758619367053787,-0.908717995201079,0.4915654172559709,0,0,0,0,74,True,True,collision
158,7,1473.3244066938641,870.1896030741595,0.10285624577110099,42.158729553222656,1.397822618484497,0,1,0,0,0,0.07710299498972024,-0.9588505768165005,-0.8899414417705689,0,0,0,0,146,False,False,
159,0,1434.9112066361056,870.8668372450181,0.7347572655712397,71.58987426757812,4.969725131988525,0,2,0,1,1,0.13495720495855165,-0.967939472178997,-0.824604741670643,0,0,0,0,147,False,False,
159,1,1436.4087720181287,874.1662991047587,0.23236179800948095,67.31748962402344,4.896923542022705,0,2,0,1,1,-0.11797256430656439,-0.9639681223743581,-0.7772667330094861,0,0,0,0,147,False,False,
159,2,1286.630748075167,890.1667839842169,1.1102158616512001,227.04331970214844,17.739591598510742,0,6,0,5,5,-0.7790758140840555,-0.9660291821995017,0.38722149479908663,0,0,0,0,147,False,False,
159,3,1468.9522178228062,869.3494628309321,0.04764238950641335,53.61504364013672,1.1554715633392334,0,1,0,0,0,0.1208521211451319,-0.96995086136055,-0.7589609687652472,1,0,0,0,147,False,False,
159,4,1429.1387999347824,872.6682449242306,0.4842084512658837,73.99788665771484,5.1097331047058105,0,2,0,1,1,-0.03651739114417675,-0.9836237337660239,-0.969312218804839,0,0,0,0,147,False,False,
159,5,1406.108644441381,878.8345298687223,0.31495162239999996,99.0554428100586,8.06972885131836,0,3,0,2,2,-0.22139806182590419,-0.9487296112585659,-0.3266721803701408,0,0,0,0,147,False,False,
86,6,1419.8869117089148,885.0828521711871,0.3532859346252525,84.33329010009766,-0.86236572265625,0,3,0,2,2,-0.3758619367053787,-0.908717995201079,0.4915654172559709,0,0,0,0,74,True,True,collision
159,7,1472.9083351015215,870.1870066478498,0.4160796935492444,42.57487487792969,1.409869909286499,0,1,0,0,0,0.08101314660089226,-0.9599515771641145,-0.8867377950994817,0,0,0,0,147,False,False,
160,0,1434.383695512421,870.8263865503238,0.5290597738557302,72.11900329589844,4.980340480804443,0,2,0,1,1,0.14164979167521527,-0.9693172497200542,-0.8188520862712786,0,0,0,0,148,False,False,
160,1,1436.4087720181287,874.1662991047587,0.0,67.31748962402344,4.893826961517334,0,2,0,1,1,-0.11797256430656439,-0.9639681223743581,-0.7772667330094861,1,0,0,0,148,False,False,
160,2,1286.0575446494431,890.258645809747,0.5805176674757669,227.62387084960938,20.94558334350586,0,7,1,6,6,-0.2662386670818288,-0.8881061034132552,0.39337701531179015,0,0,0,0,148,False,False,
160,3,1468.9522178228062,869.3494628309321,0.0,53.61504364013672,1.1519802808761597,0,1,0,0,0,0.1208521211451319,-0.96995086136055,-0.7589609687652472,2,0,0,0,148,False,False,
160,4,1429.1387999347824,872.6682449242306,0.0,73.99788665771484,5.110098361968994,0,2,0,1,1,-0.03651739114417675,-0.9836237337660239,-0.969312218804839,1,0,0,0,148,False,False,
160,5,1405.8368246574043,878.8602219234398,0.27303127410026823,99.32850646972656,8.082234382629395,0,3,0,2,2,-0.22493965557087878,-0.9494134126669762,-0.3249655279188125,0,0,0,0,148,False,False,
86,6,1419.8869117089148,885.0828521711871,0.3532859346252525,84.33329010009766,-0.86236572265625,0,3,0,2,2,-0.3758619367053787,-0.908717995201079,0.4915654172559709,0,0,0,0,74,True,True,collision
160,7,1472.801364388813,870.1862114042524,0.10697366867481456,42.68181228637695,1.4258605241775513,0,1,0,0,0,0.08235789035640677,-0.9602343757577766,-0.8859023924121744,0,0,0,0,148,False,False,
161,0,1433.5519907371067,870.7572268076076,0.8345752831787568,72.95354461669922,4.996624946594238,0,2,0,1,1,0.1570212464701563,-0.9714801166191988,-0.8091328117612258,0,0,0,0,149,False,False,
161,1,1436.0944070882554,874.1855140811597,0.31495162239999996,67.63252258300781,4.908740043640137,0,2,0,1,1,-0.12036045316020186,-0.9647936232510442,-0.7755028367215395,0,0,0,0,149,False,False,
161,2,1285.183747456859,890.3992852952297,0.8850429360459591,228.50889587402344,20.947975158691406,0,7,0,6,6,-0.27223642458047076,-0.8902579390351832,0.4028403005299994,0,0,0,0,149,False,False,
161,3,1469.0832788652906,869.3434082477377,-0.13120081872747008,53.74616622924805,1.163166880607605,0,1,0,0,0,0.12038104538635,-0.9696074765277259,-0.759144463490467,0,0,0,0,149,False,False,
161,4,1428.8765625195842,872.6759862821297,0.2623516543723964,74.26020812988281,5.1273722648620605,0,2,0,1,1,-0.037844622341923345,-0.9843220778671716,-0.9688365911293865,0,0,0,0,149,False,False,
161,5,1405.568826984054,878.885817337439,0.26921715795795614,99.59767150878906,8.095004081726074,0,3,0,2,2,-0.22873827290953083,-0.9500859883395693,-0.32325881829511305,0,0,0,0,149,False,False,
86,6,1419.8869117089148,885.0828521711871,0.3532859346252525,84.33329010009766,-0.86236572265625,0,3,0,2,2,-0.3758619367053787,-0.908717995201079,0.4915654172559709,0,0,0,0,74,True,True,collision
161,7,1472.7192778182168,870.1855643052361,0.08208912113902211,42.76396942138672,1.4230655431747437,0,1,0,0,0,0.08310119961165204,-0.9604515967364401,-0.885249634011066,1,0,0,0,149,False,False,
162,0,1432.8195774528713,870.6918251944894,0.7353275392115717,73.68888092041016,5.011758804321289,0,2,0,1,1,0.17262508771469937,-0.9733742154689196,-0.8000428049542833,0,0,0,0,150,False,False,
162,1,1436.0944070882554,874.1855140811597,0.0,67.63252258300781,4.908834457397461,0,2,0,1,1,-0.12036045316020186,-0.9647936232510442,-0.7755028367215395,1,0,0,0,150,False,False,
162,2,1284.0170341398073,890.5975836926797,1.1834450636245437,229.6922607421875,20.950210571289062,0,7,0,6,6,-0.2857646554134463,-0.8931094739187289,0.41672804120710083,0,0,0,0,150,False,False,
162,3,1469.176672058278,869.3391126488727,-0.0934919283466111,53.83964920043945,1.1561063528060913,0,1,0,0,0,0.1195333762247963,-0.9693626209374344,-0.7592759885303075,1,0,0,0,150,False,False,
162,4,1428.3040787314874,872.6948287457299,0.5727937901795707,74.8330307006836,5.143378257751465,0,2,0,1,1,-0.04431903652375695,-0.985846256027866,-0.9675556441536733,0,0,0,0,150,False,False,
162,5,1405.153101531479,878.9253049084604,0.4175965998232863,100.01531219482422,8.106907844543457,0,3,0,2,2,-0.2335033665774189,-0.9511272229989896,-0.3206363788026344,0,0,0,0,150,False,False,
86,6,1419.8869117089148,885.0828521711871,0.3532859346252525,84.33329010009766,-0.86236572265625,0,3,0,2,2,-0.3758619367053787,-0.908717995201079,0.4915654172559709,0,0,0,0,74,True,True,collision
162,7,1472.423895641331,870.1823228201137,0.29539996216578085,43.05927658081055,1.436474084854126,0,1,0,0,0,0.08679123975002136,-0.9612319188463639,-0.8828083308834972,0,0,0,0,150,False,False,
163,0,1432.178641914868,870.6320494300735,0.6437169454714068,74.33265686035156,5.02662992477417,0,2,0,1,1,0.1870181476771279,-0.9750220226494615,-0.7917725784842301,0,0,0,0,151,False,False,
163,1,1436.14126337676,874.1826556834204,-0.04694339367853782,67.67948150634766,4.901731491088867,0,2,0,1,1,-0.11986319660611444,-0.9646705941738896,-0.7757589403581254,2,0,0,0,151,False,False,
163,2,1282.965844906033,890.7734035892311,1.065791462353791,230.75811767578125,20.948503494262695,0,7,0,6,6,-0.29157450251937767,-0.8956662889512564,0.4288983238547259,0,0,0,0,151,False,False,
163,3,1469.1235992350698,869.3415773037553,0.05313002058128815,53.89268493652344,1.151980996131897,0,1,0,0,0,0.11980189226183471,-0.9695015521609477,-0.7592029222399723,2,0,0,0,151,False,False,
163,4,1428.2521125507612,872.6965633521938,0.05199512283720322,74.88506317138672,5.144906997680664,0,2,0,1,1,-0.04505344767927934,-0.9859846638520614,-0.9674458839208766,1,0,0,0,151,False,False,
163,5,1404.5786055270194,878.9787181026716,0.5769736809039484,100.59225463867188,8.121204376220703,0,3,0,2,2,-0.2396002955149192,-0.9525613211606667,-0.31714257520139255,0,0,0,0,151,False,False,
86,6,1419.8869117089148,885.0828521711871,0.3532859346252525,84.33329010009766,-0.86236572265625,0,3,0,2,2,-0.3758619367053787,-0.908717995201079,0.4915654172559709,0,0,0,0,74,True,True,collision
163,7,1472.0457406800715,870.1762179146333,0.378204236618346,43.4375,1.452073097229004,0,1,0,0,0,0.0924794226291125,-0.9622301661386397,-0.8794439655305487,0,0,0,0,151,False,False,
164,0,1431.2354596159093,870.5470073586458,0.9470084492661155,75.27959442138672,5.038361549377441,0,2,0,1,1,0.20547908556539798,-0.97742965620897,-0.779967241374776,0,0,0,0,152,False,False,
164,1,1435.8729675365933,874.1987796043858,0.26877990750432046,67.94827270507812,4.911930561065674,0,2,0,1,1,-0.12174298161221486,-0.9653745798606211,-0.7742879524206954,0,0,0,0,152,False,False,
164,2,1281.6220549720915,890.9849956595435,1.3603464965888254,232.11842346191406,20.952503204345703,0,7,0,6,6,-0.29540333713655903,-0.8989228201708356,0.44288828873145136,0,0,0,0,152,False,False,
164,3,1469.1235992350698,869.3415773037553,0.0,53.89268493652344,1.1447410583496094,0,1,0,0,0,0.11980189226183471,-0.9695015521609477,-0.7592029222399723,3,0,0,0,152,False,False,
164,4,1428.2521125507612,872.6965633521938,0.0,74.88506317138672,5.144226551055908,0,2,0,1,1,-0.04505344767927934,-0.9859846638520614,-0.9674458839208766,2,0,0,0,152,False,False,
164,5,1404.223959831965,879.0117268153841,0.3561785284593868,100.94840240478516,8.132967948913574,0,3,0,2,2,-0.2444390096737531,-0.9534432175097948,-0.3149819741230987,0,0,0,0,152,False,False,
86,6,1419.8869117089148,885.0828521711871,0.3532859346252525,84.33329010009766,-0.86236572265625,0,3,0,2,2,-0.3758619367053787,-0.908717995201079,0.4915654172559709,0,0,0,0,74,True,True,collision
164,7,1471.5891292620493,870.1686598432759,0.456673966316182,43.89422607421875,1.4565443992614746,0,1,0,0,0,0.09581803761247822,-0.9634347754146879,-0.875361086403118,0,0,0,0,152,False,False,
165,0,1430.2348143071142,870.4517679297961,1.0051674401916546,76.28472137451172,5.046493053436279,0,2,0,1,1,0.23604381215232087,-0.9799487868592792,-0.7668372490118613,0,0,0,0,153,False,False,
165,1,1435.2950040581904,874.2351602444619,0.5791073590792638,68.52729797363281,4.923735618591309,0,2,0,1,1,-0.12927512377263814,-0.9668883193281145,-0.7709211572419727,0,0,0,0,153,False,False,
165,2,1279.989316039423,891.2108982166253,1.6482925673396962,233.76678466796875,20.958227157592773,0,7,0,6,6,-0.29591458100913115,-0.9028713190029484,0.46305218362439216,0,0,0,0,153,False,False,
165,3,1469.2214014638264,869.3369564323028,-0.09791132928692817,53.990570068359375,1.1409651041030884,0,1,0,0,0,0.11827982867383942,-0.969245075712727,-0.7593352762791946,4,0,0,0,153,False,False,
165,4,1427.937328606305,872.7068391862202,0.31495162239999996,75.1999282836914,5.16064977645874,0,2,0,1,1,-0.04742966527246734,-0.9868221095667802,-0.966743421289596,0,0,0,0,153,False,False,
165,5,1403.7501201689927,879.0574574231166,0.4760412951513505,101.42447662353516,8.14316177368164,0,3,0,2,2,-0.25333332247333573,-0.9546161766034227,-0.31190552883128353,0,0,0,0,153,False,False,
86,6,1419.8869117089148,885.0828521711871,0.3532859346252525,84.33329010009766,-0.86236572265625,0,3,0,2,2,-0.3758619367053787,-0.908717995201079,0.4915654172559709,0,0,0,0,74,True,True,collision
165,7,1471.5891292620493,870.1686598432759,0.0,43.89422607421875,1.4530669450759888,0,1,0,0,0,0.09581803761247822,-0.9634347754146879,-0.875361086403118,1,0,0,0,153,False,False,
166,0,1429.759729822701,870.4056361306394,0.4773189816291633,76.76205444335938,5.057466506958008,0,2,0,1,1,0.2528952907360861,-0.9811285939357502,-0.7604918876407398,0,0,0,0,154,False,False,
166,1,1434.4346084005115,874.293030816773,0.8623396609762403,69.38971710205078,4.939052104949951,0,2,0,1,1,-0.14177551920098241,-0.9691352076546653,-0.7654540635434315,0,0,0,0,154,False,False,
166,2,1278.890191144252,891.3530592392669,1.1082803307573132,234.87506103515625,20.96051597595215,0,7,0,6,6,-0.2990441136113342,-0.9055157839226521,0.47821669769411246,0,0,0,0,154,False,False,
166,3,1469.4553511229108,869.3260151581038,-0.23420536814264895,54.22471618652344,1.1387742757797241,0,1,0,0,0,0.11624016940285932,-0.9686312547035184,-0.7596502674580695,0,0,0,0,154,False,False,
166,4,1427.6068790744987,872.7175981911515,0.33062463498387856,75.53054809570312,5.176050662994385,0,2,0,1,1,-0.05076608297045545,-0.9877011486889212,-0.9660261152814544,0,0,0,0,154,False,False,
166,5,1402.971885031804,879.1396518483418,0.7825636410499027,102.2070083618164,8.156566619873047,0,3,0,2,2,-0.271167739164015,-0.9565246296644979,-0.3059946488947495,0,0,0,0,154,False,False,
86,6,1419.8869117089148,885.0828521711871,0.3532859346252525,84.33329010009766,-0.86236572265625,0,3,0,2,2,-0.3758619367053787,-0.908717995201079,0.4915654172559709,0,0,0,0,74,True,True,collision
166,7,1471.388813184799,870.1657830736852,0.20033673304776675,44.09456253051758,1.4692111015319824,0,1,0,0,0,0.09581758705167608,-0.9639630611676105,-0.8736236752161087,0,0,0,0,154,False,False,
167,0,1429.759729822701,870.4056361306394,0.0,76.76205444335938,5.054139137268066,0,2,0,1,1,0.2528952907360861,-0.9811285939357502,-0.7604918876407398,1,0,0,0,155,False,False,
167,1,1433.5862260246386,874.352467793201,0.8504618803090631,70.24018859863281,4.955484390258789,0,2,0,1,1,-0.15481386623297844,-0.971341220735298,-0.7597821069459514,0,0,0,0,155,False,False,
167,2,1277.7680743559913,891.5009548817472,1.131821190630783,236.0068359375,20.960256576538086,0,7,0,6,6,-0.3101028936064785,-0.9081933801253251,0.4940253156972576,0,0,0,0,155,False,False,
167,3,1469.8231987775343,869.3087493654185,-0.3682526369342759,54.59303665161133,1.1398334503173828,0,1,0,0,0,0.11262135950940022,-0.967664894856745,-0.7601487533621643,0,1,0,0,155,False,False,
167,4,1427.1152041178777,872.7326734381604,0.4919060134218914,76.02247619628906,5.192315578460693,0,2,0,1,1,-0.05546804738448701,-0.9890085164488109,-0.9650600201269616,0,0,0,0,155,False,False,
167,5,1402.0228297003518,879.2396922397821,0.9543134192064496,103.16136169433594,8.162997245788574,0,3,0,2,2,-0.2872919086959617,-0.9588289803848155,-0.29881694355817745,0,0,0,0,155,False,False,
86,6,1419.8869117089148,885.0828521711871,0.3532859346252525,84.33329010009766,-0.86236572265625,0,3,0,2,2,-0.3758619367053787,-0.908717995201079,0.4915654172559709,0,0,0,0,74,True,True,collision
167,7,1470.876951547346,870.1620899687606,0.5118749602392825,44.606414794921875,1.483018159866333,0,1,0,0,0,0.0948465195895532,-0.9653134658230055,-0.8696211518563355,0,0,0,0,155,False,False,
168,0,1429.7401697774105,870.4037339741636,0.019652317192364314,76.78179931640625,5.041784763336182,0,2,0,1,1,0.25367415771246316,-0.9811771508728068,-0.7602284659406462,2,0,0,0,156,False,False,
168,1,1432.4394053323429,874.4320983325136,1.1495819775329599,71.38967895507812,4.971833229064941,0,2,0,1,1,-0.17266158644948745,-0.9743062602962307,-0.7522069964574856,0,0,0,0,156,False,False,
168,2,1276.4081974579815,891.6959141074224,1.3737810150881482,237.38059997558594,20.962892532348633,0,7,0,6,6,-0.3299122193969342,-0.9113937025717311,0.5150669208321599,0,0,0,0,156,False,False,
168,3,1470.2250957948754,869.2887073936646,-0.40239643783134144,54.995391845703125,1.143779993057251,0,1,0,0,0,0.10722079173896412,-0.9666076063998289,-0.7605441146017893,0,2,0,0,156,False,False,
168,4,1426.7040862651977,872.7436838497094,0.4112652647072772,76.43375396728516,5.208805561065674,0,2,0,1,1,-0.058872106569301905,-0.9901010385832774,-0.9644378417978744,0,0,0,0,156,False,False,
168,5,1400.778521825656,879.3714088721817,1.2512599083646931,104.4125747680664,8.173210144042969,0,3,0,2,2,-0.311852311172257,-0.9618031112047017,-0.28933856483398346,0,0,0,0,156,False,False,
86,6,1419.8869117089148,885.0828521711871,0.3532859346252525,84.33329010009766,-0.86236572265625,0,3,0,2,2,-0.3758619367053787,-0.908717995201079,0.4915654172559709,0,0,0,0,74,True,True,collision
168,7,1470.2461046453052,870.1579550379728,0.6308604532438535,45.23728942871094,1.486599087715149,0,1,0,0,0,0.09921964076263079,-0.9669763799292921,-0.8647320994163501,0,0,0,0,156,False,False,
169,0,1429.6133094463125,870.3912071070814,0.1274773156493491,76.90924835205078,5.051053524017334,0,2,0,1,1,0.2591692739561697,-0.9814897261471051,-0.7585157675110683,0,0,0,0,157,False,False,
169,1,1431.2012604890515,874.5157926932844,1.2409703457351628,72.63066864013672,4.988490104675293,0,2,0,1,1,-0.19640210024397473,-0.9774789454053138,-0.7442879941565264,0,0,0,0,157,False,False,
169,2,1275.2127291292145,891.864405996035,1.207283745278222,238.5878448486328,20.9570369720459,0,7,0,6,6,-0.34018018359723784,-0.9141794531695228,0.5332175478472716,0,0,0,0,157,False,False,
169,3,1470.323611120369,869.2838198409786,-0.09863649186965019,55.094024658203125,1.1353516578674316,0,1,0,0,0,0.1065480205364679,-0.9663482944727394,-0.760639935495844,1,0,0,0,157,False,False,
169,4,1426.7040862651977,872.7436838497094,0.0,76.43375396728516,5.206982135772705,0,2,0,1,1,-0.058872106569301905,-0.9901010385832774,-0.9644378417978744,1,0,0,0,157,False,False,
169,5,1399.3636565438503,879.5344800912288,1.4242317185559656,105.83686065673828,8.184601783752441,0,3,0,2,2,-0.35093415627717695,-0.9650904249972159,-0.2769604034448412,0,0,0,0,157,False,False,
86,6,1419.8869117089148,885.0828521711871,0.3532859346252525,84.33329010009766,-0.86236572265625,0,3,0,2,2,-0.3758619367053787,-0.908717995201079,0.4915654172559709,0,0,0,0,74,True,True,collision
169,7,1469.3117002809204,870.1584749646446,0.9344045090351779,46.17173767089844,1.493104338645935,0,1,0,0,0,0.10238704719488144,-0.9694384828104481,-0.8582882872221008,0,0,0,0,157,False,False,
170,0,1429.6133094463125,870.3912071070814,0.0,76.90924835205078,5.046685695648193,0,2,0,1,1,0.2591692739561697,-0.9814897261471051,-0.7585157675110683,1,0,0,0,158,False,False,
170,1,1429.6722542838663,874.6056718139548,1.5316455960265076,74.16236114501953,5.003984451293945,0,2,0,1,1,-0.23198873996746747,-0.981342369327342,-0.7361348424095044,0,0,0,0,158,False,False,
170,2,1273.8874245064721,892.0364803213523,1.3364287921530227,239.92428588867188,12.958087921142578,0,7,0,6,6,-0.34694474796454594,-0.9172468756714587,0.5515803987041081,0,0,0,0,158,True,True,collision
170,3,1470.5146138291611,869.2744471224815,-0.19123253545873775,55.28529357910156,1.143828272819519,0,1,0,0,0,0.10530103395004302,-0.965845328387725,-0.7608526453027237,0,0,0,0,158,False,False,
170,4,1426.389239344494,872.751804254607,0.31495162239999996,76.7486801147461,5.223963737487793,0,2,0,1,1,-0.06363127584798399,-0.9909369996073815,-0.9640061189301952,0,0,0,0,158,False,False,
170,5,1398.0542938809779,879.6910361385866,1.3186888863141737,107.15550994873047,8.194317817687988,0,3,0,2,2,-0.39058299959161535,-0.9680242720275135,-0.26483820276135694,0,0,0,0,158,False,False,
86,6,1419.8869117089148,885.0828521711871,0.3532859346252525,84.33329010009766,-0.86236572265625,0,3,0,2,2,-0.3758619367053787,-0.908717995201079,0.4915654172559709,0,0,0,0,74,True,True,collision
170,7,1468.8381093521152,870.1613970040714,0.47359994315986514,46.64525604248047,1.5097630023956299,0,1,0,0,0,0.10305226299898797,-0.9706853756746903,-0.8553484838973445,0,0,0,0,158,False,False,
171,0,1429.508588881082,870.3806862967841,0.10524772791612803,77.01451873779297,5.055287837982178,0,2,0,1,1,0.26414864565063,-0.9817469266978165,-0.7570667623503471,0,0,0,0,159,False,False,
171,1,1428.1528565657718,874.7029029575904,1.5225056062437772,75.68487548828125,5.007603645324707,0,2,0,1,1,-0.29787423130383484,-0.9850561080130297,-0.7270816546095853,0,0,0,0,159,False,False,
170,2,1273.8874245064721,892.0364803213523,1.3364287921530227,239.92428588867188,12.958087921142578,0,7,0,6,6,-0.34694474796454594,-0.9172468756714587,0.5515803987041081,0,0,0,0,158,True,True,collision
171,3,1470.7433140446992,869.2629497395127,-0.22898903555033226,55.51422119140625,1.1497902870178223,0,1,0,0,0,0.10271207566587716,-0.965242903391938,-0.7610645118171289,0,0,0,0,159,False,False,
171,4,1425.7650035115007,872.7681364304848,0.6244494496447341,77.37316131591797,5.24094295501709,0,2,0,1,1,-0.07819389764211009,-0.9925920411179884,-0.9631205153277412,0,0,0,0,159,False,False,
171,5,1396.4598204012595,879.8960156683808,1.6075951869671348,108.76310729980469,8.20423412322998,0,3,0,2,2,-0.4519150131980546,-0.9713980286661087,-0.24835026264415583,0,0,0,0,159,False,False,
86,6,1419.8869117089148,885.0828521711871,0.3532859346252525,84.33329010009766,-0.86236572265625,0,3,0,2,2,-0.3758619367053787,-0.908717995201079,0.4915654172559709,0,0,0,0,74,True,True,collision
171,7,1468.348620647007,870.1676441283162,0.4895285681038485,47.13479995727539,1.5244711637496948,0,1,0,0,0,0.10343963407424578,-0.9719744043509181,-0.8526953142553705,0,0,0,0,159,False,False,
172,0,1429.508588881082,870.3806862967841,0.0,77.01451873779297,5.042811870574951,0,2,0,1,1,0.26414864565063,-0.9817469266978165,-0.7570667623503471,1,0,0,0,160,False,False,
172,1,1427.0328098989341,874.7734895093699,1.1222686831530484,76.80709838867188,5.0095391273498535,0,2,0,1,1,-0.3668673314917088,-0.9876545805770989,-0.7205311873569475,0,0,0,0,160,False,False,
170,2,1273.8874245064721,892.0364803213523,1.3364287921530227,239.92428588867188,12.958087921142578,0,7,0,6,6,-0.34694474796454594,-0.9172468756714587,0.5515803987041081,0,0,0,0,158,True,True,collision
172,3,1470.6537972563292,869.2673670151753,0.08962570905928628,55.60380935668945,1.1494429111480713,0,1,0,0,0,0.10401052947131259,-0.9654786634061728,-0.7609768522790565,1,0,0,0,160,False,False,
172,4,1425.0928989953034,872.7869024556225,0.6723664509716503,78.04553985595703,5.25867223739624,0,2,0,1,1,-0.10450753350965619,-0.9943667411187443,-0.9620153912596937,0,0,0,0,160,False,False,
172,5,1395.4017199273287,880.044096423454,1.0684121503220452,109.8315200805664,8.211038589477539,0,3,0,2,2,-0.5042144143359976,-0.9734712712567646,-0.2359714723589309,0,0,0,0,160,False,False,
86,6,1419.8869117089148,885.0828521711871,0.3532859346252525,84.33329010009766,-0.86236572265625,0,3,0,2,2,-0.3758619367053787,-0.908717995201079,0.4915654172559709,0,0,0,0,74,True,True,collision
172,7,1467.5530757518197,870.1876371416998,0.7957960799367606,47.93058395385742,1.542120337486267,0,1,0,0,0,0.10336291586670919,-0.9740706677204631,-0.8495428154168272,0,0,0,0,160,False,False,
173,0,1429.4249660048965,870.3722234758071,0.08405001344692192,77.09855651855469,5.03553581237793,0,2,0,1,1,0.2678015085020724,-0.9819517704189935,-0.7559177406210726,2,0,0,0,161,False,False,
173,1,1426.2778911948508,874.817870576488,0.7562221425568914,77.56340789794922,5.019417762756348,0,2,0,1,1,-0.4292220412365168,-0.9892945009412653,-0.7165058236348982,0,0,0,0,161,False,False,
170,2,1273.8874245064721,892.0364803213523,1.3364287921530227,239.92428588867188,12.958087921142578,0,7,0,6,6,-0.34694474796454594,-0.9172468756714587,0.5515803987041081,0,0,0,0,158,True,True,collision
173,3,1470.4925589744423,869.2751478308253,0.16142591067742673,55.76525115966797,1.1603399515151978,0,1,0,0,0,0.10601977017275632,-0.9659032774567125,-0.760778735719914,0,0,0,0,161,False,False,
173,4,1424.9429383504225,872.7912840805186,0.15002464347503622,78.19550323486328,5.269116401672363,0,2,0,1,1,-0.11332143700725762,-0.9947607941659213,-0.9617519659863268,0,0,0,0,161,False,False,
173,5,1394.0536238975112,880.2444995562716,1.3629102396170787,111.1944808959961,8.21498966217041,0,3,0,2,2,-0.5785778155195778,-0.9758606427165823,-0.21878105531735637,0,0,0,0,161,False,False,
86,6,1419.8869117089148,885.0828521711871,0.3532859346252525,84.33329010009766,-0.86236572265625,0,3,0,2,2,-0.3758619367053787,-0.908717995201079,0.4915654172559709,0,0,0,0,74,True,True,collision
173,7,1466.4580747384202,870.2353336036766,1.0960393112616018,49.02659606933594,1.5603474378585815,0,1,0,0,0,0.10322923675191317,-0.9769593294507304,-0.8476373746309952,0,0,0,0,161,False,False,
174,0,1429.1534104635873,870.3445920567978,0.2729577024599672,77.37144470214844,5.044476509094238,0,2,0,1,1,0.2790450458849073,-0.9826132959195307,-0.7521338444085935,0,0,0,0,162,False,False,
174,1,1426.045759963913,874.8317108536115,0.2325434618464935,77.7958755493164,5.019352912902832,0,2,0,1,1,-0.4538703107263927,-0.9897710823288798,-0.7152397128894996,0,0,0,0,162,False,False,
170,2,1273.8874245064721,892.0364803213523,1.3364287921530227,239.92428588867188,12.958087921142578,0,7,0,6,6,-0.34694474796454594,-0.9172468756714587,0.5515803987041081,0,0,0,0,158,True,True,collision
174,3,1470.0194222305745,869.2970269226469,0.47364234719551124,56.23889923095703,1.1772757768630981,0,1,0,0,0,0.11140635548705341,-0.9671477465689762,-0.7601049021534888,0,0,0,0,162,False,False,
174,4,1424.8545882595747,872.7938715194925,0.08838797086299309,78.28392028808594,5.261418342590332,0,2,0,1,1,-0.11868647933407728,-0.9949926546301117,-0.9615909864555222,1,0,0,0,162,False,False,
174,5,1393.2338744386896,880.3648935259446,0.8285432295131575,112.0229721069336,8.218846321105957,0,3,0,2,2,-0.6260059408764537,-0.9771553647592198,-0.2085116968382421,0,0,0,0,162,False,False,
86,6,1419.8869117089148,885.0828521711871,0.3532859346252525,84.33329010009766,-0.86236572265625,0,3,0,2,2,-0.3758619367053787,-0.908717995201079,0.4915654172559709,0,0,0,0,74,True,True,collision
174,7,1465.2409384952807,870.2920277778495,1.218455934266322,50.245079040527344,1.5711719989776611,0,1,0,0,0,0.11783357600053755,-0.9801608813192727,-0.8459511041299834,0,0,0,0,162,False,False,
175,0,1428.5732639709784,870.2848882178522,0.5832105119692235,77.95470428466797,5.055954933166504,0,2,0,1,1,0.3061232313498168,-0.9840071920956176,-0.7439879821388939,0,0,0,0,163,False,False,
175,1,1425.842753824317,874.8441978630557,0.20338981812908255,77.99925994873047,5.02593994140625,0,2,0,1,1,-0.4781018266305662,-0.9901743093101367,-0.714098009223733,0,0,0,0,163,False,False,
170,2,1273.8874245064721,892.0364803213523,1.3364287921530227,239.92428588867188,12.958087921142578,0,7,0,6,6,-0.34694474796454594,-0.9172468756714587,0.5515803987041081,0,0,0,0,158,True,True,collision
175,3,1469.5103271220166,869.3196985461356,0.509599678246767,56.74843978881836,1.1941139698028564,0,1,0,0,0,0.11731535871200834,-0.968484472771391,-0.7592759885303075,0,0,0,0,163,False,False,
175,4,1424.794129728971,872.7956183117893,0.06048375985397639,78.34436798095703,5.258240222930908,0,2,0,1,1,-0.12233788576356043,-0.9951509974120097,-0.9614883334631146,2,0,0,0,163,False,False,
175,5,1392.4696220104393,880.4763255532436,0.7723333935511864,112.79533386230469,8.221611976623535,0,3,0,2,2,-0.6754970161248354,-0.9782311671030759,-0.19903394701013088,0,0,0,0,163,False,False,
86,6,1419.8869117089148,885.0828521711871,0.3532859346252525,84.33329010009766,-0.86236572265625,0,3,0,2,2,-0.3758619367053787,-0.908717995201079,0.4915654172559709,0,0,0,0,74,True,True,collision
175,7,1464.3812309496946,870.3384010926911,0.8609573440462479,51.1060676574707,1.578951358795166,0,1,0,0,0,0.12786302571845423,-0.9824159618567154,-0.845518380745809,0,0,0,0,163,False,False,
176,0,1428.4151631880673,870.2684088253452,0.1589573148190514,78.11363983154297,5.062615394592285,0,2,0,1,1,0.31496691861514897,-0.984381466717693,-0.7417411365387138,0,0,0,0,164,False,False,
176,1,1425.842753824317,874.8441978630557,0.0,77.99925994873047,5.016482353210449,0,2,0,1,1,-0.4781018266305662,-0.9901743093101367,-0.714098009223733,1,0,0,0,164,False,False,
170,2,1273.8874245064721,892.0364803213523,1.3364287921530227,239.92428588867188,12.958087921142578,0,7,0,6,6,-0.34694474796454594,-0.9172468756714587,0.5515803987041081,0,0,0,0,158,True,True,collision
176,3,1468.9253350554418,869.3450990599615,0.5855432554970006,57.33407211303711,1.2108653783798218,0,1,0,0,0,0.12413570868093554,-0.9700180132497694,-0.7582424549907649,0,0,0,0,164,False,False,
176,4,1424.794129728971,872.7956183117893,0.0,78.34436798095703,5.255846977233887,0,2,0,1,1,-0.12233788576356043,-0.9951509974120097,-0.9614883334631146,3,0,0,0,164,False,False,
176,5,1391.4065384570345,880.6222664303862,1.0730542302888144,113.86841583251953,11.434444427490234,0,4,1,3,3,-0.17595688765033832,-0.892531744988029,-0.1869335861724275,0,0,0,0,164,False,False,
86,6,1419.8869117089148,885.0828521711871,0.3532859346252525,84.33329010009766,-0.86236572265625,0,3,0,2,2,-0.3758619367053787,-0.908717995201079,0.4915654172559709,0,0,0,0,74,True,True,collision
176,7,1463.3373769732677,870.4082796595643,1.0461902973218045,52.15222930908203,1.596107006072998,0,1,0,0,0,0.1419550970767031,-0.9851474837417048,-0.8466184772184681,0,0,0,0,164,False,False,
177,0,1428.1953377082164,870.2450930272952,0.22105851720846498,78.33472442626953,5.070199012756348,0,2,0,1,1,0.3279597121473911,-0.9848972070937234,-0.7385648111144919,0,0,0,0,165,False,False,
177,1,1425.9803453973236,874.8357208657676,-0.13785245897500004,78.13709259033203,5.0162672996521,0,2,0,1,1,-0.46234751244116534,-0.9899025442852074,-0.7148738383002975,0,0,0,0,165,False,False,
170,2,1273.8874245064721,892.0364803213523,1.3364287921530227,239.92428588867188,12.958087921142578,0,7,0,6,6,-0.34694474796454594,-0.9172468756714587,0.5515803987041081,0,0,0,0,158,True,True,collision
177,3,1468.195559822663,869.3761520415514,0.7304356084165459,58.06446838378906,1.2281455993652344,0,1,0,0,0,0.13328255703823116,-0.9719259501967229,-0.7568866693812109,0,0,0,0,165,False,False,
177,4,1424.9319192716314,872.7914538935946,-0.13785245897500004,78.48212432861328,5.2609639167785645,0,2,0,1,1,-0.11455598155799357,-0.9947900145823942,-0.9617519659863268,0,0,0,0,165,False,False,
177,5,1390.720896649633,880.7132716808688,0.6916550033594343,114.55997467041016,11.447015762329102,0,4,0,3,3,-0.17609527464652122,-0.8943069767268725,-0.17949883385514553,0,0,0,0,165,False,False,
86,6,1419.8869117089148,885.0828521711871,0.3532859346252525,84.33329010009766,-0.86236572265625,0,3,0,2,2,-0.3758619367053787,-0.908717995201079,0.4915654172559709,0,0,0,0,74,True,True,collision
177,7,1462.3159095186356,870.4789885780116,1.0239118673110288,53.1761589050293,1.6045628786087036,0,1,0,0,0,0.17170424679307594,-0.9877970999351627,-0.8479742914142078,0,0,0,0,165,False,False,
178,0,1428.1953377082164,870.2450930272952,0.0,78.33472442626953,5.064939022064209,0,2,0,1,1,0.3279597121473911,-0.9848972070937234,-0.7385648111144919,1,0,0,0,166,False,False,
178,1,1425.8379484367315,874.8445130595492,0.14266813609687695,78.27982330322266,5.020633220672607,0,2,0,1,1,-0.47883617707348725,-0.9901837297071097,-0.7140614189061942,0,0,0,0,166,False,False,
170,2,1273.8874245064721,892.0364803213523,1.3364287921530227,239.92428588867188,12.958087921142578,0,7,0,6,6,-0.34694474796454594,-0.9172468756714587,0.5515803987041081,0,0,0,0,158,True,True,collision
178,3,1467.9885687560989,869.3848005218122,0.20717166275370105,58.27168273925781,1.2427096366882324,0,1,0,0,0,0.1364354795415671,-0.9724661312624661,-0.7564831467856035,0,0,0,0,166,False,False,
178,4,1425.2052603853776,872.7822088455334,-0.27349741384103204,78.7555923461914,5.267404556274414,0,2,0,1,1,-0.10255932382591734,-0.9940715017549396,-0.9623885731925841,0,0,0,0,166,False,False,
178,5,1390.1115626977994,880.7900202857954,0.6141483641722292,115.1741714477539,11.461009979248047,0,4,0,3,3,-0.17452426564626522,-0.8958845746454622,-0.17339048054864437,0,0,0,0,166,False,False,
86,6,1419.8869117089148,885.0828521711871,0.3532859346252525,84.33329010009766,-0.86236572265625,0,3,0,2,2,-0.3758619367053787,-0.908717995201079,0.4915654172559709,0,0,0,0,74,True,True,collision
178,7,1461.3760993646217,870.5395643482377,0.9417603461210707,54.11792755126953,1.6198973655700684,0,1,0,0,0,0.2189406943393891,-0.9901908146813665,-0.8486854871251822,0,0,0,0,166,False,False,
179,0,1428.2794838900215,870.2539871878407,-0.08461492778583886,78.41941833496094,5.0584564208984375,0,2,0,1,1,0.3231073938529713,-0.9847001603397066,-0.7397723773518283,2,0,0,0,167,False,False,
179,1,1425.6393173136807,874.8568560610433,0.19901425258078492,78.47881317138672,5.028855323791504,0,2,0,1,1,-0.5035620174228636,-0.990564121830601,-0.7129197152404275,0,0,0,0,167,False,False,
170,2,1273.8874245064721,892.0364803213523,1.3364287921530227,239.92428588867188,12.958087921142578,0,7,0,6,6,-0.34694474796454594,-0.9172468756714587,0.5515803987041081,0,0,0,0,158,True,True,collision
179,3,1467.9885687560989,869.3848005218122,0.0,58.27168273925781,1.2390333414077759,0,1,0,0,0,0.1364354795415671,-0.9724661312624661,-0.7564831467856035,1,0,0,0,167,False,False,
179,4,1425.4222095629532,872.7747597873881,-0.21707702346851396,78.97276306152344,5.27178430557251,0,2,0,1,1,-0.0937611267748606,-0.9934992613437771,-0.9629083129256555,0,0,0,0,167,False,False,
179,5,1389.2234634984122,880.8948855944237,0.894268930974263,116.06840515136719,11.47595500946045,0,4,0,3,3,-0.1735084201570089,-0.8981831507926459,-0.1653183706377338,0,0,0,0,167,False,False,
86,6,1419.8869117089148,885.0828521711871,0.3532859346252525,84.33329010009766,-0.86236572265625,0,3,0,2,2,-0.3758619367053787,-0.908717995201079,0.4915654172559709,0,0,0,0,74,True,True,collision
179,7,1460.1387913138838,870.6037614874094,1.2389723504174401,55.356895446777344,1.6335906982421875,0,1,0,0,0,0.3351896563283803,-0.9931888059026502,-0.8477615673142352,0,0,0,0,167,False,False,
180,0,1428.2504407228782,870.250921090432,0.029204563188569708,78.4486312866211,5.0483293533325195,0,2,0,1,1,0.3246070398812536,-0.9847682184523865,-0.7393552763180719,3,0,0,0,168,False,False,
180,1,1425.1298081590814,874.8898396439236,0.5105756509668125,78.9894027709961,5.034929275512695,0,2,0,1,1,-0.5777474345928947,-0.9914636773474573,-0.7098457855329432,0,0,0,0,168,False,False,
170,2,1273.8874245064721,892.0364803213523,1.3364287921530227,239.92428588867188,12.958087921142578,0,7,0,6,6,-0.34694474796454594,-0.9172468756714587,0.5515803987041081,0,0,0,0,158,True,True,collision
180,3,1468.0266553432446,869.3832229291944,-0.038119246042831796,58.3098030090332,1.2367382049560547,0,1,0,0,0,0.1361663868678723,-0.972366800135205,-0.7565570420753205,2,0,0,0,168,False,False,
180,4,1425.5692754617126,872.7695874085199,-0.14715682818364437,79.11994934082031,5.280567169189453,0,2,0,1,1,-0.08893596189661189,-0.9931108241241425,-0.9632814948585459,0,0,0,0,168,False,False,
180,5,1388.1831698408405,881.0162879570465,1.047353535170559,117.1157455444336,11.490520477294922,0,4,0,3,3,-0.17744765550860392,-0.9008711723096821,-0.15604586962206657,0,0,0,0,168,False,False,
86,6,1419.8869117089148,885.0828521711871,0.3532859346252525,84.33329010009766,-0.86236572265625,0,3,0,2,2,-0.3758619367053787,-0.908717995201079,0.4915654172559709,0,0,0,0,74,True,True,collision
180,7,1458.658591137381,870.6631389197297,1.4813906446266176,56.83831024169922,1.6372709274291992,0,1,0,0,0,0.6830751065576218,-0.9960259601639706,-0.8445660891456767,0,0,0,0,168,False,False,
181,0,1428.1538604226919,870.2407469424577,0.09711471397835994,78.54584503173828,5.0388922691345215,0,2,0,1,1,0.32983119407150274,-0.9849939681136493,-0.7379719050394358,4,0,0,0,169,False,False,
181,1,1425.1298081590814,874.8898396439236,0.0,78.9894027709961,5.023865222930908,0,2,0,1,1,-0.5777474345928947,-0.9914636773474573,-0.7098457855329432,1,0,0,0,169,False,False,
170,2,1273.8874245064721,892.0364803213523,1.3364287921530227,239.92428588867188,12.958087921142578,0,7,0,6,6,-0.34694474796454594,-0.9172468756714587,0.5515803987041081,0,0,0,0,158,True,True,collision
181,3,1468.1596964133016,869.3776880092894,-0.13315615517231616,58.44297409057617,1.24085533618927,0,1,0,0,0,0.13433825672795416,-0.9720196403706615,-0.7568209211543834,0,0,0,0,169,False,False,
181,4,1425.3991941774334,872.7753258081368,0.17017806113660108,79.29021453857422,5.2968854904174805,0,2,0,1,1,-0.0942113667092283,-0.9935602221172476,-0.9628790406716244,0,0,0,0,169,False,False,
181,5,1387.3533749881722,881.1076674919148,0.8348111863814555,117.95059204101562,11.497322082519531,0,4,0,3,3,-0.17724290245236665,-0.9030136077890153,-0.14861031689158855,0,0,0,0,169,False,False,
86,6,1419.8869117089148,885.0828521711871,0.3532859346252525,84.33329010009766,-0.86236572265625,0,3,0,2,2,-0.3758619367053787,-0.908717995201079,0.4915654172559709,0,0,0,0,74,True,True,collision
181,7,1457.0773995146815,870.7049395271723,1.5817440496104178,58.420040130615234,1.634442925453186,0,1,0,0,0,1.0,-0.9957597960005559,-0.8431579193510524,0,0,0,1,169,False,False,
182,0,1428.1538604226919,870.2407469424577,0.0,78.54584503173828,5.034508228302002,0,2,0,1,1,0.32983119407150274,-0.9849939681136493,-0.7379719050394358,5,0,0,0,170,False,False,
182,1,1424.8154937373658,874.9098638481257,0.31495162239999996,79.30425262451172,5.028778553009033,0,2,0,1,1,-0.6294592624889964,-0.991954082714725,-0.7079794792351664,0,0,0,0,170,False,False,
170,2,1273.8874245064721,892.0364803213523,1.3364287921530227,239.92428588867188,12.958087921142578,0,7,0,6,6,-0.34694474796454594,-0.9172468756714587,0.5515803987041081,0,0,0,0,158,True,True,collision
182,3,1467.9759076384803,869.3855418967579,0.1839565092588448,58.62685775756836,1.2495214939117432,0,1,0,0,0,0.135983772540042,-0.9724990605307671,-0.7564831467856035,0,0,0,0,170,False,False,
182,4,1425.3991941774334,872.7753258081368,0.0,79.29021453857422,5.29706335067749,0,2,0,1,1,-0.0942113667092283,-0.9935602221172476,-0.9628790406716244,1,0,0,0,170,False,False,
182,5,1386.9667814921534,881.1484218463557,0.38873570529343077,118.3393325805664,11.511157989501953,0,4,0,3,3,-0.17614174262491689,-0.9040112242019408,-0.14501566122763032,0,0,0,0,170,False,False,
86,6,1419.8869117089148,885.0828521711871,0.3532859346252525,84.33329010009766,-0.86236572265625,0,3,0,2,2,-0.3758619367053787,-0.908717995201079,0.4915654172559709,0,0,0,0,74,True,True,collision
182,7,1455.8717501989026,870.7315111595616,1.205942089938724,59.62602233886719,4.8534836769104,0,2,1,1,1,0.020188713381172205,-0.912215354404024,-0.8442776688262958,0,0,0,0,170,False,False,
183,0,1428.2726682391478,870.2532363955967,-0.11946247817100693,78.66539764404297,5.041103839874268,0,2,0,1,1,0.3231169866065443,-0.9847161674566829,-0.7396699244627198,0,0,0,0,171,False,False,
183,1,1424.192117168737,874.9464530384162,0.6244494496447341,79.92874145507812,8.246708869934082,0,3,1,2,2,-0.053741619479949855,-0.9021217500086209,-0.7046567925407894,0,0,0,0,171,False,False,
170,2,1273.8874245064721,892.0364803213523,1.3364287921530227,239.92428588867188,12.958087921142578,0,7,0,6,6,-0.34694474796454594,-0.9172468756714587,0.5515803987041081,0,0,0,0,158,True,True,collision
183,3,1467.4806999516409,869.409380562222,0.4957811362648013,59.1226692199707,1.2651735544204712,0,1,0,0,0,0.13919061981170905,-0.9737912220909213,-0.7558823795095136,0,0,0,0,171,False,False,
183,4,1425.5369607698353,872.7704609891881,-0.13785245897500004,79.42811584472656,5.308746337890625,0,2,0,1,1,-0.09008032771445819,-0.9931963690512152,-0.9632302719872647,0,0,0,0,171,False,False,
183,5,1386.4872121302872,881.1969623665387,0.48201966240013844,118.82139587402344,11.517745018005371,0,4,0,3,3,-0.17581918338589478,-0.9052486663576432,-0.1407987986483994,0,0,0,0,171,False,False,
86,6,1419.8869117089148,885.0828521711871,0.3532859346252525,84.33329010009766,-0.86236572265625,0,3,0,2,2,-0.3758619367053787,-0.908717995201079,0.4915654172559709,0,0,0,0,74,True,True,collision
183,7,1454.3744745262252,870.7511938456506,1.4974050380988306,61.12334442138672,4.873300552368164,0,2,0,1,1,0.027079467368150114,-0.9162047696029673,-0.8440801096977719,0,0,0,0,171,False,False,
184,0,1428.1260826563148,870.237882193658,0.1473875320767582,78.81280517578125,5.049664497375488,0,2,0,1,1,0.3310170399513494,-0.9850585280032693,-0.7375767581962025,0,0,0,0,172,False,False,
184,1,1423.4927862629145,874.9815712901466,0.7002121160356003,80.62895965576172,8.263145446777344,0,3,0,2,2,-0.04929935264657009,-0.9039835209806448,-0.7016487539910603,0,0,0,0,172,False,False,
170,2,1273.8874245064721,892.0364803213523,1.3364287921530227,239.92428588867188,12.958087921142578,0,7,0,6,6,-0.34694474796454594,-0.9172468756714587,0.5515803987041081,0,0,0,0,158,True,True,collision
184,3,1466.7523562506913,869.4511901138022,0.7295427234345022,59.85226058959961,1.2805758714675903,0,1,0,0,0,0.14390114344804708,-0.9756909354162849,-0.7558239207600084,0,0,0,0,172,False,False,
184,4,1425.3577220136513,872.7763310722643,0.17933485325990267,79.60753631591797,5.323067665100098,0,2,0,1,1,-0.0951116264621482,-0.9936698623466995,-0.9628351394371243,0,0,0,0,172,False,False,
184,5,1385.7028042090703,881.2764906798794,0.7884291594623705,119.6098403930664,11.531224250793457,0,4,0,3,3,-0.17986429959581504,-0.9072696419864331,-0.1338733378133603,0,0,0,0,172,False,False,
86,6,1419.8869117089148,885.0828521711871,0.3532859346252525,84.33329010009766,-0.86236572265625,0,3,0,2,2,-0.3758619367053787,-0.908717995201079,0.4915654172559709,0,0,0,0,74,True,True,collision
184,7,1453.3407432831757,870.7635167319949,1.0338046896703754,62.157230377197266,4.8912506103515625,0,2,0,1,1,0.02880776843709643,-0.9189590636852587,-0.8437800976801395,0,0,0,0,172,False,False,
185,0,1428.1260826563148,870.237882193658,0.0,78.81280517578125,5.045826435089111,0,2,0,1,1,0.3310170399513494,-0.9850585280032693,-0.7375767581962025,1,0,0,0,173,False,False,
185,1,1423.262029462305,874.992372838328,0.2310094683571971,80.85992431640625,8.278675079345703,0,3,0,2,2,-0.04743912658561587,-0.904597730465499,-0.700748517834864,0,0,0,0,173,False,False,
170,2,1273.8874245064721,892.0364803213523,1.3364287921530227,239.92428588867188,12.958087921142578,0,7,0,6,6,-0.34694474796454594,-0.9172468756714587,0.5515803987041081,0,0,0,0,158,True,True,collision
185,3,1465.8193555024454,869.5179146737584,0.9353836448906009,60.78763198852539,1.2959647178649902,0,1,0,0,0,0.15022393121028366,-0.9781231544304361,-0.7573193784722925,0,0,0,0,173,False,False,
185,4,1425.3577220136513,872.7763310722643,0.0,79.60753631591797,5.323642730712891,0,2,0,1,1,-0.0951116264621482,-0.9936698623466995,-0.9628351394371243,1,0,0,0,173,False,False,
185,5,1385.2077917093454,881.3253943392521,0.4974222982374427,120.10724639892578,11.542312622070312,0,4,0,3,3,-0.18078055504617574,-0.9085436840107519,-0.12966379329763722,0,0,0,0,173,False,False,
86,6,1419.8869117089148,885.0828521711871,0.3532859346252525,84.33329010009766,-0.86236572265625,0,3,0,2,2,-0.3758619367053787,-0.908717995201079,0.4915654172559709,0,0,0,0,74,True,True,collision
185,7,1452.67042613693,870.7680399399104,0.6703324070645438,62.82753372192383,4.906220436096191,0,2,0,1,1,0.03282315752711927,-0.9207442246758784,-0.8431798592484829,0,0,0,0,173,False,False,
186,0,1427.8128875056946,870.2046659012641,0.31495162239999996,79.12779235839844,5.052158832550049,0,2,0,1,1,0.3505702399017429,-0.9857808120245378,-0.7330609412882056,0,0,0,0,174,False,False,
186,1,1423.262029462305,874.992372838328,0.0,80.85992431640625,8.27484130859375,0,3,0,2,2,-0.04743912658561587,-0.904597730465499,-0.700748517834864,1,0,0,0,174,False,False,
170,2,1273.8874245064721,892.0364803213523,1.3364287921530227,239.92428588867188,12.958087921142578,0,7,0,6,6,-0.34694474796454594,-0.9172468756714587,0.5515803987041081,0,0,0,0,158,True,True,collision
186,3,1465.3963468574707,869.5484569772461,0.42410982778722395,61.21170425415039,1.301001787185669,0,1,0,0,0,0.1578682106190434,-0.9792211707177814,-0.7580297451838852,0,0,0,0,174,False,False,
186,4,1425.0429324213724,872.7864324110529,0.31495162239999996,79.92239379882812,5.3331522941589355,0,2,0,1,1,-0.10910190431445572,-0.9944987965537342,-0.9621617346634829,0,0,0,0,174,False,False,
186,5,1384.8566486450666,881.3603607379681,0.35287972544519375,120.4600601196289,11.552974700927734,0,4,0,3,3,-0.1831343788526788,-0.9094462348722335,-0.12664017527676863,0,0,0,0,174,False,False,
86,6,1419.8869117089148,885.0828521711871,0.3532859346252525,84.33329010009766,-0.86236572265625,0,3,0,2,2,-0.3758619367053787,-0.908717995201079,0.4915654172559709,0,0,0,0,74,True,True,collision
186,7,1451.6973670379018,870.7768000646131,0.9730985304615757,63.800594329833984,4.919079303741455,0,2,0,1,1,0.0324504417425724,-0.9233357914384014,-0.8425576809193958,0,0,0,0,174,False,False,
187,0,1427.1923256488378,870.135095095777,0.6244494496447341,79.75216674804688,5.06247615814209,0,2,0,1,1,0.39804547091329207,-0.9871642267216137,-0.7236563149228007,0,0,0,0,175,False,False,
187,1,1422.9965572928759,875.0047218785056,0.26575923602894147,81.12571716308594,8.289856910705566,0,3,0,2,2,-0.047606636882745884,-0.9053045393122632,-0.6999702589325255,0,0,0,0,175,False,False,
170,2,1273.8874245064721,892.0364803213523,1.3364287921530227,239.92428588867188,12.958087921142578,0,7,0,6,6,-0.34694474796454594,-0.9172468756714587,0.5515803987041081,0,0,0,0,158,True,True,collision
187,3,1464.789706430659,869.5931326739276,0.608283260756247,61.820037841796875,1.3103253841400146,0,1,0,0,0,0.17007682861504222,-0.9807902554018865,-0.759159071031297,0,0,0,0,175,False,False,
187,4,1424.973910770632,872.7886076170479,0.06905591786391387,79.99152374267578,5.3269782066345215,0,2,0,1,1,-0.11249257513259055,-0.9946803505305953,-0.9620153912596937,1,0,0,0,175,False,False,
187,5,1384.6373772189752,881.3819217573873,0.22032892651338631,120.68047332763672,11.561609268188477,0,4,0,3,3,-0.18352161704396067,-0.9100099288852678,-0.12478819065796598,0,0,0,0,175,False,False,
86,6,1419.8869117089148,885.0828521711871,0.3532859346252525,84.33329010009766,-0.86236572265625,0,3,0,2,2,-0.3758619367053787,-0.908717995201079,0.4915654172559709,0,0,0,0,74,True,True,collision
187,7,1450.5536684750687,870.7900507119299,1.1437753198425713,64.94435119628906,4.93625545501709,0,2,0,1,1,0.03208209275880702,-0.9263820817543225,-0.8421918206232863,0,0,0,0,175,False,False,
188,0,1427.0901253079846,870.123497784726,0.10285624577110099,79.85511779785156,5.070090293884277,0,2,0,1,1,0.40702821951868046,-0.9873855971683445,-0.7220901921597698,0,0,0,0,176,False,False,
188,1,1422.6929555782235,875.0192133792914,0.30394737165311025,81.42965698242188,8.305778503417969,0,3,0,2,2,-0.04879608069439756,-0.9061126693337455,-0.6997722138388469,0,0,0,0,176,False,False,
170,2,1273.8874245064721,892.0364803213523,1.3364287921530227,239.92428588867188,12.958087921142578,0,7,0,6,6,-0.34694474796454594,-0.9172468756714587,0.5515803987041081,0,0,0,0,158,True,True,collision
188,3,1464.6808868419268,869.6010807707547,0.10910946400298441,61.92909240722656,1.319496750831604,0,1,0,0,0,0.17304846552708159,-0.9810705394904549,-0.7593498838200246,0,0,0,0,176,False,False,
188,4,1424.973910770632,872.7886076170479,0.0,79.99152374267578,5.326261043548584,0,2,0,1,1,-0.11249257513259055,-0.9946803505305953,-0.9620153912596937,2,0,0,0,176,False,False,
188,5,1384.1529700209992,881.4270454025994,0.4865043440793755,121.16694641113281,11.575220108032227,0,4,0,3,3,-0.18285588998812474,-0.911254769634456,-0.12098834335393482,0,0,0,0,176,False,False,
86,6,1419.8869117089148,885.0828521711871,0.3532859346252525,84.33329010009766,-0.86236572265625,0,3,0,2,2,-0.3758619367053787,-0.908717995201079,0.4915654172559709,0,0,0,0,74,True,True,collision
188,7,1449.841965009644,870.8025519729987,0.7118132509486329,65.65625,4.952825546264648,0,2,0,1,1,0.029024237876288654,-0.928278566297565,-0.8424698784503954,0,0,0,0,176,False,False,
189,0,1426.6769184445675,870.0746879557059,0.4160796935492444,80.27119445800781,5.07581090927124,0,2,0,1,1,0.44606563871560384,-0.9882541001667174,-0.715539724907132,0,0,0,0,177,False,False,
189,1,1422.08019050318,875.0520425632228,0.6136438645589696,82.04332733154297,8.320040702819824,0,3,0,2,2,-0.05343708883480708,-0.9077434656014551,-0.6989374686338079,0,0,0,0,177,False,False,
170,2,1273.8874245064721,892.0364803213523,1.3364287921530227,239.92428588867188,12.958087921142578,0,7,0,6,6,-0.34694474796454594,-0.9172468756714587,0.5515803987041081,0,0,0,0,158,True,True,collision
189,3,1464.6808868419268,869.6010807707547,0.0,61.92909240722656,1.3145467042922974,0,1,0,0,0,0.17304846552708159,-0.9810705394904549,-0.7593498838200246,1,0,0,0,177,False,False,
189,4,1425.02195855356,872.7870964521794,-0.04807154109805696,80.03964233398438,5.3195719718933105,0,2,0,1,1,-0.10981224712176071,-0.9945539868424133,-0.9621178334289827,3,0,0,0,177,False,False,
189,5,1383.4228205672182,881.4954652772703,0.7333481465896743,121.9002456665039,11.58020305633545,0,4,0,3,3,-0.18727311775864638,-0.9131280479904856,-0.11521947958734813,0,0,0,0,177,False,False,
86,6,1419.8869117089148,885.0828521711871,0.3532859346252525,84.33329010009766,-0.86236572265625,0,3,0,2,2,-0.3758619367053787,-0.908717995201079,0.4915654172559709,0,0,0,0,74,True,True,collision
189,7,1448.8283347972324,870.8183749434933,1.013753704756979,66.669921875,4.965948104858398,0,2,0,1,1,0.03145384137456738,-0.9309785183761312,-0.8426308615544733,0,0,0,0,177,False,False,
190,0,1425.9590258519506,869.9829978133148,0.7237242960865212,80.99492645263672,5.083026885986328,0,2,0,1,1,0.529603131927405,-0.9896407559075306,-0.7033099829935066,0,0,0,0,178,False,False,
190,1,1421.4213570748555,875.0875747206399,0.6597908914863556,82.70309448242188,8.330208778381348,0,3,0,2,2,-0.054705176297354934,-0.9094964872271248,-0.6980143635291498,0,0,0,0,178,False,False,
170,2,1273.8874245064721,892.0364803213523,1.3364287921530227,239.92428588867188,12.958087921142578,0,7,0,6,6,-0.34694474796454594,-0.9172468756714587,0.5515803987041081,0,0,0,0,158,True,True,collision
190,3,1464.7035095150202,869.5994233193625,-0.022683308467000007,61.95173645019531,1.306859016418457,0,1,0,0,0,0.17236177521041737,-0.9810123691910464,-0.7593052036119674,2,0,0,0,178,False,False,
190,4,1425.1766305383203,872.7824190469872,-0.1547426928453576,80.19437408447266,5.331204891204834,0,2,0,1,1,-0.10138600027846173,-0.9941469865692701,-0.9624178418733419,0,0,0,0,178,False,False,
190,5,1382.6001080983726,881.5712944769805,0.8261996574211337,122.72648620605469,11.590300559997559,0,4,0,3,3,-0.191076365580102,-0.9152353149353668,-0.10887226011416407,0,0,0,0,178,False,False,
86,6,1419.8869117089148,885.0828521711871,0.3532859346252525,84.33329010009766,-0.86236572265625,0,3,0,2,2,-0.3758619367053787,-0.908717995201079,0.4915654172559709,0,0,0,0,74,True,True,collision
190,7,1447.800017564889,870.8405085842554,1.0285554085161452,67.69847869873047,4.978358268737793,0,2,0,1,1,0.028835159623732745,-0.933718643512099,-0.8435237796471619,0,0,0,0,178,False,False,
191,0,1425.3791816961327,869.9055801393391,0.584989522367717,81.57990264892578,5.08773136138916,0,2,0,1,1,0.6120359318856887,-0.9906129625402498,-0.6930343927259364,0,0,0,0,179,False,False,
191,1,1420.6007465525572,875.1273547050655,0.8215741454472922,83.52473449707031,8.347369194030762,0,3,0,2,2,-0.05251101292340713,-0.9116802634013754,-0.6974062781895523,0,0,0,0,179,False,False,
170,2,1273.8874245064721,892.0364803213523,1.3364287921530227,239.92428588867188,12.958087921142578,0,7,0,6,6,-0.34694474796454594,-0.9172468756714587,0.5515803987041081,0,0,0,0,158,True,True,collision
191,3,1464.4115769135572,869.6197950033494,0.292642528190041,62.24431610107422,1.3171415328979492,0,1,0,0,0,0.18194110893046672,-0.9817622262743861,-0.759716015684897,0,0,0,0,179,False,False,
191,4,1425.466624105546,872.7741711321415,-0.29011083594313086,80.48452758789062,5.336182117462158,0,2,0,1,1,-0.08857245902166445,-0.9933816934085907,-0.9629083129256555,0,0,0,0,179,False,False,
191,5,1382.299933878629,881.598218217223,0.30137924611256545,123.02786254882812,11.601325035095215,0,4,0,3,3,-0.1912994390887396,-0.9160033099071935,-0.10664682556698124,0,0,0,0,179,False,False,
86,6,1419.8869117089148,885.0828521711871,0.3532859346252525,84.33329010009766,-0.86236572265625,0,3,0,2,2,-0.3758619367053787,-0.908717995201079,0.4915654172559709,0,0,0,0,74,True,True,collision
191,7,1447.2998461168183,870.8518386299584,0.5002997575462508,68.1988525390625,4.992568016052246,0,2,0,1,1,0.0286942056767796,-0.9350516459257716,-0.8440288832532177,0,0,0,0,179,False,False,
192,0,1424.603240784218,869.7962656902655,0.7836031824585495,82.36344146728516,5.0908122062683105,0,2,0,1,1,0.7483532235841008,-0.9916177269361698,-0.6786016850069916,0,0,0,0,180,False,False,
192,1,1420.3042423247462,875.1412562743313,0.29682993571729943,83.82156372070312,8.361369132995605,0,3,0,2,2,-0.05196464087951224,-0.9124692143752903,-0.6972454237233094,0,0,0,0,180,False,False,
170,2,1273.8874245064721,892.0364803213523,1.3364287921530227,239.92428588867188,12.958087921142578,0,7,0,6,6,-0.34694474796454594,-0.9172468756714587,0.5515803987041081,0,0,0,0,158,True,True,collision
192,3,1464.0125719643977,869.6453077676306,0.39981977264133084,62.64418029785156,1.328834056854248,0,1,0,0,0,0.19697773778984462,-0.9827807791678693,-0.7599944737186042,0,0,0,0,180,False,False,
192,4,1425.5928769269374,872.7707547953748,-0.12629903509582785,80.61079406738281,5.346533298492432,0,2,0,1,1,-0.0834586387248919,-0.9930480180363076,-0.9630985611372179,0,0,0,0,180,False,False,
192,5,1381.8359041170613,881.6402938122543,0.4659334451590472,123.49375915527344,11.601795196533203,0,4,0,3,3,-0.19475541064768626,-0.9171888165846904,-0.10314038687171423,0,0,0,0,180,False,False,
86,6,1419.8869117089148,885.0828521711871,0.3532859346252525,84.33329010009766,-0.86236572265625,0,3,0,2,2,-0.3758619367053787,-0.908717995201079,0.4915654172559709,0,0,0,0,74,True,True,collision
192,7,1447.2998461168183,870.8518386299584,0.0,68.1988525390625,4.984273910522461,0,2,0,1,1,0.0286942056767796,-0.9350516459257716,-0.8440288832532177,1,0,0,0,180,False,False,
193,0,1423.9812901073847,869.7060687109372,0.6284569511855773,82.99189758300781,5.0904998779296875,0,2,0,1,1,0.8766527862715786,-0.9921032774326344,-0.6667233816588518,0,0,0,0,181,False,False,
193,1,1419.698281754441,875.1702666843524,0.6066546106757343,84.42821502685547,8.377429008483887,0,3,0,2,2,-0.05358358225754248,-0.9140813253084216,-0.696835354891205,0,0,0,0,181,False,False,
170,2,1273.8874245064721,892.0364803213523,1.3364287921530227,239.92428588867188,12.958087921142578,0,7,0,6,6,-0.34694474796454594,-0.9172468756714587,0.5515803987041081,0,0,0,0,158,True,True,collision
193,3,1463.8938910044124,869.6528773377945,0.1189221117182678,62.7630729675293,1.3341060876846313,0,1,0,0,0,0.20071396327759095,-0.9830824820281698,-0.7600756870718289,0,0,0,0,181,False,False,
193,4,1425.8142976501836,872.7654490341451,-0.22148428338176512,80.83229064941406,5.357278347015381,0,2,0,1,1,-0.07511954508758865,-0.9924618098559989,-0.963354668347077,0,0,0,0,181,False,False,
193,5,1381.0664978852708,881.7109775604139,0.7726461944332276,124.26641082763672,11.607975006103516,0,4,0,3,3,-0.20041339060778177,-0.9191504179298224,-0.09723213686425325,0,0,0,0,181,False,False,
86,6,1419.8869117089148,885.0828521711871,0.3532859346252525,84.33329010009766,-0.86236572265625,0,3,0,2,2,-0.3758619367053787,-0.908717995201079,0.4915654172559709,0,0,0,0,74,True,True,collision
193,7,1446.9849843278166,870.8593604833893,0.31495162239999996,68.51376342773438,4.992026329040527,0,2,0,1,1,0.028272886777171557,-0.9358905839355363,-0.8443874254858194,0,0,0,0,181,False,False,
194,0,1423.1651972789857,869.5875744551919,0.8246504672943088,83.81661224365234,5.08649206161499,0,2,0,1,1,1.0,-0.9922210829817939,-0.6511197551924806,0,0,0,1,182,False,False,
194,1,1418.7884292577064,875.2088918620785,0.9106719882420116,85.33882141113281,8.388594627380371,0,3,0,2,2,-0.051593896208364895,-0.9165018766021439,-0.6968134292868673,0,0,0,0,182,False,False,
170,2,1273.8874245064721,892.0364803213523,1.3364287921530227,239.92428588867188,12.958087921142578,0,7,0,6,6,-0.34694474796454594,-0.9172468756714587,0.5515803987041081,0,0,0,0,158,True,True,collision
194,3,1463.8938910044124,869.6528773377945,0.0,62.7630729675293,1.330762267112732,0,1,0,0,0,0.20071396327759095,-0.9830824820281698,-0.7600756870718289,1,0,0,0,182,False,False,
194,4,1425.7173147516792,872.7679226863974,0.09701443994463355,80.92936706542969,5.35852575302124,0,2,0,1,1,-0.07880726135100152,-0.9927187630904083,-0.9632229574970301,1,0,0,0,182,False,False,
194,5,1379.9976140953534,881.8089091486343,1.0733606813740866,125.33985137939453,11.623907089233398,0,4,0,3,3,-0.20747285711811275,-0.9218674880413722,-0.08905488696278985,0,0,0,0,182,False,False,
86,6,1419.8869117089148,885.0828521711871,0.3532859346252525,84.33329010009766,-0.86236572265625,0,3,0,2,2,-0.3758619367053787,-0.908717995201079,0.4915654172559709,0,0,0,0,74,True,True,collision
194,7,1446.955306013437,870.8600778349623,0.029686982630336717,68.5434341430664,4.989959239959717,0,2,0,1,1,0.028128066812977675,-0.9359696342860712,-0.8444240158033581,1,0,0,0,182,False,False,
195,0,1422.2575536016366,869.4615778146317,0.916347204101288,84.73291778564453,5.081404209136963,0,2,0,1,1,1.0,-0.9916590877346918,-0.6322612770501068,0,0,0,2,183,False,False,
195,1,1417.5804164609524,875.2445263786552,1.208538264141103,86.54735565185547,8.406721115112305,0,3,0,2,2,-0.04509747479128994,-0.9197168597763196,-0.6986590106001007,0,0,0,0,183,False,False,
170,2,1273.8874245064721,892.0364803213523,1.3364287921530227,239.92428588867188,12.958087921142578,0,7,0,6,6,-0.34694474796454594,-0.9172468756714587,0.5515803987041081,0,0,0,0,158,True,True,collision
195,3,1463.96585610032,869.6483095762253,-0.07210991245833961,62.83511734008789,1.3274505138397217,0,1,0,0,0,0.1986912355961225,-0.9828997346725128,-0.760023688800264,2,0,0,0,183,False,False,
195,4,1425.7173147516792,872.7679226863974,0.0,80.92936706542969,5.358707427978516,0,2,0,1,1,-0.07880726135100152,-0.9927187630904083,-0.9632229574970301,2,0,0,0,183,False,False,
195,5,1379.4555602630903,881.8584997936842,0.5443175444055005,125.88410949707031,11.638592720031738,0,4,0,3,3,-0.21124144409314644,-0.9232410759544883,-0.0849185230821442,0,0,0,0,183,False,False,
86,6,1419.8869117089148,885.0828521711871,0.3532859346252525,84.33329010009766,-0.86236572265625,0,3,0,2,2,-0.3758619367053787,-0.908717995201079,0.4915654172559709,0,0,0,0,74,True,True,collision
195,7,1446.955306013437,870.8600778349623,0.0,68.5434341430664,4.9837422370910645,0,2,0,1,1,0.028128066812977675,-0.9359696342860712,-0.8444240158033581,2,0,0,0,183,False,False,
196,0,1421.6358217657944,869.3743635192209,0.6278190894068492,85.36070251464844,5.07197380065918,0,2,0,1,1,1.0,-0.9909058039928625,-0.6186742630452773,0,0,0,3,184,False,False,
196,1,1416.158486732249,875.279228832718,1.422353125524266,87.96977996826172,8.423203468322754,0,3,0,2,2,-0.043931877684726964,-0.923501376325616,-0.7016988655743771,0,0,0,0,184,False,False,
170,2,1273.8874245064721,892.0364803213523,1.3364287921530227,239.92428588867188,12.958087921142578,0,7,0,6,6,-0.34694474796454594,-0.9172468756714587,0.5515803987041081,0,0,0,0,158,True,True,collision
196,3,1464.00406633943,869.6458883720481,-0.03828687245663492,62.8734016418457,1.324173092842102,0,1,0,0,0,0.19759983047817936,-0.9828025293467744,-0.760001791782112,3,0,0,0,184,False,False,
196,4,1425.7999985458903,872.7659272276002,-0.08270786952241688,81.01215362548828,5.355722427368164,0,2,0,1,1,-0.07564209239600232,-0.9924996036616603,-0.9633253996663191,3,0,0,0,184,False,False,
196,5,1378.8026904611734,881.9211728647258,0.6558710941099535,126.5399398803711,11.64940357208252,0,4,0,3,3,-0.21897785915080653,-0.9248898163347364,-0.07958165375199977,0,0,0,0,184,False,False,
86,6,1419.8869117089148,885.0828521711871,0.3532859346252525,84.33329010009766,-0.86236572265625,0,3,0,2,2,-0.3758619367053787,-0.908717995201079,0.4915654172559709,0,0,0,0,74,True,True,collision
196,7,1446.6984226848172,870.8666926584314,0.2569684813597758,68.80047607421875,4.9939398765563965,0,2,0,1,1,0.02741728692217167,-0.9366544494625517,-0.8447754543688439,0,0,0,0,184,False,False,
197,0,1420.959481373217,869.2821014488524,0.6826042896587868,86.0433578491211,5.062789440155029,0,2,0,1,1,1.0,-0.989839123978347,-0.604193387603635,0,0,0,4,185,False,False,
197,1,1415.2717617007233,875.2936833784964,0.886842835810125,88.85661315917969,8.438997268676758,0,3,0,2,2,-0.040011131102071176,-0.9258617475268655,-0.7044529444514385,0,0,0,0,185,False,False,
170,2,1273.8874245064721,892.0364803213523,1.3364287921530227,239.92428588867188,12.958087921142578,0,7,0,6,6,-0.34694474796454594,-0.9172468756714587,0.5515803987041081,0,0,0,0,158,True,True,collision
197,3,1464.1792672846022,869.6350564739911,-0.1755354699334838,63.04902648925781,1.3306125402450562,0,1,0,0,0,0.19338711077722717,-0.9823562358844397,-0.7599287254917767,0,0,0,0,185,False,False,
197,4,1425.8976502984149,872.763737742862,-0.09767629504925988,81.10983276367188,5.353275775909424,0,2,0,1,1,-0.07205386061016902,-0.9922408478045299,-0.9634205237721004,4,0,0,0,185,False,False,
197,5,1378.1381324240763,881.9872898295481,0.6678389309613081,127.20777893066406,11.660609245300293,0,4,0,3,3,-0.22643855561705853,-0.9265617597901333,-0.07386395925759615,0,0,0,0,185,False,False,
86,6,1419.8869117089148,885.0828521711871,0.3532859346252525,84.33329010009766,-0.86236572265625,0,3,0,2,2,-0.3758619367053787,-0.908717995201079,0.4915654172559709,0,0,0,0,74,True,True,collision
197,7,1446.1311724826235,870.883746638094,0.5675065022632053,69.36787414550781,5.011322975158691,0,2,0,1,1,0.02527724261863682,-0.9381663345376252,-0.8458439916926258,0,0,0,0,185,False,False,
198,0,1419.9838687136782,869.1455175202303,0.9851270126282817,87.02845764160156,8.271350860595703,0,3,1,2,2,0.18298956040205844,-0.9124143495972052,-0.5828937635577132,0,0,0,0,186,False,False,
198,1,1414.0865616436297,875.2978653651455,1.1852074351552164,90.04180145263672,8.459250450134277,0,3,0,2,2,-0.0332989514451242,-0.9290181145941921,-0.7099531838321566,0,0,0,0,186,False,False,
170,2,1273.8874245064721,892.0364803213523,1.3364287921530227,239.92428588867188,12.958087921142578,0,7,0,6,6,-0.34694474796454594,-0.9172468756714587,0.5515803987041081,0,0,0,0,158,True,True,collision
198,3,1464.454292254353,869.6180357034488,-0.27555115789321305,63.32457733154297,1.3324905633926392,0,1,0,0,0,0.18572255291756662,-0.9816537398482187,-0.7598036895160621,0,0,0,0,186,False,False,
198,4,1426.1315798770013,872.759171997875,-0.23397413054640534,81.34376525878906,5.3624958992004395,0,2,0,1,1,-0.0649874905139528,-0.9916205420963436,-0.9635668707491627,0,0,0,0,186,False,False,
198,5,1377.2192444024968,882.0769580110656,0.9232527167459306,128.13108825683594,11.673480033874512,0,4,0,3,3,-0.2328707297260419,-0.9288663152234368,-0.0661768480940389,0,0,0,0,186,False,False,
86,6,1419.8869117089148,885.0828521711871,0.3532859346252525,84.33329010009766,-0.86236572265625,0,3,0,2,2,-0.3758619367053787,-0.908717995201079,0.4915654172559709,0,0,0,0,74,True,True,collision
198,7,1445.259598907314,870.9189286738653,0.8722833672715928,70.24016571044922,5.029994487762451,0,2,0,1,1,0.019458003857698396,-0.9404914070006852,-0.8485737723119466,0,0,0,0,186,False,False,
199,0,1419.5308061870535,869.081055816411,0.45762535363649187,87.48614501953125,8.284061431884766,0,3,0,2,2,0.18698179375116727,-0.9135833053466293,-0.5728736766168319,0,0,0,0,187,False,False,
199,1,1412.7560924993854,875.3035959772253,1.3304814856662777,91.37226104736328,8.473930358886719,0,3,0,2,2,-0.03557191151939681,-0.932560737648604,-0.7160036501128639,0,0,0,0,187,False,False,
170,2,1273.8874245064721,892.0364803213523,1.3364287921530227,239.92428588867188,12.958087921142578,0,7,0,6,6,-0.34694474796454594,-0.9172468756714587,0.5515803987041081,0,0,0,0,158,True,True,collision
199,3,1464.6898630611233,869.6033041890133,-0.23603097788212896,63.560508728027344,1.340307354927063,0,1,0,0,0,0.1792445525952644,-0.9810502047604059,-0.7596794825397294,0,0,0,0,187,False,False,
199,4,1426.3046703198434,872.7560739311426,-0.17311816606217528,81.51689147949219,5.375232219696045,0,2,0,1,1,-0.060631087746115656,-0.9911610765931101,-0.9636402514875393,0,0,0,0,187,False,False,
199,5,1376.8243345537928,882.115739315505,0.3968094985976775,128.5278778076172,11.684257507324219,0,4,0,3,3,-0.2367013157208324,-0.9298531953670993,-0.06284598575058686,0,0,0,0,187,False,False,
86,6,1419.8869117089148,885.0828521711871,0.3532859346252525,84.33329010009766,-0.86236572265625,0,3,0,2,2,-0.3758619367053787,-0.908717995201079,0.4915654172559709,0,0,0,0,74,True,True,collision
199,7,1444.1650243210058,870.969047845478,1.0957214319137316,71.3359146118164,5.04693078994751,0,2,0,1,1,0.01683932050218794,-0.9434124366661082,-0.8527088926935196,0,0,0,0,187,False,False,
200,0,1418.7740504297456,868.9725562506692,0.7644942328002754,88.25060272216797,8.29834270477295,0,3,0,2,2,0.19212908811969354,-0.9155318239925968,-0.556048762544047,0,0,0,0,188,False,False,
200,1,1411.8515289399727,875.3102391364266,0.9045879529275417,92.27682495117188,8.490769386291504,0,3,0,2,2,-0.03889576600531781,-0.9349685707709865,-0.7197831726389498,0,0,0,0,188,False,False,
170,2,1273.8874245064721,892.0364803213523,1.3364287921530227,239.92428588867188,12.958087921142578,0,7,0,6,6,-0.34694474796454594,-0.9172468756714587,0.5515803987041081,0,0,0,0,158,True,True,collision
200,3,1465.059163032754,869.5797943379432,-0.3700475403831999,63.93064498901367,1.3459281921386719,0,1,0,0,0,0.1697950875705661,-0.9800998293206917,-0.759430239587682,0,1,0,0,188,False,False,
200,4,1426.6128085779176,872.7507885295762,-0.3081835841812116,81.82504272460938,5.382889747619629,0,2,0,1,1,-0.055040867867302896,-0.9903427004858104,-0.9637426936568283,0,0,0,0,188,False,False,
200,5,1376.4232235027857,882.1564285965851,0.4031695584178925,128.93106079101562,11.693995475769043,0,4,0,3,3,-0.24236888826306363,-0.9308524890667178,-0.05930261370355416,0,0,0,0,188,False,False,
86,6,1419.8869117089148,885.0828521711871,0.3532859346252525,84.33329010009766,-0.86236572265625,0,3,0,2,2,-0.3758619367053787,-0.908717995201079,0.4915654172559709,0,0,0,0,74,True,True,collision
200,7,1443.1161728414718,871.0232529083432,1.0502512151675212,72.38613891601562,5.065988063812256,0,2,0,1,1,0.013779515991173084,-0.9462124197687721,-0.8574076611892105,0,0,0,0,188,False,False,
201,0,1418.4608425286178,868.9268539498053,0.31652470619698714,88.56714630126953,8.309223175048828,0,3,0,2,2,0.19563779445646157,-0.9163368175049147,-0.5489954071147357,0,0,0,0,189,False,False,
201,1,1411.4730742696333,875.3123168828829,0.3784603737936112,92.6553726196289,8.504093170166016,0,3,0,2,2,-0.03830977048137482,-0.9359762276625712,-0.721453320531296,0,0,0,0,189,False,False,
170,2,1273.8874245064721,892.0364803213523,1.3364287921530227,239.92428588867188,12.958087921142578,0,7,0,6,6,-0.34694474796454594,-0.9172468756714587,0.5515803987041081,0,0,0,0,158,True,True,collision
201,3,1465.1130706194804,869.5763365166847,-0.05401837126869989,63.98458480834961,1.3413610458374023,0,1,0,0,0,0.16828373755210496,-0.9799610420142196,-0.7594010245060221,1,0,0,0,189,False,False,
201,4,1426.9594078506202,872.7456650368284,-0.3466371388294337,82.17163848876953,5.3883514404296875,0,2,0,1,1,-0.04885982506505873,-0.9894214274120627,-0.9637646478473516,0,0,0,0,189,False,False,
201,5,1375.9010996511865,882.210046591579,0.5248697036370646,129.45590209960938,11.701678276062012,0,4,0,3,3,-0.2480508868364849,-0.9321492239798125,-0.05461716637034231,0,0,0,0,189,False,False,
86,6,1419.8869117089148,885.0828521711871,0.3532859346252525,84.33329010009766,-0.86236572265625,0,3,0,2,2,-0.3758619367053787,-0.908717995201079,0.4915654172559709,0,0,0,0,74,True,True,collision
201,7,1441.7725087875713,871.0863182992733,1.3451432389443176,73.73136901855469,5.083472728729248,0,2,0,1,1,0.017993473219322532,-0.9497983566910725,-0.8626698634026274,0,0,0,0,189,False,False,
202,0,1417.8685412791194,868.8412400830223,0.5984567689841066,89.16558837890625,8.317206382751465,0,3,0,2,2,0.19850800827268308,-0.9178571279253127,-0.535738049001982,0,0,0,0,190,False,False,
202,1,1410.9387688629213,875.3129771669826,0.5343058146949222,93.1896743774414,8.521382331848145,0,3,0,2,2,-0.03641160196495371,-0.9373987537830372,-0.7240751597138775,0,0,0,0,190,False,False,
170,2,1273.8874245064721,892.0364803213523,1.3364287921530227,239.92428588867188,12.958087921142578,0,7,0,6,6,-0.34694474796454594,-0.9172468756714587,0.5515803987041081,0,0,0,0,158,True,True,collision
202,3,1465.1733108711812,869.5724262061541,-0.060367031179493366,64.04501342773438,1.3383907079696655,0,1,0,0,0,0.1664724170080433,-0.9798054247671185,-0.7593498838200246,2,0,0,0,190,False,False,
202,4,1427.1029223116673,872.7437403086474,-0.14352736710531175,82.3152084350586,5.402123928070068,0,2,0,1,1,-0.04630840094134151,-0.9890396341038014,-0.9637573297838439,0,0,0,0,190,False,False,
202,5,1375.8963281527542,882.2105366728675,0.0047966005626867555,129.460693359375,11.697712898254395,0,4,0,3,3,-0.24810773117892748,-0.9321610297864708,-0.05458057605280353,1,0,0,0,190,False,False,
86,6,1419.8869117089148,885.0828521711871,0.3532859346252525,84.33329010009766,-0.86236572265625,0,3,0,2,2,-0.3758619367053787,-0.908717995201079,0.4915654172559709,0,0,0,0,74,True,True,collision
202,7,1440.2509195632692,871.1365630285371,1.5224185693595675,75.2536849975586,5.1045708656311035,0,2,0,1,1,0.02919777072782147,-0.9538539341340423,-0.8660803525660047,0,0,0,0,190,False,False,
203,0,1417.7920664632452,868.8302182523743,0.07726498698524253,89.2427978515625,8.313933372497559,0,3,0,2,2,0.19873633655290696,-0.9180530679588237,-0.5340240499009603,1,0,0,0,191,False,False,
203,1,1410.5046833003842,875.3125260440767,0.4340857969515337,93.6237564086914,8.5380859375,0,3,0,2,2,-0.03562058064515586,-0.93855453400046,-0.726331438755298,0,0,0,0,191,False,False,
170,2,1273.8874245064721,892.0364803213523,1.3364287921530227,239.92428588867188,12.958087921142578,0,7,0,6,6,-0.34694474796454594,-0.9172468756714587,0.5515803987041081,0,0,0,0,158,True,True,collision
203,3,1464.9190538673897,869.5888724762804,0.254788350946582,64.29981231689453,1.346006989479065,0,1,0,0,0,0.17234782559422274,-0.9804609464780731,-0.7595471285005071,0,0,0,0,191,False,False,
203,4,1427.0599768127156,872.7443138581392,0.04294932874016507,82.35818481445312,5.396100044250488,0,2,0,1,1,-0.046766854790788175,-0.9891539160461014,-0.9637573297838439,1,0,0,0,191,False,False,
203,5,1375.578296374563,882.2428462985987,0.3196687720975662,129.78045654296875,11.707993507385254,0,4,0,3,3,-0.2504718810683926,-0.9329493200322458,-0.05176220684437893,0,0,0,0,191,False,False,
86,6,1419.8869117089148,885.0828521711871,0.3532859346252525,84.33329010009766,-0.86236572265625,0,3,0,2,2,-0.3758619367053787,-0.908717995201079,0.4915654172559709,0,0,0,0,74,True,True,collision
203,7,1439.2661791244318,871.1566350090576,0.9849449813486156,76.23863220214844,5.1235198974609375,0,2,0,1,1,0.03948319827553253,-0.9564756952686883,-0.8668049694911075,0,0,0,0,191,False,False,
204,0,1417.7920664632452,868.8302182523743,0.0,89.2427978515625,8.308862686157227,0,3,0,2,2,0.19873633655290696,-0.9180530679588237,-0.5340240499009603,2,0,0,0,192,False,False,
204,1,1410.1081769836655,875.312129928199,0.3965065145813629,94.0202407836914,8.554949760437012,0,3,0,2,2,-0.03627079237390471,-0.939610135608817,-0.7283823832257178,0,0,0,0,192,False,False,
170,2,1273.8874245064721,892.0364803213523,1.3364287921530227,239.92428588867188,12.958087921142578,0,7,0,6,6,-0.34694474796454594,-0.9172468756714587,0.5515803987041081,0,0,0,0,158,True,True,collision
204,3,1464.9190538673897,869.5888724762804,0.0,64.29981231689453,1.341569423675537,0,1,0,0,0,0.17234782559422274,-0.9804609464780731,-0.7595471285005071,1,0,0,0,192,False,False,
204,4,1426.7028292079694,872.7495211239052,0.35718556408775165,82.71527862548828,5.406371593475342,0,2,0,1,1,-0.0521140412694308,-0.9901032592546994,-0.9637426936568283,0,0,0,0,192,False,False,
204,5,1374.9522692854043,882.3047600537985,0.6290812582198829,130.40948486328125,11.720850944519043,0,4,0,3,3,-0.2549839537885456,-0.9344971807557172,-0.0464253375142345,0,0,0,0,192,False,False,
86,6,1419.8869117089148,885.0828521711871,0.3532859346252525,84.33329010009766,-0.86236572265625,0,3,0,2,2,-0.3758619367053787,-0.908717995201079,0.4915654172559709,0,0,0,0,74,True,True,collision
204,7,1438.7334348785964,871.1631800726069,0.5327844492170672,76.7715072631836,5.1416521072387695,0,2,0,1,1,0.046140112290718585,-0.9578931020294718,-0.8666805767045686,0,0,0,0,192,False,False,
205,0,1417.6675447166792,868.8123659048965,0.12579495887474096,89.36857604980469,8.317298889160156,0,3,0,2,2,0.19906559256855744,-0.9183723068473888,-0.5312626529603911,0,0,0,0,193,False,False,
205,1,1409.403663321495,875.3122780463528,0.7045136777408146,94.7247085571289,8.57365894317627,0,3,0,2,2,-0.038228375690944935,-0.9414854396842796,-0.731934645576465,0,0,0,0,193,False,False,
170,2,1273.8874245064721,892.0364803213523,1.3364287921530227,239.92428588867188,12.958087921142578,0,7,0,6,6,-0.34694474796454594,-0.9172468756714587,0.5515803987041081,0,0,0,0,158,True,True,collision
205,3,1464.923241611102,869.5886014592071,-0.004196504218304277,64.30397033691406,1.3397536277770996,0,1,0,0,0,0.17222827275790847,-0.9804502807024863,-0.7595471285005071,2,0,0,0,193,False,False,
205,4,1426.4699646070035,872.7530052514658,0.23289066432109165,82.94821166992188,5.421942710876465,0,2,0,1,1,-0.055857492995385706,-0.9907221837871013,-0.9637280611030861,0,0,0,0,193,False,False,
205,5,1374.4352148047644,882.3550676710954,0.5194960946030459,130.92901611328125,11.734175682067871,0,4,0,3,3,-0.25930690992170186,-0.9357715661378063,-0.04212071534528172,0,0,0,0,193,False,False,
86,6,1419.8869117089148,885.0828521711871,0.3532859346252525,84.33329010009766,-0.86236572265625,0,3,0,2,2,-0.3758619367053787,-0.908717995201079,0.4915654172559709,0,0,0,0,74,True,True,collision
205,7,1437.8952092777358,871.1654643045036,0.8382287132122664,77.6096420288086,5.156071186065674,0,2,0,1,1,0.0551509080729444,-0.9601201930214699,-0.8655169188482785,0,0,0,0,193,False,False,
206,0,1417.6675447166792,868.8123659048965,0.0,89.36857604980469,8.31412410736084,0,3,0,2,2,0.19906559256855744,-0.9183723068473888,-0.5312626529603911,1,0,0,0,194,False,False,
206,1,1408.9738938764656,875.3127863048932,0.4297697455705146,95.1545181274414,8.59199333190918,0,3,0,2,2,-0.03962424797802113,-0.9426294168246084,-0.7340440773825756,0,0,0,0,194,False,False,
170,2,1273.8874245064721,892.0364803213523,1.3364287921530227,239.92428588867188,12.958087921142578,0,7,0,6,6,-0.34694474796454594,-0.9172468756714587,0.5515803987041081,0,0,0,0,158,True,True,collision
206,3,1464.613045753008,869.6083605771666,0.3108245375145321,64.61477661132812,1.3518675565719604,0,1,0,0,0,0.18042461640695978,-0.9812473769934742,-0.7597452307665569,0,0,0,0,194,False,False,
206,4,1425.9424419507052,872.7592406884934,0.5275595071486279,83.47583770751953,5.436803817749023,0,2,0,1,1,-0.06346477136043202,-0.9921232563028458,-0.9638817261436561,0,0,0,0,194,False,False,
206,5,1374.2187083934364,882.3763750240062,0.21755236021282812,131.14649963378906,11.741118431091309,0,4,0,3,3,-0.2623154573174917,-0.9363033335762939,-0.040282966646896456,0,0,0,0,194,False,False,
86,6,1419.8869117089148,885.0828521711871,0.3532859346252525,84.33329010009766,-0.86236572265625,0,3,0,2,2,-0.3758619367053787,-0.908717995201079,0.4915654172559709,0,0,0,0,74,True,True,collision
206,7,1437.5820000160736,871.1659555981993,0.3132096469787425,77.9228744506836,5.171517372131348,0,2,0,1,1,0.057081258236458945,-0.9609521945387317,-0.865041073203161,0,0,0,0,194,False,False,
207,0,1417.7864264225616,868.8294094234346,-0.1200972169439526,89.48856353759766,8.322683334350586,0,3,0,2,2,0.19829956364185997,-0.9180677932868383,-0.5338997571660707,0,0,0,0,195,False,False,
207,1,1408.2367373559953,875.3106355251609,0.737159658096875,95.8917007446289,8.606757164001465,0,3,0,2,2,-0.038324980747708536,-0.9445918138369819,-0.7380356808194585,0,0,0,0,195,False,False,
170,2,1273.8874245064721,892.0364803213523,1.3364287921530227,239.92428588867188,12.958087921142578,0,7,0,6,6,-0.34694474796454594,-0.9172468756714587,0.5515803987041081,0,0,0,0,158,True,True,collision
207,3,1464.3501308250138,869.6244788414143,0.26340853783542506,64.87821197509766,1.3621554374694824,0,1,0,0,0,0.18891625044976573,-0.9819202802777693,-0.7598483697241193,0,0,0,0,195,False,False,
207,4,1425.9349964878452,872.7593280975727,0.007445975929844026,83.48328399658203,5.436586380004883,0,2,0,1,1,-0.06358111703688994,-0.9921430076248506,-0.9638817261436561,1,0,0,0,195,False,False,
207,5,1374.2187083934364,882.3763750240062,0.0,131.14649963378906,11.73275375366211,0,4,0,3,3,-0.2623154573174917,-0.9363033335762939,-0.040282966646896456,1,0,0,0,195,False,False,
86,6,1419.8869117089148,885.0828521711871,0.3532859346252525,84.33329010009766,-0.86236572265625,0,3,0,2,2,-0.3758619367053787,-0.908717995201079,0.4915654172559709,0,0,0,0,74,True,True,collision
207,7,1436.964213141694,871.1669188265512,0.6177876252925982,78.5406723022461,5.189851760864258,0,2,0,1,1,0.0595974872222355,-0.9625927506055129,-0.8640969286659181,0,0,0,0,195,False,False,
208,0,1417.5916496291431,868.8012115646679,0.19680731310959182,89.68529510498047,8.333064079284668,0,3,0,2,2,0.2004382261027015,-0.9185667793412311,-0.5295413357958617,0,0,0,0,196,False,False,
208,1,1407.1981562688088,875.30598765918,1.038591487216926,96.93028259277344,8.62216854095459,0,3,0,2,2,-0.03929670373451933,-0.9473563600176105,-0.743851540275134,0,0,0,0,196,False,False,
170,2,1273.8874245064721,892.0364803213523,1.3364287921530227,239.92428588867188,12.958087921142578,0,7,0,6,6,-0.34694474796454594,-0.9172468756714587,0.5515803987041081,0,0,0,0,158,True,True,collision
208,3,1464.3501308250138,869.6244788414143,0.0,64.87821197509766,1.3547264337539673,0,1,0,0,0,0.18891625044976573,-0.9819202802777693,-0.7598483697241193,1,0,0,0,196,False,False,
208,4,1425.9349964878452,872.7593280975727,0.0,83.48328399658203,5.434358596801758,0,2,0,1,1,-0.06358111703688994,-0.9921430076248506,-0.9638817261436561,2,0,0,0,196,False,False,
208,5,1374.1100445313473,882.387104830643,0.10919232424758692,131.2557830810547,11.745196342468262,0,4,0,3,3,-0.2636935499890304,-0.9365702930127893,-0.03936077630017687,0,0,0,0,196,False,False,
86,6,1419.8869117089148,885.0828521711871,0.3532859346252525,84.33329010009766,-0.86236572265625,0,3,0,2,2,-0.3758619367053787,-0.908717995201079,0.4915654172559709,0,0,0,0,74,True,True,collision
208,7,1436.4243606697785,871.1686233887592,0.539855162951761,79.0805892944336,5.207909107208252,0,2,0,1,1,0.060921041161494334,-0.9640262031104077,-0.8633798442007148,0,0,0,0,196,False,False,
209,0,1417.2981331677279,868.7577596668551,0.296715319027081,89.98207092285156,8.346806526184082,0,3,0,2,2,0.2044283111942415,-0.919318120344181,-0.5228468799264718,0,0,0,0,197,False,False,
209,1,1406.060936233887,875.2952680248277,1.1372705563707572,98.06754302978516,8.64058780670166,0,3,0,2,2,-0.03835439532108782,-0.9503838545410926,-0.7508829701001076,0,0,0,0,197,False,False,
170,2,1273.8874245064721,892.0364803213523,1.3364287921530227,239.92428588867188,12.958087921142578,0,7,0,6,6,-0.34694474796454594,-0.9172468756714587,0.5515803987041081,0,0,0,0,158,True,True,collision
209,3,1464.3033665175083,869.6273467187918,0.046852162993081044,64.92505645751953,1.3514007329940796,0,1,0,0,0,0.19019788615092478,-0.9820396944791144,-0.7598629772649492,2,0,0,0,197,False,False,
209,4,1425.767957885825,872.761182971246,0.16704890038918735,83.65028381347656,5.448917388916016,0,2,0,1,1,-0.0669599843772984,-0.9925860310488833,-0.9639475779954063,0,0,0,0,197,False,False,
209,5,1374.1100445313473,882.387104830643,0.0,131.2557830810547,11.737131118774414,0,4,0,3,3,-0.2636935499890304,-0.9365702930127893,-0.03936077630017687,1,0,0,0,197,False,False,
86,6,1419.8869117089148,885.0828521711871,0.3532859346252525,84.33329010009766,-0.86236572265625,0,3,0,2,2,-0.3758619367053787,-0.908717995201079,0.4915654172559709,0,0,0,0,74,True,True,collision
209,7,1436.0363031403713,871.1707247209977,0.38806321872458654,79.46865844726562,5.225398063659668,0,2,0,1,1,0.06124417628024206,-0.9650563944773843,-0.8629625430636593,0,0,0,0,197,False,False,
210,0,1416.8925842489912,868.6978288373489,0.40995320441942473,90.3919906616211,8.355621337890625,0,3,0,2,2,0.20702098593513055,-0.9203547056738389,-0.5136103403322607,0,0,0,0,198,False,False,
210,1,1404.8915259166733,875.2709760324678,1.1696625970333405,99.23722839355469,8.658405303955078,0,3,0,2,2,-0.033220079175178954,-0.9534990378118182,-0.759716758925722,0,0,0,0,198,False,False,
170,2,1273.8874245064721,892.0364803213523,1.3364287921530227,239.92428588867188,12.958087921142578,0,7,0,6,6,-0.34694474796454594,-0.9172468756714587,0.5515803987041081,0,0,0,0,158,True,True,collision
210,3,1463.9430148200913,869.6493517752438,0.3610229471111284,65.28607940673828,1.3658809661865234,0,1,0,0,0,0.20095501570042196,-0.9829573692300693,-0.7599944737186042,0,0,0,0,198,False,False,
210,4,1425.767957885825,872.761182971246,0.0,83.65028381347656,5.446379661560059,0,2,0,1,1,-0.0669599843772984,-0.9925860310488833,-0.9639475779954063,1,0,0,0,198,False,False,
210,5,1374.015600867161,882.3964152533185,0.09490147351502161,131.35060119628906,11.724538803100586,0,4,0,3,3,-0.26461746914582895,-0.9368016626174919,-0.03855533193535454,2,0,0,0,198,False,False,
86,6,1419.8869117089148,885.0828521711871,0.3532859346252525,84.33329010009766,-0.86236572265625,0,3,0,2,2,-0.3758619367053787,-0.908717995201079,0.4915654172559709,0,0,0,0,74,True,True,collision
210,7,1435.8656275383557,871.1719604222252,0.17068007523100956,79.63932037353516,5.2398295402526855,0,2,0,1,1,0.060874671100902195,-0.9655094285521039,-0.862816196086597,0,0,0,0,198,False,False,
211,0,1416.7726907212495,868.6801313337655,0.12119265500613029,90.5131607055664,8.366859436035156,0,3,0,2,2,0.20774507609027068,-0.9206608431625066,-0.5108855051230446,0,0,0,0,199,False,False,
211,1,1403.6601519601293,875.2471812370721,1.2316038377427736,100.46878051757812,8.669391632080078,0,3,0,2,2,-0.03673483505869639,-0.9567781011172112,-0.7687991189280226,0,0,0,0,199,False,False,
170,2,1273.8874245064721,892.0364803213523,1.3364287921530227,239.92428588867188,12.958087921142578,0,7,0,6,6,-0.34694474796454594,-0.9172468756714587,0.5515803987041081,0,0,0,0,158,True,True,collision
211,3,1463.2745698671004,869.6900481007807,0.6696826458041755,65.95577239990234,1.380557656288147,0,1,0,0,0,0.2240733790779043,-0.9846448762002388,-0.7602145015889917,0,0,0,0,199,False,False,
211,4,1425.4530140099628,872.7633919323918,0.31495162239999996,83.9652328491211,5.463142395019531,0,2,0,1,1,-0.07255492831003998,-0.9934210650554295,-0.9642256393957886,0,0,0,0,199,False,False,
211,5,1373.836335897003,882.413829586174,0.18010882408860085,131.53076171875,11.73637866973877,0,4,0,3,3,-0.26567112107750795,-0.9372411930637842,-0.03706919331956848,0,0,0,0,199,False,False,
86,6,1419.8869117089148,885.0828521711871,0.3532859346252525,84.33329010009766,-0.86236572265625,0,3,0,2,2,-0.3758619367053787,-0.908717995201079,0.4915654172559709,0,0,0,0,74,True,True,collision
211,7,1435.5117645387045,871.1750855402915,0.35387679902056435,79.99321746826172,5.252301216125488,0,2,0,1,1,0.06154049353295616,-0.9664488778842686,-0.8625893504109493,0,0,0,0,199,False,False,
212,0,1416.517490783542,868.6429876653258,0.25788885263061845,90.7710952758789,8.376543998718262,0,3,0,2,2,0.208231844232844,-0.9213125384619277,-0.5051506589172947,0,0,0,0,200,False,False,
212,1,1402.2136470873338,875.218712674916,1.4467849895725908,101.91559600830078,8.685157775878906,0,3,0,2,2,-0.04008172703596402,-0.9606293143720299,-0.7795370049887468,0,0,0,0,200,False,False,
170,2,1273.8874245064721,892.0364803213523,1.3364287921530227,239.92428588867188,12.958087921142578,0,7,0,6,6,-0.34694474796454594,-0.9172468756714587,0.5515803987041081,0,0,0,0,158,True,True,collision
212,3,1462.3104872310087,869.7536211923763,0.966176416183201,66.9218521118164,1.393274188041687,0,1,0,0,0,0.26392353272763164,-0.9870379363795699,-0.761109192025186,0,0,0,0,200,False,False,
212,4,1424.828565728174,872.7621842351251,0.6244494496447341,84.5896224975586,5.4798784255981445,0,2,0,1,1,-0.08943639416937654,-0.9950738220831691,-0.9654332056331252,0,0,0,0,200,False,False,
212,5,1373.836335897003,882.413829586174,0.0,131.53076171875,11.724575996398926,0,4,0,3,3,-0.26567112107750795,-0.9372411930637842,-0.03706919331956848,1,0,0,0,200,False,False,
86,6,1419.8869117089148,885.0828521711871,0.3532859346252525,84.33329010009766,-0.86236572265625,0,3,0,2,2,-0.3758619367053787,-0.908717995201079,0.4915654172559709,0,0,0,0,74,True,True,collision
212,7,1435.3105736301889,871.1767400477314,0.20119771137912212,80.19439697265625,5.267914295196533,0,2,0,1,1,0.06293240684702697,-0.9669827752160676,-0.8624430177269797,0,0,0,0,200,False,False,
213,0,1416.0355793652996,868.5735797437957,0.4868840463637324,91.25800323486328,8.385649681091309,0,3,0,2,2,0.2106967025170939,-0.9225416289957709,-0.4943981367295551,0,0,0,0,201,False,False,
213,1,1400.5347470707957,875.1965039194764,1.6790469005808086,103.59457397460938,8.705061912536621,0,3,0,2,2,-0.049854605536076076,-0.9650944188537899,-0.7906849312953899,0,0,0,0,201,False,False,
170,2,1273.8874245064721,892.0364803213523,1.3364287921530227,239.92428588867188,12.958087921142578,0,7,0,6,6,-0.34694474796454594,-0.9172468756714587,0.5515803987041081,0,0,0,0,158,True,True,collision
213,3,1461.0515317479558,869.8529940807625,1.2628712837241065,68.18479919433594,1.4063469171524048,0,1,0,0,0,0.34018797165226966,-0.9900502634365018,-0.7642389362600099,0,0,0,0,201,False,False,
213,4,1423.9130675246442,872.7469455809745,0.9156250199980114,85.50527954101562,5.496610164642334,0,2,0,1,1,-0.1575581605228368,-0.9974776245924591,-0.9688292766391519,0,0,0,0,201,False,False,
213,5,1373.89196281098,882.4084521503053,-0.05588622706100993,131.58668518066406,11.718658447265625,0,4,0,3,3,-0.2647617126592321,-0.9371047962031113,-0.03753034566529945,2,0,0,0,201,False,False,
86,6,1419.8869117089148,885.0828521711871,0.3532859346252525,84.33329010009766,-0.86236572265625,0,3,0,2,2,-0.3758619367053787,-0.908717995201079,0.4915654172559709,0,0,0,0,74,True,True,collision
213,7,1435.1424273986192,871.1782046627211,0.16815261011395957,80.36249542236328,5.280615329742432,0,2,0,1,1,0.06348293968093294,-0.9674288379071064,-0.8623332467743634,0,0,0,0,201,False,False,
214,0,1415.525798672777,868.4987948496712,0.5152369696149518,91.77323150634766,8.396803855895996,0,3,0,2,2,0.21612502944750783,-0.9238384652138032,-0.4828541774079259,0,0,0,0,202,False,False,
214,1,1398.723703472749,875.2030382482814,1.8110553860879774,105.40562438964844,8.723727226257324,0,3,0,2,2,-0.07027607569300977,-0.9698985376127308,-0.7990714749545565,0,0,0,0,202,False,False,
170,2,1273.8874245064721,892.0364803213523,1.3364287921530227,239.92428588867188,12.958087921142578,0,7,0,6,6,-0.34694474796454594,-0.9172468756714587,0.5515803987041081,0,0,0,0,158,True,True,collision
214,3,1460.3237341626843,869.9144734615886,0.7303896490186227,68.91517639160156,1.414984107017517,0,1,0,0,0,0.4119885061362538,-0.9916737304346431,-0.7665405815779415,0,0,0,0,202,False,False,
214,4,1422.7005284379952,872.7015817794287,1.2133873706045124,86.7186508178711,8.716665267944336,0,3,1,2,2,0.04727785663373475,-0.9060680009024911,-0.9773671805776765,0,0,0,0,202,False,False,
214,5,1373.7734741926122,882.4200300214134,0.11905292849024805,131.70578002929688,11.72895336151123,0,4,0,3,3,-0.2667278051986538,-0.9373950334825374,-0.036534631649275395,0,0,0,0,202,False,False,
86,6,1419.8869117089148,885.0828521711871,0.3532859346252525,84.33329010009766,-0.86236572265625,0,3,0,2,2,-0.3758619367053787,-0.908717995201079,0.4915654172559709,0,0,0,0,74,True,True,collision
214,7,1434.662184361618,871.1811917164745,0.4802523264683585,80.84272766113281,5.2892279624938965,0,2,0,1,1,0.06772596484013257,-0.9687025066891137,-0.8618647334858464,0,0,0,0,202,False,False,
215,0,1414.7467105734497,868.3869181444909,0.7870798331016622,92.5602798461914,8.404510498046875,0,3,0,2,2,0.2201382646381445,-0.925816335781905,-0.4655095664813481,0,0,0,0,203,False,False,
215,1,1397.45631000683,875.2283686187992,1.2676465694840313,106.67333221435547,8.743464469909668,0,3,0,2,2,-0.09087218190907151,-0.9732485564810508,-0.8024555933617389,0,0,0,0,203,False,False,
170,2,1273.8874245064721,892.0364803213523,1.3364287921530227,239.92428588867188,12.958087921142578,0,7,0,6,6,-0.34694474796454594,-0.9172468756714587,0.5515803987041081,0,0,0,0,158,True,True,collision
215,3,1459.295534368865,870.0024606626071,1.0319576365109289,69.94712829589844,1.4206771850585938,0,1,0,0,0,0.5793682736723889,-0.9936509561395812,-0.7699131082868722,0,0,0,0,203,False,False,
215,4,1421.442796550394,872.6374596186251,1.2593653769242048,87.97809600830078,8.733778953552246,0,3,0,2,2,0.05797014604578345,-0.9094131036966078,-0.9914154282202023,0,0,0,0,203,False,False,
215,5,1373.5395254346656,882.4428858057321,0.23506256235649034,131.94078063964844,11.738309860229492,0,4,0,3,3,-0.2693326291412392,-0.9379669978152503,-0.034572590216000676,0,0,0,0,203,False,False,
86,6,1419.8869117089148,885.0828521711871,0.3532859346252525,84.33329010009766,-0.86236572265625,0,3,0,2,2,-0.3758619367053787,-0.908717995201079,0.4915654172559709,0,0,0,0,74,True,True,collision
215,7,1434.3017607673507,871.183024113605,0.36042825219983404,81.20320892333984,5.299494743347168,0,2,0,1,1,0.07061353806330115,-0.9696580552453598,-0.8614696009357059,0,0,0,0,203,False,False,
216,0,1414.05972189485,868.2906429372667,0.693701924496516,93.25399780273438,8.417512893676758,0,3,0,2,2,0.22343755962719583,-0.9275562345376334,-0.4505016475362196,0,0,0,0,204,False,False,
216,1,1396.1985818126052,875.2582139483234,1.2580822525744642,107.9313735961914,8.755812644958496,0,3,0,2,2,-0.10655559800587878,-0.9765622973703737,-0.8052462339701535,0,0,0,0,204,False,False,
170,2,1273.8874245064721,892.0364803213523,1.3364287921530227,239.92428588867188,12.958087921142578,0,7,0,6,6,-0.34694474796454594,-0.9172468756714587,0.5515803987041081,0,0,0,0,158,True,True,collision
216,3,1458.5303888946873,870.0642111801145,0.7676331956519943,70.71475219726562,1.4208322763442993,0,1,0,0,0,0.7784813787932513,-0.9946476298079319,-0.7719801181935864,0,0,0,0,204,False,False,
216,4,1419.8951105423494,872.5599717104736,1.5496245853131274,89.52764129638672,8.749505996704102,0,3,0,2,2,0.06012690084882024,-0.913527651426303,-0.9914739191291665,0,0,0,0,204,False,False,
216,5,1373.1857531077037,882.478328533453,0.3555433113874255,132.2963104248047,11.743916511535645,0,4,0,3,3,-0.2749757722569421,-0.9388292596163578,-0.03150540684831249,0,0,0,0,204,False,False,
86,6,1419.8869117089148,885.0828521711871,0.3532859346252525,84.33329010009766,-0.86236572265625,0,3,0,2,2,-0.3758619367053787,-0.908717995201079,0.4915654172559709,0,0,0,0,74,True,True,collision
216,7,1433.9983963097575,871.1849839109905,0.30337078787630356,81.50656127929688,5.314146041870117,0,2,0,1,1,0.07164386231159105,-0.9704620082735079,-0.861184225045089,0,0,0,0,204,False,False,
217,0,1413.0720227412196,868.1622912069844,0.9960039079988576,94.2499771118164,8.431474685668945,0,3,0,2,2,0.22515010066423302,-0.9300536275578216,-0.4301244996988731,0,0,0,0,205,False,False,
217,1,1395.4730374769565,875.2727361441091,0.7256896562322571,108.6571044921875,8.765671730041504,0,3,0,2,2,-0.1135165445968015,-0.978469408514419,-0.807172871412591,0,0,0,0,205,False,False,
170,2,1273.8874245064721,892.0364803213523,1.3364287921530227,239.92428588867188,12.958087921142578,0,7,0,6,6,-0.34694474796454594,-0.9172468756714587,0.5515803987041081,0,0,0,0,158,True,True,collision
217,3,1457.4935767545967,870.1360197285096,1.0392958584840075,71.75410461425781,1.418002963066101,0,1,0,0,0,1.0,-0.9948492375427976,-0.7756711378891252,0,0,0,1,205,False,False,
217,4,1418.2256687678182,872.4831673210624,1.671207573218492,91.19884490966797,8.766908645629883,0,3,0,2,2,0.06067042597128041,-0.9179649959387388,-0.9738142857575733,0,0,0,0,205,False,False,
217,5,1372.6664890918798,882.5331259631712,0.5221473704167847,132.8184814453125,11.754449844360352,0,4,0,3,3,-0.28460751520964067,-0.940087820278362,-0.02665879060081644,0,0,0,0,205,False,False,
86,6,1419.8869117089148,885.0828521711871,0.3532859346252525,84.33329010009766,-0.86236572265625,0,3,0,2,2,-0.3758619367053787,-0.908717995201079,0.4915654172559709,0,0,0,0,74,True,True,collision
217,7,1433.8396806248534,871.1861931841216,0.15872029163300141,81.6652603149414,5.330340385437012,0,2,0,1,1,0.0719338542526098,-0.970882541191597,-0.8610596178621581,0,0,0,0,205,False,False,
218,0,1412.6072429838318,868.104862738776,0.46831426610573884,94.71823120117188,8.444869995117188,0,3,0,2,2,0.22508197243988282,-0.9312264031032614,-0.4208885890007448,0,0,0,0,206,False,False,
218,1,1395.0486613583541,875.2802923536289,0.4244433841424706,109.08148956298828,8.773558616638184,0,3,0,2,2,-0.11828815510461557,-0.9795826543155363,-0.8084250035132422,0,0,0,0,206,False,False,
170,2,1273.8874245064721,892.0364803213523,1.3364287921530227,239.92428588867188,12.958087921142578,0,7,0,6,6,-0.34694474796454594,-0.9172468756714587,0.5515803987041081,0,0,0,0,158,True,True,collision
218,3,1456.9839543850376,870.1714476402825,0.5108523235609426,72.26485443115234,1.4050768613815308,0,1,0,0,0,1.0,-0.9944217301241196,-0.7790377186714559,0,0,0,2,206,False,False,
218,4,1416.5323353491797,872.4294329343586,1.694185778181474,92.89305877685547,8.78676986694336,0,3,0,2,2,0.05460056240561168,-0.9224672036568401,-0.9588136848759525,0,0,0,0,206,False,False,
218,5,1372.615686597533,882.5385038150076,0.05108634575140511,132.8695526123047,11.749526977539062,0,4,0,3,3,-0.2854417799970065,-0.9402105665632828,-0.026190548881062425,1,0,0,0,206,False,False,
86,6,1419.8869117089148,885.0828521711871,0.3532859346252525,84.33329010009766,-0.86236572265625,0,3,0,2,2,-0.3758619367053787,-0.908717995201079,0.4915654172559709,0,0,0,0,74,True,True,collision
218,7,1433.6598071248993,871.1879404694517,0.17988198629041582,81.84519958496094,5.345846652984619,0,2,0,1,1,0.0717830216254558,-0.9713593720008716,-0.8609571792661423,0,0,0,0,206,False,False,
219,0,1411.8375009538993,868.0148925417473,0.7749822120527966,95.49324798583984,8.456157684326172,0,3,0,2,2,0.22758616526709324,-0.9331662570675775,-0.4062170151151171,0,0,0,0,207,False,False,
219,1,1394.8844073094826,875.2829389905305,0.16427537020990102,109.24581909179688,8.784222602844238,0,3,0,2,2,-0.11976960647096146,-0.9800132775696584,-0.808930721722288,0,0,0,0,207,False,False,
170,2,1273.8874245064721,892.0364803213523,1.3364287921530227,239.92428588867188,12.958087921142578,0,7,0,6,6,-0.34694474796454594,-0.9172468756714587,0.5515803987041081,0,0,0,0,158,True,True,collision
219,3,1456.1694926244318,870.2320747995144,0.8167151351148637,73.08168029785156,4.622247695922852,0,2,1,1,1,-0.0038407308798977307,-0.9113416586789298,-0.7849147954435449,0,0,0,0,207,False,False,
219,4,1414.840764255082,872.3728339271239,1.6925177145326744,94.58553314208984,8.802962303161621,0,3,0,2,2,0.05913555598587992,-0.9269621454532981,-0.943468824134699,0,0,0,0,207,False,False,
219,5,1372.615686597533,882.5385038150076,0.0,132.8695526123047,11.74486255645752,0,4,0,3,3,-0.2854417799970065,-0.9402105665632828,-0.026190548881062425,2,0,0,0,207,False,False,
86,6,1419.8869117089148,885.0828521711871,0.3532859346252525,84.33329010009766,-0.86236572265625,0,3,0,2,2,-0.3758619367053787,-0.908717995201079,0.4915654172559709,0,0,0,0,74,True,True,collision
219,7,1433.6598071248993,871.1879404694517,0.0,81.84519958496094,5.346132755279541,0,2,0,1,1,0.0717830216254558,-0.9713593720008716,-0.8609571792661423,1,0,0,0,207,False,False,
220,0,1410.7683978361174,867.8964026217029,1.0756492632839276,96.56888580322266,8.472044944763184,0,3,0,2,2,0.23358381582267435,-0.9358516383785491,-0.386616725457016,0,0,0,0,208,False,False,
220,1,1394.4080300609,875.2908173377626,0.47644239034985536,109.72220611572266,8.791023254394531,0,3,0,2,2,-0.1281289855751374,-0.981259606084707,-0.8104028245209556,0,0,0,0,208,False,False,
170,2,1273.8874245064721,892.0364803213523,1.3364287921530227,239.92428588867188,12.958087921142578,0,7,0,6,6,-0.34694474796454594,-0.9172468756714587,0.5515803987041081,0,0,0,0,158,True,True,collision
220,3,1455.136014150824,870.3054462493385,1.0360796904968175,74.11772918701172,4.635730266571045,0,2,0,1,1,-0.0017132588374522584,-0.9141044438246545,-0.7919335472952151,0,0,0,0,208,False,False,
220,4,1412.8705498052966,872.2777843394888,1.9725058687497652,96.55804443359375,8.823893547058105,0,3,0,2,2,0.07383819291871355,-0.9321893514966997,-0.9221100695639108,0,0,0,0,208,False,False,
220,5,1372.3025564372451,882.572327285711,0.31495162239999996,133.18447875976562,11.751195907592773,0,4,0,3,3,-0.2907440554412599,-0.9409654678986538,-0.023174248923701568,0,0,0,0,208,False,False,
86,6,1419.8869117089148,885.0828521711871,0.3532859346252525,84.33329010009766,-0.86236572265625,0,3,0,2,2,-0.3758619367053787,-0.908717995201079,0.4915654172559709,0,0,0,0,74,True,True,collision
220,7,1433.344870615936,871.1910258826233,0.31495162239999996,82.16015625,5.357717037200928,0,2,0,1,1,0.07389057667013851,-0.9721937791880846,-0.8607888780985566,0,0,0,0,208,False,False,
221,0,1409.682377490044,867.7789238247839,1.0923559217631535,97.66128540039062,8.48719596862793,0,3,0,2,2,0.24266771721258223,-0.9385647584207664,-0.367045079156863,0,0,0,0,209,False,False,
221,1,1393.6251937301238,875.3045727035986,0.7829571705225574,110.50516510009766,8.804965019226074,0,3,0,2,2,-0.14477733044808094,-0.9832996592465696,-0.812717590898067,0,0,0,0,209,False,False,
170,2,1273.8874245064721,892.0364803213523,1.3364287921530227,239.92428588867188,12.958087921142578,0,7,0,6,6,-0.34694474796454594,-0.9172468756714587,0.5515803987041081,0,0,0,0,158,True,True,collision
221,3,1453.8077334417987,870.3947293729592,1.3312780018208723,75.448974609375,4.653007984161377,0,2,0,1,1,0.0007092462349788775,-0.9176544289441438,-0.800364771162439,0,0,0,0,209,False,False,
221,4,1410.6272533923338,872.1812957683727,2.245370535294231,98.80352783203125,8.8379487991333,0,3,0,2,2,0.07732642990703072,-0.9381370681518094,-0.8991914811909187,0,0,0,0,209,False,False,
221,5,1371.6815991580995,882.6382755429867,0.6244494496447341,133.80894470214844,11.755115509033203,0,4,0,3,3,-0.2976986088538322,-0.9424566740707537,-0.017339579757916224,0,0,0,0,209,False,False,
86,6,1419.8869117089148,885.0828521711871,0.3532859346252525,84.33329010009766,-0.86236572265625,0,3,0,2,2,-0.3758619367053787,-0.908717995201079,0.4915654172559709,0,0,0,0,74,True,True,collision
221,7,1432.987376743398,871.1948394013164,0.3575142120630539,82.5176010131836,5.3706560134887695,0,2,0,1,1,0.07593507529383632,-0.9731404076062855,-0.8606352130579866,0,0,0,0,209,False,False,
222,0,1408.527070558065,867.6519233284241,1.1622664209012652,98.82351684570312,8.501928329467773,0,3,0,2,2,0.256358766401923,-0.9414281322252728,-0.34598003334978755,0,0,0,0,210,False,False,
222,1,1392.701773691596,875.3237109603949,0.9236183413229784,111.42882537841797,8.821162223815918,0,3,0,2,2,-0.17182983034882682,-0.9856864817434138,-0.8150981626743772,0,0,0,0,210,False,False,
170,2,1273.8874245064721,892.0364803213523,1.3364287921530227,239.92428588867188,12.958087921142578,0,7,0,6,6,-0.34694474796454594,-0.9172468756714587,0.5515803987041081,0,0,0,0,158,True,True,collision
222,3,1452.3198157799488,870.4994780669747,1.491600233756528,76.9405746459961,4.673669338226318,0,2,0,1,1,-0.0013733095082841373,-0.9216320115336983,-0.8103769540230082,0,0,0,0,210,False,False,
222,4,1408.3275136536788,872.1056586939991,2.300983231700958,101.10445404052734,8.857502937316895,0,3,0,2,2,0.07867480589395655,-0.9442307024283588,-0.8784926172745404,0,0,0,0,210,False,False,
222,5,1371.5793142818027,882.6491019632193,0.10285624577110099,133.91180419921875,11.763368606567383,0,4,0,3,3,-0.2988451541172822,-0.9427014685081575,-0.016380341714688607,0,0,0,0,210,False,False,
86,6,1419.8869117089148,885.0828521711871,0.3532859346252525,84.33329010009766,-0.86236572265625,0,3,0,2,2,-0.3758619367053787,-0.908717995201079,0.4915654172559709,0,0,0,0,74,True,True,collision
222,7,1432.987376743398,871.1948394013164,0.0,82.5176010131836,5.371275901794434,0,2,0,1,1,0.07593507529383632,-0.9731404076062855,-0.8606352130579866,1,0,0,0,210,False,False,
223,0,1407.3075586531534,867.5160623319372,1.2270564357792957,100.05054473876953,8.51617431640625,0,3,0,2,2,0.2720282764549735,-0.944421697143376,-0.32352998685149803,0,0,0,0,211,False,False,
223,1,1391.4811757672378,875.3624565899546,1.2212127237944115,112.65001678466797,8.835723876953125,0,3,0,2,2,-0.23010949098516625,-0.988779013490359,-0.8166433746426583,0,0,0,0,211,False,False,
170,2,1273.8874245064721,892.0364803213523,1.3364287921530227,239.92428588867188,12.958087921142578,0,7,0,6,6,-0.34694474796454594,-0.9172468756714587,0.5515803987041081,0,0,0,0,158,True,True,collision
223,3,1450.9808347731387,870.5836400743501,1.3416234121705304,78.2822036743164,4.690032482147217,0,2,0,1,1,0.0035711905016401918,-0.9252096431907092,-0.8181715778305212,0,0,0,0,211,False,False,
223,4,1406.236005956361,872.0700558448517,2.091810701475466,103.1963119506836,8.879313468933105,0,3,0,2,2,0.07618156856963322,-0.9497730728273149,-0.8636455527956546,0,0,0,0,211,False,False,
223,5,1371.2520061378568,882.6827484785156,0.3290329908761843,134.2409210205078,11.772821426391602,0,4,0,3,3,-0.30137055972114946,-0.9434840193451969,-0.013444540455913034,0,0,0,0,211,False,False,
86,6,1419.8869117089148,885.0828521711871,0.3532859346252525,84.33329010009766,-0.86236572265625,0,3,0,2,2,-0.3758619367053787,-0.908717995201079,0.4915654172559709,0,0,0,0,74,True,True,collision
223,7,1433.066231630533,871.1940363065295,-0.07885897657392943,82.59646606445312,5.368910312652588,0,2,0,1,1,0.07565094551545239,-0.9729316082208129,-0.8606718033755254,2,0,0,0,211,False,False,
224,0,1406.219709808503,867.3855792433477,1.0956463595589978,101.14623260498047,8.527806282043457,0,3,0,2,2,0.2922234277996583,-0.9470561561244659,-0.3023911886856335,0,0,0,0,212,False,False,
224,1,1390.2383002262823,875.4117649716908,1.2438532577499353,113.89391326904297,8.8472900390625,0,3,0,2,2,-0.32828478430245317,-0.9917845877239839,-0.8170241855138247,0,0,0,0,212,False,False,
170,2,1273.8874245064721,892.0364803213523,1.3364287921530227,239.92428588867188,12.958087921142578,0,7,0,6,6,-0.34694474796454594,-0.9172468756714587,0.5515803987041081,0,0,0,0,158,True,True,collision
224,3,1450.1747000672967,870.633280527573,0.8076616485626824,79.08988189697266,4.705584526062012,0,2,0,1,1,0.004509904212600052,-0.9273634097071349,-0.8227457391432812,0,0,0,0,212,False,False,
224,4,1403.874485675084,872.0744952897995,2.361524454151078,105.55776977539062,8.902191162109375,0,3,0,2,2,0.07332102110928215,-0.9560337833015802,-0.8522264722257192,0,0,0,0,212,False,False,
224,5,1370.8185608894776,882.7257687368565,0.4355749372614956,134.67640686035156,11.782793045043945,0,4,0,3,3,-0.3051698239223103,-0.944516928765664,-0.009725477712323016,0,0,0,0,212,False,False,
86,6,1419.8869117089148,885.0828521711871,0.3532859346252525,84.33329010009766,-0.86236572265625,0,3,0,2,2,-0.3758619367053787,-0.908717995201079,0.4915654172559709,0,0,0,0,74,True,True,collision
224,7,1433.2816815695915,871.1919635610483,-0.215459909296796,82.81192779541016,5.377872467041016,0,2,0,1,1,0.07443368263558531,-0.9723610423320026,-0.8607888780985566,0,0,0,0,212,False,False,
225,0,1404.8408514054015,867.2135308071043,1.38955070444271,102.53583526611328,8.538890838623047,0,3,0,2,2,0.31650837774848367,-0.9503426411867687,-0.2747991734704647,0,0,0,0,213,False,False,
225,1,1389.2708027152755,875.450137227978,0.9682581597159975,114.8622055053711,8.855598449707031,0,3,0,2,2,-0.46207280973605597,-0.9938966227771768,-0.8173245834449624,0,0,0,0,213,False,False,
170,2,1273.8874245064721,892.0364803213523,1.3364287921530227,239.92428588867188,12.958087921142578,0,7,0,6,6,-0.34694474796454594,-0.9172468756714587,0.5515803987041081,0,0,0,0,158,True,True,collision
225,3,1449.8920872490082,870.6506488365134,0.2831460104194731,79.37300872802734,4.723838806152344,0,2,0,1,1,0.004636345172232205,-0.9281183863195076,-0.8243413199705494,0,0,0,0,213,False,False,
225,4,1402.068832557591,872.0835837358549,1.805675989917436,107.36345672607422,8.921008110046387,0,3,0,2,2,0.0800610779995092,-0.960815052748695,-0.8441695701655357,0,0,0,0,213,False,False,
225,5,1370.2273793525715,882.7828938330829,0.5939350858449293,135.2703399658203,11.794572830200195,0,4,0,3,3,-0.31207206737773907,-0.9459192605121416,-0.004849932245022948,0,0,0,0,213,False,False,
86,6,1419.8869117089148,885.0828521711871,0.3532859346252525,84.33329010009766,-0.86236572265625,0,3,0,2,2,-0.3758619367053787,-0.908717995201079,0.4915654172559709,0,0,0,0,74,True,True,collision
225,7,1433.6314801544108,871.1879563767477,-0.34982153659772697,83.16168212890625,5.383951663970947,0,2,0,1,1,0.0708799419480338,-0.9714343256855853,-0.8609059671146808,0,0,0,0,213,False,False,
226,0,1403.17803627997,866.9972753574048,1.6768185831772164,104.21267700195312,8.552414894104004,0,3,0,2,2,0.34976013473255485,-0.9542111147865346,-0.24048345871806054,0,0,0,0,214,False,False,
226,1,1388.3153981071478,875.4860695546,0.956080068471474,115.81820678710938,12.075166702270508,0,4,1,3,3,-0.032336669713127875,-0.9018169640100877,-0.8178522415514387,0,0,0,0,214,False,False,
170,2,1273.8874245064721,892.0364803213523,1.3364287921530227,239.92428588867188,12.958087921142578,0,7,0,6,6,-0.34694474796454594,-0.9172468756714587,0.5515803987041081,0,0,0,0,158,True,True,collision
226,3,1449.8920872490082,870.6506488365134,0.0,79.37300872802734,4.725292205810547,0,2,0,1,1,0.004636345172232205,-0.9281183863195076,-0.8243413199705494,1,0,0,0,214,False,False,
226,4,1399.9861073767556,872.1045738856634,2.082830949759096,109.44632720947266,8.941300392150879,0,3,0,2,2,0.08949386620409175,-0.9663223107944362,-0.8361412971702078,0,0,0,0,214,False,False,
226,5,1369.5222237466432,882.8492318587927,0.708269131211448,135.97865295410156,11.80707836151123,0,4,0,3,3,-0.3212107464790645,-0.9475804334056904,0.0007579912967643487,0,0,0,0,214,False,False,
86,6,1419.8869117089148,885.0828521711871,0.3532859346252525,84.33329010009766,-0.86236572265625,0,3,0,2,2,-0.3758619367053787,-0.908717995201079,0.4915654172559709,0,0,0,0,74,True,True,collision
226,7,1433.740043446526,871.1865909941266,-0.10857187787174821,83.27021026611328,5.396794319152832,0,2,0,1,1,0.06946264032848369,-0.9711466604335265,-0.860935225075619,0,0,0,0,214,False,False,
227,0,1401.449734894537,866.7641330058573,1.743955571387823,105.95659637451172,8.565921783447266,0,3,0,2,2,0.38998690564041755,-0.9580941411042232,-0.2038097266897666,0,0,0,0,215,False,False,
227,1,1387.0741306184302,875.5199810749435,1.2417306349441875,117.06000518798828,12.092521667480469,0,4,0,3,3,-0.026692480669558132,-0.9051256096313198,-0.8192472902868829,0,0,0,0,215,False,False,
170,2,1273.8874245064721,892.0364803213523,1.3364287921530227,239.92428588867188,12.958087921142578,0,7,0,6,6,-0.34694474796454594,-0.9172468756714587,0.5515803987041081,0,0,0,0,158,True,True,collision
227,3,1449.5992831555325,870.6689158694015,0.29337334856237524,79.66642761230469,4.742894172668457,0,2,0,1,1,0.004089891696809408,-0.9289008205369659,-0.8260391535836271,0,0,0,0,215,False,False,
227,4,1397.8746357488965,872.1115813637284,2.111483255913431,111.55779266357422,8.960330963134766,0,3,0,2,2,0.1125120672909361,-0.9718797268146522,-0.826297286839389,0,0,0,0,215,False,False,
227,5,1368.8821412090315,882.9056180409239,0.6425613250816712,136.62115478515625,11.81555461883545,0,4,0,3,3,-0.3276770276801674,-0.9490785291454403,0.005384493915316035,0,0,0,0,215,False,False,
86,6,1419.8869117089148,885.0828521711871,0.3532859346252525,84.33329010009766,-0.86236572265625,0,3,0,2,2,-0.3758619367053787,-0.908717995201079,0.4915654172559709,0,0,0,0,74,True,True,collision
227,7,1433.9041538708427,871.1843185622643,-0.16412615670868266,83.43441009521484,5.406148433685303,0,2,0,1,1,0.06762892171448918,-0.9707113035630838,-0.8609425431391268,0,0,0,0,215,False,False,
228,0,1400.2601976246467,866.5917522287978,1.2019625820954092,107.15848541259766,8.575177192687988,0,3,0,2,2,0.42648756068438415,-0.96065365570053,-0.1771334985157481,0,0,0,0,216,False,False,
228,1,1385.5419523560295,875.5453773001785,1.532388722233977,118.59232330322266,12.110898971557617,0,4,0,3,3,-0.020748869721147558,-0.9092097063334704,-0.8213044808388513,0,0,0,0,216,False,False,
170,2,1273.8874245064721,892.0364803213523,1.3364287921530227,239.92428588867188,12.958087921142578,0,7,0,6,6,-0.34694474796454594,-0.9172468756714587,0.5515803987041081,0,0,0,0,158,True,True,collision
228,3,1449.0344266383815,870.7070364193482,0.56614137924729,80.23252868652344,4.756689548492432,0,2,0,1,1,0.000875747768222368,-0.930410424228865,-0.8296327944379973,0,0,0,0,216,False,False,
228,4,1395.8257767556427,872.133363707287,2.048974778938959,113.60673522949219,8.976800918579102,0,3,0,2,2,0.13363983292657305,-0.9772466945109364,-0.8185334503537426,0,0,0,0,216,False,False,
228,5,1367.939122922867,882.9790829432754,0.945875562597008,137.56712341308594,11.826101303100586,0,4,0,3,3,-0.3371687802948069,-0.9512715237508613,0.011043643901657685,0,0,0,0,216,False,False,
86,6,1419.8869117089148,885.0828521711871,0.3532859346252525,84.33329010009766,-0.86236572265625,0,3,0,2,2,-0.3758619367053787,-0.908717995201079,0.4915654172559709,0,0,0,0,74,True,True,collision
228,7,1434.203467906262,871.1803822693346,-0.2993399174868515,83.73374938964844,5.409916877746582,0,2,0,1,1,0.0662707484373944,-0.9699174861592493,-0.8609791334566655,0,0,0,0,216,False,False,
229,0,1398.9163805084552,866.3743117672159,1.3612952641151668,108.51982879638672,8.584636688232422,0,3,0,2,2,0.47702826805725385,-0.9633894112879025,-0.14428985797582594,0,0,0,0,217,False,False,
229,1,1384.0129145792405,875.5510937716052,1.5290484625719318,120.12138366699219,12.132547378540039,0,4,0,3,3,-0.013169577405920386,-0.9132863746446576,-0.8257041949541266,0,0,0,0,217,False,False,
170,2,1273.8874245064721,892.0364803213523,1.3364287921530227,239.92428588867188,12.958087921142578,0,7,0,6,6,-0.34694474796454594,-0.9172468756714587,0.5515803987041081,0,0,0,0,158,True,True,collision
229,3,1448.3089043862672,870.762735898013,0.7276571790592963,80.96012878417969,4.774136543273926,0,2,0,1,1,-0.00514854913122949,-0.9323506310549556,-0.8350706015894148,0,0,0,0,217,False,False,
229,4,1393.5809608222619,872.1463820410642,2.2448536815958477,115.85164642333984,8.992584228515625,0,3,0,2,2,0.18467123484770126,-0.9830475248977996,-0.8087253871512872,0,0,0,0,217,False,False,
229,5,1366.7662814613598,883.0514061518404,1.1750692491627104,138.74220275878906,11.837116241455078,0,4,0,3,3,-0.3481752896558204,-0.9539752454216399,0.015809532761083656,0,0,0,0,217,False,False,
86,6,1419.8869117089148,885.0828521711871,0.3532859346252525,84.33329010009766,-0.86236572265625,0,3,0,2,2,-0.3758619367053787,-0.908717995201079,0.4915654172559709,0,0,0,0,74,True,True,collision
229,7,1434.5590552872243,871.1764741057239,-0.3556088570922536,84.08936309814453,5.415122032165527,0,2,0,1,1,0.06558203130291847,-0.9689743727401703,-0.8611181623702202,0,1,0,0,217,False,False,
230,0,1398.100055636804,866.2421186607709,0.8269590760540211,109.34674835205078,8.58446216583252,0,3,0,2,2,0.5044184088553549,-0.9649714608180242,-0.12432275038439844,0,0,0,0,218,False,False,
230,1,1383.0215073580619,875.5426616115793,0.9914430793182174,121.11287689208984,12.15139102935791,0,4,0,3,3,-0.005544279644730447,-0.9159302528311417,-0.8300165353931852,0,0,0,0,218,False,False,
170,2,1273.8874245064721,892.0364803213523,1.3364287921530227,239.92428588867188,12.958087921142578,0,7,0,6,6,-0.34694474796454594,-0.9172468756714587,0.5515803987041081,0,0,0,0,158,True,True,collision
230,3,1447.6319656213843,870.8199518205349,0.6793524513762886,81.63954162597656,4.786487579345703,0,2,0,1,1,-0.01032620462762092,-0.9341621690234275,-0.8407720448373177,0,0,0,0,218,False,False,
230,4,1391.7394294830535,872.1636412232178,1.8416122156021828,117.69328308105469,9.006522178649902,0,3,0,2,2,0.2542639736880397,-0.9876799488395027,-0.8014739866282972,0,0,0,0,218,False,False,
230,5,1365.30114830651,883.1296609517049,1.4672215153622408,140.20938110351562,11.84488582611084,0,4,0,3,3,-0.3728642047283251,-0.957286467724408,0.02031208567897269,0,0,0,0,218,False,False,
86,6,1419.8869117089148,885.0828521711871,0.3532859346252525,84.33329010009766,-0.86236572265625,0,3,0,2,2,-0.3758619367053787,-0.908717995201079,0.4915654172559709,0,0,0,0,74,True,True,collision
230,7,1434.9370897497386,871.1738700667821,-0.37804343119173395,84.46742248535156,5.421060085296631,0,2,0,1,1,0.06604887140535551,-0.9679718198461941,-0.8614622828721982,0,2,0,0,218,False,False,
231,0,1397.8017148338245,866.1944429628093,0.30212614401692944,109.64887237548828,8.590929985046387,0,3,0,2,2,0.5136679619821406,-0.9655336350941172,-0.11710056494306831,0,0,0,0,219,False,False,
231,1,1382.2845305084293,875.5295106233842,0.7370941767406017,121.84992980957031,12.169927597045898,0,4,0,3,3,0.00040921156807169405,-0.9178957332878526,-0.8340427709938948,0,0,0,0,219,False,False,
170,2,1273.8874245064721,892.0364803213523,1.3364287921530227,239.92428588867188,12.958087921142578,0,7,0,6,6,-0.34694474796454594,-0.9172468756714587,0.5515803987041081,0,0,0,0,158,True,True,collision
231,3,1447.4756524318168,870.8335156031678,0.15690057180285008,81.79637908935547,4.803337097167969,0,2,0,1,1,-0.011824038511596769,-0.9345803281911426,-0.8421259723448093,0,0,0,0,219,False,False,
231,4,1390.4419882853047,872.180552155914,1.2975514021651078,118.99075317382812,9.01962947845459,0,3,0,2,2,0.3443056801997317,-0.9907755343179854,-0.7969327994806005,0,0,0,0,219,False,False,
231,5,1364.1240650013833,883.1971445520422,1.179016176107072,141.38844299316406,11.854639053344727,0,4,0,3,3,-0.40308970604573724,-0.9598616499076437,0.02447766464127832,0,0,0,0,219,False,False,
86,6,1419.8869117089148,885.0828521711871,0.3532859346252525,84.33329010009766,-0.86236572265625,0,3,0,2,2,-0.3758619367053787,-0.908717995201079,0.4915654172559709,0,0,0,0,74,True,True,collision
231,7,1435.3738332702815,871.1724933810202,-0.43674569030478644,84.90406799316406,5.4245524406433105,0,2,0,1,1,0.06603246245910176,-0.966813902859625,-0.8620403527169397,0,3,0,0,219,False,False,
232,0,1397.2033801766504,866.0977823727673,0.6060920983175817,110.25502014160156,8.592281341552734,0,3,0,2,2,0.5370607373302556,-0.9666293030574793,-0.10248816446158548,0,0,0,0,220,False,False,
232,1,1381.4528401970683,875.5141818213425,0.8318315611851476,122.6817398071289,12.18551254272461,0,4,0,3,3,0.0008052397103913083,-0.9201138840624424,-0.8386550233989364,0,0,0,0,220,False,False,
170,2,1273.8874245064721,892.0364803213523,1.3364287921530227,239.92428588867188,12.958087921142578,0,7,0,6,6,-0.34694474796454594,-0.9172468756714587,0.5515803987041081,0,0,0,0,158,True,True,collision
232,3,1447.3917510419599,870.8409104296043,0.084226638766655,81.88068389892578,4.804187774658203,0,2,0,1,1,-0.012729101303469293,-0.9348051068676458,-0.8428652253969278,1,0,0,0,220,False,False,
232,4,1389.5220892144685,872.1945765808257,0.9200059700998237,119.91078186035156,9.0297269821167,0,3,0,2,2,0.4542946048069344,-0.9927712139995734,-0.7939593788016054,0,0,0,0,220,False,False,
232,5,1362.6550425279295,883.2749329128391,1.4710805744717652,142.8594970703125,11.86078929901123,0,4,0,3,3,-0.43999649652187145,-0.9629621505268998,0.02891389760862828,0,0,0,0,220,False,False,
86,6,1419.8869117089148,885.0828521711871,0.3532859346252525,84.33329010009766,-0.86236572265625,0,3,0,2,2,-0.3758619367053787,-0.908717995201079,0.4915654172559709,0,0,0,0,74,True,True,collision
232,7,1435.8865759996922,871.1703893819546,-0.5127470461891515,85.4168930053711,5.424918174743652,0,2,0,1,1,0.06284009510754629,-0.9654533170577642,-0.8626698634026274,0,4,0,0,220,False,False,
233,0,1396.4256579840726,865.9716529547903,0.7878835186163587,111.04288482666016,8.596399307250977,0,3,0,2,2,0.5686910051740729,-0.9679865229677483,-0.08344416197481608,0,0,0,0,221,False,False,
233,1,1380.4812018743944,875.4892886686716,0.9719571488179435,123.65373992919922,12.199831008911133,0,4,0,3,3,0.005558814116413499,-0.9227057821084778,-0.8448705463151663,0,0,0,0,221,False,False,
170,2,1273.8874245064721,892.0364803213523,1.3364287921530227,239.92428588867188,12.958087921142578,0,7,0,6,6,-0.34694474796454594,-0.9172468756714587,0.5515803987041081,0,0,0,0,158,True,True,collision
233,3,1447.3917510419599,870.8409104296043,0.0,81.88068389892578,4.805988311767578,0,2,0,1,1,-0.012729101303469293,-0.9348051068676458,-0.8428652253969278,2,0,0,0,221,False,False,
233,4,1388.7573165240601,872.2112011742394,0.76495336138915,120.67573547363281,9.03409194946289,0,3,0,2,2,0.596134396697519,-0.9941693619551629,-0.7920766068609361,0,0,0,0,221,False,False,
233,5,1361.032636158519,883.3742291999703,1.6254421491219877,144.48497009277344,11.861991882324219,0,4,0,3,3,-0.4977890922840882,-0.9661640390948992,0.03540742117959628,0,0,0,0,221,False,False,
86,6,1419.8869117089148,885.0828521711871,0.3532859346252525,84.33329010009766,-0.86236572265625,0,3,0,2,2,-0.3758619367053787,-0.908717995201079,0.4915654172559709,0,0,0,0,74,True,True,collision
233,7,1436.2911622452402,871.1673950879969,-0.404597325600284,85.82144165039062,5.430148124694824,0,2,0,1,1,0.0589039793274013,-0.9643792707341012,-0.8630064514447058,0,5,0,0,221,False,False,
234,0,1396.0728857599258,865.9134737305396,0.35753750050003175,111.40044403076172,8.598464965820312,0,3,0,2,2,0.5854755836956479,-0.9685733068968989,-0.07468409692180522,0,0,0,0,222,False,False,
234,1,1379.5905385108213,875.46844948693,0.8909071212572772,124.54460906982422,12.212667465209961,0,4,0,3,3,0.0042770803880785024,-0.9250813817427649,-0.8503317798456643,0,0,0,0,222,False,False,
170,2,1273.8874245064721,892.0364803213523,1.3364287921530227,239.92428588867188,12.958087921142578,0,7,0,6,6,-0.34694474796454594,-0.9172468756714587,0.5515803987041081,0,0,0,0,158,True,True,collision
234,3,1447.4118636300063,870.8391411355608,-0.02019026001161941,81.9009017944336,4.803433895111084,0,2,0,1,1,-0.012612823742344719,-0.9347511994271963,-0.8426893917694426,3,0,0,0,222,False,False,
234,4,1388.5162422935657,872.2165482132466,0.2411335220051584,120.91688537597656,9.034850120544434,0,3,0,2,2,0.6561581929816157,-0.9945262365161115,-0.791498365499081,0,0,0,0,222,False,False,
234,5,1359.5196972373708,883.4749586854203,1.5162884317846677,146.0012664794922,11.86373233795166,0,4,0,3,3,-0.5598918119996079,-0.9688855816990559,0.04245048558209996,0,0,0,0,222,False,False,
86,6,1419.8869117089148,885.0828521711871,0.3532859346252525,84.33329010009766,-0.86236572265625,0,3,0,2,2,-0.3758619367053787,-0.908717995201079,0.4915654172559709,0,0,0,0,74,True,True,collision
234,7,1436.7833566037368,871.160801010253,-0.49223852794882306,86.31367492675781,5.434693336486816,0,2,0,1,1,0.05313124835239162,-0.963071390332559,-0.8630576635961673,0,6,0,0,222,False,False,
235,0,1395.996407924436,865.9008025837717,0.07752043138183047,111.47789764404297,8.587624549865723,0,3,0,2,2,0.5892911536965452,-0.968697992053046,-0.07278734633638873,1,0,0,0,223,False,False,
235,1,1378.4014746532253,875.4513416721774,1.189186921710331,125.73381805419922,12.232912063598633,0,4,0,3,3,-0.001521426987908588,-0.928252598871053,-0.8563420539494503,0,0,0,0,223,False,False,
170,2,1273.8874245064721,892.0364803213523,1.3364287921530227,239.92428588867188,12.958087921142578,0,7,0,6,6,-0.34694474796454594,-0.9172468756714587,0.5515803987041081,0,0,0,0,158,True,True,collision
235,3,1447.56897756817,870.8252689411787,-0.15772516394762667,82.0586166381836,4.815161228179932,0,2,0,1,1,-0.012736065588163115,-0.9343307119453411,-0.8412989025305978,0,0,0,0,223,False,False,
235,4,1388.3047419843385,872.2212268434253,0.21155205123917725,121.12848663330078,9.03795337677002,0,3,0,2,2,0.7154582304901212,-0.9947938737968193,-0.7909926329969426,0,0,0,0,223,False,False,
235,5,1358.5429395687636,883.5402362204652,0.9789365146753413,146.98013305664062,11.868919372558594,0,4,0,3,3,-0.6034627353997115,-0.9704807343070261,0.04701844369258956,0,0,0,0,223,False,False,
86,6,1419.8869117089148,885.0828521711871,0.3532859346252525,84.33329010009766,-0.86236572265625,0,3,0,2,2,-0.3758619367053787,-0.908717995201079,0.4915654172559709,0,0,0,0,74,True,True,collision
235,7,1437.2290073202228,871.1541782099943,-0.44569992437475203,86.75940704345703,5.432633399963379,0,2,0,1,1,0.050574868924624636,-0.9618866441494636,-0.8630210875717212,0,7,0,0,223,False,False,
236,0,1395.996407924436,865.9008025837717,0.0,111.47789764404297,8.570716857910156,0,3,0,2,2,0.5892911536965452,-0.968697992053046,-0.07278734633638873,2,0,0,0,224,False,False,
236,1,1376.9204566259398,875.4557362392653,1.4810245471849668,127.21490478515625,12.25416374206543,0,4,0,3,3,-0.013301418622105151,-0.9322013459259435,-0.8607495006279242,0,0,0,0,224,False,False,
170,2,1273.8874245064721,892.0364803213523,1.3364287921530227,239.92428588867188,12.958087921142578,0,7,0,6,6,-0.34694474796454594,-0.9172468756714587,0.5515803987041081,0,0,0,0,158,True,True,collision
236,3,1447.7067023871116,870.8129499078735,-0.1382746698930734,82.19686126708984,4.825873851776123,0,2,0,1,1,-0.01338877061914319,-0.9339621381688403,-0.8400547459757226,0,0,0,0,224,False,False,
236,4,1388.3047419843385,872.2212268434253,0.0,121.12848663330078,9.025378227233887,0,3,0,2,2,0.7154582304901212,-0.9947938737968193,-0.7909926329969426,1,0,0,0,224,False,False,
236,5,1357.2712387530084,883.6367768303159,1.2753599704172167,148.25552368164062,11.86792278289795,0,4,0,3,3,-0.6732194520126591,-0.9722998687335446,0.05435400194591877,0,0,0,0,224,False,False,
86,6,1419.8869117089148,885.0828521711871,0.3532859346252525,84.33329010009766,-0.86236572265625,0,3,0,2,2,-0.3758619367053787,-0.908717995201079,0.4915654172559709,0,0,0,0,74,True,True,collision
236,7,1437.795897436853,871.1460042463528,-0.5669490435786508,87.32636260986328,5.4362664222717285,0,2,0,1,1,0.04891784769671814,-0.9603794049379182,-0.8630137695082135,0,8,0,0,224,False,False,
237,0,1396.1323942450733,865.9234083583652,-0.13785245897500004,111.6157455444336,8.569270133972168,0,3,0,2,2,0.5836997767589903,-0.9684756932106003,-0.0761781253248105,0,0,0,0,225,False,False,
237,1,1375.5969342166868,875.4635034326739,1.3235452002438113,128.5384063720703,12.270228385925293,0,4,0,3,3,-0.01597979227492235,-0.9357296503885874,-0.864226681362253,0,0,0,0,225,False,False,
170,2,1273.8874245064721,892.0364803213523,1.3364287921530227,239.92428588867188,12.958087921142578,0,7,0,6,6,-0.34694474796454594,-0.9172468756714587,0.5515803987041081,0,0,0,0,158,True,True,collision
237,3,1447.8345141666375,870.8014391132755,-0.12832906676918623,82.32518005371094,4.833702564239502,0,2,0,1,1,-0.013706301245708928,-0.9336200246923503,-0.8388984061829403,0,0,0,0,225,False,False,
237,4,1388.3976094678462,872.2192401776254,-0.09288873093152517,121.22140502929688,9.009137153625488,0,3,0,2,2,0.6891594936068142,-0.9946821775184003,-0.7912199217584666,2,0,0,0,225,False,False,
237,5,1355.70999847087,883.748827801058,1.5652560936205178,149.82081604003906,15.076469421386719,0,5,1,4,4,-0.16055821231457357,-0.8923569129203718,0.06259013938967128,0,0,0,0,225,False,False,
86,6,1419.8869117089148,885.0828521711871,0.3532859346252525,84.33329010009766,-0.86236572265625,0,3,0,2,2,-0.3758619367053787,-0.908717995201079,0.4915654172559709,0,0,0,0,74,True,True,collision
237,7,1438.246667856546,871.138885734534,-0.4508266235269718,87.7772216796875,5.440303325653076,0,2,0,1,1,0.04662865706120145,-0.9591804373197251,-0.8629332708096282,0,9,0,0,225,False,False,
238,0,1396.3889641120227,865.9657452600151,-0.2600394390620582,111.87568664550781,8.56360149383545,0,3,0,2,2,0.5719871127173216,-0.9680487202081477,-0.08255090084790062,0,0,0,0,226,False,False,
238,1,1374.1770353677284,875.4756456979451,1.4199507653012318,129.9583740234375,12.290018081665039,0,4,0,3,3,-0.01879497520599216,-0.9395146940819724,-0.8674921242200117,0,0,0,0,226,False,False,
170,2,1273.8874245064721,892.0364803213523,1.3364287921530227,239.92428588867188,12.958087921142578,0,7,0,6,6,-0.34694474796454594,-0.9172468756714587,0.5515803987041081,0,0,0,0,158,True,True,collision
238,3,1447.824459039388,870.8023451002118,0.010095860356103199,82.3352279663086,4.828202247619629,0,2,0,1,1,-0.013738384675537278,-0.9336468217740702,-0.8389935267154485,1,0,0,0,226,False,False,
238,4,1388.6079945802533,872.2149723482863,-0.21042839611084643,121.43190002441406,9.005918502807617,0,3,0,2,2,0.6334285471092673,-0.9943974085756259,-0.7917762089297984,0,0,0,0,226,False,False,
238,5,1353.8647612495097,883.8561626041546,1.8483563409280888,151.6691436767578,15.093128204345703,0,5,0,4,4,-0.15914665636305597,-0.8971395147433332,0.06931075161886424,0,0,0,0,226,False,False,
86,6,1419.8869117089148,885.0828521711871,0.3532859346252525,84.33329010009766,-0.86236572265625,0,3,0,2,2,-0.3758619367053787,-0.908717995201079,0.4915654172559709,0,0,0,0,74,True,True,collision
238,7,1438.3754728677104,871.1367504346778,-0.12882270920338723,87.90602111816406,5.45413875579834,0,2,0,1,1,0.04574395076373984,-0.9588378590997545,-0.86290401284869,0,0,0,0,226,False,False,
239,0,1396.7691690764145,866.0291108914874,-0.38544911233538376,112.26117706298828,8.5530424118042,0,3,0,2,2,0.5572829262592411,-0.9673998011926493,-0.09206524099355062,0,1,0,0,227,False,False,
239,1,1373.248104338227,875.4878590928926,0.9290113156398617,130.8874053955078,12.309056282043457,0,4,0,3,3,-0.02264797743281027,-0.9419906187261207,-0.8691246383990455,0,0,0,0,227,False,False,
170,2,1273.8874245064721,892.0364803213523,1.3364287921530227,239.92428588867188,12.958087921142578,0,7,0,6,6,-0.34694474796454594,-0.9172468756714587,0.5515803987041081,0,0,0,0,158,True,True,collision
239,3,1447.824459039388,870.8023451002118,0.0,82.3352279663086,4.821877479553223,0,2,0,1,1,-0.013738384675537278,-0.9336468217740702,-0.8389935267154485,2,0,0,0,227,False,False,
239,4,1388.5001169845232,872.2171168375473,0.10789890868175837,121.53983306884766,9.005860328674316,0,3,0,2,2,0.6618976950758837,-0.99454865936792,-0.7914837436651583,0,0,0,0,227,False,False,
239,5,1351.7433761110935,883.9697993338973,2.1244265607074655,153.79351806640625,15.108492851257324,0,5,0,4,4,-0.16522488909502928,-0.9026250698299056,0.07574115689207783,0,0,0,0,227,False,False,
86,6,1419.8869117089148,885.0828521711871,0.3532859346252525,84.33329010009766,-0.86236572265625,0,3,0,2,2,-0.3758619367053787,-0.908717995201079,0.4915654172559709,0,0,0,0,74,True,True,collision
239,7,1438.6400490324222,871.1322121974569,-0.264615083717124,88.17058563232422,5.462732315063477,0,2,0,1,1,0.04461552497908927,-0.9581341036872505,-0.8628015599595814,0,0,0,0,227,False,False,
240,0,1397.1695986321795,866.0974573554222,-0.40622046755724833,112.6673583984375,8.550824165344238,0,3,0,2,2,0.5438196886085519,-0.9666986566899644,-0.1022834302004818,0,2,0,0,228,True,False,max_steps
240,1,1372.6137984552959,875.4974055979392,0.634377717830266,131.52175903320312,12.326898574829102,0,4,0,3,3,-0.024574637678486194,-0.9436809945671728,-0.8700983839314536,0,0,0,0,228,True,False,max_steps
170,2,1273.8874245064721,892.0364803213523,1.3364287921530227,239.92428588867188,12.958087921142578,0,7,0,6,6,-0.34694474796454594,-0.9172468756714587,0.5515803987041081,0,0,0,0,158,True,True,collision
240,3,1447.8955865015512,870.7959303212705,-0.07141614147120932,82.40668487548828,4.822957515716553,0,2,0,1,1,-0.01375288251751196,-0.9334563192345122,-0.838349394195838,3,0,0,0,228,True,False,max_steps
240,4,1388.5001169845232,872.2171168375473,0.0,121.53983306884766,8.98855972290039,0,3,0,2,2,0.6618976950758837,-0.99454865936792,-0.7914837436651583,1,0,0,0,228,True,False,max_steps
240,5,1350.1705502245768,884.0335245971295,1.5741163166904162,155.36769104003906,15.120619773864746,0,5,0,4,4,-0.1639238003420562,-0.90669032604772,0.07541881906350967,0,0,0,0,228,True,False,max_steps
86,6,1419.8869117089148,885.0828521711871,0.3532859346252525,84.33329010009766,-0.86236572265625,0,3,0,2,2,-0.3758619367053787,-0.908717995201079,0.4915654172559709,0,0,0,0,74,True,True,collision
240,7,1438.5855099320956,871.1331228298031,0.05454670215246255,88.22515869140625,5.461242198944092,0,2,0,1,1,0.04506205890273331,-0.9582792696654105,-0.8628235141501047,1,0,0,0,228,True,False,max_steps
