step,car_index,x,y,heading_deg,speed,speed_kph,distance_travelled,lap_count,next_goal_idx,current_checkpoint_index,progress_delta,positive_progress_total,time_since_last_checkpoint,throttle,brake,steering,minimum_wall_distance_ratio,heading_error_norm,goal_distance_norm,lateral_offset_norm,no_progress_steps,reverse_speed_steps,reverse_progress_events,heading_away_steps,wall_hugging_steps,moving,alive,termination_reason
1,0,1500.9993896484375,870.0,-177.33700561523438,0.047703810036182404,0.17173370718955994,0.0006208437262102962,0,1,0,0,0,1,0.17924782633781433,0.0,-0.009286186657845974,0.018783658742904663,3.3908420959960495e-07,-0.8852109909057617,-0.9401547312736511,1,0,0,0,0,False,True,active
1,1,1500.9993896484375,870.0,-177.33700561523438,0.047703810036182404,0.17173370718955994,0.0006208437262102962,0,1,0,0,0,1,0.17924782633781433,0.0,-0.009286186657845974,0.018783658742904663,3.3908420959960495e-07,-0.8852109909057617,-0.9401547312736511,1,0,0,0,0,False,True,active
1,2,1500.9993896484375,870.0,-177.33700561523438,0.047703810036182404,0.17173370718955994,0.0006208437262102962,0,1,0,0,0,1,0.17924782633781433,0.0,-0.009286186657845974,0.018783658742904663,3.3908420959960495e-07,-0.8852109909057617,-0.9401547312736511,1,0,0,0,0,False,True,active
1,3,1500.9993896484375,870.0,-177.33700561523438,0.047703810036182404,0.17173370718955994,0.0006208437262102962,0,1,0,0,0,1,0.17924782633781433,0.0,-0.009286186657845974,0.018783658742904663,3.3908420959960495e-07,-0.8852109909057617,-0.9401547312736511,1,0,0,0,0,False,True,active
1,4,1500.9993896484375,870.0,-177.33700561523438,0.047703810036182404,0.17173370718955994,0.0006208437262102962,0,1,0,0,0,1,0.17924782633781433,0.0,-0.009286186657845974,0.018783658742904663,3.3908420959960495e-07,-0.8852109909057617,-0.9401547312736511,1,0,0,0,0,False,True,active
1,5,1500.9993896484375,870.0,-177.33700561523438,0.047703810036182404,0.17173370718955994,0.0006208437262102962,0,1,0,0,0,1,0.17924782633781433,0.0,-0.009286186657845974,0.018783658742904663,3.3908420959960495e-07,-0.8852109909057617,-0.9401547312736511,1,0,0,0,0,False,True,active
1,6,1500.9993896484375,870.0,-177.33700561523438,0.047703810036182404,0.17173370718955994,0.0006208437262102962,0,1,0,0,0,1,0.17924782633781433,0.0,-0.009286186657845974,0.018783658742904663,3.3908420959960495e-07,-0.8852109909057617,-0.9401547312736511,1,0,0,0,0,False,True,active
1,7,1500.9993896484375,870.0,-177.33700561523438,0.047703810036182404,0.17173370718955994,0.0006208437262102962,0,1,0,0,0,1,0.17924782633781433,0.0,-0.009286186657845974,0.018783658742904663,3.3908420959960495e-07,-0.8852109909057617,-0.9401547312736511,1,0,0,0,0,False,True,active
2,0,1500.9981689453125,870.0000610351562,-177.33702087402344,0.09531573951244354,0.34313663840293884,0.0018613353604450822,0,1,0,0,0,2,0.1792612224817276,0.0,-0.009120642207562923,0.018783658742904663,5.086263286102621e-07,-0.8852142691612244,-0.9401547312736511,2,0,0,0,0,False,True,active
2,1,1500.9981689453125,870.0000610351562,-177.33702087402344,0.09531573951244354,0.34313663840293884,0.0018613353604450822,0,1,0,0,0,2,0.1792612224817276,0.0,-0.009120642207562923,0.018783658742904663,5.086263286102621e-07,-0.8852142691612244,-0.9401547312736511,2,0,0,0,0,False,True,active
2,2,1500.9981689453125,870.0000610351562,-177.33702087402344,0.09531573951244354,0.34313663840293884,0.0018613353604450822,0,1,0,0,0,2,0.1792612224817276,0.0,-0.009120642207562923,0.018783658742904663,5.086263286102621e-07,-0.8852142691612244,-0.9401547312736511,2,0,0,0,0,False,True,active
2,3,1500.9981689453125,870.0000610351562,-177.33702087402344,0.09531573951244354,0.34313663840293884,0.0018613353604450822,0,1,0,0,0,2,0.1792612224817276,0.0,-0.009120642207562923,0.018783658742904663,5.086263286102621e-07,-0.8852142691612244,-0.9401547312736511,2,0,0,0,0,False,True,active
2,4,1500.9981689453125,870.0000610351562,-177.33702087402344,0.09531573951244354,0.34313663840293884,0.0018613353604450822,0,1,0,0,0,2,0.1792612224817276,0.0,-0.009120642207562923,0.018783658742904663,5.086263286102621e-07,-0.8852142691612244,-0.9401547312736511,2,0,0,0,0,False,True,active
2,5,1500.9981689453125,870.0000610351562,-177.33702087402344,0.09531573951244354,0.34313663840293884,0.0018613353604450822,0,1,0,0,0,2,0.1792612224817276,0.0,-0.009120642207562923,0.018783658742904663,5.086263286102621e-07,-0.8852142691612244,-0.9401547312736511,2,0,0,0,0,False,True,active
2,6,1500.9981689453125,870.0000610351562,-177.33702087402344,0.09531573951244354,0.34313663840293884,0.0018613353604450822,0,1,0,0,0,2,0.1792612224817276,0.0,-0.009120642207562923,0.018783658742904663,5.086263286102621e-07,-0.8852142691612244,-0.9401547312736511,2,0,0,0,0,False,True,active
2,7,1500.9981689453125,870.0000610351562,-177.33702087402344,0.09531573951244354,0.34313663840293884,0.0018613353604450822,0,1,0,0,0,2,0.1792612224817276,0.0,-0.009120642207562923,0.018783658742904663,5.086263286102621e-07,-0.8852142691612244,-0.9401547312736511,2,0,0,0,0,False,True,active
3,0,1500.996337890625,870.0001220703125,-177.3370361328125,0.14283238351345062,0.5141965746879578,0.0037202348466962576,0,1,0,0,0,3,0.17926126718521118,0.0,-0.009120132774114609,0.018783658742904663,1.0172526572205243e-06,-0.885219156742096,-0.9401620030403137,0,0,0,0,0,False,True,active
3,1,1500.996337890625,870.0001220703125,-177.3370361328125,0.14283238351345062,0.5141965746879578,0.0037202348466962576,0,1,0,0,0,3,0.17926126718521118,0.0,-0.009120132774114609,0.018783658742904663,1.0172526572205243e-06,-0.885219156742096,-0.9401620030403137,0,0,0,0,0,False,True,active
3,2,1500.996337890625,870.0001220703125,-177.3370361328125,0.14283238351345062,0.5141965746879578,0.0037202348466962576,0,1,0,0,0,3,0.17926126718521118,0.0,-0.009120132774114609,0.018783658742904663,1.0172526572205243e-06,-0.885219156742096,-0.9401620030403137,0,0,0,0,0,False,True,active
3,3,1500.996337890625,870.0001220703125,-177.3370361328125,0.14283238351345062,0.5141965746879578,0.0037202348466962576,0,1,0,0,0,3,0.17926126718521118,0.0,-0.009120132774114609,0.018783658742904663,1.0172526572205243e-06,-0.885219156742096,-0.9401620030403137,0,0,0,0,0,False,True,active
3,4,1500.996337890625,870.0001220703125,-177.3370361328125,0.14283238351345062,0.5141965746879578,0.0037202348466962576,0,1,0,0,0,3,0.17926126718521118,0.0,-0.009120132774114609,0.018783658742904663,1.0172526572205243e-06,-0.885219156742096,-0.9401620030403137,0,0,0,0,0,False,True,active
3,5,1500.996337890625,870.0001220703125,-177.3370361328125,0.14283238351345062,0.5141965746879578,0.0037202348466962576,0,1,0,0,0,3,0.17926126718521118,0.0,-0.009120132774114609,0.018783658742904663,1.0172526572205243e-06,-0.885219156742096,-0.9401620030403137,0,0,0,0,0,False,True,active
3,6,1500.996337890625,870.0001220703125,-177.3370361328125,0.14283238351345062,0.5141965746879578,0.0037202348466962576,0,1,0,0,0,3,0.17926126718521118,0.0,-0.009120132774114609,0.018783658742904663,1.0172526572205243e-06,-0.885219156742096,-0.9401620030403137,0,0,0,0,0,False,True,active
3,7,1500.996337890625,870.0001220703125,-177.3370361328125,0.14283238351345062,0.5141965746879578,0.0037202348466962576,0,1,0,0,0,3,0.17926126718521118,0.0,-0.009120132774114609,0.018783658742904663,1.0172526572205243e-06,-0.885219156742096,-0.9401620030403137,0,0,0,0,0,False,True,active
4,0,1500.993896484375,870.000244140625,-177.33706665039062,0.19025394320487976,0.6849141716957092,0.006196304224431515,0,1,0,0,0,4,0.17926132678985596,0.0,-0.009119468741118908,0.018783658742904663,1.186794747809472e-06,-0.8852256536483765,-0.9401620030403137,0,0,0,0,0,False,True,active
4,1,1500.993896484375,870.000244140625,-177.33706665039062,0.19025394320487976,0.6849141716957092,0.006196304224431515,0,1,0,0,0,4,0.17926132678985596,0.0,-0.009119468741118908,0.018783658742904663,1.186794747809472e-06,-0.8852256536483765,-0.9401620030403137,0,0,0,0,0,False,True,active
4,2,1500.993896484375,870.000244140625,-177.33706665039062,0.19025394320487976,0.6849141716957092,0.006196304224431515,0,1,0,0,0,4,0.17926132678985596,0.0,-0.009119468741118908,0.018783658742904663,1.186794747809472e-06,-0.8852256536483765,-0.9401620030403137,0,0,0,0,0,False,True,active
4,3,1500.993896484375,870.000244140625,-177.33706665039062,0.19025394320487976,0.6849141716957092,0.006196304224431515,0,1,0,0,0,4,0.17926132678985596,0.0,-0.009119468741118908,0.018783658742904663,1.186794747809472e-06,-0.8852256536483765,-0.9401620030403137,0,0,0,0,0,False,True,active
4,4,1500.993896484375,870.000244140625,-177.33706665039062,0.19025394320487976,0.6849141716957092,0.006196304224431515,0,1,0,0,0,4,0.17926132678985596,0.0,-0.009119468741118908,0.018783658742904663,1.186794747809472e-06,-0.8852256536483765,-0.9401620030403137,0,0,0,0,0,False,True,active
4,5,1500.993896484375,870.000244140625,-177.33706665039062,0.19025394320487976,0.6849141716957092,0.006196304224431515,0,1,0,0,0,4,0.17926132678985596,0.0,-0.009119468741118908,0.018783658742904663,1.186794747809472e-06,-0.8852256536483765,-0.9401620030403137,0,0,0,0,0,False,True,active
4,6,1500.993896484375,870.000244140625,-177.33706665039062,0.19025394320487976,0.6849141716957092,0.006196304224431515,0,1,0,0,0,4,0.17926132678985596,0.0,-0.009119468741118908,0.018783658742904663,1.186794747809472e-06,-0.8852256536483765,-0.9401620030403137,0,0,0,0,0,False,True,active
4,7,1500.993896484375,870.000244140625,-177.33706665039062,0.19025394320487976,0.6849141716957092,0.006196304224431515,0,1,0,0,0,4,0.17926132678985596,0.0,-0.009119468741118908,0.018783658742904663,1.186794747809472e-06,-0.8852256536483765,-0.9401620030403137,0,0,0,0,0,False,True,active
5,0,1500.9908447265625,870.0003662109375,-177.33709716796875,0.2375805526971817,0.8552899956703186,0.009288309141993523,0,1,0,0,0,5,0.17926141619682312,0.0,-0.009118355810642242,0.018783658742904663,1.864963110165263e-06,-0.8852338194847107,-0.9401693344116211,0,0,0,0,0,False,True,active
5,1,1500.9908447265625,870.0003662109375,-177.33709716796875,0.2375805526971817,0.8552899956703186,0.009288309141993523,0,1,0,0,0,5,0.17926141619682312,0.0,-0.009118355810642242,0.018783658742904663,1.864963110165263e-06,-0.8852338194847107,-0.9401693344116211,0,0,0,0,0,False,True,active
5,2,1500.9908447265625,870.0003662109375,-177.33709716796875,0.2375805526971817,0.8552899956703186,0.009288309141993523,0,1,0,0,0,5,0.17926141619682312,0.0,-0.009118355810642242,0.018783658742904663,1.864963110165263e-06,-0.8852338194847107,-0.9401693344116211,0,0,0,0,0,False,True,active
5,3,1500.9908447265625,870.0003662109375,-177.33709716796875,0.2375805526971817,0.8552899956703186,0.009288309141993523,0,1,0,0,0,5,0.17926141619682312,0.0,-0.009118355810642242,0.018783658742904663,1.864963110165263e-06,-0.8852338194847107,-0.9401693344116211,0,0,0,0,0,False,True,active
5,4,1500.9908447265625,870.0003662109375,-177.33709716796875,0.2375805526971817,0.8552899956703186,0.009288309141993523,0,1,0,0,0,5,0.17926141619682312,0.0,-0.009118355810642242,0.018783658742904663,1.864963110165263e-06,-0.8852338194847107,-0.9401693344116211,0,0,0,0,0,False,True,active
5,5,1500.9908447265625,870.0003662109375,-177.33709716796875,0.2375805526971817,0.8552899956703186,0.009288309141993523,0,1,0,0,0,5,0.17926141619682312,0.0,-0.009118355810642242,0.018783658742904663,1.864963110165263e-06,-0.8852338194847107,-0.9401693344116211,0,0,0,0,0,False,True,active
5,6,1500.9908447265625,870.0003662109375,-177.33709716796875,0.2375805526971817,0.8552899956703186,0.009288309141993523,0,1,0,0,0,5,0.17926141619682312,0.0,-0.009118355810642242,0.018783658742904663,1.864963110165263e-06,-0.8852338194847107,-0.9401693344116211,0,0,0,0,0,False,True,active
5,7,1500.9908447265625,870.0003662109375,-177.33709716796875,0.2375805526971817,0.8552899956703186,0.009288309141993523,0,1,0,0,0,5,0.17926141619682312,0.0,-0.009118355810642242,0.018783658742904663,1.864963110165263e-06,-0.8852338194847107,-0.9401693344116211,0,0,0,0,0,False,True,active
6,0,1500.9871826171875,870.0005493164062,-177.33714294433594,0.2848123610019684,1.0253244638442993,0.01299501396715641,0,1,0,0,0,6,0.17926150560379028,0.0,-0.009117298759520054,0.018783658742904663,2.2040474050299963e-06,-0.8852435946464539,-0.9401766061782837,0,0,0,0,0,False,True,active
6,1,1500.9871826171875,870.0005493164062,-177.33714294433594,0.2848123610019684,1.0253244638442993,0.01299501396715641,0,1,0,0,0,6,0.17926150560379028,0.0,-0.009117298759520054,0.018783658742904663,2.2040474050299963e-06,-0.8852435946464539,-0.9401766061782837,0,0,0,0,0,False,True,active
6,2,1500.9871826171875,870.0005493164062,-177.33714294433594,0.2848123610019684,1.0253244638442993,0.01299501396715641,0,1,0,0,0,6,0.17926150560379028,0.0,-0.009117298759520054,0.018783658742904663,2.2040474050299963e-06,-0.8852435946464539,-0.9401766061782837,0,0,0,0,0,False,True,active
6,3,1500.9871826171875,870.0005493164062,-177.33714294433594,0.2848123610019684,1.0253244638442993,0.01299501396715641,0,1,0,0,0,6,0.17926150560379028,0.0,-0.009117298759520054,0.018783658742904663,2.2040474050299963e-06,-0.8852435946464539,-0.9401766061782837,0,0,0,0,0,False,True,active
6,4,1500.9871826171875,870.0005493164062,-177.33714294433594,0.2848123610019684,1.0253244638442993,0.01299501396715641,0,1,0,0,0,6,0.17926150560379028,0.0,-0.009117298759520054,0.018783658742904663,2.2040474050299963e-06,-0.8852435946464539,-0.9401766061782837,0,0,0,0,0,False,True,active
6,5,1500.9871826171875,870.0005493164062,-177.33714294433594,0.2848123610019684,1.0253244638442993,0.01299501396715641,0,1,0,0,0,6,0.17926150560379028,0.0,-0.009117298759520054,0.018783658742904663,2.2040474050299963e-06,-0.8852435946464539,-0.9401766061782837,0,0,0,0,0,False,True,active
6,6,1500.9871826171875,870.0005493164062,-177.33714294433594,0.2848123610019684,1.0253244638442993,0.01299501396715641,0,1,0,0,0,6,0.17926150560379028,0.0,-0.009117298759520054,0.018783658742904663,2.2040474050299963e-06,-0.8852435946464539,-0.9401766061782837,0,0,0,0,0,False,True,active
6,7,1500.9871826171875,870.0005493164062,-177.33714294433594,0.2848123610019684,1.0253244638442993,0.01299501396715641,0,1,0,0,0,6,0.17926150560379028,0.0,-0.009117298759520054,0.018783658742904663,2.2040474050299963e-06,-0.8852435946464539,-0.9401766061782837,0,0,0,0,0,False,True,active
7,0,1500.98291015625,870.000732421875,-177.33718872070312,0.3319495916366577,1.1950185298919678,0.01731519028544426,0,1,0,0,0,7,0.17926162481307983,0.0,-0.009115832857787609,0.018783658742904663,2.8822157673857873e-06,-0.885254979133606,-0.9401839375495911,0,0,0,0,0,False,True,active
7,1,1500.98291015625,870.000732421875,-177.33718872070312,0.3319495916366577,1.1950185298919678,0.01731519028544426,0,1,0,0,0,7,0.17926162481307983,0.0,-0.009115832857787609,0.018783658742904663,2.8822157673857873e-06,-0.885254979133606,-0.9401839375495911,0,0,0,0,0,False,True,active
7,2,1500.98291015625,870.000732421875,-177.33718872070312,0.3319495916366577,1.1950185298919678,0.01731519028544426,0,1,0,0,0,7,0.17926162481307983,0.0,-0.009115832857787609,0.018783658742904663,2.8822157673857873e-06,-0.885254979133606,-0.9401839375495911,0,0,0,0,0,False,True,active
7,3,1500.98291015625,870.000732421875,-177.33718872070312,0.3319495916366577,1.1950185298919678,0.01731519028544426,0,1,0,0,0,7,0.17926162481307983,0.0,-0.009115832857787609,0.018783658742904663,2.8822157673857873e-06,-0.885254979133606,-0.9401839375495911,0,0,0,0,0,False,True,active
7,4,1500.98291015625,870.000732421875,-177.33718872070312,0.3319495916366577,1.1950185298919678,0.01731519028544426,0,1,0,0,0,7,0.17926162481307983,0.0,-0.009115832857787609,0.018783658742904663,2.8822157673857873e-06,-0.885254979133606,-0.9401839375495911,0,0,0,0,0,False,True,active
7,5,1500.98291015625,870.000732421875,-177.33718872070312,0.3319495916366577,1.1950185298919678,0.01731519028544426,0,1,0,0,0,7,0.17926162481307983,0.0,-0.009115832857787609,0.018783658742904663,2.8822157673857873e-06,-0.885254979133606,-0.9401839375495911,0,0,0,0,0,False,True,active
7,6,1500.98291015625,870.000732421875,-177.33718872070312,0.3319495916366577,1.1950185298919678,0.01731519028544426,0,1,0,0,0,7,0.17926162481307983,0.0,-0.009115832857787609,0.018783658742904663,2.8822157673857873e-06,-0.885254979133606,-0.9401839375495911,0,0,0,0,0,False,True,active
7,7,1500.98291015625,870.000732421875,-177.33718872070312,0.3319495916366577,1.1950185298919678,0.01731519028544426,0,1,0,0,0,7,0.17926162481307983,0.0,-0.009115832857787609,0.018783658742904663,2.8822157673857873e-06,-0.885254979133606,-0.9401839375495911,0,0,0,0,0,False,True,active
8,0,1500.97802734375,870.0009765625,-177.33724975585938,0.3789924085140228,1.3643726110458374,0.02224760688841343,0,1,0,0,0,8,0.17926174402236938,0.0,-0.009114292450249195,0.018783658742904663,3.3908420391526306e-06,-0.8852680325508118,-0.9401912689208984,0,0,0,0,0,False,True,active
8,1,1500.97802734375,870.0009765625,-177.33724975585938,0.3789924085140228,1.3643726110458374,0.02224760688841343,0,1,0,0,0,8,0.17926174402236938,0.0,-0.009114292450249195,0.018783658742904663,3.3908420391526306e-06,-0.8852680325508118,-0.9401912689208984,0,0,0,0,0,False,True,active
8,2,1500.97802734375,870.0009765625,-177.33724975585938,0.3789924085140228,1.3643726110458374,0.02224760688841343,0,1,0,0,0,8,0.17926174402236938,0.0,-0.009114292450249195,0.018783658742904663,3.3908420391526306e-06,-0.8852680325508118,-0.9401912689208984,0,0,0,0,0,False,True,active
8,3,1500.97802734375,870.0009765625,-177.33724975585938,0.3789924085140228,1.3643726110458374,0.02224760688841343,0,1,0,0,0,8,0.17926174402236938,0.0,-0.009114292450249195,0.018783658742904663,3.3908420391526306e-06,-0.8852680325508118,-0.9401912689208984,0,0,0,0,0,False,True,active
8,4,1500.97802734375,870.0009765625,-177.33724975585938,0.3789924085140228,1.3643726110458374,0.02224760688841343,0,1,0,0,0,8,0.17926174402236938,0.0,-0.009114292450249195,0.018783658742904663,3.3908420391526306e-06,-0.8852680325508118,-0.9401912689208984,0,0,0,0,0,False,True,active
8,5,1500.97802734375,870.0009765625,-177.33724975585938,0.3789924085140228,1.3643726110458374,0.02224760688841343,0,1,0,0,0,8,0.17926174402236938,0.0,-0.009114292450249195,0.018783658742904663,3.3908420391526306e-06,-0.8852680325508118,-0.9401912689208984,0,0,0,0,0,False,True,active
8,6,1500.97802734375,870.0009765625,-177.33724975585938,0.3789924085140228,1.3643726110458374,0.02224760688841343,0,1,0,0,0,8,0.17926174402236938,0.0,-0.009114292450249195,0.018783658742904663,3.3908420391526306e-06,-0.8852680325508118,-0.9401912689208984,0,0,0,0,0,False,True,active
8,7,1500.97802734375,870.0009765625,-177.33724975585938,0.3789924085140228,1.3643726110458374,0.02224760688841343,0,1,0,0,0,8,0.17926174402236938,0.0,-0.009114292450249195,0.018783658742904663,3.3908420391526306e-06,-0.8852680325508118,-0.9401912689208984,0,0,0,0,0,False,True,active
9,0,1500.9725341796875,870.001220703125,-177.33731079101562,0.42594096064567566,1.5333874225616455,0.027791038155555725,0,1,0,0,0,9,0.17926190793514252,0.0,-0.009112290106713772,0.018783658742904663,4.238552719471045e-06,-0.8852826952934265,-0.940198540687561,0,0,0,0,0,False,True,active
9,1,1500.9725341796875,870.001220703125,-177.33731079101562,0.42594096064567566,1.5333874225616455,0.027791038155555725,0,1,0,0,0,9,0.17926190793514252,0.0,-0.009112290106713772,0.018783658742904663,4.238552719471045e-06,-0.8852826952934265,-0.940198540687561,0,0,0,0,0,False,True,active
9,2,1500.9725341796875,870.001220703125,-177.33731079101562,0.42594096064567566,1.5333874225616455,0.027791038155555725,0,1,0,0,0,9,0.17926190793514252,0.0,-0.009112290106713772,0.018783658742904663,4.238552719471045e-06,-0.8852826952934265,-0.940198540687561,0,0,0,0,0,False,True,active
9,3,1500.9725341796875,870.001220703125,-177.33731079101562,0.42594096064567566,1.5333874225616455,0.027791038155555725,0,1,0,0,0,9,0.17926190793514252,0.0,-0.009112290106713772,0.018783658742904663,4.238552719471045e-06,-0.8852826952934265,-0.940198540687561,0,0,0,0,0,False,True,active
9,4,1500.9725341796875,870.001220703125,-177.33731079101562,0.42594096064567566,1.5333874225616455,0.027791038155555725,0,1,0,0,0,9,0.17926190793514252,0.0,-0.009112290106713772,0.018783658742904663,4.238552719471045e-06,-0.8852826952934265,-0.940198540687561,0,0,0,0,0,False,True,active
9,5,1500.9725341796875,870.001220703125,-177.33731079101562,0.42594096064567566,1.5333874225616455,0.027791038155555725,0,1,0,0,0,9,0.17926190793514252,0.0,-0.009112290106713772,0.018783658742904663,4.238552719471045e-06,-0.8852826952934265,-0.940198540687561,0,0,0,0,0,False,True,active
9,6,1500.9725341796875,870.001220703125,-177.33731079101562,0.42594096064567566,1.5333874225616455,0.027791038155555725,0,1,0,0,0,9,0.17926190793514252,0.0,-0.009112290106713772,0.018783658742904663,4.238552719471045e-06,-0.8852826952934265,-0.940198540687561,0,0,0,0,0,False,True,active
9,7,1500.9725341796875,870.001220703125,-177.33731079101562,0.42594096064567566,1.5333874225616455,0.027791038155555725,0,1,0,0,0,9,0.17926190793514252,0.0,-0.009112290106713772,0.018783658742904663,4.238552719471045e-06,-0.8852826952934265,-0.940198540687561,0,0,0,0,0,False,True,active
10,0,1500.9664306640625,870.0015258789062,-177.33738708496094,0.47279539704322815,1.7020634412765503,0.033944256603717804,0,1,0,0,0,10,0.17926205694675446,0.0,-0.009110361337661743,0.018783658742904663,4.747178991237888e-06,-0.8852989673614502,-0.9402058720588684,0,0,0,0,0,False,True,active
10,1,1500.9664306640625,870.0015258789062,-177.33738708496094,0.47279539704322815,1.7020634412765503,0.033944256603717804,0,1,0,0,0,10,0.17926205694675446,0.0,-0.009110361337661743,0.018783658742904663,4.747178991237888e-06,-0.8852989673614502,-0.9402058720588684,0,0,0,0,0,False,True,active
10,2,1500.9664306640625,870.0015258789062,-177.33738708496094,0.47279539704322815,1.7020634412765503,0.033944256603717804,0,1,0,0,0,10,0.17926205694675446,0.0,-0.009110361337661743,0.018783658742904663,4.747178991237888e-06,-0.8852989673614502,-0.9402058720588684,0,0,0,0,0,False,True,active
10,3,1500.9664306640625,870.0015258789062,-177.33738708496094,0.47279539704322815,1.7020634412765503,0.033944256603717804,0,1,0,0,0,10,0.17926205694675446,0.0,-0.009110361337661743,0.018783658742904663,4.747178991237888e-06,-0.8852989673614502,-0.9402058720588684,0,0,0,0,0,False,True,active
10,4,1500.9664306640625,870.0015258789062,-177.33738708496094,0.47279539704322815,1.7020634412765503,0.033944256603717804,0,1,0,0,0,10,0.17926205694675446,0.0,-0.009110361337661743,0.018783658742904663,4.747178991237888e-06,-0.8852989673614502,-0.9402058720588684,0,0,0,0,0,False,True,active
10,5,1500.9664306640625,870.0015258789062,-177.33738708496094,0.47279539704322815,1.7020634412765503,0.033944256603717804,0,1,0,0,0,10,0.17926205694675446,0.0,-0.009110361337661743,0.018783658742904663,4.747178991237888e-06,-0.8852989673614502,-0.9402058720588684,0,0,0,0,0,False,True,active
10,6,1500.9664306640625,870.0015258789062,-177.33738708496094,0.47279539704322815,1.7020634412765503,0.033944256603717804,0,1,0,0,0,10,0.17926205694675446,0.0,-0.009110361337661743,0.018783658742904663,4.747178991237888e-06,-0.8852989673614502,-0.9402058720588684,0,0,0,0,0,False,True,active
10,7,1500.9664306640625,870.0015258789062,-177.33738708496094,0.47279539704322815,1.7020634412765503,0.033944256603717804,0,1,0,0,0,10,0.17926205694675446,0.0,-0.009110361337661743,0.018783658742904663,4.747178991237888e-06,-0.8852989673614502,-0.9402058720588684,0,0,0,0,0,False,True,active
11,0,1500.959716796875,870.0018310546875,-177.33746337890625,0.519555926322937,1.8704012632369995,0.04070604592561722,0,1,0,0,0,11,0.17926225066184998,0.0,-0.009107949212193489,0.018783658742904663,5.764431534771575e-06,-0.8853169083595276,-0.940213143825531,0,0,0,0,0,False,True,active
11,1,1500.959716796875,870.0018310546875,-177.33746337890625,0.519555926322937,1.8704012632369995,0.04070604592561722,0,1,0,0,0,11,0.17926225066184998,0.0,-0.009107949212193489,0.018783658742904663,5.764431534771575e-06,-0.8853169083595276,-0.940213143825531,0,0,0,0,0,False,True,active
11,2,1500.959716796875,870.0018310546875,-177.33746337890625,0.519555926322937,1.8704012632369995,0.04070604592561722,0,1,0,0,0,11,0.17926225066184998,0.0,-0.009107949212193489,0.018783658742904663,5.764431534771575e-06,-0.8853169083595276,-0.940213143825531,0,0,0,0,0,False,True,active
11,3,1500.959716796875,870.0018310546875,-177.33746337890625,0.519555926322937,1.8704012632369995,0.04070604592561722,0,1,0,0,0,11,0.17926225066184998,0.0,-0.009107949212193489,0.018783658742904663,5.764431534771575e-06,-0.8853169083595276,-0.940213143825531,0,0,0,0,0,False,True,active
11,4,1500.959716796875,870.0018310546875,-177.33746337890625,0.519555926322937,1.8704012632369995,0.04070604592561722,0,1,0,0,0,11,0.17926225066184998,0.0,-0.009107949212193489,0.018783658742904663,5.764431534771575e-06,-0.8853169083595276,-0.940213143825531,0,0,0,0,0,False,True,active
11,5,1500.959716796875,870.0018310546875,-177.33746337890625,0.519555926322937,1.8704012632369995,0.04070604592561722,0,1,0,0,0,11,0.17926225066184998,0.0,-0.009107949212193489,0.018783658742904663,5.764431534771575e-06,-0.8853169083595276,-0.940213143825531,0,0,0,0,0,False,True,active
11,6,1500.959716796875,870.0018310546875,-177.33746337890625,0.519555926322937,1.8704012632369995,0.04070604592561722,0,1,0,0,0,11,0.17926225066184998,0.0,-0.009107949212193489,0.018783658742904663,5.764431534771575e-06,-0.8853169083595276,-0.940213143825531,0,0,0,0,0,False,True,active
11,7,1500.959716796875,870.0018310546875,-177.33746337890625,0.519555926322937,1.8704012632369995,0.04070604592561722,0,1,0,0,0,11,0.17926225066184998,0.0,-0.009107949212193489,0.018783658742904663,5.764431534771575e-06,-0.8853169083595276,-0.940213143825531,0,0,0,0,0,False,True,active
12,0,1500.952392578125,870.002197265625,-177.33755493164062,0.5662227272987366,2.0384018421173096,0.04807518050074577,0,1,0,0,0,12,0.1792624592781067,0.0,-0.009105426259338856,0.018783658742904663,6.273057806538418e-06,-0.8853364586830139,-0.9402204751968384,0,0,0,0,0,False,True,active
12,1,1500.952392578125,870.002197265625,-177.33755493164062,0.5662227272987366,2.0384018421173096,0.04807518050074577,0,1,0,0,0,12,0.1792624592781067,0.0,-0.009105426259338856,0.018783658742904663,6.273057806538418e-06,-0.8853364586830139,-0.9402204751968384,0,0,0,0,0,False,True,active
12,2,1500.952392578125,870.002197265625,-177.33755493164062,0.5662227272987366,2.0384018421173096,0.04807518050074577,0,1,0,0,0,12,0.1792624592781067,0.0,-0.009105426259338856,0.018783658742904663,6.273057806538418e-06,-0.8853364586830139,-0.9402204751968384,0,0,0,0,0,False,True,active
12,3,1500.952392578125,870.002197265625,-177.33755493164062,0.5662227272987366,2.0384018421173096,0.04807518050074577,0,1,0,0,0,12,0.1792624592781067,0.0,-0.009105426259338856,0.018783658742904663,6.273057806538418e-06,-0.8853364586830139,-0.9402204751968384,0,0,0,0,0,False,True,active
12,4,1500.952392578125,870.002197265625,-177.33755493164062,0.5662227272987366,2.0384018421173096,0.04807518050074577,0,1,0,0,0,12,0.1792624592781067,0.0,-0.009105426259338856,0.018783658742904663,6.273057806538418e-06,-0.8853364586830139,-0.9402204751968384,0,0,0,0,0,False,True,active
12,5,1500.952392578125,870.002197265625,-177.33755493164062,0.5662227272987366,2.0384018421173096,0.04807518050074577,0,1,0,0,0,12,0.1792624592781067,0.0,-0.009105426259338856,0.018783658742904663,6.273057806538418e-06,-0.8853364586830139,-0.9402204751968384,0,0,0,0,0,False,True,active
12,6,1500.952392578125,870.002197265625,-177.33755493164062,0.5662227272987366,2.0384018421173096,0.04807518050074577,0,1,0,0,0,12,0.1792624592781067,0.0,-0.009105426259338856,0.018783658742904663,6.273057806538418e-06,-0.8853364586830139,-0.9402204751968384,0,0,0,0,0,False,True,active
12,7,1500.952392578125,870.002197265625,-177.33755493164062,0.5662227272987366,2.0384018421173096,0.04807518050074577,0,1,0,0,0,12,0.1792624592781067,0.0,-0.009105426259338856,0.018783658742904663,6.273057806538418e-06,-0.8853364586830139,-0.9402204751968384,0,0,0,0,0,False,True,active
13,0,1500.9444580078125,870.0025634765625,-177.337646484375,0.612795889377594,2.2060651779174805,0.05605044215917587,0,1,0,0,0,13,0.1792626827955246,0.0,-0.009102597832679749,0.018783658742904663,7.2903103500721045e-06,-0.8853576183319092,-0.940227746963501,0,0,0,0,1,False,True,active
13,1,1500.9444580078125,870.0025634765625,-177.337646484375,0.612795889377594,2.2060651779174805,0.05605044215917587,0,1,0,0,0,13,0.1792626827955246,0.0,-0.009102597832679749,0.018783658742904663,7.2903103500721045e-06,-0.8853576183319092,-0.940227746963501,0,0,0,0,1,False,True,active
13,2,1500.9444580078125,870.0025634765625,-177.337646484375,0.612795889377594,2.2060651779174805,0.05605044215917587,0,1,0,0,0,13,0.1792626827955246,0.0,-0.009102597832679749,0.018783658742904663,7.2903103500721045e-06,-0.8853576183319092,-0.940227746963501,0,0,0,0,1,False,True,active
13,3,1500.9444580078125,870.0025634765625,-177.337646484375,0.612795889377594,2.2060651779174805,0.05605044215917587,0,1,0,0,0,13,0.1792626827955246,0.0,-0.009102597832679749,0.018783658742904663,7.2903103500721045e-06,-0.8853576183319092,-0.940227746963501,0,0,0,0,1,False,True,active
13,4,1500.9444580078125,870.0025634765625,-177.337646484375,0.612795889377594,2.2060651779174805,0.05605044215917587,0,1,0,0,0,13,0.1792626827955246,0.0,-0.009102597832679749,0.018783658742904663,7.2903103500721045e-06,-0.8853576183319092,-0.940227746963501,0,0,0,0,1,False,True,active
13,5,1500.9444580078125,870.0025634765625,-177.337646484375,0.612795889377594,2.2060651779174805,0.05605044215917587,0,1,0,0,0,13,0.1792626827955246,0.0,-0.009102597832679749,0.018783658742904663,7.2903103500721045e-06,-0.8853576183319092,-0.940227746963501,0,0,0,0,1,False,True,active
13,6,1500.9444580078125,870.0025634765625,-177.337646484375,0.612795889377594,2.2060651779174805,0.05605044215917587,0,1,0,0,0,13,0.1792626827955246,0.0,-0.009102597832679749,0.018783658742904663,7.2903103500721045e-06,-0.8853576183319092,-0.940227746963501,0,0,0,0,1,False,True,active
13,7,1500.9444580078125,870.0025634765625,-177.337646484375,0.612795889377594,2.2060651779174805,0.05605044215917587,0,1,0,0,0,13,0.1792626827955246,0.0,-0.009102597832679749,0.018783658742904663,7.2903103500721045e-06,-0.8853576183319092,-0.940227746963501,0,0,0,0,1,False,True,active
14,0,1500.9359130859375,870.0029907226562,-177.33773803710938,0.6592755913734436,2.373392105102539,0.06463062018156052,0,1,0,0,0,14,0.1792629212141037,0.0,-0.009099649265408516,0.018783658742904663,7.968478712427896e-06,-0.8853804469108582,-0.9402424097061157,0,0,0,0,2,False,True,active
14,1,1500.9359130859375,870.0029907226562,-177.33773803710938,0.6592755913734436,2.373392105102539,0.06463062018156052,0,1,0,0,0,14,0.1792629212141037,0.0,-0.009099649265408516,0.018783658742904663,7.968478712427896e-06,-0.8853804469108582,-0.9402424097061157,0,0,0,0,2,False,True,active
14,2,1500.9359130859375,870.0029907226562,-177.33773803710938,0.6592755913734436,2.373392105102539,0.06463062018156052,0,1,0,0,0,14,0.1792629212141037,0.0,-0.009099649265408516,0.018783658742904663,7.968478712427896e-06,-0.8853804469108582,-0.9402424097061157,0,0,0,0,2,False,True,active
14,3,1500.9359130859375,870.0029907226562,-177.33773803710938,0.6592755913734436,2.373392105102539,0.06463062018156052,0,1,0,0,0,14,0.1792629212141037,0.0,-0.009099649265408516,0.018783658742904663,7.968478712427896e-06,-0.8853804469108582,-0.9402424097061157,0,0,0,0,2,False,True,active
14,4,1500.9359130859375,870.0029907226562,-177.33773803710938,0.6592755913734436,2.373392105102539,0.06463062018156052,0,1,0,0,0,14,0.1792629212141037,0.0,-0.009099649265408516,0.018783658742904663,7.968478712427896e-06,-0.8853804469108582,-0.9402424097061157,0,0,0,0,2,False,True,active
14,5,1500.9359130859375,870.0029907226562,-177.33773803710938,0.6592755913734436,2.373392105102539,0.06463062018156052,0,1,0,0,0,14,0.1792629212141037,0.0,-0.009099649265408516,0.018783658742904663,7.968478712427896e-06,-0.8853804469108582,-0.9402424097061157,0,0,0,0,2,False,True,active
14,6,1500.9359130859375,870.0029907226562,-177.33773803710938,0.6592755913734436,2.373392105102539,0.06463062018156052,0,1,0,0,0,14,0.1792629212141037,0.0,-0.009099649265408516,0.018783658742904663,7.968478712427896e-06,-0.8853804469108582,-0.9402424097061157,0,0,0,0,2,False,True,active
14,7,1500.9359130859375,870.0029907226562,-177.33773803710938,0.6592755913734436,2.373392105102539,0.06463062018156052,0,1,0,0,0,14,0.1792629212141037,0.0,-0.009099649265408516,0.018783658742904663,7.968478712427896e-06,-0.8853804469108582,-0.9402424097061157,0,0,0,0,2,False,True,active
15,0,1500.9267578125,870.00341796875,-177.3378448486328,0.7056620717048645,2.5403833389282227,0.0738144963979721,0,1,0,0,0,15,0.1792631894350052,0.0,-0.009096498601138592,0.018783658742904663,9.15527380129788e-06,-0.8854048848152161,-0.9402496814727783,0,0,0,0,3,False,True,active
15,1,1500.9267578125,870.00341796875,-177.3378448486328,0.7056620717048645,2.5403833389282227,0.0738144963979721,0,1,0,0,0,15,0.1792631894350052,0.0,-0.009096498601138592,0.018783658742904663,9.15527380129788e-06,-0.8854048848152161,-0.9402496814727783,0,0,0,0,3,False,True,active
15,2,1500.9267578125,870.00341796875,-177.3378448486328,0.7056620717048645,2.5403833389282227,0.0738144963979721,0,1,0,0,0,15,0.1792631894350052,0.0,-0.009096498601138592,0.018783658742904663,9.15527380129788e-06,-0.8854048848152161,-0.9402496814727783,0,0,0,0,3,False,True,active
15,3,1500.9267578125,870.00341796875,-177.3378448486328,0.7056620717048645,2.5403833389282227,0.0738144963979721,0,1,0,0,0,15,0.1792631894350052,0.0,-0.009096498601138592,0.018783658742904663,9.15527380129788e-06,-0.8854048848152161,-0.9402496814727783,0,0,0,0,3,False,True,active
15,4,1500.9267578125,870.00341796875,-177.3378448486328,0.7056620717048645,2.5403833389282227,0.0738144963979721,0,1,0,0,0,15,0.1792631894350052,0.0,-0.009096498601138592,0.018783658742904663,9.15527380129788e-06,-0.8854048848152161,-0.9402496814727783,0,0,0,0,3,False,True,active
15,5,1500.9267578125,870.00341796875,-177.3378448486328,0.7056620717048645,2.5403833389282227,0.0738144963979721,0,1,0,0,0,15,0.1792631894350052,0.0,-0.009096498601138592,0.018783658742904663,9.15527380129788e-06,-0.8854048848152161,-0.9402496814727783,0,0,0,0,3,False,True,active
15,6,1500.9267578125,870.00341796875,-177.3378448486328,0.7056620717048645,2.5403833389282227,0.0738144963979721,0,1,0,0,0,15,0.1792631894350052,0.0,-0.009096498601138592,0.018783658742904663,9.15527380129788e-06,-0.8854048848152161,-0.9402496814727783,0,0,0,0,3,False,True,active
15,7,1500.9267578125,870.00341796875,-177.3378448486328,0.7056620717048645,2.5403833389282227,0.0738144963979721,0,1,0,0,0,15,0.1792631894350052,0.0,-0.009096498601138592,0.018783658742904663,9.15527380129788e-06,-0.8854048848152161,-0.9402496814727783,0,0,0,0,3,False,True,active
16,0,1500.9169921875,870.0038452148438,-177.33795166015625,0.7519554495811462,2.7070395946502686,0.08360086381435394,0,1,0,0,0,16,0.17926344275474548,0.0,-0.009093234315514565,0.018783658742904663,1.068115216185106e-05,-0.8854309320449829,-0.9402716159820557,0,0,0,0,4,False,True,active
16,1,1500.9169921875,870.0038452148438,-177.33795166015625,0.7519554495811462,2.7070395946502686,0.08360086381435394,0,1,0,0,0,16,0.17926344275474548,0.0,-0.009093234315514565,0.018783658742904663,1.068115216185106e-05,-0.8854309320449829,-0.9402716159820557,0,0,0,0,4,False,True,active
16,2,1500.9169921875,870.0038452148438,-177.33795166015625,0.7519554495811462,2.7070395946502686,0.08360086381435394,0,1,0,0,0,16,0.17926344275474548,0.0,-0.009093234315514565,0.018783658742904663,1.068115216185106e-05,-0.8854309320449829,-0.9402716159820557,0,0,0,0,4,False,True,active
16,3,1500.9169921875,870.0038452148438,-177.33795166015625,0.7519554495811462,2.7070395946502686,0.08360086381435394,0,1,0,0,0,16,0.17926344275474548,0.0,-0.009093234315514565,0.018783658742904663,1.068115216185106e-05,-0.8854309320449829,-0.9402716159820557,0,0,0,0,4,False,True,active
16,4,1500.9169921875,870.0038452148438,-177.33795166015625,0.7519554495811462,2.7070395946502686,0.08360086381435394,0,1,0,0,0,16,0.17926344275474548,0.0,-0.009093234315514565,0.018783658742904663,1.068115216185106e-05,-0.8854309320449829,-0.9402716159820557,0,0,0,0,4,False,True,active
16,5,1500.9169921875,870.0038452148438,-177.33795166015625,0.7519554495811462,2.7070395946502686,0.08360086381435394,0,1,0,0,0,16,0.17926344275474548,0.0,-0.009093234315514565,0.018783658742904663,1.068115216185106e-05,-0.8854309320449829,-0.9402716159820557,0,0,0,0,4,False,True,active
16,6,1500.9169921875,870.0038452148438,-177.33795166015625,0.7519554495811462,2.7070395946502686,0.08360086381435394,0,1,0,0,0,16,0.17926344275474548,0.0,-0.009093234315514565,0.018783658742904663,1.068115216185106e-05,-0.8854309320449829,-0.9402716159820557,0,0,0,0,4,False,True,active
16,7,1500.9169921875,870.0038452148438,-177.33795166015625,0.7519554495811462,2.7070395946502686,0.08360086381435394,0,1,0,0,0,16,0.17926344275474548,0.0,-0.009093234315514565,0.018783658742904663,1.068115216185106e-05,-0.8854309320449829,-0.9402716159820557,0,0,0,0,4,False,True,active
17,0,1500.9066162109375,870.0043334960938,-177.33807373046875,0.7981559038162231,2.873361110687256,0.09398850798606873,0,1,0,0,0,17,0.17926374077796936,0.0,-0.009089680388569832,0.018783658742904663,1.1867947250721045e-05,-0.8854586482048035,-0.9402788877487183,0,0,0,0,5,False,True,active
17,1,1500.9066162109375,870.0043334960938,-177.33807373046875,0.7981559038162231,2.873361110687256,0.09398850798606873,0,1,0,0,0,17,0.17926374077796936,0.0,-0.009089680388569832,0.018783658742904663,1.1867947250721045e-05,-0.8854586482048035,-0.9402788877487183,0,0,0,0,5,False,True,active
17,2,1500.9066162109375,870.0043334960938,-177.33807373046875,0.7981559038162231,2.873361110687256,0.09398850798606873,0,1,0,0,0,17,0.17926374077796936,0.0,-0.009089680388569832,0.018783658742904663,1.1867947250721045e-05,-0.8854586482048035,-0.9402788877487183,0,0,0,0,5,False,True,active
17,3,1500.9066162109375,870.0043334960938,-177.33807373046875,0.7981559038162231,2.873361110687256,0.09398850798606873,0,1,0,0,0,17,0.17926374077796936,0.0,-0.009089680388569832,0.018783658742904663,1.1867947250721045e-05,-0.8854586482048035,-0.9402788877487183,0,0,0,0,5,False,True,active
17,4,1500.9066162109375,870.0043334960938,-177.33807373046875,0.7981559038162231,2.873361110687256,0.09398850798606873,0,1,0,0,0,17,0.17926374077796936,0.0,-0.009089680388569832,0.018783658742904663,1.1867947250721045e-05,-0.8854586482048035,-0.9402788877487183,0,0,0,0,5,False,True,active
17,5,1500.9066162109375,870.0043334960938,-177.33807373046875,0.7981559038162231,2.873361110687256,0.09398850798606873,0,1,0,0,0,17,0.17926374077796936,0.0,-0.009089680388569832,0.018783658742904663,1.1867947250721045e-05,-0.8854586482048035,-0.9402788877487183,0,0,0,0,5,False,True,active
17,6,1500.9066162109375,870.0043334960938,-177.33807373046875,0.7981559038162231,2.873361110687256,0.09398850798606873,0,1,0,0,0,17,0.17926374077796936,0.0,-0.009089680388569832,0.018783658742904663,1.1867947250721045e-05,-0.8854586482048035,-0.9402788877487183,0,0,0,0,5,False,True,active
17,7,1500.9066162109375,870.0043334960938,-177.33807373046875,0.7981559038162231,2.873361110687256,0.09398850798606873,0,1,0,0,0,17,0.17926374077796936,0.0,-0.009089680388569832,0.018783658742904663,1.1867947250721045e-05,-0.8854586482048035,-0.9402788877487183,0,0,0,0,5,False,True,active
18,0,1500.8956298828125,870.0048217773438,-177.33819580078125,0.8442636132240295,3.039348840713501,0.10497622191905975,0,1,0,0,0,18,0.17926405370235443,0.0,-0.009085733443498611,0.018783658742904663,1.3732910701946821e-05,-0.885487973690033,-0.9403008222579956,0,0,0,0,6,True,True,active
18,1,1500.8956298828125,870.0048217773438,-177.33819580078125,0.8442636132240295,3.039348840713501,0.10497622191905975,0,1,0,0,0,18,0.17926405370235443,0.0,-0.009085733443498611,0.018783658742904663,1.3732910701946821e-05,-0.885487973690033,-0.9403008222579956,0,0,0,0,6,True,True,active
18,2,1500.8956298828125,870.0048217773438,-177.33819580078125,0.8442636132240295,3.039348840713501,0.10497622191905975,0,1,0,0,0,18,0.17926405370235443,0.0,-0.009085733443498611,0.018783658742904663,1.3732910701946821e-05,-0.885487973690033,-0.9403008222579956,0,0,0,0,6,True,True,active
18,3,1500.8956298828125,870.0048217773438,-177.33819580078125,0.8442636132240295,3.039348840713501,0.10497622191905975,0,1,0,0,0,18,0.17926405370235443,0.0,-0.009085733443498611,0.018783658742904663,1.3732910701946821e-05,-0.885487973690033,-0.9403008222579956,0,0,0,0,6,True,True,active
18,4,1500.8956298828125,870.0048217773438,-177.33819580078125,0.8442636132240295,3.039348840713501,0.10497622191905975,0,1,0,0,0,18,0.17926405370235443,0.0,-0.009085733443498611,0.018783658742904663,1.3732910701946821e-05,-0.885487973690033,-0.9403008222579956,0,0,0,0,6,True,True,active
18,5,1500.8956298828125,870.0048217773438,-177.33819580078125,0.8442636132240295,3.039348840713501,0.10497622191905975,0,1,0,0,0,18,0.17926405370235443,0.0,-0.009085733443498611,0.018783658742904663,1.3732910701946821e-05,-0.885487973690033,-0.9403008222579956,0,0,0,0,6,True,True,active
18,6,1500.8956298828125,870.0048217773438,-177.33819580078125,0.8442636132240295,3.039348840713501,0.10497622191905975,0,1,0,0,0,18,0.17926405370235443,0.0,-0.009085733443498611,0.018783658742904663,1.3732910701946821e-05,-0.885487973690033,-0.9403008222579956,0,0,0,0,6,True,True,active
18,7,1500.8956298828125,870.0048217773438,-177.33819580078125,0.8442636132240295,3.039348840713501,0.10497622191905975,0,1,0,0,0,18,0.17926405370235443,0.0,-0.009085733443498611,0.018783658742904663,1.3732910701946821e-05,-0.885487973690033,-0.9403008222579956,0,0,0,0,6,True,True,active
19,0,1500.884033203125,870.00537109375,-177.3383331298828,0.890278697013855,3.205003261566162,0.11656279861927032,0,1,0,0,0,19,0.1792643815279007,0.0,-0.009081765078008175,0.018783658742904663,1.5089247426658403e-05,-0.8855189681053162,-0.9403154253959656,0,0,0,0,7,True,True,active
19,1,1500.884033203125,870.00537109375,-177.3383331298828,0.890278697013855,3.205003261566162,0.11656279861927032,0,1,0,0,0,19,0.1792643815279007,0.0,-0.009081765078008175,0.018783658742904663,1.5089247426658403e-05,-0.8855189681053162,-0.9403154253959656,0,0,0,0,7,True,True,active
19,2,1500.884033203125,870.00537109375,-177.3383331298828,0.890278697013855,3.205003261566162,0.11656279861927032,0,1,0,0,0,19,0.1792643815279007,0.0,-0.009081765078008175,0.018783658742904663,1.5089247426658403e-05,-0.8855189681053162,-0.9403154253959656,0,0,0,0,7,True,True,active
19,3,1500.884033203125,870.00537109375,-177.3383331298828,0.890278697013855,3.205003261566162,0.11656279861927032,0,1,0,0,0,19,0.1792643815279007,0.0,-0.009081765078008175,0.018783658742904663,1.5089247426658403e-05,-0.8855189681053162,-0.9403154253959656,0,0,0,0,7,True,True,active
19,4,1500.884033203125,870.00537109375,-177.3383331298828,0.890278697013855,3.205003261566162,0.11656279861927032,0,1,0,0,0,19,0.1792643815279007,0.0,-0.009081765078008175,0.018783658742904663,1.5089247426658403e-05,-0.8855189681053162,-0.9403154253959656,0,0,0,0,7,True,True,active
19,5,1500.884033203125,870.00537109375,-177.3383331298828,0.890278697013855,3.205003261566162,0.11656279861927032,0,1,0,0,0,19,0.1792643815279007,0.0,-0.009081765078008175,0.018783658742904663,1.5089247426658403e-05,-0.8855189681053162,-0.9403154253959656,0,0,0,0,7,True,True,active
19,6,1500.884033203125,870.00537109375,-177.3383331298828,0.890278697013855,3.205003261566162,0.11656279861927032,0,1,0,0,0,19,0.1792643815279007,0.0,-0.009081765078008175,0.018783658742904663,1.5089247426658403e-05,-0.8855189681053162,-0.9403154253959656,0,0,0,0,7,True,True,active
19,7,1500.884033203125,870.00537109375,-177.3383331298828,0.890278697013855,3.205003261566162,0.11656279861927032,0,1,0,0,0,19,0.1792643815279007,0.0,-0.009081765078008175,0.018783658742904663,1.5089247426658403e-05,-0.8855189681053162,-0.9403154253959656,0,0,0,0,7,True,True,active
20,0,1500.871826171875,870.0059204101562,-177.33847045898438,0.9362013936042786,3.3703248500823975,0.12874704599380493,0,1,0,0,0,20,0.17926473915576935,0.0,-0.009077322669327259,0.018783658742904663,1.678466833254788e-05,-0.8855515122413635,-0.9403373599052429,0,0,0,0,8,True,True,active
20,1,1500.871826171875,870.0059204101562,-177.33847045898438,0.9362013936042786,3.3703248500823975,0.12874704599380493,0,1,0,0,0,20,0.17926473915576935,0.0,-0.009077322669327259,0.018783658742904663,1.678466833254788e-05,-0.8855515122413635,-0.9403373599052429,0,0,0,0,8,True,True,active
20,2,1500.871826171875,870.0059204101562,-177.33847045898438,0.9362013936042786,3.3703248500823975,0.12874704599380493,0,1,0,0,0,20,0.17926473915576935,0.0,-0.009077322669327259,0.018783658742904663,1.678466833254788e-05,-0.8855515122413635,-0.9403373599052429,0,0,0,0,8,True,True,active
20,3,1500.871826171875,870.0059204101562,-177.33847045898438,0.9362013936042786,3.3703248500823975,0.12874704599380493,0,1,0,0,0,20,0.17926473915576935,0.0,-0.009077322669327259,0.018783658742904663,1.678466833254788e-05,-0.8855515122413635,-0.9403373599052429,0,0,0,0,8,True,True,active
20,4,1500.871826171875,870.0059204101562,-177.33847045898438,0.9362013936042786,3.3703248500823975,0.12874704599380493,0,1,0,0,0,20,0.17926473915576935,0.0,-0.009077322669327259,0.018783658742904663,1.678466833254788e-05,-0.8855515122413635,-0.9403373599052429,0,0,0,0,8,True,True,active
20,5,1500.871826171875,870.0059204101562,-177.33847045898438,0.9362013936042786,3.3703248500823975,0.12874704599380493,0,1,0,0,0,20,0.17926473915576935,0.0,-0.009077322669327259,0.018783658742904663,1.678466833254788e-05,-0.8855515122413635,-0.9403373599052429,0,0,0,0,8,True,True,active
20,6,1500.871826171875,870.0059204101562,-177.33847045898438,0.9362013936042786,3.3703248500823975,0.12874704599380493,0,1,0,0,0,20,0.17926473915576935,0.0,-0.009077322669327259,0.018783658742904663,1.678466833254788e-05,-0.8855515122413635,-0.9403373599052429,0,0,0,0,8,True,True,active
20,7,1500.871826171875,870.0059204101562,-177.33847045898438,0.9362013936042786,3.3703248500823975,0.12874704599380493,0,1,0,0,0,20,0.17926473915576935,0.0,-0.009077322669327259,0.018783658742904663,1.678466833254788e-05,-0.8855515122413635,-0.9403373599052429,0,0,0,0,8,True,True,active
21,0,1500.8590087890625,870.0065307617188,-177.338623046875,0.9820318818092346,3.5353147983551025,0.14152775704860687,0,1,0,0,0,21,0.179265096783638,0.0,-0.009072940796613693,0.018783658742904663,1.831054760259576e-05,-0.8855857849121094,-0.9403519630432129,0,0,0,0,9,True,True,active
21,1,1500.8590087890625,870.0065307617188,-177.338623046875,0.9820318818092346,3.5353147983551025,0.14152775704860687,0,1,0,0,0,21,0.179265096783638,0.0,-0.009072940796613693,0.018783658742904663,1.831054760259576e-05,-0.8855857849121094,-0.9403519630432129,0,0,0,0,9,True,True,active
21,2,1500.8590087890625,870.0065307617188,-177.338623046875,0.9820318818092346,3.5353147983551025,0.14152775704860687,0,1,0,0,0,21,0.179265096783638,0.0,-0.009072940796613693,0.018783658742904663,1.831054760259576e-05,-0.8855857849121094,-0.9403519630432129,0,0,0,0,9,True,True,active
21,3,1500.8590087890625,870.0065307617188,-177.338623046875,0.9820318818092346,3.5353147983551025,0.14152775704860687,0,1,0,0,0,21,0.179265096783638,0.0,-0.009072940796613693,0.018783658742904663,1.831054760259576e-05,-0.8855857849121094,-0.9403519630432129,0,0,0,0,9,True,True,active
21,4,1500.8590087890625,870.0065307617188,-177.338623046875,0.9820318818092346,3.5353147983551025,0.14152775704860687,0,1,0,0,0,21,0.179265096783638,0.0,-0.009072940796613693,0.018783658742904663,1.831054760259576e-05,-0.8855857849121094,-0.9403519630432129,0,0,0,0,9,True,True,active
21,5,1500.8590087890625,870.0065307617188,-177.338623046875,0.9820318818092346,3.5353147983551025,0.14152775704860687,0,1,0,0,0,21,0.179265096783638,0.0,-0.009072940796613693,0.018783658742904663,1.831054760259576e-05,-0.8855857849121094,-0.9403519630432129,0,0,0,0,9,True,True,active
21,6,1500.8590087890625,870.0065307617188,-177.338623046875,0.9820318818092346,3.5353147983551025,0.14152775704860687,0,1,0,0,0,21,0.179265096783638,0.0,-0.009072940796613693,0.018783658742904663,1.831054760259576e-05,-0.8855857849121094,-0.9403519630432129,0,0,0,0,9,True,True,active
21,7,1500.8590087890625,870.0065307617188,-177.338623046875,0.9820318818092346,3.5353147983551025,0.14152775704860687,0,1,0,0,0,21,0.179265096783638,0.0,-0.009072940796613693,0.018783658742904663,1.831054760259576e-05,-0.8855857849121094,-0.9403519630432129,0,0,0,0,9,True,True,active
22,0,1500.845703125,870.0071411132812,-177.33877563476562,1.0277701616287231,3.69997239112854,0.15490372478961945,0,1,0,0,0,22,0.17926548421382904,0.0,-0.009068052284419537,0.018783658742904663,2.0175510144326836e-05,-0.8856212496757507,-0.9403674602508545,0,0,0,0,10,True,True,active
22,1,1500.845703125,870.0071411132812,-177.33877563476562,1.0277701616287231,3.69997239112854,0.15490372478961945,0,1,0,0,0,22,0.17926548421382904,0.0,-0.009068052284419537,0.018783658742904663,2.0175510144326836e-05,-0.8856212496757507,-0.9403674602508545,0,0,0,0,10,True,True,active
22,2,1500.845703125,870.0071411132812,-177.33877563476562,1.0277701616287231,3.69997239112854,0.15490372478961945,0,1,0,0,0,22,0.17926548421382904,0.0,-0.009068052284419537,0.018783658742904663,2.0175510144326836e-05,-0.8856212496757507,-0.9403674602508545,0,0,0,0,10,True,True,active
22,3,1500.845703125,870.0071411132812,-177.33877563476562,1.0277701616287231,3.69997239112854,0.15490372478961945,0,1,0,0,0,22,0.17926548421382904,0.0,-0.009068052284419537,0.018783658742904663,2.0175510144326836e-05,-0.8856212496757507,-0.9403674602508545,0,0,0,0,10,True,True,active
22,4,1500.845703125,870.0071411132812,-177.33877563476562,1.0277701616287231,3.69997239112854,0.15490372478961945,0,1,0,0,0,22,0.17926548421382904,0.0,-0.009068052284419537,0.018783658742904663,2.0175510144326836e-05,-0.8856212496757507,-0.9403674602508545,0,0,0,0,10,True,True,active
22,5,1500.845703125,870.0071411132812,-177.33877563476562,1.0277701616287231,3.69997239112854,0.15490372478961945,0,1,0,0,0,22,0.17926548421382904,0.0,-0.009068052284419537,0.018783658742904663,2.0175510144326836e-05,-0.8856212496757507,-0.9403674602508545,0,0,0,0,10,True,True,active
22,6,1500.845703125,870.0071411132812,-177.33877563476562,1.0277701616287231,3.69997239112854,0.15490372478961945,0,1,0,0,0,22,0.17926548421382904,0.0,-0.009068052284419537,0.018783658742904663,2.0175510144326836e-05,-0.8856212496757507,-0.9403674602508545,0,0,0,0,10,True,True,active
22,7,1500.845703125,870.0071411132812,-177.33877563476562,1.0277701616287231,3.69997239112854,0.15490372478961945,0,1,0,0,0,22,0.17926548421382904,0.0,-0.009068052284419537,0.018783658742904663,2.0175510144326836e-05,-0.8856212496757507,-0.9403674602508545,0,0,0,0,10,True,True,active
23,0,1500.831787109375,870.0078125,-177.33892822265625,1.0734165906906128,3.8642995357513428,0.16887375712394714,0,1,0,0,0,23,0.17926588654518127,0.0,-0.009063148871064186,0.018783658742904663,2.1531846869038418e-05,-0.8856584429740906,-0.9403893351554871,0,0,0,0,11,True,True,active
23,1,1500.831787109375,870.0078125,-177.33892822265625,1.0734165906906128,3.8642995357513428,0.16887375712394714,0,1,0,0,0,23,0.17926588654518127,0.0,-0.009063148871064186,0.018783658742904663,2.1531846869038418e-05,-0.8856584429740906,-0.9403893351554871,0,0,0,0,11,True,True,active
23,2,1500.831787109375,870.0078125,-177.33892822265625,1.0734165906906128,3.8642995357513428,0.16887375712394714,0,1,0,0,0,23,0.17926588654518127,0.0,-0.009063148871064186,0.018783658742904663,2.1531846869038418e-05,-0.8856584429740906,-0.9403893351554871,0,0,0,0,11,True,True,active
23,3,1500.831787109375,870.0078125,-177.33892822265625,1.0734165906906128,3.8642995357513428,0.16887375712394714,0,1,0,0,0,23,0.17926588654518127,0.0,-0.009063148871064186,0.018783658742904663,2.1531846869038418e-05,-0.8856584429740906,-0.9403893351554871,0,0,0,0,11,True,True,active
23,4,1500.831787109375,870.0078125,-177.33892822265625,1.0734165906906128,3.8642995357513428,0.16887375712394714,0,1,0,0,0,23,0.17926588654518127,0.0,-0.009063148871064186,0.018783658742904663,2.1531846869038418e-05,-0.8856584429740906,-0.9403893351554871,0,0,0,0,11,True,True,active
23,5,1500.831787109375,870.0078125,-177.33892822265625,1.0734165906906128,3.8642995357513428,0.16887375712394714,0,1,0,0,0,23,0.17926588654518127,0.0,-0.009063148871064186,0.018783658742904663,2.1531846869038418e-05,-0.8856584429740906,-0.9403893351554871,0,0,0,0,11,True,True,active
23,6,1500.831787109375,870.0078125,-177.33892822265625,1.0734165906906128,3.8642995357513428,0.16887375712394714,0,1,0,0,0,23,0.17926588654518127,0.0,-0.009063148871064186,0.018783658742904663,2.1531846869038418e-05,-0.8856584429740906,-0.9403893351554871,0,0,0,0,11,True,True,active
23,7,1500.831787109375,870.0078125,-177.33892822265625,1.0734165906906128,3.8642995357513428,0.16887375712394714,0,1,0,0,0,23,0.17926588654518127,0.0,-0.009063148871064186,0.018783658742904663,2.1531846869038418e-05,-0.8856584429740906,-0.9403893351554871,0,0,0,0,11,True,True,active
24,0,1500.8172607421875,870.0084838867188,-177.33909606933594,1.1189712285995483,4.02829647064209,0.18343666195869446,0,1,0,0,0,24,0.1792662888765335,0.0,-0.009058077819645405,0.018783658742904663,2.3396811229758896e-05,-0.8856971859931946,-0.9404112696647644,0,0,0,0,12,True,True,active
24,1,1500.8172607421875,870.0084838867188,-177.33909606933594,1.1189712285995483,4.02829647064209,0.18343666195869446,0,1,0,0,0,24,0.1792662888765335,0.0,-0.009058077819645405,0.018783658742904663,2.3396811229758896e-05,-0.8856971859931946,-0.9404112696647644,0,0,0,0,12,True,True,active
24,2,1500.8172607421875,870.0084838867188,-177.33909606933594,1.1189712285995483,4.02829647064209,0.18343666195869446,0,1,0,0,0,24,0.1792662888765335,0.0,-0.009058077819645405,0.018783658742904663,2.3396811229758896e-05,-0.8856971859931946,-0.9404112696647644,0,0,0,0,12,True,True,active
24,3,1500.8172607421875,870.0084838867188,-177.33909606933594,1.1189712285995483,4.02829647064209,0.18343666195869446,0,1,0,0,0,24,0.1792662888765335,0.0,-0.009058077819645405,0.018783658742904663,2.3396811229758896e-05,-0.8856971859931946,-0.9404112696647644,0,0,0,0,12,True,True,active
24,4,1500.8172607421875,870.0084838867188,-177.33909606933594,1.1189712285995483,4.02829647064209,0.18343666195869446,0,1,0,0,0,24,0.1792662888765335,0.0,-0.009058077819645405,0.018783658742904663,2.3396811229758896e-05,-0.8856971859931946,-0.9404112696647644,0,0,0,0,12,True,True,active
24,5,1500.8172607421875,870.0084838867188,-177.33909606933594,1.1189712285995483,4.02829647064209,0.18343666195869446,0,1,0,0,0,24,0.1792662888765335,0.0,-0.009058077819645405,0.018783658742904663,2.3396811229758896e-05,-0.8856971859931946,-0.9404112696647644,0,0,0,0,12,True,True,active
24,6,1500.8172607421875,870.0084838867188,-177.33909606933594,1.1189712285995483,4.02829647064209,0.18343666195869446,0,1,0,0,0,24,0.1792662888765335,0.0,-0.009058077819645405,0.018783658742904663,2.3396811229758896e-05,-0.8856971859931946,-0.9404112696647644,0,0,0,0,12,True,True,active
24,7,1500.8172607421875,870.0084838867188,-177.33909606933594,1.1189712285995483,4.02829647064209,0.18343666195869446,0,1,0,0,0,24,0.1792662888765335,0.0,-0.009058077819645405,0.018783658742904663,2.3396811229758896e-05,-0.8856971859931946,-0.9404112696647644,0,0,0,0,12,True,True,active
25,0,1500.8021240234375,870.0092163085938,-177.33926391601562,1.1644343137741089,4.191963195800781,0.19859124720096588,0,1,0,0,0,25,0.17926673591136932,0.0,-0.009052707813680172,0.018783658742904663,2.4922688680817373e-05,-0.8857375979423523,-0.9404258728027344,0,0,0,0,13,True,True,active
25,1,1500.8021240234375,870.0092163085938,-177.33926391601562,1.1644343137741089,4.191963195800781,0.19859124720096588,0,1,0,0,0,25,0.17926673591136932,0.0,-0.009052707813680172,0.018783658742904663,2.4922688680817373e-05,-0.8857375979423523,-0.9404258728027344,0,0,0,0,13,True,True,active
25,2,1500.8021240234375,870.0092163085938,-177.33926391601562,1.1644343137741089,4.191963195800781,0.19859124720096588,0,1,0,0,0,25,0.17926673591136932,0.0,-0.009052707813680172,0.018783658742904663,2.4922688680817373e-05,-0.8857375979423523,-0.9404258728027344,0,0,0,0,13,True,True,active
25,3,1500.8021240234375,870.0092163085938,-177.33926391601562,1.1644343137741089,4.191963195800781,0.19859124720096588,0,1,0,0,0,25,0.17926673591136932,0.0,-0.009052707813680172,0.018783658742904663,2.4922688680817373e-05,-0.8857375979423523,-0.9404258728027344,0,0,0,0,13,True,True,active
25,4,1500.8021240234375,870.0092163085938,-177.33926391601562,1.1644343137741089,4.191963195800781,0.19859124720096588,0,1,0,0,0,25,0.17926673591136932,0.0,-0.009052707813680172,0.018783658742904663,2.4922688680817373e-05,-0.8857375979423523,-0.9404258728027344,0,0,0,0,13,True,True,active
25,5,1500.8021240234375,870.0092163085938,-177.33926391601562,1.1644343137741089,4.191963195800781,0.19859124720096588,0,1,0,0,0,25,0.17926673591136932,0.0,-0.009052707813680172,0.018783658742904663,2.4922688680817373e-05,-0.8857375979423523,-0.9404258728027344,0,0,0,0,13,True,True,active
25,6,1500.8021240234375,870.0092163085938,-177.33926391601562,1.1644343137741089,4.191963195800781,0.19859124720096588,0,1,0,0,0,25,0.17926673591136932,0.0,-0.009052707813680172,0.018783658742904663,2.4922688680817373e-05,-0.8857375979423523,-0.9404258728027344,0,0,0,0,13,True,True,active
25,7,1500.8021240234375,870.0092163085938,-177.33926391601562,1.1644343137741089,4.191963195800781,0.19859124720096588,0,1,0,0,0,25,0.17926673591136932,0.0,-0.009052707813680172,0.018783658742904663,2.4922688680817373e-05,-0.8857375979423523,-0.9404258728027344,0,0,0,0,13,True,True,active
26,0,1500.786376953125,870.0099487304688,-177.33944702148438,1.2098058462142944,4.3553009033203125,0.2143363356590271,0,1,0,0,0,26,0.17926716804504395,0.0,-0.009047269821166992,0.018783658742904663,2.6957193767884746e-05,-0.885779619216919,-0.9404478073120117,0,0,0,0,14,True,True,active
26,1,1500.786376953125,870.0099487304688,-177.33944702148438,1.2098058462142944,4.3553009033203125,0.2143363356590271,0,1,0,0,0,26,0.17926716804504395,0.0,-0.009047269821166992,0.018783658742904663,2.6957193767884746e-05,-0.885779619216919,-0.9404478073120117,0,0,0,0,14,True,True,active
26,2,1500.786376953125,870.0099487304688,-177.33944702148438,1.2098058462142944,4.3553009033203125,0.2143363356590271,0,1,0,0,0,26,0.17926716804504395,0.0,-0.009047269821166992,0.018783658742904663,2.6957193767884746e-05,-0.885779619216919,-0.9404478073120117,0,0,0,0,14,True,True,active
26,3,1500.786376953125,870.0099487304688,-177.33944702148438,1.2098058462142944,4.3553009033203125,0.2143363356590271,0,1,0,0,0,26,0.17926716804504395,0.0,-0.009047269821166992,0.018783658742904663,2.6957193767884746e-05,-0.885779619216919,-0.9404478073120117,0,0,0,0,14,True,True,active
26,4,1500.786376953125,870.0099487304688,-177.33944702148438,1.2098058462142944,4.3553009033203125,0.2143363356590271,0,1,0,0,0,26,0.17926716804504395,0.0,-0.009047269821166992,0.018783658742904663,2.6957193767884746e-05,-0.885779619216919,-0.9404478073120117,0,0,0,0,14,True,True,active
26,5,1500.786376953125,870.0099487304688,-177.33944702148438,1.2098058462142944,4.3553009033203125,0.2143363356590271,0,1,0,0,0,26,0.17926716804504395,0.0,-0.009047269821166992,0.018783658742904663,2.6957193767884746e-05,-0.885779619216919,-0.9404478073120117,0,0,0,0,14,True,True,active
26,6,1500.786376953125,870.0099487304688,-177.33944702148438,1.2098058462142944,4.3553009033203125,0.2143363356590271,0,1,0,0,0,26,0.17926716804504395,0.0,-0.009047269821166992,0.018783658742904663,2.6957193767884746e-05,-0.885779619216919,-0.9404478073120117,0,0,0,0,14,True,True,active
26,7,1500.786376953125,870.0099487304688,-177.33944702148438,1.2098058462142944,4.3553009033203125,0.2143363356590271,0,1,0,0,0,26,0.17926716804504395,0.0,-0.009047269821166992,0.018783658742904663,2.6957193767884746e-05,-0.885779619216919,-0.9404478073120117,0,0,0,0,14,True,True,active
27,0,1500.77001953125,870.0106811523438,-177.33963012695312,1.2550861835479736,4.518310070037842,0.2306707203388214,0,1,0,0,0,27,0.17926764488220215,0.0,-0.00904144998639822,0.018783658742904663,2.9330783945624717e-05,-0.8858233094215393,-0.9404770135879517,0,0,0,0,15,True,True,active
27,1,1500.77001953125,870.0106811523438,-177.33963012695312,1.2550861835479736,4.518310070037842,0.2306707203388214,0,1,0,0,0,27,0.17926764488220215,0.0,-0.00904144998639822,0.018783658742904663,2.9330783945624717e-05,-0.8858233094215393,-0.9404770135879517,0,0,0,0,15,True,True,active
27,2,1500.77001953125,870.0106811523438,-177.33963012695312,1.2550861835479736,4.518310070037842,0.2306707203388214,0,1,0,0,0,27,0.17926764488220215,0.0,-0.00904144998639822,0.018783658742904663,2.9330783945624717e-05,-0.8858233094215393,-0.9404770135879517,0,0,0,0,15,True,True,active
27,3,1500.77001953125,870.0106811523438,-177.33963012695312,1.2550861835479736,4.518310070037842,0.2306707203388214,0,1,0,0,0,27,0.17926764488220215,0.0,-0.00904144998639822,0.018783658742904663,2.9330783945624717e-05,-0.8858233094215393,-0.9404770135879517,0,0,0,0,15,True,True,active
27,4,1500.77001953125,870.0106811523438,-177.33963012695312,1.2550861835479736,4.518310070037842,0.2306707203388214,0,1,0,0,0,27,0.17926764488220215,0.0,-0.00904144998639822,0.018783658742904663,2.9330783945624717e-05,-0.8858233094215393,-0.9404770135879517,0,0,0,0,15,True,True,active
27,5,1500.77001953125,870.0106811523438,-177.33963012695312,1.2550861835479736,4.518310070037842,0.2306707203388214,0,1,0,0,0,27,0.17926764488220215,0.0,-0.00904144998639822,0.018783658742904663,2.9330783945624717e-05,-0.8858233094215393,-0.9404770135879517,0,0,0,0,15,True,True,active
27,6,1500.77001953125,870.0106811523438,-177.33963012695312,1.2550861835479736,4.518310070037842,0.2306707203388214,0,1,0,0,0,27,0.17926764488220215,0.0,-0.00904144998639822,0.018783658742904663,2.9330783945624717e-05,-0.8858233094215393,-0.9404770135879517,0,0,0,0,15,True,True,active
27,7,1500.77001953125,870.0106811523438,-177.33963012695312,1.2550861835479736,4.518310070037842,0.2306707203388214,0,1,0,0,0,27,0.17926764488220215,0.0,-0.00904144998639822,0.018783658742904663,2.9330783945624717e-05,-0.8858233094215393,-0.9404770135879517,0,0,0,0,15,True,True,active
28,0,1500.753173828125,870.011474609375,-177.33982849121094,1.3002753257751465,4.680991172790527,0.2475932240486145,0,1,0,0,0,28,0.17926812171936035,0.0,-0.009035593830049038,0.018783658742904663,3.136528903269209e-05,-0.8858683109283447,-0.940498948097229,0,0,0,0,16,True,True,active
28,1,1500.753173828125,870.011474609375,-177.33982849121094,1.3002753257751465,4.680991172790527,0.2475932240486145,0,1,0,0,0,28,0.17926812171936035,0.0,-0.009035593830049038,0.018783658742904663,3.136528903269209e-05,-0.8858683109283447,-0.940498948097229,0,0,0,0,16,True,True,active
28,2,1500.753173828125,870.011474609375,-177.33982849121094,1.3002753257751465,4.680991172790527,0.2475932240486145,0,1,0,0,0,28,0.17926812171936035,0.0,-0.009035593830049038,0.018783658742904663,3.136528903269209e-05,-0.8858683109283447,-0.940498948097229,0,0,0,0,16,True,True,active
28,3,1500.753173828125,870.011474609375,-177.33982849121094,1.3002753257751465,4.680991172790527,0.2475932240486145,0,1,0,0,0,28,0.17926812171936035,0.0,-0.009035593830049038,0.018783658742904663,3.136528903269209e-05,-0.8858683109283447,-0.940498948097229,0,0,0,0,16,True,True,active
28,4,1500.753173828125,870.011474609375,-177.33982849121094,1.3002753257751465,4.680991172790527,0.2475932240486145,0,1,0,0,0,28,0.17926812171936035,0.0,-0.009035593830049038,0.018783658742904663,3.136528903269209e-05,-0.8858683109283447,-0.940498948097229,0,0,0,0,16,True,True,active
28,5,1500.753173828125,870.011474609375,-177.33982849121094,1.3002753257751465,4.680991172790527,0.2475932240486145,0,1,0,0,0,28,0.17926812171936035,0.0,-0.009035593830049038,0.018783658742904663,3.136528903269209e-05,-0.8858683109283447,-0.940498948097229,0,0,0,0,16,True,True,active
28,6,1500.753173828125,870.011474609375,-177.33982849121094,1.3002753257751465,4.680991172790527,0.2475932240486145,0,1,0,0,0,28,0.17926812171936035,0.0,-0.009035593830049038,0.018783658742904663,3.136528903269209e-05,-0.8858683109283447,-0.940498948097229,0,0,0,0,16,True,True,active
28,7,1500.753173828125,870.011474609375,-177.33982849121094,1.3002753257751465,4.680991172790527,0.2475932240486145,0,1,0,0,0,28,0.17926812171936035,0.0,-0.009035593830049038,0.018783658742904663,3.136528903269209e-05,-0.8858683109283447,-0.940498948097229,0,0,0,0,16,True,True,active
29,0,1500.7357177734375,870.0122680664062,-177.34002685546875,1.345373511314392,4.843344688415527,0.26510265469551086,0,1,0,0,0,29,0.17926864326000214,0.0,-0.009029108099639416,0.018783658742904663,3.390842175576836e-05,-0.8859148621559143,-0.9405208826065063,0,0,0,0,17,True,True,active
29,1,1500.7357177734375,870.0122680664062,-177.34002685546875,1.345373511314392,4.843344688415527,0.26510265469551086,0,1,0,0,0,29,0.17926864326000214,0.0,-0.009029108099639416,0.018783658742904663,3.390842175576836e-05,-0.8859148621559143,-0.9405208826065063,0,0,0,0,17,True,True,active
29,2,1500.7357177734375,870.0122680664062,-177.34002685546875,1.345373511314392,4.843344688415527,0.26510265469551086,0,1,0,0,0,29,0.17926864326000214,0.0,-0.009029108099639416,0.018783658742904663,3.390842175576836e-05,-0.8859148621559143,-0.9405208826065063,0,0,0,0,17,True,True,active
29,3,1500.7357177734375,870.0122680664062,-177.34002685546875,1.345373511314392,4.843344688415527,0.26510265469551086,0,1,0,0,0,29,0.17926864326000214,0.0,-0.009029108099639416,0.018783658742904663,3.390842175576836e-05,-0.8859148621559143,-0.9405208826065063,0,0,0,0,17,True,True,active
29,4,1500.7357177734375,870.0122680664062,-177.34002685546875,1.345373511314392,4.843344688415527,0.26510265469551086,0,1,0,0,0,29,0.17926864326000214,0.0,-0.009029108099639416,0.018783658742904663,3.390842175576836e-05,-0.8859148621559143,-0.9405208826065063,0,0,0,0,17,True,True,active
29,5,1500.7357177734375,870.0122680664062,-177.34002685546875,1.345373511314392,4.843344688415527,0.26510265469551086,0,1,0,0,0,29,0.17926864326000214,0.0,-0.009029108099639416,0.018783658742904663,3.390842175576836e-05,-0.8859148621559143,-0.9405208826065063,0,0,0,0,17,True,True,active
29,6,1500.7357177734375,870.0122680664062,-177.34002685546875,1.345373511314392,4.843344688415527,0.26510265469551086,0,1,0,0,0,29,0.17926864326000214,0.0,-0.009029108099639416,0.018783658742904663,3.390842175576836e-05,-0.8859148621559143,-0.9405208826065063,0,0,0,0,17,True,True,active
29,7,1500.7357177734375,870.0122680664062,-177.34002685546875,1.345373511314392,4.843344688415527,0.26510265469551086,0,1,0,0,0,29,0.17926864326000214,0.0,-0.009029108099639416,0.018783658742904663,3.390842175576836e-05,-0.8859148621559143,-0.9405208826065063,0,0,0,0,17,True,True,active
30,0,1500.7176513671875,870.0131225585938,-177.34024047851562,1.3903809785842896,5.005371570587158,0.2831978499889374,0,1,0,0,0,30,0.17926914989948273,0.0,-0.009022929705679417,0.018783658742904663,3.594292502384633e-05,-0.8859630823135376,-0.9405427575111389,0,0,0,0,18,True,True,active
30,1,1500.7176513671875,870.0131225585938,-177.34024047851562,1.3903809785842896,5.005371570587158,0.2831978499889374,0,1,0,0,0,30,0.17926914989948273,0.0,-0.009022929705679417,0.018783658742904663,3.594292502384633e-05,-0.8859630823135376,-0.9405427575111389,0,0,0,0,18,True,True,active
30,2,1500.7176513671875,870.0131225585938,-177.34024047851562,1.3903809785842896,5.005371570587158,0.2831978499889374,0,1,0,0,0,30,0.17926914989948273,0.0,-0.009022929705679417,0.018783658742904663,3.594292502384633e-05,-0.8859630823135376,-0.9405427575111389,0,0,0,0,18,True,True,active
30,3,1500.7176513671875,870.0131225585938,-177.34024047851562,1.3903809785842896,5.005371570587158,0.2831978499889374,0,1,0,0,0,30,0.17926914989948273,0.0,-0.009022929705679417,0.018783658742904663,3.594292502384633e-05,-0.8859630823135376,-0.9405427575111389,0,0,0,0,18,True,True,active
30,4,1500.7176513671875,870.0131225585938,-177.34024047851562,1.3903809785842896,5.005371570587158,0.2831978499889374,0,1,0,0,0,30,0.17926914989948273,0.0,-0.009022929705679417,0.018783658742904663,3.594292502384633e-05,-0.8859630823135376,-0.9405427575111389,0,0,0,0,18,True,True,active
30,5,1500.7176513671875,870.0131225585938,-177.34024047851562,1.3903809785842896,5.005371570587158,0.2831978499889374,0,1,0,0,0,30,0.17926914989948273,0.0,-0.009022929705679417,0.018783658742904663,3.594292502384633e-05,-0.8859630823135376,-0.9405427575111389,0,0,0,0,18,True,True,active
30,6,1500.7176513671875,870.0131225585938,-177.34024047851562,1.3903809785842896,5.005371570587158,0.2831978499889374,0,1,0,0,0,30,0.17926914989948273,0.0,-0.009022929705679417,0.018783658742904663,3.594292502384633e-05,-0.8859630823135376,-0.9405427575111389,0,0,0,0,18,True,True,active
30,7,1500.7176513671875,870.0131225585938,-177.34024047851562,1.3903809785842896,5.005371570587158,0.2831978499889374,0,1,0,0,0,30,0.17926914989948273,0.0,-0.009022929705679417,0.018783658742904663,3.594292502384633e-05,-0.8859630823135376,-0.9405427575111389,0,0,0,0,18,True,True,active
31,0,1500.698974609375,870.0139770507812,-177.3404541015625,1.435297966003418,5.167072772979736,0.30187761783599854,0,1,0,0,0,31,0.1792697012424469,0.0,-0.009016081690788269,0.018783658742904663,3.865559847326949e-05,-0.8860129714012146,-0.9405720233917236,0,0,0,0,19,True,True,active
31,1,1500.698974609375,870.0139770507812,-177.3404541015625,1.435297966003418,5.167072772979736,0.30187761783599854,0,1,0,0,0,31,0.1792697012424469,0.0,-0.009016081690788269,0.018783658742904663,3.865559847326949e-05,-0.8860129714012146,-0.9405720233917236,0,0,0,0,19,True,True,active
31,2,1500.698974609375,870.0139770507812,-177.3404541015625,1.435297966003418,5.167072772979736,0.30187761783599854,0,1,0,0,0,31,0.1792697012424469,0.0,-0.009016081690788269,0.018783658742904663,3.865559847326949e-05,-0.8860129714012146,-0.9405720233917236,0,0,0,0,19,True,True,active
31,3,1500.698974609375,870.0139770507812,-177.3404541015625,1.435297966003418,5.167072772979736,0.30187761783599854,0,1,0,0,0,31,0.1792697012424469,0.0,-0.009016081690788269,0.018783658742904663,3.865559847326949e-05,-0.8860129714012146,-0.9405720233917236,0,0,0,0,19,True,True,active
31,4,1500.698974609375,870.0139770507812,-177.3404541015625,1.435297966003418,5.167072772979736,0.30187761783599854,0,1,0,0,0,31,0.1792697012424469,0.0,-0.009016081690788269,0.018783658742904663,3.865559847326949e-05,-0.8860129714012146,-0.9405720233917236,0,0,0,0,19,True,True,active
31,5,1500.698974609375,870.0139770507812,-177.3404541015625,1.435297966003418,5.167072772979736,0.30187761783599854,0,1,0,0,0,31,0.1792697012424469,0.0,-0.009016081690788269,0.018783658742904663,3.865559847326949e-05,-0.8860129714012146,-0.9405720233917236,0,0,0,0,19,True,True,active
31,6,1500.698974609375,870.0139770507812,-177.3404541015625,1.435297966003418,5.167072772979736,0.30187761783599854,0,1,0,0,0,31,0.1792697012424469,0.0,-0.009016081690788269,0.018783658742904663,3.865559847326949e-05,-0.8860129714012146,-0.9405720233917236,0,0,0,0,19,True,True,active
31,7,1500.698974609375,870.0139770507812,-177.3404541015625,1.435297966003418,5.167072772979736,0.30187761783599854,0,1,0,0,0,31,0.1792697012424469,0.0,-0.009016081690788269,0.018783658742904663,3.865559847326949e-05,-0.8860129714012146,-0.9405720233917236,0,0,0,0,19,True,True,active
32,0,1500.6796875,870.014892578125,-177.34066772460938,1.4801244735717773,5.3284478187561035,0.32114076614379883,0,1,0,0,0,32,0.17927025258541107,0.0,-0.009009202942252159,0.018783658742904663,4.069010537932627e-05,-0.8860644698143005,-0.9406012296676636,0,0,0,0,20,True,True,active
32,1,1500.6796875,870.014892578125,-177.34066772460938,1.4801244735717773,5.3284478187561035,0.32114076614379883,0,1,0,0,0,32,0.17927025258541107,0.0,-0.009009202942252159,0.018783658742904663,4.069010537932627e-05,-0.8860644698143005,-0.9406012296676636,0,0,0,0,20,True,True,active
32,2,1500.6796875,870.014892578125,-177.34066772460938,1.4801244735717773,5.3284478187561035,0.32114076614379883,0,1,0,0,0,32,0.17927025258541107,0.0,-0.009009202942252159,0.018783658742904663,4.069010537932627e-05,-0.8860644698143005,-0.9406012296676636,0,0,0,0,20,True,True,active
32,3,1500.6796875,870.014892578125,-177.34066772460938,1.4801244735717773,5.3284478187561035,0.32114076614379883,0,1,0,0,0,32,0.17927025258541107,0.0,-0.009009202942252159,0.018783658742904663,4.069010537932627e-05,-0.8860644698143005,-0.9406012296676636,0,0,0,0,20,True,True,active
32,4,1500.6796875,870.014892578125,-177.34066772460938,1.4801244735717773,5.3284478187561035,0.32114076614379883,0,1,0,0,0,32,0.17927025258541107,0.0,-0.009009202942252159,0.018783658742904663,4.069010537932627e-05,-0.8860644698143005,-0.9406012296676636,0,0,0,0,20,True,True,active
32,5,1500.6796875,870.014892578125,-177.34066772460938,1.4801244735717773,5.3284478187561035,0.32114076614379883,0,1,0,0,0,32,0.17927025258541107,0.0,-0.009009202942252159,0.018783658742904663,4.069010537932627e-05,-0.8860644698143005,-0.9406012296676636,0,0,0,0,20,True,True,active
32,6,1500.6796875,870.014892578125,-177.34066772460938,1.4801244735717773,5.3284478187561035,0.32114076614379883,0,1,0,0,0,32,0.17927025258541107,0.0,-0.009009202942252159,0.018783658742904663,4.069010537932627e-05,-0.8860644698143005,-0.9406012296676636,0,0,0,0,20,True,True,active
32,7,1500.6796875,870.014892578125,-177.34066772460938,1.4801244735717773,5.3284478187561035,0.32114076614379883,0,1,0,0,0,32,0.17927025258541107,0.0,-0.009009202942252159,0.018783658742904663,4.069010537932627e-05,-0.8860644698143005,-0.9406012296676636,0,0,0,0,20,True,True,active
33,0,1500.659912109375,870.0158081054688,-177.3408966064453,1.5248606204986572,5.489498138427734,0.34098613262176514,0,1,0,0,0,33,0.17927081882953644,0.0,-0.009002222679555416,0.018783658742904663,4.323323810240254e-05,-0.8861172199249268,-0.9406239986419678,0,0,0,0,21,True,True,active
33,1,1500.659912109375,870.0158081054688,-177.3408966064453,1.5248606204986572,5.489498138427734,0.34098613262176514,0,1,0,0,0,33,0.17927081882953644,0.0,-0.009002222679555416,0.018783658742904663,4.323323810240254e-05,-0.8861172199249268,-0.9406239986419678,0,0,0,0,21,True,True,active
33,2,1500.659912109375,870.0158081054688,-177.3408966064453,1.5248606204986572,5.489498138427734,0.34098613262176514,0,1,0,0,0,33,0.17927081882953644,0.0,-0.009002222679555416,0.018783658742904663,4.323323810240254e-05,-0.8861172199249268,-0.9406239986419678,0,0,0,0,21,True,True,active
33,3,1500.659912109375,870.0158081054688,-177.3408966064453,1.5248606204986572,5.489498138427734,0.34098613262176514,0,1,0,0,0,33,0.17927081882953644,0.0,-0.009002222679555416,0.018783658742904663,4.323323810240254e-05,-0.8861172199249268,-0.9406239986419678,0,0,0,0,21,True,True,active
33,4,1500.659912109375,870.0158081054688,-177.3408966064453,1.5248606204986572,5.489498138427734,0.34098613262176514,0,1,0,0,0,33,0.17927081882953644,0.0,-0.009002222679555416,0.018783658742904663,4.323323810240254e-05,-0.8861172199249268,-0.9406239986419678,0,0,0,0,21,True,True,active
33,5,1500.659912109375,870.0158081054688,-177.3408966064453,1.5248606204986572,5.489498138427734,0.34098613262176514,0,1,0,0,0,33,0.17927081882953644,0.0,-0.009002222679555416,0.018783658742904663,4.323323810240254e-05,-0.8861172199249268,-0.9406239986419678,0,0,0,0,21,True,True,active
33,6,1500.659912109375,870.0158081054688,-177.3408966064453,1.5248606204986572,5.489498138427734,0.34098613262176514,0,1,0,0,0,33,0.17927081882953644,0.0,-0.009002222679555416,0.018783658742904663,4.323323810240254e-05,-0.8861172199249268,-0.9406239986419678,0,0,0,0,21,True,True,active
33,7,1500.659912109375,870.0158081054688,-177.3408966064453,1.5248606204986572,5.489498138427734,0.34098613262176514,0,1,0,0,0,33,0.17927081882953644,0.0,-0.009002222679555416,0.018783658742904663,4.323323810240254e-05,-0.8861172199249268,-0.9406239986419678,0,0,0,0,21,True,True,active
34,0,1500.6395263671875,870.0167846679688,-177.34112548828125,1.5695065259933472,5.650223255157471,0.36141255497932434,0,1,0,0,0,34,0.179271399974823,0.0,-0.008994984440505505,0.018783658742904663,4.5606826461153105e-05,-0.8861716985702515,-0.9406532049179077,0,0,0,0,22,True,True,active
34,1,1500.6395263671875,870.0167846679688,-177.34112548828125,1.5695065259933472,5.650223255157471,0.36141255497932434,0,1,0,0,0,34,0.179271399974823,0.0,-0.008994984440505505,0.018783658742904663,4.5606826461153105e-05,-0.8861716985702515,-0.9406532049179077,0,0,0,0,22,True,True,active
34,2,1500.6395263671875,870.0167846679688,-177.34112548828125,1.5695065259933472,5.650223255157471,0.36141255497932434,0,1,0,0,0,34,0.179271399974823,0.0,-0.008994984440505505,0.018783658742904663,4.5606826461153105e-05,-0.8861716985702515,-0.9406532049179077,0,0,0,0,22,True,True,active
34,3,1500.6395263671875,870.0167846679688,-177.34112548828125,1.5695065259933472,5.650223255157471,0.36141255497932434,0,1,0,0,0,34,0.179271399974823,0.0,-0.008994984440505505,0.018783658742904663,4.5606826461153105e-05,-0.8861716985702515,-0.9406532049179077,0,0,0,0,22,True,True,active
34,4,1500.6395263671875,870.0167846679688,-177.34112548828125,1.5695065259933472,5.650223255157471,0.36141255497932434,0,1,0,0,0,34,0.179271399974823,0.0,-0.008994984440505505,0.018783658742904663,4.5606826461153105e-05,-0.8861716985702515,-0.9406532049179077,0,0,0,0,22,True,True,active
34,5,1500.6395263671875,870.0167846679688,-177.34112548828125,1.5695065259933472,5.650223255157471,0.36141255497932434,0,1,0,0,0,34,0.179271399974823,0.0,-0.008994984440505505,0.018783658742904663,4.5606826461153105e-05,-0.8861716985702515,-0.9406532049179077,0,0,0,0,22,True,True,active
34,6,1500.6395263671875,870.0167846679688,-177.34112548828125,1.5695065259933472,5.650223255157471,0.36141255497932434,0,1,0,0,0,34,0.179271399974823,0.0,-0.008994984440505505,0.018783658742904663,4.5606826461153105e-05,-0.8861716985702515,-0.9406532049179077,0,0,0,0,22,True,True,active
34,7,1500.6395263671875,870.0167846679688,-177.34112548828125,1.5695065259933472,5.650223255157471,0.36141255497932434,0,1,0,0,0,34,0.179271399974823,0.0,-0.008994984440505505,0.018783658742904663,4.5606826461153105e-05,-0.8861716985702515,-0.9406532049179077,0,0,0,0,22,True,True,active
35,0,1500.6185302734375,870.0177612304688,-177.34136962890625,1.6140626668930054,5.8106255531311035,0.3824188709259033,0,1,0,0,0,35,0.17927201092243195,0.0,-0.008987516164779663,0.018783658742904663,4.831949991057627e-05,-0.8862277269363403,-0.9406824111938477,0,0,0,0,23,True,True,active
35,1,1500.6185302734375,870.0177612304688,-177.34136962890625,1.6140626668930054,5.8106255531311035,0.3824188709259033,0,1,0,0,0,35,0.17927201092243195,0.0,-0.008987516164779663,0.018783658742904663,4.831949991057627e-05,-0.8862277269363403,-0.9406824111938477,0,0,0,0,23,True,True,active
35,2,1500.6185302734375,870.0177612304688,-177.34136962890625,1.6140626668930054,5.8106255531311035,0.3824188709259033,0,1,0,0,0,35,0.17927201092243195,0.0,-0.008987516164779663,0.018783658742904663,4.831949991057627e-05,-0.8862277269363403,-0.9406824111938477,0,0,0,0,23,True,True,active
35,3,1500.6185302734375,870.0177612304688,-177.34136962890625,1.6140626668930054,5.8106255531311035,0.3824188709259033,0,1,0,0,0,35,0.17927201092243195,0.0,-0.008987516164779663,0.018783658742904663,4.831949991057627e-05,-0.8862277269363403,-0.9406824111938477,0,0,0,0,23,True,True,active
35,4,1500.6185302734375,870.0177612304688,-177.34136962890625,1.6140626668930054,5.8106255531311035,0.3824188709259033,0,1,0,0,0,35,0.17927201092243195,0.0,-0.008987516164779663,0.018783658742904663,4.831949991057627e-05,-0.8862277269363403,-0.9406824111938477,0,0,0,0,23,True,True,active
35,5,1500.6185302734375,870.0177612304688,-177.34136962890625,1.6140626668930054,5.8106255531311035,0.3824188709259033,0,1,0,0,0,35,0.17927201092243195,0.0,-0.008987516164779663,0.018783658742904663,4.831949991057627e-05,-0.8862277269363403,-0.9406824111938477,0,0,0,0,23,True,True,active
35,6,1500.6185302734375,870.0177612304688,-177.34136962890625,1.6140626668930054,5.8106255531311035,0.3824188709259033,0,1,0,0,0,35,0.17927201092243195,0.0,-0.008987516164779663,0.018783658742904663,4.831949991057627e-05,-0.8862277269363403,-0.9406824111938477,0,0,0,0,23,True,True,active
35,7,1500.6185302734375,870.0177612304688,-177.34136962890625,1.6140626668930054,5.8106255531311035,0.3824188709259033,0,1,0,0,0,35,0.17927201092243195,0.0,-0.008987516164779663,0.018783658742904663,4.831949991057627e-05,-0.8862277269363403,-0.9406824111938477,0,0,0,0,23,True,True,active
36,0,1500.596923828125,870.0187377929688,-177.34161376953125,1.6585289239883423,5.970704078674316,0.40400388836860657,0,1,0,0,0,36,0.1792726367712021,0.0,-0.00897984765470028,0.018783658742904663,5.120171408634633e-05,-0.8862854242324829,-0.9407116770744324,0,0,0,0,24,True,True,active
36,1,1500.596923828125,870.0187377929688,-177.34161376953125,1.6585289239883423,5.970704078674316,0.40400388836860657,0,1,0,0,0,36,0.1792726367712021,0.0,-0.00897984765470028,0.018783658742904663,5.120171408634633e-05,-0.8862854242324829,-0.9407116770744324,0,0,0,0,24,True,True,active
36,2,1500.596923828125,870.0187377929688,-177.34161376953125,1.6585289239883423,5.970704078674316,0.40400388836860657,0,1,0,0,0,36,0.1792726367712021,0.0,-0.00897984765470028,0.018783658742904663,5.120171408634633e-05,-0.8862854242324829,-0.9407116770744324,0,0,0,0,24,True,True,active
36,3,1500.596923828125,870.0187377929688,-177.34161376953125,1.6585289239883423,5.970704078674316,0.40400388836860657,0,1,0,0,0,36,0.1792726367712021,0.0,-0.00897984765470028,0.018783658742904663,5.120171408634633e-05,-0.8862854242324829,-0.9407116770744324,0,0,0,0,24,True,True,active
36,4,1500.596923828125,870.0187377929688,-177.34161376953125,1.6585289239883423,5.970704078674316,0.40400388836860657,0,1,0,0,0,36,0.1792726367712021,0.0,-0.00897984765470028,0.018783658742904663,5.120171408634633e-05,-0.8862854242324829,-0.9407116770744324,0,0,0,0,24,True,True,active
36,5,1500.596923828125,870.0187377929688,-177.34161376953125,1.6585289239883423,5.970704078674316,0.40400388836860657,0,1,0,0,0,36,0.1792726367712021,0.0,-0.00897984765470028,0.018783658742904663,5.120171408634633e-05,-0.8862854242324829,-0.9407116770744324,0,0,0,0,24,True,True,active
36,6,1500.596923828125,870.0187377929688,-177.34161376953125,1.6585289239883423,5.970704078674316,0.40400388836860657,0,1,0,0,0,36,0.1792726367712021,0.0,-0.00897984765470028,0.018783658742904663,5.120171408634633e-05,-0.8862854242324829,-0.9407116770744324,0,0,0,0,24,True,True,active
36,7,1500.596923828125,870.0187377929688,-177.34161376953125,1.6585289239883423,5.970704078674316,0.40400388836860657,0,1,0,0,0,36,0.1792726367712021,0.0,-0.00897984765470028,0.018783658742904663,5.120171408634633e-05,-0.8862854242324829,-0.9407116770744324,0,0,0,0,24,True,True,active
37,0,1500.5748291015625,870.019775390625,-177.34185791015625,1.7029056549072266,6.130460262298584,0.42616644501686096,0,1,0,0,0,37,0.17927326261997223,0.0,-0.008971992880105972,0.018783658742904663,5.391438753576949e-05,-0.8863443732261658,-0.9407408833503723,0,0,0,0,25,True,True,active
37,1,1500.5748291015625,870.019775390625,-177.34185791015625,1.7029056549072266,6.130460262298584,0.42616644501686096,0,1,0,0,0,37,0.17927326261997223,0.0,-0.008971992880105972,0.018783658742904663,5.391438753576949e-05,-0.8863443732261658,-0.9407408833503723,0,0,0,0,25,True,True,active
37,2,1500.5748291015625,870.019775390625,-177.34185791015625,1.7029056549072266,6.130460262298584,0.42616644501686096,0,1,0,0,0,37,0.17927326261997223,0.0,-0.008971992880105972,0.018783658742904663,5.391438753576949e-05,-0.8863443732261658,-0.9407408833503723,0,0,0,0,25,True,True,active
37,3,1500.5748291015625,870.019775390625,-177.34185791015625,1.7029056549072266,6.130460262298584,0.42616644501686096,0,1,0,0,0,37,0.17927326261997223,0.0,-0.008971992880105972,0.018783658742904663,5.391438753576949e-05,-0.8863443732261658,-0.9407408833503723,0,0,0,0,25,True,True,active
37,4,1500.5748291015625,870.019775390625,-177.34185791015625,1.7029056549072266,6.130460262298584,0.42616644501686096,0,1,0,0,0,37,0.17927326261997223,0.0,-0.008971992880105972,0.018783658742904663,5.391438753576949e-05,-0.8863443732261658,-0.9407408833503723,0,0,0,0,25,True,True,active
37,5,1500.5748291015625,870.019775390625,-177.34185791015625,1.7029056549072266,6.130460262298584,0.42616644501686096,0,1,0,0,0,37,0.17927326261997223,0.0,-0.008971992880105972,0.018783658742904663,5.391438753576949e-05,-0.8863443732261658,-0.9407408833503723,0,0,0,0,25,True,True,active
37,6,1500.5748291015625,870.019775390625,-177.34185791015625,1.7029056549072266,6.130460262298584,0.42616644501686096,0,1,0,0,0,37,0.17927326261997223,0.0,-0.008971992880105972,0.018783658742904663,5.391438753576949e-05,-0.8863443732261658,-0.9407408833503723,0,0,0,0,25,True,True,active
37,7,1500.5748291015625,870.019775390625,-177.34185791015625,1.7029056549072266,6.130460262298584,0.42616644501686096,0,1,0,0,0,37,0.17927326261997223,0.0,-0.008971992880105972,0.018783658742904663,5.391438753576949e-05,-0.8863443732261658,-0.9407408833503723,0,0,0,0,25,True,True,active
38,0,1500.5521240234375,870.0208129882812,-177.3421173095703,1.7471928596496582,6.289894104003906,0.4489053785800934,0,1,0,0,0,38,0.17927391827106476,0.0,-0.008963984437286854,0.018783658742904663,5.6966146075865254e-05,-0.8864049911499023,-0.9407774209976196,0,0,0,0,26,True,True,active
38,1,1500.5521240234375,870.0208129882812,-177.3421173095703,1.7471928596496582,6.289894104003906,0.4489053785800934,0,1,0,0,0,38,0.17927391827106476,0.0,-0.008963984437286854,0.018783658742904663,5.6966146075865254e-05,-0.8864049911499023,-0.9407774209976196,0,0,0,0,26,True,True,active
38,2,1500.5521240234375,870.0208129882812,-177.3421173095703,1.7471928596496582,6.289894104003906,0.4489053785800934,0,1,0,0,0,38,0.17927391827106476,0.0,-0.008963984437286854,0.018783658742904663,5.6966146075865254e-05,-0.8864049911499023,-0.9407774209976196,0,0,0,0,26,True,True,active
38,3,1500.5521240234375,870.0208129882812,-177.3421173095703,1.7471928596496582,6.289894104003906,0.4489053785800934,0,1,0,0,0,38,0.17927391827106476,0.0,-0.008963984437286854,0.018783658742904663,5.6966146075865254e-05,-0.8864049911499023,-0.9407774209976196,0,0,0,0,26,True,True,active
38,4,1500.5521240234375,870.0208129882812,-177.3421173095703,1.7471928596496582,6.289894104003906,0.4489053785800934,0,1,0,0,0,38,0.17927391827106476,0.0,-0.008963984437286854,0.018783658742904663,5.6966146075865254e-05,-0.8864049911499023,-0.9407774209976196,0,0,0,0,26,True,True,active
38,5,1500.5521240234375,870.0208129882812,-177.3421173095703,1.7471928596496582,6.289894104003906,0.4489053785800934,0,1,0,0,0,38,0.17927391827106476,0.0,-0.008963984437286854,0.018783658742904663,5.6966146075865254e-05,-0.8864049911499023,-0.9407774209976196,0,0,0,0,26,True,True,active
38,6,1500.5521240234375,870.0208129882812,-177.3421173095703,1.7471928596496582,6.289894104003906,0.4489053785800934,0,1,0,0,0,38,0.17927391827106476,0.0,-0.008963984437286854,0.018783658742904663,5.6966146075865254e-05,-0.8864049911499023,-0.9407774209976196,0,0,0,0,26,True,True,active
38,7,1500.5521240234375,870.0208129882812,-177.3421173095703,1.7471928596496582,6.289894104003906,0.4489053785800934,0,1,0,0,0,38,0.17927391827106476,0.0,-0.008963984437286854,0.018783658742904663,5.6966146075865254e-05,-0.8864049911499023,-0.9407774209976196,0,0,0,0,26,True,True,active
39,0,1500.52880859375,870.0219116210938,-177.34237670898438,1.7913906574249268,6.449006080627441,0.4722195267677307,0,1,0,0,0,39,0.17927458882331848,0.0,-0.008955707773566246,0.018783658742904663,5.967881952528842e-05,-0.8864672183990479,-0.9408066272735596,0,0,0,0,27,True,True,active
39,1,1500.52880859375,870.0219116210938,-177.34237670898438,1.7913906574249268,6.449006080627441,0.4722195267677307,0,1,0,0,0,39,0.17927458882331848,0.0,-0.008955707773566246,0.018783658742904663,5.967881952528842e-05,-0.8864672183990479,-0.9408066272735596,0,0,0,0,27,True,True,active
39,2,1500.52880859375,870.0219116210938,-177.34237670898438,1.7913906574249268,6.449006080627441,0.4722195267677307,0,1,0,0,0,39,0.17927458882331848,0.0,-0.008955707773566246,0.018783658742904663,5.967881952528842e-05,-0.8864672183990479,-0.9408066272735596,0,0,0,0,27,True,True,active
39,3,1500.52880859375,870.0219116210938,-177.34237670898438,1.7913906574249268,6.449006080627441,0.4722195267677307,0,1,0,0,0,39,0.17927458882331848,0.0,-0.008955707773566246,0.018783658742904663,5.967881952528842e-05,-0.8864672183990479,-0.9408066272735596,0,0,0,0,27,True,True,active
39,4,1500.52880859375,870.0219116210938,-177.34237670898438,1.7913906574249268,6.449006080627441,0.4722195267677307,0,1,0,0,0,39,0.17927458882331848,0.0,-0.008955707773566246,0.018783658742904663,5.967881952528842e-05,-0.8864672183990479,-0.9408066272735596,0,0,0,0,27,True,True,active
39,5,1500.52880859375,870.0219116210938,-177.34237670898438,1.7913906574249268,6.449006080627441,0.4722195267677307,0,1,0,0,0,39,0.17927458882331848,0.0,-0.008955707773566246,0.018783658742904663,5.967881952528842e-05,-0.8864672183990479,-0.9408066272735596,0,0,0,0,27,True,True,active
39,6,1500.52880859375,870.0219116210938,-177.34237670898438,1.7913906574249268,6.449006080627441,0.4722195267677307,0,1,0,0,0,39,0.17927458882331848,0.0,-0.008955707773566246,0.018783658742904663,5.967881952528842e-05,-0.8864672183990479,-0.9408066272735596,0,0,0,0,27,True,True,active
39,7,1500.52880859375,870.0219116210938,-177.34237670898438,1.7913906574249268,6.449006080627441,0.4722195267677307,0,1,0,0,0,39,0.17927458882331848,0.0,-0.008955707773566246,0.018783658742904663,5.967881952528842e-05,-0.8864672183990479,-0.9408066272735596,0,0,0,0,27,True,True,active
40,0,1500.5050048828125,870.0230102539062,-177.3426513671875,1.8354994058609009,6.607797622680664,0.49610772728919983,0,1,0,0,0,40,0.1792752742767334,0.0,-0.008947203867137432,0.018783658742904663,6.290012242970988e-05,-0.8865307569503784,-0.9408431649208069,0,0,0,0,28,True,True,active
40,1,1500.5050048828125,870.0230102539062,-177.3426513671875,1.8354994058609009,6.607797622680664,0.49610772728919983,0,1,0,0,0,40,0.1792752742767334,0.0,-0.008947203867137432,0.018783658742904663,6.290012242970988e-05,-0.8865307569503784,-0.9408431649208069,0,0,0,0,28,True,True,active
40,2,1500.5050048828125,870.0230102539062,-177.3426513671875,1.8354994058609009,6.607797622680664,0.49610772728919983,0,1,0,0,0,40,0.1792752742767334,0.0,-0.008947203867137432,0.018783658742904663,6.290012242970988e-05,-0.8865307569503784,-0.9408431649208069,0,0,0,0,28,True,True,active
40,3,1500.5050048828125,870.0230102539062,-177.3426513671875,1.8354994058609009,6.607797622680664,0.49610772728919983,0,1,0,0,0,40,0.1792752742767334,0.0,-0.008947203867137432,0.018783658742904663,6.290012242970988e-05,-0.8865307569503784,-0.9408431649208069,0,0,0,0,28,True,True,active
40,4,1500.5050048828125,870.0230102539062,-177.3426513671875,1.8354994058609009,6.607797622680664,0.49610772728919983,0,1,0,0,0,40,0.1792752742767334,0.0,-0.008947203867137432,0.018783658742904663,6.290012242970988e-05,-0.8865307569503784,-0.9408431649208069,0,0,0,0,28,True,True,active
40,5,1500.5050048828125,870.0230102539062,-177.3426513671875,1.8354994058609009,6.607797622680664,0.49610772728919983,0,1,0,0,0,40,0.1792752742767334,0.0,-0.008947203867137432,0.018783658742904663,6.290012242970988e-05,-0.8865307569503784,-0.9408431649208069,0,0,0,0,28,True,True,active
40,6,1500.5050048828125,870.0230102539062,-177.3426513671875,1.8354994058609009,6.607797622680664,0.49610772728919983,0,1,0,0,0,40,0.1792752742767334,0.0,-0.008947203867137432,0.018783658742904663,6.290012242970988e-05,-0.8865307569503784,-0.9408431649208069,0,0,0,0,28,True,True,active
40,7,1500.5050048828125,870.0230102539062,-177.3426513671875,1.8354994058609009,6.607797622680664,0.49610772728919983,0,1,0,0,0,40,0.1792752742767334,0.0,-0.008947203867137432,0.018783658742904663,6.290012242970988e-05,-0.8865307569503784,-0.9408431649208069,0,0,0,0,28,True,True,active
41,0,1500.4805908203125,870.024169921875,-177.34292602539062,1.8795192241668701,6.766269207000732,0.52056884765625,0,1,0,0,0,41,0.1792759895324707,0.0,-0.008938477374613285,0.018783658742904663,6.561279587913305e-05,-0.8865959644317627,-0.9408732056617737,0,0,0,0,29,True,True,active
41,1,1500.4805908203125,870.024169921875,-177.34292602539062,1.8795192241668701,6.766269207000732,0.52056884765625,0,1,0,0,0,41,0.1792759895324707,0.0,-0.008938477374613285,0.018783658742904663,6.561279587913305e-05,-0.8865959644317627,-0.9408732056617737,0,0,0,0,29,True,True,active
41,2,1500.4805908203125,870.024169921875,-177.34292602539062,1.8795192241668701,6.766269207000732,0.52056884765625,0,1,0,0,0,41,0.1792759895324707,0.0,-0.008938477374613285,0.018783658742904663,6.561279587913305e-05,-0.8865959644317627,-0.9408732056617737,0,0,0,0,29,True,True,active
41,3,1500.4805908203125,870.024169921875,-177.34292602539062,1.8795192241668701,6.766269207000732,0.52056884765625,0,1,0,0,0,41,0.1792759895324707,0.0,-0.008938477374613285,0.018783658742904663,6.561279587913305e-05,-0.8865959644317627,-0.9408732056617737,0,0,0,0,29,True,True,active
41,4,1500.4805908203125,870.024169921875,-177.34292602539062,1.8795192241668701,6.766269207000732,0.52056884765625,0,1,0,0,0,41,0.1792759895324707,0.0,-0.008938477374613285,0.018783658742904663,6.561279587913305e-05,-0.8865959644317627,-0.9408732056617737,0,0,0,0,29,True,True,active
41,5,1500.4805908203125,870.024169921875,-177.34292602539062,1.8795192241668701,6.766269207000732,0.52056884765625,0,1,0,0,0,41,0.1792759895324707,0.0,-0.008938477374613285,0.018783658742904663,6.561279587913305e-05,-0.8865959644317627,-0.9408732056617737,0,0,0,0,29,True,True,active
41,6,1500.4805908203125,870.024169921875,-177.34292602539062,1.8795192241668701,6.766269207000732,0.52056884765625,0,1,0,0,0,41,0.1792759895324707,0.0,-0.008938477374613285,0.018783658742904663,6.561279587913305e-05,-0.8865959644317627,-0.9408732056617737,0,0,0,0,29,True,True,active
41,7,1500.4805908203125,870.024169921875,-177.34292602539062,1.8795192241668701,6.766269207000732,0.52056884765625,0,1,0,0,0,41,0.1792759895324707,0.0,-0.008938477374613285,0.018783658742904663,6.561279587913305e-05,-0.8865959644317627,-0.9408732056617737,0,0,0,0,29,True,True,active
42,0,1500.45556640625,870.0253295898438,-177.3432159423828,1.9234501123428345,6.924420356750488,0.5456016659736633,0,1,0,0,0,42,0.179276704788208,0.0,-0.008929616771638393,0.018783658742904663,6.90036395099014e-05,-0.8866627812385559,-0.940909743309021,0,0,0,0,30,True,True,active
42,1,1500.45556640625,870.0253295898438,-177.3432159423828,1.9234501123428345,6.924420356750488,0.5456016659736633,0,1,0,0,0,42,0.179276704788208,0.0,-0.008929616771638393,0.018783658742904663,6.90036395099014e-05,-0.8866627812385559,-0.940909743309021,0,0,0,0,30,True,True,active
42,2,1500.45556640625,870.0253295898438,-177.3432159423828,1.9234501123428345,6.924420356750488,0.5456016659736633,0,1,0,0,0,42,0.179276704788208,0.0,-0.008929616771638393,0.018783658742904663,6.90036395099014e-05,-0.8866627812385559,-0.940909743309021,0,0,0,0,30,True,True,active
42,3,1500.45556640625,870.0253295898438,-177.3432159423828,1.9234501123428345,6.924420356750488,0.5456016659736633,0,1,0,0,0,42,0.179276704788208,0.0,-0.008929616771638393,0.018783658742904663,6.90036395099014e-05,-0.8866627812385559,-0.940909743309021,0,0,0,0,30,True,True,active
42,4,1500.45556640625,870.0253295898438,-177.3432159423828,1.9234501123428345,6.924420356750488,0.5456016659736633,0,1,0,0,0,42,0.179276704788208,0.0,-0.008929616771638393,0.018783658742904663,6.90036395099014e-05,-0.8866627812385559,-0.940909743309021,0,0,0,0,30,True,True,active
42,5,1500.45556640625,870.0253295898438,-177.3432159423828,1.9234501123428345,6.924420356750488,0.5456016659736633,0,1,0,0,0,42,0.179276704788208,0.0,-0.008929616771638393,0.018783658742904663,6.90036395099014e-05,-0.8866627812385559,-0.940909743309021,0,0,0,0,30,True,True,active
42,6,1500.45556640625,870.0253295898438,-177.3432159423828,1.9234501123428345,6.924420356750488,0.5456016659736633,0,1,0,0,0,42,0.179276704788208,0.0,-0.008929616771638393,0.018783658742904663,6.90036395099014e-05,-0.8866627812385559,-0.940909743309021,0,0,0,0,30,True,True,active
42,7,1500.45556640625,870.0253295898438,-177.3432159423828,1.9234501123428345,6.924420356750488,0.5456016659736633,0,1,0,0,0,42,0.179276704788208,0.0,-0.008929616771638393,0.018783658742904663,6.90036395099014e-05,-0.8866627812385559,-0.940909743309021,0,0,0,0,30,True,True,active
43,0,1500.429931640625,870.0264892578125,-177.343505859375,1.9672924280166626,7.082252502441406,0.5712050795555115,0,1,0,0,0,43,0.1792774498462677,0.0,-0.00892034824937582,0.018783658742904663,7.256402022903785e-05,-0.8867312073707581,-0.9409462809562683,0,0,0,0,31,True,True,active
43,1,1500.429931640625,870.0264892578125,-177.343505859375,1.9672924280166626,7.082252502441406,0.5712050795555115,0,1,0,0,0,43,0.1792774498462677,0.0,-0.00892034824937582,0.018783658742904663,7.256402022903785e-05,-0.8867312073707581,-0.9409462809562683,0,0,0,0,31,True,True,active
43,2,1500.429931640625,870.0264892578125,-177.343505859375,1.9672924280166626,7.082252502441406,0.5712050795555115,0,1,0,0,0,43,0.1792774498462677,0.0,-0.00892034824937582,0.018783658742904663,7.256402022903785e-05,-0.8867312073707581,-0.9409462809562683,0,0,0,0,31,True,True,active
43,3,1500.429931640625,870.0264892578125,-177.343505859375,1.9672924280166626,7.082252502441406,0.5712050795555115,0,1,0,0,0,43,0.1792774498462677,0.0,-0.00892034824937582,0.018783658742904663,7.256402022903785e-05,-0.8867312073707581,-0.9409462809562683,0,0,0,0,31,True,True,active
43,4,1500.429931640625,870.0264892578125,-177.343505859375,1.9672924280166626,7.082252502441406,0.5712050795555115,0,1,0,0,0,43,0.1792774498462677,0.0,-0.00892034824937582,0.018783658742904663,7.256402022903785e-05,-0.8867312073707581,-0.9409462809562683,0,0,0,0,31,True,True,active
43,5,1500.429931640625,870.0264892578125,-177.343505859375,1.9672924280166626,7.082252502441406,0.5712050795555115,0,1,0,0,0,43,0.1792774498462677,0.0,-0.00892034824937582,0.018783658742904663,7.256402022903785e-05,-0.8867312073707581,-0.9409462809562683,0,0,0,0,31,True,True,active
43,6,1500.429931640625,870.0264892578125,-177.343505859375,1.9672924280166626,7.082252502441406,0.5712050795555115,0,1,0,0,0,43,0.1792774498462677,0.0,-0.00892034824937582,0.018783658742904663,7.256402022903785e-05,-0.8867312073707581,-0.9409462809562683,0,0,0,0,31,True,True,active
43,7,1500.429931640625,870.0264892578125,-177.343505859375,1.9672924280166626,7.082252502441406,0.5712050795555115,0,1,0,0,0,43,0.1792774498462677,0.0,-0.00892034824937582,0.018783658742904663,7.256402022903785e-05,-0.8867312073707581,-0.9409462809562683,0,0,0,0,31,True,True,active
44,0,1500.40380859375,870.0277099609375,-177.3437957763672,2.0110461711883545,7.2397661209106445,0.5973779559135437,0,1,0,0,0,44,0.1792781949043274,0.0,-0.008911091834306717,0.018783658742904663,7.56157751311548e-05,-0.8868009448051453,-0.9409828186035156,0,0,0,0,32,True,True,active
44,1,1500.40380859375,870.0277099609375,-177.3437957763672,2.0110461711883545,7.2397661209106445,0.5973779559135437,0,1,0,0,0,44,0.1792781949043274,0.0,-0.008911091834306717,0.018783658742904663,7.56157751311548e-05,-0.8868009448051453,-0.9409828186035156,0,0,0,0,32,True,True,active
44,2,1500.40380859375,870.0277099609375,-177.3437957763672,2.0110461711883545,7.2397661209106445,0.5973779559135437,0,1,0,0,0,44,0.1792781949043274,0.0,-0.008911091834306717,0.018783658742904663,7.56157751311548e-05,-0.8868009448051453,-0.9409828186035156,0,0,0,0,32,True,True,active
44,3,1500.40380859375,870.0277099609375,-177.3437957763672,2.0110461711883545,7.2397661209106445,0.5973779559135437,0,1,0,0,0,44,0.1792781949043274,0.0,-0.008911091834306717,0.018783658742904663,7.56157751311548e-05,-0.8868009448051453,-0.9409828186035156,0,0,0,0,32,True,True,active
44,4,1500.40380859375,870.0277099609375,-177.3437957763672,2.0110461711883545,7.2397661209106445,0.5973779559135437,0,1,0,0,0,44,0.1792781949043274,0.0,-0.008911091834306717,0.018783658742904663,7.56157751311548e-05,-0.8868009448051453,-0.9409828186035156,0,0,0,0,32,True,True,active
44,5,1500.40380859375,870.0277099609375,-177.3437957763672,2.0110461711883545,7.2397661209106445,0.5973779559135437,0,1,0,0,0,44,0.1792781949043274,0.0,-0.008911091834306717,0.018783658742904663,7.56157751311548e-05,-0.8868009448051453,-0.9409828186035156,0,0,0,0,32,True,True,active
44,6,1500.40380859375,870.0277099609375,-177.3437957763672,2.0110461711883545,7.2397661209106445,0.5973779559135437,0,1,0,0,0,44,0.1792781949043274,0.0,-0.008911091834306717,0.018783658742904663,7.56157751311548e-05,-0.8868009448051453,-0.9409828186035156,0,0,0,0,32,True,True,active
44,7,1500.40380859375,870.0277099609375,-177.3437957763672,2.0110461711883545,7.2397661209106445,0.5973779559135437,0,1,0,0,0,44,0.1792781949043274,0.0,-0.008911091834306717,0.018783658742904663,7.56157751311548e-05,-0.8868009448051453,-0.9409828186035156,0,0,0,0,32,True,True,active
45,0,1500.3770751953125,870.0289306640625,-177.34410095214844,2.0547115802764893,7.396961688995361,0.6241191029548645,0,1,0,0,0,45,0.17927896976470947,0.0,-0.008901584893465042,0.018783658742904663,7.951524457894266e-05,-0.8868722915649414,-0.9410266280174255,0,0,0,0,33,True,True,active
45,1,1500.3770751953125,870.0289306640625,-177.34410095214844,2.0547115802764893,7.396961688995361,0.6241191029548645,0,1,0,0,0,45,0.17927896976470947,0.0,-0.008901584893465042,0.018783658742904663,7.951524457894266e-05,-0.8868722915649414,-0.9410266280174255,0,0,0,0,33,True,True,active
45,2,1500.3770751953125,870.0289306640625,-177.34410095214844,2.0547115802764893,7.396961688995361,0.6241191029548645,0,1,0,0,0,45,0.17927896976470947,0.0,-0.008901584893465042,0.018783658742904663,7.951524457894266e-05,-0.8868722915649414,-0.9410266280174255,0,0,0,0,33,True,True,active
45,3,1500.3770751953125,870.0289306640625,-177.34410095214844,2.0547115802764893,7.396961688995361,0.6241191029548645,0,1,0,0,0,45,0.17927896976470947,0.0,-0.008901584893465042,0.018783658742904663,7.951524457894266e-05,-0.8868722915649414,-0.9410266280174255,0,0,0,0,33,True,True,active
45,4,1500.3770751953125,870.0289306640625,-177.34410095214844,2.0547115802764893,7.396961688995361,0.6241191029548645,0,1,0,0,0,45,0.17927896976470947,0.0,-0.008901584893465042,0.018783658742904663,7.951524457894266e-05,-0.8868722915649414,-0.9410266280174255,0,0,0,0,33,True,True,active
45,5,1500.3770751953125,870.0289306640625,-177.34410095214844,2.0547115802764893,7.396961688995361,0.6241191029548645,0,1,0,0,0,45,0.17927896976470947,0.0,-0.008901584893465042,0.018783658742904663,7.951524457894266e-05,-0.8868722915649414,-0.9410266280174255,0,0,0,0,33,True,True,active
45,6,1500.3770751953125,870.0289306640625,-177.34410095214844,2.0547115802764893,7.396961688995361,0.6241191029548645,0,1,0,0,0,45,0.17927896976470947,0.0,-0.008901584893465042,0.018783658742904663,7.951524457894266e-05,-0.8868722915649414,-0.9410266280174255,0,0,0,0,33,True,True,active
45,7,1500.3770751953125,870.0289306640625,-177.34410095214844,2.0547115802764893,7.396961688995361,0.6241191029548645,0,1,0,0,0,45,0.17927896976470947,0.0,-0.008901584893465042,0.018783658742904663,7.951524457894266e-05,-0.8868722915649414,-0.9410266280174255,0,0,0,0,33,True,True,active
46,0,1500.349853515625,870.0302124023438,-177.3444061279297,2.0982887744903564,7.553839206695557,0.6514273881912231,0,1,0,0,0,46,0.17927975952625275,0.0,-0.008891887031495571,0.018783658742904663,8.256700675701723e-05,-0.8869449496269226,-0.9410558938980103,0,0,0,0,34,True,True,active
46,1,1500.349853515625,870.0302124023438,-177.3444061279297,2.0982887744903564,7.553839206695557,0.6514273881912231,0,1,0,0,0,46,0.17927975952625275,0.0,-0.008891887031495571,0.018783658742904663,8.256700675701723e-05,-0.8869449496269226,-0.9410558938980103,0,0,0,0,34,True,True,active
46,2,1500.349853515625,870.0302124023438,-177.3444061279297,2.0982887744903564,7.553839206695557,0.6514273881912231,0,1,0,0,0,46,0.17927975952625275,0.0,-0.008891887031495571,0.018783658742904663,8.256700675701723e-05,-0.8869449496269226,-0.9410558938980103,0,0,0,0,34,True,True,active
46,3,1500.349853515625,870.0302124023438,-177.3444061279297,2.0982887744903564,7.553839206695557,0.6514273881912231,0,1,0,0,0,46,0.17927975952625275,0.0,-0.008891887031495571,0.018783658742904663,8.256700675701723e-05,-0.8869449496269226,-0.9410558938980103,0,0,0,0,34,True,True,active
46,4,1500.349853515625,870.0302124023438,-177.3444061279297,2.0982887744903564,7.553839206695557,0.6514273881912231,0,1,0,0,0,46,0.17927975952625275,0.0,-0.008891887031495571,0.018783658742904663,8.256700675701723e-05,-0.8869449496269226,-0.9410558938980103,0,0,0,0,34,True,True,active
46,5,1500.349853515625,870.0302124023438,-177.3444061279297,2.0982887744903564,7.553839206695557,0.6514273881912231,0,1,0,0,0,46,0.17927975952625275,0.0,-0.008891887031495571,0.018783658742904663,8.256700675701723e-05,-0.8869449496269226,-0.9410558938980103,0,0,0,0,34,True,True,active
46,6,1500.349853515625,870.0302124023438,-177.3444061279297,2.0982887744903564,7.553839206695557,0.6514273881912231,0,1,0,0,0,46,0.17927975952625275,0.0,-0.008891887031495571,0.018783658742904663,8.256700675701723e-05,-0.8869449496269226,-0.9410558938980103,0,0,0,0,34,True,True,active
46,7,1500.349853515625,870.0302124023438,-177.3444061279297,2.0982887744903564,7.553839206695557,0.6514273881912231,0,1,0,0,0,46,0.17927975952625275,0.0,-0.008891887031495571,0.018783658742904663,8.256700675701723e-05,-0.8869449496269226,-0.9410558938980103,0,0,0,0,34,True,True,active
47,0,1500.322021484375,870.031494140625,-177.3447265625,2.141777992248535,7.710400581359863,0.6793016791343689,0,1,0,0,0,47,0.17928056418895721,0.0,-0.00888199731707573,0.018783658742904663,8.629693184047937e-05,-0.8870192766189575,-0.9410997033119202,0,0,0,0,35,True,True,active
47,1,1500.322021484375,870.031494140625,-177.3447265625,2.141777992248535,7.710400581359863,0.6793016791343689,0,1,0,0,0,47,0.17928056418895721,0.0,-0.00888199731707573,0.018783658742904663,8.629693184047937e-05,-0.8870192766189575,-0.9410997033119202,0,0,0,0,35,True,True,active
47,2,1500.322021484375,870.031494140625,-177.3447265625,2.141777992248535,7.710400581359863,0.6793016791343689,0,1,0,0,0,47,0.17928056418895721,0.0,-0.00888199731707573,0.018783658742904663,8.629693184047937e-05,-0.8870192766189575,-0.9410997033119202,0,0,0,0,35,True,True,active
47,3,1500.322021484375,870.031494140625,-177.3447265625,2.141777992248535,7.710400581359863,0.6793016791343689,0,1,0,0,0,47,0.17928056418895721,0.0,-0.00888199731707573,0.018783658742904663,8.629693184047937e-05,-0.8870192766189575,-0.9410997033119202,0,0,0,0,35,True,True,active
47,4,1500.322021484375,870.031494140625,-177.3447265625,2.141777992248535,7.710400581359863,0.6793016791343689,0,1,0,0,0,47,0.17928056418895721,0.0,-0.00888199731707573,0.018783658742904663,8.629693184047937e-05,-0.8870192766189575,-0.9410997033119202,0,0,0,0,35,True,True,active
47,5,1500.322021484375,870.031494140625,-177.3447265625,2.141777992248535,7.710400581359863,0.6793016791343689,0,1,0,0,0,47,0.17928056418895721,0.0,-0.00888199731707573,0.018783658742904663,8.629693184047937e-05,-0.8870192766189575,-0.9410997033119202,0,0,0,0,35,True,True,active
47,6,1500.322021484375,870.031494140625,-177.3447265625,2.141777992248535,7.710400581359863,0.6793016791343689,0,1,0,0,0,47,0.17928056418895721,0.0,-0.00888199731707573,0.018783658742904663,8.629693184047937e-05,-0.8870192766189575,-0.9410997033119202,0,0,0,0,35,True,True,active
47,7,1500.322021484375,870.031494140625,-177.3447265625,2.141777992248535,7.710400581359863,0.6793016791343689,0,1,0,0,0,47,0.17928056418895721,0.0,-0.00888199731707573,0.018783658742904663,8.629693184047937e-05,-0.8870192766189575,-0.9410997033119202,0,0,0,0,35,True,True,active
48,0,1500.2935791015625,870.0328369140625,-177.3450469970703,2.1851794719696045,7.866645812988281,0.7077407836914062,0,1,0,0,0,48,0.17928138375282288,0.0,-0.008871822617948055,0.018783658742904663,8.951823110692203e-05,-0.8870952129364014,-0.9411370754241943,0,0,0,0,36,True,True,active
48,1,1500.2935791015625,870.0328369140625,-177.3450469970703,2.1851794719696045,7.866645812988281,0.7077407836914062,0,1,0,0,0,48,0.17928138375282288,0.0,-0.008871822617948055,0.018783658742904663,8.951823110692203e-05,-0.8870952129364014,-0.9411370754241943,0,0,0,0,36,True,True,active
48,2,1500.2935791015625,870.0328369140625,-177.3450469970703,2.1851794719696045,7.866645812988281,0.7077407836914062,0,1,0,0,0,48,0.17928138375282288,0.0,-0.008871822617948055,0.018783658742904663,8.951823110692203e-05,-0.8870952129364014,-0.9411370754241943,0,0,0,0,36,True,True,active
48,3,1500.2935791015625,870.0328369140625,-177.3450469970703,2.1851794719696045,7.866645812988281,0.7077407836914062,0,1,0,0,0,48,0.17928138375282288,0.0,-0.008871822617948055,0.018783658742904663,8.951823110692203e-05,-0.8870952129364014,-0.9411370754241943,0,0,0,0,36,True,True,active
48,4,1500.2935791015625,870.0328369140625,-177.3450469970703,2.1851794719696045,7.866645812988281,0.7077407836914062,0,1,0,0,0,48,0.17928138375282288,0.0,-0.008871822617948055,0.018783658742904663,8.951823110692203e-05,-0.8870952129364014,-0.9411370754241943,0,0,0,0,36,True,True,active
48,5,1500.2935791015625,870.0328369140625,-177.3450469970703,2.1851794719696045,7.866645812988281,0.7077407836914062,0,1,0,0,0,48,0.17928138375282288,0.0,-0.008871822617948055,0.018783658742904663,8.951823110692203e-05,-0.8870952129364014,-0.9411370754241943,0,0,0,0,36,True,True,active
48,6,1500.2935791015625,870.0328369140625,-177.3450469970703,2.1851794719696045,7.866645812988281,0.7077407836914062,0,1,0,0,0,48,0.17928138375282288,0.0,-0.008871822617948055,0.018783658742904663,8.951823110692203e-05,-0.8870952129364014,-0.9411370754241943,0,0,0,0,36,True,True,active
48,7,1500.2935791015625,870.0328369140625,-177.3450469970703,2.1851794719696045,7.866645812988281,0.7077407836914062,0,1,0,0,0,48,0.17928138375282288,0.0,-0.008871822617948055,0.018783658742904663,8.951823110692203e-05,-0.8870952129364014,-0.9411370754241943,0,0,0,0,36,True,True,active
49,0,1500.2646484375,870.0341796875,-177.34536743164062,2.2284932136535645,8.022575378417969,0.7367436289787292,0,1,0,0,0,49,0.17928221821784973,0.0,-0.008861420676112175,0.018783658742904663,9.324815619038418e-05,-0.8871724009513855,-0.941180944442749,0,0,0,0,37,True,True,active
49,1,1500.2646484375,870.0341796875,-177.34536743164062,2.2284932136535645,8.022575378417969,0.7367436289787292,0,1,0,0,0,49,0.17928221821784973,0.0,-0.008861420676112175,0.018783658742904663,9.324815619038418e-05,-0.8871724009513855,-0.941180944442749,0,0,0,0,37,True,True,active
49,2,1500.2646484375,870.0341796875,-177.34536743164062,2.2284932136535645,8.022575378417969,0.7367436289787292,0,1,0,0,0,49,0.17928221821784973,0.0,-0.008861420676112175,0.018783658742904663,9.324815619038418e-05,-0.8871724009513855,-0.941180944442749,0,0,0,0,37,True,True,active
49,3,1500.2646484375,870.0341796875,-177.34536743164062,2.2284932136535645,8.022575378417969,0.7367436289787292,0,1,0,0,0,49,0.17928221821784973,0.0,-0.008861420676112175,0.018783658742904663,9.324815619038418e-05,-0.8871724009513855,-0.941180944442749,0,0,0,0,37,True,True,active
49,4,1500.2646484375,870.0341796875,-177.34536743164062,2.2284932136535645,8.022575378417969,0.7367436289787292,0,1,0,0,0,49,0.17928221821784973,0.0,-0.008861420676112175,0.018783658742904663,9.324815619038418e-05,-0.8871724009513855,-0.941180944442749,0,0,0,0,37,True,True,active
49,5,1500.2646484375,870.0341796875,-177.34536743164062,2.2284932136535645,8.022575378417969,0.7367436289787292,0,1,0,0,0,49,0.17928221821784973,0.0,-0.008861420676112175,0.018783658742904663,9.324815619038418e-05,-0.8871724009513855,-0.941180944442749,0,0,0,0,37,True,True,active
49,6,1500.2646484375,870.0341796875,-177.34536743164062,2.2284932136535645,8.022575378417969,0.7367436289787292,0,1,0,0,0,49,0.17928221821784973,0.0,-0.008861420676112175,0.018783658742904663,9.324815619038418e-05,-0.8871724009513855,-0.941180944442749,0,0,0,0,37,True,True,active
49,7,1500.2646484375,870.0341796875,-177.34536743164062,2.2284932136535645,8.022575378417969,0.7367436289787292,0,1,0,0,0,49,0.17928221821784973,0.0,-0.008861420676112175,0.018783658742904663,9.324815619038418e-05,-0.8871724009513855,-0.941180944442749,0,0,0,0,37,True,True,active
50,0,1500.235107421875,870.0355224609375,-177.345703125,2.271719455718994,8.178190231323242,0.7663090229034424,0,1,0,0,0,50,0.17928306758403778,0.0,-0.008851103484630585,0.018783658742904663,9.748670709086582e-05,-0.8872512578964233,-0.9412247538566589,0,0,0,0,38,True,True,active
50,1,1500.235107421875,870.0355224609375,-177.345703125,2.271719455718994,8.178190231323242,0.7663090229034424,0,1,0,0,0,50,0.17928306758403778,0.0,-0.008851103484630585,0.018783658742904663,9.748670709086582e-05,-0.8872512578964233,-0.9412247538566589,0,0,0,0,38,True,True,active
50,2,1500.235107421875,870.0355224609375,-177.345703125,2.271719455718994,8.178190231323242,0.7663090229034424,0,1,0,0,0,50,0.17928306758403778,0.0,-0.008851103484630585,0.018783658742904663,9.748670709086582e-05,-0.8872512578964233,-0.9412247538566589,0,0,0,0,38,True,True,active
50,3,1500.235107421875,870.0355224609375,-177.345703125,2.271719455718994,8.178190231323242,0.7663090229034424,0,1,0,0,0,50,0.17928306758403778,0.0,-0.008851103484630585,0.018783658742904663,9.748670709086582e-05,-0.8872512578964233,-0.9412247538566589,0,0,0,0,38,True,True,active
50,4,1500.235107421875,870.0355224609375,-177.345703125,2.271719455718994,8.178190231323242,0.7663090229034424,0,1,0,0,0,50,0.17928306758403778,0.0,-0.008851103484630585,0.018783658742904663,9.748670709086582e-05,-0.8872512578964233,-0.9412247538566589,0,0,0,0,38,True,True,active
50,5,1500.235107421875,870.0355224609375,-177.345703125,2.271719455718994,8.178190231323242,0.7663090229034424,0,1,0,0,0,50,0.17928306758403778,0.0,-0.008851103484630585,0.018783658742904663,9.748670709086582e-05,-0.8872512578964233,-0.9412247538566589,0,0,0,0,38,True,True,active
50,6,1500.235107421875,870.0355224609375,-177.345703125,2.271719455718994,8.178190231323242,0.7663090229034424,0,1,0,0,0,50,0.17928306758403778,0.0,-0.008851103484630585,0.018783658742904663,9.748670709086582e-05,-0.8872512578964233,-0.9412247538566589,0,0,0,0,38,True,True,active
50,7,1500.235107421875,870.0355224609375,-177.345703125,2.271719455718994,8.178190231323242,0.7663090229034424,0,1,0,0,0,50,0.17928306758403778,0.0,-0.008851103484630585,0.018783658742904663,9.748670709086582e-05,-0.8872512578964233,-0.9412247538566589,0,0,0,0,38,True,True,active
51,0,1500.2049560546875,870.0369262695312,-177.34603881835938,2.3148584365844727,8.333490371704102,0.7964358925819397,0,1,0,0,0,51,0.17928393185138702,0.0,-0.008840284310281277,0.018783658742904663,0.00010121663945028558,-0.8873317837715149,-0.9412612915039062,0,0,0,0,39,True,True,active
51,1,1500.2049560546875,870.0369262695312,-177.34603881835938,2.3148584365844727,8.333490371704102,0.7964358925819397,0,1,0,0,0,51,0.17928393185138702,0.0,-0.008840284310281277,0.018783658742904663,0.00010121663945028558,-0.8873317837715149,-0.9412612915039062,0,0,0,0,39,True,True,active
51,2,1500.2049560546875,870.0369262695312,-177.34603881835938,2.3148584365844727,8.333490371704102,0.7964358925819397,0,1,0,0,0,51,0.17928393185138702,0.0,-0.008840284310281277,0.018783658742904663,0.00010121663945028558,-0.8873317837715149,-0.9412612915039062,0,0,0,0,39,True,True,active
51,3,1500.2049560546875,870.0369262695312,-177.34603881835938,2.3148584365844727,8.333490371704102,0.7964358925819397,0,1,0,0,0,51,0.17928393185138702,0.0,-0.008840284310281277,0.018783658742904663,0.00010121663945028558,-0.8873317837715149,-0.9412612915039062,0,0,0,0,39,True,True,active
51,4,1500.2049560546875,870.0369262695312,-177.34603881835938,2.3148584365844727,8.333490371704102,0.7964358925819397,0,1,0,0,0,51,0.17928393185138702,0.0,-0.008840284310281277,0.018783658742904663,0.00010121663945028558,-0.8873317837715149,-0.9412612915039062,0,0,0,0,39,True,True,active
51,5,1500.2049560546875,870.0369262695312,-177.34603881835938,2.3148584365844727,8.333490371704102,0.7964358925819397,0,1,0,0,0,51,0.17928393185138702,0.0,-0.008840284310281277,0.018783658742904663,0.00010121663945028558,-0.8873317837715149,-0.9412612915039062,0,0,0,0,39,True,True,active
51,6,1500.2049560546875,870.0369262695312,-177.34603881835938,2.3148584365844727,8.333490371704102,0.7964358925819397,0,1,0,0,0,51,0.17928393185138702,0.0,-0.008840284310281277,0.018783658742904663,0.00010121663945028558,-0.8873317837715149,-0.9412612915039062,0,0,0,0,39,True,True,active
51,7,1500.2049560546875,870.0369262695312,-177.34603881835938,2.3148584365844727,8.333490371704102,0.7964358925819397,0,1,0,0,0,51,0.17928393185138702,0.0,-0.008840284310281277,0.018783658742904663,0.00010121663945028558,-0.8873317837715149,-0.9412612915039062,0,0,0,0,39,True,True,active
52,0,1500.17431640625,870.038330078125,-177.34637451171875,2.35791015625,8.488476753234863,0.8271230459213257,0,1,0,0,0,52,0.17928481101989746,0.0,-0.008829432539641857,0.018783658742904663,0.00010528564598644152,-0.8874135613441467,-0.9413124322891235,0,0,0,0,40,True,True,active
52,1,1500.17431640625,870.038330078125,-177.34637451171875,2.35791015625,8.488476753234863,0.8271230459213257,0,1,0,0,0,52,0.17928481101989746,0.0,-0.008829432539641857,0.018783658742904663,0.00010528564598644152,-0.8874135613441467,-0.9413124322891235,0,0,0,0,40,True,True,active
52,2,1500.17431640625,870.038330078125,-177.34637451171875,2.35791015625,8.488476753234863,0.8271230459213257,0,1,0,0,0,52,0.17928481101989746,0.0,-0.008829432539641857,0.018783658742904663,0.00010528564598644152,-0.8874135613441467,-0.9413124322891235,0,0,0,0,40,True,True,active
52,3,1500.17431640625,870.038330078125,-177.34637451171875,2.35791015625,8.488476753234863,0.8271230459213257,0,1,0,0,0,52,0.17928481101989746,0.0,-0.008829432539641857,0.018783658742904663,0.00010528564598644152,-0.8874135613441467,-0.9413124322891235,0,0,0,0,40,True,True,active
52,4,1500.17431640625,870.038330078125,-177.34637451171875,2.35791015625,8.488476753234863,0.8271230459213257,0,1,0,0,0,52,0.17928481101989746,0.0,-0.008829432539641857,0.018783658742904663,0.00010528564598644152,-0.8874135613441467,-0.9413124322891235,0,0,0,0,40,True,True,active
52,5,1500.17431640625,870.038330078125,-177.34637451171875,2.35791015625,8.488476753234863,0.8271230459213257,0,1,0,0,0,52,0.17928481101989746,0.0,-0.008829432539641857,0.018783658742904663,0.00010528564598644152,-0.8874135613441467,-0.9413124322891235,0,0,0,0,40,True,True,active
52,6,1500.17431640625,870.038330078125,-177.34637451171875,2.35791015625,8.488476753234863,0.8271230459213257,0,1,0,0,0,52,0.17928481101989746,0.0,-0.008829432539641857,0.018783658742904663,0.00010528564598644152,-0.8874135613441467,-0.9413124322891235,0,0,0,0,40,True,True,active
52,7,1500.17431640625,870.038330078125,-177.34637451171875,2.35791015625,8.488476753234863,0.8271230459213257,0,1,0,0,0,52,0.17928481101989746,0.0,-0.008829432539641857,0.018783658742904663,0.00010528564598644152,-0.8874135613441467,-0.9413124322891235,0,0,0,0,40,True,True,active
53,0,1500.14306640625,870.039794921875,-177.3467254638672,2.4008748531341553,8.643149375915527,0.8583693504333496,0,1,0,0,0,53,0.1792857050895691,0.0,-0.00881838146597147,0.018783658742904663,0.00010901557106990367,-0.8874970078468323,-0.9413489699363708,0,0,0,0,41,True,True,active
53,1,1500.14306640625,870.039794921875,-177.3467254638672,2.4008748531341553,8.643149375915527,0.8583693504333496,0,1,0,0,0,53,0.1792857050895691,0.0,-0.00881838146597147,0.018783658742904663,0.00010901557106990367,-0.8874970078468323,-0.9413489699363708,0,0,0,0,41,True,True,active
53,2,1500.14306640625,870.039794921875,-177.3467254638672,2.4008748531341553,8.643149375915527,0.8583693504333496,0,1,0,0,0,53,0.1792857050895691,0.0,-0.00881838146597147,0.018783658742904663,0.00010901557106990367,-0.8874970078468323,-0.9413489699363708,0,0,0,0,41,True,True,active
53,3,1500.14306640625,870.039794921875,-177.3467254638672,2.4008748531341553,8.643149375915527,0.8583693504333496,0,1,0,0,0,53,0.1792857050895691,0.0,-0.00881838146597147,0.018783658742904663,0.00010901557106990367,-0.8874970078468323,-0.9413489699363708,0,0,0,0,41,True,True,active
53,4,1500.14306640625,870.039794921875,-177.3467254638672,2.4008748531341553,8.643149375915527,0.8583693504333496,0,1,0,0,0,53,0.1792857050895691,0.0,-0.00881838146597147,0.018783658742904663,0.00010901557106990367,-0.8874970078468323,-0.9413489699363708,0,0,0,0,41,True,True,active
53,5,1500.14306640625,870.039794921875,-177.3467254638672,2.4008748531341553,8.643149375915527,0.8583693504333496,0,1,0,0,0,53,0.1792857050895691,0.0,-0.00881838146597147,0.018783658742904663,0.00010901557106990367,-0.8874970078468323,-0.9413489699363708,0,0,0,0,41,True,True,active
53,6,1500.14306640625,870.039794921875,-177.3467254638672,2.4008748531341553,8.643149375915527,0.8583693504333496,0,1,0,0,0,53,0.1792857050895691,0.0,-0.00881838146597147,0.018783658742904663,0.00010901557106990367,-0.8874970078468323,-0.9413489699363708,0,0,0,0,41,True,True,active
53,7,1500.14306640625,870.039794921875,-177.3467254638672,2.4008748531341553,8.643149375915527,0.8583693504333496,0,1,0,0,0,53,0.1792857050895691,0.0,-0.00881838146597147,0.018783658742904663,0.00010901557106990367,-0.8874970078468323,-0.9413489699363708,0,0,0,0,41,True,True,active
54,0,1500.111328125,870.041259765625,-177.34707641601562,2.4437525272369385,8.79750919342041,0.8901736736297607,0,1,0,0,0,54,0.1792866289615631,0.0,-0.008807049132883549,0.018783658742904663,0.00011308458488201723,-0.8875817060470581,-0.941400945186615,0,0,0,0,42,True,True,active
54,1,1500.111328125,870.041259765625,-177.34707641601562,2.4437525272369385,8.79750919342041,0.8901736736297607,0,1,0,0,0,54,0.1792866289615631,0.0,-0.008807049132883549,0.018783658742904663,0.00011308458488201723,-0.8875817060470581,-0.941400945186615,0,0,0,0,42,True,True,active
54,2,1500.111328125,870.041259765625,-177.34707641601562,2.4437525272369385,8.79750919342041,0.8901736736297607,0,1,0,0,0,54,0.1792866289615631,0.0,-0.008807049132883549,0.018783658742904663,0.00011308458488201723,-0.8875817060470581,-0.941400945186615,0,0,0,0,42,True,True,active
54,3,1500.111328125,870.041259765625,-177.34707641601562,2.4437525272369385,8.79750919342041,0.8901736736297607,0,1,0,0,0,54,0.1792866289615631,0.0,-0.008807049132883549,0.018783658742904663,0.00011308458488201723,-0.8875817060470581,-0.941400945186615,0,0,0,0,42,True,True,active
54,4,1500.111328125,870.041259765625,-177.34707641601562,2.4437525272369385,8.79750919342041,0.8901736736297607,0,1,0,0,0,54,0.1792866289615631,0.0,-0.008807049132883549,0.018783658742904663,0.00011308458488201723,-0.8875817060470581,-0.941400945186615,0,0,0,0,42,True,True,active
54,5,1500.111328125,870.041259765625,-177.34707641601562,2.4437525272369385,8.79750919342041,0.8901736736297607,0,1,0,0,0,54,0.1792866289615631,0.0,-0.008807049132883549,0.018783658742904663,0.00011308458488201723,-0.8875817060470581,-0.941400945186615,0,0,0,0,42,True,True,active
54,6,1500.111328125,870.041259765625,-177.34707641601562,2.4437525272369385,8.79750919342041,0.8901736736297607,0,1,0,0,0,54,0.1792866289615631,0.0,-0.008807049132883549,0.018783658742904663,0.00011308458488201723,-0.8875817060470581,-0.941400945186615,0,0,0,0,42,True,True,active
54,7,1500.111328125,870.041259765625,-177.34707641601562,2.4437525272369385,8.79750919342041,0.8901736736297607,0,1,0,0,0,54,0.1792866289615631,0.0,-0.008807049132883549,0.018783658742904663,0.00011308458488201723,-0.8875817060470581,-0.941400945186615,0,0,0,0,42,True,True,active
55,0,1500.0789794921875,870.0427856445312,-177.34744262695312,2.486543655395508,8.951557159423828,0.9225349426269531,0,1,0,0,0,55,0.17928753793239594,0.0,-0.008795753121376038,0.018783658742904663,0.00011681450996547937,-0.8876680731773376,-0.9414374828338623,0,0,0,0,43,True,True,active
55,1,1500.0789794921875,870.0427856445312,-177.34744262695312,2.486543655395508,8.951557159423828,0.9225349426269531,0,1,0,0,0,55,0.17928753793239594,0.0,-0.008795753121376038,0.018783658742904663,0.00011681450996547937,-0.8876680731773376,-0.9414374828338623,0,0,0,0,43,True,True,active
55,2,1500.0789794921875,870.0427856445312,-177.34744262695312,2.486543655395508,8.951557159423828,0.9225349426269531,0,1,0,0,0,55,0.17928753793239594,0.0,-0.008795753121376038,0.018783658742904663,0.00011681450996547937,-0.8876680731773376,-0.9414374828338623,0,0,0,0,43,True,True,active
55,3,1500.0789794921875,870.0427856445312,-177.34744262695312,2.486543655395508,8.951557159423828,0.9225349426269531,0,1,0,0,0,55,0.17928753793239594,0.0,-0.008795753121376038,0.018783658742904663,0.00011681450996547937,-0.8876680731773376,-0.9414374828338623,0,0,0,0,43,True,True,active
55,4,1500.0789794921875,870.0427856445312,-177.34744262695312,2.486543655395508,8.951557159423828,0.9225349426269531,0,1,0,0,0,55,0.17928753793239594,0.0,-0.008795753121376038,0.018783658742904663,0.00011681450996547937,-0.8876680731773376,-0.9414374828338623,0,0,0,0,43,True,True,active
55,5,1500.0789794921875,870.0427856445312,-177.34744262695312,2.486543655395508,8.951557159423828,0.9225349426269531,0,1,0,0,0,55,0.17928753793239594,0.0,-0.008795753121376038,0.018783658742904663,0.00011681450996547937,-0.8876680731773376,-0.9414374828338623,0,0,0,0,43,True,True,active
55,6,1500.0789794921875,870.0427856445312,-177.34744262695312,2.486543655395508,8.951557159423828,0.9225349426269531,0,1,0,0,0,55,0.17928753793239594,0.0,-0.008795753121376038,0.018783658742904663,0.00011681450996547937,-0.8876680731773376,-0.9414374828338623,0,0,0,0,43,True,True,active
55,7,1500.0789794921875,870.0427856445312,-177.34744262695312,2.486543655395508,8.951557159423828,0.9225349426269531,0,1,0,0,0,55,0.17928753793239594,0.0,-0.008795753121376038,0.018783658742904663,0.00011681450996547937,-0.8876680731773376,-0.9414374828338623,0,0,0,0,43,True,True,active
56,0,1500.046142578125,870.0443115234375,-177.34780883789062,2.529247999191284,9.105292320251465,0.9554519653320312,0,1,0,0,0,56,0.17928850650787354,0.0,-0.008783847093582153,0.018783658742904663,0.00012088352377759293,-0.8877557516098022,-0.9414886236190796,0,0,0,0,44,True,True,active
56,1,1500.046142578125,870.0443115234375,-177.34780883789062,2.529247999191284,9.105292320251465,0.9554519653320312,0,1,0,0,0,56,0.17928850650787354,0.0,-0.008783847093582153,0.018783658742904663,0.00012088352377759293,-0.8877557516098022,-0.9414886236190796,0,0,0,0,44,True,True,active
56,2,1500.046142578125,870.0443115234375,-177.34780883789062,2.529247999191284,9.105292320251465,0.9554519653320312,0,1,0,0,0,56,0.17928850650787354,0.0,-0.008783847093582153,0.018783658742904663,0.00012088352377759293,-0.8877557516098022,-0.9414886236190796,0,0,0,0,44,True,True,active
56,3,1500.046142578125,870.0443115234375,-177.34780883789062,2.529247999191284,9.105292320251465,0.9554519653320312,0,1,0,0,0,56,0.17928850650787354,0.0,-0.008783847093582153,0.018783658742904663,0.00012088352377759293,-0.8877557516098022,-0.9414886236190796,0,0,0,0,44,True,True,active
56,4,1500.046142578125,870.0443115234375,-177.34780883789062,2.529247999191284,9.105292320251465,0.9554519653320312,0,1,0,0,0,56,0.17928850650787354,0.0,-0.008783847093582153,0.018783658742904663,0.00012088352377759293,-0.8877557516098022,-0.9414886236190796,0,0,0,0,44,True,True,active
56,5,1500.046142578125,870.0443115234375,-177.34780883789062,2.529247999191284,9.105292320251465,0.9554519653320312,0,1,0,0,0,56,0.17928850650787354,0.0,-0.008783847093582153,0.018783658742904663,0.00012088352377759293,-0.8877557516098022,-0.9414886236190796,0,0,0,0,44,True,True,active
56,6,1500.046142578125,870.0443115234375,-177.34780883789062,2.529247999191284,9.105292320251465,0.9554519653320312,0,1,0,0,0,56,0.17928850650787354,0.0,-0.008783847093582153,0.018783658742904663,0.00012088352377759293,-0.8877557516098022,-0.9414886236190796,0,0,0,0,44,True,True,active
56,7,1500.046142578125,870.0443115234375,-177.34780883789062,2.529247999191284,9.105292320251465,0.9554519653320312,0,1,0,0,0,56,0.17928850650787354,0.0,-0.008783847093582153,0.018783658742904663,0.00012088352377759293,-0.8877557516098022,-0.9414886236190796,0,0,0,0,44,True,True,active
57,0,1500.0126953125,870.0458374023438,-177.34817504882812,2.5718657970428467,9.258716583251953,0.9889236688613892,0,1,0,0,0,57,0.17928946018218994,0.0,-0.00877208262681961,0.018783658742904663,0.00012546115613076836,-0.8878450393676758,-0.9415324330329895,0,0,0,0,45,True,True,active
57,1,1500.0126953125,870.0458374023438,-177.34817504882812,2.5718657970428467,9.258716583251953,0.9889236688613892,0,1,0,0,0,57,0.17928946018218994,0.0,-0.00877208262681961,0.018783658742904663,0.00012546115613076836,-0.8878450393676758,-0.9415324330329895,0,0,0,0,45,True,True,active
57,2,1500.0126953125,870.0458374023438,-177.34817504882812,2.5718657970428467,9.258716583251953,0.9889236688613892,0,1,0,0,0,57,0.17928946018218994,0.0,-0.00877208262681961,0.018783658742904663,0.00012546115613076836,-0.8878450393676758,-0.9415324330329895,0,0,0,0,45,True,True,active
57,3,1500.0126953125,870.0458374023438,-177.34817504882812,2.5718657970428467,9.258716583251953,0.9889236688613892,0,1,0,0,0,57,0.17928946018218994,0.0,-0.00877208262681961,0.018783658742904663,0.00012546115613076836,-0.8878450393676758,-0.9415324330329895,0,0,0,0,45,True,True,active
57,4,1500.0126953125,870.0458374023438,-177.34817504882812,2.5718657970428467,9.258716583251953,0.9889236688613892,0,1,0,0,0,57,0.17928946018218994,0.0,-0.00877208262681961,0.018783658742904663,0.00012546115613076836,-0.8878450393676758,-0.9415324330329895,0,0,0,0,45,True,True,active
57,5,1500.0126953125,870.0458374023438,-177.34817504882812,2.5718657970428467,9.258716583251953,0.9889236688613892,0,1,0,0,0,57,0.17928946018218994,0.0,-0.00877208262681961,0.018783658742904663,0.00012546115613076836,-0.8878450393676758,-0.9415324330329895,0,0,0,0,45,True,True,active
57,6,1500.0126953125,870.0458374023438,-177.34817504882812,2.5718657970428467,9.258716583251953,0.9889236688613892,0,1,0,0,0,57,0.17928946018218994,0.0,-0.00877208262681961,0.018783658742904663,0.00012546115613076836,-0.8878450393676758,-0.9415324330329895,0,0,0,0,45,True,True,active
57,7,1500.0126953125,870.0458374023438,-177.34817504882812,2.5718657970428467,9.258716583251953,0.9889236688613892,0,1,0,0,0,57,0.17928946018218994,0.0,-0.00877208262681961,0.018783658742904663,0.00012546115613076836,-0.8878450393676758,-0.9415324330329895,0,0,0,0,45,True,True,active
58,0,1499.978759765625,870.0474243164062,-177.3485565185547,2.6143975257873535,9.41183090209961,1.0229488611221313,0,1,0,0,0,58,0.17929042875766754,0.0,-0.008760137483477592,0.018783658742904663,0.0001295301626669243,-0.8879356384277344,-0.9415835738182068,0,0,0,0,46,True,True,active
58,1,1499.978759765625,870.0474243164062,-177.3485565185547,2.6143975257873535,9.41183090209961,1.0229488611221313,0,1,0,0,0,58,0.17929042875766754,0.0,-0.008760137483477592,0.018783658742904663,0.0001295301626669243,-0.8879356384277344,-0.9415835738182068,0,0,0,0,46,True,True,active
58,2,1499.978759765625,870.0474243164062,-177.3485565185547,2.6143975257873535,9.41183090209961,1.0229488611221313,0,1,0,0,0,58,0.17929042875766754,0.0,-0.008760137483477592,0.018783658742904663,0.0001295301626669243,-0.8879356384277344,-0.9415835738182068,0,0,0,0,46,True,True,active
58,3,1499.978759765625,870.0474243164062,-177.3485565185547,2.6143975257873535,9.41183090209961,1.0229488611221313,0,1,0,0,0,58,0.17929042875766754,0.0,-0.008760137483477592,0.018783658742904663,0.0001295301626669243,-0.8879356384277344,-0.9415835738182068,0,0,0,0,46,True,True,active
58,4,1499.978759765625,870.0474243164062,-177.3485565185547,2.6143975257873535,9.41183090209961,1.0229488611221313,0,1,0,0,0,58,0.17929042875766754,0.0,-0.008760137483477592,0.018783658742904663,0.0001295301626669243,-0.8879356384277344,-0.9415835738182068,0,0,0,0,46,True,True,active
58,5,1499.978759765625,870.0474243164062,-177.3485565185547,2.6143975257873535,9.41183090209961,1.0229488611221313,0,1,0,0,0,58,0.17929042875766754,0.0,-0.008760137483477592,0.018783658742904663,0.0001295301626669243,-0.8879356384277344,-0.9415835738182068,0,0,0,0,46,True,True,active
58,6,1499.978759765625,870.0474243164062,-177.3485565185547,2.6143975257873535,9.41183090209961,1.0229488611221313,0,1,0,0,0,58,0.17929042875766754,0.0,-0.008760137483477592,0.018783658742904663,0.0001295301626669243,-0.8879356384277344,-0.9415835738182068,0,0,0,0,46,True,True,active
58,7,1499.978759765625,870.0474243164062,-177.3485565185547,2.6143975257873535,9.41183090209961,1.0229488611221313,0,1,0,0,0,58,0.17929042875766754,0.0,-0.008760137483477592,0.018783658742904663,0.0001295301626669243,-0.8879356384277344,-0.9415835738182068,0,0,0,0,46,True,True,active
59,0,1499.9442138671875,870.0490112304688,-177.34893798828125,2.6568429470062256,9.564634323120117,1.0575264692306519,0,1,0,0,0,59,0.17929142713546753,0.0,-0.008747782558202744,0.018783658742904663,0.00013410780229605734,-0.8880278468132019,-0.9416355490684509,0,0,0,0,47,True,True,active
59,1,1499.9442138671875,870.0490112304688,-177.34893798828125,2.6568429470062256,9.564634323120117,1.0575264692306519,0,1,0,0,0,59,0.17929142713546753,0.0,-0.008747782558202744,0.018783658742904663,0.00013410780229605734,-0.8880278468132019,-0.9416355490684509,0,0,0,0,47,True,True,active
59,2,1499.9442138671875,870.0490112304688,-177.34893798828125,2.6568429470062256,9.564634323120117,1.0575264692306519,0,1,0,0,0,59,0.17929142713546753,0.0,-0.008747782558202744,0.018783658742904663,0.00013410780229605734,-0.8880278468132019,-0.9416355490684509,0,0,0,0,47,True,True,active
59,3,1499.9442138671875,870.0490112304688,-177.34893798828125,2.6568429470062256,9.564634323120117,1.0575264692306519,0,1,0,0,0,59,0.17929142713546753,0.0,-0.008747782558202744,0.018783658742904663,0.00013410780229605734,-0.8880278468132019,-0.9416355490684509,0,0,0,0,47,True,True,active
59,4,1499.9442138671875,870.0490112304688,-177.34893798828125,2.6568429470062256,9.564634323120117,1.0575264692306519,0,1,0,0,0,59,0.17929142713546753,0.0,-0.008747782558202744,0.018783658742904663,0.00013410780229605734,-0.8880278468132019,-0.9416355490684509,0,0,0,0,47,True,True,active
59,5,1499.9442138671875,870.0490112304688,-177.34893798828125,2.6568429470062256,9.564634323120117,1.0575264692306519,0,1,0,0,0,59,0.17929142713546753,0.0,-0.008747782558202744,0.018783658742904663,0.00013410780229605734,-0.8880278468132019,-0.9416355490684509,0,0,0,0,47,True,True,active
59,6,1499.9442138671875,870.0490112304688,-177.34893798828125,2.6568429470062256,9.564634323120117,1.0575264692306519,0,1,0,0,0,59,0.17929142713546753,0.0,-0.008747782558202744,0.018783658742904663,0.00013410780229605734,-0.8880278468132019,-0.9416355490684509,0,0,0,0,47,True,True,active
59,7,1499.9442138671875,870.0490112304688,-177.34893798828125,2.6568429470062256,9.564634323120117,1.0575264692306519,0,1,0,0,0,59,0.17929142713546753,0.0,-0.008747782558202744,0.018783658742904663,0.00013410780229605734,-0.8880278468132019,-0.9416355490684509,0,0,0,0,47,True,True,active
60,0,1499.9091796875,870.0506591796875,-177.3493194580078,2.699202537536621,9.71712875366211,1.0926554203033447,0,1,0,0,0,60,0.1792924404144287,0.0,-0.008735373616218567,0.018783658742904663,0.0001380072790198028,-0.8881213665008545,-0.9416794180870056,0,0,0,0,48,True,True,active
60,1,1499.9091796875,870.0506591796875,-177.3493194580078,2.699202537536621,9.71712875366211,1.0926554203033447,0,1,0,0,0,60,0.1792924404144287,0.0,-0.008735373616218567,0.018783658742904663,0.0001380072790198028,-0.8881213665008545,-0.9416794180870056,0,0,0,0,48,True,True,active
60,2,1499.9091796875,870.0506591796875,-177.3493194580078,2.699202537536621,9.71712875366211,1.0926554203033447,0,1,0,0,0,60,0.1792924404144287,0.0,-0.008735373616218567,0.018783658742904663,0.0001380072790198028,-0.8881213665008545,-0.9416794180870056,0,0,0,0,48,True,True,active
60,3,1499.9091796875,870.0506591796875,-177.3493194580078,2.699202537536621,9.71712875366211,1.0926554203033447,0,1,0,0,0,60,0.1792924404144287,0.0,-0.008735373616218567,0.018783658742904663,0.0001380072790198028,-0.8881213665008545,-0.9416794180870056,0,0,0,0,48,True,True,active
60,4,1499.9091796875,870.0506591796875,-177.3493194580078,2.699202537536621,9.71712875366211,1.0926554203033447,0,1,0,0,0,60,0.1792924404144287,0.0,-0.008735373616218567,0.018783658742904663,0.0001380072790198028,-0.8881213665008545,-0.9416794180870056,0,0,0,0,48,True,True,active
60,5,1499.9091796875,870.0506591796875,-177.3493194580078,2.699202537536621,9.71712875366211,1.0926554203033447,0,1,0,0,0,60,0.1792924404144287,0.0,-0.008735373616218567,0.018783658742904663,0.0001380072790198028,-0.8881213665008545,-0.9416794180870056,0,0,0,0,48,True,True,active
60,6,1499.9091796875,870.0506591796875,-177.3493194580078,2.699202537536621,9.71712875366211,1.0926554203033447,0,1,0,0,0,60,0.1792924404144287,0.0,-0.008735373616218567,0.018783658742904663,0.0001380072790198028,-0.8881213665008545,-0.9416794180870056,0,0,0,0,48,True,True,active
60,7,1499.9091796875,870.0506591796875,-177.3493194580078,2.699202537536621,9.71712875366211,1.0926554203033447,0,1,0,0,0,60,0.1792924404144287,0.0,-0.008735373616218567,0.018783658742904663,0.0001380072790198028,-0.8881213665008545,-0.9416794180870056,0,0,0,0,48,True,True,active
61,0,1499.87353515625,870.0523071289062,-177.34971618652344,2.74147629737854,9.869314193725586,1.1283345222473145,0,1,0,0,0,61,0.1792934387922287,0.0,-0.00872291810810566,0.018783658742904663,0.00014258490409702063,-0.888216495513916,-0.9417305588722229,0,0,0,0,49,True,True,active
61,1,1499.87353515625,870.0523071289062,-177.34971618652344,2.74147629737854,9.869314193725586,1.1283345222473145,0,1,0,0,0,61,0.1792934387922287,0.0,-0.00872291810810566,0.018783658742904663,0.00014258490409702063,-0.888216495513916,-0.9417305588722229,0,0,0,0,49,True,True,active
61,2,1499.87353515625,870.0523071289062,-177.34971618652344,2.74147629737854,9.869314193725586,1.1283345222473145,0,1,0,0,0,61,0.1792934387922287,0.0,-0.00872291810810566,0.018783658742904663,0.00014258490409702063,-0.888216495513916,-0.9417305588722229,0,0,0,0,49,True,True,active
61,3,1499.87353515625,870.0523071289062,-177.34971618652344,2.74147629737854,9.869314193725586,1.1283345222473145,0,1,0,0,0,61,0.1792934387922287,0.0,-0.00872291810810566,0.018783658742904663,0.00014258490409702063,-0.888216495513916,-0.9417305588722229,0,0,0,0,49,True,True,active
61,4,1499.87353515625,870.0523071289062,-177.34971618652344,2.74147629737854,9.869314193725586,1.1283345222473145,0,1,0,0,0,61,0.1792934387922287,0.0,-0.00872291810810566,0.018783658742904663,0.00014258490409702063,-0.888216495513916,-0.9417305588722229,0,0,0,0,49,True,True,active
61,5,1499.87353515625,870.0523071289062,-177.34971618652344,2.74147629737854,9.869314193725586,1.1283345222473145,0,1,0,0,0,61,0.1792934387922287,0.0,-0.00872291810810566,0.018783658742904663,0.00014258490409702063,-0.888216495513916,-0.9417305588722229,0,0,0,0,49,True,True,active
61,6,1499.87353515625,870.0523071289062,-177.34971618652344,2.74147629737854,9.869314193725586,1.1283345222473145,0,1,0,0,0,61,0.1792934387922287,0.0,-0.00872291810810566,0.018783658742904663,0.00014258490409702063,-0.888216495513916,-0.9417305588722229,0,0,0,0,49,True,True,active
61,7,1499.87353515625,870.0523071289062,-177.34971618652344,2.74147629737854,9.869314193725586,1.1283345222473145,0,1,0,0,0,61,0.1792934387922287,0.0,-0.00872291810810566,0.018783658742904663,0.00014258490409702063,-0.888216495513916,-0.9417305588722229,0,0,0,0,49,True,True,active
62,0,1499.83740234375,870.053955078125,-177.35011291503906,2.7836642265319824,10.021190643310547,1.164562702178955,0,1,0,0,0,62,0.17929448187351227,0.0,-0.00871012732386589,0.018783658742904663,0.00014733208809047937,-0.8883129358291626,-0.9417816996574402,0,0,0,0,50,True,True,active
62,1,1499.83740234375,870.053955078125,-177.35011291503906,2.7836642265319824,10.021190643310547,1.164562702178955,0,1,0,0,0,62,0.17929448187351227,0.0,-0.00871012732386589,0.018783658742904663,0.00014733208809047937,-0.8883129358291626,-0.9417816996574402,0,0,0,0,50,True,True,active
62,2,1499.83740234375,870.053955078125,-177.35011291503906,2.7836642265319824,10.021190643310547,1.164562702178955,0,1,0,0,0,62,0.17929448187351227,0.0,-0.00871012732386589,0.018783658742904663,0.00014733208809047937,-0.8883129358291626,-0.9417816996574402,0,0,0,0,50,True,True,active
62,3,1499.83740234375,870.053955078125,-177.35011291503906,2.7836642265319824,10.021190643310547,1.164562702178955,0,1,0,0,0,62,0.17929448187351227,0.0,-0.00871012732386589,0.018783658742904663,0.00014733208809047937,-0.8883129358291626,-0.9417816996574402,0,0,0,0,50,True,True,active
62,4,1499.83740234375,870.053955078125,-177.35011291503906,2.7836642265319824,10.021190643310547,1.164562702178955,0,1,0,0,0,62,0.17929448187351227,0.0,-0.00871012732386589,0.018783658742904663,0.00014733208809047937,-0.8883129358291626,-0.9417816996574402,0,0,0,0,50,True,True,active
62,5,1499.83740234375,870.053955078125,-177.35011291503906,2.7836642265319824,10.021190643310547,1.164562702178955,0,1,0,0,0,62,0.17929448187351227,0.0,-0.00871012732386589,0.018783658742904663,0.00014733208809047937,-0.8883129358291626,-0.9417816996574402,0,0,0,0,50,True,True,active
62,6,1499.83740234375,870.053955078125,-177.35011291503906,2.7836642265319824,10.021190643310547,1.164562702178955,0,1,0,0,0,62,0.17929448187351227,0.0,-0.00871012732386589,0.018783658742904663,0.00014733208809047937,-0.8883129358291626,-0.9417816996574402,0,0,0,0,50,True,True,active
62,7,1499.83740234375,870.053955078125,-177.35011291503906,2.7836642265319824,10.021190643310547,1.164562702178955,0,1,0,0,0,62,0.17929448187351227,0.0,-0.00871012732386589,0.018783658742904663,0.00014733208809047937,-0.8883129358291626,-0.9417816996574402,0,0,0,0,50,True,True,active
63,0,1499.8006591796875,870.0556640625,-177.35052490234375,2.8257670402526855,10.172760963439941,1.201338768005371,0,1,0,0,0,63,0.17929552495479584,0.0,-0.008697131648659706,0.018783658742904663,0.00015190972771961242,-0.8884110450744629,-0.9418328404426575,0,0,0,0,51,True,True,active
63,1,1499.8006591796875,870.0556640625,-177.35052490234375,2.8257670402526855,10.172760963439941,1.201338768005371,0,1,0,0,0,63,0.17929552495479584,0.0,-0.008697131648659706,0.018783658742904663,0.00015190972771961242,-0.8884110450744629,-0.9418328404426575,0,0,0,0,51,True,True,active
63,2,1499.8006591796875,870.0556640625,-177.35052490234375,2.8257670402526855,10.172760963439941,1.201338768005371,0,1,0,0,0,63,0.17929552495479584,0.0,-0.008697131648659706,0.018783658742904663,0.00015190972771961242,-0.8884110450744629,-0.9418328404426575,0,0,0,0,51,True,True,active
63,3,1499.8006591796875,870.0556640625,-177.35052490234375,2.8257670402526855,10.172760963439941,1.201338768005371,0,1,0,0,0,63,0.17929552495479584,0.0,-0.008697131648659706,0.018783658742904663,0.00015190972771961242,-0.8884110450744629,-0.9418328404426575,0,0,0,0,51,True,True,active
63,4,1499.8006591796875,870.0556640625,-177.35052490234375,2.8257670402526855,10.172760963439941,1.201338768005371,0,1,0,0,0,63,0.17929552495479584,0.0,-0.008697131648659706,0.018783658742904663,0.00015190972771961242,-0.8884110450744629,-0.9418328404426575,0,0,0,0,51,True,True,active
63,5,1499.8006591796875,870.0556640625,-177.35052490234375,2.8257670402526855,10.172760963439941,1.201338768005371,0,1,0,0,0,63,0.17929552495479584,0.0,-0.008697131648659706,0.018783658742904663,0.00015190972771961242,-0.8884110450744629,-0.9418328404426575,0,0,0,0,51,True,True,active
63,6,1499.8006591796875,870.0556640625,-177.35052490234375,2.8257670402526855,10.172760963439941,1.201338768005371,0,1,0,0,0,63,0.17929552495479584,0.0,-0.008697131648659706,0.018783658742904663,0.00015190972771961242,-0.8884110450744629,-0.9418328404426575,0,0,0,0,51,True,True,active
63,7,1499.8006591796875,870.0556640625,-177.35052490234375,2.8257670402526855,10.172760963439941,1.201338768005371,0,1,0,0,0,63,0.17929552495479584,0.0,-0.008697131648659706,0.018783658742904663,0.00015190972771961242,-0.8884110450744629,-0.9418328404426575,0,0,0,0,51,True,True,active
64,0,1499.763427734375,870.057373046875,-177.35093688964844,2.8677845001220703,10.324024200439453,1.2386616468429565,0,1,0,0,0,64,0.179296612739563,0.0,-0.008683803491294384,0.018783658742904663,0.00015699598588980734,-0.8885104656219482,-0.941892147064209,0,0,0,0,52,True,True,active
64,1,1499.763427734375,870.057373046875,-177.35093688964844,2.8677845001220703,10.324024200439453,1.2386616468429565,0,1,0,0,0,64,0.179296612739563,0.0,-0.008683803491294384,0.018783658742904663,0.00015699598588980734,-0.8885104656219482,-0.941892147064209,0,0,0,0,52,True,True,active
64,2,1499.763427734375,870.057373046875,-177.35093688964844,2.8677845001220703,10.324024200439453,1.2386616468429565,0,1,0,0,0,64,0.179296612739563,0.0,-0.008683803491294384,0.018783658742904663,0.00015699598588980734,-0.8885104656219482,-0.941892147064209,0,0,0,0,52,True,True,active
64,3,1499.763427734375,870.057373046875,-177.35093688964844,2.8677845001220703,10.324024200439453,1.2386616468429565,0,1,0,0,0,64,0.179296612739563,0.0,-0.008683803491294384,0.018783658742904663,0.00015699598588980734,-0.8885104656219482,-0.941892147064209,0,0,0,0,52,True,True,active
64,4,1499.763427734375,870.057373046875,-177.35093688964844,2.8677845001220703,10.324024200439453,1.2386616468429565,0,1,0,0,0,64,0.179296612739563,0.0,-0.008683803491294384,0.018783658742904663,0.00015699598588980734,-0.8885104656219482,-0.941892147064209,0,0,0,0,52,True,True,active
64,5,1499.763427734375,870.057373046875,-177.35093688964844,2.8677845001220703,10.324024200439453,1.2386616468429565,0,1,0,0,0,64,0.179296612739563,0.0,-0.008683803491294384,0.018783658742904663,0.00015699598588980734,-0.8885104656219482,-0.941892147064209,0,0,0,0,52,True,True,active
64,6,1499.763427734375,870.057373046875,-177.35093688964844,2.8677845001220703,10.324024200439453,1.2386616468429565,0,1,0,0,0,64,0.179296612739563,0.0,-0.008683803491294384,0.018783658742904663,0.00015699598588980734,-0.8885104656219482,-0.941892147064209,0,0,0,0,52,True,True,active
64,7,1499.763427734375,870.057373046875,-177.35093688964844,2.8677845001220703,10.324024200439453,1.2386616468429565,0,1,0,0,0,64,0.179296612739563,0.0,-0.008683803491294384,0.018783658742904663,0.00015699598588980734,-0.8885104656219482,-0.941892147064209,0,0,0,0,52,True,True,active
65,0,1499.7255859375,870.0591430664062,-177.35134887695312,2.909716844558716,10.474980354309082,1.2765302658081055,0,1,0,0,0,65,0.17929768562316895,0.0,-0.008670461364090443,0.018783658742904663,0.0001614040811546147,-0.8886114358901978,-0.9419432878494263,0,0,0,0,53,True,True,active
65,1,1499.7255859375,870.0591430664062,-177.35134887695312,2.909716844558716,10.474980354309082,1.2765302658081055,0,1,0,0,0,65,0.17929768562316895,0.0,-0.008670461364090443,0.018783658742904663,0.0001614040811546147,-0.8886114358901978,-0.9419432878494263,0,0,0,0,53,True,True,active
65,2,1499.7255859375,870.0591430664062,-177.35134887695312,2.909716844558716,10.474980354309082,1.2765302658081055,0,1,0,0,0,65,0.17929768562316895,0.0,-0.008670461364090443,0.018783658742904663,0.0001614040811546147,-0.8886114358901978,-0.9419432878494263,0,0,0,0,53,True,True,active
65,3,1499.7255859375,870.0591430664062,-177.35134887695312,2.909716844558716,10.474980354309082,1.2765302658081055,0,1,0,0,0,65,0.17929768562316895,0.0,-0.008670461364090443,0.018783658742904663,0.0001614040811546147,-0.8886114358901978,-0.9419432878494263,0,0,0,0,53,True,True,active
65,4,1499.7255859375,870.0591430664062,-177.35134887695312,2.909716844558716,10.474980354309082,1.2765302658081055,0,1,0,0,0,65,0.17929768562316895,0.0,-0.008670461364090443,0.018783658742904663,0.0001614040811546147,-0.8886114358901978,-0.9419432878494263,0,0,0,0,53,True,True,active
65,5,1499.7255859375,870.0591430664062,-177.35134887695312,2.909716844558716,10.474980354309082,1.2765302658081055,0,1,0,0,0,65,0.17929768562316895,0.0,-0.008670461364090443,0.018783658742904663,0.0001614040811546147,-0.8886114358901978,-0.9419432878494263,0,0,0,0,53,True,True,active
65,6,1499.7255859375,870.0591430664062,-177.35134887695312,2.909716844558716,10.474980354309082,1.2765302658081055,0,1,0,0,0,65,0.17929768562316895,0.0,-0.008670461364090443,0.018783658742904663,0.0001614040811546147,-0.8886114358901978,-0.9419432878494263,0,0,0,0,53,True,True,active
65,7,1499.7255859375,870.0591430664062,-177.35134887695312,2.909716844558716,10.474980354309082,1.2765302658081055,0,1,0,0,0,65,0.17929768562316895,0.0,-0.008670461364090443,0.018783658742904663,0.0001614040811546147,-0.8886114358901978,-0.9419432878494263,0,0,0,0,53,True,True,active
66,0,1499.687255859375,870.0609130859375,-177.35177612304688,2.951564073562622,10.625630378723145,1.314943552017212,0,1,0,0,0,66,0.1792987883090973,0.0,-0.008656946010887623,0.018783658742904663,0.00016632080951239914,-0.8887137770652771,-0.9419944286346436,0,0,0,0,54,True,True,active
66,1,1499.687255859375,870.0609130859375,-177.35177612304688,2.951564073562622,10.625630378723145,1.314943552017212,0,1,0,0,0,66,0.1792987883090973,0.0,-0.008656946010887623,0.018783658742904663,0.00016632080951239914,-0.8887137770652771,-0.9419944286346436,0,0,0,0,54,True,True,active
66,2,1499.687255859375,870.0609130859375,-177.35177612304688,2.951564073562622,10.625630378723145,1.314943552017212,0,1,0,0,0,66,0.1792987883090973,0.0,-0.008656946010887623,0.018783658742904663,0.00016632080951239914,-0.8887137770652771,-0.9419944286346436,0,0,0,0,54,True,True,active
66,3,1499.687255859375,870.0609130859375,-177.35177612304688,2.951564073562622,10.625630378723145,1.314943552017212,0,1,0,0,0,66,0.1792987883090973,0.0,-0.008656946010887623,0.018783658742904663,0.00016632080951239914,-0.8887137770652771,-0.9419944286346436,0,0,0,0,54,True,True,active
66,4,1499.687255859375,870.0609130859375,-177.35177612304688,2.951564073562622,10.625630378723145,1.314943552017212,0,1,0,0,0,66,0.1792987883090973,0.0,-0.008656946010887623,0.018783658742904663,0.00016632080951239914,-0.8887137770652771,-0.9419944286346436,0,0,0,0,54,True,True,active
66,5,1499.687255859375,870.0609130859375,-177.35177612304688,2.951564073562622,10.625630378723145,1.314943552017212,0,1,0,0,0,66,0.1792987883090973,0.0,-0.008656946010887623,0.018783658742904663,0.00016632080951239914,-0.8887137770652771,-0.9419944286346436,0,0,0,0,54,True,True,active
66,6,1499.687255859375,870.0609130859375,-177.35177612304688,2.951564073562622,10.625630378723145,1.314943552017212,0,1,0,0,0,66,0.1792987883090973,0.0,-0.008656946010887623,0.018783658742904663,0.00016632080951239914,-0.8887137770652771,-0.9419944286346436,0,0,0,0,54,True,True,active
66,7,1499.687255859375,870.0609130859375,-177.35177612304688,2.951564073562622,10.625630378723145,1.314943552017212,0,1,0,0,0,66,0.1792987883090973,0.0,-0.008656946010887623,0.018783658742904663,0.00016632080951239914,-0.8887137770652771,-0.9419944286346436,0,0,0,0,54,True,True,active
67,0,1499.6483154296875,870.0626831054688,-177.35220336914062,2.9933266639709473,10.775976181030273,1.3539003133773804,0,1,0,0,0,67,0.17929990589618683,0.0,-0.008643190376460552,0.018783658742904663,0.00017174615641124547,-0.8888177275657654,-0.9420528411865234,0,0,0,0,55,True,True,active
67,1,1499.6483154296875,870.0626831054688,-177.35220336914062,2.9933266639709473,10.775976181030273,1.3539003133773804,0,1,0,0,0,67,0.17929990589618683,0.0,-0.008643190376460552,0.018783658742904663,0.00017174615641124547,-0.8888177275657654,-0.9420528411865234,0,0,0,0,55,True,True,active
67,2,1499.6483154296875,870.0626831054688,-177.35220336914062,2.9933266639709473,10.775976181030273,1.3539003133773804,0,1,0,0,0,67,0.17929990589618683,0.0,-0.008643190376460552,0.018783658742904663,0.00017174615641124547,-0.8888177275657654,-0.9420528411865234,0,0,0,0,55,True,True,active
67,3,1499.6483154296875,870.0626831054688,-177.35220336914062,2.9933266639709473,10.775976181030273,1.3539003133773804,0,1,0,0,0,67,0.17929990589618683,0.0,-0.008643190376460552,0.018783658742904663,0.00017174615641124547,-0.8888177275657654,-0.9420528411865234,0,0,0,0,55,True,True,active
67,4,1499.6483154296875,870.0626831054688,-177.35220336914062,2.9933266639709473,10.775976181030273,1.3539003133773804,0,1,0,0,0,67,0.17929990589618683,0.0,-0.008643190376460552,0.018783658742904663,0.00017174615641124547,-0.8888177275657654,-0.9420528411865234,0,0,0,0,55,True,True,active
67,5,1499.6483154296875,870.0626831054688,-177.35220336914062,2.9933266639709473,10.775976181030273,1.3539003133773804,0,1,0,0,0,67,0.17929990589618683,0.0,-0.008643190376460552,0.018783658742904663,0.00017174615641124547,-0.8888177275657654,-0.9420528411865234,0,0,0,0,55,True,True,active
67,6,1499.6483154296875,870.0626831054688,-177.35220336914062,2.9933266639709473,10.775976181030273,1.3539003133773804,0,1,0,0,0,67,0.17929990589618683,0.0,-0.008643190376460552,0.018783658742904663,0.00017174615641124547,-0.8888177275657654,-0.9420528411865234,0,0,0,0,55,True,True,active
67,7,1499.6483154296875,870.0626831054688,-177.35220336914062,2.9933266639709473,10.775976181030273,1.3539003133773804,0,1,0,0,0,67,0.17929990589618683,0.0,-0.008643190376460552,0.018783658742904663,0.00017174615641124547,-0.8888177275657654,-0.9420528411865234,0,0,0,0,55,True,True,active
68,0,1499.60888671875,870.0645141601562,-177.35263061523438,3.0350043773651123,10.926015853881836,1.3933994770050049,0,1,0,0,0,68,0.17930102348327637,0.0,-0.008629273623228073,0.018783658742904663,0.00017649332585278898,-0.8889229893684387,-0.9421113133430481,0,0,0,0,56,True,True,active
68,1,1499.60888671875,870.0645141601562,-177.35263061523438,3.0350043773651123,10.926015853881836,1.3933994770050049,0,1,0,0,0,68,0.17930102348327637,0.0,-0.008629273623228073,0.018783658742904663,0.00017649332585278898,-0.8889229893684387,-0.9421113133430481,0,0,0,0,56,True,True,active
68,2,1499.60888671875,870.0645141601562,-177.35263061523438,3.0350043773651123,10.926015853881836,1.3933994770050049,0,1,0,0,0,68,0.17930102348327637,0.0,-0.008629273623228073,0.018783658742904663,0.00017649332585278898,-0.8889229893684387,-0.9421113133430481,0,0,0,0,56,True,True,active
68,3,1499.60888671875,870.0645141601562,-177.35263061523438,3.0350043773651123,10.926015853881836,1.3933994770050049,0,1,0,0,0,68,0.17930102348327637,0.0,-0.008629273623228073,0.018783658742904663,0.00017649332585278898,-0.8889229893684387,-0.9421113133430481,0,0,0,0,56,True,True,active
68,4,1499.60888671875,870.0645141601562,-177.35263061523438,3.0350043773651123,10.926015853881836,1.3933994770050049,0,1,0,0,0,68,0.17930102348327637,0.0,-0.008629273623228073,0.018783658742904663,0.00017649332585278898,-0.8889229893684387,-0.9421113133430481,0,0,0,0,56,True,True,active
68,5,1499.60888671875,870.0645141601562,-177.35263061523438,3.0350043773651123,10.926015853881836,1.3933994770050049,0,1,0,0,0,68,0.17930102348327637,0.0,-0.008629273623228073,0.018783658742904663,0.00017649332585278898,-0.8889229893684387,-0.9421113133430481,0,0,0,0,56,True,True,active
68,6,1499.60888671875,870.0645141601562,-177.35263061523438,3.0350043773651123,10.926015853881836,1.3933994770050049,0,1,0,0,0,68,0.17930102348327637,0.0,-0.008629273623228073,0.018783658742904663,0.00017649332585278898,-0.8889229893684387,-0.9421113133430481,0,0,0,0,56,True,True,active
68,7,1499.60888671875,870.0645141601562,-177.35263061523438,3.0350043773651123,10.926015853881836,1.3933994770050049,0,1,0,0,0,68,0.17930102348327637,0.0,-0.008629273623228073,0.018783658742904663,0.00017649332585278898,-0.8889229893684387,-0.9421113133430481,0,0,0,0,56,True,True,active
69,0,1499.56884765625,870.0663452148438,-177.3530731201172,3.0765974521636963,11.075750350952148,1.4334399700164795,0,1,0,0,0,69,0.1793021708726883,0.0,-0.008615167811512947,0.018783658742904663,0.0001819186727516353,-0.889029860496521,-0.9421705603599548,0,0,0,0,57,True,True,active
69,1,1499.56884765625,870.0663452148438,-177.3530731201172,3.0765974521636963,11.075750350952148,1.4334399700164795,0,1,0,0,0,69,0.1793021708726883,0.0,-0.008615167811512947,0.018783658742904663,0.0001819186727516353,-0.889029860496521,-0.9421705603599548,0,0,0,0,57,True,True,active
69,2,1499.56884765625,870.0663452148438,-177.3530731201172,3.0765974521636963,11.075750350952148,1.4334399700164795,0,1,0,0,0,69,0.1793021708726883,0.0,-0.008615167811512947,0.018783658742904663,0.0001819186727516353,-0.889029860496521,-0.9421705603599548,0,0,0,0,57,True,True,active
69,3,1499.56884765625,870.0663452148438,-177.3530731201172,3.0765974521636963,11.075750350952148,1.4334399700164795,0,1,0,0,0,69,0.1793021708726883,0.0,-0.008615167811512947,0.018783658742904663,0.0001819186727516353,-0.889029860496521,-0.9421705603599548,0,0,0,0,57,True,True,active
69,4,1499.56884765625,870.0663452148438,-177.3530731201172,3.0765974521636963,11.075750350952148,1.4334399700164795,0,1,0,0,0,69,0.1793021708726883,0.0,-0.008615167811512947,0.018783658742904663,0.0001819186727516353,-0.889029860496521,-0.9421705603599548,0,0,0,0,57,True,True,active
69,5,1499.56884765625,870.0663452148438,-177.3530731201172,3.0765974521636963,11.075750350952148,1.4334399700164795,0,1,0,0,0,69,0.1793021708726883,0.0,-0.008615167811512947,0.018783658742904663,0.0001819186727516353,-0.889029860496521,-0.9421705603599548,0,0,0,0,57,True,True,active
69,6,1499.56884765625,870.0663452148438,-177.3530731201172,3.0765974521636963,11.075750350952148,1.4334399700164795,0,1,0,0,0,69,0.1793021708726883,0.0,-0.008615167811512947,0.018783658742904663,0.0001819186727516353,-0.889029860496521,-0.9421705603599548,0,0,0,0,57,True,True,active
69,7,1499.56884765625,870.0663452148438,-177.3530731201172,3.0765974521636963,11.075750350952148,1.4334399700164795,0,1,0,0,0,69,0.1793021708726883,0.0,-0.008615167811512947,0.018783658742904663,0.0001819186727516353,-0.889029860496521,-0.9421705603599548,0,0,0,0,57,True,True,active
70,0,1499.5283203125,870.0682373046875,-177.353515625,3.1181061267852783,11.225181579589844,1.4740207195281982,0,1,0,0,0,70,0.1793033331632614,0.0,-0.00860085804015398,0.018783658742904663,0.00018666585674509406,-0.8891380429267883,-0.9422290325164795,0,0,0,0,58,True,True,active
70,1,1499.5283203125,870.0682373046875,-177.353515625,3.1181061267852783,11.225181579589844,1.4740207195281982,0,1,0,0,0,70,0.1793033331632614,0.0,-0.00860085804015398,0.018783658742904663,0.00018666585674509406,-0.8891380429267883,-0.9422290325164795,0,0,0,0,58,True,True,active
70,2,1499.5283203125,870.0682373046875,-177.353515625,3.1181061267852783,11.225181579589844,1.4740207195281982,0,1,0,0,0,70,0.1793033331632614,0.0,-0.00860085804015398,0.018783658742904663,0.00018666585674509406,-0.8891380429267883,-0.9422290325164795,0,0,0,0,58,True,True,active
70,3,1499.5283203125,870.0682373046875,-177.353515625,3.1181061267852783,11.225181579589844,1.4740207195281982,0,1,0,0,0,70,0.1793033331632614,0.0,-0.00860085804015398,0.018783658742904663,0.00018666585674509406,-0.8891380429267883,-0.9422290325164795,0,0,0,0,58,True,True,active
70,4,1499.5283203125,870.0682373046875,-177.353515625,3.1181061267852783,11.225181579589844,1.4740207195281982,0,1,0,0,0,70,0.1793033331632614,0.0,-0.00860085804015398,0.018783658742904663,0.00018666585674509406,-0.8891380429267883,-0.9422290325164795,0,0,0,0,58,True,True,active
70,5,1499.5283203125,870.0682373046875,-177.353515625,3.1181061267852783,11.225181579589844,1.4740207195281982,0,1,0,0,0,70,0.1793033331632614,0.0,-0.00860085804015398,0.018783658742904663,0.00018666585674509406,-0.8891380429267883,-0.9422290325164795,0,0,0,0,58,True,True,active
70,6,1499.5283203125,870.0682373046875,-177.353515625,3.1181061267852783,11.225181579589844,1.4740207195281982,0,1,0,0,0,70,0.1793033331632614,0.0,-0.00860085804015398,0.018783658742904663,0.00018666585674509406,-0.8891380429267883,-0.9422290325164795,0,0,0,0,58,True,True,active
70,7,1499.5283203125,870.0682373046875,-177.353515625,3.1181061267852783,11.225181579589844,1.4740207195281982,0,1,0,0,0,70,0.1793033331632614,0.0,-0.00860085804015398,0.018783658742904663,0.00018666585674509406,-0.8891380429267883,-0.9422290325164795,0,0,0,0,58,True,True,active
71,0,1499.4873046875,870.0701293945312,-177.3539581298828,3.1595308780670166,11.374310493469238,1.5151406526565552,0,1,0,0,0,71,0.17930451035499573,0.0,-0.008586368523538113,0.018783658742904663,0.00019175211491528898,-0.8892475366592407,-0.9422875046730042,0,0,0,0,59,True,True,active
71,1,1499.4873046875,870.0701293945312,-177.3539581298828,3.1595308780670166,11.374310493469238,1.5151406526565552,0,1,0,0,0,71,0.17930451035499573,0.0,-0.008586368523538113,0.018783658742904663,0.00019175211491528898,-0.8892475366592407,-0.9422875046730042,0,0,0,0,59,True,True,active
71,2,1499.4873046875,870.0701293945312,-177.3539581298828,3.1595308780670166,11.374310493469238,1.5151406526565552,0,1,0,0,0,71,0.17930451035499573,0.0,-0.008586368523538113,0.018783658742904663,0.00019175211491528898,-0.8892475366592407,-0.9422875046730042,0,0,0,0,59,True,True,active
71,3,1499.4873046875,870.0701293945312,-177.3539581298828,3.1595308780670166,11.374310493469238,1.5151406526565552,0,1,0,0,0,71,0.17930451035499573,0.0,-0.008586368523538113,0.018783658742904663,0.00019175211491528898,-0.8892475366592407,-0.9422875046730042,0,0,0,0,59,True,True,active
71,4,1499.4873046875,870.0701293945312,-177.3539581298828,3.1595308780670166,11.374310493469238,1.5151406526565552,0,1,0,0,0,71,0.17930451035499573,0.0,-0.008586368523538113,0.018783658742904663,0.00019175211491528898,-0.8892475366592407,-0.9422875046730042,0,0,0,0,59,True,True,active
71,5,1499.4873046875,870.0701293945312,-177.3539581298828,3.1595308780670166,11.374310493469238,1.5151406526565552,0,1,0,0,0,71,0.17930451035499573,0.0,-0.008586368523538113,0.018783658742904663,0.00019175211491528898,-0.8892475366592407,-0.9422875046730042,0,0,0,0,59,True,True,active
71,6,1499.4873046875,870.0701293945312,-177.3539581298828,3.1595308780670166,11.374310493469238,1.5151406526565552,0,1,0,0,0,71,0.17930451035499573,0.0,-0.008586368523538113,0.018783658742904663,0.00019175211491528898,-0.8892475366592407,-0.9422875046730042,0,0,0,0,59,True,True,active
71,7,1499.4873046875,870.0701293945312,-177.3539581298828,3.1595308780670166,11.374310493469238,1.5151406526565552,0,1,0,0,0,71,0.17930451035499573,0.0,-0.008586368523538113,0.018783658742904663,0.00019175211491528898,-0.8892475366592407,-0.9422875046730042,0,0,0,0,59,True,True,active
72,0,1499.4456787109375,870.0720825195312,-177.3544158935547,3.200871229171753,11.523136138916016,1.5567985773086548,0,1,0,0,0,72,0.17930568754673004,0.0,-0.008571748621761799,0.018783658742904663,0.00019666884327307343,-0.8893586993217468,-0.9423386454582214,0,0,0,0,60,True,True,active
72,1,1499.4456787109375,870.0720825195312,-177.3544158935547,3.200871229171753,11.523136138916016,1.5567985773086548,0,1,0,0,0,72,0.17930568754673004,0.0,-0.008571748621761799,0.018783658742904663,0.00019666884327307343,-0.8893586993217468,-0.9423386454582214,0,0,0,0,60,True,True,active
72,2,1499.4456787109375,870.0720825195312,-177.3544158935547,3.200871229171753,11.523136138916016,1.5567985773086548,0,1,0,0,0,72,0.17930568754673004,0.0,-0.008571748621761799,0.018783658742904663,0.00019666884327307343,-0.8893586993217468,-0.9423386454582214,0,0,0,0,60,True,True,active
72,3,1499.4456787109375,870.0720825195312,-177.3544158935547,3.200871229171753,11.523136138916016,1.5567985773086548,0,1,0,0,0,72,0.17930568754673004,0.0,-0.008571748621761799,0.018783658742904663,0.00019666884327307343,-0.8893586993217468,-0.9423386454582214,0,0,0,0,60,True,True,active
72,4,1499.4456787109375,870.0720825195312,-177.3544158935547,3.200871229171753,11.523136138916016,1.5567985773086548,0,1,0,0,0,72,0.17930568754673004,0.0,-0.008571748621761799,0.018783658742904663,0.00019666884327307343,-0.8893586993217468,-0.9423386454582214,0,0,0,0,60,True,True,active
72,5,1499.4456787109375,870.0720825195312,-177.3544158935547,3.200871229171753,11.523136138916016,1.5567985773086548,0,1,0,0,0,72,0.17930568754673004,0.0,-0.008571748621761799,0.018783658742904663,0.00019666884327307343,-0.8893586993217468,-0.9423386454582214,0,0,0,0,60,True,True,active
72,6,1499.4456787109375,870.0720825195312,-177.3544158935547,3.200871229171753,11.523136138916016,1.5567985773086548,0,1,0,0,0,72,0.17930568754673004,0.0,-0.008571748621761799,0.018783658742904663,0.00019666884327307343,-0.8893586993217468,-0.9423386454582214,0,0,0,0,60,True,True,active
72,7,1499.4456787109375,870.0720825195312,-177.3544158935547,3.200871229171753,11.523136138916016,1.5567985773086548,0,1,0,0,0,72,0.17930568754673004,0.0,-0.008571748621761799,0.018783658742904663,0.00019666884327307343,-0.8893586993217468,-0.9423386454582214,0,0,0,0,60,True,True,active
73,0,1499.403564453125,870.0740356445312,-177.35487365722656,3.2421276569366455,11.671659469604492,1.5989934206008911,0,1,0,0,0,73,0.17930689454078674,0.0,-0.008556880988180637,0.018783658742904663,0.00020175510144326836,-0.8894711136817932,-0.9423978924751282,0,0,0,0,61,True,True,active
73,1,1499.403564453125,870.0740356445312,-177.35487365722656,3.2421276569366455,11.671659469604492,1.5989934206008911,0,1,0,0,0,73,0.17930689454078674,0.0,-0.008556880988180637,0.018783658742904663,0.00020175510144326836,-0.8894711136817932,-0.9423978924751282,0,0,0,0,61,True,True,active
73,2,1499.403564453125,870.0740356445312,-177.35487365722656,3.2421276569366455,11.671659469604492,1.5989934206008911,0,1,0,0,0,73,0.17930689454078674,0.0,-0.008556880988180637,0.018783658742904663,0.00020175510144326836,-0.8894711136817932,-0.9423978924751282,0,0,0,0,61,True,True,active
73,3,1499.403564453125,870.0740356445312,-177.35487365722656,3.2421276569366455,11.671659469604492,1.5989934206008911,0,1,0,0,0,73,0.17930689454078674,0.0,-0.008556880988180637,0.018783658742904663,0.00020175510144326836,-0.8894711136817932,-0.9423978924751282,0,0,0,0,61,True,True,active
73,4,1499.403564453125,870.0740356445312,-177.35487365722656,3.2421276569366455,11.671659469604492,1.5989934206008911,0,1,0,0,0,73,0.17930689454078674,0.0,-0.008556880988180637,0.018783658742904663,0.00020175510144326836,-0.8894711136817932,-0.9423978924751282,0,0,0,0,61,True,True,active
73,5,1499.403564453125,870.0740356445312,-177.35487365722656,3.2421276569366455,11.671659469604492,1.5989934206008911,0,1,0,0,0,73,0.17930689454078674,0.0,-0.008556880988180637,0.018783658742904663,0.00020175510144326836,-0.8894711136817932,-0.9423978924751282,0,0,0,0,61,True,True,active
73,6,1499.403564453125,870.0740356445312,-177.35487365722656,3.2421276569366455,11.671659469604492,1.5989934206008911,0,1,0,0,0,73,0.17930689454078674,0.0,-0.008556880988180637,0.018783658742904663,0.00020175510144326836,-0.8894711136817932,-0.9423978924751282,0,0,0,0,61,True,True,active
73,7,1499.403564453125,870.0740356445312,-177.35487365722656,3.2421276569366455,11.671659469604492,1.5989934206008911,0,1,0,0,0,73,0.17930689454078674,0.0,-0.008556880988180637,0.018783658742904663,0.00020175510144326836,-0.8894711136817932,-0.9423978924751282,0,0,0,0,61,True,True,active
74,0,1499.36083984375,870.0759887695312,-177.35533142089844,3.2833003997802734,11.819881439208984,1.6417241096496582,0,1,0,0,0,74,0.17930810153484344,0.0,-0.008541906252503395,0.018783658742904663,0.0002075195370707661,-0.8895851373672485,-0.9424636363983154,0,0,0,0,62,True,True,active
74,1,1499.36083984375,870.0759887695312,-177.35533142089844,3.2833003997802734,11.819881439208984,1.6417241096496582,0,1,0,0,0,74,0.17930810153484344,0.0,-0.008541906252503395,0.018783658742904663,0.0002075195370707661,-0.8895851373672485,-0.9424636363983154,0,0,0,0,62,True,True,active
74,2,1499.36083984375,870.0759887695312,-177.35533142089844,3.2833003997802734,11.819881439208984,1.6417241096496582,0,1,0,0,0,74,0.17930810153484344,0.0,-0.008541906252503395,0.018783658742904663,0.0002075195370707661,-0.8895851373672485,-0.9424636363983154,0,0,0,0,62,True,True,active
74,3,1499.36083984375,870.0759887695312,-177.35533142089844,3.2833003997802734,11.819881439208984,1.6417241096496582,0,1,0,0,0,74,0.17930810153484344,0.0,-0.008541906252503395,0.018783658742904663,0.0002075195370707661,-0.8895851373672485,-0.9424636363983154,0,0,0,0,62,True,True,active
74,4,1499.36083984375,870.0759887695312,-177.35533142089844,3.2833003997802734,11.819881439208984,1.6417241096496582,0,1,0,0,0,74,0.17930810153484344,0.0,-0.008541906252503395,0.018783658742904663,0.0002075195370707661,-0.8895851373672485,-0.9424636363983154,0,0,0,0,62,True,True,active
74,5,1499.36083984375,870.0759887695312,-177.35533142089844,3.2833003997802734,11.819881439208984,1.6417241096496582,0,1,0,0,0,74,0.17930810153484344,0.0,-0.008541906252503395,0.018783658742904663,0.0002075195370707661,-0.8895851373672485,-0.9424636363983154,0,0,0,0,62,True,True,active
74,6,1499.36083984375,870.0759887695312,-177.35533142089844,3.2833003997802734,11.819881439208984,1.6417241096496582,0,1,0,0,0,74,0.17930810153484344,0.0,-0.008541906252503395,0.018783658742904663,0.0002075195370707661,-0.8895851373672485,-0.9424636363983154,0,0,0,0,62,True,True,active
74,7,1499.36083984375,870.0759887695312,-177.35533142089844,3.2833003997802734,11.819881439208984,1.6417241096496582,0,1,0,0,0,74,0.17930810153484344,0.0,-0.008541906252503395,0.018783658742904663,0.0002075195370707661,-0.8895851373672485,-0.9424636363983154,0,0,0,0,62,True,True,active
75,0,1499.317626953125,870.0780029296875,-177.35580444335938,3.324389696121216,11.967803001403809,1.68498957157135,0,1,0,0,0,75,0.17930932343006134,0.0,-0.008526845835149288,0.018783658742904663,0.00021260579524096102,-0.8897005319595337,-0.9425221085548401,0,0,0,0,63,True,True,active
75,1,1499.317626953125,870.0780029296875,-177.35580444335938,3.324389696121216,11.967803001403809,1.68498957157135,0,1,0,0,0,75,0.17930932343006134,0.0,-0.008526845835149288,0.018783658742904663,0.00021260579524096102,-0.8897005319595337,-0.9425221085548401,0,0,0,0,63,True,True,active
75,2,1499.317626953125,870.0780029296875,-177.35580444335938,3.324389696121216,11.967803001403809,1.68498957157135,0,1,0,0,0,75,0.17930932343006134,0.0,-0.008526845835149288,0.018783658742904663,0.00021260579524096102,-0.8897005319595337,-0.9425221085548401,0,0,0,0,63,True,True,active
75,3,1499.317626953125,870.0780029296875,-177.35580444335938,3.324389696121216,11.967803001403809,1.68498957157135,0,1,0,0,0,75,0.17930932343006134,0.0,-0.008526845835149288,0.018783658742904663,0.00021260579524096102,-0.8897005319595337,-0.9425221085548401,0,0,0,0,63,True,True,active
75,4,1499.317626953125,870.0780029296875,-177.35580444335938,3.324389696121216,11.967803001403809,1.68498957157135,0,1,0,0,0,75,0.17930932343006134,0.0,-0.008526845835149288,0.018783658742904663,0.00021260579524096102,-0.8897005319595337,-0.9425221085548401,0,0,0,0,63,True,True,active
75,5,1499.317626953125,870.0780029296875,-177.35580444335938,3.324389696121216,11.967803001403809,1.68498957157135,0,1,0,0,0,75,0.17930932343006134,0.0,-0.008526845835149288,0.018783658742904663,0.00021260579524096102,-0.8897005319595337,-0.9425221085548401,0,0,0,0,63,True,True,active
75,6,1499.317626953125,870.0780029296875,-177.35580444335938,3.324389696121216,11.967803001403809,1.68498957157135,0,1,0,0,0,75,0.17930932343006134,0.0,-0.008526845835149288,0.018783658742904663,0.00021260579524096102,-0.8897005319595337,-0.9425221085548401,0,0,0,0,63,True,True,active
75,7,1499.317626953125,870.0780029296875,-177.35580444335938,3.324389696121216,11.967803001403809,1.68498957157135,0,1,0,0,0,75,0.17930932343006134,0.0,-0.008526845835149288,0.018783658742904663,0.00021260579524096102,-0.8897005319595337,-0.9425221085548401,0,0,0,0,63,True,True,active
76,0,1499.27392578125,870.0800170898438,-177.3562774658203,3.3653953075408936,12.115423202514648,1.7287887334823608,0,1,0,0,0,76,0.17931057512760162,0.0,-0.008511384949088097,0.018783658742904663,0.00021820068650413305,-0.8898171782493591,-0.9425878524780273,0,0,0,0,64,True,True,active
76,1,1499.27392578125,870.0800170898438,-177.3562774658203,3.3653953075408936,12.115423202514648,1.7287887334823608,0,1,0,0,0,76,0.17931057512760162,0.0,-0.008511384949088097,0.018783658742904663,0.00021820068650413305,-0.8898171782493591,-0.9425878524780273,0,0,0,0,64,True,True,active
76,2,1499.27392578125,870.0800170898438,-177.3562774658203,3.3653953075408936,12.115423202514648,1.7287887334823608,0,1,0,0,0,76,0.17931057512760162,0.0,-0.008511384949088097,0.018783658742904663,0.00021820068650413305,-0.8898171782493591,-0.9425878524780273,0,0,0,0,64,True,True,active
76,3,1499.27392578125,870.0800170898438,-177.3562774658203,3.3653953075408936,12.115423202514648,1.7287887334823608,0,1,0,0,0,76,0.17931057512760162,0.0,-0.008511384949088097,0.018783658742904663,0.00021820068650413305,-0.8898171782493591,-0.9425878524780273,0,0,0,0,64,True,True,active
76,4,1499.27392578125,870.0800170898438,-177.3562774658203,3.3653953075408936,12.115423202514648,1.7287887334823608,0,1,0,0,0,76,0.17931057512760162,0.0,-0.008511384949088097,0.018783658742904663,0.00021820068650413305,-0.8898171782493591,-0.9425878524780273,0,0,0,0,64,True,True,active
76,5,1499.27392578125,870.0800170898438,-177.3562774658203,3.3653953075408936,12.115423202514648,1.7287887334823608,0,1,0,0,0,76,0.17931057512760162,0.0,-0.008511384949088097,0.018783658742904663,0.00021820068650413305,-0.8898171782493591,-0.9425878524780273,0,0,0,0,64,True,True,active
76,6,1499.27392578125,870.0800170898438,-177.3562774658203,3.3653953075408936,12.115423202514648,1.7287887334823608,0,1,0,0,0,76,0.17931057512760162,0.0,-0.008511384949088097,0.018783658742904663,0.00021820068650413305,-0.8898171782493591,-0.9425878524780273,0,0,0,0,64,True,True,active
76,7,1499.27392578125,870.0800170898438,-177.3562774658203,3.3653953075408936,12.115423202514648,1.7287887334823608,0,1,0,0,0,76,0.17931057512760162,0.0,-0.008511384949088097,0.018783658742904663,0.00021820068650413305,-0.8898171782493591,-0.9425878524780273,0,0,0,0,64,True,True,active
77,0,1499.2296142578125,870.08203125,-177.35675048828125,3.406317710876465,12.26274299621582,1.773120403289795,0,1,0,0,0,77,0.1793118268251419,0.0,-0.00849588867276907,0.018783658742904663,0.00022413466649595648,-0.8899354934692383,-0.9426544904708862,0,0,0,0,65,True,True,active
77,1,1499.2296142578125,870.08203125,-177.35675048828125,3.406317710876465,12.26274299621582,1.773120403289795,0,1,0,0,0,77,0.1793118268251419,0.0,-0.00849588867276907,0.018783658742904663,0.00022413466649595648,-0.8899354934692383,-0.9426544904708862,0,0,0,0,65,True,True,active
77,2,1499.2296142578125,870.08203125,-177.35675048828125,3.406317710876465,12.26274299621582,1.773120403289795,0,1,0,0,0,77,0.1793118268251419,0.0,-0.00849588867276907,0.018783658742904663,0.00022413466649595648,-0.8899354934692383,-0.9426544904708862,0,0,0,0,65,True,True,active
77,3,1499.2296142578125,870.08203125,-177.35675048828125,3.406317710876465,12.26274299621582,1.773120403289795,0,1,0,0,0,77,0.1793118268251419,0.0,-0.00849588867276907,0.018783658742904663,0.00022413466649595648,-0.8899354934692383,-0.9426544904708862,0,0,0,0,65,True,True,active
77,4,1499.2296142578125,870.08203125,-177.35675048828125,3.406317710876465,12.26274299621582,1.773120403289795,0,1,0,0,0,77,0.1793118268251419,0.0,-0.00849588867276907,0.018783658742904663,0.00022413466649595648,-0.8899354934692383,-0.9426544904708862,0,0,0,0,65,True,True,active
77,5,1499.2296142578125,870.08203125,-177.35675048828125,3.406317710876465,12.26274299621582,1.773120403289795,0,1,0,0,0,77,0.1793118268251419,0.0,-0.00849588867276907,0.018783658742904663,0.00022413466649595648,-0.8899354934692383,-0.9426544904708862,0,0,0,0,65,True,True,active
77,6,1499.2296142578125,870.08203125,-177.35675048828125,3.406317710876465,12.26274299621582,1.773120403289795,0,1,0,0,0,77,0.1793118268251419,0.0,-0.00849588867276907,0.018783658742904663,0.00022413466649595648,-0.8899354934692383,-0.9426544904708862,0,0,0,0,65,True,True,active
77,7,1499.2296142578125,870.08203125,-177.35675048828125,3.406317710876465,12.26274299621582,1.773120403289795,0,1,0,0,0,77,0.1793118268251419,0.0,-0.00849588867276907,0.018783658742904663,0.00022413466649595648,-0.8899354934692383,-0.9426544904708862,0,0,0,0,65,True,True,active
78,0,1499.184814453125,870.0841064453125,-177.35723876953125,3.4471569061279297,12.409764289855957,1.817983627319336,0,1,0,0,0,78,0.17931309342384338,0.0,-0.008480241522192955,0.018783658742904663,0.0002297295577591285,-0.8900550603866577,-0.9427129030227661,0,0,0,0,66,True,True,active
78,1,1499.184814453125,870.0841064453125,-177.35723876953125,3.4471569061279297,12.409764289855957,1.817983627319336,0,1,0,0,0,78,0.17931309342384338,0.0,-0.008480241522192955,0.018783658742904663,0.0002297295577591285,-0.8900550603866577,-0.9427129030227661,0,0,0,0,66,True,True,active
78,2,1499.184814453125,870.0841064453125,-177.35723876953125,3.4471569061279297,12.409764289855957,1.817983627319336,0,1,0,0,0,78,0.17931309342384338,0.0,-0.008480241522192955,0.018783658742904663,0.0002297295577591285,-0.8900550603866577,-0.9427129030227661,0,0,0,0,66,True,True,active
78,3,1499.184814453125,870.0841064453125,-177.35723876953125,3.4471569061279297,12.409764289855957,1.817983627319336,0,1,0,0,0,78,0.17931309342384338,0.0,-0.008480241522192955,0.018783658742904663,0.0002297295577591285,-0.8900550603866577,-0.9427129030227661,0,0,0,0,66,True,True,active
78,4,1499.184814453125,870.0841064453125,-177.35723876953125,3.4471569061279297,12.409764289855957,1.817983627319336,0,1,0,0,0,78,0.17931309342384338,0.0,-0.008480241522192955,0.018783658742904663,0.0002297295577591285,-0.8900550603866577,-0.9427129030227661,0,0,0,0,66,True,True,active
78,5,1499.184814453125,870.0841064453125,-177.35723876953125,3.4471569061279297,12.409764289855957,1.817983627319336,0,1,0,0,0,78,0.17931309342384338,0.0,-0.008480241522192955,0.018783658742904663,0.0002297295577591285,-0.8900550603866577,-0.9427129030227661,0,0,0,0,66,True,True,active
78,6,1499.184814453125,870.0841064453125,-177.35723876953125,3.4471569061279297,12.409764289855957,1.817983627319336,0,1,0,0,0,78,0.17931309342384338,0.0,-0.008480241522192955,0.018783658742904663,0.0002297295577591285,-0.8900550603866577,-0.9427129030227661,0,0,0,0,66,True,True,active
78,7,1499.184814453125,870.0841064453125,-177.35723876953125,3.4471569061279297,12.409764289855957,1.817983627319336,0,1,0,0,0,78,0.17931309342384338,0.0,-0.008480241522192955,0.018783658742904663,0.0002297295577591285,-0.8900550603866577,-0.9427129030227661,0,0,0,0,66,True,True,active
79,0,1499.1395263671875,870.086181640625,-177.35772705078125,3.487913131713867,12.556487083435059,1.8633772134780884,0,1,0,0,0,79,0.17931438982486725,0.0,-0.008464300073683262,0.018783658742904663,0.00023566352319903672,-0.8901759386062622,-0.9427859783172607,0,0,0,0,67,True,True,active
79,1,1499.1395263671875,870.086181640625,-177.35772705078125,3.487913131713867,12.556487083435059,1.8633772134780884,0,1,0,0,0,79,0.17931438982486725,0.0,-0.008464300073683262,0.018783658742904663,0.00023566352319903672,-0.8901759386062622,-0.9427859783172607,0,0,0,0,67,True,True,active
79,2,1499.1395263671875,870.086181640625,-177.35772705078125,3.487913131713867,12.556487083435059,1.8633772134780884,0,1,0,0,0,79,0.17931438982486725,0.0,-0.008464300073683262,0.018783658742904663,0.00023566352319903672,-0.8901759386062622,-0.9427859783172607,0,0,0,0,67,True,True,active
79,3,1499.1395263671875,870.086181640625,-177.35772705078125,3.487913131713867,12.556487083435059,1.8633772134780884,0,1,0,0,0,79,0.17931438982486725,0.0,-0.008464300073683262,0.018783658742904663,0.00023566352319903672,-0.8901759386062622,-0.9427859783172607,0,0,0,0,67,True,True,active
79,4,1499.1395263671875,870.086181640625,-177.35772705078125,3.487913131713867,12.556487083435059,1.8633772134780884,0,1,0,0,0,79,0.17931438982486725,0.0,-0.008464300073683262,0.018783658742904663,0.00023566352319903672,-0.8901759386062622,-0.9427859783172607,0,0,0,0,67,True,True,active
79,5,1499.1395263671875,870.086181640625,-177.35772705078125,3.487913131713867,12.556487083435059,1.8633772134780884,0,1,0,0,0,79,0.17931438982486725,0.0,-0.008464300073683262,0.018783658742904663,0.00023566352319903672,-0.8901759386062622,-0.9427859783172607,0,0,0,0,67,True,True,active
79,6,1499.1395263671875,870.086181640625,-177.35772705078125,3.487913131713867,12.556487083435059,1.8633772134780884,0,1,0,0,0,79,0.17931438982486725,0.0,-0.008464300073683262,0.018783658742904663,0.00023566352319903672,-0.8901759386062622,-0.9427859783172607,0,0,0,0,67,True,True,active
79,7,1499.1395263671875,870.086181640625,-177.35772705078125,3.487913131713867,12.556487083435059,1.8633772134780884,0,1,0,0,0,79,0.17931438982486725,0.0,-0.008464300073683262,0.018783658742904663,0.00023566352319903672,-0.8901759386062622,-0.9427859783172607,0,0,0,0,67,True,True,active
80,0,1499.0936279296875,870.0883178710938,-177.35821533203125,3.5285866260528564,12.702911376953125,1.9093002080917358,0,1,0,0,0,80,0.1793157011270523,0.0,-0.008448179811239243,0.018783658742904663,0.00024108887009788305,-0.8902984857559204,-0.9428443908691406,0,0,0,0,68,True,True,active
80,1,1499.0936279296875,870.0883178710938,-177.35821533203125,3.5285866260528564,12.702911376953125,1.9093002080917358,0,1,0,0,0,80,0.1793157011270523,0.0,-0.008448179811239243,0.018783658742904663,0.00024108887009788305,-0.8902984857559204,-0.9428443908691406,0,0,0,0,68,True,True,active
80,2,1499.0936279296875,870.0883178710938,-177.35821533203125,3.5285866260528564,12.702911376953125,1.9093002080917358,0,1,0,0,0,80,0.1793157011270523,0.0,-0.008448179811239243,0.018783658742904663,0.00024108887009788305,-0.8902984857559204,-0.9428443908691406,0,0,0,0,68,True,True,active
80,3,1499.0936279296875,870.0883178710938,-177.35821533203125,3.5285866260528564,12.702911376953125,1.9093002080917358,0,1,0,0,0,80,0.1793157011270523,0.0,-0.008448179811239243,0.018783658742904663,0.00024108887009788305,-0.8902984857559204,-0.9428443908691406,0,0,0,0,68,True,True,active
80,4,1499.0936279296875,870.0883178710938,-177.35821533203125,3.5285866260528564,12.702911376953125,1.9093002080917358,0,1,0,0,0,80,0.1793157011270523,0.0,-0.008448179811239243,0.018783658742904663,0.00024108887009788305,-0.8902984857559204,-0.9428443908691406,0,0,0,0,68,True,True,active
80,5,1499.0936279296875,870.0883178710938,-177.35821533203125,3.5285866260528564,12.702911376953125,1.9093002080917358,0,1,0,0,0,80,0.1793157011270523,0.0,-0.008448179811239243,0.018783658742904663,0.00024108887009788305,-0.8902984857559204,-0.9428443908691406,0,0,0,0,68,True,True,active
80,6,1499.0936279296875,870.0883178710938,-177.35821533203125,3.5285866260528564,12.702911376953125,1.9093002080917358,0,1,0,0,0,80,0.1793157011270523,0.0,-0.008448179811239243,0.018783658742904663,0.00024108887009788305,-0.8902984857559204,-0.9428443908691406,0,0,0,0,68,True,True,active
80,7,1499.0936279296875,870.0883178710938,-177.35821533203125,3.5285866260528564,12.702911376953125,1.9093002080917358,0,1,0,0,0,80,0.1793157011270523,0.0,-0.008448179811239243,0.018783658742904663,0.00024108887009788305,-0.8902984857559204,-0.9428443908691406,0,0,0,0,68,True,True,active
81,0,1499.0472412109375,870.0904541015625,-177.35870361328125,3.5691773891448975,12.849038124084473,1.9557514190673828,0,1,0,0,0,81,0.17931701242923737,0.0,-0.008431994356215,0.018783658742904663,0.0002468533057253808,-0.8904223442077637,-0.9429110288619995,0,0,0,0,69,True,True,active
81,1,1499.0472412109375,870.0904541015625,-177.35870361328125,3.5691773891448975,12.849038124084473,1.9557514190673828,0,1,0,0,0,81,0.17931701242923737,0.0,-0.008431994356215,0.018783658742904663,0.0002468533057253808,-0.8904223442077637,-0.9429110288619995,0,0,0,0,69,True,True,active
81,2,1499.0472412109375,870.0904541015625,-177.35870361328125,3.5691773891448975,12.849038124084473,1.9557514190673828,0,1,0,0,0,81,0.17931701242923737,0.0,-0.008431994356215,0.018783658742904663,0.0002468533057253808,-0.8904223442077637,-0.9429110288619995,0,0,0,0,69,True,True,active
81,3,1499.0472412109375,870.0904541015625,-177.35870361328125,3.5691773891448975,12.849038124084473,1.9557514190673828,0,1,0,0,0,81,0.17931701242923737,0.0,-0.008431994356215,0.018783658742904663,0.0002468533057253808,-0.8904223442077637,-0.9429110288619995,0,0,0,0,69,True,True,active
81,4,1499.0472412109375,870.0904541015625,-177.35870361328125,3.5691773891448975,12.849038124084473,1.9557514190673828,0,1,0,0,0,81,0.17931701242923737,0.0,-0.008431994356215,0.018783658742904663,0.0002468533057253808,-0.8904223442077637,-0.9429110288619995,0,0,0,0,69,True,True,active
81,5,1499.0472412109375,870.0904541015625,-177.35870361328125,3.5691773891448975,12.849038124084473,1.9557514190673828,0,1,0,0,0,81,0.17931701242923737,0.0,-0.008431994356215,0.018783658742904663,0.0002468533057253808,-0.8904223442077637,-0.9429110288619995,0,0,0,0,69,True,True,active
81,6,1499.0472412109375,870.0904541015625,-177.35870361328125,3.5691773891448975,12.849038124084473,1.9557514190673828,0,1,0,0,0,81,0.17931701242923737,0.0,-0.008431994356215,0.018783658742904663,0.0002468533057253808,-0.8904223442077637,-0.9429110288619995,0,0,0,0,69,True,True,active
81,7,1499.0472412109375,870.0904541015625,-177.35870361328125,3.5691773891448975,12.849038124084473,1.9557514190673828,0,1,0,0,0,81,0.17931701242923737,0.0,-0.008431994356215,0.018783658742904663,0.0002468533057253808,-0.8904223442077637,-0.9429110288619995,0,0,0,0,69,True,True,active
82,0,1499.0003662109375,870.0925903320312,-177.3592071533203,3.6096856594085693,12.994868278503418,2.002729892730713,0,1,0,0,0,82,0.17931832373142242,0.0,-0.008415772579610348,0.018783658742904663,0.0002531263744458556,-0.8905474543571472,-0.9429840445518494,0,0,0,0,70,True,True,active
82,1,1499.0003662109375,870.0925903320312,-177.3592071533203,3.6096856594085693,12.994868278503418,2.002729892730713,0,1,0,0,0,82,0.17931832373142242,0.0,-0.008415772579610348,0.018783658742904663,0.0002531263744458556,-0.8905474543571472,-0.9429840445518494,0,0,0,0,70,True,True,active
82,2,1499.0003662109375,870.0925903320312,-177.3592071533203,3.6096856594085693,12.994868278503418,2.002729892730713,0,1,0,0,0,82,0.17931832373142242,0.0,-0.008415772579610348,0.018783658742904663,0.0002531263744458556,-0.8905474543571472,-0.9429840445518494,0,0,0,0,70,True,True,active
82,3,1499.0003662109375,870.0925903320312,-177.3592071533203,3.6096856594085693,12.994868278503418,2.002729892730713,0,1,0,0,0,82,0.17931832373142242,0.0,-0.008415772579610348,0.018783658742904663,0.0002531263744458556,-0.8905474543571472,-0.9429840445518494,0,0,0,0,70,True,True,active
82,4,1499.0003662109375,870.0925903320312,-177.3592071533203,3.6096856594085693,12.994868278503418,2.002729892730713,0,1,0,0,0,82,0.17931832373142242,0.0,-0.008415772579610348,0.018783658742904663,0.0002531263744458556,-0.8905474543571472,-0.9429840445518494,0,0,0,0,70,True,True,active
82,5,1499.0003662109375,870.0925903320312,-177.3592071533203,3.6096856594085693,12.994868278503418,2.002729892730713,0,1,0,0,0,82,0.17931832373142242,0.0,-0.008415772579610348,0.018783658742904663,0.0002531263744458556,-0.8905474543571472,-0.9429840445518494,0,0,0,0,70,True,True,active
82,6,1499.0003662109375,870.0925903320312,-177.3592071533203,3.6096856594085693,12.994868278503418,2.002729892730713,0,1,0,0,0,82,0.17931832373142242,0.0,-0.008415772579610348,0.018783658742904663,0.0002531263744458556,-0.8905474543571472,-0.9429840445518494,0,0,0,0,70,True,True,active
82,7,1499.0003662109375,870.0925903320312,-177.3592071533203,3.6096856594085693,12.994868278503418,2.002729892730713,0,1,0,0,0,82,0.17931832373142242,0.0,-0.008415772579610348,0.018783658742904663,0.0002531263744458556,-0.8905474543571472,-0.9429840445518494,0,0,0,0,70,True,True,active
83,0,1498.952880859375,870.0947875976562,-177.35971069335938,3.650111675262451,13.140401840209961,2.05023455619812,0,1,0,0,0,83,0.17931966483592987,0.0,-0.00839928537607193,0.018783658742904663,0.0002588907955214381,-0.8906742334365845,-0.9430498480796814,0,0,0,0,71,True,True,active
83,1,1498.952880859375,870.0947875976562,-177.35971069335938,3.650111675262451,13.140401840209961,2.05023455619812,0,1,0,0,0,83,0.17931966483592987,0.0,-0.00839928537607193,0.018783658742904663,0.0002588907955214381,-0.8906742334365845,-0.9430498480796814,0,0,0,0,71,True,True,active
83,2,1498.952880859375,870.0947875976562,-177.35971069335938,3.650111675262451,13.140401840209961,2.05023455619812,0,1,0,0,0,83,0.17931966483592987,0.0,-0.00839928537607193,0.018783658742904663,0.0002588907955214381,-0.8906742334365845,-0.9430498480796814,0,0,0,0,71,True,True,active
83,3,1498.952880859375,870.0947875976562,-177.35971069335938,3.650111675262451,13.140401840209961,2.05023455619812,0,1,0,0,0,83,0.17931966483592987,0.0,-0.00839928537607193,0.018783658742904663,0.0002588907955214381,-0.8906742334365845,-0.9430498480796814,0,0,0,0,71,True,True,active
83,4,1498.952880859375,870.0947875976562,-177.35971069335938,3.650111675262451,13.140401840209961,2.05023455619812,0,1,0,0,0,83,0.17931966483592987,0.0,-0.00839928537607193,0.018783658742904663,0.0002588907955214381,-0.8906742334365845,-0.9430498480796814,0,0,0,0,71,True,True,active
83,5,1498.952880859375,870.0947875976562,-177.35971069335938,3.650111675262451,13.140401840209961,2.05023455619812,0,1,0,0,0,83,0.17931966483592987,0.0,-0.00839928537607193,0.018783658742904663,0.0002588907955214381,-0.8906742334365845,-0.9430498480796814,0,0,0,0,71,True,True,active
83,6,1498.952880859375,870.0947875976562,-177.35971069335938,3.650111675262451,13.140401840209961,2.05023455619812,0,1,0,0,0,83,0.17931966483592987,0.0,-0.00839928537607193,0.018783658742904663,0.0002588907955214381,-0.8906742334365845,-0.9430498480796814,0,0,0,0,71,True,True,active
83,7,1498.952880859375,870.0947875976562,-177.35971069335938,3.650111675262451,13.140401840209961,2.05023455619812,0,1,0,0,0,83,0.17931966483592987,0.0,-0.00839928537607193,0.018783658742904663,0.0002588907955214381,-0.8906742334365845,-0.9430498480796814,0,0,0,0,71,True,True,active
84,0,1498.9049072265625,870.0969848632812,-177.36021423339844,3.690455436706543,13.285638809204102,2.098264217376709,0,1,0,0,0,84,0.1793210208415985,0.0,-0.008382484316825867,0.018783658742904663,0.00026516386424191296,-0.890802264213562,-0.9431228637695312,0,0,0,0,72,True,True,active
84,1,1498.9049072265625,870.0969848632812,-177.36021423339844,3.690455436706543,13.285638809204102,2.098264217376709,0,1,0,0,0,84,0.1793210208415985,0.0,-0.008382484316825867,0.018783658742904663,0.00026516386424191296,-0.890802264213562,-0.9431228637695312,0,0,0,0,72,True,True,active
84,2,1498.9049072265625,870.0969848632812,-177.36021423339844,3.690455436706543,13.285638809204102,2.098264217376709,0,1,0,0,0,84,0.1793210208415985,0.0,-0.008382484316825867,0.018783658742904663,0.00026516386424191296,-0.890802264213562,-0.9431228637695312,0,0,0,0,72,True,True,active
84,3,1498.9049072265625,870.0969848632812,-177.36021423339844,3.690455436706543,13.285638809204102,2.098264217376709,0,1,0,0,0,84,0.1793210208415985,0.0,-0.008382484316825867,0.018783658742904663,0.00026516386424191296,-0.890802264213562,-0.9431228637695312,0,0,0,0,72,True,True,active
84,4,1498.9049072265625,870.0969848632812,-177.36021423339844,3.690455436706543,13.285638809204102,2.098264217376709,0,1,0,0,0,84,0.1793210208415985,0.0,-0.008382484316825867,0.018783658742904663,0.00026516386424191296,-0.890802264213562,-0.9431228637695312,0,0,0,0,72,True,True,active
84,5,1498.9049072265625,870.0969848632812,-177.36021423339844,3.690455436706543,13.285638809204102,2.098264217376709,0,1,0,0,0,84,0.1793210208415985,0.0,-0.008382484316825867,0.018783658742904663,0.00026516386424191296,-0.890802264213562,-0.9431228637695312,0,0,0,0,72,True,True,active
84,6,1498.9049072265625,870.0969848632812,-177.36021423339844,3.690455436706543,13.285638809204102,2.098264217376709,0,1,0,0,0,84,0.1793210208415985,0.0,-0.008382484316825867,0.018783658742904663,0.00026516386424191296,-0.890802264213562,-0.9431228637695312,0,0,0,0,72,True,True,active
84,7,1498.9049072265625,870.0969848632812,-177.36021423339844,3.690455436706543,13.285638809204102,2.098264217376709,0,1,0,0,0,84,0.1793210208415985,0.0,-0.008382484316825867,0.018783658742904663,0.00026516386424191296,-0.890802264213562,-0.9431228637695312,0,0,0,0,72,True,True,active
85,0,1498.8564453125,870.0992431640625,-177.36073303222656,3.7307169437408447,13.430581092834473,2.146817922592163,0,1,0,0,0,85,0.17932237684726715,0.0,-0.008365647867321968,0.018783658742904663,0.000270758755505085,-0.8909316658973694,-0.9431895017623901,0,0,0,0,73,True,True,active
85,1,1498.8564453125,870.0992431640625,-177.36073303222656,3.7307169437408447,13.430581092834473,2.146817922592163,0,1,0,0,0,85,0.17932237684726715,0.0,-0.008365647867321968,0.018783658742904663,0.000270758755505085,-0.8909316658973694,-0.9431895017623901,0,0,0,0,73,True,True,active
85,2,1498.8564453125,870.0992431640625,-177.36073303222656,3.7307169437408447,13.430581092834473,2.146817922592163,0,1,0,0,0,85,0.17932237684726715,0.0,-0.008365647867321968,0.018783658742904663,0.000270758755505085,-0.8909316658973694,-0.9431895017623901,0,0,0,0,73,True,True,active
85,3,1498.8564453125,870.0992431640625,-177.36073303222656,3.7307169437408447,13.430581092834473,2.146817922592163,0,1,0,0,0,85,0.17932237684726715,0.0,-0.008365647867321968,0.018783658742904663,0.000270758755505085,-0.8909316658973694,-0.9431895017623901,0,0,0,0,73,True,True,active
85,4,1498.8564453125,870.0992431640625,-177.36073303222656,3.7307169437408447,13.430581092834473,2.146817922592163,0,1,0,0,0,85,0.17932237684726715,0.0,-0.008365647867321968,0.018783658742904663,0.000270758755505085,-0.8909316658973694,-0.9431895017623901,0,0,0,0,73,True,True,active
85,5,1498.8564453125,870.0992431640625,-177.36073303222656,3.7307169437408447,13.430581092834473,2.146817922592163,0,1,0,0,0,85,0.17932237684726715,0.0,-0.008365647867321968,0.018783658742904663,0.000270758755505085,-0.8909316658973694,-0.9431895017623901,0,0,0,0,73,True,True,active
85,6,1498.8564453125,870.0992431640625,-177.36073303222656,3.7307169437408447,13.430581092834473,2.146817922592163,0,1,0,0,0,85,0.17932237684726715,0.0,-0.008365647867321968,0.018783658742904663,0.000270758755505085,-0.8909316658973694,-0.9431895017623901,0,0,0,0,73,True,True,active
85,7,1498.8564453125,870.0992431640625,-177.36073303222656,3.7307169437408447,13.430581092834473,2.146817922592163,0,1,0,0,0,85,0.17932237684726715,0.0,-0.008365647867321968,0.018783658742904663,0.000270758755505085,-0.8909316658973694,-0.9431895017623901,0,0,0,0,73,True,True,active
86,0,1498.807373046875,870.1015014648438,-177.3612518310547,3.7708966732025146,13.575227737426758,2.195894479751587,0,1,0,0,0,86,0.17932377755641937,0.0,-0.008348503150045872,0.018783658742904663,0.0002768622653093189,-0.8910626173019409,-0.94326251745224,0,0,0,0,74,True,True,active
86,1,1498.807373046875,870.1015014648438,-177.3612518310547,3.7708966732025146,13.575227737426758,2.195894479751587,0,1,0,0,0,86,0.17932377755641937,0.0,-0.008348503150045872,0.018783658742904663,0.0002768622653093189,-0.8910626173019409,-0.94326251745224,0,0,0,0,74,True,True,active
86,2,1498.807373046875,870.1015014648438,-177.3612518310547,3.7708966732025146,13.575227737426758,2.195894479751587,0,1,0,0,0,86,0.17932377755641937,0.0,-0.008348503150045872,0.018783658742904663,0.0002768622653093189,-0.8910626173019409,-0.94326251745224,0,0,0,0,74,True,True,active
86,3,1498.807373046875,870.1015014648438,-177.3612518310547,3.7708966732025146,13.575227737426758,2.195894479751587,0,1,0,0,0,86,0.17932377755641937,0.0,-0.008348503150045872,0.018783658742904663,0.0002768622653093189,-0.8910626173019409,-0.94326251745224,0,0,0,0,74,True,True,active
86,4,1498.807373046875,870.1015014648438,-177.3612518310547,3.7708966732025146,13.575227737426758,2.195894479751587,0,1,0,0,0,86,0.17932377755641937,0.0,-0.008348503150045872,0.018783658742904663,0.0002768622653093189,-0.8910626173019409,-0.94326251745224,0,0,0,0,74,True,True,active
86,5,1498.807373046875,870.1015014648438,-177.3612518310547,3.7708966732025146,13.575227737426758,2.195894479751587,0,1,0,0,0,86,0.17932377755641937,0.0,-0.008348503150045872,0.018783658742904663,0.0002768622653093189,-0.8910626173019409,-0.94326251745224,0,0,0,0,74,True,True,active
86,6,1498.807373046875,870.1015014648438,-177.3612518310547,3.7708966732025146,13.575227737426758,2.195894479751587,0,1,0,0,0,86,0.17932377755641937,0.0,-0.008348503150045872,0.018783658742904663,0.0002768622653093189,-0.8910626173019409,-0.94326251745224,0,0,0,0,74,True,True,active
86,7,1498.807373046875,870.1015014648438,-177.3612518310547,3.7708966732025146,13.575227737426758,2.195894479751587,0,1,0,0,0,86,0.17932377755641937,0.0,-0.008348503150045872,0.018783658742904663,0.0002768622653093189,-0.8910626173019409,-0.94326251745224,0,0,0,0,74,True,True,active
87,0,1498.7578125,870.103759765625,-177.36178588867188,3.8109793663024902,13.719525337219238,2.245492696762085,0,1,0,0,0,87,0.17926731705665588,0.0,-0.009045405313372612,0.018783658742904663,0.0002836439525708556,-0.8911949396133423,-0.9433355927467346,0,0,0,0,75,True,True,active
87,1,1498.7578125,870.103759765625,-177.36178588867188,3.8109793663024902,13.719525337219238,2.245492696762085,0,1,0,0,0,87,0.17926731705665588,0.0,-0.009045405313372612,0.018783658742904663,0.0002836439525708556,-0.8911949396133423,-0.9433355927467346,0,0,0,0,75,True,True,active
87,2,1498.7578125,870.103759765625,-177.36178588867188,3.8109793663024902,13.719525337219238,2.245492696762085,0,1,0,0,0,87,0.17926731705665588,0.0,-0.009045405313372612,0.018783658742904663,0.0002836439525708556,-0.8911949396133423,-0.9433355927467346,0,0,0,0,75,True,True,active
87,3,1498.7578125,870.103759765625,-177.36178588867188,3.8109793663024902,13.719525337219238,2.245492696762085,0,1,0,0,0,87,0.17926731705665588,0.0,-0.009045405313372612,0.018783658742904663,0.0002836439525708556,-0.8911949396133423,-0.9433355927467346,0,0,0,0,75,True,True,active
87,4,1498.7578125,870.103759765625,-177.36178588867188,3.8109793663024902,13.719525337219238,2.245492696762085,0,1,0,0,0,87,0.17926731705665588,0.0,-0.009045405313372612,0.018783658742904663,0.0002836439525708556,-0.8911949396133423,-0.9433355927467346,0,0,0,0,75,True,True,active
87,5,1498.7578125,870.103759765625,-177.36178588867188,3.8109793663024902,13.719525337219238,2.245492696762085,0,1,0,0,0,87,0.17926731705665588,0.0,-0.009045405313372612,0.018783658742904663,0.0002836439525708556,-0.8911949396133423,-0.9433355927467346,0,0,0,0,75,True,True,active
87,6,1498.7578125,870.103759765625,-177.36178588867188,3.8109793663024902,13.719525337219238,2.245492696762085,0,1,0,0,0,87,0.17926731705665588,0.0,-0.009045405313372612,0.018783658742904663,0.0002836439525708556,-0.8911949396133423,-0.9433355927467346,0,0,0,0,75,True,True,active
87,7,1498.7578125,870.103759765625,-177.36178588867188,3.8109793663024902,13.719525337219238,2.245492696762085,0,1,0,0,0,87,0.17926731705665588,0.0,-0.009045405313372612,0.018783658742904663,0.0002836439525708556,-0.8911949396133423,-0.9433355927467346,0,0,0,0,75,True,True,active
88,0,1498.707763671875,870.1060791015625,-177.36233520507812,3.850985050201416,13.863545417785645,2.295611619949341,0,1,0,0,0,88,0.17928554117679596,0.0,-0.008820542134344578,0.018783658742904663,0.0002899169921875,-0.8913285732269287,-0.9434095025062561,0,0,0,0,76,True,True,active
88,1,1498.707763671875,870.1060791015625,-177.36233520507812,3.850985050201416,13.863545417785645,2.295611619949341,0,1,0,0,0,88,0.17928554117679596,0.0,-0.008820542134344578,0.018783658742904663,0.0002899169921875,-0.8913285732269287,-0.9434095025062561,0,0,0,0,76,True,True,active
88,2,1498.707763671875,870.1060791015625,-177.36233520507812,3.850985050201416,13.863545417785645,2.295611619949341,0,1,0,0,0,88,0.17928554117679596,0.0,-0.008820542134344578,0.018783658742904663,0.0002899169921875,-0.8913285732269287,-0.9434095025062561,0,0,0,0,76,True,True,active
88,3,1498.707763671875,870.1060791015625,-177.36233520507812,3.850985050201416,13.863545417785645,2.295611619949341,0,1,0,0,0,88,0.17928554117679596,0.0,-0.008820542134344578,0.018783658742904663,0.0002899169921875,-0.8913285732269287,-0.9434095025062561,0,0,0,0,76,True,True,active
88,4,1498.707763671875,870.1060791015625,-177.36233520507812,3.850985050201416,13.863545417785645,2.295611619949341,0,1,0,0,0,88,0.17928554117679596,0.0,-0.008820542134344578,0.018783658742904663,0.0002899169921875,-0.8913285732269287,-0.9434095025062561,0,0,0,0,76,True,True,active
88,5,1498.707763671875,870.1060791015625,-177.36233520507812,3.850985050201416,13.863545417785645,2.295611619949341,0,1,0,0,0,88,0.17928554117679596,0.0,-0.008820542134344578,0.018783658742904663,0.0002899169921875,-0.8913285732269287,-0.9434095025062561,0,0,0,0,76,True,True,active
88,6,1498.707763671875,870.1060791015625,-177.36233520507812,3.850985050201416,13.863545417785645,2.295611619949341,0,1,0,0,0,88,0.17928554117679596,0.0,-0.008820542134344578,0.018783658742904663,0.0002899169921875,-0.8913285732269287,-0.9434095025062561,0,0,0,0,76,True,True,active
88,7,1498.707763671875,870.1060791015625,-177.36233520507812,3.850985050201416,13.863545417785645,2.295611619949341,0,1,0,0,0,88,0.17928554117679596,0.0,-0.008820542134344578,0.018783658742904663,0.0002899169921875,-0.8913285732269287,-0.9434095025062561,0,0,0,0,76,True,True,active
89,0,1498.6572265625,870.1083984375,-177.36289978027344,3.890909194946289,14.007272720336914,2.346250057220459,0,1,0,0,0,89,0.17928697168827057,0.0,-0.00880278181284666,0.018783658742904663,0.00029652914963662624,-0.8914634585380554,-0.9434825778007507,0,0,0,0,77,True,True,active
89,1,1498.6572265625,870.1083984375,-177.36289978027344,3.890909194946289,14.007272720336914,2.346250057220459,0,1,0,0,0,89,0.17928697168827057,0.0,-0.00880278181284666,0.018783658742904663,0.00029652914963662624,-0.8914634585380554,-0.9434825778007507,0,0,0,0,77,True,True,active
89,2,1498.6572265625,870.1083984375,-177.36289978027344,3.890909194946289,14.007272720336914,2.346250057220459,0,1,0,0,0,89,0.17928697168827057,0.0,-0.00880278181284666,0.018783658742904663,0.00029652914963662624,-0.8914634585380554,-0.9434825778007507,0,0,0,0,77,True,True,active
89,3,1498.6572265625,870.1083984375,-177.36289978027344,3.890909194946289,14.007272720336914,2.346250057220459,0,1,0,0,0,89,0.17928697168827057,0.0,-0.00880278181284666,0.018783658742904663,0.00029652914963662624,-0.8914634585380554,-0.9434825778007507,0,0,0,0,77,True,True,active
89,4,1498.6572265625,870.1083984375,-177.36289978027344,3.890909194946289,14.007272720336914,2.346250057220459,0,1,0,0,0,89,0.17928697168827057,0.0,-0.00880278181284666,0.018783658742904663,0.00029652914963662624,-0.8914634585380554,-0.9434825778007507,0,0,0,0,77,True,True,active
89,5,1498.6572265625,870.1083984375,-177.36289978027344,3.890909194946289,14.007272720336914,2.346250057220459,0,1,0,0,0,89,0.17928697168827057,0.0,-0.00880278181284666,0.018783658742904663,0.00029652914963662624,-0.8914634585380554,-0.9434825778007507,0,0,0,0,77,True,True,active
89,6,1498.6572265625,870.1083984375,-177.36289978027344,3.890909194946289,14.007272720336914,2.346250057220459,0,1,0,0,0,89,0.17928697168827057,0.0,-0.00880278181284666,0.018783658742904663,0.00029652914963662624,-0.8914634585380554,-0.9434825778007507,0,0,0,0,77,True,True,active
89,7,1498.6572265625,870.1083984375,-177.36289978027344,3.890909194946289,14.007272720336914,2.346250057220459,0,1,0,0,0,89,0.17928697168827057,0.0,-0.00880278181284666,0.018783658742904663,0.00029652914963662624,-0.8914634585380554,-0.9434825778007507,0,0,0,0,77,True,True,active
90,0,1498.6060791015625,870.1107788085938,-177.36346435546875,3.9307520389556885,14.150707244873047,2.397407054901123,0,1,0,0,0,90,0.17928844690322876,0.0,-0.00878457073122263,0.018783658742904663,0.0003028021892532706,-0.8916000127792358,-0.943548321723938,0,0,0,0,78,True,True,active
90,1,1498.6060791015625,870.1107788085938,-177.36346435546875,3.9307520389556885,14.150707244873047,2.397407054901123,0,1,0,0,0,90,0.17928844690322876,0.0,-0.00878457073122263,0.018783658742904663,0.0003028021892532706,-0.8916000127792358,-0.943548321723938,0,0,0,0,78,True,True,active
90,2,1498.6060791015625,870.1107788085938,-177.36346435546875,3.9307520389556885,14.150707244873047,2.397407054901123,0,1,0,0,0,90,0.17928844690322876,0.0,-0.00878457073122263,0.018783658742904663,0.0003028021892532706,-0.8916000127792358,-0.943548321723938,0,0,0,0,78,True,True,active
90,3,1498.6060791015625,870.1107788085938,-177.36346435546875,3.9307520389556885,14.150707244873047,2.397407054901123,0,1,0,0,0,90,0.17928844690322876,0.0,-0.00878457073122263,0.018783658742904663,0.0003028021892532706,-0.8916000127792358,-0.943548321723938,0,0,0,0,78,True,True,active
90,4,1498.6060791015625,870.1107788085938,-177.36346435546875,3.9307520389556885,14.150707244873047,2.397407054901123,0,1,0,0,0,90,0.17928844690322876,0.0,-0.00878457073122263,0.018783658742904663,0.0003028021892532706,-0.8916000127792358,-0.943548321723938,0,0,0,0,78,True,True,active
90,5,1498.6060791015625,870.1107788085938,-177.36346435546875,3.9307520389556885,14.150707244873047,2.397407054901123,0,1,0,0,0,90,0.17928844690322876,0.0,-0.00878457073122263,0.018783658742904663,0.0003028021892532706,-0.8916000127792358,-0.943548321723938,0,0,0,0,78,True,True,active
90,6,1498.6060791015625,870.1107788085938,-177.36346435546875,3.9307520389556885,14.150707244873047,2.397407054901123,0,1,0,0,0,90,0.17928844690322876,0.0,-0.00878457073122263,0.018783658742904663,0.0003028021892532706,-0.8916000127792358,-0.943548321723938,0,0,0,0,78,True,True,active
90,7,1498.6060791015625,870.1107788085938,-177.36346435546875,3.9307520389556885,14.150707244873047,2.397407054901123,0,1,0,0,0,90,0.17928844690322876,0.0,-0.00878457073122263,0.018783658742904663,0.0003028021892532706,-0.8916000127792358,-0.943548321723938,0,0,0,0,78,True,True,active
91,0,1498.554443359375,870.1131591796875,-177.36402893066406,3.9705135822296143,14.293848991394043,2.4490814208984375,0,1,0,0,0,91,0.17928993701934814,0.0,-0.008766267448663712,0.018783658742904663,0.00030941434670239687,-0.8917378187179565,-0.9436286687850952,0,0,0,0,79,True,True,active
91,1,1498.554443359375,870.1131591796875,-177.36402893066406,3.9705135822296143,14.293848991394043,2.4490814208984375,0,1,0,0,0,91,0.17928993701934814,0.0,-0.008766267448663712,0.018783658742904663,0.00030941434670239687,-0.8917378187179565,-0.9436286687850952,0,0,0,0,79,True,True,active
91,2,1498.554443359375,870.1131591796875,-177.36402893066406,3.9705135822296143,14.293848991394043,2.4490814208984375,0,1,0,0,0,91,0.17928993701934814,0.0,-0.008766267448663712,0.018783658742904663,0.00030941434670239687,-0.8917378187179565,-0.9436286687850952,0,0,0,0,79,True,True,active
91,3,1498.554443359375,870.1131591796875,-177.36402893066406,3.9705135822296143,14.293848991394043,2.4490814208984375,0,1,0,0,0,91,0.17928993701934814,0.0,-0.008766267448663712,0.018783658742904663,0.00030941434670239687,-0.8917378187179565,-0.9436286687850952,0,0,0,0,79,True,True,active
91,4,1498.554443359375,870.1131591796875,-177.36402893066406,3.9705135822296143,14.293848991394043,2.4490814208984375,0,1,0,0,0,91,0.17928993701934814,0.0,-0.008766267448663712,0.018783658742904663,0.00030941434670239687,-0.8917378187179565,-0.9436286687850952,0,0,0,0,79,True,True,active
91,5,1498.554443359375,870.1131591796875,-177.36402893066406,3.9705135822296143,14.293848991394043,2.4490814208984375,0,1,0,0,0,91,0.17928993701934814,0.0,-0.008766267448663712,0.018783658742904663,0.00030941434670239687,-0.8917378187179565,-0.9436286687850952,0,0,0,0,79,True,True,active
91,6,1498.554443359375,870.1131591796875,-177.36402893066406,3.9705135822296143,14.293848991394043,2.4490814208984375,0,1,0,0,0,91,0.17928993701934814,0.0,-0.008766267448663712,0.018783658742904663,0.00030941434670239687,-0.8917378187179565,-0.9436286687850952,0,0,0,0,79,True,True,active
91,7,1498.554443359375,870.1131591796875,-177.36402893066406,3.9705135822296143,14.293848991394043,2.4490814208984375,0,1,0,0,0,91,0.17928993701934814,0.0,-0.008766267448663712,0.018783658742904663,0.00030941434670239687,-0.8917378187179565,-0.9436286687850952,0,0,0,0,79,True,True,active
92,0,1498.5023193359375,870.1155395507812,-177.36460876464844,4.010194301605225,14.436698913574219,2.501272201538086,0,1,0,0,0,92,0.17929141223430634,0.0,-0.008748003281652927,0.018783658742904663,0.00031670465250499547,-0.8918769955635071,-0.9437025785446167,0,0,0,0,80,True,True,active
92,1,1498.5023193359375,870.1155395507812,-177.36460876464844,4.010194301605225,14.436698913574219,2.501272201538086,0,1,0,0,0,92,0.17929141223430634,0.0,-0.008748003281652927,0.018783658742904663,0.00031670465250499547,-0.8918769955635071,-0.9437025785446167,0,0,0,0,80,True,True,active
92,2,1498.5023193359375,870.1155395507812,-177.36460876464844,4.010194301605225,14.436698913574219,2.501272201538086,0,1,0,0,0,92,0.17929141223430634,0.0,-0.008748003281652927,0.018783658742904663,0.00031670465250499547,-0.8918769955635071,-0.9437025785446167,0,0,0,0,80,True,True,active
92,3,1498.5023193359375,870.1155395507812,-177.36460876464844,4.010194301605225,14.436698913574219,2.501272201538086,0,1,0,0,0,92,0.17929141223430634,0.0,-0.008748003281652927,0.018783658742904663,0.00031670465250499547,-0.8918769955635071,-0.9437025785446167,0,0,0,0,80,True,True,active
92,4,1498.5023193359375,870.1155395507812,-177.36460876464844,4.010194301605225,14.436698913574219,2.501272201538086,0,1,0,0,0,92,0.17929141223430634,0.0,-0.008748003281652927,0.018783658742904663,0.00031670465250499547,-0.8918769955635071,-0.9437025785446167,0,0,0,0,80,True,True,active
92,5,1498.5023193359375,870.1155395507812,-177.36460876464844,4.010194301605225,14.436698913574219,2.501272201538086,0,1,0,0,0,92,0.17929141223430634,0.0,-0.008748003281652927,0.018783658742904663,0.00031670465250499547,-0.8918769955635071,-0.9437025785446167,0,0,0,0,80,True,True,active
92,6,1498.5023193359375,870.1155395507812,-177.36460876464844,4.010194301605225,14.436698913574219,2.501272201538086,0,1,0,0,0,92,0.17929141223430634,0.0,-0.008748003281652927,0.018783658742904663,0.00031670465250499547,-0.8918769955635071,-0.9437025785446167,0,0,0,0,80,True,True,active
92,7,1498.5023193359375,870.1155395507812,-177.36460876464844,4.010194301605225,14.436698913574219,2.501272201538086,0,1,0,0,0,92,0.17929141223430634,0.0,-0.008748003281652927,0.018783658742904663,0.00031670465250499547,-0.8918769955635071,-0.9437025785446167,0,0,0,0,80,True,True,active
93,0,1498.44970703125,870.1179809570312,-177.3651885986328,4.0497941970825195,14.579258918762207,2.553978443145752,0,1,0,0,0,93,0.1792929321527481,0.0,-0.008729281835258007,0.018783658742904663,0.0003231472510378808,-0.8920174241065979,-0.9437756538391113,0,0,0,0,81,True,True,active
93,1,1498.44970703125,870.1179809570312,-177.3651885986328,4.0497941970825195,14.579258918762207,2.553978443145752,0,1,0,0,0,93,0.1792929321527481,0.0,-0.008729281835258007,0.018783658742904663,0.0003231472510378808,-0.8920174241065979,-0.9437756538391113,0,0,0,0,81,True,True,active
93,2,1498.44970703125,870.1179809570312,-177.3651885986328,4.0497941970825195,14.579258918762207,2.553978443145752,0,1,0,0,0,93,0.1792929321527481,0.0,-0.008729281835258007,0.018783658742904663,0.0003231472510378808,-0.8920174241065979,-0.9437756538391113,0,0,0,0,81,True,True,active
93,3,1498.44970703125,870.1179809570312,-177.3651885986328,4.0497941970825195,14.579258918762207,2.553978443145752,0,1,0,0,0,93,0.1792929321527481,0.0,-0.008729281835258007,0.018783658742904663,0.0003231472510378808,-0.8920174241065979,-0.9437756538391113,0,0,0,0,81,True,True,active
93,4,1498.44970703125,870.1179809570312,-177.3651885986328,4.0497941970825195,14.579258918762207,2.553978443145752,0,1,0,0,0,93,0.1792929321527481,0.0,-0.008729281835258007,0.018783658742904663,0.0003231472510378808,-0.8920174241065979,-0.9437756538391113,0,0,0,0,81,True,True,active
93,5,1498.44970703125,870.1179809570312,-177.3651885986328,4.0497941970825195,14.579258918762207,2.553978443145752,0,1,0,0,0,93,0.1792929321527481,0.0,-0.008729281835258007,0.018783658742904663,0.0003231472510378808,-0.8920174241065979,-0.9437756538391113,0,0,0,0,81,True,True,active
93,6,1498.44970703125,870.1179809570312,-177.3651885986328,4.0497941970825195,14.579258918762207,2.553978443145752,0,1,0,0,0,93,0.1792929321527481,0.0,-0.008729281835258007,0.018783658742904663,0.0003231472510378808,-0.8920174241065979,-0.9437756538391113,0,0,0,0,81,True,True,active
93,7,1498.44970703125,870.1179809570312,-177.3651885986328,4.0497941970825195,14.579258918762207,2.553978443145752,0,1,0,0,0,93,0.1792929321527481,0.0,-0.008729281835258007,0.018783658742904663,0.0003231472510378808,-0.8920174241065979,-0.9437756538391113,0,0,0,0,81,True,True,active
94,0,1498.396484375,870.1204223632812,-177.3657684326172,4.089313507080078,14.721528053283691,2.60719895362854,0,1,0,0,0,94,0.17929445207118988,0.0,-0.008710558526217937,0.018783658742904663,0.00033009846811182797,-0.8921595215797424,-0.9438560009002686,0,0,0,0,82,True,True,active
94,1,1498.396484375,870.1204223632812,-177.3657684326172,4.089313507080078,14.721528053283691,2.60719895362854,0,1,0,0,0,94,0.17929445207118988,0.0,-0.008710558526217937,0.018783658742904663,0.00033009846811182797,-0.8921595215797424,-0.9438560009002686,0,0,0,0,82,True,True,active
94,2,1498.396484375,870.1204223632812,-177.3657684326172,4.089313507080078,14.721528053283691,2.60719895362854,0,1,0,0,0,94,0.17929445207118988,0.0,-0.008710558526217937,0.018783658742904663,0.00033009846811182797,-0.8921595215797424,-0.9438560009002686,0,0,0,0,82,True,True,active
94,3,1498.396484375,870.1204223632812,-177.3657684326172,4.089313507080078,14.721528053283691,2.60719895362854,0,1,0,0,0,94,0.17929445207118988,0.0,-0.008710558526217937,0.018783658742904663,0.00033009846811182797,-0.8921595215797424,-0.9438560009002686,0,0,0,0,82,True,True,active
94,4,1498.396484375,870.1204223632812,-177.3657684326172,4.089313507080078,14.721528053283691,2.60719895362854,0,1,0,0,0,94,0.17929445207118988,0.0,-0.008710558526217937,0.018783658742904663,0.00033009846811182797,-0.8921595215797424,-0.9438560009002686,0,0,0,0,82,True,True,active
94,5,1498.396484375,870.1204223632812,-177.3657684326172,4.089313507080078,14.721528053283691,2.60719895362854,0,1,0,0,0,94,0.17929445207118988,0.0,-0.008710558526217937,0.018783658742904663,0.00033009846811182797,-0.8921595215797424,-0.9438560009002686,0,0,0,0,82,True,True,active
94,6,1498.396484375,870.1204223632812,-177.3657684326172,4.089313507080078,14.721528053283691,2.60719895362854,0,1,0,0,0,94,0.17929445207118988,0.0,-0.008710558526217937,0.018783658742904663,0.00033009846811182797,-0.8921595215797424,-0.9438560009002686,0,0,0,0,82,True,True,active
94,7,1498.396484375,870.1204223632812,-177.3657684326172,4.089313507080078,14.721528053283691,2.60719895362854,0,1,0,0,0,94,0.17929445207118988,0.0,-0.008710558526217937,0.018783658742904663,0.00033009846811182797,-0.8921595215797424,-0.9438560009002686,0,0,0,0,82,True,True,active
95,0,1498.3427734375,870.1228637695312,-177.36636352539062,4.1287522315979,14.863507270812988,2.660932779312134,0,1,0,0,0,95,0.17929597198963165,0.0,-0.008691628463566303,0.018783658742904663,0.00033772786264307797,-0.8923028707504272,-0.9439371824264526,0,0,0,0,83,True,True,active
95,1,1498.3427734375,870.1228637695312,-177.36636352539062,4.1287522315979,14.863507270812988,2.660932779312134,0,1,0,0,0,95,0.17929597198963165,0.0,-0.008691628463566303,0.018783658742904663,0.00033772786264307797,-0.8923028707504272,-0.9439371824264526,0,0,0,0,83,True,True,active
95,2,1498.3427734375,870.1228637695312,-177.36636352539062,4.1287522315979,14.863507270812988,2.660932779312134,0,1,0,0,0,95,0.17929597198963165,0.0,-0.008691628463566303,0.018783658742904663,0.00033772786264307797,-0.8923028707504272,-0.9439371824264526,0,0,0,0,83,True,True,active
95,3,1498.3427734375,870.1228637695312,-177.36636352539062,4.1287522315979,14.863507270812988,2.660932779312134,0,1,0,0,0,95,0.17929597198963165,0.0,-0.008691628463566303,0.018783658742904663,0.00033772786264307797,-0.8923028707504272,-0.9439371824264526,0,0,0,0,83,True,True,active
95,4,1498.3427734375,870.1228637695312,-177.36636352539062,4.1287522315979,14.863507270812988,2.660932779312134,0,1,0,0,0,95,0.17929597198963165,0.0,-0.008691628463566303,0.018783658742904663,0.00033772786264307797,-0.8923028707504272,-0.9439371824264526,0,0,0,0,83,True,True,active
95,5,1498.3427734375,870.1228637695312,-177.36636352539062,4.1287522315979,14.863507270812988,2.660932779312134,0,1,0,0,0,95,0.17929597198963165,0.0,-0.008691628463566303,0.018783658742904663,0.00033772786264307797,-0.8923028707504272,-0.9439371824264526,0,0,0,0,83,True,True,active
95,6,1498.3427734375,870.1228637695312,-177.36636352539062,4.1287522315979,14.863507270812988,2.660932779312134,0,1,0,0,0,95,0.17929597198963165,0.0,-0.008691628463566303,0.018783658742904663,0.00033772786264307797,-0.8923028707504272,-0.9439371824264526,0,0,0,0,83,True,True,active
95,7,1498.3427734375,870.1228637695312,-177.36636352539062,4.1287522315979,14.863507270812988,2.660932779312134,0,1,0,0,0,95,0.17929597198963165,0.0,-0.008691628463566303,0.018783658742904663,0.00033772786264307797,-0.8923028707504272,-0.9439371824264526,0,0,0,0,83,True,True,active
96,0,1498.28857421875,870.1253662109375,-177.36695861816406,4.168109893798828,15.005195617675781,2.715178966522217,0,1,0,0,0,96,0.1792975217103958,0.0,-0.008672591298818588,0.018783658742904663,0.0003445095499046147,-0.8924475908279419,-0.9440175890922546,0,0,0,0,84,True,True,active
96,1,1498.28857421875,870.1253662109375,-177.36695861816406,4.168109893798828,15.005195617675781,2.715178966522217,0,1,0,0,0,96,0.1792975217103958,0.0,-0.008672591298818588,0.018783658742904663,0.0003445095499046147,-0.8924475908279419,-0.9440175890922546,0,0,0,0,84,True,True,active
96,2,1498.28857421875,870.1253662109375,-177.36695861816406,4.168109893798828,15.005195617675781,2.715178966522217,0,1,0,0,0,96,0.1792975217103958,0.0,-0.008672591298818588,0.018783658742904663,0.0003445095499046147,-0.8924475908279419,-0.9440175890922546,0,0,0,0,84,True,True,active
96,3,1498.28857421875,870.1253662109375,-177.36695861816406,4.168109893798828,15.005195617675781,2.715178966522217,0,1,0,0,0,96,0.1792975217103958,0.0,-0.008672591298818588,0.018783658742904663,0.0003445095499046147,-0.8924475908279419,-0.9440175890922546,0,0,0,0,84,True,True,active
96,4,1498.28857421875,870.1253662109375,-177.36695861816406,4.168109893798828,15.005195617675781,2.715178966522217,0,1,0,0,0,96,0.1792975217103958,0.0,-0.008672591298818588,0.018783658742904663,0.0003445095499046147,-0.8924475908279419,-0.9440175890922546,0,0,0,0,84,True,True,active
96,5,1498.28857421875,870.1253662109375,-177.36695861816406,4.168109893798828,15.005195617675781,2.715178966522217,0,1,0,0,0,96,0.1792975217103958,0.0,-0.008672591298818588,0.018783658742904663,0.0003445095499046147,-0.8924475908279419,-0.9440175890922546,0,0,0,0,84,True,True,active
96,6,1498.28857421875,870.1253662109375,-177.36695861816406,4.168109893798828,15.005195617675781,2.715178966522217,0,1,0,0,0,96,0.1792975217103958,0.0,-0.008672591298818588,0.018783658742904663,0.0003445095499046147,-0.8924475908279419,-0.9440175890922546,0,0,0,0,84,True,True,active
96,7,1498.28857421875,870.1253662109375,-177.36695861816406,4.168109893798828,15.005195617675781,2.715178966522217,0,1,0,0,0,96,0.1792975217103958,0.0,-0.008672591298818588,0.018783658742904663,0.0003445095499046147,-0.8924475908279419,-0.9440175890922546,0,0,0,0,84,True,True,active
97,0,1498.23388671875,870.1278686523438,-177.3675537109375,4.207387447357178,15.146594047546387,2.7699363231658936,0,1,0,0,0,97,0.17929910123348236,0.0,-0.008653094060719013,0.018783658742904663,0.0003517998557072133,-0.8925935626029968,-0.9440979361534119,0,0,0,0,85,True,True,active
97,1,1498.23388671875,870.1278686523438,-177.3675537109375,4.207387447357178,15.146594047546387,2.7699363231658936,0,1,0,0,0,97,0.17929910123348236,0.0,-0.008653094060719013,0.018783658742904663,0.0003517998557072133,-0.8925935626029968,-0.9440979361534119,0,0,0,0,85,True,True,active
97,2,1498.23388671875,870.1278686523438,-177.3675537109375,4.207387447357178,15.146594047546387,2.7699363231658936,0,1,0,0,0,97,0.17929910123348236,0.0,-0.008653094060719013,0.018783658742904663,0.0003517998557072133,-0.8925935626029968,-0.9440979361534119,0,0,0,0,85,True,True,active
97,3,1498.23388671875,870.1278686523438,-177.3675537109375,4.207387447357178,15.146594047546387,2.7699363231658936,0,1,0,0,0,97,0.17929910123348236,0.0,-0.008653094060719013,0.018783658742904663,0.0003517998557072133,-0.8925935626029968,-0.9440979361534119,0,0,0,0,85,True,True,active
97,4,1498.23388671875,870.1278686523438,-177.3675537109375,4.207387447357178,15.146594047546387,2.7699363231658936,0,1,0,0,0,97,0.17929910123348236,0.0,-0.008653094060719013,0.018783658742904663,0.0003517998557072133,-0.8925935626029968,-0.9440979361534119,0,0,0,0,85,True,True,active
97,5,1498.23388671875,870.1278686523438,-177.3675537109375,4.207387447357178,15.146594047546387,2.7699363231658936,0,1,0,0,0,97,0.17929910123348236,0.0,-0.008653094060719013,0.018783658742904663,0.0003517998557072133,-0.8925935626029968,-0.9440979361534119,0,0,0,0,85,True,True,active
97,6,1498.23388671875,870.1278686523438,-177.3675537109375,4.207387447357178,15.146594047546387,2.7699363231658936,0,1,0,0,0,97,0.17929910123348236,0.0,-0.008653094060719013,0.018783658742904663,0.0003517998557072133,-0.8925935626029968,-0.9440979361534119,0,0,0,0,85,True,True,active
97,7,1498.23388671875,870.1278686523438,-177.3675537109375,4.207387447357178,15.146594047546387,2.7699363231658936,0,1,0,0,0,97,0.17929910123348236,0.0,-0.008653094060719013,0.018783658742904663,0.0003517998557072133,-0.8925935626029968,-0.9440979361534119,0,0,0,0,85,True,True,active
98,0,1498.1787109375,870.1304321289062,-177.3681640625,4.246585369110107,15.287707328796387,2.8252036571502686,0,1,0,0,0,98,0.17930066585540771,0.0,-0.008633822202682495,0.018783658742904663,0.00035875110188499093,-0.8927408456802368,-0.9441718459129333,0,0,0,0,86,True,True,active
98,1,1498.1787109375,870.1304321289062,-177.3681640625,4.246585369110107,15.287707328796387,2.8252036571502686,0,1,0,0,0,98,0.17930066585540771,0.0,-0.008633822202682495,0.018783658742904663,0.00035875110188499093,-0.8927408456802368,-0.9441718459129333,0,0,0,0,86,True,True,active
98,2,1498.1787109375,870.1304321289062,-177.3681640625,4.246585369110107,15.287707328796387,2.8252036571502686,0,1,0,0,0,98,0.17930066585540771,0.0,-0.008633822202682495,0.018783658742904663,0.00035875110188499093,-0.8927408456802368,-0.9441718459129333,0,0,0,0,86,True,True,active
98,3,1498.1787109375,870.1304321289062,-177.3681640625,4.246585369110107,15.287707328796387,2.8252036571502686,0,1,0,0,0,98,0.17930066585540771,0.0,-0.008633822202682495,0.018783658742904663,0.00035875110188499093,-0.8927408456802368,-0.9441718459129333,0,0,0,0,86,True,True,active
98,4,1498.1787109375,870.1304321289062,-177.3681640625,4.246585369110107,15.287707328796387,2.8252036571502686,0,1,0,0,0,98,0.17930066585540771,0.0,-0.008633822202682495,0.018783658742904663,0.00035875110188499093,-0.8927408456802368,-0.9441718459129333,0,0,0,0,86,True,True,active
98,5,1498.1787109375,870.1304321289062,-177.3681640625,4.246585369110107,15.287707328796387,2.8252036571502686,0,1,0,0,0,98,0.17930066585540771,0.0,-0.008633822202682495,0.018783658742904663,0.00035875110188499093,-0.8927408456802368,-0.9441718459129333,0,0,0,0,86,True,True,active
98,6,1498.1787109375,870.1304321289062,-177.3681640625,4.246585369110107,15.287707328796387,2.8252036571502686,0,1,0,0,0,98,0.17930066585540771,0.0,-0.008633822202682495,0.018783658742904663,0.00035875110188499093,-0.8927408456802368,-0.9441718459129333,0,0,0,0,86,True,True,active
98,7,1498.1787109375,870.1304321289062,-177.3681640625,4.246585369110107,15.287707328796387,2.8252036571502686,0,1,0,0,0,98,0.17930066585540771,0.0,-0.008633822202682495,0.018783658742904663,0.00035875110188499093,-0.8927408456802368,-0.9441718459129333,0,0,0,0,86,True,True,active
99,0,1498.123046875,870.1329956054688,-177.3687744140625,4.285703182220459,15.4285306930542,2.8809802532196045,0,1,0,0,0,99,0.17930226027965546,0.0,-0.00861401204019785,0.018783658742904663,0.0003660414076875895,-0.8928894400596619,-0.9442521929740906,0,0,0,0,87,True,True,active
99,1,1498.123046875,870.1329956054688,-177.3687744140625,4.285703182220459,15.4285306930542,2.8809802532196045,0,1,0,0,0,99,0.17930226027965546,0.0,-0.00861401204019785,0.018783658742904663,0.0003660414076875895,-0.8928894400596619,-0.9442521929740906,0,0,0,0,87,True,True,active
99,2,1498.123046875,870.1329956054688,-177.3687744140625,4.285703182220459,15.4285306930542,2.8809802532196045,0,1,0,0,0,99,0.17930226027965546,0.0,-0.00861401204019785,0.018783658742904663,0.0003660414076875895,-0.8928894400596619,-0.9442521929740906,0,0,0,0,87,True,True,active
99,3,1498.123046875,870.1329956054688,-177.3687744140625,4.285703182220459,15.4285306930542,2.8809802532196045,0,1,0,0,0,99,0.17930226027965546,0.0,-0.00861401204019785,0.018783658742904663,0.0003660414076875895,-0.8928894400596619,-0.9442521929740906,0,0,0,0,87,True,True,active
99,4,1498.123046875,870.1329956054688,-177.3687744140625,4.285703182220459,15.4285306930542,2.8809802532196045,0,1,0,0,0,99,0.17930226027965546,0.0,-0.00861401204019785,0.018783658742904663,0.0003660414076875895,-0.8928894400596619,-0.9442521929740906,0,0,0,0,87,True,True,active
99,5,1498.123046875,870.1329956054688,-177.3687744140625,4.285703182220459,15.4285306930542,2.8809802532196045,0,1,0,0,0,99,0.17930226027965546,0.0,-0.00861401204019785,0.018783658742904663,0.0003660414076875895,-0.8928894400596619,-0.9442521929740906,0,0,0,0,87,True,True,active
99,6,1498.123046875,870.1329956054688,-177.3687744140625,4.285703182220459,15.4285306930542,2.8809802532196045,0,1,0,0,0,99,0.17930226027965546,0.0,-0.00861401204019785,0.018783658742904663,0.0003660414076875895,-0.8928894400596619,-0.9442521929740906,0,0,0,0,87,True,True,active
99,7,1498.123046875,870.1329956054688,-177.3687744140625,4.285703182220459,15.4285306930542,2.8809802532196045,0,1,0,0,0,99,0.17930226027965546,0.0,-0.00861401204019785,0.018783658742904663,0.0003660414076875895,-0.8928894400596619,-0.9442521929740906,0,0,0,0,87,True,True,active
100,0,1498.0667724609375,870.1355590820312,-177.369384765625,4.324741363525391,15.569068908691406,2.937264919281006,0,1,0,0,0,100,0.1793038547039032,0.0,-0.008594307117164135,0.018783658742904663,0.0003735012433025986,-0.8930396437644958,-0.9443398714065552,0,0,0,0,88,True,True,active
100,1,1498.0667724609375,870.1355590820312,-177.369384765625,4.324741363525391,15.569068908691406,2.937264919281006,0,1,0,0,0,100,0.1793038547039032,0.0,-0.008594307117164135,0.018783658742904663,0.0003735012433025986,-0.8930396437644958,-0.9443398714065552,0,0,0,0,88,True,True,active
100,2,1498.0667724609375,870.1355590820312,-177.369384765625,4.324741363525391,15.569068908691406,2.937264919281006,0,1,0,0,0,100,0.1793038547039032,0.0,-0.008594307117164135,0.018783658742904663,0.0003735012433025986,-0.8930396437644958,-0.9443398714065552,0,0,0,0,88,True,True,active
100,3,1498.0667724609375,870.1355590820312,-177.369384765625,4.324741363525391,15.569068908691406,2.937264919281006,0,1,0,0,0,100,0.1793038547039032,0.0,-0.008594307117164135,0.018783658742904663,0.0003735012433025986,-0.8930396437644958,-0.9443398714065552,0,0,0,0,88,True,True,active
100,4,1498.0667724609375,870.1355590820312,-177.369384765625,4.324741363525391,15.569068908691406,2.937264919281006,0,1,0,0,0,100,0.1793038547039032,0.0,-0.008594307117164135,0.018783658742904663,0.0003735012433025986,-0.8930396437644958,-0.9443398714065552,0,0,0,0,88,True,True,active
100,5,1498.0667724609375,870.1355590820312,-177.369384765625,4.324741363525391,15.569068908691406,2.937264919281006,0,1,0,0,0,100,0.1793038547039032,0.0,-0.008594307117164135,0.018783658742904663,0.0003735012433025986,-0.8930396437644958,-0.9443398714065552,0,0,0,0,88,True,True,active
100,6,1498.0667724609375,870.1355590820312,-177.369384765625,4.324741363525391,15.569068908691406,2.937264919281006,0,1,0,0,0,100,0.1793038547039032,0.0,-0.008594307117164135,0.018783658742904663,0.0003735012433025986,-0.8930396437644958,-0.9443398714065552,0,0,0,0,88,True,True,active
100,7,1498.0667724609375,870.1355590820312,-177.369384765625,4.324741363525391,15.569068908691406,2.937264919281006,0,1,0,0,0,100,0.1793038547039032,0.0,-0.008594307117164135,0.018783658742904663,0.0003735012433025986,-0.8930396437644958,-0.9443398714065552,0,0,0,0,88,True,True,active
101,0,1498.010009765625,870.13818359375,-177.3699951171875,4.363699913024902,15.709319114685059,2.994056463241577,0,1,0,0,0,101,0.17930547893047333,0.0,-0.008574405685067177,0.018783658742904663,0.0003806220192927867,-0.8931912183761597,-0.944421112537384,0,0,0,0,89,True,True,active
101,1,1498.010009765625,870.13818359375,-177.3699951171875,4.363699913024902,15.709319114685059,2.994056463241577,0,1,0,0,0,101,0.17930547893047333,0.0,-0.008574405685067177,0.018783658742904663,0.0003806220192927867,-0.8931912183761597,-0.944421112537384,0,0,0,0,89,True,True,active
101,2,1498.010009765625,870.13818359375,-177.3699951171875,4.363699913024902,15.709319114685059,2.994056463241577,0,1,0,0,0,101,0.17930547893047333,0.0,-0.008574405685067177,0.018783658742904663,0.0003806220192927867,-0.8931912183761597,-0.944421112537384,0,0,0,0,89,True,True,active
101,3,1498.010009765625,870.13818359375,-177.3699951171875,4.363699913024902,15.709319114685059,2.994056463241577,0,1,0,0,0,101,0.17930547893047333,0.0,-0.008574405685067177,0.018783658742904663,0.0003806220192927867,-0.8931912183761597,-0.944421112537384,0,0,0,0,89,True,True,active
101,4,1498.010009765625,870.13818359375,-177.3699951171875,4.363699913024902,15.709319114685059,2.994056463241577,0,1,0,0,0,101,0.17930547893047333,0.0,-0.008574405685067177,0.018783658742904663,0.0003806220192927867,-0.8931912183761597,-0.944421112537384,0,0,0,0,89,True,True,active
101,5,1498.010009765625,870.13818359375,-177.3699951171875,4.363699913024902,15.709319114685059,2.994056463241577,0,1,0,0,0,101,0.17930547893047333,0.0,-0.008574405685067177,0.018783658742904663,0.0003806220192927867,-0.8931912183761597,-0.944421112537384,0,0,0,0,89,True,True,active
101,6,1498.010009765625,870.13818359375,-177.3699951171875,4.363699913024902,15.709319114685059,2.994056463241577,0,1,0,0,0,101,0.17930547893047333,0.0,-0.008574405685067177,0.018783658742904663,0.0003806220192927867,-0.8931912183761597,-0.944421112537384,0,0,0,0,89,True,True,active
101,7,1498.010009765625,870.13818359375,-177.3699951171875,4.363699913024902,15.709319114685059,2.994056463241577,0,1,0,0,0,101,0.17930547893047333,0.0,-0.008574405685067177,0.018783658742904663,0.0003806220192927867,-0.8931912183761597,-0.944421112537384,0,0,0,0,89,True,True,active
102,0,1497.9527587890625,870.1408081054688,-177.37062072753906,4.402579307556152,15.849285125732422,3.051354169845581,0,1,0,0,0,102,0.17930710315704346,0.0,-0.008554328233003616,0.018783658742904663,0.00038808188401162624,-0.8933440446853638,-0.9445014595985413,0,0,0,0,90,True,True,active
102,1,1497.9527587890625,870.1408081054688,-177.37062072753906,4.402579307556152,15.849285125732422,3.051354169845581,0,1,0,0,0,102,0.17930710315704346,0.0,-0.008554328233003616,0.018783658742904663,0.00038808188401162624,-0.8933440446853638,-0.9445014595985413,0,0,0,0,90,True,True,active
102,2,1497.9527587890625,870.1408081054688,-177.37062072753906,4.402579307556152,15.849285125732422,3.051354169845581,0,1,0,0,0,102,0.17930710315704346,0.0,-0.008554328233003616,0.018783658742904663,0.00038808188401162624,-0.8933440446853638,-0.9445014595985413,0,0,0,0,90,True,True,active
102,3,1497.9527587890625,870.1408081054688,-177.37062072753906,4.402579307556152,15.849285125732422,3.051354169845581,0,1,0,0,0,102,0.17930710315704346,0.0,-0.008554328233003616,0.018783658742904663,0.00038808188401162624,-0.8933440446853638,-0.9445014595985413,0,0,0,0,90,True,True,active
102,4,1497.9527587890625,870.1408081054688,-177.37062072753906,4.402579307556152,15.849285125732422,3.051354169845581,0,1,0,0,0,102,0.17930710315704346,0.0,-0.008554328233003616,0.018783658742904663,0.00038808188401162624,-0.8933440446853638,-0.9445014595985413,0,0,0,0,90,True,True,active
102,5,1497.9527587890625,870.1408081054688,-177.37062072753906,4.402579307556152,15.849285125732422,3.051354169845581,0,1,0,0,0,102,0.17930710315704346,0.0,-0.008554328233003616,0.018783658742904663,0.00038808188401162624,-0.8933440446853638,-0.9445014595985413,0,0,0,0,90,True,True,active
102,6,1497.9527587890625,870.1408081054688,-177.37062072753906,4.402579307556152,15.849285125732422,3.051354169845581,0,1,0,0,0,102,0.17930710315704346,0.0,-0.008554328233003616,0.018783658742904663,0.00038808188401162624,-0.8933440446853638,-0.9445014595985413,0,0,0,0,90,True,True,active
102,7,1497.9527587890625,870.1408081054688,-177.37062072753906,4.402579307556152,15.849285125732422,3.051354169845581,0,1,0,0,0,102,0.17930710315704346,0.0,-0.008554328233003616,0.018783658742904663,0.00038808188401162624,-0.8933440446853638,-0.9445014595985413,0,0,0,0,90,True,True,active
103,0,1497.89501953125,870.1434326171875,-177.37124633789062,4.441379547119141,15.98896598815918,3.109156847000122,0,1,0,0,0,103,0.17930874228477478,0.0,-0.008534092456102371,0.018783658742904663,0.0003962198970839381,-0.8934981822967529,-0.9445891380310059,0,0,0,0,91,True,True,active
103,1,1497.89501953125,870.1434326171875,-177.37124633789062,4.441379547119141,15.98896598815918,3.109156847000122,0,1,0,0,0,103,0.17930874228477478,0.0,-0.008534092456102371,0.018783658742904663,0.0003962198970839381,-0.8934981822967529,-0.9445891380310059,0,0,0,0,91,True,True,active
103,2,1497.89501953125,870.1434326171875,-177.37124633789062,4.441379547119141,15.98896598815918,3.109156847000122,0,1,0,0,0,103,0.17930874228477478,0.0,-0.008534092456102371,0.018783658742904663,0.0003962198970839381,-0.8934981822967529,-0.9445891380310059,0,0,0,0,91,True,True,active
103,3,1497.89501953125,870.1434326171875,-177.37124633789062,4.441379547119141,15.98896598815918,3.109156847000122,0,1,0,0,0,103,0.17930874228477478,0.0,-0.008534092456102371,0.018783658742904663,0.0003962198970839381,-0.8934981822967529,-0.9445891380310059,0,0,0,0,91,True,True,active
103,4,1497.89501953125,870.1434326171875,-177.37124633789062,4.441379547119141,15.98896598815918,3.109156847000122,0,1,0,0,0,103,0.17930874228477478,0.0,-0.008534092456102371,0.018783658742904663,0.0003962198970839381,-0.8934981822967529,-0.9445891380310059,0,0,0,0,91,True,True,active
103,5,1497.89501953125,870.1434326171875,-177.37124633789062,4.441379547119141,15.98896598815918,3.109156847000122,0,1,0,0,0,103,0.17930874228477478,0.0,-0.008534092456102371,0.018783658742904663,0.0003962198970839381,-0.8934981822967529,-0.9445891380310059,0,0,0,0,91,True,True,active
103,6,1497.89501953125,870.1434326171875,-177.37124633789062,4.441379547119141,15.98896598815918,3.109156847000122,0,1,0,0,0,103,0.17930874228477478,0.0,-0.008534092456102371,0.018783658742904663,0.0003962198970839381,-0.8934981822967529,-0.9445891380310059,0,0,0,0,91,True,True,active
103,7,1497.89501953125,870.1434326171875,-177.37124633789062,4.441379547119141,15.98896598815918,3.109156847000122,0,1,0,0,0,103,0.17930874228477478,0.0,-0.008534092456102371,0.018783658742904663,0.0003962198970839381,-0.8934981822967529,-0.9445891380310059,0,0,0,0,91,True,True,active
104,0,1497.8367919921875,870.1461181640625,-177.3718719482422,4.480100154876709,16.128360748291016,3.1674633026123047,0,1,0,0,0,104,0.1793103963136673,0.0,-0.008513610810041428,0.018783658742904663,0.00040334067307412624,-0.8936535716056824,-0.9446776509284973,0,0,0,0,92,True,True,active
104,1,1497.8367919921875,870.1461181640625,-177.3718719482422,4.480100154876709,16.128360748291016,3.1674633026123047,0,1,0,0,0,104,0.1793103963136673,0.0,-0.008513610810041428,0.018783658742904663,0.00040334067307412624,-0.8936535716056824,-0.9446776509284973,0,0,0,0,92,True,True,active
104,2,1497.8367919921875,870.1461181640625,-177.3718719482422,4.480100154876709,16.128360748291016,3.1674633026123047,0,1,0,0,0,104,0.1793103963136673,0.0,-0.008513610810041428,0.018783658742904663,0.00040334067307412624,-0.8936535716056824,-0.9446776509284973,0,0,0,0,92,True,True,active
104,3,1497.8367919921875,870.1461181640625,-177.3718719482422,4.480100154876709,16.128360748291016,3.1674633026123047,0,1,0,0,0,104,0.1793103963136673,0.0,-0.008513610810041428,0.018783658742904663,0.00040334067307412624,-0.8936535716056824,-0.9446776509284973,0,0,0,0,92,True,True,active
104,4,1497.8367919921875,870.1461181640625,-177.3718719482422,4.480100154876709,16.128360748291016,3.1674633026123047,0,1,0,0,0,104,0.1793103963136673,0.0,-0.008513610810041428,0.018783658742904663,0.00040334067307412624,-0.8936535716056824,-0.9446776509284973,0,0,0,0,92,True,True,active
104,5,1497.8367919921875,870.1461181640625,-177.3718719482422,4.480100154876709,16.128360748291016,3.1674633026123047,0,1,0,0,0,104,0.1793103963136673,0.0,-0.008513610810041428,0.018783658742904663,0.00040334067307412624,-0.8936535716056824,-0.9446776509284973,0,0,0,0,92,True,True,active
104,6,1497.8367919921875,870.1461181640625,-177.3718719482422,4.480100154876709,16.128360748291016,3.1674633026123047,0,1,0,0,0,104,0.1793103963136673,0.0,-0.008513610810041428,0.018783658742904663,0.00040334067307412624,-0.8936535716056824,-0.9446776509284973,0,0,0,0,92,True,True,active
104,7,1497.8367919921875,870.1461181640625,-177.3718719482422,4.480100154876709,16.128360748291016,3.1674633026123047,0,1,0,0,0,104,0.1793103963136673,0.0,-0.008513610810041428,0.018783658742904663,0.00040334067307412624,-0.8936535716056824,-0.9446776509284973,0,0,0,0,92,True,True,active
105,0,1497.778076171875,870.1488037109375,-177.37249755859375,4.518742084503174,16.267471313476562,3.2262728214263916,0,1,0,0,0,105,0.17931205034255981,0.0,-0.008493177592754364,0.018783658742904663,0.0004111395974177867,-0.8938103318214417,-0.9447653293609619,0,0,0,0,93,True,True,active
105,1,1497.778076171875,870.1488037109375,-177.37249755859375,4.518742084503174,16.267471313476562,3.2262728214263916,0,1,0,0,0,105,0.17931205034255981,0.0,-0.008493177592754364,0.018783658742904663,0.0004111395974177867,-0.8938103318214417,-0.9447653293609619,0,0,0,0,93,True,True,active
105,2,1497.778076171875,870.1488037109375,-177.37249755859375,4.518742084503174,16.267471313476562,3.2262728214263916,0,1,0,0,0,105,0.17931205034255981,0.0,-0.008493177592754364,0.018783658742904663,0.0004111395974177867,-0.8938103318214417,-0.9447653293609619,0,0,0,0,93,True,True,active
105,3,1497.778076171875,870.1488037109375,-177.37249755859375,4.518742084503174,16.267471313476562,3.2262728214263916,0,1,0,0,0,105,0.17931205034255981,0.0,-0.008493177592754364,0.018783658742904663,0.0004111395974177867,-0.8938103318214417,-0.9447653293609619,0,0,0,0,93,True,True,active
105,4,1497.778076171875,870.1488037109375,-177.37249755859375,4.518742084503174,16.267471313476562,3.2262728214263916,0,1,0,0,0,105,0.17931205034255981,0.0,-0.008493177592754364,0.018783658742904663,0.0004111395974177867,-0.8938103318214417,-0.9447653293609619,0,0,0,0,93,True,True,active
105,5,1497.778076171875,870.1488037109375,-177.37249755859375,4.518742084503174,16.267471313476562,3.2262728214263916,0,1,0,0,0,105,0.17931205034255981,0.0,-0.008493177592754364,0.018783658742904663,0.0004111395974177867,-0.8938103318214417,-0.9447653293609619,0,0,0,0,93,True,True,active
105,6,1497.778076171875,870.1488037109375,-177.37249755859375,4.518742084503174,16.267471313476562,3.2262728214263916,0,1,0,0,0,105,0.17931205034255981,0.0,-0.008493177592754364,0.018783658742904663,0.0004111395974177867,-0.8938103318214417,-0.9447653293609619,0,0,0,0,93,True,True,active
105,7,1497.778076171875,870.1488037109375,-177.37249755859375,4.518742084503174,16.267471313476562,3.2262728214263916,0,1,0,0,0,105,0.17931205034255981,0.0,-0.008493177592754364,0.018783658742904663,0.0004111395974177867,-0.8938103318214417,-0.9447653293609619,0,0,0,0,93,True,True,active
106,0,1497.7188720703125,870.1515502929688,-177.37313842773438,4.557305335998535,16.406299591064453,3.2855842113494873,0,1,0,0,0,106,0.17931371927261353,0.0,-0.008472555316984653,0.018783658742904663,0.0004184299032203853,-0.8939683437347412,-0.9448456764221191,0,0,0,0,94,True,True,active
106,1,1497.7188720703125,870.1515502929688,-177.37313842773438,4.557305335998535,16.406299591064453,3.2855842113494873,0,1,0,0,0,106,0.17931371927261353,0.0,-0.008472555316984653,0.018783658742904663,0.0004184299032203853,-0.8939683437347412,-0.9448456764221191,0,0,0,0,94,True,True,active
106,2,1497.7188720703125,870.1515502929688,-177.37313842773438,4.557305335998535,16.406299591064453,3.2855842113494873,0,1,0,0,0,106,0.17931371927261353,0.0,-0.008472555316984653,0.018783658742904663,0.0004184299032203853,-0.8939683437347412,-0.9448456764221191,0,0,0,0,94,True,True,active
106,3,1497.7188720703125,870.1515502929688,-177.37313842773438,4.557305335998535,16.406299591064453,3.2855842113494873,0,1,0,0,0,106,0.17931371927261353,0.0,-0.008472555316984653,0.018783658742904663,0.0004184299032203853,-0.8939683437347412,-0.9448456764221191,0,0,0,0,94,True,True,active
106,4,1497.7188720703125,870.1515502929688,-177.37313842773438,4.557305335998535,16.406299591064453,3.2855842113494873,0,1,0,0,0,106,0.17931371927261353,0.0,-0.008472555316984653,0.018783658742904663,0.0004184299032203853,-0.8939683437347412,-0.9448456764221191,0,0,0,0,94,True,True,active
106,5,1497.7188720703125,870.1515502929688,-177.37313842773438,4.557305335998535,16.406299591064453,3.2855842113494873,0,1,0,0,0,106,0.17931371927261353,0.0,-0.008472555316984653,0.018783658742904663,0.0004184299032203853,-0.8939683437347412,-0.9448456764221191,0,0,0,0,94,True,True,active
106,6,1497.7188720703125,870.1515502929688,-177.37313842773438,4.557305335998535,16.406299591064453,3.2855842113494873,0,1,0,0,0,106,0.17931371927261353,0.0,-0.008472555316984653,0.018783658742904663,0.0004184299032203853,-0.8939683437347412,-0.9448456764221191,0,0,0,0,94,True,True,active
106,7,1497.7188720703125,870.1515502929688,-177.37313842773438,4.557305335998535,16.406299591064453,3.2855842113494873,0,1,0,0,0,106,0.17931371927261353,0.0,-0.008472555316984653,0.018783658742904663,0.0004184299032203853,-0.8939683437347412,-0.9448456764221191,0,0,0,0,94,True,True,active
107,0,1497.6591796875,870.154296875,-177.373779296875,4.595789432525635,16.544841766357422,3.3453962802886963,0,1,0,0,0,107,0.17931541800498962,0.0,-0.008451564237475395,0.018783658742904663,0.0004260592977516353,-0.8941277265548706,-0.9449341893196106,0,0,0,0,95,True,True,active
107,1,1497.6591796875,870.154296875,-177.373779296875,4.595789432525635,16.544841766357422,3.3453962802886963,0,1,0,0,0,107,0.17931541800498962,0.0,-0.008451564237475395,0.018783658742904663,0.0004260592977516353,-0.8941277265548706,-0.9449341893196106,0,0,0,0,95,True,True,active
107,2,1497.6591796875,870.154296875,-177.373779296875,4.595789432525635,16.544841766357422,3.3453962802886963,0,1,0,0,0,107,0.17931541800498962,0.0,-0.008451564237475395,0.018783658742904663,0.0004260592977516353,-0.8941277265548706,-0.9449341893196106,0,0,0,0,95,True,True,active
107,3,1497.6591796875,870.154296875,-177.373779296875,4.595789432525635,16.544841766357422,3.3453962802886963,0,1,0,0,0,107,0.17931541800498962,0.0,-0.008451564237475395,0.018783658742904663,0.0004260592977516353,-0.8941277265548706,-0.9449341893196106,0,0,0,0,95,True,True,active
107,4,1497.6591796875,870.154296875,-177.373779296875,4.595789432525635,16.544841766357422,3.3453962802886963,0,1,0,0,0,107,0.17931541800498962,0.0,-0.008451564237475395,0.018783658742904663,0.0004260592977516353,-0.8941277265548706,-0.9449341893196106,0,0,0,0,95,True,True,active
107,5,1497.6591796875,870.154296875,-177.373779296875,4.595789432525635,16.544841766357422,3.3453962802886963,0,1,0,0,0,107,0.17931541800498962,0.0,-0.008451564237475395,0.018783658742904663,0.0004260592977516353,-0.8941277265548706,-0.9449341893196106,0,0,0,0,95,True,True,active
107,6,1497.6591796875,870.154296875,-177.373779296875,4.595789432525635,16.544841766357422,3.3453962802886963,0,1,0,0,0,107,0.17931541800498962,0.0,-0.008451564237475395,0.018783658742904663,0.0004260592977516353,-0.8941277265548706,-0.9449341893196106,0,0,0,0,95,True,True,active
107,7,1497.6591796875,870.154296875,-177.373779296875,4.595789432525635,16.544841766357422,3.3453962802886963,0,1,0,0,0,107,0.17931541800498962,0.0,-0.008451564237475395,0.018783658742904663,0.0004260592977516353,-0.8941277265548706,-0.9449341893196106,0,0,0,0,95,True,True,active
108,0,1497.598876953125,870.1570434570312,-177.37442016601562,4.634194850921631,16.683101654052734,3.4057083129882812,0,1,0,0,0,108,0.17931711673736572,0.0,-0.00843061227351427,0.018783658742904663,0.00043419733992777765,-0.8942887187004089,-0.9450218677520752,0,0,0,0,96,True,True,active
108,1,1497.598876953125,870.1570434570312,-177.37442016601562,4.634194850921631,16.683101654052734,3.4057083129882812,0,1,0,0,0,108,0.17931711673736572,0.0,-0.00843061227351427,0.018783658742904663,0.00043419733992777765,-0.8942887187004089,-0.9450218677520752,0,0,0,0,96,True,True,active
108,2,1497.598876953125,870.1570434570312,-177.37442016601562,4.634194850921631,16.683101654052734,3.4057083129882812,0,1,0,0,0,108,0.17931711673736572,0.0,-0.00843061227351427,0.018783658742904663,0.00043419733992777765,-0.8942887187004089,-0.9450218677520752,0,0,0,0,96,True,True,active
108,3,1497.598876953125,870.1570434570312,-177.37442016601562,4.634194850921631,16.683101654052734,3.4057083129882812,0,1,0,0,0,108,0.17931711673736572,0.0,-0.00843061227351427,0.018783658742904663,0.00043419733992777765,-0.8942887187004089,-0.9450218677520752,0,0,0,0,96,True,True,active
108,4,1497.598876953125,870.1570434570312,-177.37442016601562,4.634194850921631,16.683101654052734,3.4057083129882812,0,1,0,0,0,108,0.17931711673736572,0.0,-0.00843061227351427,0.018783658742904663,0.00043419733992777765,-0.8942887187004089,-0.9450218677520752,0,0,0,0,96,True,True,active
108,5,1497.598876953125,870.1570434570312,-177.37442016601562,4.634194850921631,16.683101654052734,3.4057083129882812,0,1,0,0,0,108,0.17931711673736572,0.0,-0.00843061227351427,0.018783658742904663,0.00043419733992777765,-0.8942887187004089,-0.9450218677520752,0,0,0,0,96,True,True,active
108,6,1497.598876953125,870.1570434570312,-177.37442016601562,4.634194850921631,16.683101654052734,3.4057083129882812,0,1,0,0,0,108,0.17931711673736572,0.0,-0.00843061227351427,0.018783658742904663,0.00043419733992777765,-0.8942887187004089,-0.9450218677520752,0,0,0,0,96,True,True,active
108,7,1497.598876953125,870.1570434570312,-177.37442016601562,4.634194850921631,16.683101654052734,3.4057083129882812,0,1,0,0,0,108,0.17931711673736572,0.0,-0.00843061227351427,0.018783658742904663,0.00043419733992777765,-0.8942887187004089,-0.9450218677520752,0,0,0,0,96,True,True,active
109,0,1497.5380859375,870.1598510742188,-177.37506103515625,4.672521591186523,16.821077346801758,3.4665191173553467,0,1,0,0,0,109,0.17931883037090302,0.0,-0.008409510366618633,0.018783658742904663,0.0004416571755427867,-0.8944509625434875,-0.9451095461845398,0,0,0,0,97,True,True,active
109,1,1497.5380859375,870.1598510742188,-177.37506103515625,4.672521591186523,16.821077346801758,3.4665191173553467,0,1,0,0,0,109,0.17931883037090302,0.0,-0.008409510366618633,0.018783658742904663,0.0004416571755427867,-0.8944509625434875,-0.9451095461845398,0,0,0,0,97,True,True,active
109,2,1497.5380859375,870.1598510742188,-177.37506103515625,4.672521591186523,16.821077346801758,3.4665191173553467,0,1,0,0,0,109,0.17931883037090302,0.0,-0.008409510366618633,0.018783658742904663,0.0004416571755427867,-0.8944509625434875,-0.9451095461845398,0,0,0,0,97,True,True,active
109,3,1497.5380859375,870.1598510742188,-177.37506103515625,4.672521591186523,16.821077346801758,3.4665191173553467,0,1,0,0,0,109,0.17931883037090302,0.0,-0.008409510366618633,0.018783658742904663,0.0004416571755427867,-0.8944509625434875,-0.9451095461845398,0,0,0,0,97,True,True,active
109,4,1497.5380859375,870.1598510742188,-177.37506103515625,4.672521591186523,16.821077346801758,3.4665191173553467,0,1,0,0,0,109,0.17931883037090302,0.0,-0.008409510366618633,0.018783658742904663,0.0004416571755427867,-0.8944509625434875,-0.9451095461845398,0,0,0,0,97,True,True,active
109,5,1497.5380859375,870.1598510742188,-177.37506103515625,4.672521591186523,16.821077346801758,3.4665191173553467,0,1,0,0,0,109,0.17931883037090302,0.0,-0.008409510366618633,0.018783658742904663,0.0004416571755427867,-0.8944509625434875,-0.9451095461845398,0,0,0,0,97,True,True,active
109,6,1497.5380859375,870.1598510742188,-177.37506103515625,4.672521591186523,16.821077346801758,3.4665191173553467,0,1,0,0,0,109,0.17931883037090302,0.0,-0.008409510366618633,0.018783658742904663,0.0004416571755427867,-0.8944509625434875,-0.9451095461845398,0,0,0,0,97,True,True,active
109,7,1497.5380859375,870.1598510742188,-177.37506103515625,4.672521591186523,16.821077346801758,3.4665191173553467,0,1,0,0,0,109,0.17931883037090302,0.0,-0.008409510366618633,0.018783658742904663,0.0004416571755427867,-0.8944509625434875,-0.9451095461845398,0,0,0,0,97,True,True,active
110,0,1497.476806640625,870.1626586914062,-177.37571716308594,4.710770606994629,16.95877456665039,3.527827739715576,0,1,0,0,0,110,0.1793205589056015,0.0,-0.00838825199753046,0.018783658742904663,0.0004496256588026881,-0.894614577293396,-0.9451980590820312,0,0,0,0,98,True,True,active
110,1,1497.476806640625,870.1626586914062,-177.37571716308594,4.710770606994629,16.95877456665039,3.527827739715576,0,1,0,0,0,110,0.1793205589056015,0.0,-0.00838825199753046,0.018783658742904663,0.0004496256588026881,-0.894614577293396,-0.9451980590820312,0,0,0,0,98,True,True,active
110,2,1497.476806640625,870.1626586914062,-177.37571716308594,4.710770606994629,16.95877456665039,3.527827739715576,0,1,0,0,0,110,0.1793205589056015,0.0,-0.00838825199753046,0.018783658742904663,0.0004496256588026881,-0.894614577293396,-0.9451980590820312,0,0,0,0,98,True,True,active
110,3,1497.476806640625,870.1626586914062,-177.37571716308594,4.710770606994629,16.95877456665039,3.527827739715576,0,1,0,0,0,110,0.1793205589056015,0.0,-0.00838825199753046,0.018783658742904663,0.0004496256588026881,-0.894614577293396,-0.9451980590820312,0,0,0,0,98,True,True,active
110,4,1497.476806640625,870.1626586914062,-177.37571716308594,4.710770606994629,16.95877456665039,3.527827739715576,0,1,0,0,0,110,0.1793205589056015,0.0,-0.00838825199753046,0.018783658742904663,0.0004496256588026881,-0.894614577293396,-0.9451980590820312,0,0,0,0,98,True,True,active
110,5,1497.476806640625,870.1626586914062,-177.37571716308594,4.710770606994629,16.95877456665039,3.527827739715576,0,1,0,0,0,110,0.1793205589056015,0.0,-0.00838825199753046,0.018783658742904663,0.0004496256588026881,-0.894614577293396,-0.9451980590820312,0,0,0,0,98,True,True,active
110,6,1497.476806640625,870.1626586914062,-177.37571716308594,4.710770606994629,16.95877456665039,3.527827739715576,0,1,0,0,0,110,0.1793205589056015,0.0,-0.00838825199753046,0.018783658742904663,0.0004496256588026881,-0.894614577293396,-0.9451980590820312,0,0,0,0,98,True,True,active
110,7,1497.476806640625,870.1626586914062,-177.37571716308594,4.710770606994629,16.95877456665039,3.527827739715576,0,1,0,0,0,110,0.1793205589056015,0.0,-0.00838825199753046,0.018783658742904663,0.0004496256588026881,-0.894614577293396,-0.9451980590820312,0,0,0,0,98,True,True,active
111,0,1497.4150390625,870.1654663085938,-177.37637329101562,4.748940944671631,17.096187591552734,3.589632987976074,0,1,0,0,0,111,0.1793222874403,0.0,-0.008366771042346954,0.018783658742904663,0.00045793323079124093,-0.8947794437408447,-0.9452930092811584,0,0,0,0,99,True,True,active
111,1,1497.4150390625,870.1654663085938,-177.37637329101562,4.748940944671631,17.096187591552734,3.589632987976074,0,1,0,0,0,111,0.1793222874403,0.0,-0.008366771042346954,0.018783658742904663,0.00045793323079124093,-0.8947794437408447,-0.9452930092811584,0,0,0,0,99,True,True,active
111,2,1497.4150390625,870.1654663085938,-177.37637329101562,4.748940944671631,17.096187591552734,3.589632987976074,0,1,0,0,0,111,0.1793222874403,0.0,-0.008366771042346954,0.018783658742904663,0.00045793323079124093,-0.8947794437408447,-0.9452930092811584,0,0,0,0,99,True,True,active
111,3,1497.4150390625,870.1654663085938,-177.37637329101562,4.748940944671631,17.096187591552734,3.589632987976074,0,1,0,0,0,111,0.1793222874403,0.0,-0.008366771042346954,0.018783658742904663,0.00045793323079124093,-0.8947794437408447,-0.9452930092811584,0,0,0,0,99,True,True,active
111,4,1497.4150390625,870.1654663085938,-177.37637329101562,4.748940944671631,17.096187591552734,3.589632987976074,0,1,0,0,0,111,0.1793222874403,0.0,-0.008366771042346954,0.018783658742904663,0.00045793323079124093,-0.8947794437408447,-0.9452930092811584,0,0,0,0,99,True,True,active
111,5,1497.4150390625,870.1654663085938,-177.37637329101562,4.748940944671631,17.096187591552734,3.589632987976074,0,1,0,0,0,111,0.1793222874403,0.0,-0.008366771042346954,0.018783658742904663,0.00045793323079124093,-0.8947794437408447,-0.9452930092811584,0,0,0,0,99,True,True,active
111,6,1497.4150390625,870.1654663085938,-177.37637329101562,4.748940944671631,17.096187591552734,3.589632987976074,0,1,0,0,0,111,0.1793222874403,0.0,-0.008366771042346954,0.018783658742904663,0.00045793323079124093,-0.8947794437408447,-0.9452930092811584,0,0,0,0,99,True,True,active
111,7,1497.4150390625,870.1654663085938,-177.37637329101562,4.748940944671631,17.096187591552734,3.589632987976074,0,1,0,0,0,111,0.1793222874403,0.0,-0.008366771042346954,0.018783658742904663,0.00045793323079124093,-0.8947794437408447,-0.9452930092811584,0,0,0,0,99,True,True,active
112,0,1497.352783203125,870.1683349609375,-177.3770294189453,4.787033557891846,17.233320236206055,3.6519341468811035,0,1,0,0,0,112,0.17932404577732086,0.0,-0.008345158770680428,0.018783658742904663,0.0004657321551349014,-0.8949456214904785,-0.945380687713623,0,0,0,0,100,True,True,active
112,1,1497.352783203125,870.1683349609375,-177.3770294189453,4.787033557891846,17.233320236206055,3.6519341468811035,0,1,0,0,0,112,0.17932404577732086,0.0,-0.008345158770680428,0.018783658742904663,0.0004657321551349014,-0.8949456214904785,-0.945380687713623,0,0,0,0,100,True,True,active
112,2,1497.352783203125,870.1683349609375,-177.3770294189453,4.787033557891846,17.233320236206055,3.6519341468811035,0,1,0,0,0,112,0.17932404577732086,0.0,-0.008345158770680428,0.018783658742904663,0.0004657321551349014,-0.8949456214904785,-0.945380687713623,0,0,0,0,100,True,True,active
112,3,1497.352783203125,870.1683349609375,-177.3770294189453,4.787033557891846,17.233320236206055,3.6519341468811035,0,1,0,0,0,112,0.17932404577732086,0.0,-0.008345158770680428,0.018783658742904663,0.0004657321551349014,-0.8949456214904785,-0.945380687713623,0,0,0,0,100,True,True,active
112,4,1497.352783203125,870.1683349609375,-177.3770294189453,4.787033557891846,17.233320236206055,3.6519341468811035,0,1,0,0,0,112,0.17932404577732086,0.0,-0.008345158770680428,0.018783658742904663,0.0004657321551349014,-0.8949456214904785,-0.945380687713623,0,0,0,0,100,True,True,active
112,5,1497.352783203125,870.1683349609375,-177.3770294189453,4.787033557891846,17.233320236206055,3.6519341468811035,0,1,0,0,0,112,0.17932404577732086,0.0,-0.008345158770680428,0.018783658742904663,0.0004657321551349014,-0.8949456214904785,-0.945380687713623,0,0,0,0,100,True,True,active
112,6,1497.352783203125,870.1683349609375,-177.3770294189453,4.787033557891846,17.233320236206055,3.6519341468811035,0,1,0,0,0,112,0.17932404577732086,0.0,-0.008345158770680428,0.018783658742904663,0.0004657321551349014,-0.8949456214904785,-0.945380687713623,0,0,0,0,100,True,True,active
112,7,1497.352783203125,870.1683349609375,-177.3770294189453,4.787033557891846,17.233320236206055,3.6519341468811035,0,1,0,0,0,112,0.17932404577732086,0.0,-0.008345158770680428,0.018783658742904663,0.0004657321551349014,-0.8949456214904785,-0.945380687713623,0,0,0,0,100,True,True,active
113,0,1497.2900390625,870.1712036132812,-177.377685546875,4.825047969818115,17.37017250061035,3.7147300243377686,0,1,0,0,0,113,0.17932580411434174,0.0,-0.00832335278391838,0.018783658742904663,0.00047387019731104374,-0.8951131105422974,-0.9454765319824219,0,0,0,0,101,True,True,active
113,1,1497.2900390625,870.1712036132812,-177.377685546875,4.825047969818115,17.37017250061035,3.7147300243377686,0,1,0,0,0,113,0.17932580411434174,0.0,-0.00832335278391838,0.018783658742904663,0.00047387019731104374,-0.8951131105422974,-0.9454765319824219,0,0,0,0,101,True,True,active
113,2,1497.2900390625,870.1712036132812,-177.377685546875,4.825047969818115,17.37017250061035,3.7147300243377686,0,1,0,0,0,113,0.17932580411434174,0.0,-0.00832335278391838,0.018783658742904663,0.00047387019731104374,-0.8951131105422974,-0.9454765319824219,0,0,0,0,101,True,True,active
113,3,1497.2900390625,870.1712036132812,-177.377685546875,4.825047969818115,17.37017250061035,3.7147300243377686,0,1,0,0,0,113,0.17932580411434174,0.0,-0.00832335278391838,0.018783658742904663,0.00047387019731104374,-0.8951131105422974,-0.9454765319824219,0,0,0,0,101,True,True,active
113,4,1497.2900390625,870.1712036132812,-177.377685546875,4.825047969818115,17.37017250061035,3.7147300243377686,0,1,0,0,0,113,0.17932580411434174,0.0,-0.00832335278391838,0.018783658742904663,0.00047387019731104374,-0.8951131105422974,-0.9454765319824219,0,0,0,0,101,True,True,active
113,5,1497.2900390625,870.1712036132812,-177.377685546875,4.825047969818115,17.37017250061035,3.7147300243377686,0,1,0,0,0,113,0.17932580411434174,0.0,-0.00832335278391838,0.018783658742904663,0.00047387019731104374,-0.8951131105422974,-0.9454765319824219,0,0,0,0,101,True,True,active
113,6,1497.2900390625,870.1712036132812,-177.377685546875,4.825047969818115,17.37017250061035,3.7147300243377686,0,1,0,0,0,113,0.17932580411434174,0.0,-0.00832335278391838,0.018783658742904663,0.00047387019731104374,-0.8951131105422974,-0.9454765319824219,0,0,0,0,101,True,True,active
113,7,1497.2900390625,870.1712036132812,-177.377685546875,4.825047969818115,17.37017250061035,3.7147300243377686,0,1,0,0,0,113,0.17932580411434174,0.0,-0.00832335278391838,0.018783658742904663,0.00047387019731104374,-0.8951131105422974,-0.9454765319824219,0,0,0,0,101,True,True,active
114,0,1497.226806640625,870.174072265625,-177.37835693359375,4.862985134124756,17.506746292114258,3.778019666671753,0,1,0,0,0,114,0.1793275624513626,0.0,-0.008301627822220325,0.018783658742904663,0.0004825168289244175,-0.8952819108963013,-0.9455714821815491,0,0,0,0,102,True,True,active
114,1,1497.226806640625,870.174072265625,-177.37835693359375,4.862985134124756,17.506746292114258,3.778019666671753,0,1,0,0,0,114,0.1793275624513626,0.0,-0.008301627822220325,0.018783658742904663,0.0004825168289244175,-0.8952819108963013,-0.9455714821815491,0,0,0,0,102,True,True,active
114,2,1497.226806640625,870.174072265625,-177.37835693359375,4.862985134124756,17.506746292114258,3.778019666671753,0,1,0,0,0,114,0.1793275624513626,0.0,-0.008301627822220325,0.018783658742904663,0.0004825168289244175,-0.8952819108963013,-0.9455714821815491,0,0,0,0,102,True,True,active
114,3,1497.226806640625,870.174072265625,-177.37835693359375,4.862985134124756,17.506746292114258,3.778019666671753,0,1,0,0,0,114,0.1793275624513626,0.0,-0.008301627822220325,0.018783658742904663,0.0004825168289244175,-0.8952819108963013,-0.9455714821815491,0,0,0,0,102,True,True,active
114,4,1497.226806640625,870.174072265625,-177.37835693359375,4.862985134124756,17.506746292114258,3.778019666671753,0,1,0,0,0,114,0.1793275624513626,0.0,-0.008301627822220325,0.018783658742904663,0.0004825168289244175,-0.8952819108963013,-0.9455714821815491,0,0,0,0,102,True,True,active
114,5,1497.226806640625,870.174072265625,-177.37835693359375,4.862985134124756,17.506746292114258,3.778019666671753,0,1,0,0,0,114,0.1793275624513626,0.0,-0.008301627822220325,0.018783658742904663,0.0004825168289244175,-0.8952819108963013,-0.9455714821815491,0,0,0,0,102,True,True,active
114,6,1497.226806640625,870.174072265625,-177.37835693359375,4.862985134124756,17.506746292114258,3.778019666671753,0,1,0,0,0,114,0.1793275624513626,0.0,-0.008301627822220325,0.018783658742904663,0.0004825168289244175,-0.8952819108963013,-0.9455714821815491,0,0,0,0,102,True,True,active
114,7,1497.226806640625,870.174072265625,-177.37835693359375,4.862985134124756,17.506746292114258,3.778019666671753,0,1,0,0,0,114,0.1793275624513626,0.0,-0.008301627822220325,0.018783658742904663,0.0004825168289244175,-0.8952819108963013,-0.9455714821815491,0,0,0,0,102,True,True,active
115,0,1497.1630859375,870.177001953125,-177.3790283203125,4.900844573974609,17.64303970336914,3.841801881790161,0,1,0,0,0,115,0.17932936549186707,0.0,-0.008279508911073208,0.018783658742904663,0.0004904852830804884,-0.8954520225524902,-0.9456673264503479,0,0,0,0,103,True,True,active
115,1,1497.1630859375,870.177001953125,-177.3790283203125,4.900844573974609,17.64303970336914,3.841801881790161,0,1,0,0,0,115,0.17932936549186707,0.0,-0.008279508911073208,0.018783658742904663,0.0004904852830804884,-0.8954520225524902,-0.9456673264503479,0,0,0,0,103,True,True,active
115,2,1497.1630859375,870.177001953125,-177.3790283203125,4.900844573974609,17.64303970336914,3.841801881790161,0,1,0,0,0,115,0.17932936549186707,0.0,-0.008279508911073208,0.018783658742904663,0.0004904852830804884,-0.8954520225524902,-0.9456673264503479,0,0,0,0,103,True,True,active
115,3,1497.1630859375,870.177001953125,-177.3790283203125,4.900844573974609,17.64303970336914,3.841801881790161,0,1,0,0,0,115,0.17932936549186707,0.0,-0.008279508911073208,0.018783658742904663,0.0004904852830804884,-0.8954520225524902,-0.9456673264503479,0,0,0,0,103,True,True,active
115,4,1497.1630859375,870.177001953125,-177.3790283203125,4.900844573974609,17.64303970336914,3.841801881790161,0,1,0,0,0,115,0.17932936549186707,0.0,-0.008279508911073208,0.018783658742904663,0.0004904852830804884,-0.8954520225524902,-0.9456673264503479,0,0,0,0,103,True,True,active
115,5,1497.1630859375,870.177001953125,-177.3790283203125,4.900844573974609,17.64303970336914,3.841801881790161,0,1,0,0,0,115,0.17932936549186707,0.0,-0.008279508911073208,0.018783658742904663,0.0004904852830804884,-0.8954520225524902,-0.9456673264503479,0,0,0,0,103,True,True,active
115,6,1497.1630859375,870.177001953125,-177.3790283203125,4.900844573974609,17.64303970336914,3.841801881790161,0,1,0,0,0,115,0.17932936549186707,0.0,-0.008279508911073208,0.018783658742904663,0.0004904852830804884,-0.8954520225524902,-0.9456673264503479,0,0,0,0,103,True,True,active
115,7,1497.1630859375,870.177001953125,-177.3790283203125,4.900844573974609,17.64303970336914,3.841801881790161,0,1,0,0,0,115,0.17932936549186707,0.0,-0.008279508911073208,0.018783658742904663,0.0004904852830804884,-0.8954520225524902,-0.9456673264503479,0,0,0,0,103,True,True,active
116,0,1497.098876953125,870.179931640625,-177.37969970703125,4.938626766204834,17.779056549072266,3.906075954437256,0,1,0,0,0,116,0.17933116853237152,0.0,-0.00825722049921751,0.018783658742904663,0.0004991319729015231,-0.8956234455108643,-0.9457622766494751,0,0,0,0,104,True,True,active
116,1,1497.098876953125,870.179931640625,-177.37969970703125,4.938626766204834,17.779056549072266,3.906075954437256,0,1,0,0,0,116,0.17933116853237152,0.0,-0.00825722049921751,0.018783658742904663,0.0004991319729015231,-0.8956234455108643,-0.9457622766494751,0,0,0,0,104,True,True,active
116,2,1497.098876953125,870.179931640625,-177.37969970703125,4.938626766204834,17.779056549072266,3.906075954437256,0,1,0,0,0,116,0.17933116853237152,0.0,-0.00825722049921751,0.018783658742904663,0.0004991319729015231,-0.8956234455108643,-0.9457622766494751,0,0,0,0,104,True,True,active
116,3,1497.098876953125,870.179931640625,-177.37969970703125,4.938626766204834,17.779056549072266,3.906075954437256,0,1,0,0,0,116,0.17933116853237152,0.0,-0.00825722049921751,0.018783658742904663,0.0004991319729015231,-0.8956234455108643,-0.9457622766494751,0,0,0,0,104,True,True,active
116,4,1497.098876953125,870.179931640625,-177.37969970703125,4.938626766204834,17.779056549072266,3.906075954437256,0,1,0,0,0,116,0.17933116853237152,0.0,-0.00825722049921751,0.018783658742904663,0.0004991319729015231,-0.8956234455108643,-0.9457622766494751,0,0,0,0,104,True,True,active
116,5,1497.098876953125,870.179931640625,-177.37969970703125,4.938626766204834,17.779056549072266,3.906075954437256,0,1,0,0,0,116,0.17933116853237152,0.0,-0.00825722049921751,0.018783658742904663,0.0004991319729015231,-0.8956234455108643,-0.9457622766494751,0,0,0,0,104,True,True,active
116,6,1497.098876953125,870.179931640625,-177.37969970703125,4.938626766204834,17.779056549072266,3.906075954437256,0,1,0,0,0,116,0.17933116853237152,0.0,-0.00825722049921751,0.018783658742904663,0.0004991319729015231,-0.8956234455108643,-0.9457622766494751,0,0,0,0,104,True,True,active
116,7,1497.098876953125,870.179931640625,-177.37969970703125,4.938626766204834,17.779056549072266,3.906075954437256,0,1,0,0,0,116,0.17933116853237152,0.0,-0.00825722049921751,0.018783658742904663,0.0004991319729015231,-0.8956234455108643,-0.9457622766494751,0,0,0,0,104,True,True,active
117,0,1497.0341796875,870.182861328125,-177.38037109375,4.97633171081543,17.914793014526367,3.9708406925201416,0,1,0,0,0,117,0.17933297157287598,0.0,-0.008234940469264984,0.018783658742904663,0.0005077786045148969,-0.8957961201667786,-0.9458645582199097,0,0,0,0,105,True,True,active
117,1,1497.0341796875,870.182861328125,-177.38037109375,4.97633171081543,17.914793014526367,3.9708406925201416,0,1,0,0,0,117,0.17933297157287598,0.0,-0.008234940469264984,0.018783658742904663,0.0005077786045148969,-0.8957961201667786,-0.9458645582199097,0,0,0,0,105,True,True,active
117,2,1497.0341796875,870.182861328125,-177.38037109375,4.97633171081543,17.914793014526367,3.9708406925201416,0,1,0,0,0,117,0.17933297157287598,0.0,-0.008234940469264984,0.018783658742904663,0.0005077786045148969,-0.8957961201667786,-0.9458645582199097,0,0,0,0,105,True,True,active
117,3,1497.0341796875,870.182861328125,-177.38037109375,4.97633171081543,17.914793014526367,3.9708406925201416,0,1,0,0,0,117,0.17933297157287598,0.0,-0.008234940469264984,0.018783658742904663,0.0005077786045148969,-0.8957961201667786,-0.9458645582199097,0,0,0,0,105,True,True,active
117,4,1497.0341796875,870.182861328125,-177.38037109375,4.97633171081543,17.914793014526367,3.9708406925201416,0,1,0,0,0,117,0.17933297157287598,0.0,-0.008234940469264984,0.018783658742904663,0.0005077786045148969,-0.8957961201667786,-0.9458645582199097,0,0,0,0,105,True,True,active
117,5,1497.0341796875,870.182861328125,-177.38037109375,4.97633171081543,17.914793014526367,3.9708406925201416,0,1,0,0,0,117,0.17933297157287598,0.0,-0.008234940469264984,0.018783658742904663,0.0005077786045148969,-0.8957961201667786,-0.9458645582199097,0,0,0,0,105,True,True,active
117,6,1497.0341796875,870.182861328125,-177.38037109375,4.97633171081543,17.914793014526367,3.9708406925201416,0,1,0,0,0,117,0.17933297157287598,0.0,-0.008234940469264984,0.018783658742904663,0.0005077786045148969,-0.8957961201667786,-0.9458645582199097,0,0,0,0,105,True,True,active
117,7,1497.0341796875,870.182861328125,-177.38037109375,4.97633171081543,17.914793014526367,3.9708406925201416,0,1,0,0,0,117,0.17933297157287598,0.0,-0.008234940469264984,0.018783658742904663,0.0005077786045148969,-0.8957961201667786,-0.9458645582199097,0,0,0,0,105,True,True,active
118,0,1496.968994140625,870.1858520507812,-177.38104248046875,5.013958930969238,18.050251007080078,4.036095142364502,0,1,0,0,0,118,0.17933477461338043,0.0,-0.00821257196366787,0.018783658742904663,0.0005159166175872087,-0.8959701061248779,-0.9459604024887085,0,0,0,0,106,True,True,active
118,1,1496.968994140625,870.1858520507812,-177.38104248046875,5.013958930969238,18.050251007080078,4.036095142364502,0,1,0,0,0,118,0.17933477461338043,0.0,-0.00821257196366787,0.018783658742904663,0.0005159166175872087,-0.8959701061248779,-0.9459604024887085,0,0,0,0,106,True,True,active
118,2,1496.968994140625,870.1858520507812,-177.38104248046875,5.013958930969238,18.050251007080078,4.036095142364502,0,1,0,0,0,118,0.17933477461338043,0.0,-0.00821257196366787,0.018783658742904663,0.0005159166175872087,-0.8959701061248779,-0.9459604024887085,0,0,0,0,106,True,True,active
118,3,1496.968994140625,870.1858520507812,-177.38104248046875,5.013958930969238,18.050251007080078,4.036095142364502,0,1,0,0,0,118,0.17933477461338043,0.0,-0.00821257196366787,0.018783658742904663,0.0005159166175872087,-0.8959701061248779,-0.9459604024887085,0,0,0,0,106,True,True,active
118,4,1496.968994140625,870.1858520507812,-177.38104248046875,5.013958930969238,18.050251007080078,4.036095142364502,0,1,0,0,0,118,0.17933477461338043,0.0,-0.00821257196366787,0.018783658742904663,0.0005159166175872087,-0.8959701061248779,-0.9459604024887085,0,0,0,0,106,True,True,active
118,5,1496.968994140625,870.1858520507812,-177.38104248046875,5.013958930969238,18.050251007080078,4.036095142364502,0,1,0,0,0,118,0.17933477461338043,0.0,-0.00821257196366787,0.018783658742904663,0.0005159166175872087,-0.8959701061248779,-0.9459604024887085,0,0,0,0,106,True,True,active
118,6,1496.968994140625,870.1858520507812,-177.38104248046875,5.013958930969238,18.050251007080078,4.036095142364502,0,1,0,0,0,118,0.17933477461338043,0.0,-0.00821257196366787,0.018783658742904663,0.0005159166175872087,-0.8959701061248779,-0.9459604024887085,0,0,0,0,106,True,True,active
118,7,1496.968994140625,870.1858520507812,-177.38104248046875,5.013958930969238,18.050251007080078,4.036095142364502,0,1,0,0,0,118,0.17933477461338043,0.0,-0.00821257196366787,0.018783658742904663,0.0005159166175872087,-0.8959701061248779,-0.9459604024887085,0,0,0,0,106,True,True,active
119,0,1496.9033203125,870.1888427734375,-177.38172912597656,5.051509857177734,18.185434341430664,4.101838111877441,0,1,0,0,0,119,0.17933660745620728,0.0,-0.008190023712813854,0.018783658742904663,0.0005245632492005825,-0.8961454629898071,-0.9460553526878357,0,0,0,0,107,True,True,active
119,1,1496.9033203125,870.1888427734375,-177.38172912597656,5.051509857177734,18.185434341430664,4.101838111877441,0,1,0,0,0,119,0.17933660745620728,0.0,-0.008190023712813854,0.018783658742904663,0.0005245632492005825,-0.8961454629898071,-0.9460553526878357,0,0,0,0,107,True,True,active
119,2,1496.9033203125,870.1888427734375,-177.38172912597656,5.051509857177734,18.185434341430664,4.101838111877441,0,1,0,0,0,119,0.17933660745620728,0.0,-0.008190023712813854,0.018783658742904663,0.0005245632492005825,-0.8961454629898071,-0.9460553526878357,0,0,0,0,107,True,True,active
119,3,1496.9033203125,870.1888427734375,-177.38172912597656,5.051509857177734,18.185434341430664,4.101838111877441,0,1,0,0,0,119,0.17933660745620728,0.0,-0.008190023712813854,0.018783658742904663,0.0005245632492005825,-0.8961454629898071,-0.9460553526878357,0,0,0,0,107,True,True,active
119,4,1496.9033203125,870.1888427734375,-177.38172912597656,5.051509857177734,18.185434341430664,4.101838111877441,0,1,0,0,0,119,0.17933660745620728,0.0,-0.008190023712813854,0.018783658742904663,0.0005245632492005825,-0.8961454629898071,-0.9460553526878357,0,0,0,0,107,True,True,active
119,5,1496.9033203125,870.1888427734375,-177.38172912597656,5.051509857177734,18.185434341430664,4.101838111877441,0,1,0,0,0,119,0.17933660745620728,0.0,-0.008190023712813854,0.018783658742904663,0.0005245632492005825,-0.8961454629898071,-0.9460553526878357,0,0,0,0,107,True,True,active
119,6,1496.9033203125,870.1888427734375,-177.38172912597656,5.051509857177734,18.185434341430664,4.101838111877441,0,1,0,0,0,119,0.17933660745620728,0.0,-0.008190023712813854,0.018783658742904663,0.0005245632492005825,-0.8961454629898071,-0.9460553526878357,0,0,0,0,107,True,True,active
119,7,1496.9033203125,870.1888427734375,-177.38172912597656,5.051509857177734,18.185434341430664,4.101838111877441,0,1,0,0,0,119,0.17933660745620728,0.0,-0.008190023712813854,0.018783658742904663,0.0005245632492005825,-0.8961454629898071,-0.9460553526878357,0,0,0,0,107,True,True,active
120,0,1496.837158203125,870.19189453125,-177.38241577148438,5.088983535766602,18.320341110229492,4.168068885803223,0,1,0,0,0,120,0.1793384552001953,0.0,-0.008167222142219543,0.018783658742904663,0.0005327013204805553,-0.8963220715522766,-0.9461503624916077,0,0,0,0,108,True,False,max_steps
120,1,1496.837158203125,870.19189453125,-177.38241577148438,5.088983535766602,18.320341110229492,4.168068885803223,0,1,0,0,0,120,0.1793384552001953,0.0,-0.008167222142219543,0.018783658742904663,0.0005327013204805553,-0.8963220715522766,-0.9461503624916077,0,0,0,0,108,True,False,max_steps
120,2,1496.837158203125,870.19189453125,-177.38241577148438,5.088983535766602,18.320341110229492,4.168068885803223,0,1,0,0,0,120,0.1793384552001953,0.0,-0.008167222142219543,0.018783658742904663,0.0005327013204805553,-0.8963220715522766,-0.9461503624916077,0,0,0,0,108,True,False,max_steps
120,3,1496.837158203125,870.19189453125,-177.38241577148438,5.088983535766602,18.320341110229492,4.168068885803223,0,1,0,0,0,120,0.1793384552001953,0.0,-0.008167222142219543,0.018783658742904663,0.0005327013204805553,-0.8963220715522766,-0.9461503624916077,0,0,0,0,108,True,False,max_steps
120,4,1496.837158203125,870.19189453125,-177.38241577148438,5.088983535766602,18.320341110229492,4.168068885803223,0,1,0,0,0,120,0.1793384552001953,0.0,-0.008167222142219543,0.018783658742904663,0.0005327013204805553,-0.8963220715522766,-0.9461503624916077,0,0,0,0,108,True,False,max_steps
120,5,1496.837158203125,870.19189453125,-177.38241577148438,5.088983535766602,18.320341110229492,4.168068885803223,0,1,0,0,0,120,0.1793384552001953,0.0,-0.008167222142219543,0.018783658742904663,0.0005327013204805553,-0.8963220715522766,-0.9461503624916077,0,0,0,0,108,True,False,max_steps
120,6,1496.837158203125,870.19189453125,-177.38241577148438,5.088983535766602,18.320341110229492,4.168068885803223,0,1,0,0,0,120,0.1793384552001953,0.0,-0.008167222142219543,0.018783658742904663,0.0005327013204805553,-0.8963220715522766,-0.9461503624916077,0,0,0,0,108,True,False,max_steps
120,7,1496.837158203125,870.19189453125,-177.38241577148438,5.088983535766602,18.320341110229492,4.168068885803223,0,1,0,0,0,120,0.1793384552001953,0.0,-0.008167222142219543,0.018783658742904663,0.0005327013204805553,-0.8963220715522766,-0.9461503624916077,0,0,0,0,108,True,False,max_steps
