step,car_index,x,y,speed,distance_travelled,total_reward,lap_count,next_goal_idx,progress_delta,checkpoints_reached,checkpoint_streak,heading_error_norm,goal_distance_norm,lateral_offset_norm,no_progress_steps,reverse_speed_steps,reverse_progress_events,heading_away_steps,wall_hugging_steps,done,collided,terminated_reason
1,0,1510.1154432679139,875.3596676970657,-0.03243743532661528,0.03248727694153786,-0.003108902834355831,0,1,0,0,0,-0.020846215708558526,-0.8607369095261495,-0.2974293129378903,1,0,0,0,0,False,False,
1,1,1506.5168900699712,868.7729616717721,-0.038049052720100944,0.03800388053059578,-0.0008538248366676271,0,1,0,0,0,-0.03499207888690611,-0.8703358684401894,-0.9128272274956112,1,0,0,0,0,False,False,
1,2,1503.9867334185285,860.8723200009313,0.05933745538652242,0.05941100791096687,-0.0035719950683414936,0,1,0,0,0,0.18534510243404345,-0.8738297040324146,0.034452185202349606,1,0,0,0,0,False,False,
1,3,1493.4824140789804,865.1614362559781,-0.031114831087132054,0.031138040125370026,-0.0032776514999568462,0,1,0,0,0,0.10432349060209371,-0.9036388942454071,-0.4283735958322713,1,0,0,0,0,False,False,
1,4,1502.165014233625,870.600123436675,0.2991374780382699,0.2991431951522827,0.017685934901237488,0,1,0,0,0,-0.0444236851583115,-0.882167413615895,-0.8680992233362068,0,0,0,0,0,False,False,
1,5,1508.797134456401,861.5439499516569,0.31495162239999996,0.31494200229644775,0.015287395566701889,0,1,0,0,0,0.13042076186845292,-0.8617010929876282,-0.04607578563699688,0,0,0,0,0,False,False,
1,6,1505.9737858442486,875.0679584720486,-0.13785245897500004,0.13780242204666138,0.013135395012795925,0,1,0,0,0,-0.06568345436075383,-0.8718086606467417,-0.3324096565049638,0,0,0,0,0,False,False,
1,7,1498.8916779555918,871.9085866585212,-0.13785245897500004,0.13786792755126953,0.012406262569129467,0,1,0,0,0,-0.03037699866734411,-0.8909551310705168,-0.7263701444505695,0,0,0,0,0,False,False,
2,0,1510.2465562266993,875.3637516761127,-0.1311765483856042,0.16365455090999603,0.00635267049074173,0,1,0,0,0,-0.02110735318491095,-0.8603873223354142,-0.29693900268287066,0,0,0,0,0,False,False,
2,1,1506.6909343396615,868.7520050234403,-0.17530142304417706,0.21333052217960358,0.012353585101664066,0,1,0,0,0,-0.03388437008631513,-0.869868991696853,-0.9103171317124509,0,0,0,0,0,False,False,
2,2,1503.613898613798,860.8537222614017,0.3732983626189471,0.4326782524585724,0.009944025427103043,0,1,0,0,0,0.18430522704216956,-0.8747839658395069,0.03668419457221517,0,0,0,0,0,False,False,
2,3,1493.6508321492613,865.1569772649083,-0.16847708745852594,0.1996539831161499,0.003658710513263941,0,1,0,0,0,0.10387675336154384,-0.903195516858172,-0.4290117538390962,0,0,0,0,0,False,False,
2,4,1501.5589518201737,870.6590528431815,0.6089206220433608,0.9080833792686462,0.033858560025691986,0,1,0,0,0,-0.04211476372315891,-0.8837877460857051,-0.8610299739877145,0,0,0,0,0,False,False,
2,5,1508.797134456401,861.5439499516569,0.0,0.31494200229644775,0.011727637611329556,0,1,0,0,0,0.13042076186845292,-0.8617010929876282,-0.04607578563699688,1,0,0,0,0,False,False,
2,6,1506.247090367483,875.0576884692538,-0.27349741384103204,0.4113101363182068,0.01847882568836212,0,1,0,0,0,-0.06420325890750671,-0.871083029239502,-0.3336390911742667,0,0,0,0,0,False,False,
2,7,1499.0507680907344,871.9003874204026,-0.15930128249777445,0.29713568091392517,0.023000603541731834,0,1,0,0,0,-0.031236559338472917,-0.8905309277320616,-0.7262450798886694,0,0,0,0,0,False,False,
3,0,1510.4417917868407,875.3697500778554,-0.19532768561350913,0.358936607837677,0.019328605383634567,0,1,0,0,0,-0.02129781025908402,-0.8598668640537062,-0.2962218324591106,0,0,0,0,0,False,False,
3,1,1506.7881234130405,868.7404012921951,-0.09787932653559102,0.3111880421638489,0.012129582464694977,0,1,0,0,0,-0.03317997010619472,-0.8696083926996249,-0.9089266996459773,1,0,0,0,0,False,False,
3,2,1503.4490060568328,860.8458693927726,0.1650794441722854,0.597780168056488,0.02241983264684677,0,1,0,0,0,0.18350704893239253,-0.8752061669037267,0.03762090670120788,0,0,0,0,0,False,False,
3,3,1493.9543617283482,865.1496040593549,-0.30361911919500356,0.5032106637954712,0.003387726377695799,0,1,0,0,0,0.10439750938749341,-0.9023969765896004,-0.4302360429949953,0,0,0,0,0,False,False,
3,4,1500.782905591295,870.7297503136363,0.7792598293799722,1.6872963905334473,0.0517154335975647,0,1,0,0,0,-0.038939888065769424,-0.8858618334588844,-0.8543149789439874,0,0,0,0,0,False,False,
3,5,1508.7696315167575,861.5439002615938,0.027502984531350007,0.34240788221359253,0.0024642692878842354,0,1,0,0,0,0.13045537553137732,-0.8617727975504343,-0.046068467573489036,2,0,0,0,0,False,False,
3,6,1506.3224895285105,875.0549107123054,-0.0754503109159926,0.48679956793785095,0.016235368326306343,0,1,0,0,0,-0.06363629033763547,-0.8708827218412225,-0.3339684040321158,1,0,0,0,0,False,False,
3,7,1499.0954091396075,871.8980666719716,-0.044701332393679,0.3418735861778259,0.021148327738046646,0,1,0,0,0,-0.03148710336120802,-0.8904117722916534,-0.7262085467435018,1,0,0,0,0,False,False,
4,0,1510.7492650833844,875.3797300932499,-0.307635220341918,0.6665925979614258,0.02656567469239235,0,1,0,0,0,-0.020076954916317252,-0.8590468610538896,-0.29502898810734635,0,0,0,0,0,False,False,
4,1,1507.0206690616706,868.7128344917747,-0.23417388236567618,0.5453627109527588,0.021016128361225128,0,1,0,0,0,-0.032490733053092274,-0.8689847467835061,-0.9056189349404715,0,0,0,0,0,False,False,
4,2,1502.9722254613303,860.8251056052479,0.477232512639429,1.075038194656372,0.032564885914325714,0,1,0,0,0,0.18275688716226013,-0.8764273020954659,0.04010904829384487,0,0,0,0,0,False,False,
4,3,1494.1302298839994,865.1452885696652,-0.175921094878927,0.6791673898696899,0.005241118371486664,0,1,0,0,0,0.10374433481316347,-0.9019339975685773,-0.4309464668789591,0,0,0,0,0,False,False,
4,4,1499.9498751396302,870.8017191482589,0.8361335100077427,2.5235280990600586,0.07052566111087799,0,1,0,0,0,-0.0366837041308669,-0.888088158751394,-0.8515002401811312,0,0,0,0,0,False,False,
4,5,1508.7696315167575,861.5439002615938,0.0,0.34240788221359253,-0.0044768876396119595,0,1,0,0,0,0.13045537553137732,-0.8617727975504343,-0.046068467573489036,3,0,0,0,0,False,False,
4,6,1506.0819267013476,875.064050340521,0.2407363840728923,0.727571964263916,0.030773799866437912,0,1,0,0,0,-0.06468916410051911,-0.8715214986956007,-0.33287801256946015,0,0,0,0,0,False,False,
4,7,1499.2770007752235,871.8884128256839,-0.18184806535651546,0.5236481428146362,0.032810281962156296,0,1,0,0,0,-0.03209161364140477,-0.8899276577879769,-0.7261062653715067,0,0,0,0,0,False,False,
5,0,1511.0847547117166,875.391811007014,-0.33570707349692175,1.0022594928741455,0.03649505600333214,0,1,0,0,0,-0.0177061956968351,-0.8581520974655323,-0.29358001153281066,0,0,0,0,0,False,False,
5,1,1507.3864759464873,868.6707330775083,-0.36822168059821986,0.9136234521865845,0.023434557020664215,0,1,0,0,0,-0.03009728034290712,-0.868003824681866,-0.90056947112012,0,1,0,0,0,False,False,
5,2,1502.5479965365755,860.8088717939027,0.42453941775693266,1.4995430707931519,0.04123533517122269,0,1,0,0,0,0.18103521496412012,-0.8775142581201293,0.04205565318690807,0,0,0,0,0,False,False,
5,3,1494.337778431877,865.140144487805,-0.2076122860148375,0.8867502212524414,0.014124158769845963,0,1,0,0,0,0.10300814823517013,-0.9013877213767787,-0.4317754090883259,0,0,0,0,0,False,False,
5,4,1498.8177364503688,870.8896646439329,1.135549392114552,3.6590194702148438,0.08995790779590607,0,1,0,0,0,-0.032040566827366015,-0.8911124040225724,-0.8488470705391572,0,0,0,0,0,False,False,
5,5,1508.907483586904,861.5442276784861,-0.13785245897500004,0.48022574186325073,0.0014239908196032047,0,1,0,0,0,0.1304722975432191,-0.8614130159392683,-0.046112375954535656,0,0,0,0,0,False,False,
5,6,1505.5308379019455,875.0869091521125,0.5515626801134458,1.2790725231170654,0.047166287899017334,0,1,0,0,0,-0.06767901883559943,-0.8729839498590338,-0.3301337387540516,0,0,0,0,0,False,False,
5,7,1499.4956390499628,871.8768654398325,-0.21894300011881598,0.7425801753997803,0.04258256405591965,0,1,0,0,0,-0.03170317929832089,-0.8893445651072942,-0.7259593037914545,0,0,0,0,0,False,False,
6,0,1511.3735192551708,875.4021472339189,-0.28894947506945023,1.2912641763687134,0.03854755684733391,0,1,0,0,0,-0.017747027030658082,-0.8573817165624322,-0.29233594073649216,0,0,0,0,0,False,False,
6,1,1507.590910261617,868.6477538374002,-0.2057217408990211,1.1193751096725464,0.0343669168651104,0,1,0,0,0,-0.028290849380091267,-0.8674556935878134,-0.8978178792412037,0,0,0,0,0,False,False,
6,2,1502.5479965365755,860.8088717939027,0.0,1.4995430707931519,0.034388985484838486,0,1,0,0,0,0.18103521496412012,-0.8775142581201293,0.04205565318690807,1,0,0,0,0,False,False,
6,3,1494.6797594289158,865.1309338458858,-0.34210501057445336,1.2289153337478638,0.02004759944975376,0,1,0,0,0,0.10071351796349669,-0.900486778204176,-0.43305081034403703,0,0,0,0,0,False,False,
6,4,1497.6709028275134,870.9631207593721,1.1491836926302614,4.808221817016602,0.10859716683626175,0,1,0,0,0,-0.024085325742034532,-0.8941748100610296,-0.8480327358706203,0,0,0,0,0,False,False,
6,5,1508.7862028280206,861.5439388554805,0.1212811027903131,0.6014419794082642,0.012238014489412308,0,1,0,0,0,0.1307794037080397,-0.8617294693011803,-0.04607578563699688,0,0,0,0,0,False,False,
6,6,1504.6804176740811,875.1199129919845,0.8510604076133232,2.1301772594451904,0.06155981495976448,0,1,0,0,0,-0.06718004820993555,-0.8752411579902324,-0.32617466639635573,0,0,0,0,0,False,False,
6,7,1499.3962625564443,871.8821400191633,0.09951637378415473,0.8420839309692383,0.043622761964797974,0,1,0,0,0,-0.0319455094137273,-0.8896095786358491,-0.7260259096038493,1,0,0,0,0,False,False,
7,0,1511.7175922522556,875.4146269273741,-0.34429924494797076,1.6356055736541748,0.041867420077323914,0,1,0,0,0,-0.017332559067922186,-0.8564638175291059,-0.29084305578090996,0,0,0,0,0,False,False,
7,1,1507.7742609100562,868.6273465386671,-0.18448283964823142,1.3038612604141235,0.043208226561546326,0,1,0,0,0,-0.027495437125828755,-0.8669641954777846,-0.8953663279661055,0,0,0,0,0,False,False,
7,2,1502.4942212456838,860.8068127640316,0.05381469608300782,1.553294062614441,0.02965611405670643,0,1,0,0,0,0.18125927106078987,-0.8776518161151827,0.04230446734617166,2,0,0,0,0,False,False,
7,3,1495.0541801880654,865.1212938827376,-0.37454483546264655,1.6034291982650757,0.020622286945581436,0,1,0,0,0,0.1004645750812835,-0.8995006065480531,-0.4345016164344496,0,1,0,0,0,False,False,
7,4,1496.326001368786,871.0493339618469,1.3476619197588764,6.155828952789307,0.12200699746608734,0,1,0,0,0,-0.024965726667532648,-0.8977657628844883,-0.847080444270488,0,0,0,0,0,False,False,
7,5,1508.5382060561785,861.5429168532488,0.24799887768426462,0.8494910001754761,0.025184184312820435,0,1,0,0,0,0.13251640272267448,-0.8623767139160605,-0.045951378557364975,0,0,0,0,0,False,False,
7,6,1504.2007762609699,875.1392764938046,0.4800321138988087,2.6101815700531006,0.07406322658061981,0,1,0,0,0,-0.06887795550635095,-0.8765137657865304,-0.32385484026439704,0,0,0,0,0,False,False,
7,7,1499.3962625564443,871.8821400191633,0.0,0.8420839309692383,0.0410456620156765,0,1,0,0,0,-0.0319455094137273,-0.8896095786358491,-0.7260259096038493,2,0,0,0,0,False,False,
8,0,1511.7624393006838,875.4162615029642,-0.04487682687184841,1.6804356575012207,0.04294291138648987,0,1,0,0,0,-0.01720568336039921,-0.8563443131980552,-0.2906454680662006,1,0,0,0,0,False,False,
8,1,1507.8498784635124,868.6189296091588,-0.07608455226276438,1.3798840045928955,0.04302268475294113,0,1,0,0,0,-0.02745873819924769,-0.8667616513319181,-0.8943637532655428,1,0,0,0,0,False,False,
8,2,1502.3540118077437,860.8014852337835,0.14031061636957293,1.6936533451080322,0.03995507210493088,0,1,0,0,0,0.18162114211712985,-0.8780110385013655,0.04294113887134654,0,0,0,0,0,False,False,
8,3,1495.1702926259022,865.1184257483468,-0.11614785583588122,1.7195534706115723,0.032154444605112076,0,1,0,0,0,0.10082007160743368,-0.8991948282790423,-0.43496356919337675,0,0,0,0,0,False,False,
8,4,1495.245842580159,871.126762839502,1.0829303946898783,7.238802433013916,0.14221587777137756,0,1,0,0,0,-0.030633971768062908,-0.9006504409234914,-0.8453211217722337,0,0,0,0,0,False,False,
8,5,1508.3538995427564,861.5421546176376,0.18430808960250558,1.0338186025619507,0.035075489431619644,0,1,0,0,0,0.1329969469397952,-0.8628576210780947,-0.04586356179527196,0,0,0,0,0,False,False,
8,6,1503.4151632454086,875.1761768911279,0.7864791475569952,3.396690607070923,0.09238826483488083,0,1,0,0,0,-0.07433035868157402,-0.8785970961822538,-0.3194347299057124,0,0,0,0,0,False,False,
8,7,1499.1091730270755,871.8969456756552,0.2874710513031754,1.1295760869979858,0.05596582219004631,0,1,0,0,0,-0.031206930654444263,-0.8903753067672384,-0.7262450798886694,0,0,0,0,0,False,False,
9,0,1511.8175812699174,875.4182579442796,-0.05517809845282603,1.7356481552124023,0.04005613178014755,0,1,0,0,0,-0.017342160953890268,-0.8561971332692511,-0.29040397197044465,2,0,0,0,0,False,False,
9,1,1507.9581295807375,868.6067961905201,-0.10892898708958886,1.4888395071029663,0.0543527789413929,0,1,0,0,0,-0.027886161889937474,-0.8664713838230305,-0.8929074586274994,0,0,0,0,0,False,False,
9,2,1502.010974195646,860.7882277837284,0.3432936983046336,2.03692889213562,0.051902737468481064,0,1,0,0,0,0.18339238333393584,-0.8788889597545426,0.04453647671603722,0,0,0,0,0,False,False,
9,3,1495.1765446381555,865.1182714412573,-0.006253916204622232,1.7257802486419678,0.025842225179076195,0,1,0,0,0,0.10081583960469105,-0.8991784448251506,-0.4349927842750366,1,0,0,0,0,False,False,
9,4,1494.6480140679978,871.1731706264507,0.599627061299282,7.838377952575684,0.16026295721530914,0,1,0,0,0,-0.034959341016538775,-0.9022469397266709,-0.8439352349092668,0,0,0,0,0,False,False,
9,5,1508.0282720262212,861.5407041960848,0.3256307467784527,1.359383463859558,0.04911266267299652,0,1,0,0,0,0.1340422017999357,-0.8637067326368859,-0.04568792827108581,0,0,0,0,0,False,False,
9,6,1502.7632245107993,875.205969556776,0.6526191206288595,4.049350738525391,0.10423421114683151,0,1,0,0,0,-0.07459014371871717,-0.880325745807962,-0.31585619685041977,0,0,0,0,0,False,False,
9,7,1498.512324157031,871.9240480802366,0.5974639018447057,1.7269928455352783,0.06729468703269958,0,1,0,0,0,-0.027695378756923912,-0.8919669326588351,-0.7271543778656937,0,0,0,0,0,False,False,
10,0,1511.8784150000345,875.420454591791,-0.06087337661293566,1.7964788675308228,0.03793805465102196,0,1,0,0,0,-0.017383893760978392,-0.8560349784214003,-0.2901405216841654,3,0,0,0,0,False,False,
10,1,1507.928679489853,868.6100896892932,0.02963367994812284,1.5184425115585327,0.05347789078950882,0,1,0,0,0,-0.02774379980611078,-0.8665502495549621,-0.8933026340569183,1,0,0,0,0,False,False,
10,2,1501.6268762859606,860.7742412625138,0.38435247755209057,2.4213383197784424,0.06185445934534073,0,1,0,0,0,0.18350425778206728,-0.8798721191476255,0.0462123132593133,0,0,0,0,0,False,False,
10,3,1494.8678261480818,865.125415024954,0.30880112840049667,2.034578561782837,0.03843579813838005,0,1,0,0,0,0.10263142229948667,-0.899991315258104,-0.43370274689231003,0,0,0,0,0,False,False,
10,4,1494.569838201757,871.1793190522961,0.07841727617621794,7.916867256164551,0.16229990124702454,0,1,0,0,0,-0.03568217394183459,-0.9024559155823156,-0.843737132643217,1,0,0,0,0,False,False,
10,5,1508.0282720262212,861.5407041960848,0.0,1.359383463859558,0.04551544412970543,0,1,0,0,0,0.1340422017999357,-0.8637067326368859,-0.04568792827108581,1,0,0,0,0,False,False,
10,6,1501.808180573032,875.2423151770904,0.9557352809132064,5.004997253417969,0.12270774692296982,0,1,0,0,0,-0.07124721848700928,-0.8828585395659035,-0.311501949063305,0,0,0,0,0,False,False,
10,7,1497.6524047176179,871.9637525244998,0.8608355738320792,2.587892770767212,0.06921249628067017,0,1,0,0,0,-0.02879125383048423,-0.8942603724686486,-0.7283933031486083,0,0,0,0,0,False,False,
11,0,1511.6463200453818,875.4119507612467,0.23225069022317135,2.0286917686462402,0.05529138445854187,0,1,0,0,0,-0.01711979940237364,-0.8566539930094362,-0.2911650505752512,0,0,0,0,0,False,False,
11,1,1507.928679489853,868.6100896892932,0.0,1.5184425115585327,0.05221796780824661,0,1,0,0,0,-0.02774379980611078,-0.8665502495549621,-0.8933026340569183,2,0,0,0,0,False,False,
11,2,1500.9346487315888,860.7520289544092,0.6925838387249402,3.113833427429199,0.07511124014854431,0,1,0,0,0,0.183536184720556,-0.881643701895297,0.048905360630167705,0,0,0,0,0,False,False,
11,3,1494.408058827051,865.1339070858954,0.4598457399898558,2.4943735599517822,0.05524116009473801,0,1,0,0,0,0.1069072593699657,-0.9012003943357645,-0.4315188194865852,0,0,0,0,0,False,False,
11,4,1494.3729500285558,871.1950612767123,0.1975165065914739,8.114395141601562,0.176907479763031,0,1,0,0,0,-0.036706903969946185,-0.9029817859467237,-0.8432240391982924,0,0,0,0,0,False,False,
11,5,1507.723176274893,861.5395689650832,0.30509786336194034,1.6645615100860596,0.05251505598425865,0,1,0,0,0,0.13437204066172195,-0.8645025730479021,-0.04554888506443844,0,0,0,0,0,False,False,
11,6,1501.0367971817313,875.2729587978175,0.7719918185224155,5.777090072631836,0.13523410260677338,0,1,0,0,0,-0.07359876314382695,-0.8849039524954572,-0.3087414954668599,0,0,0,0,0,False,False,
11,7,1497.317353771863,871.9799298614797,0.33544126532525387,2.923243999481201,0.08078176528215408,0,1,0,0,0,-0.030389055945980518,-0.8951536321590043,-0.7287886786813261,0,0,0,0,0,False,False,
12,0,1511.6463200453818,875.4119507612467,0.0,2.0286917686462402,0.05653366073966026,0,1,0,0,0,-0.01711979940237364,-0.8566539930094362,-0.2911650505752512,1,0,0,0,0,False,False,
12,1,1507.8228519166516,868.6219879189474,0.10649433373934986,1.6249445676803589,0.06938110291957855,0,1,0,0,0,-0.028179195825023522,-0.8668339771890867,-0.8947296564409307,0,0,0,0,0,False,False,
12,2,1500.133854818665,860.7301665211586,0.8010922899164189,3.914912700653076,0.09017729759216309,0,1,0,0,0,0.1837619490492917,-0.8836931054177293,0.05574957952579629,0,0,0,0,0,False,False,
12,3,1493.915263770171,865.1432444351416,0.49288350974291706,2.987259864807129,0.061246149241924286,0,1,0,0,0,0.10803375581364238,-0.9024961276732332,-0.4292089985195786,0,0,0,0,0,False,False,
12,4,1494.364976683592,871.1956985944179,0.007998775141886348,8.122353553771973,0.172760471701622,0,1,0,0,0,-0.036699252753617705,-0.9030029756247574,-0.8432094173643697,1,0,0,0,0,False,False,
12,5,1507.1084181156791,861.5352099154201,0.6147736133195926,2.279322862625122,0.06140938401222229,0,1,0,0,0,0.13817560203263307,-0.8661039481291678,-0.04502930255538773,0,0,0,0,0,False,False,
12,6,1500.7889551308667,875.2833052303916,0.24805791832513824,6.025109767913818,0.15201126039028168,0,1,0,0,0,-0.07531518208585591,-0.8855607325377123,-0.3092253452439391,0,0,0,0,0,False,False,
12,7,1497.317353771863,871.9799298614797,0.0,2.923243999481201,0.08139733225107193,0,1,0,0,0,-0.030389055945980518,-0.8951536321590043,-0.7287886786813261,1,0,0,0,0,False,False,
13,0,1511.6679155602772,875.4127418641194,-0.02161000017015296,2.0503127574920654,0.05758228525519371,0,1,0,0,0,-0.017117202232029803,-0.8565963576924231,-0.29106991574965047,2,0,0,0,1,False,False,
13,1,1507.5058790562202,868.6586142039498,0.3190819314897194,1.9440693855285645,0.08762825280427933,0,1,0,0,0,-0.030333543468992415,-0.8676840182403954,-0.8991204945455843,0,0,0,0,1,False,False,
13,2,1499.8572751358843,860.7225602091479,0.2766842548999628,4.191629409790039,0.10119019448757172,0,1,0,0,0,0.18504731062505217,-0.8844002373776275,0.058586129548247934,0,0,0,0,1,False,False,
13,3,1493.915263770171,865.1432444351416,0.0,2.987259864807129,0.06046554073691368,0,1,0,0,0,0.10803375581364238,-0.9024961276732332,-0.4292089985195786,1,0,0,0,1,False,False,
13,4,1494.364976683592,871.1956985944179,0.0,8.122353553771973,0.1670914739370346,0,1,0,0,0,-0.036699252753617705,-0.9030029756247574,-0.8432094173643697,2,0,0,0,1,False,False,
13,5,1506.1897928637331,861.5315485516579,0.9186325484640532,3.197909355163574,0.07305797189474106,0,1,0,0,0,0.13871671546827177,-0.8684966373143288,-0.044590218744922416,0,0,0,0,1,False,False,
13,6,1500.5576266473295,875.2934319852736,0.23155003446347666,6.256654739379883,0.1678844690322876,0,1,0,0,0,-0.07702006589890087,-0.886173695212961,-0.3096206921904714,0,0,0,0,1,False,False,
13,7,1497.0028200612062,871.9961492730843,0.31495162239999996,3.2382378578186035,0.09124652296304703,0,1,0,0,0,-0.03273645694327867,-0.8959925125153765,-0.7290379216333736,0,0,0,0,1,False,False,
14,0,1511.374426514711,875.4016601404031,0.29369818601372005,2.344099521636963,0.07486976683139801,0,1,0,0,0,-0.01649200735625603,-0.8573795253543082,-0.29239448524455425,0,0,0,0,2,False,False,
14,1,1507.1300629222726,868.7018604077707,0.37829618116011093,2.322399854660034,0.09946493059396744,0,1,0,0,0,-0.030263763463379532,-0.8686917731569687,-0.9043016835090755,0,0,0,0,2,False,False,
14,2,1499.3368855371211,860.7100167604419,0.5205407501880334,4.712165355682373,0.10965501517057419,0,1,0,0,0,0.18507666389674948,-0.8857307952652652,0.06370991745110022,0,0,0,0,2,False,False,
14,3,1493.9811575969884,865.1419854352753,-0.06590585325529029,3.053190231323242,0.051118895411491394,0,1,0,0,0,0.10773976040972444,-0.902322819449499,-0.4295102397431908,2,0,0,0,2,False,False,
14,4,1494.4046308249287,871.1925309133145,-0.03978046164558374,8.162153244018555,0.16768358647823334,0,1,0,0,0,-0.03662856013158691,-0.902897019878119,-0.8433125563219321,3,0,0,0,2,False,False,
14,5,1505.177285513312,861.5368291428657,1.012521120421856,4.210495948791504,0.09040488302707672,0,1,0,0,0,0.13562340743528284,-0.8711370473966983,-0.04521957220658934,0,0,0,0,2,False,False,
14,6,1500.2622479347638,875.3074633496975,0.2957117904726471,6.552395343780518,0.1826929897069931,0,1,0,0,0,-0.07993903885159297,-0.8869561889968761,-0.31000231776792664,0,0,0,0,2,False,False,
14,7,1497.0028200612062,871.9961492730843,0.0,3.2382378578186035,0.08603702485561371,0,1,0,0,0,-0.03273645694327867,-0.8959925125153765,-0.7290379216333736,1,0,0,0,2,False,False,
15,0,1510.7714160025196,875.375465593333,0.6035791846226635,2.947695016860962,0.09241850674152374,0,1,0,0,0,-0.013028453339386993,-0.8589887796267873,-0.2955339344893816,0,0,0,0,3,False,False,
15,1,1507.1300629222726,868.7018604077707,0.0,2.322399854660034,0.100445955991745,0,1,0,0,0,-0.030263763463379532,-0.8686917731569687,-0.9043016835090755,1,0,0,0,3,False,False,
15,2,1498.5109585846324,860.6880523488051,0.8262189577986773,5.538385391235352,0.11719740927219391,0,1,0,0,0,0.19027513223393144,-0.8878382044351814,0.07208921451222294,0,0,0,0,3,False,False,
15,3,1494.1064248222951,865.1395912991791,-0.12529010185851613,3.178457021713257,0.058932606130838394,0,1,0,0,0,0.10737042397575906,-0.9019935365717952,-0.4300964280646363,0,0,0,0,3,False,False,
15,4,1494.1700935666001,871.2113585060621,0.23529174187169236,8.397529602050781,0.18558934330940247,0,1,0,0,0,-0.03711723881199999,-0.9035236254755424,-0.8426817163786151,0,0,0,0,3,False,False,
15,5,1504.1209917393899,861.5565663525589,1.0564781560795367,5.266955375671387,0.10684121400117874,0,1,0,0,0,0.12986857686005446,-0.8738971408612638,-0.047590624783102276,0,0,0,0,3,False,False,
15,6,1499.6575307927262,875.3393373237444,0.6055565804245918,7.157973766326904,0.1971859335899353,0,1,0,0,0,-0.08444846707618202,-0.8885570628024185,-0.3103904038233223,0,0,0,0,3,False,False,
15,7,1496.6883148641066,872.0129124902476,0.31495162239999996,3.5531387329101562,0.10254107415676117,0,1,0,0,0,-0.03411285796723607,-0.8968310489173074,-0.7292140982950857,0,0,0,0,3,False,False,
16,0,1509.86487361564,875.3305076697368,0.907656495654261,3.855304479598999,0.10994896292686462,0,1,0,0,0,-0.009278645123717094,-0.861408820143978,-0.3009273472945977,0,0,0,0,4,False,False,
16,1,1506.81714026906,868.7375526696603,0.31495162239999996,2.6372969150543213,0.11576223373413086,0,1,0,0,0,-0.029818854596865032,-0.8695305811018841,-0.9085827506611127,0,0,0,0,4,False,False,
16,2,1497.904609752424,860.6738058728334,0.6065161732368947,6.144875526428223,0.12198469787836075,0,1,0,0,0,0.19101689328344126,-0.8893842910784115,0.07800449672133603,0,0,0,0,4,False,False,
16,3,1493.9147590364012,865.143066674157,0.19169729187863976,3.3701388835906982,0.07249835133552551,0,1,0,0,0,0.10855731306901235,-0.9024973150878376,-0.4291798406102899,0,0,0,0,4,False,False,
16,4,1494.1700935666001,871.2113585060621,0.0,8.397529602050781,0.18137988448143005,0,1,0,0,0,-0.03711723881199999,-0.9035236254755424,-0.8426817163786151,1,0,0,0,4,False,False,
16,5,1502.7706216440804,861.6049131574846,1.3512352895971813,6.618162155151367,0.12276753783226013,0,1,0,0,0,0.12245732746835326,-0.8774357819093757,-0.053386531081245026,0,0,0,0,4,False,False,
16,6,1498.7495936098824,875.3942353537503,0.909595361514644,8.06746768951416,0.21506674587726593,0,1,0,0,0,-0.09135102182481711,-0.8909580003579257,-0.3101411322850893,0,0,0,0,4,False,False,
16,7,1496.0647153858008,872.045482504344,0.6244494496447341,4.177643775939941,0.11978443711996078,0,1,0,0,0,-0.03398035783782992,-0.8984940681999392,-0.7296614435131827,0,0,0,0,4,False,False,
17,0,1508.9208949528352,875.2752738854564,0.9455931930573834,4.800889015197754,0.12913605570793152,0,1,0,0,0,-0.003684234462011836,-0.86393033727192,-0.3075501947691168,0,0,0,0,5,False,False,
17,1,1506.4558950400785,868.7784950366242,0.3635579635689946,3.00081729888916,0.1338557004928589,0,1,0,0,0,-0.02958363924308224,-0.8704989281271793,-0.913493171274817,0,0,0,0,5,False,False,
17,2,1497.60391048547,860.6676668122809,0.300761927795398,6.4457197189331055,0.13388162851333618,0,1,0,0,0,0.19041820561777678,-0.8901511566126296,0.08084116108853001,0,0,0,0,5,False,False,
17,3,1493.4114166805398,865.1497510042019,0.5033867374813674,3.8736016750335693,0.08908695727586746,0,1,0,0,0,0.11319576419196929,-0.9038190177072504,-0.4264827911734549,0,0,0,0,5,False,False,
17,4,1494.177480239497,871.2107649435645,-0.007410482637703584,8.405000686645508,0.18269677460193634,0,1,0,0,0,-0.03716020170453223,-0.903503737936425,-0.8427036276898601,2,0,0,0,5,False,False,
17,5,1501.349486507747,861.656663219837,1.4220770530019953,8.040246963500977,0.13686314225196838,0,1,0,0,0,0.12593946154023916,-0.8811563155462291,-0.059592248935822045,0,0,0,0,5,False,False,
17,6,1497.5441627700554,875.4646243564731,1.2074842116193343,9.274964332580566,0.2303200662136078,0,1,0,0,0,-0.09276646116646564,-0.8941448748538797,-0.3101045991399217,0,0,0,0,5,False,False,
17,7,1495.4211317719871,872.0811352552826,0.6445703891887602,4.8221845626831055,0.13428476452827454,0,1,0,0,0,-0.03661092628505508,-0.9002100520185744,-0.7298741533200626,0,0,0,0,5,False,False,
18,0,1507.9730126874101,875.2095011955363,0.9501614788269241,5.7510457038879395,0.14994361996650696,0,1,0,0,0,0.0032735155507064443,-0.8664640555791957,-0.31543906723047777,0,0,0,0,6,False,False,
18,1,1506.1219887421587,868.8154773181662,0.3359480688120879,3.336843490600586,0.14962339401245117,0,1,0,0,0,-0.028156047836606034,-0.8713941282982423,-0.9179279177605171,0,0,0,0,6,False,False,
18,2,1497.1044427113798,860.6589479463058,0.49954386792190375,6.945185661315918,0.1429600864648819,0,1,0,0,0,0.19081400006869811,-0.8914243799930616,0.08535674930704218,0,0,0,0,6,False,False,
18,3,1493.3312809045249,865.1507642458595,0.08014218150357447,3.953685760498047,0.08820807188749313,0,1,0,0,0,0.11385254996033167,-0.9040291596580999,-0.4260427354326799,1,0,0,0,6,False,False,
18,4,1494.3221549384634,871.1990699754399,-0.14514661828789785,8.55012321472168,0.1885075569152832,0,1,0,0,0,-0.03731514215415075,-0.903117406823005,-0.8430925427446374,0,0,0,0,6,False,False,
18,5,1500.463726536119,861.6946024296412,0.886572112678357,8.926799774169922,0.14474032819271088,0,1,0,0,0,0.12431804906220237,-0.8834763900580215,-0.06198451246203329,0,0,0,0,6,False,False,
18,6,1496.4317529987345,875.5260437438459,1.1141040528046047,10.389087677001953,0.24752749502658844,0,1,0,0,0,-0.09335991175329102,-0.8970848548995203,-0.31048622471737697,0,0,0,0,6,False,False,
18,7,1495.1060771922873,872.0983976416932,0.31552714332426457,5.137721061706543,0.14783941209316254,0,1,0,0,0,-0.036534683039191246,-0.9010501078862985,-0.7299983602963953,0,0,0,0,6,False,False,
19,0,1507.5507836200559,875.1799742634647,0.42326023323281375,6.174314975738525,0.16448579728603363,0,1,0,0,0,0.0036471064585479477,-0.8675927554609493,-0.3189736919047238,0,0,0,0,7,False,False,
19,1,1505.5258695123482,868.8820680724934,0.599827028993874,3.9366207122802734,0.16352224349975586,0,1,0,0,0,-0.029115875977556507,-0.8729918822415719,-0.9259119250474788,0,0,0,0,7,False,False,
19,2,1496.70568259834,860.6522147160059,0.3988169556848068,7.344045639038086,0.15548822283744812,0,1,0,0,0,0.19230570873211264,-0.8924403250035353,0.08893379588068484,0,0,0,0,7,False,False,
19,3,1493.1866510499756,865.1525436501375,0.14464080028316864,4.0983500480651855,0.10237661004066467,0,1,0,0,0,0.11452759277637357,-0.9044087252495858,-0.4252438658905403,0,0,0,0,7,False,False,
19,4,1494.6018561368403,871.1757435216979,-0.28067219993723685,8.830761909484863,0.19343559443950653,0,1,0,0,0,-0.038635707253761906,-0.9023704348414644,-0.8439498567431896,0,0,0,0,7,False,False,
19,5,1499.280672906399,861.7614791832077,1.184942357653533,10.111795425415039,0.1609632521867752,0,1,0,0,0,0.11882364512618437,-0.8865829764074429,-0.06175713794195248,0,0,0,0,7,False,False,
19,6,1495.38168827437,875.5897645000477,1.0519963213461143,11.441067695617676,0.2572377324104309,0,1,0,0,0,-0.0995324773330809,-0.899856846585813,-0.31017040453912037,0,0,0,0,7,False,False,
19,7,1494.4818557588965,872.1298747377566,0.6250145642150917,5.762782573699951,0.16668371856212616,0,1,0,0,0,-0.03434161715654732,-0.902714552726467,-0.730570741490207,0,0,0,0,7,False,False,
20,0,1506.8216135992923,875.1316227931175,0.7307713622365082,6.905041694641113,0.1846347451210022,0,1,0,0,0,0.001372780375738595,-0.8695413554338561,-0.32476959820286655,0,0,0,0,8,False,False,
20,1,1504.6269504474835,868.9775649487779,0.9039773993620498,4.840600967407227,0.17770811915397644,0,1,0,0,0,-0.026169302043897207,-0.8754005021493362,-0.937357376373609,0,0,0,0,8,False,False,
20,2,1496.381200154586,860.6460943841319,0.3245401589432233,7.66856575012207,0.16427944600582123,0,1,0,0,0,0.19510859971844574,-0.8932657177565211,0.0919248256499956,0,0,0,0,8,False,False,
20,3,1493.1866510499756,865.1525436501375,0.0,4.0983500480651855,0.09949541091918945,0,1,0,0,0,0.11452759277637357,-0.9044087252495858,-0.4252438658905403,1,0,0,0,8,False,False,
20,4,1494.958035423762,871.1462405545282,-0.35739908995960307,9.188180923461914,0.19358238577842712,0,1,0,0,0,-0.03790843267909704,-0.9014190192891609,-0.8449979692373766,0,1,0,0,8,False,False,
20,5,1498.1604909122666,861.8350317608847,1.1225941749634074,11.23432445526123,0.17620377242565155,0,1,0,0,0,0.11607819782676043,-0.8895280639315335,-0.06276142781364968,0,0,0,0,8,False,False,
20,6,1494.2001460794702,875.6664869169198,1.1840305264559075,12.62507438659668,0.2681906819343567,0,1,0,0,0,-0.10554071458108057,-0.9029722645266987,-0.30921076628929467,0,0,0,0,8,False,False,
20,7,1493.7858542878341,872.1594275678992,0.6966286080044702,6.45933198928833,0.18535178899765015,0,1,0,0,0,-0.029851285001782597,-0.9045700165825229,-0.7318754149999491,0,0,0,0,8,False,False,
21,0,1505.7914512054165,875.0647338033862,1.0323316786301406,7.9373626708984375,0.20273344218730927,0,1,0,0,0,0.0005089899975663077,-0.8722942106506555,-0.332790195807367,0,0,0,0,9,False,False,
21,1,1503.8576905874547,869.0612854374574,0.7738022050087333,5.614432334899902,0.18657171726226807,0,1,0,0,0,-0.028272185630423666,-0.8774620497998086,-0.9473977595062503,0,0,0,0,9,False,False,
21,2,1496.381200154586,860.6460943841319,0.0,7.66856575012207,0.16036400198936462,0,1,0,0,0,0.19510859971844574,-0.8932657177565211,0.0919248256499956,1,0,0,0,9,False,False,
21,3,1492.8717139531582,865.1555684642808,0.31495162239999996,4.41330623626709,0.1151922270655632,0,1,0,0,0,0.11726947008686277,-0.9052345360211046,-0.42341795187298403,0,0,0,0,9,False,False,
21,4,1495.3066888368483,871.1183395155973,-0.34976802373867566,9.537927627563477,0.20199427008628845,0,1,0,0,0,-0.03579507240186091,-0.9004878478821672,-0.8459072815074936,0,0,0,0,9,False,False,
21,5,1497.3188656629475,861.8989686275706,0.8440503440038652,12.078426361083984,0.18920619785785675,0,1,0,0,0,0.11181557779973508,-0.8917450827935214,-0.06456458722748648,0,0,0,0,9,False,False,
21,6,1493.5042590927287,875.7161831149178,0.6976592365987939,13.322768211364746,0.28208133578300476,0,1,0,0,0,-0.11177904808293736,-0.9048047282123752,-0.3081033946324062,0,0,0,0,9,False,False,
21,7,1492.8987350009984,872.197313054656,0.8879278907562516,7.347348213195801,0.19131949543952942,0,1,0,0,0,-0.030770679378950817,-0.9069353613185805,-0.7335170052929038,0,0,0,0,9,False,False,
22,0,1504.7774141232137,874.9925563628316,1.016602570824633,8.953968048095703,0.21960343420505524,0,1,0,0,0,0.004565370663541065,-0.8750050899160137,-0.34144746493704237,0,0,0,0,10,False,False,
22,1,1503.1411505039523,869.1401611446497,0.720868273993778,6.335310935974121,0.19857972860336304,0,1,0,0,0,-0.02951869944816047,-0.8793823620413491,-0.956852697558271,0,0,0,0,10,False,False,
22,2,1496.2065247709886,860.6427560067461,0.17470728204191063,7.843280792236328,0.16686087846755981,0,1,0,0,0,0.1961105872298415,-0.8937097709738779,0.09354531933799426,0,0,0,0,10,False,False,
22,3,1492.247265558086,865.1567160936563,0.6244494496447341,5.037696838378906,0.12779051065444946,0,1,0,0,0,0.1243850761854042,-0.9068684551561835,-0.4192108657692205,0,0,0,0,10,False,False,
22,4,1495.7870277149857,871.0803390341226,-0.48183967711528075,10.019777297973633,0.2018454372882843,0,1,0,0,0,-0.03476817121101716,-0.8992048601983089,-0.8471169774156556,0,1,0,0,10,False,False,
22,5,1497.0008481014484,861.9231407338243,0.31893488385974156,12.397336959838867,0.19358225166797638,0,1,0,0,0,0.11267052457331804,-0.8925823297385959,-0.06524653927061552,0,0,0,0,10,False,False,
22,6,1492.641802267538,875.7766831244281,0.8645762120651711,14.187313079833984,0.29287195205688477,0,1,0,0,0,-0.1137164549833642,-0.9070743866292588,-0.30686441217712046,0,0,0,0,10,False,False,
22,7,1492.536972538014,872.2124885946046,0.36208062173672695,7.709359169006348,0.19807031750679016,0,1,0,0,0,-0.03060614044216992,-0.9078996245047,-0.7342208829403705,0,0,0,0,10,False,False,
23,0,1503.8564689184748,874.9297648239758,0.9230833372363344,9.877127647399902,0.2255995124578476,0,1,0,0,0,0.002720538839141619,-0.8774668261683286,-0.3489777522865233,0,0,0,0,11,False,False,
23,1,1502.1245304116856,869.2508424186473,1.0226273790653353,7.357923984527588,0.21831266582012177,0,1,0,0,0,-0.029425109041300048,-0.8821064786115884,-0.9701276647613403,0,0,0,0,11,False,False,
23,2,1496.2065247709886,860.6427560067461,0.0,7.843280792236328,0.1592889279127121,0,1,0,0,0,0.1961105872298415,-0.8937097709738779,0.09354531933799426,1,0,0,0,11,False,False,
23,3,1491.8619154179478,865.1565033285356,0.3853501988755171,5.423072814941406,0.13748112320899963,0,1,0,0,0,0.1273025238511031,-0.9078758538169405,-0.4165056978556816,0,0,0,0,11,False,False,
23,4,1496.0678000137777,871.0576642982721,-0.281686399058978,10.301450729370117,0.2065807282924652,0,1,0,0,0,-0.035545545960218305,-0.8984549059630359,-0.8478720100422127,0,0,0,0,11,False,False,
23,5,1496.3743992939737,861.9721203574767,0.6283606543374947,13.025711059570312,0.20306891202926636,0,1,0,0,0,0.11304722275637637,-0.8942320386173117,-0.06674205415527079,0,0,0,0,11,False,False,
23,6,1491.8031925567107,875.8398002765058,0.8409815824262523,15.02830696105957,0.30128398537635803,0,1,0,0,0,-0.11983080700956635,-0.9092783777042868,-0.30514895518063434,0,0,0,0,11,False,False,
23,7,1492.0989849501755,872.2319544242297,0.4384199420916977,8.147780418395996,0.21205125749111176,0,1,0,0,0,-0.032605265557970144,-0.9090672325494713,-0.7349393967148528,0,0,0,0,11,False,False,
24,0,1503.1684559983894,874.8804863292237,0.6897754332024041,10.566876411437988,0.2284330278635025,0,1,0,0,0,0.00497600069651393,-0.8793061024773214,-0.35488342953728225,0,0,0,0,12,False,False,
24,1,1501.5391650654606,869.3118863802022,0.5885396790389851,7.94642448425293,0.2349541187286377,0,1,0,0,0,-0.02689475740452028,-0.8836744329527231,-0.9774457282690961,0,0,0,0,12,False,False,
24,2,1496.266800796755,860.6438676099334,-0.0602862749208498,7.90359354019165,0.1549483984708786,0,1,0,0,0,0.19539335698834115,-0.8935564533933699,0.09299474940377794,2,0,0,0,12,False,False,
24,3,1491.1683751086055,865.1508705928056,0.693563182698096,6.11669921875,0.15041635930538177,0,1,0,0,0,0.13480752211086788,-0.9096850388636035,-0.41100045589248757,0,0,0,0,12,False,False,
24,4,1496.110369733206,871.0542285594671,-0.04270814106617114,10.344195365905762,0.19854360818862915,0,1,0,0,0,-0.03547348691290608,-0.8983411041978289,-0.8479962027254526,1,0,0,0,12,False,False,
24,5,1495.6144592465043,862.036872947578,0.7626937613960546,13.788352966308594,0.2155240774154663,0,1,0,0,0,0.1107251051859562,-0.8962356580523082,-0.06920526859408449,0,0,0,0,12,False,False,
24,6,1491.1776899148294,875.888036184855,0.6273597515418793,15.655655860900879,0.3120453357696533,0,1,0,0,0,-0.1232622640087963,-0.9109205964928182,-0.3037200461083739,0,0,0,0,12,False,False,
24,7,1491.473976550338,872.2638816732697,0.625823336971963,8.773594856262207,0.23053452372550964,0,1,0,0,0,-0.03751012787865875,-0.9107332295715092,-0.7354670977006073,0,0,0,0,12,False,False,
25,0,1502.4076437313747,874.8235745755841,0.7629379092312718,11.32986831665039,0.24187980592250824,0,1,0,0,0,0.007109654316666871,-0.881340622976135,-0.36171118279001857,0,0,0,0,13,False,False,
25,1,1500.9924602533727,869.3677492804685,0.5495514672769956,8.49602222442627,0.2501997947692871,0,1,0,0,0,-0.025896307266995044,-0.8851388320034153,-0.9841158144152816,0,0,0,0,13,False,False,
25,2,1496.226952592357,860.6431228973908,0.0398551626580981,7.943517208099365,0.14928221702575684,0,1,0,0,0,0.1957429588337113,-0.8936579394851338,0.09335447796308105,3,0,0,0,13,False,False,
25,3,1490.1726596027,865.1334474926591,0.9958679295566629,7.112579822540283,0.16564302146434784,0,1,0,0,0,0.14500330641263492,-0.9122741016298291,-0.40198380123773614,0,0,0,0,13,False,False,
25,4,1496.005898491449,871.0625969865793,0.10480587257672204,10.449026107788086,0.2113683819770813,0,1,0,0,0,-0.035187872175063716,-0.8986202203210446,-0.8477104266282377,0,0,0,0,13,False,False,
25,5,1494.6969387561294,862.1137684252196,0.920737076878983,14.709172248840332,0.22321824729442596,0,1,0,0,0,0.11430009973938948,-0.8986526332704243,-0.0720272968342629,0,0,0,0,13,False,False,
25,6,1490.7149307042553,875.9256323443019,0.4642839197908931,16.119949340820312,0.3220885396003723,0,1,0,0,0,-0.1276360393360821,-0.9121342523621444,-0.30244464485266276,0,0,0,0,13,False,False,
25,7,1490.6558969441646,872.3148988740178,0.8196688336205203,9.593299865722656,0.249944806098938,0,1,0,0,0,-0.0457879676337825,-0.9129135950625646,-0.7350563142138633,0,0,0,0,13,False,False,
26,0,1502.0737875707912,874.799097990015,0.33475220566958175,11.664626121520996,0.25261369347572327,0,1,0,0,0,0.006213504737403102,-0.8822332694260322,-0.3646457262566287,0,0,0,0,14,False,False,
26,1,1500.2550460363234,869.4442812175439,0.7413749826497337,9.237410545349121,0.2683637738227844,0,1,0,0,0,-0.027377309344478816,-0.8871140699747636,-0.9881467140308317,0,0,0,0,14,False,False,
26,2,1496.058097134515,860.639655365504,0.16889105784631794,8.11237621307373,0.15699613094329834,0,1,0,0,0,0.19774229384456957,-0.8940867615621048,0.09495221704736023,0,0,0,0,14,False,False,
26,3,1488.8810560022223,865.1044072030558,1.2919300287503466,8.404409408569336,0.18206088244915009,0,1,0,0,0,0.154170391529466,-0.9156223758328517,-0.38952977211207207,0,0,0,0,14,False,False,
26,4,1495.7545340680842,871.0826455789253,0.2521626843698216,10.701165199279785,0.2257585972547531,0,1,0,0,0,-0.035203408402511134,-0.899291573509393,-0.8470658367296581,0,0,0,0,14,False,False,
26,5,1493.7876749960574,862.185155980086,0.9120618226688019,15.6211519241333,0.23980389535427094,0,1,0,0,0,0.12052429140281964,-0.9010421751133111,-0.07424855779835149,0,0,0,0,14,False,False,
26,6,1490.7031889330071,875.9265868721252,0.01178050573661339,16.131704330444336,0.31573039293289185,0,1,0,0,0,-0.127712140819027,-0.9121649886916794,-0.3024153725986318,1,0,0,0,14,False,False,
26,7,1489.7315337628418,872.3860590766013,0.9270981962106163,10.520352363586426,0.2662200331687927,0,1,0,0,0,-0.05665715100059161,-0.9153762249898302,-0.7329673787028115,0,0,0,0,14,False,False,
27,0,1501.4315998321606,874.7522937709433,0.6438910828472737,12.308415412902832,0.26398032903671265,0,1,0,0,0,0.006026974829035225,-0.883949967292459,-0.37025136290356975,0,0,0,0,15,False,False,
27,1,1499.5585933531406,869.519215147025,0.7004722933135313,9.937843322753906,0.2877676486968994,0,1,0,0,0,-0.03027683174382661,-0.8889798111253353,-0.9922734282872083,0,0,0,0,15,False,False,
27,2,1496.058097134515,860.639655365504,0.0,8.11237621307373,0.15341292321681976,0,1,0,0,0,0.19774229384456957,-0.8940867615621048,0.09495221704736023,1,0,0,0,15,False,False,
27,3,1487.3975912784895,865.0612303376133,1.4840929311432827,9.888559341430664,0.19901466369628906,0,1,0,0,0,0.16608601392789207,-0.9194523377554115,-0.37403360111728534,0,0,0,0,15,False,False,
27,4,1495.7545340680842,871.0826455789253,0.0,10.701165199279785,0.22315943241119385,0,1,0,0,0,-0.035203408402511134,-0.899291573509393,-0.8470658367296581,1,0,0,0,15,False,False,
27,5,1492.580991868466,862.2733109347223,1.2098989488550023,16.831153869628906,0.2569507360458374,0,1,0,0,0,0.12812786186745737,-0.9042058023226016,-0.07639595205890859,0,0,0,0,15,False,False,
27,6,1490.608307473165,875.9343297049926,0.09519686382744834,16.226991653442383,0.3156721591949463,0,1,0,0,0,-0.12827806413891318,-0.9124139591004004,-0.30215157927812564,2,0,0,0,15,False,False,
27,7,1489.332344506708,872.4195266051522,0.4005897373621345,10.920926094055176,0.2816019356250763,0,1,0,0,0,-0.06177300970346601,-0.9164394497074485,-0.7317357714834046,0,0,0,0,15,False,False,
28,0,1501.0884025320245,874.7274892820866,0.3440925013542578,12.65257453918457,0.281505286693573,0,1,0,0,0,0.005687553676451608,-0.8848676886157468,-0.3736739297303534,0,0,0,0,16,False,False,
28,1,1498.561527460248,869.6247859931982,1.0026393161708014,10.940483093261719,0.30435770750045776,0,1,0,0,0,-0.029918729844114485,-0.8916506401746339,-0.9979622116515035,0,0,0,0,16,False,False,
28,2,1495.7432140481212,860.6330852547371,0.31495162239999996,8.427386283874512,0.15871402621269226,0,1,0,0,0,0.19950902122016095,-0.8948861752267371,0.09792849634491319,0,0,0,0,16,False,False,
28,3,1485.674970637608,864.9918629131604,1.7240167377277988,11.61260986328125,0.21711023151874542,0,1,0,0,0,0.18351393008342712,-0.9238707398914301,-0.35374255487089734,0,0,0,0,16,False,False,
28,4,1495.66354241522,871.0899219531277,0.09128212592009967,10.792397499084473,0.21723471581935883,0,1,0,0,0,-0.035420620911163304,-0.8995344845460738,-0.8468312013184406,2,0,0,0,16,False,False,
28,5,1491.085395928535,862.3606559706236,1.498144309081913,18.329185485839844,0.2698255181312561,0,1,0,0,0,0.14334395700247646,-0.9081038697069599,-0.07644792174428783,0,0,0,0,16,False,False,
28,6,1490.2634060825533,875.9630486792263,0.34609499956947004,16.573036193847656,0.33111879229545593,0,1,0,0,0,-0.13069686796310281,-0.9133175512804738,-0.30110258061218576,0,0,0,0,16,False,False,
28,7,1489.332344506708,872.4195266051522,0.0,10.920926094055176,0.28270161151885986,0,1,0,0,0,-0.06177300970346601,-0.9164394497074485,-0.7317357714834046,1,0,0,0,16,False,False,
29,0,1500.4891038335504,874.6870972928041,0.6006583411482699,13.253178596496582,0.29443785548210144,0,1,0,0,0,0.0026354046074494085,-0.8864692851003745,-0.38267594825808937,0,0,0,0,17,False,False,
29,1,1497.3604445175895,869.7470954551364,1.2072944295510244,12.147745132446289,0.3243981897830963,0,1,0,0,0,-0.02820660810771566,-0.8948669388538328,-0.9957555419251858,0,0,0,0,17,False,False,
29,2,1495.1188539518564,860.6225218578468,0.6244494496447341,9.051743507385254,0.17182746529579163,0,1,0,0,0,0.20011526830497184,-0.896470807963591,0.10353607685247335,0,0,0,0,17,False,False,
29,3,1483.688319599051,864.8684961966788,1.9904777556494662,13.603012084960938,0.2317889928817749,0,1,0,0,0,0.2118772620353487,-0.9289069323575042,-0.3251469358524852,0,0,0,0,17,False,False,
29,4,1495.528332207801,871.1008897630658,0.13565431450976737,10.928096771240234,0.234319269657135,0,1,0,0,0,-0.036278385236481525,-0.8998957619805248,-0.8464569080975859,0,0,0,0,17,False,False,
29,5,1489.3233638428992,862.4288013284568,1.7633493302814685,20.092586517333984,0.28469204902648926,0,1,0,0,0,0.16418208423454625,-0.9126585630475577,-0.0723349985358156,0,0,0,0,17,False,False,
29,6,1490.2634060825533,875.9630486792263,0.0,16.573036193847656,0.3285060226917267,0,1,0,0,0,-0.13069686796310281,-0.9133175512804738,-0.30110258061218576,1,0,0,0,17,False,False,
29,7,1489.0185202825503,872.4461514203473,0.31495162239999996,11.235895156860352,0.29414263367652893,0,1,0,0,0,-0.06303815438649407,-0.9172752977959585,-0.7307314816117074,0,0,0,0,17,False,False,
30,0,1500.0351616615978,874.656175774536,0.45499410520259187,13.708207130432129,0.3035455048084259,0,1,0,0,0,0.0031238205524472405,-0.8876826812355836,-0.38953703300320863,0,0,0,0,18,False,False,
30,1,1496.2595978837921,869.8622820915067,1.106856482269044,13.254590034484863,0.34221839904785156,0,1,0,0,0,-0.03083778550922255,-0.8978151542896824,-0.9896202613251892,0,0,0,0,18,False,False,
30,2,1494.1907658547452,860.6149305598635,0.9281191431085185,9.979874610900879,0.18441243469715118,0,1,0,0,0,0.1992379820708556,-0.8988284257787383,0.11090296556519519,0,0,0,0,18,False,False,
30,3,1481.4296690324172,864.7303362519795,2.262872190927852,15.865898132324219,0.24154627323150635,0,1,0,0,0,0.23042448553405467,-0.9345824697231596,-0.29289302832102015,0,0,0,0,18,False,False,
30,4,1495.0816915652083,871.139610361709,0.4483159024336367,11.376424789428711,0.25244271755218506,0,1,0,0,0,-0.04028385329013576,-0.9010889443983603,-0.8449322210105491,0,0,0,0,18,False,False,
30,5,1487.5312209460496,862.4531493302549,1.7923082848437526,21.88486671447754,0.30272385478019714,0,1,0,0,0,0.19040704064564282,-0.9172371506283701,-0.06277606394066515,0,0,0,0,18,False,False,
30,6,1490.2546922408644,875.9637747327359,0.008744037435700694,16.581850051879883,0.32128003239631653,0,1,0,0,0,-0.1307654705133839,-0.9133405955367904,-0.30108800165754135,2,0,0,0,18,False,False,
30,7,1488.396362839435,872.4996044945132,0.6244494496447341,11.860380172729492,0.3098847568035126,0,1,0,0,0,-0.06502499003884295,-0.9189320844271203,-0.7286644717049933,0,0,0,0,18,False,False,
31,0,1499.9987502736135,874.6536899261761,0.03649614523500343,13.744669914245605,0.30523815751075745,0,1,0,0,0,0.00322412225609033,-0.8877799141894689,-0.39008668817948644,1,0,0,0,19,False,False,
31,1,1495.6858176318117,869.925188002876,0.5772182700225654,13.831875801086426,0.35856151580810547,0,1,0,0,0,-0.03450323841159925,-0.899352363466763,-0.9860943143449024,0,0,0,0,19,False,False,
31,2,1493.1389999687353,860.6135061041155,1.0517668506130862,11.031633377075195,0.19673481583595276,0,1,0,0,0,0.2003558583298103,-0.9014991013551235,0.1183876293624948,0,0,0,0,19,False,False,
31,3,1479.165236441346,864.5819100278101,2.2692918066055103,18.135162353515625,0.2553758919239044,0,1,0,0,0,0.256276999882074,-0.9401930641265293,-0.25937092325260935,0,0,0,0,19,False,False,
31,4,1494.8075874404174,871.1633895167839,0.27513363924366424,11.651504516601562,0.26204681396484375,0,1,0,0,0,-0.04062289661477034,-0.901821003469934,-0.8439936936587722,0,0,0,0,19,False,False,
31,5,1485.9330184522896,862.4344133209019,1.5983123127559982,23.483243942260742,0.319595068693161,0,1,0,0,0,0.21750396798559563,-0.9212654525798426,-0.049412708251791226,0,0,0,0,19,False,False,
31,6,1489.9322870916963,875.9909776939082,0.32355073992609135,16.905384063720703,0.33146533370018005,0,1,0,0,0,-0.13274368542988416,-0.9141848407733537,-0.3000690756588287,0,0,0,0,19,False,False,
31,7,1487.523450953707,872.5715105369054,0.875868505643203,12.736261367797852,0.3270798325538635,0,1,0,0,0,-0.06464590940419283,-0.9212560825846807,-0.7261281909758444,0,0,0,0,19,False,False,
32,0,1499.9987502736135,874.6536899261761,0.0,13.744669914245605,0.3062094449996948,0,1,0,0,0,0.00322412225609033,-0.8877799141894689,-0.39008668817948644,2,0,0,0,20,False,False,
32,1,1495.443522038767,869.9524973006927,0.2438297606038261,14.075723648071289,0.3735697269439697,0,1,0,0,0,-0.03667526509188753,-0.9000015467138167,-0.9845038736711282,0,0,0,0,20,False,False,
32,2,1491.792413128302,860.6237835161693,1.3466260594635562,12.378352165222168,0.21077506244182587,0,1,0,0,0,0.20187286226577328,-0.9049176494054069,0.1265314905992041,0,0,0,0,20,False,False,
32,3,1476.6362845699725,864.4190497532179,2.5341904105184896,20.669452667236328,0.271701455116272,0,1,0,0,0,0.2868933549756965,-0.9463489711939121,-0.22227908967406373,0,0,0,0,20,False,False,
32,4,1494.5170536968046,871.1889320122101,0.2916543763604375,11.94314956665039,0.2734695076942444,0,1,0,0,0,-0.04168747891333769,-0.902597075921119,-0.8429601887054151,0,0,0,0,20,False,False,
32,5,1484.1986162218807,862.3873897514407,1.7350395709989557,25.2182559967041,0.3330908715724945,0,1,0,0,0,0.24113090180639649,-0.9255828287247468,-0.03171717331106816,0,0,0,0,20,False,False,
32,6,1489.9322870916963,875.9909776939082,0.0,16.905384063720703,0.32511869072914124,0,1,0,0,0,-0.13274368542988416,-0.9141848407733537,-0.3000690756588287,1,0,0,0,20,False,False,
32,7,1486.3521842616572,872.6580817104167,1.1744616775307068,13.91071891784668,0.34720179438591003,0,1,0,0,0,-0.06174261233556232,-0.9243738422170663,-0.7239215089664002,0,0,0,0,20,False,False,
33,0,1500.0653926862044,874.6582330848995,-0.0667970916066723,13.81147289276123,0.3067319989204407,0,1,0,0,0,0.0031567895033883056,-0.8876017740385863,-0.38908239830778923,3,0,0,0,21,False,False,
33,1,1495.0060893665034,870.0030220619954,0.4403408841664423,14.516011238098145,0.3840074837207794,0,1,0,0,0,-0.038886641043319195,-0.9011734808531007,-0.9814983310527274,0,0,0,0,21,False,False,
33,2,1490.1949353287546,860.664392641516,1.5979938739270778,13.976280212402344,0.22377564013004303,0,1,0,0,0,0.19934052175117517,-0.9089806417954513,0.13279175089586248,0,0,0,0,21,False,False,
33,3,1473.9552458909068,864.2131208252155,2.6889356857379023,23.358379364013672,0.2857060730457306,0,1,0,0,0,0.3378523938742388,-0.9526560625248569,-0.17897073266279284,0,0,0,0,21,False,False,
33,4,1493.9180291814757,871.244236890378,0.6015721066623325,12.544822692871094,0.29196134209632874,0,1,0,0,0,-0.045216790025739015,-0.9041975507434532,-0.8405042637439236,0,0,0,0,21,False,False,
33,5,1483.0062816198058,862.3410934046861,1.1932330681925178,26.41153907775879,0.34675362706184387,0,1,0,0,0,0.259368839367046,-0.9285151090921051,-0.017877228736251638,0,0,0,0,21,False,False,
33,6,1489.9520426505965,875.9893158500885,-0.019825333095340004,16.925228118896484,0.32176241278648376,0,1,0,0,0,-0.1325018204138448,-0.9141330578125451,-0.3001356814712235,2,0,0,0,21,False,False,
33,7,1484.9238075476967,872.751919197159,1.4314557313806773,15.342141151428223,0.3668820559978485,0,1,0,0,0,-0.059536880554335564,-0.9281751333623577,-0.7226314715836735,0,0,0,0,21,False,False,
34,0,1500.1850598311426,874.6664494341353,-0.11994888066339894,13.931385040283203,0.31945329904556274,0,1,0,0,0,0.0034556897428084693,-0.8872820129146554,-0.38726465993930814,0,0,0,0,22,False,False,
34,1,1494.2632918884754,870.0870354752738,0.747533508931597,15.263542175292969,0.3996674716472626,0,1,0,0,0,-0.03814767837713728,-0.9031633946735744,-0.976615728370863,0,0,0,0,22,False,False,
34,2,1488.3168418956009,860.7554809878446,1.8803010478356175,15.856541633605957,0.23871015012264252,0,1,0,0,0,0.19525637983277874,-0.9137733002215462,0.13495458169663133,0,0,0,0,22,False,False,
34,3,1471.0940479954745,863.9455159625944,2.8736850487351973,26.232074737548828,0.30006369948387146,0,1,0,0,0,0.4104464090670187,-0.959005455227203,-0.1270200856830892,0,0,0,0,22,False,False,
34,4,1493.838035462351,871.2516055426563,0.08033238534869826,12.625113487243652,0.28648924827575684,0,1,0,0,0,-0.04518471157715377,-0.9044111293843489,-0.8401819687946337,1,0,0,0,22,False,False,
34,5,1482.3449961354563,862.309595485941,0.6620352035176135,27.073543548583984,0.3584882915019989,0,1,0,0,0,0.2714652022872403,-0.9301261059176197,-0.009506050151832701,0,0,0,0,22,False,False,
34,6,1490.108872478023,875.9763365835724,-0.15736599419786765,17.082626342773438,0.33078309893608093,0,1,0,0,0,-0.131005703248219,-0.9137222381575982,-0.30059683381695446,0,0,0,0,22,False,False,
34,7,1483.2407309416428,872.8589374091653,1.686475543714397,17.028648376464844,0.38709554076194763,0,1,0,0,0,-0.0620809302240016,-0.932652443933614,-0.7215322184034889,0,0,0,0,22,False,False,
35,0,1499.9885572488465,874.6531329095052,0.19695328044295526,14.128368377685547,0.3367789685726166,0,1,0,0,0,0.002903574520301946,-0.8878072958912094,-0.3902263602822166,0,0,0,0,23,False,False,
35,1,1493.70647644528,870.1487860267965,0.560229032087856,15.82384204864502,0.4152149260044098,0,1,0,0,0,-0.037337523237692,-0.9046549966647853,-0.9730970869476278,0,0,0,0,23,False,False,
35,2,1486.9845429321042,860.8465556832024,1.335408225326128,17.192047119140625,0.25303763151168823,0,1,0,0,0,0.19040535092226302,-0.9171829176008536,0.13332676994512482,0,0,0,0,23,False,False,
35,3,1468.7981516240468,863.7415060081379,2.304942561074482,28.537015914916992,0.30867472290992737,0,1,0,0,0,0.4720775163194023,-0.963748883047175,-0.0866295778060514,0,0,0,0,23,False,False,
35,4,1493.4456915351088,871.2870161908446,0.39393866432334174,13.019041061401367,0.300433874130249,0,1,0,0,0,-0.04449799973699997,-0.9054590684244874,-0.8386718892484268,0,0,0,0,23,False,False,
35,5,1481.498269610417,862.2687607027849,0.8477106155525087,27.921207427978516,0.36343827843666077,0,1,0,0,0,0.28063089416932724,-0.9321771119696407,0.0012772307715880338,0,0,0,0,23,False,False,
35,6,1490.4006509118813,875.9532415875726,-0.29269102019879867,17.375286102294922,0.3371025323867798,0,1,0,0,0,-0.12757805319801668,-0.9129575614878204,-0.30132995513226657,0,0,0,0,23,False,False,
35,7,1481.5442232289224,872.9588118657311,1.699445005404444,18.728116989135742,0.40706053376197815,0,1,0,0,0,-0.06334604587299913,-0.9371634553957101,-0.7213852568234367,0,0,0,0,23,False,False,
36,0,1499.4810045403974,874.6212874061843,0.5085507722300807,14.63693618774414,0.3509569764137268,0,1,0,0,0,-0.0002847455988112794,-0.8891634752994748,-0.39757135197678617,0,0,0,0,24,False,False,
36,1,1492.846832144834,870.2462012891629,0.8651462631436109,16.688962936401367,0.43198102712631226,0,1,0,0,0,-0.03982252907720086,-0.9069575828460653,-0.9674164615893713,0,0,0,0,24,False,False,
36,2,1485.367885817938,861.0000773426871,1.6239301477327577,18.815895080566406,0.26838865876197815,0,1,0,0,0,0.18302119671746386,-0.9213445568195981,0.1262018347071283,0,0,0,0,24,False,False,
36,3,1466.2631154431422,863.5051246680972,2.54603310591504,31.08304786682129,0.31504812836647034,0,1,0,0,0,0.5679966933499613,-0.9683979124377153,-0.04069003392951542,0,0,0,0,24,False,False,
36,4,1493.4456915351088,871.2870161908446,0.0,13.019041061401367,0.29833951592445374,0,1,0,0,0,-0.04449799973699997,-0.9054590684244874,-0.8386718892484268,1,0,0,0,24,False,False,
36,5,1480.3523333836492,862.2220563419041,1.1468875852253657,29.068153381347656,0.37732306122779846,0,1,0,0,0,0.2884526014121655,-0.934940247652253,0.014837831140944502,0,0,0,0,24,False,False,
36,6,1490.4283083422972,875.9510604493174,-0.027743302278320937,17.40308380126953,0.3353237509727478,0,1,0,0,0,-0.12728676128844352,-0.912884920605692,-0.3013965037722902,1,0,0,0,24,False,False,
36,7,1480.1320811299577,873.0392765973787,1.414432706319916,20.142518997192383,0.4269067347049713,0,1,0,0,0,-0.06610906942447375,-0.940916082165394,-0.7215760410259788,0,0,0,0,24,False,False,
37,0,1499.4810045403974,874.6212874061843,0.0,14.63693618774414,0.35082581639289856,0,1,0,0,0,-0.0002847455988112794,-0.8891634752994748,-0.39757135197678617,1,0,0,0,25,False,False,
37,1,1492.5093275565405,870.2845840719018,0.3396801217764309,17.028663635253906,0.44777795672416687,0,1,0,0,0,-0.040470817484724836,-0.9078616384908915,-0.9651732643011255,0,0,0,0,25,False,False,
37,2,1483.9038748511284,861.163335153751,1.4730856131985117,20.288959503173828,0.28129005432128906,0,1,0,0,0,0.1815394317702587,-0.9251218690240746,0.11684832044153537,0,0,0,0,25,False,False,
37,3,1463.6802562738285,863.2834578809051,2.5923536898061337,33.67530822753906,0.3187708854675293,0,1,0,0,0,0.6868248412328677,-0.9722558898818531,0.0038135115007369436,0,0,0,0,25,False,False,
37,4,1493.1899007238328,871.3097933238821,0.2568029145523877,13.275794982910156,0.30888909101486206,0,1,0,0,0,-0.044054766055917426,-0.9061421090365729,-0.83771875435582,0,0,0,0,25,False,False,
37,5,1479.3333368747635,862.1920677721107,1.0194376878650764,30.087514877319336,0.3891158699989319,0,1,0,0,0,0.2930677048354514,-0.9373867922597494,0.025518773519998872,0,0,0,0,25,False,False,
37,6,1490.479736859604,875.9470410285511,-0.05158534807163573,17.454633712768555,0.3314858078956604,0,1,0,0,0,-0.12664058097590342,-0.9127501773101266,-0.3015207393348086,2,0,0,0,25,False,False,
37,7,1478.575954908673,873.1325101600523,1.5589167116233373,21.701459884643555,0.4470096826553345,0,1,0,0,0,-0.07310130871074358,-0.9450478106815101,-0.7212537317835962,0,0,0,0,25,False,False,
38,0,1499.2031128465826,874.6050519258691,0.27836555877542873,14.915242195129395,0.366438090801239,0,1,0,0,0,-0.0030448847699375394,-0.8899056162174308,-0.4014487821884738,0,0,0,0,26,False,False,
38,1,1492.5093275565405,870.2845840719018,0.0,17.028663635253906,0.44884154200553894,0,1,0,0,0,-0.040470817484724836,-0.9078616384908915,-0.9651732643011255,1,0,0,0,26,False,False,
38,2,1482.1877079971657,861.3540450395146,1.726730706036107,22.01571273803711,0.2940791845321655,0,1,0,0,0,0.193501027379664,-0.9295281730109396,0.10596281531849061,0,0,0,0,26,False,False,
38,3,1461.2466011807207,863.125765599037,2.438758694083844,36.1141242980957,0.31855228543281555,0,1,0,0,0,0.8179177787252001,-0.9748015045736061,0.03962251141532147,0,0,0,0,26,False,False,
38,4,1492.9486481735287,871.330690127023,0.24215587833004462,13.51802921295166,0.3258052170276642,0,1,0,0,0,-0.04281480564686022,-0.9067866215838476,-0.8369052629797576,0,0,0,0,26,False,False,
38,5,1478.8421440224856,862.1799990694534,0.49134109507837737,30.578874588012695,0.39648738503456116,0,1,0,0,0,0.2959494898349476,-0.9385607693364992,0.030378653757602736,0,0,0,0,26,False,False,
38,6,1490.6678285844384,875.9329001381516,-0.18862253771095966,17.643272399902344,0.34035173058509827,0,1,0,0,0,-0.12404806410083893,-0.9122566941836696,-0.3019023077398927,0,0,0,0,26,False,False,
38,7,1476.736923293819,873.2399939705602,1.84216992971713,23.54358673095703,0.46679583191871643,0,1,0,0,0,-0.07923497954519564,-0.9499255353250189,-0.7211871545573869,0,0,0,0,26,False,False,
39,0,1498.6266037404173,874.5747992088885,0.5773023266679083,15.492570877075195,0.38027095794677734,0,1,0,0,0,-0.006917300473595055,-0.8914450698248219,-0.40907311808850355,0,0,0,0,27,False,False,
39,1,1492.5429452239057,870.2807548568804,-0.03383504760978594,17.06257438659668,0.4450913071632385,0,1,0,0,0,-0.04054380358597503,-0.9077713962776333,-0.9654005887953816,2,0,0,0,27,False,False,
39,2,1480.3982046495246,861.5482219416801,1.8000074723605395,23.815765380859375,0.3081665635108948,0,1,0,0,0,0.20913931176831208,-0.9340886080336908,0.09517221633156225,0,0,0,0,27,False,False,
39,3,1459.1864822405155,863.044868732434,2.061706659740653,38.17577362060547,0.31566861271858215,0,1,0,0,0,0.941124634667032,-0.9759109274757388,0.06364405487953029,0,0,0,1,27,False,False,
39,4,1492.3974861569388,871.3752085809989,0.5529570157577892,14.070969581604004,0.3430720567703247,0,1,0,0,0,-0.039746970977292524,-0.908258305997336,-0.8354097909743807,0,0,0,0,27,False,False,
39,5,1478.2866703297761,862.1704540456418,0.5555556954725018,31.134498596191406,0.40150517225265503,0,1,0,0,0,0.2981794371146685,-0.9398865291044208,0.03538535264433085,0,0,0,0,27,False,False,
39,6,1490.7417752104236,875.9273978900251,-0.07415105008718413,17.71745491027832,0.33295437693595886,0,1,0,0,0,-0.1232818894778979,-0.9120626048137124,-0.3020484403205632,1,0,0,0,27,False,False,
39,7,1474.669872931505,873.3880683111275,2.0723472707721715,25.61590003967285,0.47987955808639526,0,1,0,0,0,-0.0984145382362802,-0.955393034117562,-0.7178446862225906,0,0,0,0,27,False,False,
40,0,1497.9108228208083,874.5367769029265,0.7167900812839262,16.209400177001953,0.3931817412376404,0,1,0,0,0,-0.006624891473015282,-0.8933565136430668,-0.4186092980799345,0,0,0,0,28,False,False,
40,1,1492.2725774320697,870.3107826991964,0.2720301714449903,17.334623336791992,0.46297866106033325,0,1,0,0,0,-0.0390642747400752,-0.9084955035268159,-0.96368510321271,0,0,0,0,28,False,False,
40,2,1478.465336317107,861.7806657956168,1.9467948365700227,25.762550354003906,0.3188900649547577,0,1,0,0,0,0.2186429840323819,-0.9390000282028833,0.08080457077099124,0,0,0,0,28,False,False,
40,3,1457.5480884648844,862.997862701264,1.6390679458135116,39.814876556396484,0.30632999539375305,0,1,0,0,0,1.0,-0.9759640751532467,0.08001490598060745,0,0,0,2,28,False,False,
40,4,1492.3651315453385,871.3778224657623,0.03246002596060204,14.103424072265625,0.3405824303627014,0,1,0,0,0,-0.03979521649138747,-0.9083446817371367,-0.8353221314363083,1,0,0,0,28,False,False,
40,5,1477.7356593433362,862.1640676118437,0.5510479958353048,31.685440063476562,0.4059564173221588,0,1,0,0,0,0.3017212886899756,-0.9411974771494097,0.039988757624936255,0,0,0,0,28,False,False,
40,6,1490.7111078267205,875.9296789841125,0.030752102585429854,17.74830436706543,0.32903048396110535,0,1,0,0,0,-0.12338033176832318,-0.9121433141911391,-0.30199001015724347,2,0,0,0,28,False,False,
40,7,1472.7234062849434,873.5597091184254,1.954019696140963,27.569984436035156,0.4948091506958008,0,1,0,0,0,-0.1231812018159821,-0.9605179476555423,-0.7108439293747413,0,0,0,0,28,False,False,
41,0,1496.893364979896,874.487904872718,1.0186309112583032,17.228029251098633,0.4051303565502167,0,1,0,0,0,-0.010112113126119324,-0.8960725269460668,-0.43154071650473735,0,0,0,0,29,False,False,
41,1,1492.2725774320697,870.3107826991964,0.0,17.334623336791992,0.4586341977119446,0,1,0,0,0,-0.0390642747400752,-0.9084955035268159,-0.96368510321271,1,0,0,0,29,False,False,
41,2,1476.3929196569077,862.0360023594424,2.0880870609956923,27.85061264038086,0.3293969929218292,0,1,0,0,0,0.23802036326557768,-0.9442174709453651,0.06466298087824307,0,0,0,0,29,False,False,
41,3,1455.8299275924408,862.9397724294587,1.7191425953872717,41.53399658203125,0.29675981402397156,0,1,0,0,0,1.0,-0.9751560145801793,0.08992459307278966,0,0,0,3,29,False,False,
41,4,1492.2694801304965,871.3856174979167,0.09596851404260923,14.199323654174805,0.34076982736587524,0,1,0,0,0,-0.040354382762101675,-0.9085998984786314,-0.8350509628799233,2,0,0,0,29,False,False,
41,5,1477.1585258328173,862.1591206895683,0.5771547114976094,32.262611389160156,0.41688278317451477,0,1,0,0,0,0.30753993906725063,-0.9425648207099626,0.044599251979564825,0,0,0,0,29,False,False,
41,6,1490.672295209413,875.9325721655013,0.03892030011191634,17.787227630615234,0.32366833090782166,0,1,0,0,0,-0.1236266326997275,-0.9122451761422331,-0.30191694386690826,3,0,0,0,29,False,False,
41,7,1471.1167086878504,873.7230000742726,1.614974026034515,29.184953689575195,0.5136255621910095,0,1,0,0,0,-0.1476300803536396,-0.9647216422860396,-0.70248006885383,0,0,0,0,29,False,False,
42,0,1496.2097693624737,874.4583438986014,0.684234476878786,17.912261962890625,0.4243175983428955,0,1,0,0,0,-0.013390646676945216,-0.8978967473179253,-0.43983151073531335,0,0,0,0,30,False,False,
42,1,1492.4095777022794,870.2954782420701,-0.13785245897500004,17.472440719604492,0.4682925343513489,0,1,0,0,0,-0.03931372084120299,-0.9081286980406563,-0.9645643392423265,0,0,0,0,30,False,False,
42,2,1474.048914756993,862.2916082828905,2.3579002012225674,30.20850372314453,0.34386590123176575,0,1,0,0,0,0.2771930128739077,-0.9499815978005905,0.05037571967151511,0,0,0,0,30,False,False,
42,3,1453.9234731676831,862.8935900067647,1.9070137099254125,43.44104766845703,0.27736642956733704,0,1,0,0,0,1.0,-0.9733941496996198,0.09872170582230844,0,0,0,4,30,False,False,
42,4,1492.101270560886,871.3994590633594,0.16877810356340417,14.3681058883667,0.35342371463775635,0,1,0,0,0,-0.04105843732369421,-0.9090490517938561,-0.8345670845166585,0,0,0,0,30,False,False,
42,5,1477.1022385371577,862.1586262402311,0.05628946733461098,32.31888961791992,0.40520477294921875,0,1,0,0,0,0.30845004923921554,-0.9426976686947757,0.04504656861147627,1,0,0,0,30,False,False,
42,6,1490.672295209413,875.9325721655013,0.0,17.787227630615234,0.3215491771697998,0,1,0,0,0,-0.1236266326997275,-0.9122451761422331,-0.30191694386690826,4,0,0,0,30,False,False,
42,7,1469.687401132435,873.8928834146456,1.4393680687384804,30.624332427978516,0.5303612351417542,0,1,0,0,0,-0.1775325476919597,-0.9684275439241553,-0.6920930210486945,0,0,0,0,30,False,False,
43,0,1495.5509733503552,874.4294916160326,0.6594275091264736,18.57158660888672,0.4402446448802948,0,1,0,0,0,-0.013267918079570349,-0.8996545699610112,-0.4478722330144601,0,0,0,0,31,False,False,
43,1,1492.6813645060258,870.264936980029,-0.27349741384103204,17.74599838256836,0.4771568477153778,0,1,0,0,0,-0.03941708045034602,-0.9074006134670483,-0.9663236581673076,0,0,0,0,31,False,False,
43,2,1471.4391884365828,862.5271880180887,2.6203376269249503,32.828853607177734,0.3581669330596924,0,1,0,0,0,0.3335621951034811,-0.9561540455316897,0.04034837183949702,0,0,0,0,31,False,False,
43,3,1451.8630402831118,862.8716618680911,2.0605495662781546,45.501590728759766,0.2655336260795593,0,1,0,0,0,1.0,-0.9706679741105925,0.10488408701955065,0,0,0,5,31,False,False,
43,4,1492.101270560886,871.3994590633594,0.0,14.3681058883667,0.35468482971191406,0,1,0,0,0,-0.04105843732369421,-0.9090490517938561,-0.8345670845166585,1,0,0,0,31,False,False,
43,5,1476.8803632060335,862.1564594650864,0.22188591094526167,32.54082489013672,0.4093964695930481,0,1,0,0,0,0.3121720254260159,-0.9432203966609403,0.04685710326119219,0,0,0,0,31,False,False,
43,6,1490.8097572067688,875.9222039579206,-0.13785245897500004,17.92519187927246,0.33127138018608093,0,1,0,0,0,-0.12367085745201317,-0.9118842207384033,-0.30220269137793765,0,0,0,0,31,False,False,
43,7,1468.790251920339,874.0000515131056,0.9035273709701238,31.527807235717773,0.5412652492523193,0,1,0,0,0,-0.19236624801440155,-0.9707357837626612,-0.6855103943372824,0,0,0,0,31,False,False,
44,0,1494.9646687357847,874.40477557991,0.5868253432737386,19.158411026000977,0.4561900496482849,0,1,0,0,0,-0.014536574375947945,-0.9012190341140299,-0.4549095230074771,0,0,0,0,32,False,False,
44,1,1493.0119173602452,870.2284040652108,-0.3325655473701697,18.078580856323242,0.48344478011131287,0,1,0,0,0,-0.03788970226759084,-0.9065153175764424,-0.9684061296271458,0,0,0,0,32,False,False,
44,2,1468.5774550560086,862.805781840338,2.8752621548805575,35.704078674316406,0.36477649211883545,0,1,0,0,0,0.39375110644547756,-0.9626269368758972,0.02691103510234938,0,0,0,0,32,False,False,
44,3,1449.5319717120599,862.8828917368971,2.3310956207113938,47.832672119140625,3.48244047164917,0,2,1,1,1,0.2183132539245425,-0.9247435099799575,0.1075262509800774,0,0,0,0,32,False,False,
44,4,1492.2386681825046,871.3882700500437,-0.13785245897500004,14.50589370727539,0.36850425601005554,0,1,0,0,0,-0.040355632447875364,-0.9086823673022691,-0.8349551419858686,0,0,0,0,32,False,False,
44,5,1476.5139848860226,862.1519412837449,0.36640617808202713,32.90718460083008,0.4198824465274811,0,1,0,0,0,0.31906859489311107,-0.9440791445118003,0.049943839579815075,0,0,0,0,32,False,False,
44,6,1490.6309170712639,875.9355154389169,0.17933485325990267,18.10464096069336,0.3447343707084656,0,1,0,0,0,-0.12370911603623098,-0.9123538008238776,-0.30185033805451345,0,0,0,0,32,False,False,
44,7,1468.4156248126474,874.0458623497462,0.37741767654823516,31.905227661132812,0.5459856390953064,0,1,0,0,0,-0.20093642849276294,-0.9716942153199438,-0.6826363392393536,0,0,0,0,32,False,False,
45,0,1494.3994438948791,874.3837461576826,0.5656159097620742,19.724111557006836,0.4682272672653198,0,1,0,0,0,-0.01795678445537558,-0.9027269774650828,-0.4613679999149275,0,0,0,0,33,False,False,
45,1,1493.3403354248658,870.1917089942758,-0.3304617275873637,18.408992767333984,0.4864129424095154,0,1,0,0,0,-0.03829142589293895,-0.9056358269248657,-0.9705096708923909,0,0,0,0,33,False,False,
45,2,1466.0694522905642,863.1031989207929,2.525576130553831,38.22970962524414,0.3743727207183838,0,1,0,0,0,0.45587512656435714,-0.9679701231860569,0.008760979810949365,0,0,0,0,33,False,False,
45,3,1447.7559985599416,862.882588269804,1.775973178045492,49.608673095703125,3.492215633392334,0,2,0,1,1,0.2360044609050192,-0.9291773490755518,0.11060749875106946,0,0,0,0,33,False,False,
45,4,1492.2483158249381,871.3874847323598,-0.00967955207582658,14.515564918518066,0.3691791892051697,0,1,0,0,0,-0.0403228873639127,-0.9086566203564214,-0.8349779108826808,1,0,0,0,33,False,False,
45,5,1476.5139848860226,862.1519412837449,0.0,32.90718460083008,0.4137175977230072,0,1,0,0,0,0.31906859489311107,-0.9440791445118003,0.049943839579815075,1,0,0,0,33,False,False,
45,6,1490.3500557679374,875.9561891083332,0.28162115033023793,18.38616371154785,0.36013880372047424,0,1,0,0,0,-0.12424522295649215,-0.9130903855298762,-0.30132995513226657,0,0,0,0,33,False,False,
45,7,1467.7347760804118,874.1279269699744,0.6857766386221027,32.591068267822266,0.5502179265022278,0,1,0,0,0,-0.2133697311759104,-0.9734277309196063,-0.6775491988264113,0,0,0,0,33,False,False,
46,0,1494.3545479423103,874.382086342937,0.04492662397796997,19.76906394958496,0.46222221851348877,0,1,0,0,0,-0.018128845660576567,-0.9028468001937064,-0.4618737467101588,1,0,0,0,34,False,False,
46,1,1493.4890426789607,870.1752004513287,-0.1496207853564887,18.558591842651367,0.4938984513282776,0,1,0,0,0,-0.03767942080850099,-0.9052376036079031,-0.9714555073744926,0,0,0,0,34,False,False,
46,2,1463.638595847382,863.4180656074495,2.451163821070735,40.68092727661133,0.38124170899391174,0,1,0,0,0,0.5479289856973935,-0.9726172921954706,-0.01201317297169291,0,0,0,0,34,False,False,
46,3,1446.2927382829223,862.8933882035569,1.4633001321915782,51.07196807861328,3.4988579750061035,0,2,0,1,1,0.24433181947054328,-0.9328106712552731,0.11181509357459163,0,0,0,0,34,False,False,
46,4,1492.2695455579826,871.3857608586108,-0.021299608114697048,14.53687858581543,0.36391186714172363,0,1,0,0,0,-0.040171188457976986,-0.9085999043130112,-0.8350363553390934,2,0,0,0,34,False,False,
46,5,1476.2935465525452,862.1494326052429,0.22045260790958868,33.12765884399414,0.416160523891449,0,1,0,0,0,0.32170284259657367,-0.9445943232971962,0.051776214075311744,0,0,0,0,34,False,False,
46,6,1489.7600690953836,876.0014327753458,0.5917189055588573,18.977981567382812,0.37319377064704895,0,1,0,0,0,-0.12851095065991053,-0.9146371112536279,-0.30002522445015334,0,0,0,0,34,False,False,
46,7,1466.9039102606605,874.231887469607,0.837344490586115,33.4283561706543,0.5582400560379028,0,1,0,0,0,-0.23559855091997153,-0.9755216214933189,-0.6708861877611563,0,0,0,0,34,False,False,
47,0,1494.0159480210136,874.3706628362768,0.3387925666341564,20.107757568359375,0.4782029986381531,0,1,0,0,0,-0.020373812306958585,-0.9037495237038853,-0.4655978406224105,0,0,0,0,35,False,False,
47,1,1493.6871848782057,870.15330043923,-0.19934879395564178,18.75791358947754,0.5032665133476257,0,1,0,0,0,-0.037165661479093295,-0.9047069831096464,-0.9726944219375877,0,0,0,0,35,False,False,
47,2,1461.3479728744078,863.726244547427,2.311261098050706,42.99209213256836,0.3882569670677185,0,1,0,0,0,0.670071604469929,-0.9761987380705814,-0.03295609859398274,0,0,0,0,35,False,False,
47,3,1444.54413820208,862.9221710485061,1.748836954917488,52.82073974609375,3.5112433433532715,0,2,0,1,1,0.25583649696585775,-0.9371273325294601,0.111354055573603,0,0,0,0,35,False,False,
47,4,1492.082394945625,871.4014147818527,0.187804145371403,14.724668502807617,0.3780740797519684,0,1,0,0,0,-0.04194593380447884,-0.9090995913033825,-0.8344648174377561,0,0,0,0,35,False,False,
47,5,1476.0029627291158,862.1457600147614,0.2906070308160421,33.418331146240234,0.41557469964027405,0,1,0,0,0,0.32687821372829073,-0.9452708206593045,0.05423942851412544,0,0,0,0,35,False,False,
47,6,1489.6896460053524,876.0068435537978,0.07063064584876833,19.048503875732422,0.3691878616809845,0,1,0,0,0,-0.12888627831479577,-0.9148213215195465,-0.29986457008720957,1,0,0,0,35,False,False,
47,7,1465.777263705781,874.3829998072955,1.136735412584313,34.565155029296875,0.5717408061027527,0,1,0,0,0,-0.27416314492436666,-0.97830902367065,-0.6606379544731835,0,0,0,0,35,False,False,
48,0,1494.0159480210136,874.3706628362768,0.0,20.107757568359375,0.4777822494506836,0,1,0,0,0,-0.020373812306958585,-0.9037495237038853,-0.4655978406224105,1,0,0,0,36,False,False,
48,1,1494.0003454861132,870.1195368084541,-0.3149754738201647,19.072965621948242,0.5063784122467041,0,1,0,0,0,-0.0351496078459181,-0.9038681415975671,-0.9745560240212005,0,0,0,0,36,False,False,
48,2,1459.5369096558643,863.997725259661,1.8312978345086988,44.823482513427734,0.3843119740486145,0,1,0,0,0,0.784480663799304,-0.9782706600542355,-0.05285094030827109,0,0,0,0,36,False,False,
48,3,1442.5169584035923,862.9535590763387,2.0274227836560277,54.84820556640625,3.5235655307769775,0,2,0,1,1,0.27975376356471127,-0.9420623049873618,0.11106853675205808,0,0,0,0,36,False,False,
48,4,1492.082394945625,871.4014147818527,0.0,14.724668502807617,0.3795660138130188,0,1,0,0,0,-0.04194593380447884,-0.9090995913033825,-0.8344648174377561,1,0,0,0,36,False,False,
48,5,1476.0029627291158,862.1457600147614,0.0,33.418331146240234,0.407452791929245,0,1,0,0,0,0.32687821372829073,-0.9452708206593045,0.05423942851412544,1,0,0,0,36,False,False,
48,6,1489.6896460053524,876.0068435537978,0.0,19.048503875732422,0.3670441210269928,0,1,0,0,0,-0.12888627831479577,-0.9148213215195465,-0.29986457008720957,2,0,0,0,36,False,False,
48,7,1464.5270369247849,874.5496697476747,1.2612873871351304,35.82646179199219,0.5817924737930298,0,1,0,0,0,-0.3214545909210301,-0.9813138544976822,-0.6493862888990809,0,0,0,0,36,False,False,
49,0,1493.701173525292,874.3601015250111,0.31495162239999996,20.422754287719727,0.48501166701316833,0,1,0,0,0,-0.02067220473491318,-0.9045890747353968,-0.4690498512203386,0,0,0,0,37,False,False,
49,1,1493.995424924926,870.120067505384,0.00494909705171838,19.077878952026367,0.5028969049453735,0,1,0,0,0,-0.03517822422920492,-0.9038812211125781,-0.9745268000063576,1,0,0,0,37,False,False,
49,2,1457.6220159121365,864.3309135255653,1.943664701100507,46.767051696777344,0.38165083527565,0,1,0,0,0,0.9216743391362165,-0.9795243363321995,-0.07993040521604122,0,0,0,1,37,False,False,
49,3,1440.21840171268,862.9900063507419,2.2988456375210404,57.14707946777344,3.5363850593566895,0,2,0,1,1,0.3111576275504783,-0.9475463869826312,0.11063677100510061,0,0,0,0,37,False,False,
49,4,1492.219791424536,871.390211745286,-0.13785245897500004,14.862577438354492,0.39200982451438904,0,1,0,0,0,-0.04045068545583206,-0.9087325824532689,-0.8348528606138734,0,0,0,0,37,False,False,
49,5,1476.008836953348,862.1458344623835,-0.005874695973370608,33.424190521240234,0.396674782037735,0,1,0,0,0,0.326811552259211,-0.945257192202272,0.05418831641431354,2,0,0,0,37,False,False,
49,6,1489.3959889262865,876.0284831412605,0.2944533101038731,19.343002319335938,0.38321152329444885,0,1,0,0,0,-0.1280703136028175,-0.9155909468570064,-0.2993141144977356,0,0,0,0,37,False,False,
49,7,1463.7991068055876,874.6427097939219,0.7338519664346852,36.56028747558594,0.5922656059265137,0,1,0,0,0,-0.35314455786662696,-0.9830057571130308,-0.6433240736961012,0,0,0,0,37,False,False,
50,0,1493.701173525292,874.3601015250111,0.0,20.422754287719727,0.472773939371109,0,1,0,0,0,-0.02067220473491318,-0.9045890747353968,-0.4690498512203386,1,0,0,0,38,False,False,
50,1,1493.7740719369408,870.1440526502201,0.22264867496300156,19.300609588623047,0.5189178586006165,0,1,0,0,0,-0.03571587385108646,-0.9044742426381387,-0.973192909628319,0,0,0,0,38,False,False,
50,2,1456.2453724741422,864.5708334617634,1.397393549132773,48.164512634277344,0.37105458974838257,0,1,0,0,0,1.0,-0.9796439076406942,-0.10633672262584015,0,0,0,2,38,False,False,
50,3,1437.6587831437778,862.9870216363178,2.5596203091062177,59.70664978027344,3.5447731018066406,0,2,0,1,1,0.3672090673595764,-0.953399819488709,0.11537944788183796,0,0,0,0,38,False,False,
50,4,1492.0410588722166,871.4048972597526,0.17933485325990267,15.042014122009277,0.4050620198249817,0,1,0,0,0,-0.041062440765476695,-0.9092100884629236,-0.8343324633985338,0,0,0,0,38,False,False,
50,5,1475.8655743275353,862.1442074938543,0.14327186388592117,33.567386627197266,0.4032532572746277,0,1,0,0,0,0.32816120932888754,-0.945589807231211,0.055375214839477716,0,0,0,0,38,False,False,
50,6,1489.3959889262865,876.0284831412605,0.0,19.343002319335938,0.37932872772216797,0,1,0,0,0,-0.1280703136028175,-0.9155909468570064,-0.2993141144977356,1,0,0,0,38,False,False,
50,7,1463.0894460180282,874.7347162793495,0.7156001863890765,37.27582550048828,0.5935085415840149,0,1,0,0,0,-0.3959743087948248,-0.9845928521958476,-0.6372390753032166,0,0,0,0,38,False,False,
51,0,1493.8389446317472,874.3648367833571,-0.13785245897500004,20.560651779174805,0.478698194026947,0,1,0,0,0,-0.02007372830434614,-0.9042215347320091,-0.46753249648990225,0,0,0,0,39,False,False,
51,1,1493.394704286984,870.1851831673002,0.38159079295630755,19.682228088378906,0.5369420051574707,0,1,0,0,0,-0.03613951700336031,-0.9054902689403062,-0.9709131845548153,0,0,0,0,39,False,False,
51,2,1455.396732354623,864.7240784679431,0.8623654007302013,49.02686309814453,0.35958942770957947,0,1,0,0,0,1.0,-0.9793929764806378,-0.12325036821865643,0,0,0,3,39,False,False,
51,3,1435.0387998879357,862.9644421691415,2.6200805509048966,62.326744079589844,3.5510122776031494,0,2,0,1,1,0.43194945967543075,-0.9590459986943835,0.12257379037841587,0,0,0,0,39,False,False,
51,4,1492.0410588722166,871.4048972597526,0.0,15.042014122009277,0.4062979519367218,0,1,0,0,0,-0.041062440765476695,-0.9092100884629236,-0.8343324633985338,1,0,0,0,39,False,False,
51,5,1475.604761818,862.1420899537521,0.26082110556117954,33.8282585144043,0.41359513998031616,0,1,0,0,0,0.33013513789920557,-0.9461950760563723,0.057449542809699494,0,0,0,0,39,False,False,
51,6,1489.4407031295173,876.025187224863,-0.044835510875464446,19.387802124023438,0.37820324301719666,0,1,0,0,0,-0.12790358350577485,-0.915473890262714,-0.29939524209240354,2,0,0,0,39,False,False,
51,7,1462.1137287121774,874.8567919421465,0.9833243251258216,38.25914001464844,0.5952852368354797,0,1,0,0,0,-0.46566133691795053,-0.9866441598394481,-0.6294175233088899,0,0,0,0,39,False,False,
52,0,1493.8069883178234,874.3637356100418,0.03197528080044441,20.592653274536133,0.4779978394508362,0,1,0,0,0,-0.020035532505215455,-0.9043068289851962,-0.46788484981332645,1,0,0,0,40,False,False,
52,1,1492.9395716775402,870.2330793589297,0.45764586456313133,20.139822006225586,0.5490102767944336,0,1,0,0,0,-0.0345827480225918,-0.9067087380821384,-0.9683468347317123,0,0,0,0,40,False,False,
52,2,1454.6286846465339,864.8699022478069,0.7817684162684665,49.80864715576172,0.3557703495025635,0,1,0,0,0,1.0,-0.9789680235762875,-0.13941768567842394,0,0,0,4,40,False,False,
52,3,1432.699925588657,862.9367228354789,2.3390385523299444,64.665771484375,3.5597081184387207,0,2,0,1,1,0.5030283452903391,-0.9636759635642801,0.12989985801813342,0,0,0,0,40,False,False,
52,4,1491.7271570184969,871.430590657422,0.31495162239999996,15.35690689086914,0.4233803153038025,0,1,0,0,0,-0.04124582630349715,-0.9100480562286573,-0.8334450624396617,0,0,0,0,40,False,False,
52,5,1475.604761818,862.1420899537521,0.0,33.8282585144043,0.4023466408252716,0,1,0,0,0,0.33013513789920557,-0.9461950760563723,0.057449542809699494,1,0,0,0,40,False,False,
52,6,1489.5930406508764,876.0141117761873,-0.15273960186276678,19.540550231933594,0.38791391253471375,0,1,0,0,0,-0.12665870516025785,-0.9150746523295485,-0.2996664678211598,0,0,0,0,40,False,False,
52,7,1461.6613003258963,874.9125701760829,0.45585376612901546,38.71508026123047,0.6017780303955078,0,1,0,0,0,-0.5059026025913126,-0.987524099697848,-0.6258915888350591,0,0,0,0,40,False,False,
53,0,1493.626687703499,874.3573086664476,0.1804151244482796,20.7730655670166,0.49554818868637085,0,1,0,0,0,-0.01937852310425525,-0.904787703672677,-0.46990800851136527,0,0,0,0,41,False,False,
53,1,1492.6464812591742,870.2637721459503,0.29469312939580006,20.43451690673828,0.5590412020683289,0,1,0,0,0,-0.03454983605289562,-0.9074934412987484,-0.9667125625022654,0,0,0,0,41,False,False,
53,2,1453.56622901286,865.076193153375,1.0822975151247798,50.890869140625,0.3489214777946472,0,1,0,0,0,1.0,-0.9780753237948421,-0.16233282941605398,0,0,0,5,41,False,False,
53,3,1430.2325387684082,862.9029651288631,2.467617738527088,67.13340759277344,3.566041946411133,0,2,0,1,1,0.5975707499898198,-0.9679541459754829,0.1381701845398362,0,0,0,0,41,False,False,
53,4,1491.2079414288362,871.4710224964042,0.5207874443092806,15.877763748168945,0.43690258264541626,0,1,0,0,0,-0.03933407411997002,-0.911434403160534,-0.8322216165762372,0,0,0,0,41,False,False,
53,5,1475.289826733325,862.1388624325434,0.31495162239999996,34.14321517944336,0.4123856723308563,0,1,0,0,0,0.3365023181620087,-0.9469219985614985,0.06003053233309119,0,0,0,0,41,False,False,
53,6,1489.7934713574552,875.9994181518306,-0.2009685814659089,19.74152946472168,0.392116904258728,0,1,0,0,0,-0.1262511915140054,-0.9145492879142146,-0.30003259968603224,0,0,0,0,41,False,False,
53,7,1461.6613003258963,874.9125701760829,0.0,38.71508026123047,0.5941048860549927,0,1,0,0,0,-0.5059026025913126,-0.987524099697848,-0.6258915888350591,1,0,0,0,41,False,False,
54,0,1493.626687703499,874.3573086664476,0.0,20.7730655670166,0.4929331839084625,0,1,0,0,0,-0.01937852310425525,-0.904787703672677,-0.46990800851136527,1,0,0,0,42,False,False,
54,1,1492.6464812591742,870.2637721459503,0.0,20.43451690673828,0.5600035190582275,0,1,0,0,0,-0.03454983605289562,-0.9074934412987484,-0.9667125625022654,1,0,0,0,42,False,False,
54,2,1453.0233554990384,865.1820406377564,0.5530961416958793,51.444068908691406,0.3460827171802521,0,1,0,0,0,1.0,-0.9774904918339122,-0.1740942152651832,0,0,0,6,42,False,False,
54,3,1427.698393523322,862.8961387919082,2.5341544392694604,69.66759490966797,3.567152976989746,0,2,0,1,1,0.7120640021057271,-0.9714892085282015,0.14332999103651556,0,0,0,0,42,False,False,
54,4,1490.383388446723,871.5271480168022,0.8264609454483756,16.70413589477539,0.4544314742088318,0,1,0,0,0,-0.03397177668781113,-0.913635000808,-0.8312392523088776,0,0,0,0,42,False,False,
54,5,1474.6654636793996,862.1284753225201,0.6244494496447341,34.76769256591797,0.4229576587677002,0,1,0,0,0,0.3510321489737761,-0.9483476469062733,0.06561615865012826,0,0,0,0,42,False,False,
54,6,1489.8111093418631,875.9981223197777,-0.01768552161177553,19.759275436401367,0.38791489601135254,0,1,0,0,0,-0.1262821316964505,-0.9145028825560135,-0.3000618147676921,1,0,0,0,42,False,False,
54,7,1461.7981046403504,874.8956031494673,-0.13785245897500004,38.852970123291016,0.5990153551101685,0,1,0,0,0,-0.4932387203040523,-0.9872639923539014,-0.6269697739964734,0,0,0,0,42,False,False,
55,0,1493.4948740292425,874.3526152581168,0.1318972054397363,20.904985427856445,0.5071842074394226,0,1,0,0,0,-0.019475374975318812,-0.9051393259392556,-0.4713888872690051,0,0,0,0,43,False,False,
55,1,1492.435960492356,870.2856782379833,0.21165743580110613,20.646224975585938,0.5774062871932983,0,1,0,0,0,-0.034340816086010605,-0.9080571804568449,-0.9655540108533742,0,0,0,0,43,False,False,
55,2,1452.2740494601578,865.3280130637343,0.7633920939129721,52.20741653442383,3.5657527446746826,0,2,1,1,1,0.03047004219994215,-0.9196272055053611,-0.19030544110599723,0,0,0,0,43,False,False,
55,3,1425.668636545549,862.9303108183432,2.0300446094135993,71.69766998291016,3.5623667240142822,0,2,0,1,1,0.816155359558819,-0.9735071647580987,0.14271504501237953,0,0,0,0,43,False,False,
55,4,1489.2591465617325,871.5913913237015,1.1260759381358685,17.83023452758789,0.4733394682407379,0,1,0,0,0,-0.028017632837939902,-0.9166351305670871,-0.8313780525329476,0,0,0,0,43,False,False,
55,5,1474.5553066849368,862.1265125638386,0.11017447912622327,34.8778190612793,0.4321109652519226,0,1,0,0,0,0.3536928826848421,-0.948597388519511,0.06661313045831774,0,0,0,0,43,False,False,
55,6,1489.9659548977206,875.9867865786907,-0.1552599278461563,19.914472579956055,0.38880783319473267,0,1,0,0,0,-0.1255136838842115,-0.9140970603538701,-0.3003329261517059,0,0,0,0,43,False,False,
55,7,1461.6201482664228,874.9177959089245,0.17933485325990267,39.03232192993164,0.6009542346000671,0,1,0,0,0,-0.5108570719697556,-0.9876010834828441,-0.6255546720518467,0,0,0,0,43,False,False,
56,0,1493.4948740292425,874.3526152581168,0.0,20.904985427856445,0.5082667469978333,0,1,0,0,0,-0.019475374975318812,-0.9051393259392556,-0.4713888872690051,1,0,0,0,44,False,False,
56,1,1491.973661924759,870.3348824534945,0.4649096906133524,21.111114501953125,0.5910508632659912,0,1,0,0,0,-0.03632699123441038,-0.9092948989379547,-0.962878922753609,0,0,0,0,44,False,False,
56,2,1452.0389484854409,865.3742137634937,0.239597522881845,52.447021484375,3.5800938606262207,0,2,0,1,1,0.029660839711935852,-0.9202654629445953,-0.19544323623978233,0,0,0,0,44,False,False,
56,3,1423.5200073241328,862.980059169896,2.149205069230367,73.8468017578125,3.550757646560669,0,2,0,1,1,0.9505223565861204,-0.9745755980620222,0.14042437678970954,0,0,0,1,44,False,False,
56,4,1487.840888193583,871.6460860347033,1.4193126189243204,19.249502182006836,0.49011707305908203,0,1,0,0,0,-0.016988310045927494,-0.9204185563628043,-0.8346985952634063,0,0,0,0,44,False,False,
56,5,1474.4021313796745,862.1237988870363,0.15319934133019394,35.03104019165039,0.4345906674861908,0,1,0,0,0,0.3563158303200301,-0.9489440493769037,0.06801271010417609,0,0,0,0,44,False,False,
56,6,1489.880277295076,875.993088143782,0.08590902931307325,20.000396728515625,0.38776955008506775,0,1,0,0,0,-0.12606461047118198,-0.9143217325796769,-0.30017953267989883,1,0,0,0,44,False,False,
56,7,1461.268025879587,874.9612888894354,0.3547982731986951,39.38705062866211,0.6009965538978577,0,1,0,0,0,-0.5469121160832041,-0.9882395532347684,-0.6227983634523102,0,0,0,0,44,False,False,
57,0,1493.6326429461087,874.3574137986176,-0.13785245897500004,21.04288673400879,0.5172000527381897,0,1,0,0,0,-0.01989208139556556,-0.90477176645909,-0.4698495783480455,0,0,0,0,45,False,False,
57,1,1491.2061133760963,870.4142558358692,0.7716416968929739,21.882781982421875,0.6025745272636414,0,1,0,0,0,-0.03522197127483809,-0.911349608113809,-0.9587221376166416,0,0,0,0,45,False,False,
57,2,1452.0389484854409,865.3742137634937,0.0,52.447021484375,3.5820841789245605,0,2,0,1,1,0.029660839711935852,-0.9202654629445953,-0.19544323623978233,1,0,0,0,45,False,False,
57,3,1421.2907334451384,863.0266127553582,2.229759911713874,76.0765380859375,3.545839548110962,0,2,0,1,1,1.0,-0.9743297415435029,0.14349338967327485,0,0,0,2,45,False,False,
57,4,1486.930248642475,871.6778633754903,0.9111938275853404,20.160701751708984,0.5026655197143555,0,1,0,0,0,-0.01511766600411401,-0.9228477563831696,-0.8372284155146148,0,0,0,0,45,False,False,
57,5,1474.4021313796745,862.1237988870363,0.0,35.03104019165039,0.42536860704421997,0,1,0,0,0,0.3563158303200301,-0.9489440493769037,0.06801271010417609,1,0,0,0,45,False,False,
57,6,1489.481999048351,876.0232771503366,0.3994207530049845,20.399730682373047,0.404193639755249,0,1,0,0,0,-0.12908122618713505,-0.9153650913206037,-0.2993432724070243,0,0,0,0,45,False,False,
57,7,1461.268025879587,874.9612888894354,0.0,39.38705062866211,0.5887524485588074,0,1,0,0,0,-0.5469121160832041,-0.9882395532347684,-0.6227983634523102,1,0,0,0,45,False,False,
58,0,1493.8112811292795,874.3632981335477,-0.1787350717797767,21.22157096862793,0.5302518010139465,0,1,0,0,0,-0.02098874564524067,-0.9042955355265754,-0.4679067468314786,0,0,0,0,46,False,False,
58,1,1490.959743012856,870.4400164729194,0.2477134762268192,22.130462646484375,0.612618625164032,0,1,0,0,0,-0.03621533248587051,-0.9120090298082093,-0.9573590232237602,0,0,0,0,46,False,False,
58,2,1452.1742578751132,865.3478571796496,-0.13785245897500004,52.58494186401367,3.5956192016601562,0,2,0,1,1,0.030578544807980595,-0.9198981031310336,-0.192515667802453,0,0,0,0,46,False,False,
58,3,1418.9963148361687,863.1000996787153,2.295595147470536,78.37214660644531,3.537245035171509,0,2,0,1,1,1.0,-0.972754616376924,0.14629860923633387,0,0,0,3,46,False,False,
58,4,1486.4561057120209,871.6933990914661,0.4743973829716982,20.63520050048828,0.5194471478462219,0,1,0,0,0,-0.013993411391317068,-0.924112783595167,-0.8386645854780119,0,0,0,0,46,False,False,
58,5,1474.391252543244,862.1236059798101,0.010880546644254184,35.04190444946289,0.41643786430358887,0,1,0,0,0,0.3565177856515397,-0.9489686145520819,0.06810853099823078,2,0,0,0,46,False,False,
58,6,1489.2798043313983,876.038456301901,0.2027636806872267,20.602571487426758,0.4134969413280487,0,1,0,0,0,-0.12944297245906253,-0.9158949205317221,-0.2989259712699688,0,0,0,0,46,False,False,
58,7,1461.3849932249345,874.9469600008579,-0.1178417452583898,39.5048713684082,0.5919369459152222,0,1,0,0,0,-0.5336297297424709,-0.9880317852061354,-0.6237003719520122,0,0,0,0,46,False,False,
59,0,1494.0999899227488,874.3717953361017,-0.2888338101361843,21.510391235351562,0.5393856167793274,0,1,0,0,0,-0.023034415596419913,-0.9035258558191663,-0.4648792982617427,0,0,0,0,47,False,False,
59,1,1490.5021337019832,870.4877491172612,0.4600920415887555,22.590585708618164,0.6258482933044434,0,1,0,0,0,-0.036566199324773646,-0.9132340324082389,-0.9548300534115726,0,0,0,0,47,False,False,
59,2,1452.0681376504274,865.3685674411277,0.10812223183894125,52.693153381347656,3.6095306873321533,0,2,0,1,1,0.03046019999242162,-0.9201863364210967,-0.19482108649688068,0,0,0,0,47,False,False,
59,3,1416.4388986667118,863.2097823245452,2.5597671274153484,80.93199157714844,3.5304982662200928,0,2,0,1,1,1.0,-0.9696706068983293,0.14610856827461682,0,0,0,4,47,False,False,
59,4,1485.6756342980339,871.7207562390273,0.7809507292867962,21.416074752807617,0.5362384915351868,0,1,0,0,0,-0.01588270618862124,-0.926194485785797,-0.8408274162787808,0,0,0,0,47,False,False,
59,5,1474.0869697192782,862.1180708709974,0.30433316347414935,35.346275329589844,0.42489194869995117,0,1,0,0,0,0.3622659619293712,-0.9496542162420333,0.07088687954684714,0,0,0,0,47,False,False,
59,6,1489.2798043313983,876.038456301901,0.0,20.602571487426758,0.40785524249076843,0,1,0,0,0,-0.12944297245906253,-0.9158949205317221,-0.2989259712699688,1,0,0,0,47,False,False,
59,7,1461.2469237741784,874.9638367568259,0.1390970816520956,39.64396286010742,0.5925730466842651,0,1,0,0,0,-0.5484360975269282,-0.9882766158567808,-0.6226376519169954,0,0,0,0,47,False,False,
60,0,1494.0693068707833,874.3708921903184,0.030696340990862284,21.54104232788086,0.5362157225608826,0,1,0,0,0,-0.023052907131248426,-0.903607535112137,-0.4651943180268031,1,0,0,0,48,False,False,
60,1,1489.7393631969214,870.5673679654323,0.7669146004452789,23.35742950439453,0.6438351273536682,0,1,0,0,0,-0.03749576806013124,-0.9152754789853284,-0.9506002055575432,0,0,0,0,48,False,False,
60,2,1451.971738232795,865.3873946731029,0.09822073296274213,52.791404724121094,3.6108739376068115,0,2,0,1,1,0.030471432643105978,-0.9204480349073847,-0.19690690611370465,1,0,0,0,48,False,False,
60,3,1413.9138572983761,863.29152911225,2.526364274823983,83.45833587646484,6.743212699890137,0,3,1,2,2,0.22459983554432766,-0.9239947749673583,0.14909662508062738,0,0,0,0,48,False,False,
60,4,1484.713856324937,871.7580903924513,0.9625023161249759,22.378591537475586,0.5553600192070007,0,1,0,0,0,-0.01893565526449316,-0.9287601007090283,-0.8430487058290548,0,0,0,0,48,False,False,
60,5,1473.564316518014,862.1070175644486,0.522770068364021,35.86897659301758,0.4331541657447815,0,1,0,0,0,0.37391562278242657,-0.9508204229233386,0.07584886963933268,0,0,0,0,48,False,False,
60,6,1489.0432169594258,876.0558104040377,0.2372229951708317,20.839778900146484,0.419015109539032,0,1,0,0,0,-0.12931942576429947,-0.9165145721733574,-0.29850055165620926,0,0,0,0,48,False,False,
60,7,1461.2297908643518,874.96592887094,0.01726017209059669,39.66130065917969,0.5838502645492554,0,1,0,0,0,-0.5502661596725602,-0.9883067317470837,-0.6225126159412808,1,0,0,0,48,False,False,
61,0,1494.0018299866895,874.3689136942967,0.06750588369554483,21.608577728271484,0.5363106727600098,0,1,0,0,0,-0.023167818199114107,-0.9037875125741567,-0.4659055423239631,2,0,0,0,49,False,False,
61,1,1488.6782458931684,870.6861544392733,1.0677453622899629,24.425212860107422,0.6594572067260742,0,1,0,0,0,-0.04372315835087351,-0.9181164174618726,-0.9437683323208106,0,0,0,0,49,False,False,
61,2,1451.971738232795,865.3873946731029,0.0,52.791404724121094,3.6091015338897705,0,2,0,1,1,0.030471432643105978,-0.9204480349073847,-0.19690690611370465,2,0,0,0,49,False,False,
61,3,1411.645699422776,863.3163143333602,2.268293291404839,85.7265396118164,6.758044719696045,0,3,0,2,2,0.2582418950641413,-0.9295899440964208,0.15760799031911676,0,0,0,0,49,False,False,
61,4,1483.4553251624554,871.8013721285865,1.259275186613394,23.637880325317383,0.5734638571739197,0,1,0,0,0,-0.016918202303023436,-0.932117074537328,-0.8466257809888831,0,0,0,0,49,False,False,
61,5,1472.8163700614061,862.0925737552742,0.7480859078847256,36.61703872680664,0.43861687183380127,0,1,0,0,0,0.38751229070930876,-0.9524702546099159,0.08277667454158899,0,0,0,0,49,False,False,
61,6,1489.0432169594258,876.0558104040377,0.0,20.839778900146484,0.4110221266746521,0,1,0,0,0,-0.12931942576429947,-0.9165145721733574,-0.29850055165620926,1,0,0,0,49,False,False,
61,7,1460.9325470557055,875.001610005308,0.2993777298468923,39.960670471191406,0.5891843438148499,0,1,0,0,0,-0.5834678590402348,-0.9888098291972127,-0.6203132234091588,0,0,0,0,49,False,False,
62,0,1493.8111426598402,874.3631063963128,0.19077573569714096,21.799339294433594,0.5505198240280151,0,1,0,0,0,-0.022566316430177518,-0.904295892492792,-0.4679287010220019,0,0,0,0,50,False,False,
62,1,1487.398508346719,870.8268845767966,1.287452196937706,25.71259307861328,0.673069417476654,0,1,0,0,0,-0.044337935833174115,-0.9215414523220306,-0.9358298949869321,0,0,0,0,50,False,False,
62,2,1451.8041321550318,865.420218297986,0.1707898933004875,52.96219253540039,3.6223809719085693,0,2,0,1,1,0.030317518891320106,-0.9209029605100445,-0.2005590771830441,0,0,0,0,50,False,False,
62,3,1409.5070605271414,863.2828330038511,2.1389009620239414,87.86547088623047,6.770586013793945,0,3,0,2,2,0.29847110931327353,-0.9347255144935058,0.1724405616019149,0,0,0,0,50,False,False,
62,4,1481.9071373943189,871.8660081085862,1.5495364388482504,25.18744659423828,0.5859232544898987,0,1,0,0,0,-0.022995602572211737,-0.9362467203462368,-0.8496605476221267,0,0,0,0,50,False,False,
62,5,1471.9932309567864,862.0824463276056,0.8232014032697252,37.44021987915039,0.44714561104774475,0,1,0,0,0,0.4003495642299678,-0.9542629982986134,0.08971808646818014,0,0,0,0,50,False,False,
62,6,1489.1163169965957,876.0504777628339,-0.0732942869291301,20.9130916595459,0.4071769118309021,0,1,0,0,0,-0.12876595129297105,-0.9163230535385724,-0.2986255876319238,2,0,0,0,50,False,False,
62,7,1460.9325470557055,875.001610005308,0.0,39.960670471191406,0.5798785090446472,0,1,0,0,0,-0.5834678590402348,-0.9888098291972127,-0.6203132234091588,1,0,0,0,50,False,False,
63,0,1493.384741060098,874.3481612416023,0.42666342931191864,22.22599220275879,0.5657610297203064,0,1,0,0,0,-0.01988038256181805,-0.90543308838661,-0.4726862427152394,0,0,0,0,51,False,False,
63,1,1486.239810694849,870.9498505221839,1.1652042190851717,26.87778663635254,0.6922879815101624,0,1,0,0,0,-0.04364546730686527,-0.9246416318723722,-0.9291806624631253,0,0,0,0,51,False,False,
63,2,1451.3306915923868,865.5150452849664,0.4828437882144882,53.44498825073242,3.6375811100006104,0,2,0,1,1,0.02804383624744244,-0.9221891945915786,-0.21112007192741666,0,0,0,0,51,False,False,
63,3,1407.4538410904452,863.2489854499105,2.053498408115992,89.91897583007812,6.776603698730469,0,3,0,2,2,0.32511116417431934,-0.939557705143134,0.18689156447962918,0,0,0,0,51,False,False,
63,4,1480.076613394894,871.961549991756,1.8330156474811328,27.020381927490234,0.6028367877006531,0,1,0,0,0,-0.032088604765211436,-0.94112881695107,-0.8509652211318689,0,0,0,0,51,False,False,
63,5,1471.1377311509962,862.0705566770728,0.8555824223866685,38.295894622802734,0.4468233287334442,0,1,0,0,0,0.42086837350111256,-0.9560855066353415,0.09710041172111361,0,0,0,0,51,False,False,
63,6,1489.0380489261493,876.0562394320824,0.07847985527485395,20.991548538208008,0.40729328989982605,0,1,0,0,0,-0.12950794731955284,-0.9165279811880475,-0.2984859155291938,3,0,0,0,51,False,False,
63,7,1460.7753036135337,875.0202433857617,0.15834362308982214,40.11900329589844,0.5858422517776489,0,1,0,0,0,-0.6019852836527422,-0.9890620795969545,-0.6191701476064844,0,0,0,0,51,False,False,
64,0,1492.6510684143914,874.3227896064271,0.73411121155403,22.960071563720703,0.5753812193870544,0,1,0,0,0,-0.020605018209164428,-0.9073896267807084,-0.48082278588844096,0,0,0,0,52,False,False,
64,1,1484.9777451455057,871.091758729926,1.2700186574471948,28.147825241088867,0.7088966965675354,0,1,0,0,0,-0.04985784895062074,-0.9280184848252121,-0.9209783782096426,0,0,0,0,52,False,False,
64,2,1451.3306915923868,865.5150452849664,0.0,53.44498825073242,3.628957986831665,0,2,0,1,1,0.02804383624744244,-0.9221891945915786,-0.21112007192741666,1,0,0,0,52,False,False,
64,3,1405.130863770284,863.1726400854332,2.324231538522164,92.24322509765625,6.779266357421875,0,3,0,2,2,0.37152191856992484,-0.9448265242056042,0.20778898089447995,0,0,0,0,52,False,False,
64,4,1477.9805079196422,872.0560382752562,2.0982340668046127,29.118701934814453,0.6186589598655701,0,1,0,0,0,-0.030463381819590216,-0.9467185405030552,-0.85424923071716,0,0,0,0,52,False,False,
64,5,1469.9834468684664,862.0437044548288,1.1545965731520509,39.450504302978516,0.4520561695098877,0,1,0,0,0,0.4561536569403264,-0.9584539046280784,0.10834484499026531,0,0,0,0,52,False,False,
64,6,1488.9860728575334,876.0600993156083,0.052119194253088474,21.043697357177734,0.4052920639514923,0,1,0,0,0,-0.13013450634747287,-0.9166641292295533,-0.29837637326606203,4,0,0,0,52,False,False,
64,7,1460.7753036135337,875.0202433857617,0.0,40.11900329589844,0.5688021183013916,0,1,0,0,0,-0.6019852836527422,-0.9890620795969545,-0.6191701476064844,1,0,0,0,52,False,False,
65,0,1491.615918227595,874.2921217144482,1.035604378526258,23.995683670043945,0.5946312546730042,0,1,0,0,0,-0.02448570628035169,-0.9101492789038976,-0.49170103012034894,0,0,0,0,53,False,False,
65,1,1483.6830164407259,871.2532632301943,1.3047628606715789,29.45265769958496,0.7290763258934021,0,1,0,0,0,-0.06049857954354094,-0.931483099536209,-0.9106570786313346,0,0,0,0,53,False,False,
65,2,1451.2991062623025,865.5213759309132,0.032213508884289525,53.47722244262695,3.6212453842163086,0,2,0,1,1,0.027992208979914165,-0.9222750661975478,-0.2118227203689036,2,0,0,0,53,False,False,
65,3,1403.2265974643371,863.0686363161732,1.9071043358936888,94.15036010742188,6.78766393661499,0,3,0,2,2,0.4214316475203702,-0.9489266244427967,0.2298867884140876,0,0,0,0,53,False,False,
65,4,1475.7557069913848,872.1650108610131,2.2274681130874336,31.346101760864258,0.6342676281929016,0,1,0,0,0,-0.03707445302589021,-0.9526493218539537,-0.8566832300743138,0,0,0,0,53,False,False,
65,5,1468.7213998647585,862.0176389227981,1.262316145633954,40.712738037109375,0.4474009871482849,0,1,0,0,0,0.49043036164158593,-0.9609356807874656,0.12024927611202263,0,0,0,0,53,False,False,
65,6,1488.9860728575334,876.0600993156083,0.0,21.043697357177734,0.4003623425960541,0,1,0,0,0,-0.13013450634747287,-0.9166641292295533,-0.29837637326606203,5,0,0,0,53,False,False,
65,7,1460.8948127374003,875.0061951544059,-0.12033197202581274,40.23933029174805,0.5715427398681641,0,1,0,0,0,-0.5865146394540868,-0.9888709814873924,-0.6200201578346216,0,0,0,0,53,False,False,
66,0,1490.7682559084517,874.2668428724843,0.8480391660451853,24.84371566772461,0.6115000247955322,0,1,0,0,0,-0.024990479796667527,-0.9124090003390469,-0.5006299823577497,0,0,0,0,54,False,False,
66,1,1482.758043096747,871.3799927291035,0.9336145098299848,30.386232376098633,0.7478213906288147,0,1,0,0,0,-0.07074382052784137,-0.9339578175168772,-0.9019189248895687,0,0,0,0,54,False,False,
66,2,1450.9593196779401,865.5899107487836,0.3466294046575366,53.82379150390625,3.6380300521850586,0,2,0,1,1,0.027542270748261266,-0.9231983934859892,-0.21945614667594693,0,0,0,0,54,False,False,
66,3,1401.2280794539472,862.9602168739495,2.001456722815832,96.1518325805664,6.783356189727783,0,3,0,2,2,0.46567518961069254,-0.9530230652024735,0.2529962038689002,0,0,0,0,54,False,False,
66,4,1473.7573910107049,872.2947974572871,2.002526234338302,33.348602294921875,0.653710126876831,0,1,0,0,0,-0.053198057872373285,-0.957972790149235,-0.8550554040297145,0,0,0,0,54,False,False,
66,5,1467.5913336718363,861.9983281064917,1.1302311745886464,41.8430290222168,0.4516022205352783,0,1,0,0,0,0.5242085492981056,-0.9630470653948358,0.13041715363233797,0,0,0,0,54,False,False,
66,6,1489.0541741517088,876.0550257233881,-0.0682900256727956,21.112001419067383,0.3943631947040558,0,1,0,0,0,-0.1300031705311906,-0.9164857750095167,-0.29851518778322483,6,0,0,0,54,False,False,
66,7,1461.0074312441714,874.9929568970413,-0.11339391308779921,40.35277557373047,0.568224310874939,0,1,0,0,0,-0.5729578202250719,-0.9886854530006336,-0.6208190273767613,0,0,0,0,54,False,False,
67,0,1490.4455510421044,874.2569143176853,0.3228575645149897,25.166622161865234,0.6298720240592957,0,1,0,0,0,-0.024631248580198908,-0.9132694500199534,-0.5040600959375257,0,0,0,0,55,False,False,
67,1,1481.5392071848164,871.5526081488872,1.2309984010383352,31.617265701293945,0.7629635334014893,0,1,0,0,0,-0.07746629353663997,-0.9372175047192912,-0.8897360285875577,0,0,0,0,55,False,False,
67,2,1450.3171334438487,865.721612454476,0.6555520563149707,54.4793701171875,3.6567776203155518,0,2,0,1,1,0.026066715965680488,-0.9249451746977118,-0.23414515813477654,0,0,0,0,55,False,False,
67,3,1398.9599890975205,862.8025608698712,2.2735631243792804,98.42536926269531,6.7776265144348145,0,3,0,2,2,0.5368050248824855,-0.9572739111488177,0.28336410922072575,0,0,0,0,55,False,False,
67,4,1471.5797654861028,872.4417392799289,2.182577564403908,35.531288146972656,0.6701668500900269,0,1,0,0,0,-0.06359303589631508,-0.9637682830508251,-0.852622262258128,0,0,0,0,55,False,False,
67,5,1466.2679106696528,861.9669889642435,1.323794011372424,43.16676330566406,0.45258650183677673,0,1,0,0,0,0.5762834026749968,-0.9653312416780269,0.14338430478911235,0,0,0,0,55,False,False,
67,6,1488.988374972931,876.0599148320272,0.06598056767803714,21.177978515625,0.38989076018333435,0,1,0,0,0,-0.13015049148150157,-0.9166580601813171,-0.2983836341571986,7,0,0,0,55,False,False,
67,7,1461.1986123814177,874.9707440550701,-0.19246723769826243,40.545223236083984,0.564815878868103,0,1,0,0,0,-0.5501363865799823,-0.9883589888543577,-0.6221464554902227,0,0,0,0,55,False,False,
68,0,1490.4455510421044,874.2569143176853,0.0,25.166622161865234,0.6201860904693604,0,1,0,0,0,-0.024631248580198908,-0.9132694500199534,-0.5040600959375257,1,0,0,0,56,False,False,
68,1,1480.439583933608,871.7156885545962,1.1116503556982993,32.728904724121094,0.7792686820030212,0,1,0,0,0,-0.0856658152277785,-0.9401563303302521,-0.8778681234644216,0,0,0,0,56,False,False,
68,2,1449.378179052622,865.9147405976936,0.958610363237618,55.43798828125,3.674957036972046,0,2,0,1,1,0.02660589535793084,-0.9274993316547828,-0.25569170965171395,0,0,0,0,56,False,False,
68,3,1396.5368193761492,862.6121295910981,2.430640979352196,100.8559341430664,6.7752766609191895,0,3,0,2,2,0.6228856048798245,-0.9612324343467543,0.3184415314740192,0,0,0,0,56,False,False,
68,4,1469.9540224952245,872.5717633121401,1.6309342480131868,37.16221618652344,0.6855521202087402,0,1,0,0,0,-0.08123488941863317,-0.9680862768599293,-0.8483704959463074,0,0,0,0,56,False,False,
68,5,1464.6561510117137,861.91546204516,1.612583088820617,44.77940368652344,0.4535682499408722,0,1,0,0,0,0.6489438427753081,-0.9677783389583854,0.16076470562003276,0,0,0,0,56,False,False,
68,6,1488.988374972931,876.0599148320272,0.0,21.177978515625,0.38921189308166504,0,1,0,0,0,-0.13015049148150157,-0.9166580601813171,-0.2983836341571986,8,0,0,0,56,False,False,
68,7,1461.0738921631419,874.98541661235,0.1255803200501297,40.67083740234375,0.570618212223053,0,1,0,0,0,-0.5652603525698636,-0.9885733231240355,-0.621266401181044,0,0,0,0,56,False,False,
69,0,1490.1637495589755,874.249061011639,0.2819108907252157,25.448591232299805,0.6310633420944214,0,1,0,0,0,-0.026707175372553453,-0.9140207057508918,-0.5069633661171145,0,0,0,0,57,False,False,
69,1,1479.3004733561327,871.8854022258182,1.1516838272355856,33.88063049316406,0.7959167957305908,0,1,0,0,0,-0.090730222867262,-0.9431980707993936,-0.8654871320429072,0,0,0,0,57,False,False,
69,2,1448.1464168820796,866.1575497944161,1.2554657903711712,56.69350051879883,3.6931395530700684,0,2,0,1,1,0.03338487590876045,-0.9308429707824214,-0.28269073303326986,0,0,0,0,57,False,False,
69,3,1394.5925310412795,862.4354248850774,1.9523016371043591,102.80828094482422,6.772096633911133,0,3,0,2,2,0.7074700291564726,-0.9638233105107656,0.349446222695762,0,0,0,0,57,False,False,
69,4,1468.1844171583693,872.7060430821202,1.7746926789875785,38.93683624267578,0.6972866654396057,0,1,0,0,0,-0.0922793470776292,-0.9727762849501266,-0.8446099117681665,0,0,0,0,57,False,False,
69,5,1463.2565278363552,861.8610776265913,1.400679370157067,46.180118560791016,0.4547193646430969,0,1,0,0,0,0.7202326604227298,-0.9695453016116605,0.17701675253385085,0,0,0,0,57,False,False,
69,6,1489.1258444543303,876.0496463302236,-0.13785245897500004,21.31581687927246,0.3998887538909912,0,1,0,0,0,-0.12982978167238393,-0.9162981692879787,-0.2986621207770914,0,0,0,0,57,False,False,
69,7,1461.0738921631419,874.98541661235,0.0,40.67083740234375,0.5556207299232483,0,1,0,0,0,-0.5652603525698636,-0.9885733231240355,-0.621266401181044,1,0,0,0,57,False,False,
70,0,1489.571917682636,874.2348090038261,0.5920034540255262,26.040559768676758,0.6469298005104065,0,1,0,0,0,-0.029660208195050726,-0.9155976125165138,-0.5127909459088766,0,0,0,0,58,False,False,
70,1,1478.4793017046745,872.0089931680473,0.8304201359310293,34.7110481262207,0.8124918341636658,0,1,0,0,0,-0.09537997060469555,-0.9453886666339355,-0.8564120615179287,0,0,0,0,58,False,False,
70,2,1446.630134275948,866.4582588219314,1.5458133331312693,58.2392692565918,3.7091219425201416,0,2,0,1,1,0.03471976640898175,-0.9349592609426862,-0.31614508884186265,0,0,0,0,58,False,False,
70,3,1392.6509994356077,862.2179542538427,1.953673066629157,104.76194763183594,6.76620626449585,0,3,0,2,2,0.8086282834052617,-0.9657098022082583,0.38532245731882386,0,0,0,0,58,False,False,
70,4,1466.4094953431593,872.8460866340614,1.7804380490623932,40.71725082397461,0.7113183736801147,0,1,0,0,0,-0.11396062471048557,-0.9774613346680643,-0.8402038801058787,0,0,0,0,58,False,False,
70,5,1462.0136224163816,861.8046415250758,1.244186045796272,47.424198150634766,0.45369333028793335,0,1,0,0,0,0.7901273442491319,-0.9707814118900353,0.19242527828365796,0,0,0,0,58,False,False,
70,6,1489.2915060143919,876.0374166035291,-0.16611236768255278,21.481914520263672,0.40701451897621155,0,1,0,0,0,-0.12860156523760097,-0.915864281788911,-0.2989698224786441,0,0,0,0,58,False,False,
70,7,1461.092161162627,874.983265609169,-0.018395193852553823,40.689273834228516,0.5433527827262878,0,1,0,0,0,-0.5632039261186251,-0.9885422017447821,-0.621391408570573,2,0,0,0,58,False,False,
71,0,1489.5010262575802,874.2331503223713,0.07091082689268889,26.111501693725586,0.6472653746604919,0,1,0,0,0,-0.030163023031547217,-0.9157865778972465,-0.5134802160155134,1,0,0,0,59,False,False,
71,1,1477.4998135914198,872.1644431141099,0.9917467669412826,35.70280075073242,0.8227669596672058,0,1,0,0,0,-0.10556732311619044,-0.9479988023812299,-0.8446172298316743,0,0,0,0,59,False,False,
71,2,1444.9689046946257,866.7819542309709,1.6924722862408834,59.9317741394043,3.7283999919891357,0,2,0,1,1,0.039589486832761624,-0.9394644896094567,-0.35210971195072926,0,0,0,0,59,False,False,
71,3,1390.4439924291446,861.9555742872817,2.2225488011355874,106.9845199584961,6.753391265869141,0,3,0,2,2,0.9227169778853788,-0.9669359852305144,0.4279297095426291,0,0,0,1,59,False,False,
71,4,1464.6505513319646,873.0097088154907,1.7665379284842622,42.48387908935547,0.7261308431625366,0,1,0,0,0,-0.15497167726078057,-0.9820620680058743,-0.8328589169974946,0,0,0,0,59,False,False,
71,5,1460.9563638560317,861.7513954377206,1.0585985118314698,48.4827880859375,0.45065832138061523,0,1,0,0,0,0.8532423388963859,-0.9715560092284926,0.20615476583740433,0,0,0,0,59,False,False,
71,6,1489.4516664891005,876.025803027548,-0.1605809851943298,21.64249038696289,0.4163016080856323,0,1,0,0,0,-0.12712873004429512,-0.9154446238575048,-0.29924830909853695,0,0,0,0,59,False,False,
71,7,1461.1304867759495,874.9787506494749,-0.03859064002564384,40.72787094116211,0.528461754322052,0,1,0,0,0,-0.558844838734117,-0.9884767297260472,-0.6216626057131436,3,0,0,0,59,False,False,
72,0,1489.5010262575802,874.2331503223713,0.0,26.111501693725586,0.6476669311523438,0,1,0,0,0,-0.030163023031547217,-0.9157865778972465,-0.5134802160155134,2,0,0,0,60,False,False,
72,1,1477.0413488262834,872.2367440787702,0.4641307686012041,36.166847229003906,0.8277344107627869,0,1,0,0,0,-0.10749149075912025,-0.9492190569198624,-0.8391484495481839,0,0,0,0,60,False,False,
72,2,1443.744699236357,867.0075780312494,1.244823322125345,61.17650604248047,3.7455546855926514,0,2,0,1,1,0.04874392158951745,-0.9427745822810082,-0.3770594488606289,0,0,0,0,60,False,False,
72,3,1388.7443670182602,861.7681605158409,1.7099270332531196,108.69440460205078,6.739837646484375,0,3,0,2,2,1.0,-0.967213476308858,0.4589781948006759,0,0,0,2,60,False,False,
72,4,1463.0705013091451,873.1646938362524,1.5876329649111713,44.07141876220703,0.7371525168418884,0,1,0,0,0,-0.20598021896473964,-0.9861264100624204,-0.8253085192664602,0,0,0,0,60,False,False,
72,5,1459.6050723505907,861.6775149152929,1.3533096705009053,49.83612823486328,0.4452248215675354,0,1,0,0,0,0.936566957314697,-0.9721425135348004,0.22440064202285903,0,0,0,1,60,False,False,
72,6,1489.6548727362351,876.0109804891297,-0.20374613252693857,21.846277236938477,0.42022058367729187,0,1,0,0,0,-0.12659341790199127,-0.9149119707974358,-0.29960712289990155,0,0,0,0,60,False,False,
72,7,1461.305100292758,874.9580658165079,-0.17583441803902822,40.90365219116211,0.5298548340797424,0,1,0,0,0,-0.5398310616333308,-0.9881720327390356,-0.622930746077718,0,0,0,0,60,False,False,
73,0,1489.497391169297,874.2330653216843,0.0036360819493013604,26.115041732788086,0.64958655834198,0,1,0,0,0,-0.03017581437374809,-0.9157960058772187,-0.5135094310971733,3,0,0,0,61,False,False,
73,1,1476.5169845104572,872.317071532295,0.530481324366588,36.6973762512207,0.844732940196991,0,1,0,0,0,-0.10767175169185066,-0.9506141804428136,-0.8331812119467844,0,0,0,0,61,False,False,
73,2,1442.2298095003282,867.257773479568,1.53541156524399,62.711917877197266,3.7632548809051514,0,2,0,1,1,0.06522982421508061,-0.9468490703346576,-0.40445381918871715,0,0,0,0,61,False,False,
73,3,1387.5831404422606,861.6367034509657,1.1686437099104223,109.86307525634766,6.722054958343506,0,3,0,2,2,1.0,-0.9670305047286685,0.4806082179794986,0,0,0,3,61,False,False,
73,4,1461.259027497838,873.3719646852703,1.8232933318323883,45.89476013183594,0.7450608015060425,0,1,0,0,0,-0.32618875464993,-0.9905705748879607,-0.8131037045066579,0,0,0,0,61,False,False,
73,5,1458.7869924155195,861.6361369422201,0.8191257026987208,50.65528869628906,0.435228168964386,0,1,0,0,0,0.9839229694938176,-0.972283389895052,0.2350515117346863,0,0,0,2,61,False,False,
73,6,1489.5407018887058,876.0193509592664,0.11447727807667113,21.960840225219727,0.42926228046417236,0,1,0,0,0,-0.12728263610823282,-0.9152114169124588,-0.2994025601559114,0,0,0,0,61,False,False,
73,7,1461.4572190879394,874.9399662958466,-0.1531917768537255,41.056949615478516,0.533211350440979,0,1,0,0,0,-0.5240216015556333,-0.9878979131720393,-0.6240372887352248,0,0,0,0,61,False,False,
74,0,1489.3714806653381,874.2300984961781,0.12594545271969718,26.24105453491211,0.6657927632331848,0,1,0,0,0,-0.030181502925776725,-0.9161316647790598,-0.514748413552459,0,0,0,0,62,False,False,
74,1,1475.6901447453783,872.4402837846429,0.8359696503129339,37.53329086303711,0.8593989014625549,0,1,0,0,0,-0.11001562575129861,-0.9528115618318315,-0.8241873547750307,0,0,0,0,62,False,False,
74,2,1441.2440577680004,867.4115846834217,0.9976794897251504,63.70968246459961,3.775177240371704,0,2,0,1,1,0.07461909529683465,-0.9494924298524259,-0.421206524556734,0,0,0,0,62,False,False,
74,3,1386.130228198361,861.4837708840574,1.4609388619974522,111.32398223876953,6.70246696472168,0,3,0,2,2,1.0,-0.9664240969886243,0.5046692103798041,0,0,0,4,62,False,False,
74,4,1459.990216401841,873.5379641411719,1.2796239356484667,47.174373626708984,0.7520067095756531,0,1,0,0,0,-0.5016550323030635,-0.9932927286029002,-0.8020566159696383,0,0,0,0,62,False,False,
74,5,1457.66952224615,861.5797599804288,1.1188913893902153,51.774139404296875,0.42350277304649353,0,1,0,0,0,1.0,-0.9721987593883232,0.2495726079394358,0,0,0,3,62,False,False,
74,6,1489.3534053535036,876.0329063896525,0.1877864260050091,22.14858627319336,0.43965938687324524,0,1,0,0,0,-0.12743405009926315,-0.9157021343298448,-0.29907942191414705,0,0,0,0,62,False,False,
74,7,1461.521123772119,874.9323601477158,-0.06435574682546483,41.121238708496094,0.5232821702957153,0,1,0,0,0,-0.517499982470267,-0.9877806463713178,-0.6244992414941519,1,0,0,0,62,False,False,
75,0,1489.0520964540253,874.2227759551072,0.3194681424550503,26.560474395751953,0.6812905669212341,0,1,0,0,0,-0.03089976312911978,-0.9169824586213489,-0.5178416103490224,0,0,0,0,63,False,False,
75,1,1474.5679189814925,872.6126708785715,1.135388909265031,38.66876220703125,0.8745141625404358,0,1,0,0,0,-0.12056494874707621,-0.9557888124196674,-0.8113663219058341,0,0,0,0,63,False,False,
75,2,1440.1607703635382,867.5728598280502,1.0952265852058387,64.80487823486328,3.7944247722625732,0,2,0,1,1,0.08390939051745332,-0.9523890984288953,-0.43869115062026875,0,0,0,0,63,False,False,
75,3,1384.5082369008999,861.3299281848098,1.6292708016630106,112.95333099365234,6.686152935028076,0,3,0,2,2,1.0,-0.9652840342126796,0.5285059727404422,0,0,0,5,63,False,False,
75,4,1459.2497270919846,873.6350752525526,0.7468299578654407,47.92119216918945,3.96032977104187,0,2,1,1,1,-0.10294308144542204,-0.9032866067659632,-0.7955908638779585,0,0,0,0,63,False,False,
75,5,1457.0811143229262,861.552521619515,0.5890380398734899,52.3632698059082,0.406610906124115,0,1,0,0,0,1.0,-0.9720325719022191,0.2540854518841327,0,0,0,4,63,False,False,
75,6,1489.2186963151335,876.0427277404578,0.13506659079972602,22.283588409423828,0.4484623372554779,0,1,0,0,0,-0.12831652902598054,-0.9160548761755609,-0.29884478650292956,0,0,0,0,63,False,False,
75,7,1461.5252399278777,874.931870207612,-0.004145211639357131,41.12541961669922,0.5148599743843079,0,1,0,0,0,-0.517082402682873,-0.9877729722593273,-0.6245284565758118,2,0,0,0,63,False,False,
76,0,1489.0520964540253,874.2227759551072,0.0,26.560474395751953,0.6813256144523621,0,1,0,0,0,-0.03089976312911978,-0.9169824586213489,-0.5178416103490224,1,0,0,0,64,False,False,
76,1,1473.156490733773,872.8323411052874,1.428420353735574,40.097129821777344,0.8897008299827576,0,1,0,0,0,-0.133218536359171,-0.9595217832135867,-0.7948951190002885,0,0,0,0,64,False,False,
76,2,1439.4486433344887,867.6788586699654,0.7199726800304167,65.52487182617188,3.8106439113616943,0,2,0,1,1,0.0874433589927201,-0.9542917176939218,-0.45017427853898984,0,0,0,0,64,False,False,
76,3,1383.0674474861125,861.1987662862008,1.4467472417148932,114.39996337890625,6.671311855316162,0,3,0,2,2,1.0,-0.9638749872385126,0.5490190764763936,0,0,0,6,64,False,False,
76,4,1458.6906346782898,873.7070555200482,0.5637069149476331,48.484886169433594,3.973804473876953,0,2,0,1,1,-0.10303491303943449,-0.9047704575158754,-0.7908706843292703,0,0,0,0,64,False,False,
76,5,1456.9238503236643,861.5454737280177,0.157421848033779,52.52065658569336,0.39310067892074585,0,1,0,0,0,1.0,-0.9719739399349809,0.2552052299455616,0,0,0,5,64,False,False,
76,6,1488.7721409007952,876.0752522054757,0.4477382928670784,22.731426239013672,0.46062013506889343,0,1,0,0,0,-0.13010791983693176,-0.9172246079225249,-0.2980532350242977,0,0,0,0,64,False,False,
76,7,1461.2164701243307,874.9679875569683,0.310874982118068,41.436363220214844,0.5202314853668213,0,1,0,0,0,-0.5485720641636097,-0.9883290889059358,-0.622351018234213,0,0,0,0,64,False,False,
77,0,1488.8792553602516,874.2189688537494,0.17288301743566692,26.733367919921875,0.6957781910896301,0,1,0,0,0,-0.0316488917831227,-0.9174429370585759,-0.5194986371821888,0,0,0,0,65,False,False,
77,1,1471.4657625749408,873.1185331500634,1.714779167578425,41.81185531616211,0.8990641832351685,0,1,0,0,0,-0.1595090016792104,-0.963967478722822,-0.7724047088079641,0,0,0,0,65,False,False,
77,2,1438.7720776641713,867.7828537064698,0.6845115586091703,66.20933532714844,3.8261876106262207,0,2,0,1,1,0.08791633690118898,-0.9561002678100405,-0.46148914816940356,0,0,0,0,65,False,False,
77,3,1381.7542674483614,861.0722117912165,1.319264132669847,115.71928405761719,6.656003952026367,0,3,0,2,2,1.0,-0.9622743207649986,0.5685658527950943,0,0,0,7,65,False,False,
77,4,1458.6479381014003,873.7125344598751,0.043046677684923484,48.52796173095703,3.9684267044067383,0,2,0,1,1,-0.10289429196681366,-0.9048838277956514,-0.7905037091719234,1,0,0,0,65,False,False,
77,5,1456.9238503236643,861.5454737280177,0.0,52.52065658569336,0.3689170181751251,0,1,0,0,0,1.0,-0.9719739399349809,0.2552052299455616,1,0,0,6,65,False,False,
77,6,1488.1370974309782,876.1210315522454,0.6366914143820258,23.368083953857422,0.4771021008491516,0,1,0,0,0,-0.13233038485281112,-0.9188865573292613,-0.2969978330527885,0,0,0,0,65,False,False,
77,7,1460.5997422687963,875.0358151424199,0.6204464756450463,42.05677795410156,0.523708701133728,0,1,0,0,0,-0.6189005701950185,-0.9893417189536484,-0.6185319895996596,0,0,0,0,65,False,False,
78,0,1488.8792553602516,874.2189688537494,0.0,26.733367919921875,0.690859854221344,0,1,0,0,0,-0.0316488917831227,-0.9174429370585759,-0.5194986371821888,1,0,0,0,66,False,False,
78,1,1469.5048692805392,873.4815626194064,1.9942148599487597,43.806114196777344,0.9099355936050415,0,1,0,0,0,-0.19807434251676012,-0.9690669689165143,-0.7425993795882972,0,0,0,0,66,False,False,
78,2,1438.443699680561,867.8330931679652,0.332198891646843,66.5415267944336,3.8363044261932373,0,2,0,1,1,0.09017635214248558,-0.9569774090264644,-0.4669491096146433,0,0,0,0,66,False,False,
78,3,1380.8706960196805,860.9906003410905,0.8873324621429689,116.6065902709961,-1.3637237548828125,0,3,0,2,2,1.0,-0.9610637693794055,0.5812821315872434,0,0,0,8,66,True,True,collision
78,4,1458.2933529511718,873.7563441078554,0.3572812813718421,48.88527297973633,3.9848315715789795,0,2,0,1,1,-0.10091132789597547,-0.9058248288593768,-0.787725489261142,0,0,0,0,66,False,False,
78,5,1457.013432886945,861.5496113334767,-0.08967806545024797,52.6103515625,0.3427712619304657,0,1,0,0,0,1.0,-0.9720084160058797,0.2545538079486289,2,0,0,7,66,False,False,
78,6,1487.9568348708083,876.1339010156988,0.18072137031522467,23.54884147644043,0.4920560419559479,0,1,0,0,0,-0.13267264031343554,-0.9193582048184648,-0.2967120283693879,0,0,0,0,66,False,False,
78,7,1459.901149875801,875.1056667285472,0.7020759044687402,42.75886535644531,3.7414731979370117,0,2,1,1,1,-0.10832245917025476,-0.9013519908194341,-0.6150352702074888,0,0,0,0,66,False,False,
79,0,1488.887799759066,874.219157939009,-0.008546490761303654,26.741914749145508,0.6880375742912292,0,1,0,0,0,-0.03157443033572317,-0.9174201742011555,-0.5194173952427785,2,0,0,0,67,False,False,
79,1,1467.287934614412,873.9530223098219,2.2665113177662493,46.07260513305664,0.9255127310752869,0,1,0,0,0,-0.2653395212059801,-0.9746904682701488,-0.7015935254805252,0,0,0,0,67,False,False,
79,2,1438.443699680561,867.8330931679652,0.0,66.5415267944336,3.836199998855591,0,2,0,1,1,0.09017635214248558,-0.9569774090264644,-0.4669491096146433,1,0,0,0,67,False,False,
78,3,1380.8706960196805,860.9906003410905,0.8873324621429689,116.6065902709961,-1.3637237548828125,0,3,0,2,2,1.0,-0.9610637693794055,0.5812821315872434,0,0,0,8,66,True,True,collision
79,4,1457.6364239514014,873.8346784508288,0.661582935109573,49.546783447265625,3.9932525157928467,0,2,0,1,1,-0.10007473957978921,-0.9075675216534537,-0.7806699041093557,0,0,0,0,67,False,False,
79,5,1457.0870428919927,861.5530571011753,-0.07369061105822827,52.68404006958008,0.31263038516044617,0,1,0,0,0,1.0,-0.9720352621212969,0.25401958931256274,3,0,0,8,67,False,False,
79,6,1487.9234202049215,876.1362849288141,0.03349959608813089,23.582252502441406,0.4907796382904053,0,1,0,0,0,-0.13278694809732264,-0.9194453679233991,-0.2966535982060682,1,0,0,0,67,False,False,
79,7,1459.5425696554726,875.1396778898356,0.3601895799477483,43.118995666503906,3.7553913593292236,0,2,0,1,1,-0.106109355803849,-0.9022991579537619,-0.6134594567275473,0,0,0,0,67,False,False,
80,0,1488.8197206079972,874.2177074509185,0.06809460129807628,26.81004524230957,0.6902026534080505,0,1,0,0,0,-0.032169112107480496,-0.9176016272515407,-0.5200701893766188,3,0,0,0,68,False,False,
80,1,1464.8310806881825,874.5631803768101,2.531486535919245,48.604148864746094,0.9397551417350769,0,1,0,0,0,-0.3834940181103725,-0.9805437186238714,-0.6456549340956925,0,0,0,0,68,False,False,
80,2,1438.132246246809,867.8799043104055,0.31495162239999996,66.8565444946289,3.8522543907165527,0,2,0,1,1,0.0936755197614016,-0.9578085611896413,-0.4720284174127375,0,0,0,0,68,False,False,
78,3,1380.8706960196805,860.9906003410905,0.8873324621429689,116.6065902709961,-1.3637237548828125,0,3,0,2,2,1.0,-0.9610637693794055,0.5812821315872434,0,0,0,8,66,True,True,collision
80,4,1456.6778485022476,873.9416180826577,0.9645221493444757,50.511348724365234,4.009840488433838,0,2,0,1,1,-0.0979635223872429,-0.9101101436598124,-0.7694940633924965,0,0,0,0,68,False,False,
80,5,1456.8448075864671,861.5424462309863,0.24246759331764683,52.92646026611328,0.2991800308227539,0,1,0,0,0,1.0,-0.9719435025885753,0.25570297260883135,0,0,0,9,68,False,False,
80,6,1487.6034006859113,876.1583004215845,0.3207758944643684,23.903078079223633,0.5027768611907959,0,1,0,0,0,-0.13257019348443716,-0.9202826067936406,-0.2962500756104609,0,0,0,0,68,False,False,
80,7,1459.1937799439809,875.1721457360317,0.35029762185749586,43.46937942504883,3.768596649169922,0,2,0,1,1,-0.1060062485489665,-0.9032207187465107,-0.6120005035742451,0,0,0,0,68,False,False,
81,0,1488.8197206079972,874.2177074509185,0.0,26.81004524230957,0.692260205745697,0,1,0,0,0,-0.032169112107480496,-0.9176016272515407,-0.5200701893766188,4,0,0,0,69,False,False,
81,1,1462.628266254967,875.1439518994755,2.278088450592191,50.88219451904297,0.94682377576828,0,1,0,0,0,-0.5439779957451207,-0.9850795900390533,-0.5914683614386993,0,0,0,0,69,False,False,
81,2,1437.6351919925055,867.9551137212773,0.5027120320868115,67.3592758178711,3.8637688159942627,0,2,0,1,1,0.09608584514614588,-0.959134445352046,-0.4801962338729605,0,0,0,0,69,False,False,
78,3,1380.8706960196805,860.9906003410905,0.8873324621429689,116.6065902709961,-1.3637237548828125,0,3,0,2,2,1.0,-0.9610637693794055,0.5812821315872434,0,0,0,8,66,True,True,collision
81,4,1455.422669855257,874.0652446964735,1.2612521458869308,51.772552490234375,4.028995037078857,0,2,0,1,1,-0.09321090804140794,-0.9134386944199456,-0.7568179767772689,0,0,0,0,69,False,False,
81,5,1456.685743629836,861.5358564508498,0.15920040044365585,53.085655212402344,0.289972722530365,0,1,0,0,0,1.0,-0.9718763304429316,0.25677152422570604,0,0,0,10,69,False,False,
81,6,1487.6034006859113,876.1583004215845,0.0,23.903078079223633,0.4979517459869385,0,1,0,0,0,-0.13257019348443716,-0.9202826067936406,-0.2962500756104609,1,0,0,0,69,False,False,
81,7,1458.7779191805912,875.2094044901901,0.41752651327604384,43.88682174682617,3.782100200653076,0,2,0,1,1,-0.1050040499929297,-0.904318940510287,-0.6104320081578113,0,0,0,0,69,False,False,
82,0,1488.7659839554085,874.2165728527674,0.05374862923276561,26.86376953125,0.6917436718940735,0,1,0,0,0,-0.032346889062896546,-0.9177447086755658,-0.5205832828215434,5,0,0,0,70,False,False,
82,1,1460.9661428644451,875.6025154055301,1.7242200133408643,52.60639953613281,0.9497677087783813,0,1,0,0,0,-0.732855360905334,-0.9875559063002461,-0.5481453968865985,0,0,0,0,70,False,False,
82,2,1436.8350111872282,868.0723921949768,0.808729597286752,68.1679916381836,3.875042200088501,0,2,0,1,1,0.10453422444681451,-0.9612635209664967,-0.4928796385516958,0,0,0,0,70,False,False,
78,3,1380.8706960196805,860.9906003410905,0.8873324621429689,116.6065902709961,-1.3637237548828125,0,3,0,2,2,1.0,-0.9610637693794055,0.5812821315872434,0,0,0,8,66,True,True,collision
82,4,1454.6971662864717,874.1344900964331,0.7288006268766621,52.50143051147461,4.044075012207031,0,2,0,1,1,-0.0933766104847526,-0.9153619840397829,-0.7497626203149672,0,0,0,0,70,False,False,
82,5,1456.2146514723406,861.5173529856303,0.47145540518574564,53.55720901489258,0.2769649028778076,0,1,0,0,0,1.0,-0.9716436715932582,0.25979422748863623,0,0,0,11,70,False,False,
82,6,1487.2892010193425,876.1800511452593,0.31495162239999996,24.218036651611328,0.5138785243034363,0,1,0,0,0,-0.13424712170548977,-0.9211040997850897,-0.29583283164577645,0,0,0,0,70,False,False,
82,7,1458.0553925698825,875.2709631507539,0.7251442421150104,44.611968994140625,3.79830265045166,0,2,0,1,1,-0.10432562323781742,-0.9062272990400797,-0.607761343770264,0,0,0,0,70,False,False,
83,0,1488.7659839554085,874.2165728527674,0.0,26.86376953125,0.6885479092597961,0,1,0,0,0,-0.032346889062896546,-0.9177447086755658,-0.5205832828215434,6,0,0,0,71,False,False,
83,1,1459.1219880287845,876.1537602078674,1.9247799588511028,54.53125,4.16042423248291,0,2,1,1,1,-0.24908906904003314,-0.9031832882733077,-0.49499964724646994,0,0,0,0,71,False,False,
83,2,1436.5537293256139,868.1129894205541,0.2841964468424145,68.45215606689453,3.89017391204834,0,2,0,1,1,0.10803136916536069,-0.9620106158358069,-0.4972635587994396,0,0,0,0,71,False,False,
78,3,1380.8706960196805,860.9906003410905,0.8873324621429689,116.6065902709961,-1.3637237548828125,0,3,0,2,2,1.0,-0.9610637693794055,0.5812821315872434,0,0,0,8,66,True,True,collision
83,4,1454.2813510137914,874.1724935409159,0.4175483238939495,52.91893768310547,4.056909084320068,0,2,0,1,1,-0.09202772248524348,-0.9164638650811909,-0.7459128615309183,0,0,0,0,71,False,False,
83,5,1456.0350501008024,861.5104801934891,0.17973282374186492,53.73690414428711,0.2668232023715973,0,1,0,0,0,1.0,-0.9715414385434716,0.2609213236135728,0,0,0,12,71,False,False,
83,6,1487.1826929118824,876.187513545716,0.10676921080209284,24.32474136352539,0.5275163650512695,0,1,0,0,0,-0.1352621894511256,-0.9213822784201042,-0.2956858414795387,0,0,0,0,71,False,False,
83,7,1457.0320289479976,875.3551131610086,1.0268175723190829,45.63886260986328,3.8163373470306396,0,2,0,1,1,-0.10551523999092752,-0.9089292362826408,-0.5994268698481262,0,0,0,0,71,False,False,
84,0,1488.451105631846,874.2097783106282,0.31495162239999996,27.178783416748047,0.6995279788970947,0,1,0,0,0,-0.03238246228281854,-0.9185836684786375,-0.5235815163096195,0,0,0,0,72,False,False,
84,1,1457.035085218859,876.8465337986098,2.1988857601306138,56.73015594482422,4.172496318817139,0,2,0,1,1,-0.2849109780520621,-0.9085027800405027,-0.42061381858497693,0,0,0,0,72,False,False,
84,2,1435.9656941971514,868.1986948535894,0.5942480404323068,69.04637908935547,3.9021987915039062,0,2,0,1,1,0.11178556550599283,-0.9635718520995192,-0.5065291419581972,0,0,0,0,72,False,False,
78,3,1380.8706960196805,860.9906003410905,0.8873324621429689,116.6065902709961,-1.3637237548828125,0,3,0,2,2,1.0,-0.9610637693794055,0.5812821315872434,0,0,0,8,66,True,True,collision
84,4,1453.7378102335833,874.2182515204743,0.5454634473935018,53.464439392089844,4.074601650238037,0,2,0,1,1,-0.08901820268227488,-0.9179045827810868,-0.7413606544086816,0,0,0,0,72,False,False,
84,5,1455.5437978648515,861.4911833546072,0.49163108864030525,54.228492736816406,0.2559487521648407,0,1,0,0,0,1.0,-0.9712213101277907,0.2640756376749003,0,0,0,13,72,False,False,
84,6,1487.1826929118824,876.187513545716,0.0,24.32474136352539,0.5258747339248657,0,1,0,0,0,-0.1352621894511256,-0.9213822784201042,-0.2956858414795387,1,0,0,0,72,False,False,
84,7,1455.823303160189,875.4502331476469,1.212462717765655,46.851341247558594,3.8348212242126465,0,2,0,1,1,-0.10706343112228246,-0.9121184943145761,-0.5900881060542911,0,0,0,0,72,False,False,
85,0,1488.003380651829,874.2003141937456,0.44782499622023325,27.626514434814453,0.7143293619155884,0,1,0,0,0,-0.033148423280859006,-0.9197760252452011,-0.5278332826214401,0,0,0,0,73,False,False,
85,1,1454.8835121825612,877.6466367644449,2.2955241855536603,59.02558135986328,4.185153484344482,0,2,0,1,1,-0.3285347312744193,-0.913876657145411,-0.3283821488189961,0,0,0,0,73,False,False,
85,2,1435.3538805900491,868.2876547414152,0.6182473222565522,69.66463470458984,3.9151289463043213,0,2,0,1,1,0.11727735684171231,-0.9651938993121272,-0.5161534817459481,0,0,0,0,73,False,False,
78,3,1380.8706960196805,860.9906003410905,0.8873324621429689,116.6065902709961,-1.3637237548828125,0,3,0,2,2,1.0,-0.9610637693794055,0.5812821315872434,0,0,0,8,66,True,True,collision
85,4,1453.444059941462,874.2421852348796,0.29472369569919615,53.75911331176758,4.088485240936279,0,2,0,1,1,-0.0881465467634977,-0.9186829330967086,-0.7389965196890784,0,0,0,0,73,False,False,
85,5,1454.7467775736288,861.454614074177,0.7978587950833096,55.026329040527344,0.24652791023254395,0,1,0,0,0,1.0,-0.9705712080127671,0.26982809297096577,0,0,0,14,73,False,False,
85,6,1486.8685883195003,876.2105966455248,0.31495162239999996,24.639795303344727,0.5402882099151611,0,1,0,0,0,-0.1389032981392701,-0.9222027272352945,-0.2951069712216009,0,0,0,0,73,False,False,
85,7,1454.507519583599,875.5502586189311,1.3195800526415074,48.170806884765625,3.853972911834717,0,2,0,1,1,-0.10974212011434727,-0.915587014005057,-0.5803539667277382,0,0,0,0,73,False,False,
86,0,1487.24861635523,874.1872346262087,0.7548776182319258,28.38138771057129,0.7327967882156372,0,1,0,0,0,-0.03648778061260884,-0.9217857966748548,-0.5346505447440696,0,0,0,0,74,False,False,
86,1,1452.9940646808698,878.3792991148958,2.0265255935753976,61.052181243896484,4.192616939544678,0,2,0,1,1,-0.3587198088148177,-0.9184938668983547,-0.24378390536005845,0,0,0,0,74,False,False,
86,2,1434.5991028965434,868.3967885264931,0.7626267433412056,70.42724609375,3.932213306427002,0,2,0,1,1,0.12504347902731752,-0.9671906846682642,-0.5279439969181805,0,0,0,0,74,False,False,
78,3,1380.8706960196805,860.9906003410905,0.8873324621429689,116.6065902709961,-1.3637237548828125,0,3,0,2,2,1.0,-0.9610637693794055,0.5812821315872434,0,0,0,8,66,True,True,collision
86,4,1452.8415163369095,874.291841509459,0.6045862560397898,54.36369705200195,4.1013288497924805,0,2,0,1,1,-0.09052695587119818,-0.9202791952712589,-0.7340709483970183,0,0,0,0,74,False,False,
86,5,1454.0017361776536,861.4158163320627,0.7460509007500901,55.77245330810547,0.23605844378471375,0,1,0,0,0,1.0,-0.9698288223129437,0.27574909241719414,0,0,0,15,74,False,False,
86,6,1486.8685883195003,876.2105966455248,0.0,24.639795303344727,0.5373616218566895,0,1,0,0,0,-0.1389032981392701,-0.9222027272352945,-0.2951069712216009,1,0,0,0,74,False,False,
86,7,1452.9048545555388,875.6867406979023,1.608465899560215,49.779273986816406,3.8706586360931396,0,2,0,1,1,-0.12166899224661923,-0.9198020686849765,-0.5667337069890823,0,0,0,0,74,False,False,
87,0,1486.8928141914607,874.1823600514314,0.3558355536229884,28.73725700378418,0.7457709908485413,0,1,0,0,0,-0.039273620542985874,-0.9227329971551186,-0.5377072083954655,0,0,0,0,75,False,False,
87,1,1451.103688872589,879.1404448526705,2.037857583509307,63.09005355834961,4.204887866973877,0,2,0,1,1,-0.3914007374820989,-0.9229933373034815,-0.15576795472588534,0,0,0,0,75,False,False,
87,2,1433.6990224955537,868.5238465447172,0.9090041079339144,71.33631896972656,3.948939800262451,0,2,0,1,1,0.1372442086667102,-0.9695628637060981,-0.541637637395213,0,0,0,0,75,False,False,
78,3,1380.8706960196805,860.9906003410905,0.8873324621429689,116.6065902709961,-1.3637237548828125,0,3,0,2,2,1.0,-0.9610637693794055,0.5812821315872434,0,0,0,8,66,True,True,collision
87,4,1452.7584994812178,874.2987051538221,0.08330010770042462,54.44698715209961,4.099248886108398,0,2,0,1,1,-0.09094750381798222,-0.9204990526138497,-0.733390425663168,1,0,0,0,75,False,False,
87,5,1453.188491810189,861.3747930724738,0.814278397748747,56.58671951293945,0.22244703769683838,0,1,0,0,0,1.0,-0.9688964140614723,0.2820579492293336,0,0,0,16,75,False,False,
87,6,1486.9884650834647,876.2018928287002,-0.12019232490419542,24.760103225708008,0.5476863384246826,0,1,0,0,0,-0.13778185447781022,-0.921889395613405,-0.2953115339655912,0,0,0,0,75,False,False,
87,7,1451.0201526061708,875.834922917486,1.8905182908801694,51.66985321044922,3.8845651149749756,0,2,0,1,1,-0.12536506646641404,-0.9247522660845177,-0.5521986035534001,0,0,0,0,75,False,False,
88,0,1486.8928141914607,874.1823600514314,0.0,28.73725700378418,0.7478904128074646,0,1,0,0,0,-0.039273620542985874,-0.9227329971551186,-0.5377072083954655,1,0,0,0,76,False,False,
88,1,1449.1418678739176,879.9793757076108,2.1336697519059444,65.22369384765625,4.21634578704834,0,2,0,1,1,-0.43465717934576936,-0.9274913240873772,-0.05855211198741106,0,0,0,0,76,False,False,
88,2,1432.563091264494,868.6851448115888,1.1473259748616975,72.48357391357422,3.964383125305176,0,2,0,1,1,0.15184543632917635,-0.9725441585290878,-0.559027128633147,0,0,0,0,76,False,False,
78,3,1380.8706960196805,860.9906003410905,0.8873324621429689,116.6065902709961,-1.3637237548828125,0,3,0,2,2,1.0,-0.9610637693794055,0.5812821315872434,0,0,0,8,66,True,True,collision
88,4,1452.7584994812178,874.2987051538221,0.0,54.44698715209961,4.098016262054443,0,2,0,1,1,-0.09094750381798222,-0.9204990526138497,-0.733390425663168,2,0,0,0,76,False,False,
88,5,1452.2893013857818,861.3286533630752,0.9003734181599284,57.4870719909668,0.20917215943336487,0,1,0,0,0,1.0,-0.9677246060849087,0.28913520270978754,0,0,0,17,76,False,False,
88,6,1486.7923009686112,876.2165873598294,0.19671372397807887,24.95682144165039,0.5582172870635986,0,1,0,0,0,-0.14017417314235495,-0.9224013867786928,-0.2949161298466877,0,0,0,0,76,False,False,
88,7,1449.5335961080782,875.9315561471407,1.4896939964619988,53.15956497192383,3.9036831855773926,0,2,0,1,1,-0.1232045424186683,-0.9286545286246548,-0.5431525337136898,0,0,0,0,76,False,False,
89,0,1486.9167641135236,874.1826923870863,-0.02395222774203063,28.761184692382812,0.7420051693916321,0,1,0,0,0,-0.039128694930970355,-0.9226693149037296,-0.5375018166520935,2,0,0,0,77,False,False,
89,1,1446.9544008114322,880.972274862815,2.4022616181140872,67.62599182128906,4.226127624511719,0,2,0,1,1,-0.4876820667170629,-0.9322440784871229,0.05674094844161259,0,0,0,0,77,False,False,
89,2,1431.256590998984,868.8617480246525,1.3183822050688194,73.8019790649414,3.978572368621826,0,2,0,1,1,0.17869322530525708,-0.9759396119613833,-0.5779607884435886,0,0,0,0,77,False,False,
78,3,1380.8706960196805,860.9906003410905,0.8873324621429689,116.6065902709961,-1.3637237548828125,0,3,0,2,2,1.0,-0.9610637693794055,0.5812821315872434,0,0,0,8,66,True,True,collision
89,4,1452.508452183748,874.3192924651046,0.2508933804583762,54.69795227050781,4.113708019256592,0,2,0,1,1,-0.09149701457844989,-0.9211614632141232,-0.7313558039047129,0,0,0,0,77,False,False,
89,5,1451.379313643036,861.2839288269787,0.9110861518409191,58.3982048034668,0.199018657207489,0,1,0,0,0,1.0,-0.966409729397005,0.2960514587930707,0,0,0,18,77,False,False,
89,6,1486.7923009686112,876.2165873598294,0.0,24.95682144165039,0.5507341027259827,0,1,0,0,0,-0.14017417314235495,-0.9224013867786928,-0.2949161298466877,1,0,0,0,77,False,False,
89,7,1447.8054650654626,876.0397511483279,1.7315146718215868,54.89109420776367,3.919116973876953,0,2,0,1,1,-0.13004203965954023,-0.933182114251316,-0.5331476546235354,0,0,0,0,77,False,False,
90,0,1487.023226931761,874.1841731289106,-0.10647311521403723,28.867639541625977,0.7552345395088196,0,1,0,0,0,-0.03896486649688566,-0.9223859699413876,-0.5365852006115615,0,0,0,0,78,False,False,
90,1,1444.5467195633514,882.1111561272528,2.6634525576491135,70.28935241699219,4.232027053833008,0,2,0,1,1,-0.5483869219383242,-0.9370849365276528,0.18915307479301036,0,0,0,0,78,False,False,
90,2,1430.4791243948102,868.9692259386372,0.7848603841448067,74.58683776855469,3.986665725708008,0,2,0,1,1,0.19333785467199094,-0.9779449410287585,-0.5895171255835727,0,0,0,0,78,False,False,
78,3,1380.8706960196805,860.9906003410905,0.8873324621429689,116.6065902709961,-1.3637237548828125,0,3,0,2,2,1.0,-0.9610637693794055,0.5812821315872434,0,0,0,8,66,True,True,collision
90,4,1452.3526222766197,874.3322729967485,0.1563696075244957,54.85425567626953,4.125367164611816,0,2,0,1,1,-0.0925959681952021,-0.9215738842279436,-0.7300604209052833,0,0,0,0,78,False,False,
90,5,1450.8311415196351,861.2570934113672,0.5488285856303937,58.946956634521484,0.18925927579402924,0,1,0,0,0,1.0,-0.9655594703743863,0.3002158943079529,0,0,0,19,78,False,False,
90,6,1486.9297681576832,876.2062882154892,-0.13785245897500004,25.09465980529785,0.5621671080589294,0,1,0,0,0,-0.13952538793873576,-0.9220426632183517,-0.2951946736389517,0,0,0,0,78,False,False,
90,7,1446.617368830215,876.1030602450307,1.1897817892097808,56.08089065551758,3.9284439086914062,0,2,0,1,1,-0.13027137646078396,-0.9362918009278103,-0.527585440392486,0,0,0,0,78,False,False,
91,0,1486.8130312687285,874.1814431054619,0.2102133910711734,29.077861785888672,0.7695025205612183,0,1,0,0,0,-0.03983932285536519,-0.9229454657482997,-0.5383737238983828,0,0,0,0,79,False,False,
91,1,1441.8985005600568,883.3344598107395,2.917110863755895,73.20645141601562,4.2314958572387695,0,2,0,1,1,-0.6068814177243382,-0.9419094131735352,0.3312768431429116,0,0,0,0,79,False,False,
91,2,1429.8301751741474,869.0574258205803,0.6549154984987238,75.24172973632812,3.9939119815826416,0,2,0,1,1,0.21121470316192048,-0.9796034173132229,-0.5989805251465242,0,0,0,0,79,False,False,
78,3,1380.8706960196805,860.9906003410905,0.8873324621429689,116.6065902709961,-1.3637237548828125,0,3,0,2,2,1.0,-0.9610637693794055,0.5812821315872434,0,0,0,8,66,True,True,collision
91,4,1452.3526222766197,874.3322729967485,0.0,54.85425567626953,4.118630886077881,0,2,0,1,1,-0.0925959681952021,-0.9215738842279436,-0.7300604209052833,1,0,0,0,79,False,False,
91,5,1450.8027810578367,861.2557108596562,0.028394140991628746,58.97542953491211,0.16238416731357574,0,1,0,0,0,1.0,-0.9655143378361187,0.3004208000861701,1,0,0,20,79,False,False,
91,6,1486.992282028406,876.201602493992,-0.06268923367448268,25.157337188720703,0.559809148311615,0,1,0,0,0,-0.13925052473403463,-0.921879525545267,-0.2953188520290989,1,0,0,0,79,False,False,
91,7,1445.959398898101,876.1329158204222,0.6586469364903279,56.739524841308594,3.942701578140259,0,2,0,1,1,-0.12877315914186183,-0.9380133351734331,-0.5251337176002744,0,0,0,0,79,False,False,
92,0,1486.291499030927,874.1745113708598,0.521578300939423,29.59939193725586,0.7850766181945801,0,1,0,0,0,-0.040374033007311835,-0.924333473531815,-0.5428382286032687,0,0,0,0,80,False,False,
92,1,1439.3860369416748,884.5358664569785,2.784932918998316,75.99148559570312,4.2196044921875,0,2,0,1,1,-0.6872698193412842,-0.9457831079005556,0.4710077190705191,0,0,0,0,80,False,False,
92,2,1428.8806404170864,869.1843967672345,0.9579863653315225,76.19976043701172,4.006927013397217,0,2,0,1,1,0.24220939342956552,-0.9819975460976061,-0.6125714840449635,0,0,0,0,80,False,False,
78,3,1380.8706960196805,860.9906003410905,0.8873324621429689,116.6065902709961,-1.3637237548828125,0,3,0,2,2,1.0,-0.9610637693794055,0.5812821315872434,0,0,0,8,66,True,True,collision
92,4,1452.4899986451119,874.3208259960345,-0.13785245897500004,54.992061614990234,4.127696990966797,0,2,0,1,1,-0.09218159875778788,-0.9212102729986353,-0.73120212457105,0,0,0,0,80,False,False,
92,5,1450.8027810578367,861.2557108596562,0.0,58.97542953491211,0.13411711156368256,0,1,0,0,0,1.0,-0.9655143378361187,0.3004208000861701,2,0,0,21,80,False,False,
92,6,1486.7722099189184,876.2184225096432,0.22071394677461947,25.378074645996094,0.5710725784301758,0,1,0,0,0,-0.14124000344152896,-0.9224538222784165,-0.2948358026652158,0,0,0,0,80,False,False,
92,7,1444.9983636409772,876.1671314093402,0.9616441503799135,57.70106887817383,3.9574813842773438,0,2,0,1,1,-0.1278128688788911,-0.940528077644543,-0.5226817947047636,0,0,0,0,80,False,False,
93,0,1485.5081237025984,874.1596013309936,0.7835172074198063,30.382858276367188,0.8029398918151855,0,1,0,0,0,-0.03776195314646631,-0.9264191426777981,-0.5500663027988277,0,0,0,0,81,False,False,
93,1,1436.6332383732265,885.8138232072665,3.034975026924761,79.0264663696289,-3.8001184463500977,0,2,0,1,1,-0.7691513281906737,-0.949184641260681,0.6195064354936142,0,0,0,0,81,True,True,collision
93,2,1427.6380416853237,869.3593525272449,1.2548550219602177,77.45457458496094,4.016040802001953,0,2,0,1,1,0.2898789347317906,-0.9850630623193066,-0.6314246737430054,0,0,0,0,81,False,False,
78,3,1380.8706960196805,860.9906003410905,0.8873324621429689,116.6065902709961,-1.3637237548828125,0,3,0,2,2,1.0,-0.9610637693794055,0.5812821315872434,0,0,0,8,66,True,True,collision
93,4,1452.4028465299348,874.3280459776388,0.08745066788886748,55.07952117919922,4.1260247230529785,0,2,0,1,1,-0.09214933505477348,-0.9214410523122092,-0.730484811416362,1,0,0,0,81,False,False,
93,5,1450.940463485076,861.262555541895,-0.13785245897500004,59.1132926940918,0.11151622980833054,0,1,0,0,0,1.0,-0.9657325689966937,0.2993668845963111,0,0,0,22,81,False,False,
93,6,1486.7722099189184,876.2184225096432,0.0,25.378074645996094,0.5651795268058777,0,1,0,0,0,-0.14124000344152896,-0.9224538222784165,-0.2948358026652158,1,0,0,0,81,False,False,
93,7,1444.3566022794785,876.1844230993474,0.6419942738499667,58.34314727783203,3.9709393978118896,0,2,0,1,1,-0.12590846028814187,-0.9422078434094672,-0.5217083779134897,0,0,0,0,81,False,False,
94,0,1484.4242975780196,874.1395970113068,1.0840107200233577,31.46690559387207,0.8181615471839905,0,1,0,0,0,-0.039686305517733445,-0.9293045426301799,-0.560006005385866,0,0,0,0,82,False,False,
93,1,1436.6332383732265,885.8138232072665,3.034975026924761,79.0264663696289,-3.8001184463500977,0,2,0,1,1,-0.7691513281906737,-0.949184641260681,0.6195064354936142,0,0,0,0,81,True,True,collision
94,2,1426.10963496849,869.5866554310859,1.5452163933111542,78.99982452392578,4.024257183074951,0,2,0,1,1,0.38527129826740225,-0.9886369883979919,-0.6560524444447493,0,0,0,0,82,False,False,
78,3,1380.8706960196805,860.9906003410905,0.8873324621429689,116.6065902709961,-1.3637237548828125,0,3,0,2,2,1.0,-0.9610637693794055,0.5812821315872434,0,0,0,8,66,True,True,collision
94,4,1452.4028465299348,874.3280459776388,0.0,55.07952117919922,4.124333381652832,0,2,0,1,1,-0.09214933505477348,-0.9214410523122092,-0.730484811416362,2,0,0,0,82,False,False,
94,5,1451.1051654792698,861.2706682716909,-0.16490167760259533,59.27828598022461,0.08670808374881744,0,1,0,0,0,1.0,-0.9659902235164401,0.29811538139174254,0,0,0,23,82,False,False,
94,6,1486.4582116510176,876.2429094900132,0.31495162239999996,25.692991256713867,0.5772373080253601,0,1,0,0,0,-0.1437675267549126,-0.9232725123018534,-0.2940881023952594,0,0,0,0,82,False,False,
94,7,1443.4115432923616,876.2066217118668,0.945319664202583,59.288475036621094,3.9821062088012695,0,2,0,1,1,-0.12931097896944013,-0.944679152854526,-0.5206691271368317,0,0,0,0,82,False,False,
95,0,1483.3521152083722,874.1122018654029,1.0725322968572435,32.539398193359375,0.8327054381370544,0,1,0,0,0,-0.03665429862555559,-0.9321599798897382,-0.5707526959917479,0,0,0,0,83,False,False,
93,1,1436.6332383732265,885.8138232072665,3.034975026924761,79.0264663696289,-3.8001184463500977,0,2,0,1,1,-0.7691513281906737,-0.949184641260681,0.6195064354936142,0,0,0,0,81,True,True,collision
95,2,1425.114432644895,869.7422282110841,1.007288714701568,80.00714874267578,4.033102035522461,0,2,0,1,1,0.48486370913866556,-0.9907332679404935,-0.673002909044589,0,0,0,0,83,False,False,
78,3,1380.8706960196805,860.9906003410905,0.8873324621429689,116.6065902709961,-1.3637237548828125,0,3,0,2,2,1.0,-0.9610637693794055,0.5812821315872434,0,0,0,8,66,True,True,collision
95,4,1452.3967492817148,874.3285507839784,0.0061181096178838015,55.08564376831055,4.118785381317139,0,2,0,1,1,-0.09213583350939543,-0.9214572161549053,-0.7304335849718078,3,0,0,0,83,False,False,
95,5,1451.404881010732,861.2859066017769,-0.3001026599406885,59.57835388183594,0.06346556544303894,0,1,0,0,0,1.0,-0.9664500446506854,0.2957734867245183,0,0,0,24,83,False,False,
95,6,1486.0665883844435,876.2738909179914,0.3928468299499143,26.085935592651367,0.5911828875541687,0,1,0,0,0,-0.14646150577632397,-0.9242931533723963,-0.29311302760522207,0,0,0,0,83,False,False,
95,7,1442.169620309862,876.2430272667341,1.2424564615654041,60.53083038330078,3.9974868297576904,0,2,0,1,1,-0.14141727494388634,-0.9479154937743963,-0.5184296281863449,0,0,0,0,83,False,False,
96,0,1482.0719835030534,874.0810220192969,1.2805113688545595,33.81993103027344,0.8478193283081055,0,1,0,0,0,-0.039395507273340194,-0.9355685237487663,-0.583390277015003,0,0,0,0,84,False,False,
93,1,1436.6332383732265,885.8138232072665,3.034975026924761,79.0264663696289,-3.8001184463500977,0,2,0,1,1,-0.7691513281906737,-0.949184641260681,0.6195064354936142,0,0,0,0,81,True,True,collision
96,2,1424.005422189049,869.912413329934,1.1219924981270926,81.12913513183594,4.0331597328186035,0,2,0,1,1,0.6671408424127697,-0.9925972403977223,-0.6915048602804442,0,0,0,0,84,False,False,
78,3,1380.8706960196805,860.9906003410905,0.8873324621429689,116.6065902709961,-1.3637237548828125,0,3,0,2,2,1.0,-0.9610637693794055,0.5812821315872434,0,0,0,8,66,True,True,collision
96,4,1452.3157592857942,874.3351748427986,0.08126043068099165,55.16685104370117,4.117273807525635,0,2,0,1,1,-0.09175385250818459,-0.9216715125771191,-0.7297748449113675,4,0,0,0,84,False,False,
96,5,1451.7535716667126,861.3031762467406,-0.34911805196134066,59.92741394042969,0.031052321195602417,0,1,0,0,0,1.0,-0.9669676938365647,0.29310936857346825,0,0,0,25,84,False,False,
96,6,1485.3679037726192,876.3298450915457,0.7009215764537501,26.78678321838379,0.6079567074775696,0,1,0,0,0,-0.15076578022345125,-0.9261111704400348,-0.2912724774606502,0,0,0,0,84,False,False,
96,7,1441.3295846636456,876.2671826408242,0.8403828704891273,61.37126541137695,4.008358955383301,0,2,0,1,1,-0.14734617427376154,-0.9500994233338647,-0.5169659011400514,0,0,0,0,84,False,False,
97,0,1481.2348453815976,874.0592960349209,0.8374199978456919,34.657371520996094,0.8643791079521179,0,1,0,0,0,-0.03975882573388263,-0.9377974808095407,-0.5918125676992341,0,0,0,0,85,False,False,
93,1,1436.6332383732265,885.8138232072665,3.034975026924761,79.0264663696289,-3.8001184463500977,0,2,0,1,1,-0.7691513281906737,-0.949184641260681,0.6195064354936142,0,0,0,0,81,True,True,collision
97,2,1423.4197816031117,869.9995229868093,0.5920835990110986,81.72114562988281,4.034289836883545,0,2,0,1,1,0.8001040438556674,-0.993238712274822,-0.7009460483772023,0,0,0,0,85,False,False,
78,3,1380.8706960196805,860.9906003410905,0.8873324621429689,116.6065902709961,-1.3637237548828125,0,3,0,2,2,1.0,-0.9610637693794055,0.5812821315872434,0,0,0,8,66,True,True,collision
97,4,1452.3157592857942,874.3351748427986,0.0,55.16685104370117,4.117743968963623,0,2,0,1,1,-0.09175385250818459,-0.9216715125771191,-0.7297748449113675,5,0,0,0,85,False,False,
97,5,1452.1841962240717,861.3233422382775,-0.4310964817941729,60.358551025390625,0.003535434603691101,0,1,0,0,0,1.0,-0.967578988135208,0.2899476221038906,0,1,0,26,85,False,False,
97,6,1484.3675549991974,876.4038118849002,1.0030796354256801,27.789880752563477,0.6174816489219666,0,1,0,0,0,-0.15234020640265902,-0.9287125920382913,-0.2893816728018338,0,0,0,0,85,False,False,
97,7,1440.3330226946196,876.2930500218492,0.9968976273973178,62.36818313598633,4.0255045890808105,0,2,0,1,1,-0.15367203250270653,-0.9526848684928229,-0.5155825584476008,0,0,0,0,85,False,False,
98,0,1480.9225579826289,874.0503920440403,0.31241430922460955,34.96975326538086,0.8784142732620239,0,1,0,0,0,-0.038647654079412064,-0.9386289893784551,-0.5950527546620352,0,0,0,0,86,False,False,
93,1,1436.6332383732265,885.8138232072665,3.034975026924761,79.0264663696289,-3.8001184463500977,0,2,0,1,1,-0.7691513281906737,-0.949184641260681,0.6195064354936142,0,0,0,0,81,True,True,collision
98,2,1422.554374598455,870.1190506636983,0.8736224294575676,82.59484100341797,4.0313544273376465,0,2,0,1,1,1.0,-0.9935406025665924,-0.7125318007021453,0,0,0,1,86,False,False,
78,3,1380.8706960196805,860.9906003410905,0.8873324621429689,116.6065902709961,-1.3637237548828125,0,3,0,2,2,1.0,-0.9610637693794055,0.5812821315872434,0,0,0,8,66,True,True,collision
98,4,1452.4531410450222,874.3237927218685,-0.13785245897500004,55.30465316772461,4.1264119148254395,0,2,0,1,1,-0.0919943519969719,-0.9213079007115693,-0.7309092019274407,0,0,0,0,86,False,False,
98,5,1452.7453373501612,861.349251061251,-0.5617389344677848,60.92030334472656,-0.019839538261294365,0,1,0,0,0,1.0,-0.9683294908997608,0.28588563947811685,0,2,0,27,86,False,False,
98,6,1483.675236219026,876.4506220869899,0.6938994800385754,28.483722686767578,0.6283202767372131,0,1,0,0,0,-0.15224633591562906,-0.9305115217766498,-0.2885973822143385,0,0,0,0,86,False,False,
98,7,1439.569154696326,876.3077729329326,0.7640098709622839,63.132118225097656,4.039600849151611,0,2,0,1,1,-0.1560745777768956,-0.9546636713736412,-0.5151142595554756,0,0,0,0,86,False,False,
99,0,1480.5934575590761,874.0412328096197,0.3292278547719829,35.298980712890625,0.886896550655365,0,1,0,0,0,-0.0396478028262796,-0.939505254681184,-0.5984399032048888,0,0,0,0,87,False,False,
93,1,1436.6332383732265,885.8138232072665,3.034975026924761,79.0264663696289,-3.8001184463500977,0,2,0,1,1,-0.7691513281906737,-0.949184641260681,0.6195064354936142,0,0,0,0,81,True,True,collision
99,2,1422.2093946452553,870.164910433522,0.34801477928089886,82.94284057617188,4.0290913581848145,0,2,0,1,1,1.0,-0.993425847705198,-0.7162747900830635,0,0,0,2,87,False,False,
78,3,1380.8706960196805,860.9906003410905,0.8873324621429689,116.6065902709961,-1.3637237548828125,0,3,0,2,2,1.0,-0.9610637693794055,0.5812821315872434,0,0,0,8,66,True,True,collision
99,4,1452.5904773829882,874.312426717948,-0.137805862614891,55.44245147705078,4.13754940032959,0,2,0,1,1,-0.09151189648947466,-0.920944243183807,-0.7320362980523775,0,0,0,0,87,False,False,
99,5,1453.3675285809231,861.3749872847161,-0.6227232778973802,61.54302978515625,-0.04764062911272049,0,1,0,0,0,1.0,-0.9690907929003758,0.2817359544349922,0,3,0,28,87,False,False,
99,6,1482.7220817839325,876.5128629084584,0.9551844308800106,29.439001083374023,0.6422023177146912,0,1,0,0,0,-0.15645817673729426,-0.9329851426081347,-0.2877766156540468,0,0,0,0,87,False,False,
99,7,1438.613718293926,876.3147498197637,0.9554618757337587,64.08758544921875,4.0562005043029785,0,2,0,1,1,-0.15719923464889438,-0.9571385960830652,-0.5159193608860712,0,0,0,0,87,False,False,
100,0,1480.5755089507586,874.0407315350898,0.017955606831607025,35.316932678222656,0.8817763924598694,0,1,0,0,0,-0.03961595386875842,-0.9395530438748999,-0.5986298298218635,1,0,0,0,88,False,False,
93,1,1436.6332383732265,885.8138232072665,3.034975026924761,79.0264663696289,-3.8001184463500977,0,2,0,1,1,-0.7691513281906737,-0.949184641260681,0.6195064354936142,0,0,0,0,81,True,True,collision
100,2,1421.8251184291646,870.213715960572,0.3873631238563005,83.33020782470703,4.026292324066162,0,2,0,1,1,1.0,-0.9931453623677421,-0.7201786339302243,0,0,0,3,88,False,False,
78,3,1380.8706960196805,860.9906003410905,0.8873324621429689,116.6065902709961,-1.3637237548828125,0,3,0,2,2,1.0,-0.9610637693794055,0.5812821315872434,0,0,0,8,66,True,True,collision
100,4,1452.8319812963803,874.2923150225678,-0.2423398862645572,55.68486785888672,4.144848346710205,0,2,0,1,1,-0.09109562791043117,-0.9203044719129098,-0.7340343294932938,0,0,0,0,88,False,False,
100,5,1454.116826141994,861.404316958846,-0.7498713655096275,62.292869567871094,-0.07784129679203033,0,1,0,0,0,1.0,-0.9699070475151303,0.2769347330501928,0,4,0,29,88,False,False,
100,6,1482.2948611003287,876.5417664304152,0.428197298076938,29.86709976196289,0.6539797186851501,0,1,0,0,0,-0.1606579749420032,-0.9340912035284503,-0.2872927658769676,0,0,0,0,88,False,False,
100,7,1437.3613639798436,876.3233778995137,1.252384035254675,65.34005737304688,4.063980579376221,0,2,0,1,1,-0.1700288291733841,-0.9603691828318228,-0.5170317637116212,0,0,0,0,88,False,False,
101,0,1480.4301530336325,874.036653366486,0.1454131153051354,35.46237564086914,0.8955289125442505,0,1,0,0,0,-0.039791024080763134,-0.9399401270776803,-0.6001179980568254,0,0,0,0,89,False,False,
93,1,1436.6332383732265,885.8138232072665,3.034975026924761,79.0264663696289,-3.8001184463500977,0,2,0,1,1,-0.7691513281906737,-0.949184641260681,0.6195064354936142,0,0,0,0,81,True,True,collision
101,2,1421.2820426178118,870.2783096733721,0.5469037251744663,83.87712097167969,7.245635032653809,0,3,1,2,2,-0.00551263727548922,-0.9093696843048112,-0.725166437348286,0,0,0,0,89,False,False,
78,3,1380.8706960196805,860.9906003410905,0.8873324621429689,116.6065902709961,-1.3637237548828125,0,3,0,2,2,1.0,-0.9610637693794055,0.5812821315872434,0,0,0,8,66,True,True,collision
101,4,1452.7557672982164,874.2986951554781,0.07648058323575259,55.76142883300781,4.141685485839844,0,2,0,1,1,-0.09160592331337764,-0.9205065259526353,-0.7333977437266759,1,0,0,0,89,False,False,
101,5,1454.9907728216876,861.4381820301128,-0.8746025623101708,63.16742706298828,-0.1053771823644638,0,1,0,0,0,1.0,-0.9707142235463703,0.27137986546883686,0,5,0,30,89,False,False,
101,6,1482.222705157125,876.5466290547868,0.07231960491746126,29.939529418945312,0.6440101861953735,0,1,0,0,0,-0.1609574853708851,-0.9342782199212016,-0.2872115239375572,1,0,0,0,89,False,False,
101,7,1435.8185707172875,876.3183872378248,1.5428013344863705,66.8827896118164,4.072519779205322,0,2,0,1,1,-0.18224678676691547,-0.9643327512164693,-0.5202740088797839,0,0,0,0,89,False,False,
102,0,1480.4301530336325,874.036653366486,0.0,35.46237564086914,0.8969647884368896,0,1,0,0,0,-0.039791024080763134,-0.9399401270776803,-0.6001179980568254,1,0,0,0,90,False,False,
93,1,1436.6332383732265,885.8138232072665,3.034975026924761,79.0264663696289,-3.8001184463500977,0,2,0,1,1,-0.7691513281906737,-0.949184641260681,0.6195064354936142,0,0,0,0,81,True,True,collision
102,2,1421.1704717116772,870.2915186040191,0.11235009098594566,83.98934936523438,7.260115623474121,0,3,0,2,2,-0.005184240348581347,-0.9096689472879342,-0.7261773020426658,0,0,0,0,90,False,False,
78,3,1380.8706960196805,860.9906003410905,0.8873324621429689,116.6065902709961,-1.3637237548828125,0,3,0,2,2,1.0,-0.9610637693794055,0.5812821315872434,0,0,0,8,66,True,True,collision
102,4,1452.5387952986994,874.3173627300919,0.21777356799301975,55.979148864746094,4.155097007751465,0,2,0,1,1,-0.0937570436882475,-0.9210808719829523,-0.7315314088427134,0,0,0,0,90,False,False,
102,5,1455.90199457349,861.4674723959201,-0.9116923858883125,64.07915496826172,-0.140889972448349,0,1,0,0,0,1.0,-0.9713614496872796,0.2663078757342505,0,6,0,31,90,False,False,
102,6,1482.0055742665145,876.5614865906824,0.2176386225608719,30.157075881958008,0.6498568654060364,0,1,0,0,0,-0.16303704082487103,-0.9348396029189452,-0.28694767344468,0,0,0,0,90,False,False,
102,7,1434.2668182994396,876.3204022197891,1.5517537260948324,68.4345474243164,4.083862781524658,0,2,0,1,1,-0.2089469119892922,-0.9682748395907155,-0.5226891127682713,0,0,0,0,90,False,False,
103,0,1480.4217694351298,874.036417816798,0.008386906909593199,35.470802307128906,0.8943665027618408,0,1,0,0,0,-0.03978020582355681,-0.9399625548477506,-0.6002065294735579,2,0,0,0,91,False,False,
93,1,1436.6332383732265,885.8138232072665,3.034975026924761,79.0264663696289,-3.8001184463500977,0,2,0,1,1,-0.7691513281906737,-0.949184641260681,0.6195064354936142,0,0,0,0,81,True,True,collision
103,2,1420.7976737374104,870.3342296902877,0.3752366806532866,84.36459350585938,7.2732319831848145,0,3,0,2,2,-0.0028154149603368396,-0.9106695853248705,-0.7294078268747421,0,0,0,0,91,False,False,
78,3,1380.8706960196805,860.9906003410905,0.8873324621429689,116.6065902709961,-1.3637237548828125,0,3,0,2,2,1.0,-0.9610637693794055,0.5812821315872434,0,0,0,8,66,True,True,collision
103,4,1452.3011585566524,874.3385941417893,0.2385833062337665,56.21776580810547,4.168961524963379,0,2,0,1,1,-0.09662258625038854,-0.9217099284405099,-0.7293870161316419,0,0,0,0,91,False,False,
103,5,1456.639885313435,861.4903237067367,-0.7382444896526962,64.81742095947266,-0.17295697331428528,0,1,0,0,0,1.0,-0.9717404055683961,0.26230443761653865,0,7,0,32,91,False,False,
103,6,1482.0055742665145,876.5614865906824,0.0,30.157075881958008,0.6418040990829468,0,1,0,0,0,-0.16303704082487103,-0.9348396029189452,-0.28694767344468,1,0,0,0,91,False,False,
103,7,1432.5108226238485,876.3495610641182,1.7562377546610577,70.1907730102539,4.100599765777588,0,2,0,1,1,-0.2554122454318948,-0.9726389654060031,-0.5221988596856229,0,0,0,0,91,False,False,
104,0,1480.3634449635042,874.0347929259817,0.0583471015611191,35.5291748046875,0.8891711235046387,0,1,0,0,0,-0.04003405635294668,-0.9401179126871612,-0.60081458622697,3,0,0,0,92,False,False,
93,1,1436.6332383732265,885.8138232072665,3.034975026924761,79.0264663696289,-3.8001184463500977,0,2,0,1,1,-0.7691513281906737,-0.949184641260681,0.6195064354936142,0,0,0,0,81,True,True,collision
104,2,1420.4538592230685,870.373743926481,0.34607772990180785,84.71072387695312,7.28192663192749,0,3,0,2,2,-0.0030727495352317015,-0.9115925940467114,-0.7324032017442604,0,0,0,0,92,False,False,
78,3,1380.8706960196805,860.9906003410905,0.8873324621429689,116.6065902709961,-1.3637237548828125,0,3,0,2,2,1.0,-0.9610637693794055,0.5812821315872434,0,0,0,8,66,True,True,collision
104,4,1452.3011585566524,874.3385941417893,0.0,56.21776580810547,4.167775630950928,0,2,0,1,1,-0.09662258625038854,-0.9217099284405099,-0.7293870161316419,1,0,0,0,92,False,False,
104,5,1457.4164894529442,861.5147039401636,-0.776986734304323,65.59441375732422,-0.19839759171009064,0,1,0,0,0,1.0,-0.9719959640833475,0.2580449816207979,0,8,0,33,92,False,False,
104,6,1481.738329161542,876.5796811233807,0.267863747364073,30.42502784729004,0.6539716720581055,0,1,0,0,0,-0.16460320917900997,-0.9355306543747658,-0.28663265367961954,0,0,0,0,92,False,False,
104,7,1430.5342676117332,876.4308246268226,1.9782248311407176,72.16900634765625,4.115207195281982,0,2,0,1,1,-0.3322952672698856,-0.9773384692193893,-0.5158386334980012,0,0,0,0,92,False,False,
105,0,1479.9912687101466,874.0242807002571,0.37232468418432485,35.90151596069336,0.9014594554901123,0,1,0,0,0,-0.04045947389160776,-0.9411088466742771,-0.6046555404658611,0,0,0,0,93,False,False,
93,1,1436.6332383732265,885.8138232072665,3.034975026924761,79.0264663696289,-3.8001184463500977,0,2,0,1,1,-0.7691513281906737,-0.949184641260681,0.6195064354936142,0,0,0,0,81,True,True,collision
105,2,1419.9728258502278,870.428850063218,0.48417950399886467,85.1949462890625,7.294988632202148,0,3,0,2,2,-0.0028817172467206042,-0.9128838500789003,-0.7365708960842986,0,0,0,0,93,False,False,
78,3,1380.8706960196805,860.9906003410905,0.8873324621429689,116.6065902709961,-1.3637237548828125,0,3,0,2,2,1.0,-0.9610637693794055,0.5812821315872434,0,0,0,8,66,True,True,collision
105,4,1452.4093245436725,874.3289604042308,-0.10859415107364169,56.32634735107422,4.17778205871582,0,2,0,1,1,-0.09609172107483725,-0.9214236814475149,-0.7303604043367302,0,0,0,0,93,False,False,
105,5,1457.8659133382287,861.5281634879991,-0.44962538639634014,66.04407501220703,-0.21795816719532013,0,1,0,0,0,1.0,-0.9720727452590855,0.25438137607722755,0,9,0,34,93,False,False,
105,6,1481.738329161542,876.5796811233807,0.0,30.42502784729004,0.652938187122345,0,1,0,0,0,-0.16460320917900997,-0.9355306543747658,-0.28663265367961954,1,0,0,0,93,False,False,
105,7,1428.510637069689,876.539806017919,2.0265629805903824,74.19561767578125,4.122820854187012,0,2,0,1,1,-0.4369724369653707,-0.9817792543952031,-0.5062437946537659,0,0,0,0,93,False,False,
106,0,1479.9912687101466,874.0242807002571,0.0,35.90151596069336,0.9026652574539185,0,1,0,0,0,-0.04045947389160776,-0.9411088466742771,-0.6046555404658611,1,0,0,0,94,False,False,
93,1,1436.6332383732265,885.8138232072665,3.034975026924761,79.0264663696289,-3.8001184463500977,0,2,0,1,1,-0.7691513281906737,-0.949184641260681,0.6195064354936142,0,0,0,0,81,True,True,collision
106,2,1419.9728258502278,870.428850063218,0.0,85.1949462890625,7.294279098510742,0,3,0,2,2,-0.0028817172467206042,-0.9128838500789003,-0.7365708960842986,1,0,0,0,94,False,False,
78,3,1380.8706960196805,860.9906003410905,0.8873324621429689,116.6065902709961,-1.3637237548828125,0,3,0,2,2,1.0,-0.9610637693794055,0.5812821315872434,0,0,0,8,66,True,True,collision
106,4,1452.2020256232556,874.3475005776863,0.20812635690304074,56.534446716308594,4.192403793334961,0,2,0,1,1,-0.09700850767349417,-0.9219722442103955,-0.7285014161024611,0,0,0,0,94,False,False,
106,5,1458.4455385218175,861.5472010259346,-0.5799377391592295,66.62397766113281,-0.2428799271583557,0,1,0,0,0,0.9937821693294268,-0.9721005025297239,0.24806988933601493,0,10,0,35,94,False,False,
106,6,1481.875859675843,876.5702652813274,-0.13785245897500004,30.56292152404785,0.6640428304672241,0,1,0,0,0,-0.1639209913446747,-0.9351751144528782,-0.28680154086400944,0,0,0,0,94,False,False,
106,7,1426.219710472016,876.7200793823256,2.2980085208371994,76.49359130859375,4.124504566192627,0,2,0,1,1,-0.6350829226908868,-0.9858450926537198,-0.488554262812014,0,0,0,0,94,False,False,
107,0,1480.0860164731585,874.0270094559964,-0.09478704923989671,35.996402740478516,0.8979994058609009,0,1,0,0,0,-0.039935437728507536,-0.9408563082969538,-0.6036658867211794,2,0,0,0,95,False,False,
93,1,1436.6332383732265,885.8138232072665,3.034975026924761,79.0264663696289,-3.8001184463500977,0,2,0,1,1,-0.7691513281906737,-0.949184641260681,0.6195064354936142,0,0,0,0,81,True,True,collision
107,2,1419.7123961457226,870.4588561429224,0.26215261930388944,85.45704650878906,7.305427551269531,0,3,0,2,2,-0.003323491263151052,-0.9135827786326393,-0.7388491007300568,0,0,0,0,95,False,False,
78,3,1380.8706960196805,860.9906003410905,0.8873324621429689,116.6065902709961,-1.3637237548828125,0,3,0,2,2,1.0,-0.9610637693794055,0.5812821315872434,0,0,0,8,66,True,True,collision
107,4,1452.2020256232556,874.3475005776863,0.0,56.534446716308594,4.192571640014648,0,2,0,1,1,-0.09700850767349417,-0.9219722442103955,-0.7285014161024611,1,0,0,0,95,False,False,
107,5,1459.1531001670019,861.5684779259224,-0.7078814789277259,67.33181762695312,-0.2714310586452484,0,1,0,0,0,0.9490518930863326,-0.9720131886279827,0.24060066207892694,0,11,0,36,95,False,False,
107,6,1482.1486729970984,876.5509332580658,-0.27349741384103204,30.83643341064453,0.6682360172271729,0,1,0,0,0,-0.16361915848828706,-0.9344699806325293,-0.28721884200106496,0,0,0,0,95,False,False,
107,7,1424.4852163979808,876.8987323063143,1.743670427607436,78.23726654052734,7.342823028564453,0,3,1,2,2,-0.115135150212513,-0.9010702638680861,-0.47010353802071314,0,0,0,0,95,False,False,
108,0,1479.8644015384177,874.0204587420425,0.22171172985072465,36.21818161010742,0.9084041714668274,0,1,0,0,0,-0.039849892330539975,-0.9414465751815196,-0.6060048655974748,0,0,0,0,96,False,False,
93,1,1436.6332383732265,885.8138232072665,3.034975026924761,79.0264663696289,-3.8001184463500977,0,2,0,1,1,-0.7691513281906737,-0.949184641260681,0.6195064354936142,0,0,0,0,81,True,True,collision
108,2,1419.7123961457226,870.4588561429224,0.0,85.45704650878906,7.3052978515625,0,3,0,2,2,-0.003323491263151052,-0.9135827786326393,-0.7388491007300568,1,0,0,0,96,False,False,
78,3,1380.8706960196805,860.9906003410905,0.8873324621429689,116.6065902709961,-1.3637237548828125,0,3,0,2,2,1.0,-0.9610637693794055,0.5812821315872434,0,0,0,8,66,True,True,collision
108,4,1452.292241937631,874.3393705647206,-0.09058189935240116,56.625022888183594,4.1853461265563965,0,2,0,1,1,-0.0971386630079577,-0.9217335224241627,-0.7293138354965644,2,0,0,0,96,False,False,
108,5,1459.9794486470803,861.5923937896724,-0.8266944895587957,68.15857696533203,-0.29865583777427673,0,1,0,0,0,0.8987657015831025,-0.9717488877188147,0.2319803263010174,0,12,0,0,96,False,False,
108,6,1482.5543833155389,876.5201005024094,-0.40688022968731496,31.243364334106445,0.6723641753196716,0,1,0,0,0,-0.16418240536007084,-0.9334212944545281,-0.2880843173555995,0,1,0,0,96,False,False,
108,7,1423.2680205358436,877.0391397142832,1.2252673206352254,79.4625015258789,7.35886287689209,0,3,0,2,2,-0.12707535184780708,-0.9042748064257513,-0.4553560392261925,0,0,0,0,96,False,False,
109,0,1479.6194800727371,874.0132415591548,0.24502777818022814,36.46316146850586,0.9219930768013,0,1,0,0,0,-0.0403585620081022,-0.9420985524025157,-0.6085703899944692,0,0,0,0,97,False,False,
93,1,1436.6332383732265,885.8138232072665,3.034975026924761,79.0264663696289,-3.8001184463500977,0,2,0,1,1,-0.7691513281906737,-0.949184641260681,0.6195064354936142,0,0,0,0,81,True,True,collision
109,2,1419.399610452426,870.4957293652042,0.31495162239999996,85.77195739746094,7.320669174194336,0,3,0,2,2,-0.005048831911944755,-0.914422510999142,-0.7416836211333324,0,0,0,0,97,False,False,
78,3,1380.8706960196805,860.9906003410905,0.8873324621429689,116.6065902709961,-1.3637237548828125,0,3,0,2,2,1.0,-0.9610637693794055,0.5812821315872434,0,0,0,8,66,True,True,collision
109,4,1452.0672678460571,874.3592326793147,0.22584916531961682,56.85087585449219,4.196586608886719,0,2,0,1,1,-0.09672464259376612,-0.922328899994417,-0.727315804055648,0,0,0,0,97,False,False,
109,5,1460.6974421372759,861.61289898674,-0.7182862347769947,68.87676239013672,-0.3189927339553833,0,1,0,0,0,0.856427411462416,-0.9713823756725342,0.2245321384765142,0,13,0,0,97,False,False,
109,6,1483.0906188185372,876.4771656366372,-0.5379515938955028,31.781211853027344,0.6685213446617126,0,1,0,0,0,-0.16327936685973124,-0.9320349324037353,-0.2894839541738289,0,2,0,0,97,False,False,
109,7,1422.579484979419,877.1218188395055,0.6934818312027022,80.15605163574219,7.3757004737854,0,3,0,2,2,-0.1325866473706267,-0.9060850556759157,-0.448472657256323,0,0,0,0,97,False,False,
110,0,1479.1955339275873,874.0002579072154,0.42414491533569393,36.88731002807617,0.9381398558616638,0,1,0,0,0,-0.040410148591089975,-0.9432273870139297,-0.6130713992583372,0,0,0,0,98,False,False,
93,1,1436.6332383732265,885.8138232072665,3.034975026924761,79.0264663696289,-3.8001184463500977,0,2,0,1,1,-0.7691513281906737,-0.949184641260681,0.6195064354936142,0,0,0,0,81,True,True,collision
110,2,1419.3065057644967,870.5068096691627,0.09376169820467725,85.86576080322266,7.322822093963623,0,3,0,2,2,-0.005770920926197062,-0.9146726328028456,-0.7425402919427091,1,0,0,0,98,False,False,
78,3,1380.8706960196805,860.9906003410905,0.8873324621429689,116.6065902709961,-1.3637237548828125,0,3,0,2,2,1.0,-0.9610637693794055,0.5812821315872434,0,0,0,8,66,True,True,collision
110,4,1451.5322469908367,874.4045745191642,0.5369387283123557,57.3878288269043,4.213437557220459,0,2,0,1,1,-0.09625662591985626,-0.9237447345778063,-0.7227999585614654,0,0,0,0,98,False,False,
110,5,1461.5408549768542,861.6318239780525,-0.843625137879297,69.7204818725586,-0.343806654214859,0,1,0,0,0,0.8047729481107019,-0.9707836571527304,0.21639559530331254,0,14,0,0,98,False,False,
110,6,1483.5436997561253,876.4392978444521,-0.45466064893564023,32.23591995239258,0.6716127395629883,0,1,0,0,0,-0.16262907826911335,-0.9308624411261475,-0.29086981245061017,0,3,0,0,98,False,False,
110,7,1421.940841621232,877.1973010444092,0.643088564828813,80.7991714477539,7.3861823081970215,0,3,0,2,2,-0.13382754748032538,-0.907762959673981,-0.4426567978006475,0,0,0,0,98,False,False,
111,0,1478.583339215124,873.9834909240083,0.6124242791513864,37.49972152709961,0.9520879983901978,0,1,0,0,0,-0.043727544681128605,-0.9448567351278986,-0.619338177205307,0,0,0,0,99,False,False,
93,1,1436.6332383732265,885.8138232072665,3.034975026924761,79.0264663696289,-3.8001184463500977,0,2,0,1,1,-0.7691513281906737,-0.949184641260681,0.6195064354936142,0,0,0,0,81,True,True,collision
111,2,1419.3065057644967,870.5068096691627,0.0,85.86576080322266,7.324684143066406,0,3,0,2,2,-0.005770920926197062,-0.9146726328028456,-0.7425402919427091,2,0,0,0,99,False,False,
78,3,1380.8706960196805,860.9906003410905,0.8873324621429689,116.6065902709961,-1.3637237548828125,0,3,0,2,2,1.0,-0.9610637693794055,0.5812821315872434,0,0,0,8,66,True,True,collision
111,4,1450.9954314513523,874.4484968849442,0.5386094110278552,57.926361083984375,4.230951309204102,0,2,0,1,1,-0.09621001140049733,-0.9251647764606079,-0.7184526572174459,0,0,0,0,99,False,False,
111,5,1462.0558833305674,861.6407508771197,-0.5151057121168384,70.2355728149414,-0.35793936252593994,0,1,0,0,0,0.7734600589200239,-0.9703334666533734,0.21174771021794903,0,15,0,0,99,False,False,
111,6,1484.1266171467637,876.3913869947464,-0.5848830086677046,32.820770263671875,0.665585994720459,0,1,0,0,0,-0.1582195452181332,-0.9293518231089813,-0.29254879347429985,0,4,0,0,99,False,False,
111,7,1421.001228150075,877.3103725196391,0.9463924311248827,81.74552154541016,7.39599609375,0,3,0,2,2,-0.13894601538617685,-0.9102283272835954,-0.4338747785571134,0,0,0,0,99,False,False,
112,0,1477.778277672519,873.961376520662,0.8053652179085234,38.30508041381836,0.9664539098739624,0,1,0,0,0,-0.04544314989990141,-0.9469991090355093,-0.6275924668769008,0,0,0,0,100,False,False,
93,1,1436.6332383732265,885.8138232072665,3.034975026924761,79.0264663696289,-3.8001184463500977,0,2,0,1,1,-0.7691513281906737,-0.949184641260681,0.6195064354936142,0,0,0,0,81,True,True,collision
112,2,1419.1983801590009,870.5198187251809,0.10890538142048903,85.97469329833984,7.3425726890563965,0,3,0,2,2,-0.006612385185479437,-0.9149631051000972,-0.7435511566370892,0,0,0,0,100,False,False,
78,3,1380.8706960196805,860.9906003410905,0.8873324621429689,116.6065902709961,-1.3637237548828125,0,3,0,2,2,1.0,-0.9610637693794055,0.5812821315872434,0,0,0,8,66,True,True,collision
112,4,1450.224654789362,874.5098933144225,0.7732180702890253,58.699676513671875,4.248388767242432,0,2,0,1,1,-0.09751734936014853,-0.9272034675224288,-0.712414597341279,0,0,0,0,100,False,False,
112,5,1462.6141449763547,861.650372402713,-0.5583445521465862,70.79388427734375,-0.37648671865463257,0,1,0,0,0,0.7439864219536686,-0.9697824583263391,0.2067043066689398,0,16,0,0,100,False,False,
112,6,1484.3864880303358,876.3701207818328,-0.2607395787759158,33.08152389526367,0.6683335304260254,0,1,0,0,0,-0.15646939599716664,-0.9286775601317859,-0.2932810572040446,0,0,0,0,100,False,False,
112,7,1420.064904583322,877.4236263641892,0.9431480556954628,82.68862915039062,7.411661624908447,0,3,0,2,2,-0.143315326443821,-0.912681558358192,-0.42504164721376736,0,0,0,0,100,False,False,
113,0,1476.6735496779813,873.9224699221114,1.1054128935948593,39.410499572753906,0.9831076264381409,0,1,0,0,0,-0.04289988757618472,-0.9499405730046748,-0.6399296356759254,0,0,0,0,101,False,False,
93,1,1436.6332383732265,885.8138232072665,3.034975026924761,79.0264663696289,-3.8001184463500977,0,2,0,1,1,-0.7691513281906737,-0.949184641260681,0.6195064354936142,0,0,0,0,81,True,True,collision
113,2,1418.7794289534932,870.5706664383805,0.4220255946432167,86.39671325683594,7.357763767242432,0,3,0,2,2,-0.007371665259937446,-0.9160884150364607,-0.7475214347795314,0,0,0,0,101,False,False,
78,3,1380.8706960196805,860.9906003410905,0.8873324621429689,116.6065902709961,-1.3637237548828125,0,3,0,2,2,1.0,-0.9610637693794055,0.5812821315872434,0,0,0,8,66,True,True,collision
113,4,1449.9761455146277,874.5292793528621,0.24926427364406425,58.94884490966797,4.262872695922852,0,2,0,1,1,-0.09736188841689884,-0.927860223970632,-0.7105116721397777,0,0,0,0,101,False,False,
113,5,1463.3007788851908,861.658868733205,-0.6866864731412424,71.48058319091797,-0.4072561264038086,0,1,0,0,0,0.7063289751407328,-0.9690118694293322,0.2009133171947164,0,17,0,0,101,False,False,
113,6,1484.4141594877628,876.3678623880362,-0.027763463376778135,33.10932540893555,0.6617516279220581,0,1,0,0,0,-0.15617013285505107,-0.9286056416660838,-0.29336224197108385,1,0,0,0,101,False,False,
113,7,1419.2827770210108,877.5225569820617,0.788359556851711,83.47696685791016,7.425671577453613,0,3,0,2,2,-0.15037168331416018,-0.9147267997977607,-0.4171456282060122,0,0,0,0,101,False,False,
114,0,1475.6310854929961,873.8787908914434,1.0433788548255738,40.453895568847656,0.9991545081138611,0,1,0,0,0,-0.0409250205487524,-0.952717537858993,-0.6524210555323244,0,0,0,0,102,False,False,
93,1,1436.6332383732265,885.8138232072665,3.034975026924761,79.0264663696289,-3.8001184463500977,0,2,0,1,1,-0.7691513281906737,-0.949184641260681,0.6195064354936142,0,0,0,0,81,True,True,collision
114,2,1418.3228898278626,870.6278960522773,0.46011216234562147,86.85682678222656,7.367626190185547,0,3,0,2,2,-0.010017020051352195,-0.917315229797667,-0.7520626076341352,0,0,0,0,102,False,False,
78,3,1380.8706960196805,860.9906003410905,0.8873324621429689,116.6065902709961,-1.3637237548828125,0,3,0,2,2,1.0,-0.9610637693794055,0.5812821315872434,0,0,0,8,66,True,True,collision
114,4,1449.6596729775922,874.5528392087078,0.3173482842321716,59.26625061035156,4.2777299880981445,0,2,0,1,1,-0.09623067116803365,-0.928697097292607,-0.7082282648082444,0,0,0,0,102,False,False,
114,5,1464.0153080639984,861.665617013841,-0.7145610447393758,72.1950912475586,-0.4354306757450104,0,1,0,0,0,0.6704343045944168,-0.9681131554144106,0.1951368495027661,0,18,0,0,102,False,False,
114,6,1484.189353435592,876.3860942232565,0.22554414403426742,33.33491897583008,0.6653314828872681,0,1,0,0,0,-0.15715602287432376,-0.9291891278667909,-0.2927387772636457,0,0,0,0,102,False,False,
114,7,1418.8761470556158,877.5753023788797,0.4100365906143145,83.8871078491211,7.440405368804932,0,3,0,2,2,-0.15435114398015282,-0.9157889440964981,-0.4128901742762521,0,0,0,0,102,False,False,
115,0,1474.2948070236175,873.8031159588702,1.3384195318152907,41.79233932495117,1.0160143375396729,0,1,0,0,0,-0.034145696523342886,-0.956281980535021,-0.6707757593262716,0,0,0,0,103,False,False,
93,1,1436.6332383732265,885.8138232072665,3.034975026924761,79.0264663696289,-3.8001184463500977,0,2,0,1,1,-0.7691513281906737,-0.949184641260681,0.6195064354936142,0,0,0,0,81,True,True,collision
115,2,1417.9233514067962,870.6798053483429,0.4028964195996038,87.25972747802734,7.381644248962402,0,3,0,2,2,-0.013048560358330026,-0.9183894006126843,-0.7562595456420189,0,0,0,0,103,False,False,
78,3,1380.8706960196805,860.9906003410905,0.8873324621429689,116.6065902709961,-1.3637237548828125,0,3,0,2,2,1.0,-0.9610637693794055,0.5812821315872434,0,0,0,8,66,True,True,collision
115,4,1449.034411035692,874.5967619893497,0.6268027653480909,59.89303207397461,4.291444301605225,0,2,0,1,1,-0.09580846857859342,-0.9303500794240612,-0.7040419036890244,0,0,0,0,103,False,False,
115,5,1464.4035488522156,861.6699548885592,-0.38826502133546237,72.58341979980469,-0.4464573562145233,0,1,0,0,0,0.6538380745072958,-0.9675898626797887,0.1919120990801766,0,19,0,0,103,False,False,
115,6,1483.9873169431764,876.4022044288427,0.20267778119862415,33.5375862121582,0.676923930644989,0,1,0,0,0,-0.15748486161173786,-0.9297132445850599,-0.2922183371690277,0,0,0,0,103,False,False,
115,7,1418.2759181951903,877.6566724363323,0.6057192180684504,84.49281311035156,7.4562811851501465,0,3,0,2,2,-0.1610683230824255,-0.9173537224742344,-0.4061804247975783,0,0,0,0,103,False,False,
116,0,1473.492057563863,873.7497920729728,0.8045185715342505,42.596839904785156,1.0326740741729736,0,1,0,0,0,-0.029375827043410317,-0.9584251400372577,-0.682739478196916,0,0,0,0,104,False,False,
93,1,1436.6332383732265,885.8138232072665,3.034975026924761,79.0264663696289,-3.8001184463500977,0,2,0,1,1,-0.7691513281906737,-0.949184641260681,0.6195064354936142,0,0,0,0,81,True,True,collision
116,2,1417.2188354834063,870.7740031916062,0.7107854247136264,87.970458984375,7.398500442504883,0,3,0,2,2,-0.015781691055468627,-0.9202841259609351,-0.7639721699762037,0,0,0,0,104,False,False,
78,3,1380.8706960196805,860.9906003410905,0.8873324621429689,116.6065902709961,-1.3637237548828125,0,3,0,2,2,1.0,-0.9610637693794055,0.5812821315872434,0,0,0,8,66,True,True,collision
116,4,1448.6809593878775,874.6201973944873,0.3542277312081383,60.24732208251953,4.305689334869385,0,2,0,1,1,-0.094588480504894,-0.9312845893741423,-0.7018389950560764,0,0,0,0,104,False,False,
116,5,1464.9231921135247,861.6746152673508,-0.5196641590050093,73.10309600830078,-0.4655458331108093,0,1,0,0,0,0.6296865409940083,-0.9668490982793789,0.18774068853601333,0,20,0,0,104,False,False,
116,6,1483.47470082918,876.4422121719014,0.5141749700574345,34.05171585083008,0.6905315518379211,0,1,0,0,0,-0.15949180765822904,-0.9310422954520766,-0.2910013660766364,0,0,0,0,104,False,False,
116,7,1417.8032753686016,877.7204420018397,0.4769253599997014,84.96975708007812,7.464836597442627,0,3,0,2,2,-0.1631493510753229,-0.9185846482002077,-0.40093611753633274,0,0,0,0,104,False,False,
117,0,1472.5692512099276,873.686528655096,0.9249723384538583,43.52185821533203,1.048600673675537,0,1,0,0,0,-0.02979258496885993,-0.9608893213547367,-0.696740162893233,0,0,0,0,105,False,False,
93,1,1436.6332383732265,885.8138232072665,3.034975026924761,79.0264663696289,-3.8001184463500977,0,2,0,1,1,-0.7691513281906737,-0.949184641260681,0.6195064354936142,0,0,0,0,81,True,True,collision
117,2,1416.3933490749196,870.8877664861772,0.8332886041390545,88.80382537841797,7.417433738708496,0,3,0,2,2,-0.01887556433994272,-0.9225054803986318,-0.7734280513723484,0,0,0,0,105,False,False,
78,3,1380.8706960196805,860.9906003410905,0.8873324621429689,116.6065902709961,-1.3637237548828125,0,3,0,2,2,1.0,-0.9610637693794055,0.5812821315872434,0,0,0,8,66,True,True,collision
117,4,1448.648814786693,874.6223176376943,0.03221445043078226,60.27949905395508,4.30565071105957,0,2,0,1,1,-0.0944878871358507,-0.9313694411859417,-0.7016341178640448,1,0,0,0,105,False,False,
117,5,1465.5120127540652,861.6796433565752,-0.5888421082156059,73.69186401367188,-0.48312997817993164,0,1,0,0,0,0.6048804256548111,-0.9659605774823466,0.1830424917640341,0,21,0,0,105,False,False,
117,6,1482.6567623241044,876.4999600744931,0.8199745229815146,34.87174606323242,0.7037066221237183,0,1,0,0,0,-0.15979253957024941,-0.9331626614875319,-0.28978513822507,0,0,0,0,105,False,False,
117,7,1417.6891291178322,877.7357381021608,0.11516656307159691,85.08490753173828,7.477958679199219,0,3,0,2,2,-0.16318406561416243,-0.9188817464142583,-0.39968335653959874,0,0,0,0,105,False,False,
118,0,1472.0344078466032,873.6474333837883,0.5362703269162036,44.05807113647461,1.0616545677185059,0,1,0,0,0,-0.027938357024389245,-0.9623178977016733,-0.7051340674951858,0,0,0,0,106,False,False,
93,1,1436.6332383732265,885.8138232072665,3.034975026924761,79.0264663696289,-3.8001184463500977,0,2,0,1,1,-0.7691513281906737,-0.949184641260681,0.6195064354936142,0,0,0,0,81,True,True,collision
118,2,1415.5064783995738,871.0079494836701,0.8949768419767284,89.69876861572266,7.434764862060547,0,3,0,2,2,-0.01799212245524776,-0.924891081064345,-0.7833311779349408,0,0,0,0,106,False,False,
78,3,1380.8706960196805,860.9906003410905,0.8873324621429689,116.6065902709961,-1.3637237548828125,0,3,0,2,2,1.0,-0.9610637693794055,0.5812821315872434,0,0,0,8,66,True,True,collision
118,4,1448.3029415626556,874.64521521174,0.34663033047207353,60.62607955932617,4.316186428070068,0,2,0,1,1,-0.09592850002120991,-0.9322833292875996,-0.69948237850328,0,0,0,0,106,False,False,
118,5,1465.7766412089627,861.6813820079514,-0.264634166445139,73.9565200805664,-0.49246543645858765,0,1,0,0,0,0.5930327299217304,-0.9655443073809453,0.1809892032263969,0,0,0,0,106,False,False,
118,6,1481.844910717643,876.5519843630299,0.8135167837922801,35.6851806640625,0.7182509899139404,0,1,0,0,0,-0.16082534359632947,-0.9352651438770725,-0.2891982066627995,0,0,0,0,106,False,False,
118,7,1417.264613224911,877.7916321356867,0.42817973600621534,85.51301574707031,7.490647792816162,0,3,0,2,2,-0.16400394543894284,-0.9199861912293583,-0.39513489420767267,0,0,0,0,106,False,False,
119,0,1471.1954514189708,873.5801784965897,0.8416478523216584,44.89975357055664,1.0791847705841064,0,1,0,0,0,-0.024950467503303583,-0.9645607598620047,-0.7190251527559999,0,0,0,0,107,False,False,
93,1,1436.6332383732265,885.8138232072665,3.034975026924761,79.0264663696289,-3.8001184463500977,0,2,0,1,1,-0.7691513281906737,-0.949184641260681,0.6195064354936142,0,0,0,0,81,True,True,collision
119,2,1414.5818209403922,871.1320777880154,0.9329519027044755,90.63174438476562,7.452885627746582,0,3,0,2,2,-0.017786796717789204,-0.9273780855742022,-0.7935267554690805,0,0,0,0,107,False,False,
78,3,1380.8706960196805,860.9906003410905,0.8873324621429689,116.6065902709961,-1.3637237548828125,0,3,0,2,2,1.0,-0.9610637693794055,0.5812821315872434,0,0,0,8,66,True,True,collision
119,4,1447.823787108763,874.678650443538,0.4803195867444797,61.10649490356445,4.332149982452393,0,2,0,1,1,-0.10008122951238269,-0.9335489294241777,-0.6962914169520426,0,0,0,0,107,False,False,
119,5,1466.0796391165552,861.6827255396901,-0.30300088627431093,74.2594985961914,-0.5004684329032898,0,1,0,0,0,0.5798785256744421,-0.965054898545492,0.1787168301624964,0,0,0,0,107,False,False,
119,6,1481.2776558204278,876.5890370397785,0.5684637361070324,36.2536506652832,0.725730299949646,0,1,0,0,0,-0.16544097683200285,-0.9367313361120625,-0.28871429971334917,0,0,0,0,107,False,False,
119,7,1417.127559901615,877.8094768491204,0.13821015600885636,85.65125274658203,7.498802185058594,0,3,0,2,2,-0.1638344581612576,-0.9203427603472022,-0.3936920350768506,0,0,0,0,107,False,False,
120,0,1470.4335976931638,873.5163646444909,0.7645216198679627,45.66426467895508,1.097544550895691,0,1,0,0,0,-0.02405847730920085,-0.9665980872541398,-0.7319703783084365,0,0,0,0,108,True,False,max_steps
93,1,1436.6332383732265,885.8138232072665,3.034975026924761,79.0264663696289,-3.8001184463500977,0,2,0,1,1,-0.7691513281906737,-0.949184641260681,0.6195064354936142,0,0,0,0,81,True,True,collision
120,2,1414.1792257185048,871.1871461944238,0.40634399475186966,91.03807830810547,7.464633941650391,0,3,0,2,2,-0.01966842867119283,-0.928461136602729,-0.7980831790536898,0,0,0,0,108,True,False,max_steps
78,3,1380.8706960196805,860.9906003410905,0.8873324621429689,116.6065902709961,-1.3637237548828125,0,3,0,2,2,1.0,-0.9610637693794055,0.5812821315872434,0,0,0,8,66,True,True,collision
120,4,1447.4543016160897,874.704446681212,0.37038490138545566,61.47677993774414,4.3410539627075195,0,2,0,1,1,-0.1016088413057307,-0.934523981554183,-0.693832175993024,0,0,0,0,108,True,False,max_steps
120,5,1466.0628958516847,861.6826520602692,0.0167434261053296,74.2762222290039,-0.5196009278297424,0,1,0,0,0,0.5804915162015871,-0.9650822487482136,0.1788418089658399,1,0,0,0,108,True,False,max_steps
120,6,1480.8652256955768,876.6174066528914,0.41340469619097747,36.6671028137207,0.7373232841491699,0,1,0,0,0,-0.17057567082168312,-0.9377951988717111,-0.28818659872759456,0,0,0,0,108,True,False,max_steps
120,7,1417.0255705212337,877.8226760800612,0.10283994072349852,85.75415802001953,7.507129192352295,0,3,0,2,2,-0.16390217791290904,-0.9206081389804714,-0.3926226830467797,0,0,0,0,108,True,False,max_steps
