step,car_index,x,y,speed,distance_travelled,total_reward,lap_count,next_goal_idx,progress_delta,checkpoints_reached,checkpoint_streak,heading_error_norm,goal_distance_norm,lateral_offset_norm,no_progress_steps,reverse_speed_steps,reverse_progress_events,heading_away_steps,wall_hugging_steps,done,collided,terminated_reason
1,0,1501.137709692093,869.9937277476836,-0.13785245897500004,0.13783875107765198,0.0084973881021142,0,1,0,0,0,0.0006111187894627316,-0.8848417994697323,-0.9408041842857622,0,0,0,0,0,False,False,
1,1,1501.0214913149405,869.9989971676985,-0.02151469940518066,0.02150655724108219,-0.004798553418368101,0,1,0,0,0,-9.59927680924011e-05,-0.885152018543327,-0.9401675127605874,1,0,0,0,0,False,False,
1,2,1501.003542239338,869.9998353011588,-0.003546066163439573,0.003544771345332265,0.0009748892625793815,0,1,0,0,0,1.0400826911904915e-05,-0.8851999167372612,-0.9401474095255802,1,0,0,0,0,False,False,
1,3,1501.0329693707697,869.99845892466,-0.03300536808081403,0.032994285225868225,-0.004562373738735914,0,1,0,0,0,-0.0001468508770948852,-0.8851213845705587,-0.9402333753321572,1,0,0,0,0,False,False,
1,4,1501.1377013423812,869.9935470354214,-0.13785245897500004,0.13784721493721008,0.013741029426455498,0,1,0,0,0,-0.00022162687206825165,-0.8848417767837984,-0.9408261384762854,0,0,0,0,0,False,False,
1,5,1501.1377011095774,869.9935420694792,-0.13785245897500004,0.13784721493721008,0.01362726092338562,0,1,0,0,0,-0.0002445853969571014,-0.8848417767837984,-0.9408261384762854,0,0,0,0,0,False,False,
1,6,1501.1113313880423,869.9947349495819,-0.11145581509890042,0.11145179718732834,0.01126870233565569,0,1,0,0,0,-0.0004944724471294472,-0.8849121645938612,-0.9406797772061303,0,0,0,0,0,False,False,
1,7,1500.8532783608844,870.0067044527681,0.14687473939279505,0.1468820422887802,0.016060439869761467,0,1,0,0,0,0.0005203876411415978,-0.8856010546584493,-0.9403674338226945,0,0,0,0,0,False,False,
2,0,1501.1944670751598,869.9911725996013,-0.05681486877839534,0.1946592926979065,0.005982028320431709,0,1,0,0,0,0.0009455307586247525,-0.8846902781378074,-0.9411115429530879,1,0,0,0,0,False,False,
2,1,1500.7279743640936,870.0117050946907,0.29379191929473997,0.3152380585670471,0.010511994361877441,0,1,0,0,0,0.0020572505429154514,-0.8859352984227761,-0.94063859165926,0,0,0,0,0,False,False,
2,2,1500.6923978772888,870.0139472549414,0.3114642214998391,0.3150240480899811,0.01525277178734541,0,1,0,0,0,0.0007397003433854681,-0.8860305276784428,-0.9406166767747419,0,0,0,0,0,False,False,
2,3,1501.070369781275,869.9967076997489,-0.03744138745648137,0.07038971781730652,-0.010086935944855213,0,1,0,0,0,-0.0001978509672179977,-0.8850216634648661,-0.9404455991738822,2,0,0,0,0,False,False,
2,4,1500.9585597980054,870.0018714977073,0.17933485325990267,0.3171194791793823,0.0314982533454895,0,1,0,0,0,2.779653607787067e-05,-0.8853198361498252,-0.9402131613256809,0,0,0,0,0,False,False,
2,5,1501.1731921871421,869.9918665378079,-0.035530606427225754,0.1734078824520111,0.009901526384055614,0,1,0,0,0,-0.00044268763662797835,-0.8847469483417774,-0.9410237261909948,1,0,0,0,0,False,False,
2,6,1501.3585935851106,869.9832106910123,-0.24753060949018016,0.3590351343154907,0.011588718742132187,0,1,0,0,0,-5.934725959977843e-05,-0.8842519423617106,-0.9420628912090961,0,0,0,0,0,False,False,
2,7,1500.8532783608844,870.0067044527681,0.0,0.1468820422887802,0.017921684309840202,0,1,0,0,0,0.0005203876411415978,-0.8856010546584493,-0.9403674338226945,1,0,0,0,0,False,False,
3,0,1501.173806330405,869.9921060974864,0.020681822746814398,0.21531227231025696,0.007898197509348392,0,1,0,0,0,0.0008414534008409191,-0.8847453527423277,-0.9409944539369638,2,0,0,0,0,False,False,
3,1,1500.1246859006528,870.033198982719,0.6036712328273118,0.9190139770507812,0.0289607010781765,0,1,0,0,0,0.007030349902747288,-0.8875452703648419,-0.9422655636915651,0,0,0,0,0,False,False,
3,2,1500.151270528389,870.0364028288767,0.5415930765143331,0.8566250801086426,0.034255947917699814,0,1,0,0,0,0.0032324696675210085,-0.8874747781628175,-0.9417013224140965,0,0,0,0,0,False,False,
3,3,1500.792554688214,870.0098670098897,0.2781265779746284,0.348412424325943,0.008232922293245792,0,1,0,0,0,-0.0005470291223045049,-0.8857630570265407,-0.9404112671650039,0,0,0,0,0,False,False,
3,4,1500.9585597980054,870.0018714977073,0.0,0.3171194791793823,0.03296468406915665,0,1,0,0,0,2.779653607787067e-05,-0.8853198361498252,-0.9402131613256809,1,0,0,0,0,False,False,
3,5,1500.8934925957315,870.0049637663105,0.2800060692730793,0.4534977674484253,0.020024750381708145,0,1,0,0,0,-0.00019954640716327452,-0.8854938546592768,-0.9403008315835729,0,0,0,0,0,False,False,
3,6,1501.5960318543714,869.9726378559911,-0.23767355037933086,0.5966965556144714,0.022077757865190506,0,1,0,0,0,0.0012541704328498326,-0.8836181798320859,-0.943328916195938,0,0,0,0,0,False,False,
3,7,1500.5386291045968,870.0205019152197,0.31495162239999996,0.46188145875930786,0.03651992231607437,0,1,0,0,0,0.0017050494430249172,-0.8864410501121864,-0.9409097566423719,0,0,0,0,0,False,False,
4,0,1500.8389216524329,870.0085890168089,0.33529007466650457,0.5506783723831177,0.023036252707242966,0,1,0,0,0,-0.0017365433752060098,-0.8856396590221511,-0.9402423871271604,0,0,0,0,0,False,False,
4,1,1499.4874250241533,870.0524929146909,0.637552884494945,1.5565128326416016,0.04676487296819687,0,1,0,0,0,0.010593755181940247,-0.8892450352808748,-0.9443910180546917,0,0,0,0,0,False,False,
4,2,1499.735927073888,870.0541019850037,0.4157203932025497,1.2722853422164917,0.04102819785475731,0,1,0,0,0,0.0025485991529415565,-0.8885831967147565,-0.942478277071718,0,0,0,0,0,False,False,
4,3,1500.2113685686118,870.0354442361157,0.5817486571706977,0.9301515817642212,0.02211720123887062,0,1,0,0,0,0.001608482747713601,-0.8873143565237461,-0.9413936314323634,0,0,0,0,0,False,False,
4,4,1501.0583314018515,869.9973146760225,-0.09987561042560997,0.4169559180736542,0.03108144737780094,0,1,0,0,0,0.000532634275072673,-0.8850536056769162,-0.9403724185388045,2,0,0,0,0,False,False,
4,5,1500.8934925957315,870.0049637663105,0.0,0.4534977674484253,0.02301979996263981,0,1,0,0,0,-0.00019954640716327452,-0.8854938546592768,-0.9403008315835729,1,0,0,0,0,False,False,
4,6,1501.9142079604476,869.9597445736641,-0.31843723275870317,0.9150748252868652,0.03240533173084259,0,1,0,0,0,0.003773237252882369,-0.8827691853319732,-0.9448803456595822,0,0,0,0,0,False,False,
4,7,1500.2534364071255,870.0327753163766,0.2854566710849754,0.747301459312439,0.05420711636543274,0,1,0,0,0,0.002237862143375777,-0.8872021654806914,-0.9414228536605697,0,0,0,0,0,False,False,
5,0,1500.3754694803113,870.0314072004072,0.46401356159805496,1.01461923122406,0.03187432140111923,0,1,0,0,0,-0.0017657149146837507,-0.8868768297570562,-0.9407335692608402,0,0,0,0,0,False,False,
5,1,1498.830713684,870.0732153508981,0.6570382056228923,2.213578939437866,0.058834008872509,0,1,0,0,0,0.009937371243357045,-0.8909970025402767,-0.9464807968582181,0,0,0,0,0,False,False,
5,2,1499.5484216524326,870.0619046230908,0.18766769630455282,1.4599480628967285,0.04012712463736534,0,1,0,0,0,0.0031985815754069337,-0.8890836243999889,-0.9428444125098636,0,0,0,0,0,False,False,
5,3,1500.1506147596883,870.0381307633321,0.06081317889397654,0.9910019040107727,0.016738858073949814,0,1,0,0,0,0.0014764356767721489,-0.8874766235543601,-0.9414959128043585,1,0,0,0,0,False,False,
5,4,1500.937824146172,870.0028278710738,0.12063330382224995,0.5375644564628601,0.04386112838983536,0,1,0,0,0,0.00048511842499168425,-0.8853752283616043,-0.9402496908975754,0,0,0,0,0,False,False,
5,5,1500.823609359047,870.0082108678521,0.06995863376257168,0.5233997106552124,0.01938265934586525,0,1,0,0,0,2.9303376897221115e-05,-0.8856802598503297,-0.9403966560509008,2,0,0,0,0,False,False,
5,6,1502.013682578011,869.9558625150667,-0.09955033861477501,1.0146363973617554,0.03257815167307854,0,1,0,0,0,0.004713442739416172,-0.8825036958187875,-0.9453413836605709,1,0,0,0,0,False,False,
5,7,1500.2534364071255,870.0327753163766,0.0,0.747301459312439,0.05666553974151611,0,1,0,0,0,0.002237862143375777,-0.8872021654806914,-0.9414228536605697,1,0,0,0,0,False,False,
6,0,1500.3754694803113,870.0314072004072,0.0,1.01461923122406,0.02206266112625599,0,1,0,0,0,-0.0017657149146837507,-0.8868768297570562,-0.9407335692608402,1,0,0,0,0,False,False,
6,1,1498.3719817750894,870.0890187577285,0.45900404346846674,2.6725893020629883,0.07293931394815445,0,1,0,0,0,0.008188983167287726,-0.8922209282924329,-0.9477854632214139,0,0,0,0,0,False,False,
6,2,1499.176942515087,870.0759292812266,0.37174378342996856,1.8316731452941895,0.054689519107341766,0,1,0,0,0,0.0057023748800692905,-0.8900748523304333,-0.9437464174362925,0,0,0,0,0,False,False,
6,3,1500.1506147596883,870.0381307633321,0.0,0.9910019040107727,0.014221145771443844,0,1,0,0,0,0.0014764356767721489,-0.8874766235543601,-0.9414959128043585,2,0,0,0,0,False,False,
6,4,1500.937824146172,870.0028278710738,0.0,0.5375644564628601,0.04330604895949364,0,1,0,0,0,0.00048511842499168425,-0.8853752283616043,-0.9402496908975754,1,0,0,0,0,False,False,
6,5,1500.4402519210064,870.0253506669377,0.3837404044581201,0.9070812463760376,0.03400379791855812,0,1,0,0,0,0.001155272809638556,-0.8867034088147907,-0.9410120344410937,0,0,0,0,0,False,False,
6,6,1501.7968365886084,869.964676388643,0.21702503884901989,1.2316113710403442,0.04504985734820366,0,1,0,0,0,0.0037022138869082888,-0.8830822856175797,-0.944287582515454,0,0,0,0,0,False,False,
6,7,1500.1589853189967,870.0368627523671,0.09453949006482486,0.8418723344802856,0.05801842734217644,0,1,0,0,0,0.0020898803712447664,-0.887454353136443,-0.9415908868326655,2,0,0,0,0,False,False,
7,0,1500.0609567993122,870.048029412751,0.31495162239999996,1.3296321630477905,0.03759044408798218,0,1,0,0,0,-0.004091415149376113,-0.8877168475040121,-0.9409389788705781,0,0,0,0,0,False,False,
7,1,1498.3719817750894,870.0890187577285,0.0,2.6725893020629883,0.06787467002868652,0,1,0,0,0,0.008188983167287726,-0.8922209282924329,-0.9477854632214139,1,0,0,0,0,False,False,
7,2,1499.176942515087,870.0759292812266,0.0,1.8316731452941895,0.05338582769036293,0,1,0,0,0,0.0057023748800692905,-0.8900748523304333,-0.9437464174362925,1,0,0,0,0,False,False,
7,3,1500.171852694577,870.0371904417032,-0.021258741333815948,1.012264609336853,0.016042577102780342,0,1,0,0,0,0.0014408828081384525,-0.8874199231041295,-0.9414666905761523,3,0,0,0,0,False,False,
7,4,1501.075528876826,869.9964476202176,-0.13785245897500004,0.6754059791564941,0.0499688945710659,0,1,0,0,0,0.00011395377405626227,-0.8850076509367085,-0.9404748714279131,0,0,0,0,0,False,False,
7,5,1500.177471864363,870.036415064105,0.263012887619911,1.170133352279663,0.04951658844947815,0,1,0,0,0,0.0028271270292325175,-0.8874048745244674,-0.9415105239184617,0,0,0,0,0,False,False,
7,6,1501.356705036159,869.9821010357826,0.44047633510718653,1.6721428632736206,0.061884015798568726,0,1,0,0,0,0.0044174545354015516,-0.8842570089021856,-0.9421946163522358,0,0,0,0,0,False,False,
7,7,1499.8322666672193,870.0508584968436,0.3270182843247499,1.1688313484191895,0.07408013194799423,0,1,0,0,0,0.0023871898364136415,-0.8883262376732599,-0.9421925045477763,0,0,0,0,0,False,False,
8,0,1499.437372134915,870.080881832604,0.6244494496447341,1.9540313482284546,0.04956408590078354,0,1,0,0,0,-0.004044854108591759,-0.8893818791273157,-0.941348947651033,0,0,0,0,0,False,False,
8,1,1498.4201407121807,870.0873546690266,-0.048187679057702555,2.7208352088928223,0.06403345614671707,0,1,0,0,0,0.008112948301262513,-0.8920922835752533,-0.9476531091821916,2,0,0,0,0,False,False,
8,2,1499.3146948732854,870.0706768288276,-0.13785245897500004,1.9694684743881226,0.06717300415039062,0,1,0,0,0,0.005445054289342011,-0.8897074116470463,-0.9434168079967682,0,0,0,0,0,False,False,
8,3,1500.208131926817,870.035572755814,-0.03631528052427989,1.0485541820526123,0.015841344371438026,0,1,0,0,0,0.0012396796448390054,-0.8873231512165421,-0.9414009387760516,4,0,0,0,0,False,False,
8,4,1501.2625495888747,869.9876914522132,-0.18722557841642581,0.8626241087913513,0.057314783334732056,0,1,0,0,0,-0.00019369872568720186,-0.8845084026314216,-0.94152867257303,0,0,0,0,0,False,False,
8,5,1500.177471864363,870.036415064105,0.0,1.170133352279663,0.05189701169729233,0,1,0,0,0,0.0028271270292325175,-0.8874048745244674,-0.9415105239184617,1,0,0,0,0,False,False,
8,6,1501.2332070845282,869.9870683342782,0.12359780787437813,1.7957768440246582,0.07440076768398285,0,1,0,0,0,0.004027541764132694,-0.884586692677164,-0.9416018532081075,0,0,0,0,0,False,False,
8,7,1499.50758059846,870.0654169616897,0.3250122953751324,1.4938658475875854,0.0847824439406395,0,1,0,0,0,0.0011238714695953908,-0.889192995218543,-0.9427056051392473,0,0,0,0,0,False,False,
9,0,1499.33466215109,870.0863651269407,0.10285624577110099,2.0568392276763916,0.0594831146299839,0,1,0,0,0,-0.004502499950492241,-0.8896560266942892,-0.9414009387760516,0,0,0,0,0,False,False,
9,1,1498.1527548583053,870.0968930803832,0.2675559308703691,2.9884607791900635,0.08023984730243683,0,1,0,0,0,0.007451200737840067,-0.8928059023702531,-0.9483716193834005,0,0,0,0,0,False,False,
9,2,1499.4954503200404,870.0639580403626,-0.18088027435298062,2.150379180908203,0.0738055557012558,0,1,0,0,0,0.006028293644376643,-0.8892250048400616,-0.9429621554349829,0,0,0,0,0,False,False,
9,3,1500.220732524354,870.0350089053859,-0.012613206792489833,1.061139464378357,0.01543431356549263,0,1,0,0,0,0.001138721613512909,-0.887289590722832,-0.9413790203182603,5,0,0,0,0,False,False,
9,4,1501.3277684937632,869.9846608948449,-0.06528927808467481,0.927878201007843,0.0542827770113945,0,1,0,0,0,2.9155482014036555e-05,-0.8843343916843172,-0.94188725768491,1,0,0,0,0,False,False,
9,5,1500.3151965830368,870.0304819105021,-0.13785245897500004,1.3079584836959839,0.06195641681551933,0,1,0,0,0,0.002201337268545937,-0.8870373425148735,-0.9412685847368293,0,0,0,0,0,False,False,
9,6,1500.84753390114,870.003349794931,0.3860166969779847,2.181741237640381,0.09164237231016159,0,1,0,0,0,0.0027848674289332265,-0.8856159212690743,-0.9408139321750439,0,0,0,0,0,False,False,
9,7,1498.8739584197954,870.0953321445598,0.6343279778331471,2.1282382011413574,0.09776405990123749,0,1,0,0,0,-0.000390313701709033,-0.8908846545650417,-0.9435337004828664,0,0,0,0,0,False,False,
10,0,1498.9191942636135,870.1089205223014,0.4160796935492444,2.472979784011841,0.07380148768424988,0,1,0,0,0,-0.005127619842756164,-0.8907656987011231,-0.9415908868326655,0,0,0,0,0,False,False,
10,1,1498.1527548583053,870.0968930803832,0.0,2.9884607791900635,0.08238190412521362,0,1,0,0,0,0.007451200737840067,-0.8928059023702531,-0.9483716193834005,1,0,0,0,0,False,False,
10,2,1499.430451041309,870.0663582378496,0.06504357911108972,2.2154862880706787,0.06549589335918427,0,1,0,0,0,0.006193510785215671,-0.8893986147330135,-0.9431301850338054,1,0,0,0,0,False,False,
10,3,1500.3708495284195,870.028284971913,-0.15026751542163047,1.2114386558532715,0.016144562512636185,0,1,0,0,0,0.0011079719340039496,-0.8868887931093917,-0.9411443884803161,0,0,0,0,0,False,False,
10,4,1501.0773109652603,869.9964044686293,0.2507326965297152,1.1786404848098755,0.06790271401405334,0,1,0,0,0,-0.00023928720511479342,-0.8850030910044664,-0.9404821894914209,0,0,0,0,0,False,False,
10,5,1500.5854433372915,870.0185562460474,-0.2705097588957407,1.578484058380127,0.07360471040010452,0,1,0,0,0,0.0015246873457483742,-0.8863159431269145,-0.9408139321750439,0,0,0,0,0,False,False,
10,6,1500.2946971968327,870.0272966499049,0.5533551061412014,2.7351150512695312,0.10997741669416428,0,1,0,0,0,0.0021130471968256693,-0.8870915768317456,-0.9417962964424035,0,0,0,0,0,False,False,
10,7,1498.627775036534,870.1069520531715,0.24645746178619357,2.3746049404144287,0.11550832539796829,0,1,0,0,0,-0.0003842318891615706,-0.8915416326978407,-0.9438633063491176,0,0,0,0,0,False,False,
11,0,1498.414861807279,870.137486065422,0.5051407890539883,2.978060722351074,0.09100232273340225,0,1,0,0,0,-0.006702501418085818,-0.8921125071192118,-0.9416794039563052,0,0,0,0,0,False,False,
11,1,1497.8380145732674,870.1084289993596,0.31495162239999996,3.3033716678619385,0.0992736667394638,0,1,0,0,0,0.006881463672751112,-0.8936456177630541,-0.9491704924988134,0,0,0,0,0,False,False,
11,2,1499.430451041309,870.0663582378496,0.0,2.2154862880706787,0.06601285189390182,0,1,0,0,0,0.006193510785215671,-0.8893986147330135,-0.9431301850338054,2,0,0,0,0,False,False,
11,3,1500.2039030995638,870.0358251468091,0.16711661899748728,1.3786022663116455,0.028115786612033844,0,1,0,0,0,0.0008734382806150304,-0.8873345623938081,-0.9414009387760516,0,0,0,0,0,False,False,
11,4,1500.598081878088,870.0175079850541,0.47969352340597876,1.658353567123413,0.08323417603969574,0,1,0,0,0,0.0015901545874025184,-0.8862823221069036,-0.9408504581736652,0,0,0,0,0,False,False,
11,5,1500.5701004804494,870.0192330342161,0.015357776476452893,1.5938795804977417,0.0762580931186676,0,1,0,0,0,0.0015366808948572145,-0.8863569976393508,-0.9408431544032503,1,0,0,0,0,False,False,
11,6,1499.4372001166425,870.0667600341368,0.8584046838347409,3.5934457778930664,0.12937390804290771,0,1,0,0,0,0.0004019498610991453,-0.8893804584875217,-0.9430352110054985,0,0,0,0,0,False,False,
11,7,1498.1433268016613,870.130949670599,0.4850422434321348,2.8596954345703125,0.13191799819469452,0,1,0,0,0,-0.0018900901672859996,-0.892835201793756,-0.9443617958264855,0,0,0,0,0,False,False,
12,0,1498.414861807279,870.137486065422,0.0,2.978060722351074,0.09046702086925507,0,1,0,0,0,-0.006702501418085818,-0.8921125071192118,-0.9416794039563052,1,0,0,0,0,False,False,
12,1,1497.2141214528965,870.1347821683437,0.6244494496447341,3.9278273582458496,0.11398519575595856,0,1,0,0,0,0.0033834946475423066,-0.8953108091657295,-0.9503655737195991,0,0,0,0,0,False,False,
12,2,1499.4660039281998,870.0650442002413,-0.03557716207224322,2.2511539459228516,0.06579308211803436,0,1,0,0,0,0.0061663268163231226,-0.8893035066513704,-0.9430352110054985,3,0,0,0,0,False,False,
12,3,1500.1666527161226,870.0375091583933,0.03728842932520031,1.4158729314804077,0.030084136873483658,0,1,0,0,0,0.0008466915725932722,-0.8874339507663289,-0.9414593832324641,1,0,0,0,0,False,False,
12,4,1499.812432164427,870.0454642723216,0.7861469497320748,2.44449520111084,0.10292263329029083,0,1,0,0,0,0.007093580616226012,-0.8883785721567399,-0.942976766549086,0,0,0,0,0,False,False,
12,5,1500.5701004804494,870.0192330342161,0.0,1.5938795804977417,0.07447906583547592,0,1,0,0,0,0.0015366808948572145,-0.8863569976393508,-0.9408431544032503,2,0,0,0,0,False,False,
12,6,1498.2816744433835,870.131902049729,1.1573603862912774,4.750918865203857,0.1480310708284378,0,1,0,0,0,-0.006348298814702642,-0.8924669051133527,-0.943284457530819,0,0,0,0,0,False,False,
12,7,1497.4127724229782,870.1649827971722,0.7313466715022161,3.5910797119140625,0.14496709406375885,0,1,0,0,0,-1.6651321459764607e-05,-0.894785559693748,-0.9453660785516363,0,0,0,0,0,False,False,
13,0,1498.4183237669984,870.1372898818261,-0.0034675139655288077,2.981487512588501,0.09047707915306091,0,1,0,0,0,-0.0067189473690720865,-0.8921033722278885,-0.9416867112999934,2,0,0,0,1,False,False,
13,1,1496.6485915531641,870.1618686728787,0.5661781929916262,4.494028091430664,0.13082198798656464,0,1,0,0,0,-0.00021313592262433504,-0.8968206774797166,-0.9510621654630167,0,0,0,0,1,False,False,
13,2,1499.3200799225367,870.0705621188633,0.14602829470574852,2.3972532749176025,0.08234291523694992,0,1,0,0,0,0.00564397474794968,-0.8896930891368041,-0.9433948895389769,0,0,0,0,1,False,False,
13,3,1499.8153695620556,870.0528843234442,0.3516194676516781,1.7674031257629395,0.04717962443828583,0,1,0,0,0,0.0017767529382461413,-0.8883713608082285,-0.9420674578522421,0,0,0,0,1,False,False,
13,4,1498.726093218905,870.0686770639225,1.0865869216275654,3.5310463905334473,0.1225535199046135,0,1,0,0,0,0.01656638652887384,-0.891275085455251,-0.9477562409932075,0,0,0,0,1,False,False,
13,5,1500.2554049937369,870.0319324474002,0.31495162239999996,1.9088327884674072,0.09291819483041763,0,1,0,0,0,0.00395306615298744,-0.887196856790883,-0.9415105239184617,0,0,0,0,1,False,False,
13,6,1497.0381948671402,870.2177465169086,1.2464392199700123,5.997289180755615,0.1679321527481079,0,1,0,0,0,-0.014836178035972756,-0.8957896822005271,-0.9416574890717871,0,0,0,0,1,False,False,
13,7,1496.891655200605,870.1896167388808,0.5216991379502279,4.112781047821045,0.15781226754188538,0,1,0,0,0,-0.0004589082993391003,-0.8961767625556921,-0.9460407554105359,0,0,0,0,1,False,False,
14,0,1498.3247243061385,870.142523790289,0.09374568187951594,3.0752625465393066,0.09025999158620834,0,1,0,0,0,-0.006257568083545569,-0.8923534263564683,-0.9417086261845115,3,0,0,0,2,False,False,
14,1,1495.7787416082317,870.2062358715275,0.8709806972687653,5.365032196044922,0.14861881732940674,0,1,0,0,0,-0.0022385133837300626,-0.8991433408518924,-0.9518025941220171,0,0,0,0,2,False,False,
14,2,1499.0820823368301,870.0800831994279,0.2381879547275762,2.6354806423187256,0.10064190626144409,0,1,0,0,0,0.004275701158116223,-0.8903283481049744,-0.943915297474136,0,0,0,0,2,False,False,
14,3,1499.8153695620556,870.0528843234442,0.0,1.7674031257629395,0.048932723701000214,0,1,0,0,0,0.0017767529382461413,-0.8883713608082285,-0.9420674578522421,1,0,0,0,2,False,False,
14,4,1498.1492362390572,870.0772362153338,0.5769204748245077,4.107892036437988,0.14068202674388885,0,1,0,0,0,0.02101990063470996,-0.8928125124753089,-0.9507471707108687,0,0,0,0,2,False,False,
14,5,1499.6312664790462,870.0516359912808,0.6244494496447341,2.5332894325256348,0.1107773557305336,0,1,0,0,0,0.009681536956440735,-0.8888618855795618,-0.943497170910972,0,0,0,0,2,False,False,
14,6,1495.6098709248301,870.3438760301176,1.4338821214724045,7.43118953704834,0.1879870891571045,0,1,0,0,0,-0.02805679741983056,-0.8996098428639299,-0.9365037214068108,0,0,0,0,2,False,False,
14,7,1496.2655656145562,870.2173189433962,0.6267021476696822,4.739370346069336,0.17371812462806702,0,1,0,0,0,0.0014865642339448944,-0.8978476636915441,-0.947081564134308,0,0,0,0,2,False,False,
15,0,1497.9431201744037,870.1620970632415,0.38210577903390347,3.4573569297790527,0.10635341703891754,0,1,0,0,0,-0.0033530179602072013,-0.8933723305761453,-0.9420236245099327,0,0,0,0,3,False,False,
15,1,1495.3992676201551,870.226278120309,0.3800028938875609,5.744954586029053,0.16564512252807617,0,1,0,0,0,-0.0034219465557928036,-0.9001564528907604,-0.9520445333036495,0,0,0,0,3,False,False,
15,2,1498.5336301120074,870.1058974376687,0.549059393698857,3.1845498085021973,0.11894005537033081,0,1,0,0,0,-0.00021481025944372807,-0.8917925326679821,-0.9446402610067391,0,0,0,0,3,False,False,
15,3,1499.500724796507,870.0667838185886,0.31495162239999996,2.0824079513549805,0.0611712709069252,0,1,0,0,0,0.0015296863858689372,-0.889211371292863,-0.9425951695578163,0,0,0,0,3,False,False,
15,4,1497.544704300875,870.0845288991197,0.6045759237011967,4.712550640106201,0.1577489674091339,0,1,0,0,0,0.02313312691615484,-0.894423889965119,-0.9540823209821573,0,0,0,0,3,False,False,
15,5,1498.9141050889648,870.073710665106,0.7175010457470007,3.2507927417755127,0.12116219103336334,0,1,0,0,0,0.010361126685918027,-0.8907749796816481,-0.9458426495712129,0,0,0,0,3,False,False,
15,6,1494.3473188978653,870.4804037356068,1.2699123730239583,8.70112419128418,0.20885585248470306,0,1,0,0,0,-0.041975199249386544,-0.9029892229071672,-0.9289460341984542,0,0,0,0,3,False,False,
15,7,1495.8755011136193,870.2338257456087,0.39041361324938173,5.129855155944824,0.19135093688964844,0,1,0,0,0,0.0027402714014158392,-0.8988889460968901,-0.9478219927933083,0,0,0,0,3,False,False,
16,0,1497.5440776164235,870.1825544320305,0.3995665989760088,3.8569283485412598,0.11653967946767807,0,1,0,0,0,-0.003370041051572217,-0.894437839529808,-0.9423532303761839,0,0,0,0,4,False,False,
16,1,1494.8928191398522,870.2544158288955,0.5072295277737051,6.2522053718566895,0.1851167529821396,0,1,0,0,0,-0.005233965070835072,-0.9015090764005617,-0.952197951788369,0,0,0,0,4,False,False,
16,2,1497.6805086589438,870.1486409898904,0.8541915622000377,4.038646697998047,0.1341080516576767,0,1,0,0,0,-0.0021883054126732304,-0.8940701106175515,-0.9454619030189642,0,0,0,0,4,False,False,
16,3,1498.9318646390648,870.0944404136814,0.5695320587792944,2.6519272327423096,0.0807744711637497,0,1,0,0,0,-0.0013101838509189494,-0.890730086025303,-0.9432406206152365,0,0,0,0,4,False,False,
16,4,1497.4614203147707,870.0855243196264,0.08328993458640786,4.7958083152771,0.16029107570648193,0,1,0,0,0,0.023253115108741125,-0.8946457608703285,-0.9545442808876308,1,0,0,0,4,False,False,
16,5,1497.895046754563,870.0971400665917,1.0193276341627386,4.270105361938477,0.1320115625858307,0,1,0,0,0,0.015707118160729137,-0.8934923400768073,-0.9501309418816548,0,0,0,0,4,False,False,
16,6,1492.796915846138,870.6525639919537,1.5599322987458928,10.261070251464844,0.22147607803344727,0,1,0,0,0,-0.045764257617581926,-0.9071387930139708,-0.9191232276707872,0,0,0,0,4,False,False,
16,7,1495.8755011136193,870.2338257456087,0.0,5.129855155944824,0.1892583668231964,0,1,0,0,0,0.0027402714014158392,-0.8988889460968901,-0.9478219927933083,1,0,0,0,4,False,False,
17,0,1497.476446820682,870.1860019644922,0.06771860905757424,3.9246416091918945,0.11323424428701401,0,1,0,0,0,-0.0031906635963196094,-0.894618406367445,-0.9424125252716173,1,0,0,0,5,False,False,
17,1,1494.5766829112904,870.2722353263653,0.31663804177553523,6.568869590759277,0.20261183381080627,0,1,0,0,0,-0.005796235809680183,-0.9023534791022574,-0.9522718577979055,0,0,0,0,5,False,False,
17,2,1497.0526131385816,870.1800244940324,0.6286793370417686,4.667362689971924,0.15341049432754517,0,1,0,0,0,-0.002146529294937396,-0.8957466766486665,-0.9460699776387422,0,0,0,0,5,False,False,
17,3,1498.128108880044,870.139786056102,0.805033879688,3.457038402557373,0.10003120452165604,0,1,0,0,0,-0.0063873840127630244,-0.8928769433133391,-0.94340950065308,0,0,0,0,5,False,False,
17,4,1497.219156338106,870.0884906232117,0.24228213583851266,5.0381364822387695,0.17831829190254211,0,1,0,0,0,0.023209208347905828,-0.8952915444820706,-0.9558708621353447,0,0,0,0,5,False,False,
17,5,1497.0129002945148,870.1192531482421,0.8824235747960008,5.152462005615234,0.14464446902275085,0,1,0,0,0,0.014711414274555384,-0.8958446760707429,-0.9536203610766838,0,0,0,0,5,False,False,
17,6,1491.1538322806675,870.8528638858292,1.6552473079892902,11.916295051574707,0.23580795526504517,0,1,0,0,0,-0.055207098019719875,-0.911536935893994,-0.9065888141912802,0,0,0,0,5,False,False,
17,7,1495.5608325799476,870.2471763399516,0.31495162239999996,5.444836139678955,0.20316722989082336,0,1,0,0,0,0.00269290280074554,-0.8997288881743385,-0.9484154562989832,0,0,0,0,5,False,False,
18,0,1497.476446820682,870.1860019644922,0.0,3.9246416091918945,0.11261527240276337,0,1,0,0,0,-0.0031906635963196094,-0.894618406367445,-0.9424125252716173,2,0,0,0,6,False,False,
18,1,1494.112477399611,870.3002602986938,0.46505070277076616,7.033947467803955,0.21813446283340454,0,1,0,0,0,-0.00844453771524469,-0.9035935796396038,-0.9521468111023713,0,0,0,0,6,False,False,
18,2,1496.9457263848167,870.1853732230117,0.10702049818646589,4.774427890777588,0.1704060137271881,0,1,0,0,0,-0.002189347330825184,-0.8960321829315073,-0.9461804132201732,0,0,0,0,6,False,False,
18,3,1497.5313671658796,870.1768272474541,0.597890226781298,4.054867267608643,0.11914701759815216,0,1,0,0,0,-0.010125862070868961,-0.8944709542323654,-0.9431228812633905,0,0,0,0,6,False,False,
18,4,1497.219156338106,870.0884906232117,0.0,5.0381364822387695,0.17692099511623383,0,1,0,0,0,0.023209208347905828,-0.8952915444820706,-0.9558708621353447,1,0,0,0,6,False,False,
18,5,1495.8322240725518,870.1412057002709,1.1808802884498597,6.3333306312561035,0.15495145320892334,0,1,0,0,0,0.01941765454716694,-0.898992239954863,-0.9592060124066333,0,0,0,0,6,False,False,
18,6,1489.385721572554,871.0589755934362,1.7800835688691976,13.696334838867188,0.2513240575790405,0,1,0,0,0,-0.05479634174575191,-0.9162670756266744,-0.8942224231640494,0,0,0,0,6,False,False,
18,7,1495.5608325799476,870.2471763399516,0.0,5.444836139678955,0.20425507426261902,0,1,0,0,0,0.00269290280074554,-0.8997288881743385,-0.9484154562989832,1,0,0,0,6,False,False,
19,0,1497.6141145547952,870.178867861214,-0.13785245897500004,4.06251859664917,0.12122883647680283,0,1,0,0,0,-0.0037153689301836343,-0.8942507392405873,-0.9423020896901864,0,0,0,0,7,False,False,
19,1,1493.7930795868976,870.3208227041737,0.320059018440548,7.353945255279541,0.2365790605545044,0,1,0,0,0,-0.011083714932928502,-0.9044467781395608,-0.9519048754940121,0,0,0,0,7,False,False,
19,2,1496.5386956488403,870.2046385520193,0.40748640827782523,5.1818671226501465,0.18366406857967377,0,1,0,0,0,-0.0004737239535093825,-0.8971186870611785,-0.9467008175820593,0,0,0,0,7,False,False,
19,3,1496.758850263289,870.2285090227782,0.7742437411361613,4.829056262969971,0.1380440592765808,0,1,0,0,0,-0.01345020971355066,-0.896535005199345,-0.9423093970338745,0,0,0,0,7,False,False,
19,4,1497.0094395470946,870.0911257535624,0.20973334580844763,5.247869491577148,0.18977360427379608,0,1,0,0,0,0.023128511724614338,-0.895850464954881,-0.9570148026701327,0,0,0,0,7,False,False,
19,5,1494.501100307511,870.147523466916,1.331138757617525,7.664522171020508,0.1753840446472168,0,1,0,0,0,0.029260085232111363,-0.9025384633819165,-0.9677168452274163,0,0,0,0,7,False,False,
19,6,1488.1575957678167,871.2096240766157,1.2373309814864015,14.933687210083008,0.2644968330860138,0,1,0,0,0,-0.06102155994744388,-0.9195521361980836,-0.884736533419595,0,0,0,0,7,False,False,
19,7,1495.6985603346563,870.2413140854062,-0.13785245897500004,5.582777976989746,0.2151559591293335,0,1,0,0,0,0.0025964647029623066,-0.8993610462952056,-0.9481589060032476,0,0,0,0,7,False,False,
20,0,1497.4350178820705,870.1881075263962,0.17933485325990267,4.241832733154297,0.1342601180076599,0,1,0,0,0,-0.0035846840226639643,-0.8947289030988198,-0.9424417474998237,0,0,0,0,8,False,False,
20,1,1493.4732087794514,870.3414457338424,0.3205349322757676,7.674434185028076,0.24854770302772522,0,1,0,0,0,-0.01124425826683964,-0.9053012825851439,-0.9516629363123797,0,0,0,0,8,False,False,
20,2,1495.8240777130256,870.2356479867964,0.7152904160081357,5.897139072418213,0.19882133603096008,0,1,0,0,0,0.002066724455162393,-0.899026069044261,-0.9479616506029456,0,0,0,0,8,False,False,
20,3,1496.0383480440787,870.2750445039427,0.7220034618298968,5.551136493682861,0.15155410766601562,0,1,0,0,0,-0.012210794174807423,-0.8984602069586696,-0.941759766870509,0,0,0,0,8,False,False,
20,4,1496.606107226425,870.0970602158435,0.40337597689916144,5.651233196258545,0.20821428298950195,0,1,0,0,0,0.02198832843210457,-0.896925465486722,-0.9591110383783262,0,0,0,0,8,False,False,
20,5,1493.3493638464047,870.1470738240031,1.1517365488775546,8.816255569458008,0.18812544643878937,0,1,0,0,0,0.03358768327531784,-0.9056056167235709,-0.9757876330272439,0,0,0,0,8,False,False,
20,6,1487.168293119301,871.3410558097725,0.9979950054186685,15.931642532348633,0.28386011719703674,0,1,0,0,0,-0.06970510731121352,-0.9221979281419143,-0.8758887873888727,0,0,0,0,8,False,False,
20,7,1495.568903535734,870.246913625817,0.12977765739757485,5.712657451629639,0.2323472499847412,0,1,0,0,0,0.0022088116326374222,-0.8997073892188256,-0.9483935378411918,0,0,0,0,8,False,False,
21,0,1497.4237316758224,870.1886901031668,0.011301232108483043,4.253198623657227,0.13683189451694489,0,1,0,0,0,-0.0036029705413868542,-0.8947592118654505,-0.9424563586139267,1,0,0,0,9,False,False,
21,1,1492.8874993601441,870.3779259414954,0.5868443826225646,8.261385917663574,0.26689690351486206,0,1,0,0,0,-0.010022005468780055,-0.9068662949616139,-0.9513698564447498,0,0,0,0,9,False,False,
21,2,1494.807767930988,870.2772591973733,1.0171612782204658,6.914348602294922,0.21892932057380676,0,1,0,0,0,0.0037232201808592436,-0.9017385827140434,-0.950057882737866,0,0,0,0,9,False,False,
21,3,1495.7973527180914,870.2900835079554,0.24146411491040196,5.792574405670166,0.16820503771305084,0,1,0,0,0,-0.010895824286159773,-0.8991039459882859,-0.9416355706139958,0,0,0,0,9,False,False,
21,4,1495.8949029126238,870.1056435053076,0.7112561063551314,6.362466812133789,0.22073552012443542,0,1,0,0,0,0.024115073913840965,-0.8988207554540897,-0.9630323448116016,0,0,0,0,9,False,False,
21,5,1492.4038483605195,870.1379501285544,0.9455595041387534,9.761856079101562,0.201203390955925,0,1,0,0,0,0.040565449485505826,-0.908122233269124,-0.9834622127216988,0,0,0,0,9,False,False,
21,6,1486.6922039990782,871.4040722398086,0.48024152345367355,16.411865234375,0.29446902871131897,0,1,0,0,0,-0.07055681181968163,-0.9234708024513018,-0.8716589466813897,0,0,0,0,9,False,False,
21,7,1495.3652084319347,870.2555424224103,0.20387778555435354,5.916455268859863,0.2444479763507843,0,1,0,0,0,0.002747927825236237,-0.9002508450677763,-0.9487751348324616,0,0,0,0,9,False,False,
22,0,1497.2140933881535,870.1996018195796,0.20992207414131528,4.463078022003174,0.15425056219100952,0,1,0,0,0,-0.0038980680502886697,-0.8953188792462675,-0.9426097806719195,0,0,0,0,10,False,False,
22,1,1492.274959754219,870.4166773831533,0.613764159150343,8.87515926361084,0.2832562327384949,0,1,0,0,0,-0.010833778091738584,-0.9085027918553933,-0.9509964136629161,0,0,0,0,10,False,False,
22,2,1493.708384798343,870.3144170115738,1.1000108979006695,8.014339447021484,0.23767542839050293,0,1,0,0,0,0.008520452877545874,-0.904671636514643,-0.9532615294089531,0,0,0,0,10,False,False,
22,3,1495.246046464752,870.3228228977048,0.5522775141287423,6.344813823699951,0.1834743618965149,0,1,0,0,0,-0.009113871307404982,-0.9005764365294224,-0.9415543572607711,0,0,0,0,10,False,False,
22,4,1495.3063123659701,870.1095135716025,0.5886032696334953,6.951102256774902,0.2385585606098175,0,1,0,0,0,0.0280474570140623,-0.900388947976527,-0.966668729159956,0,0,0,0,10,False,False,
22,5,1491.7239440626017,870.1316767536115,0.6799332390465195,10.441694259643555,0.21139951050281525,0,1,0,0,0,0.04110725635784623,-0.9099314303177458,-0.9889455862529263,0,0,0,0,10,False,False,
22,6,1486.1358139843626,871.4767308907336,0.5611141844843706,16.972990036010742,0.3094980716705322,0,1,0,0,0,-0.07082987935695005,-0.9249580548607731,-0.8668283244047241,0,0,0,0,10,False,False,
22,7,1495.3652084319347,870.2555424224103,0.0,5.916455268859863,0.24522942304611206,0,1,0,0,0,0.002747927825236237,-0.9002508450677763,-0.9487751348324616,1,0,0,0,10,False,False,
23,0,1497.2140933881535,870.1996018195796,0.0,4.463078022003174,0.1540386974811554,0,1,0,0,0,-0.0038980680502886697,-0.8953188792462675,-0.9426097806719195,1,0,0,0,11,False,False,
23,1,1491.6228747963103,870.4559589481289,0.6532670462205782,9.528316497802734,0.2990531623363495,0,1,0,0,0,-0.009088656844474801,-0.9102443725959342,-0.9508348409687607,0,0,0,0,11,False,False,
23,2,1493.068758216477,870.331479133281,0.639854108548951,8.654215812683105,0.2564547061920166,0,1,0,0,0,0.01328871360589561,-0.906377610778059,-0.9556654525256066,0,0,0,0,11,False,False,
23,3,1494.9112687355323,870.3415940797635,0.3353035717933054,6.680180072784424,0.1996864527463913,0,1,0,0,0,-0.00707482847585431,-0.9014706908566148,-0.9416355706139958,0,0,0,0,11,False,False,
23,4,1495.238751063464,870.1099641376077,0.06756280490077232,7.018609046936035,0.23435348272323608,0,1,0,0,0,0.02803771567216763,-0.9005687958990611,-0.9670786979404111,1,0,0,0,11,False,False,
23,5,1491.4094885363604,870.1290898363472,0.31446616689973245,10.756157875061035,0.22799034416675568,0,1,0,0,0,0.04085018923039899,-0.9107682940741753,-0.991438028279856,0,0,0,0,11,False,False,
23,6,1485.3902128748873,871.5711459588856,0.7515552005972364,17.724550247192383,0.3279707729816437,0,1,0,0,0,-0.07022166859525814,-0.9269503584662032,-0.8607149685157469,0,0,0,0,11,False,False,
23,7,1495.5029350650038,870.2496538751458,-0.13785245897500004,6.0542778968811035,0.2574482858181,0,1,0,0,0,0.0024889522646715377,-0.8998833207984307,-0.9485258883071409,0,0,0,0,11,False,False,
24,0,1496.9561235406459,870.212331289842,0.25828372313470843,4.721327781677246,0.17194591462612152,0,1,0,0,0,-0.0021950720532822113,-0.896007541087664,-0.94287363473807,0,0,0,0,12,False,False,
24,1,1491.1910133708823,870.4822588576146,0.4326615028075033,9.9610013961792,0.3139438033103943,0,1,0,0,0,-0.00963054815301771,-0.9113980692248556,-0.9506878758154352,0,0,0,0,12,False,False,
24,2,1492.1256835978477,870.3481287191128,0.943221577897249,9.597355842590332,0.2751268446445465,0,1,0,0,0,0.019553448198995068,-0.9088914985376598,-0.9602395173599902,0,0,0,0,12,False,False,
24,3,1494.6360856687056,870.3568358575064,0.275604847665932,6.955746173858643,0.21423211693763733,0,1,0,0,0,-0.006690662214757026,-0.9022054941074565,-0.9417305446423028,0,0,0,0,12,False,False,
24,4,1494.9384475791778,870.1121685852662,0.3003115753078228,7.318910121917725,0.25034892559051514,0,1,0,0,0,0.027834318045592,-0.9013688386323011,-0.9689046191045138,0,0,0,0,12,False,False,
24,5,1490.7855377711005,870.1238494993918,0.6239727707197901,11.380203247070312,0.2448880821466446,0,1,0,0,0,0.04173764932722229,-0.912428905504203,-0.996415605213357,0,0,0,0,12,False,False,
24,6,1484.3462247444638,871.7062728182184,1.0526967676298715,18.777326583862305,0.3436417877674103,0,1,0,0,0,-0.07484764537331266,-0.9297391242364414,-0.8518079275895911,0,0,0,0,12,False,False,
24,7,1495.3498676298984,870.2559918522509,0.15319859543582154,6.207485675811768,0.26818525791168213,0,1,0,0,0,0.0033597167249335294,-0.9002918691965309,-0.948833579288874,0,0,0,0,12,False,False,
25,0,1496.9561235406459,870.212331289842,0.0,4.721327781677246,0.17131762206554413,0,1,0,0,0,-0.0021950720532822113,-0.896007541087664,-0.94287363473807,1,0,0,0,13,False,False,
25,1,1490.4743199240313,870.529148170179,0.7182256639746937,10.679211616516113,0.33349350094795227,0,1,0,0,0,-0.012777240565702957,-0.9133129162867526,-0.950057882737866,0,0,0,0,13,False,False,
25,2,1491.4955866014611,870.3562941483424,0.6301499020787608,10.22753620147705,0.29412052035331726,0,1,0,0,0,0.02296529789161323,-0.9105709066875705,-0.9636412662971273,0,0,0,0,13,False,False,
25,3,1494.0510436752654,870.3868291087547,0.5858103184554891,7.541599273681641,0.23020261526107788,0,1,0,0,0,-0.004141380313948022,-0.9037677359993092,-0.9422071156618794,0,0,0,0,13,False,False,
25,4,1494.8731781679078,870.112642161875,0.0652711293172702,7.384219646453857,0.25122928619384766,0,1,0,0,0,0.027937502570508678,-0.901542831450389,-0.9692999767708657,1,0,0,0,13,False,False,
25,5,1490.3246987026776,870.1202071684696,0.46085346213254524,11.841032981872559,0.26196178793907166,0,1,0,0,0,0.04201209030622156,-0.9136551445703361,-0.9999414554919379,0,0,0,0,13,False,False,
25,6,1483.4671193626814,871.8216724004626,0.886647244320436,19.663890838623047,0.3603758215904236,0,1,0,0,0,-0.07863542084068248,-0.9320858998773838,-0.8441187296344868,0,0,0,0,13,False,False,
25,7,1495.3498676298984,870.2559918522509,0.0,6.207485675811768,0.2657212018966675,0,1,0,0,0,0.0033597167249335294,-0.9002918691965309,-0.948833579288874,1,0,0,0,13,False,False,
26,0,1496.7295356548473,870.2229372454752,0.2268359677952316,4.94826078414917,0.18572407960891724,0,1,0,0,0,-0.0005869162756406847,-0.8966126960316819,-0.9431821761588239,0,0,0,0,14,False,False,
26,1,1489.7189710351518,870.579933186931,0.7570542000794661,11.436287879943848,0.3506818115711212,0,1,0,0,0,-0.014255941696768243,-0.9153312918209542,-0.949237094737935,0,0,0,0,14,False,False,
26,2,1491.2257747861902,870.3592753544448,0.26982828474722176,10.49732780456543,0.3121069073677063,0,1,0,0,0,0.02437797654981687,-0.9112898217908658,-0.9651732643011255,0,0,0,0,14,False,False,
26,3,1493.9863135734545,870.3900993733847,0.06481265857228351,7.606377601623535,0.23237541317939758,0,1,0,0,0,-0.0036741394283154706,-0.9039404751866021,-0.9422728674619801,1,0,0,0,14,False,False,
26,4,1494.8731781679078,870.112642161875,0.0,7.384219646453857,0.2483268529176712,0,1,0,0,0,0.027937502570508678,-0.901542831450389,-0.9692999767708657,2,0,0,0,14,False,False,
26,5,1489.6840741151705,870.1182723294231,0.6406275093381238,12.481660842895508,0.2786753475666046,0,1,0,0,0,0.03968715167555325,-0.9153602393937036,-0.9952570537877954,0,0,0,0,14,False,False,
26,6,1482.2917074779095,871.9722367980501,1.1850159225443468,20.84891128540039,0.37834545969963074,0,1,0,0,0,-0.08037833445051269,-0.9352219628769226,-0.8342740189421214,0,0,0,0,14,False,False,
26,7,1495.1917088202827,870.2625259595771,0.15829372576841277,6.365823745727539,0.28034529089927673,0,1,0,0,0,0.0034333548043324275,-0.9007140973154417,-0.9491485776142953,0,0,0,0,14,False,False,
27,0,1496.4636573148377,870.2343813414074,0.2661245178819077,5.214374542236328,0.2030971646308899,0,1,0,0,0,0.001817873455843571,-0.8973223303027631,-0.9436660545220887,0,0,0,0,15,False,False,
27,1,1488.6629890989905,870.6466056791522,1.058084623609011,12.49441909790039,0.3700491189956665,0,1,0,0,0,-0.01206083361821489,-0.918152487485707,-0.948606254794618,0,0,0,0,15,False,False,
27,2,1491.2257747861902,870.3592753544448,0.0,10.49732780456543,0.312045693397522,0,1,0,0,0,0.02437797654981687,-0.9112898217908658,-0.9651732643011255,1,0,0,0,15,False,False,
27,3,1493.6632577483144,870.4055846820285,0.32342674741073796,7.929869651794434,0.24855807423591614,0,1,0,0,0,-0.0020494055918258407,-0.904803115458375,-0.9426617682236648,0,0,0,0,15,False,False,
27,4,1494.88418360951,870.1125618459608,-0.011005734664621939,7.395206451416016,0.2436780482530594,0,1,0,0,0,0.02790311311252683,-0.901513556229905,-0.9692415323144531,3,0,0,0,15,False,False,
27,5,1489.5652915878727,870.1180167079593,0.1187828023477946,12.600435256958008,0.29443439841270447,0,1,0,0,0,0.03928109743621601,-0.9156763732211204,-0.9943997348759925,0,0,0,0,15,False,False,
27,6,1481.4296303409255,872.0761056653537,0.8683120013597709,21.717208862304688,0.39440539479255676,0,1,0,0,0,-0.07840430860548572,-0.937520503674951,-0.8278374962251942,0,0,0,0,15,False,False,
27,7,1495.1917088202827,870.2625259595771,0.0,6.365823745727539,0.28150153160095215,0,1,0,0,0,0.0034333548043324275,-0.9007140973154417,-0.9491485776142953,1,0,0,0,15,False,False,
28,0,1496.0315651486019,870.2515240151521,0.4324320887556667,5.646721839904785,0.21919095516204834,0,1,0,0,0,0.0040037152264037305,-0.8984752336862448,-0.9446183461222211,0,0,0,0,16,False,False,
28,1,1488.1346444916992,870.6785772848363,0.5293110688656545,13.023706436157227,0.3883301913738251,0,1,0,0,0,-0.01057866586935682,-0.9195637287101015,-0.9484601400803134,0,0,0,0,16,False,False,
28,2,1490.97089181434,870.3622210823369,0.2548999934327654,10.752227783203125,0.3299882709980011,0,1,0,0,0,0.0242394598019432,-0.9119690717199648,-0.9665875122334581,0,0,0,0,16,False,False,
28,3,1493.6632577483144,870.4055846820285,0.0,7.929869651794434,0.24621984362602234,0,1,0,0,0,-0.0020494055918258407,-0.904803115458375,-0.9426617682236648,1,0,0,0,16,False,False,
28,4,1494.5800588375826,870.1139110803573,0.3041277648184537,7.699286460876465,0.2580922842025757,0,1,0,0,0,0.029971448325806845,-0.9023235446808685,-0.9711989570787571,0,0,0,0,16,False,False,
28,5,1489.2893279563289,870.1172270913848,0.27596476120907,12.876437187194824,0.3072170615196228,0,1,0,0,0,0.04008234178449217,-0.9164109326391678,-0.9923838647619577,0,0,0,0,16,False,False,
28,6,1480.5567428014283,872.1715930928713,0.8780948157365532,22.5953369140625,0.4134540855884552,0,1,0,0,0,-0.07420779247406446,-0.9398468928595793,-0.822486476733189,0,0,0,0,16,False,False,
28,7,1494.8770144884438,870.2752539586706,0.31495162239999996,6.680657386779785,0.298775851726532,0,1,0,0,0,0.0040184256252631355,-0.9015536378950854,-0.9498159435562336,0,0,0,0,16,False,False,
29,0,1495.2922779810247,870.2783127526942,0.7397723653958207,6.386587142944336,0.23923133313655853,0,1,0,0,0,0.006311720936109724,-0.9004481126005467,-0.946561159772422,0,0,0,0,17,False,False,
29,1,1487.308903286126,870.7272349052464,0.8271735625644676,13.850821495056152,0.40715858340263367,0,1,0,0,0,-0.00984173558189304,-0.9217691135700503,-0.9483789267270887,0,0,0,0,17,False,False,
29,2,1490.7499142484905,870.3648453135182,0.22099314740062032,10.973312377929688,0.34720757603645325,0,1,0,0,0,0.02419884353578728,-0.912558208393659,-0.9678118192557232,0,0,0,0,17,False,False,
29,3,1493.7836860992168,870.3997854430141,-0.12056790150872584,8.050492286682129,0.255283921957016,0,1,0,0,0,-0.0021826219315389354,-0.90448145641047,-0.9425148066436124,0,0,0,0,17,False,False,
29,4,1494.1047024313123,870.1147357282199,0.4753571215689162,8.174629211425781,0.2733909487724304,0,1,0,0,0,0.032107327905856034,-0.9035895379539904,-0.9744017533108235,0,0,0,0,17,False,False,
29,5,1489.2893279563289,870.1172270913848,0.0,12.876437187194824,0.308849960565567,0,1,0,0,0,0.04008234178449217,-0.9164109326391678,-0.9923838647619577,1,0,0,0,17,False,False,
29,6,1479.6952811252386,872.2621021878994,0.8662032762730825,23.461528778076172,0.4269823729991913,0,1,0,0,0,-0.07433184341301613,-0.9421416120822553,-0.8176485506861084,0,0,0,0,17,False,False,
29,7,1494.4284489688748,870.2916387014528,0.44886466238971684,7.129563808441162,0.3093978464603424,0,1,0,0,0,0.006590030745994113,-0.9027506577923424,-0.9509744987783979,0,0,0,0,17,False,False,
30,0,1494.4123309164665,870.3133907939996,0.880645959172083,7.26716947555542,0.25659579038619995,0,1,0,0,0,0.004101883433877004,-0.9027962851837349,-0.9484820549648315,0,0,0,0,18,False,False,
30,1,1486.7141925015712,870.7603511386992,0.5956321030500507,14.446471214294434,0.4245840311050415,0,1,0,0,0,-0.007946847767055627,-0.9233573896348315,-0.9485551141086204,0,0,0,0,18,False,False,
30,2,1490.2588122888542,870.3705174734556,0.4911347148767869,11.464433670043945,0.3654630184173584,0,1,0,0,0,0.0247770793659075,-0.9138668896918569,-0.9705461986776488,0,0,0,0,18,False,False,
30,3,1493.987265970889,870.3896435313568,-0.2038323392450736,8.25435733795166,0.26567792892456055,0,1,0,0,0,-0.0032205080733850385,-0.9039378226975121,-0.9423167008042895,0,0,0,0,18,False,False,
30,4,1493.6385941054998,870.113242045265,0.46611071912214763,8.64081859588623,0.2876702547073364,0,1,0,0,0,0.035712647446378774,-0.9048307735960788,-0.9778254207057517,0,0,0,0,18,False,False,
30,5,1489.4175604149386,870.1174406457579,-0.12823263643302193,13.004733085632324,0.32137420773506165,0,1,0,0,0,0.039161424436245325,-0.9160694546216704,-0.9932996263435364,0,0,0,0,18,False,False,
30,6,1478.659452053545,872.3752173452056,1.0419869982768395,24.50358009338379,0.44382616877555847,0,1,0,0,0,-0.08080797331613844,-0.9448991162918102,-0.8113151669267438,0,0,0,0,18,False,False,
30,7,1494.3403790248096,870.2948397656751,0.08812809915007637,7.217757701873779,0.3012276589870453,0,1,0,0,0,0.0067202608163910325,-0.902985829884606,-0.9512009764069063,1,0,0,0,18,False,False,
31,0,1493.4643482602482,870.3565801103614,0.9489659812334923,8.21614933013916,0.27579575777053833,0,1,0,0,0,0.0004962931684366999,-0.9053268967603728,-0.9499109211578137,0,0,0,0,19,False,False,
31,1,1485.8156887334326,870.8098115156299,0.8998640732051122,15.346389770507812,0.44232308864593506,0,1,0,0,0,-0.007785711641872063,-0.9257569994788044,-0.9488920237452866,0,0,0,0,19,False,False,
31,2,1489.7717858997435,870.3760472904453,0.4870577815476557,11.95152473449707,0.3838035464286804,0,1,0,0,0,0.025283508135357617,-0.9151647877403182,-0.973280579886211,0,0,0,0,19,False,False,
31,3,1494.2863285914525,870.374699014055,-0.299435785462848,8.553803443908691,0.2706531286239624,0,1,0,0,0,-0.0032903858517733574,-0.9031393112448394,-0.9420236245099327,0,0,0,0,19,False,False,
31,4,1493.6385941054998,870.113242045265,0.0,8.64081859588623,0.288506418466568,0,1,0,0,0,0.035712647446378774,-0.9048307735960788,-0.9778254207057517,1,0,0,0,19,False,False,
31,5,1489.6815950168598,870.1175639299055,-0.26403463070328037,13.268771171569824,0.3304082155227661,0,1,0,0,0,0.038079236193681885,-0.9153666225349578,-0.9951547733091185,0,0,0,0,19,False,False,
31,6,1478.041988541355,872.4435764809597,0.6212359940691532,25.124784469604492,0.45839664340019226,0,1,0,0,0,-0.08428252140851226,-0.9465415976513153,-0.8074295467728884,0,0,0,0,19,False,False,
31,7,1493.9390155784226,870.3086844398229,0.40160215524562753,7.619361877441406,0.3175293803215027,0,1,0,0,0,0.007987328220647152,-0.9040566892313379,-0.9523449169416943,0,0,0,0,19,False,False,
32,0,1492.7905086201927,870.3857705720559,0.6744716032304867,8.890608787536621,0.286446750164032,0,1,0,0,0,0.001956691709204645,-0.9071254467616239,-0.9511133061490143,0,0,0,0,20,False,False,
32,1,1484.9071428085526,870.8557374705899,0.9097059365283993,16.25611686706543,0.46004393696784973,0,1,0,0,0,-0.005095602224816452,-0.9281828660422881,-0.9497209695279266,0,0,0,0,20,False,False,
32,2,1489.7717858997435,870.3760472904453,0.0,11.95152473449707,0.38512933254241943,0,1,0,0,0,0.025283508135357617,-0.9151647877403182,-0.973280579886211,1,0,0,0,20,False,False,
32,3,1494.2660991038374,870.3757098252003,0.020254725580440985,8.57409381866455,0.27183544635772705,0,1,0,0,0,-0.0032901332875942065,-0.9031934173884145,-0.9420382356240359,1,0,0,0,20,False,False,
32,4,1493.7764462541604,870.1135345433506,-0.13785245897500004,8.77875804901123,0.29956331849098206,0,1,0,0,0,0.03488834455473958,-0.9044634903504098,-0.9768284435376525,0,0,0,0,20,False,False,
32,5,1489.9442140966908,870.1174716445555,-0.26261909604572503,13.531344413757324,0.34107571840286255,0,1,0,0,0,0.037249646151231115,-0.9146676402797896,-0.9969725409337741,0,0,0,0,20,False,False,
32,6,1477.1305954834272,872.5516504731166,0.9177784557397236,26.04254150390625,0.47256970405578613,0,1,0,0,0,-0.09349218444944604,-0.9489638217217796,-0.8008396162910614,0,0,0,0,20,False,False,
32,7,1493.9390155784226,870.3086844398229,0.0,7.619361877441406,0.3161904215812683,0,1,0,0,0,0.007987328220647152,-0.9040566892313379,-0.9523449169416943,1,0,0,0,20,False,False,
33,0,1491.955304292612,870.4169734788665,0.8357869885341099,9.726398468017578,0.301242470741272,0,1,0,0,0,0.005885130465542451,-0.9093541269374786,-0.9531803160557284,0,0,0,0,21,False,False,
33,1,1484.524169598028,870.8756777650434,0.38349197556455367,16.639572143554688,0.4729887843132019,0,1,0,0,0,-0.006147599766928301,-0.9292053634234838,-0.9499921309377652,0,0,0,0,21,False,False,
33,2,1489.7887478416928,870.3758561876449,-0.016963018451236433,11.968493461608887,0.3830038011074066,0,1,0,0,0,0.02532565463624697,-0.9151195743904773,-0.9731856040712674,2,0,0,0,21,False,False,
33,3,1494.1681094659873,870.380588391615,0.09811100619319356,8.672237396240234,0.274286150932312,0,1,0,0,0,-0.0031840606592557683,-0.9034551314219637,-0.9421340600913637,2,0,0,0,21,False,False,
33,4,1493.676944499076,870.1132334280267,0.09950221070582302,8.87824535369873,0.3002590835094452,0,1,0,0,0,0.035562881888555845,-0.9047283777796106,-0.9775615648529646,1,0,0,0,21,False,False,
33,5,1490.2102370741547,870.1170784703498,-0.2660232680138293,13.797335624694824,0.35142141580581665,0,1,0,0,0,0.036232118861121244,-0.913959482257007,-0.9987756943177124,0,0,0,0,21,False,False,
33,6,1476.742048540249,872.5990545080087,0.39142798772840864,26.433975219726562,0.4866201877593994,0,1,0,0,0,-0.09762939809841732,-0.9499956347132602,-0.7978632941142302,0,0,0,0,21,False,False,
33,7,1493.6242708405375,870.320098222108,0.31495162239999996,7.934266090393066,0.3338457942008972,0,1,0,0,0,0.006922797029796534,-0.9048963845231708,-0.9531657049416253,0,0,0,0,21,False,False,
34,0,1491.1993980618286,870.4423371069839,0.7563316358373714,10.482804298400879,0.31959739327430725,0,1,0,0,0,0.00849455529603568,-0.9113710318798953,-0.9554089058031443,0,0,0,0,22,False,False,
34,1,1484.2876168649557,870.888491562067,0.23689953338516667,16.87649154663086,0.49013829231262207,0,1,0,0,0,-0.007549317462964369,-0.9298371039365062,-0.9501090234238635,0,0,0,0,22,False,False,
34,2,1489.9432878176945,870.3742034271747,-0.1545488136472203,12.123043060302734,0.3941642642021179,0,1,0,0,0,0.025565468240318346,-0.9147077759910186,-0.9723055193892665,0,0,0,0,22,False,False,
34,3,1493.9498926734886,870.391389743583,0.21848395303250673,8.890644073486328,0.29226386547088623,0,1,0,0,0,-0.0030192934350986257,-0.9040375434952717,-0.942360537719872,0,0,0,0,22,False,False,
34,4,1493.676944499076,870.1132334280267,0.0,8.87824535369873,0.3012140393257141,0,1,0,0,0,0.035562881888555845,-0.9047283777796106,-0.9775615648529646,2,0,0,0,22,False,False,
34,5,1490.515060183893,870.1157293611955,-0.30482609521810444,14.102148056030273,0.35790371894836426,0,1,0,0,0,0.03403394947196306,-0.9131478219830693,-0.99926687756804,0,0,0,0,22,False,False,
34,6,1476.0476795700718,872.6838627685981,0.6995289184938013,27.133468627929688,0.5009655952453613,0,1,0,0,0,-0.10148204659360166,-0.9518381857791822,-0.7925488077673926,0,0,0,0,22,False,False,
34,7,1493.1907110390339,870.3366960517945,0.43387738985824104,8.36817741394043,0.3521503210067749,0,1,0,0,0,0.005708617465235635,-0.9060534358435122,-0.9541992098949823,0,0,0,0,22,False,False,
35,0,1490.1851324926286,870.4741191450488,1.0147633925247705,11.49746322631836,0.339896559715271,0,1,0,0,0,0.010217183570588557,-0.9140764511051621,-0.9586636895869559,0,0,0,0,23,False,False,
35,1,1484.2876168649557,870.888491562067,0.0,16.87649154663086,0.4908406734466553,0,1,0,0,0,-0.007549317462964369,-0.9298371039365062,-0.9501090234238635,1,0,0,0,23,False,False,
35,2,1489.874783894535,870.3749470730016,0.06850795937218128,12.1915283203125,0.39665859937667847,0,1,0,0,0,0.025517947928265193,-0.9148902560705587,-0.9726944219375877,1,0,0,0,23,False,False,
35,3,1493.8114685942944,870.3980912571009,0.13858620416271242,9.029232025146484,0.30660879611968994,0,1,0,0,0,-0.002338134886392456,-0.9044071081579049,-0.9425294177577156,0,0,0,0,23,False,False,
35,4,1493.6364188050788,870.1131063021851,0.0405258933883307,8.91877269744873,0.3025965690612793,0,1,0,0,0,0.035673703574613885,-0.9048362824995231,-0.9778546447205946,3,0,0,0,23,False,False,
35,5,1490.8840174798331,870.1123045101139,-0.36897319121087885,14.471182823181152,0.36572515964508057,0,1,0,0,0,0.030595589079318426,-0.9121648803907053,-0.9971048849231655,0,1,0,0,23,False,False,
35,6,1475.8722374612698,872.7053892383877,0.1767578073026677,27.31032371520996,0.5139790177345276,0,1,0,0,0,-0.1028369568456368,-0.9523037144762893,-0.791192993571653,0,0,0,0,23,False,False,
35,7,1492.603701162159,870.3583501735368,0.5874091389628876,8.955491065979004,0.3690711259841919,0,1,0,0,0,0.006706191402362075,-0.907619521215486,-0.955687370983398,0,0,0,0,23,False,False,
36,0,1489.2581852649093,870.501301082512,0.9273456856536639,12.4248628616333,0.3598494827747345,0,1,0,0,0,0.011837307417117257,-0.9165491008395512,-0.961860028914355,0,0,0,0,24,False,False,
36,1,1483.9731812209634,870.906512390004,0.31495162239999996,17.19145965576172,0.5058097243309021,0,1,0,0,0,-0.00965909842713649,-0.9306769242507998,-0.9501382456520697,0,0,0,0,24,False,False,
36,2,1489.874783894535,870.3749470730016,0.0,12.1915283203125,0.3965485394001007,0,1,0,0,0,0.025517947928265193,-0.9148902560705587,-0.9726944219375877,2,0,0,0,24,False,False,
36,3,1493.8114685942944,870.3980912571009,0.0,9.029232025146484,0.30576613545417786,0,1,0,0,0,-0.002338134886392456,-0.9044071081579049,-0.9425294177577156,1,0,0,0,24,False,False,
36,4,1493.6364188050788,870.1131063021851,0.0,8.91877269744873,0.30195334553718567,0,1,0,0,0,0.035673703574613885,-0.9048362824995231,-0.9778546447205946,4,0,0,0,24,False,False,
36,5,1490.932248103935,870.1118489078611,-0.04823277593799645,14.519402503967285,0.35918599367141724,0,1,0,0,0,0.030446211587605236,-0.9120364454791439,-0.9968255710905275,1,0,0,0,24,False,False,
36,6,1475.8722374612698,872.7053892383877,0.0,27.31032371520996,0.5133891701698303,0,1,0,0,0,-0.1028369568456368,-0.9523037144762893,-0.791192993571653,1,0,0,0,24,False,False,
36,7,1491.9481718808283,870.378887979297,0.6558509282964424,9.61145305633545,0.3878025412559509,0,1,0,0,0,0.010438004200818165,-0.9093685243024834,-0.9577917609010275,0,0,0,0,24,False,False,
37,0,1488.0335855629146,870.5266309189972,1.2248616373869423,13.649734497070312,0.37920767068862915,0,1,0,0,0,0.018040234531613603,-0.9198141642328838,-0.9673507062159974,0,0,0,0,25,False,False,
37,1,1483.6647519217588,870.9240854609978,0.3089295153138063,17.500308990478516,0.5199704170227051,0,1,0,0,0,-0.009559922419494013,-0.9315004327606728,-0.9501820789943791,0,0,0,0,25,False,False,
37,2,1489.9078089148065,870.3745922559506,-0.03302692627334999,12.224611282348633,0.39311468601226807,0,1,0,0,0,0.025562734024956058,-0.9148021045532017,-0.9725109289990044,3,0,0,0,25,False,False,
37,3,1493.4968370120348,870.4122860412547,0.31495162239999996,9.344250679016113,0.32085728645324707,0,1,0,0,0,-0.0002461417430740514,-0.9052471572162557,-0.9430132961209804,0,0,0,0,25,False,False,
37,4,1493.7742709793595,870.1133864655931,-0.13785245897500004,9.05659008026123,0.31523779034614563,0,1,0,0,0,0.0348356037065173,-0.9044693244538452,-0.9768649731095469,0,0,0,0,25,False,False,
37,5,1490.9248407443035,870.1119188229326,0.007407689574333623,14.526848793029785,0.360228568315506,0,1,0,0,0,0.03045818469238068,-0.912056279005211,-0.9968702548718579,2,0,0,0,25,False,False,
37,6,1476.0090730018187,872.6886759117251,-0.13785245897500004,27.448183059692383,0.522891104221344,0,1,0,0,0,-0.10170685289609133,-0.9519408121176827,-0.79224110606584,0,0,0,0,25,False,False,
37,7,1491.6270086265342,870.3886871112054,0.32131271200340744,9.932768821716309,0.4021621346473694,0,1,0,0,0,0.011063955692132607,-0.9102252357241677,-0.9588544880825908,0,0,0,0,25,False,False,
38,0,1486.517970686701,870.5560242405317,1.5158998714792822,15.165644645690918,0.39760148525238037,0,1,0,0,0,0.019862084276680195,-0.9238547260866827,-0.9743798366396688,0,0,0,0,26,False,False,
38,1,1483.0470577198962,870.956347266878,0.618536135672971,18.11894989013672,0.5370393395423889,0,1,0,0,0,-0.006709215724426877,-0.9331500521013968,-0.9506148202449196,0,0,0,0,26,False,False,
38,2,1490.078160075746,870.372967903715,-0.17035890511969848,12.394906997680664,0.4062363803386688,0,1,0,0,0,0.02619175295430567,-0.9143483736744205,-0.9715139536175418,0,0,0,0,26,False,False,
38,3,1493.4968370120348,870.4122860412547,0.0,9.344250679016113,0.32062068581581116,0,1,0,0,0,-0.0002461417430740514,-0.9052471572162557,-0.9430132961209804,1,0,0,0,26,False,False,
38,4,1493.594937285389,870.1127416395037,0.17933485325990267,9.235912322998047,0.33295708894729614,0,1,0,0,0,0.03601147970511975,-0.9049467528831624,-0.9781924047962817,0,0,0,0,26,False,False,
38,5,1490.6160581210584,870.1147257387513,0.30879538078573665,14.835577011108398,0.37791207432746887,0,1,0,0,0,0.03096970001393484,-0.9128785905518235,-0.998680717386121,0,0,0,0,26,False,False,
38,6,1475.8310984131376,872.7107221217753,0.17933485325990267,27.627519607543945,0.5350157022476196,0,1,0,0,0,-0.10382055777073573,-0.9524127676268107,-0.7908414692476105,0,0,0,0,26,False,False,
38,7,1491.6270086265342,870.3886871112054,0.0,9.932768821716309,0.40455591678619385,0,1,0,0,0,0.011063955692132607,-0.9102252357241677,-0.9588544880825908,1,0,0,0,26,False,False,
39,0,1485.539737376493,870.5811394000048,0.9785556603668011,16.144115447998047,0.4149912893772125,0,1,0,0,0,0.01642947779136345,-0.9264631412422532,-0.9781842505868458,0,0,0,0,27,False,False,
39,1,1482.1257956089157,871.0005416100754,0.9223215367206451,19.04115104675293,0.551594614982605,0,1,0,0,0,-0.004158339974799535,-0.9356092066403063,-0.9517368423219164,0,0,0,0,27,False,False,
39,2,1489.975474369957,870.3740573535908,0.10269148491672775,12.497573852539062,0.42362093925476074,0,1,0,0,0,0.02558952535186544,-0.9146219329409038,-0.9720928042224769,0,0,0,0,27,False,False,
39,3,1493.6345486276175,870.4060561633195,-0.13785245897500004,9.482086181640625,0.3224664032459259,0,1,0,0,0,-0.00032310109717330863,-0.9048795946493977,-0.9428005791675542,0,0,0,0,27,False,False,
39,4,1493.5252033611534,870.1124300870531,0.06973462019839465,9.305737495422363,0.33411741256713867,0,1,0,0,0,0.036638247727591354,-0.9051326459437066,-0.9787128109448043,1,0,0,0,27,False,False,
39,5,1490.1598139717962,870.1178559061643,0.4562548867507464,15.291886329650879,0.39505621790885925,0,1,0,0,0,0.032847904565525395,-0.9140938165246395,-0.9985191450269599,0,0,0,0,27,False,False,
39,6,1475.3435452043877,872.770794223807,0.4912400521178761,28.11876106262207,0.5437447428703308,0,1,0,0,0,-0.10632070406490281,-0.9537049963314338,-0.7870435086318275,0,0,0,0,27,False,False,
39,7,1491.31222908244,870.3990968697117,0.31495162239999996,10.247638702392578,0.4196263253688812,0,1,0,0,0,0.0095252496813313,-0.9110647979088077,-0.9598003227780558,0,0,0,0,27,False,False,
40,0,1484.2651979706654,870.6149289798145,1.2749872284500259,17.419099807739258,0.4304716885089874,0,1,0,0,0,0.016666799701261285,-0.9298619905042015,-0.9830084088122978,0,0,0,0,28,False,False,
40,1,1481.7147949228324,871.0209603412379,0.4115075801770251,19.452667236328125,0.5627174377441406,0,1,0,0,0,-0.005333758302615858,-0.9367065454816746,-0.9521541184460596,0,0,0,0,28,False,False,
40,2,1489.5595811773458,870.3785762546684,0.4159177420204792,12.913492202758789,0.4374273717403412,0,1,0,0,0,0.025761193714763268,-0.9157301514193086,-0.9744464370921537,0,0,0,0,28,False,False,
40,3,1493.7331579347158,870.4016072894499,-0.09870961414728656,9.580819129943848,0.3184640407562256,0,1,0,0,0,-0.00024455135911757175,-0.9046163056151968,-0.9426544644532497,1,0,0,0,28,False,False,
40,4,1493.351746140047,870.1115490492507,0.17345945861076714,9.479079246520996,0.34733036160469055,0,1,0,0,0,0.03720829495968461,-0.9055941097105447,-0.9800247846516882,0,0,0,0,28,False,False,
40,5,1490.1598139717962,870.1178559061643,0.0,15.291886329650879,0.39372363686561584,0,1,0,0,0,0.032847904565525395,-0.9140938165246395,-0.9985191450269599,1,0,0,0,28,False,False,
40,6,1474.551801359595,872.8662317449038,0.7974751633752569,28.916234970092773,0.5582013726234436,0,1,0,0,0,-0.10965641430619952,-0.9558015780616025,-0.7811282550089,0,0,0,0,28,False,False,
40,7,1491.297609706028,870.3995807138526,0.014627380894200098,10.262295722961426,0.41599562764167786,0,1,0,0,0,0.009512772944523818,-0.9111038778800103,-0.9598441596936385,1,0,0,0,28,False,False,
41,0,1482.75356658695,870.6621518502276,1.5123688173601793,18.931556701660156,0.45034727454185486,0,1,0,0,0,0.014491976604925108,-0.9338942244256948,-0.9878682461706232,0,0,0,0,29,False,False,
41,1,1481.0295478557057,871.0562316714312,0.6861542171693488,20.138877868652344,0.5747698545455933,0,1,0,0,0,-0.006664389027533465,-0.9385363417900946,-0.9527037450361519,0,0,0,0,29,False,False,
41,2,1488.9277450805077,870.3828122612553,0.6318502963672221,13.545342445373535,0.45260927081108093,0,1,0,0,0,0.02899005674415491,-0.9174133699717781,-0.9783458268542744,0,0,0,0,29,False,False,
41,3,1493.9675476023956,870.3906902674556,-0.234643767622886,9.815448760986328,0.3229341208934784,0,1,0,0,0,-0.001164404624148574,-0.9039906280441701,-0.9423240081479777,0,0,0,0,29,False,False,
41,4,1493.1257163300077,870.1102441869674,0.22603357647035097,9.705157279968262,0.36325469613075256,0,1,0,0,0,0.03789240945022559,-0.9061959181842265,-0.981754881348463,0,0,0,0,29,False,False,
41,5,1490.0553872155826,870.1185302614044,0.1044289335782937,15.396258354187012,0.4075016975402832,0,1,0,0,0,0.03321208387991577,-0.9143717647937826,-0.9978745340237355,0,0,0,0,29,False,False,
41,6,1473.6634226696274,872.9772890324269,0.8952934814353021,29.811458587646484,0.5712578296661377,0,1,0,0,0,-0.11884327325018502,-0.9581495709984478,-0.7740179130186406,0,0,0,0,29,False,False,
41,7,1491.236492118749,870.4016141248904,0.061151404196817145,10.323486328125,0.41692057251930237,0,1,0,0,0,0.00941955903957042,-0.9112670335922691,-0.9600268039798374,2,0,0,0,29,False,False,
42,0,1481.7790146015566,870.6946773631865,0.9750946011681529,19.906587600708008,0.4700663387775421,0,1,0,0,0,0.013671583345303082,-0.9364937293636546,-0.9907560458639049,0,0,0,0,30,False,False,
42,1,1480.146998830324,871.1036455711594,0.8838217354701626,21.022720336914062,0.5950189232826233,0,1,0,0,0,-0.008416711051002166,-0.9408930543224602,-0.9531657049416253,0,0,0,0,30,False,False,
42,2,1488.4038819659775,870.3832568141102,0.5238633031550897,14.069146156311035,0.4711289703845978,0,1,0,0,0,0.03328081746741955,-0.9188083019659996,-0.981937525634662,0,0,0,0,30,False,False,
42,3,1493.9560849975715,870.391222711337,0.01147496430667856,9.826936721801758,0.32271429896354675,0,1,0,0,0,-0.0010850836080613312,-0.9040212618958348,-0.9423386192620807,1,0,0,0,30,False,False,
42,4,1492.6630762844225,870.106084224154,0.46265874796616624,10.16782283782959,0.38008204102516174,0,1,0,0,0,0.04047326315340709,-0.90742723364406,-0.9854707781720004,0,0,0,0,30,False,False,
42,5,1489.9743167048798,870.1190394172975,0.081072109540463,15.477314949035645,0.40800467133522034,0,1,0,0,0,0.0334096460945296,-0.9145876148105984,-0.9973687414459413,1,0,0,0,30,False,False,
42,6,1473.099761534937,873.0502754347456,0.5683668618805332,30.379886627197266,0.5863688588142395,0,1,0,0,0,-0.12618760855488442,-0.9596367599546747,-0.7692018982828049,0,0,0,0,30,False,False,
42,7,1490.861647795213,870.4149579219187,0.37508175616305994,10.698480606079102,0.4347875416278839,0,1,0,0,0,0.008029401862482485,-0.9122669402524067,-0.9610310831317149,0,0,0,0,30,False,False,
43,0,1480.508640999998,870.7505084795106,1.2715998588732518,21.178197860717773,0.4870545566082001,0,1,0,0,0,0.007343558718289955,-0.9398844745185193,-0.9929188820245834,0,0,0,0,31,False,False,
43,1,1479.7894844363884,871.1231005531972,0.35804334681323036,21.380794525146484,0.613715648651123,0,1,0,0,0,-0.009002759784458981,-0.9418478230365263,-0.9533272812090539,0,0,0,0,31,False,False,
43,2,1487.5744044517162,870.3842406815625,0.8294780977580979,14.898614883422852,0.47969865798950195,0,1,0,0,0,0.03399169583004588,-0.9210171501166884,-0.9875897792037329,0,0,0,0,31,False,False,
43,3,1493.9278015849334,870.3925252684029,0.02831339056643351,9.855164527893066,0.32498863339424133,0,1,0,0,0,-0.0008333869583383249,-0.9040965348303414,-0.9423833030434111,2,0,0,0,31,False,False,
43,4,1491.8937073104255,870.0961523647693,0.7694330769989087,10.937295913696289,0.3977656662464142,0,1,0,0,0,0.04394028406583301,-0.9094743825093785,-0.9920168779914729,0,0,0,0,31,False,False,
43,5,1489.7540669789812,870.1202428081685,0.22025301339140615,15.69765567779541,0.4249063730239868,0,1,0,0,0,0.03416410155807025,-0.9151743512577024,-0.9959755639890043,0,0,0,0,31,False,False,
43,6,1472.2989009769278,873.16112384258,0.8084955181657305,31.188302993774414,0.6032530069351196,0,1,0,0,0,-0.13914218385275995,-0.961743954449928,-0.7615045675579039,0,0,0,0,31,False,False,
43,7,1490.861647795213,870.4149579219187,0.0,10.698480606079102,0.4342925250530243,0,1,0,0,0,0.008029401862482485,-0.9122669402524067,-0.9610310831317149,1,0,0,0,31,False,False,
44,0,1479.770534833477,870.7859308884911,0.7389556550390259,21.917207717895508,0.5025017857551575,0,1,0,0,0,0.0049363341886479225,-0.9418551125532177,-0.99381272559503,0,0,0,0,32,False,False,
44,1,1479.1238035114525,871.1609760379553,0.6667575617638356,22.04751968383789,0.6326633095741272,0,1,0,0,0,-0.010909303957419385,-0.9436255025552415,-0.9534295625810489,0,0,0,0,32,False,False,
44,2,1487.0453250833282,870.3829874796338,0.5290808525819207,15.427790641784668,0.49042579531669617,0,1,0,0,0,0.03691316562393215,-0.9224259625008683,-0.9914234171657529,0,0,0,0,32,False,False,
44,3,1493.9278015849334,870.3925252684029,0.0,9.855164527893066,0.32556459307670593,0,1,0,0,0,-0.0008333869583383249,-0.9040965348303414,-0.9423833030434111,3,0,0,0,32,False,False,
44,4,1491.6481842040741,870.0932155548016,0.2455406699616811,11.182796478271484,0.40817657113075256,0,1,0,0,0,0.04365239636439103,-0.9101275254109049,-0.9940774301002014,0,0,0,0,32,False,False,
44,5,1489.7540669789812,870.1202428081685,0.0,15.69765567779541,0.4239031970500946,0,1,0,0,0,0.03416410155807025,-0.9151743512577024,-0.9959755639890043,1,0,0,0,32,False,False,
44,6,1471.9378880107172,873.2125098785289,0.36465173311356247,31.55302619934082,0.618460476398468,0,1,0,0,0,-0.145254500209358,-0.9626919771541529,-0.7578690336485704,0,0,0,0,32,False,False,
44,7,1490.962627081102,870.4113291604898,-0.10104446589571095,10.79949951171875,0.44966360926628113,0,1,0,0,0,0.007791580373605535,-0.9119975765842223,-0.9607672290655644,0,0,0,0,32,False,False,
45,0,1478.7314623984519,870.837499830632,1.040351325765811,22.957550048828125,0.5227659344673157,0,1,0,0,0,0.004090476368519881,-0.9446293026242248,-0.9948689989985402,0,0,0,0,33,False,False,
45,1,1478.9795441015929,871.1693793875761,0.14450395710118366,22.192052841186523,0.6462570428848267,0,1,0,0,0,-0.011850179952565378,-0.9440108560115102,-0.9534222552373608,0,0,0,0,33,False,False,
45,2,1486.3553995817297,870.3827338130988,0.6899255482316196,16.117733001708984,0.503612220287323,0,1,0,0,0,0.03650441117939699,-0.9242628555818196,-0.9962540305092354,0,0,0,0,33,False,False,
45,3,1494.065500416406,870.3860189440546,-0.13785245897500004,9.993011474609375,0.3379543721675873,0,1,0,0,0,-0.0015881015366561416,-0.9037289431579439,-0.9421998118914644,0,0,0,0,33,False,False,
45,4,1491.5740081383904,870.0923434221334,0.07418119260096187,11.257019996643066,0.4036697447299957,0,1,0,0,0,0.043618292548876524,-0.9103249951188171,-0.9946928142969633,1,0,0,0,33,False,False,
45,5,1489.7358796448923,870.1203404882564,0.018187596395972234,15.71584415435791,0.4194280803203583,0,1,0,0,0,0.03424237657649011,-0.9152227882977996,-0.9958659743800028,2,0,0,0,33,False,False,
45,6,1471.9378880107172,873.2125098785289,0.0,31.55302619934082,0.6170927286148071,0,1,0,0,0,-0.145254500209358,-0.9626919771541529,-0.7578690336485704,1,0,0,0,33,False,False,
45,7,1490.7472058763037,870.4189203595274,0.2155549159252728,11.01508903503418,0.4671434164047241,0,1,0,0,0,0.00828806700002297,-0.9125724338257123,-0.9613542356665721,0,0,0,0,33,False,False,
46,0,1478.2202159187468,870.8631452904363,0.5118892972308301,23.469423294067383,0.5415408611297607,0,1,0,0,0,0.003847254189643776,-0.945994272213032,-0.9953601802389016,0,0,0,0,34,False,False,
46,1,1478.5234696550585,871.1986543947239,0.45701304885651295,22.6490478515625,0.6628010869026184,0,1,0,0,0,-0.015964083117761322,-0.9452291323181992,-0.9530926493711096,0,0,0,0,34,False,False,
46,2,1485.3631136904771,870.388511805071,0.9923027134750335,17.10993766784668,0.522732675075531,0,1,0,0,0,0.03374254844309361,-0.926905141753042,-0.9975294733042475,0,0,0,0,34,False,False,
46,3,1494.2261798901945,870.3781023867274,-0.16087437700549684,10.153851509094238,0.3478129506111145,0,1,0,0,0,-0.0028572802749165602,-0.9033000400988793,-0.9420309282803477,0,0,0,0,34,False,False,
46,4,1491.2519697171376,870.0889320528072,0.32205648915002183,11.579059600830078,0.4211205542087555,0,1,0,0,0,0.04329139724848245,-0.9111818003849168,-0.9973459734424474,0,0,0,0,34,False,False,
46,5,1489.525894382106,870.1212585120456,0.20998726950742197,15.925806999206543,0.43353888392448425,0,1,0,0,0,0.03511010885358827,-0.9157818434370318,-0.9945166260221133,0,0,0,0,34,False,False,
46,6,1472.0039136907785,873.2031826440502,-0.06668123971981052,31.619722366333008,0.615225076675415,0,1,0,0,0,-0.14390506577447013,-0.9625186698308863,-0.75852823108798,2,0,0,0,34,False,False,
46,7,1490.2207572759398,870.4388551132861,0.5268258946108365,11.541954040527344,0.4810621738433838,0,1,0,0,0,0.006726356100600444,-0.9139773292204977,-0.9626369871452497,0,0,0,0,34,False,False,
47,0,1477.6012818307154,870.8971254914177,0.6198661624786549,24.089252471923828,0.5553926825523376,0,1,0,0,0,0.0008647965283643088,-0.9476471495016462,-0.9956021176338974,0,0,0,0,35,False,False,
47,1,1477.8957663049734,871.2449846946878,0.6294108295881837,23.278440475463867,0.682133138179779,0,1,0,0,0,-0.022756475148056173,-0.9469064739227776,-0.9519121792644272,0,0,0,0,35,False,False,
47,2,1484.0749264543863,870.4140833267974,1.2884410184214512,18.398399353027344,0.5422235131263733,0,1,0,0,0,0.02603727329905736,-0.9303383018616618,-0.9916288258821725,0,0,0,0,35,False,False,
47,3,1494.5219391195833,870.3630565690368,-0.2961416863573414,10.45001220703125,0.35366350412368774,0,1,0,0,0,-0.0038430766434329497,-0.9025102942247029,-0.9417816853283003,0,0,0,0,35,False,False,
47,4,1490.9378561665062,870.0856374952305,0.31413082752239047,11.893163681030273,0.43755289912223816,0,1,0,0,0,0.04363602399314459,-0.9120174629800686,-0.9999268193649224,0,0,0,0,35,False,False,
47,5,1489.0045384131784,870.1208207782713,0.5213561526894892,16.44717025756836,0.44831299781799316,0,1,0,0,0,0.03907220675006581,-0.9171695705560802,-0.9908372583238113,0,0,0,0,35,False,False,
47,6,1472.1034955965285,873.189249772487,-0.10055188144836782,31.720298767089844,0.6260766386985779,0,1,0,0,0,-0.14205319419712245,-0.9622571492649206,-0.7594959878145096,0,0,0,0,35,False,False,
47,7,1489.7958448331447,870.4543559504706,0.4251950846323669,11.967041969299316,0.492461621761322,0,1,0,0,0,0.007709216949632491,-0.9151108139999179,-0.9637362438987075,0,0,0,0,35,False,False,
48,0,1476.9327615885404,870.9331691941959,0.6694911968858813,24.758800506591797,0.5667431354522705,0,1,0,0,0,0.0015441751772802567,-0.9494326060601488,-0.9959390353104283,0,0,0,0,36,False,False,
48,1,1477.692646843567,871.2600468434013,0.2036771561219496,23.48212432861328,0.6927617788314819,0,1,0,0,0,-0.023212692257605264,-0.9474492718115499,-0.9515241253684902,0,0,0,0,36,False,False,
48,2,1483.0831528678218,870.4348801946185,0.99199161121359,19.390438079833984,0.556567907333374,0,1,0,0,0,0.026324486669406927,-0.93298156700899,-0.9872154877695148,0,0,0,0,36,False,False,
48,3,1494.7366327604393,870.3521441391276,-0.21497078999383668,10.664886474609375,0.36598092317581177,0,1,0,0,0,-0.003793638931340284,-0.9019373052736888,-0.9415835794889773,0,0,0,0,36,False,False,
48,4,1490.9378561665062,870.0856374952305,0.0,11.893163681030273,0.43965572118759155,0,1,0,0,0,0.04363602399314459,-0.9120174629800686,-0.9999268193649224,1,0,0,0,36,False,False,
48,5,1488.2464605846067,870.1166260773923,0.758089433831839,17.205238342285156,0.4631209075450897,0,1,0,0,0,0.043112002868759366,-0.9191865625298986,-0.9850535020478571,0,0,0,0,36,False,False,
48,6,1472.3380207508005,873.1564819519406,-0.23680324754886725,31.957075119018555,0.6313117742538452,0,1,0,0,0,-0.1396146853248537,-0.961641125100662,-0.7617903293620261,0,0,0,0,36,False,False,
48,7,1489.7958448331447,870.4543559504706,0.0,11.967041969299316,0.49476176500320435,0,1,0,0,0,0.007709216949632491,-0.9151108139999179,-0.9637362438987075,1,0,0,0,36,False,False,
49,0,1475.9615254567154,870.9780809375977,0.9722739780832439,25.731029510498047,0.5839037299156189,0,1,0,0,0,0.006763587121854661,-0.9520250802867223,-0.997324059227918,0,0,0,0,37,False,False,
49,1,1477.1789197752773,871.2984010658635,0.5151568179440564,23.997224807739258,0.7073474526405334,0,1,0,0,0,-0.024162959805948958,-0.948821910298135,-0.9505125388729244,0,0,0,0,37,False,False,
49,2,1482.2969117555203,870.4539398475501,0.7864720955271208,20.176923751831055,0.5727158188819885,0,1,0,0,0,0.025025854621625855,-0.9350772902378011,-0.9840273026515517,0,0,0,0,37,False,False,
49,3,1494.8063470143559,870.3486354051012,-0.06980249575481164,10.734800338745117,0.36263900995254517,0,1,0,0,0,-0.003470564460351966,-0.9017508713704517,-0.9415251350325649,1,0,0,0,37,False,False,
49,4,1491.0523463295722,870.0867658784347,-0.1144957234464039,12.007671356201172,0.45297443866729736,0,1,0,0,0,0.04308326037281568,-0.9117128158334222,-0.9989884117177976,0,0,0,0,37,False,False,
49,5,1487.9253087564346,870.1143234194673,0.3211600830921705,17.526412963867188,0.48073872923851013,0,1,0,0,0,0.04462680931470307,-0.9200409459152689,-0.9825464489068243,0,0,0,0,37,False,False,
49,6,1472.5769493701875,873.1234071540265,-0.24120702191109156,32.198246002197266,0.6360763311386108,0,1,0,0,0,-0.13653672979059164,-0.9610129871568576,-0.7640846709095427,0,0,0,0,37,False,False,
49,7,1489.4810790833321,870.4651747857725,0.31495162239999996,12.2820463180542,0.5124753713607788,0,1,0,0,0,0.009140966860946441,-0.9159507399794572,-0.9646382452518631,0,0,0,0,37,False,False,
50,0,1474.6939404411914,871.0344836220622,1.2688392468692307,26.999860763549805,0.5979289412498474,0,1,0,0,0,0.008470200479110998,-0.9554083539693817,-0.9993918957890533,0,0,0,0,38,False,False,
50,1,1477.1789197752773,871.2984010658635,0.0,23.997224807739258,0.7092779278755188,0,1,0,0,0,-0.024162959805948958,-0.948821910298135,-0.9505125388729244,1,0,0,0,38,False,False,
50,2,1481.2513733273804,870.4748553881033,1.0457476103505738,21.222665786743164,0.5890035033226013,0,1,0,0,0,0.028965042169812074,-0.9378631753446317,-0.9792551337644816,0,0,0,0,38,False,False,
50,3,1494.5936122936503,870.3592204425605,0.21299789766959165,10.947831153869629,0.36819013953208923,0,1,0,0,0,-0.003124124991563488,-0.9023189459954808,-0.9417378519859909,0,0,0,0,38,False,False,
50,4,1491.1944993248233,870.0879546434205,-0.14215796573188447,12.149765968322754,0.46528908610343933,0,1,0,0,0,0.04195339125566433,-0.9113347179542166,-0.9978599200063478,0,0,0,0,38,False,False,
50,5,1487.7760295392802,870.1133391982266,0.1492824616814321,17.675708770751953,0.490159273147583,0,1,0,0,0,0.044480725912054216,-0.9204381012912233,-0.9813878972579331,0,0,0,0,38,False,False,
50,6,1472.9289102962448,873.0742043242412,-0.3553834716611898,32.55371856689453,0.6377081871032715,0,1,0,0,0,-0.13415343549932635,-0.9600865250803668,-0.7675302496157159,0,1,0,0,38,False,False,
50,7,1488.8568829584474,870.4829599717548,0.6244494496447341,12.90644645690918,0.5309680700302124,0,1,0,0,0,0.013138885675645421,-0.9176154609018221,-0.9668449129682146,0,0,0,0,38,False,False,
51,0,1473.3653909506988,871.0967865908576,1.330009552074281,28.32993507385254,0.6197029948234558,0,1,0,0,0,0.007545700351520029,-0.958954988761122,-0.9988195212951289,0,0,0,0,39,False,False,
51,1,1477.3163798705555,871.2880076712496,-0.13785245897500004,24.135066986083984,0.7214943170547485,0,1,0,0,0,-0.0245893004638993,-0.9484546053645676,-0.9507983113968662,0,0,0,0,39,False,False,
51,2,1479.9110877206108,870.5096461666046,1.3407370756350818,22.56332778930664,0.6044595241546631,0,1,0,0,0,0.02671365867392789,-0.9414353065960288,-0.974094064115727,0,0,0,0,39,False,False,
51,3,1494.1986253648145,870.3775156119707,0.39541040347324874,11.34327507019043,0.3861743211746216,0,1,0,0,0,-0.0009506124634561451,-0.9033734612645685,-0.9422947859197713,0,0,0,0,39,False,False,
51,4,1491.4019840925864,870.089422665616,-0.20748996106534087,12.357290267944336,0.4741709530353546,0,1,0,0,0,0.04087904844669955,-0.9107824657865226,-0.9962394193951323,0,0,0,0,39,False,False,
51,5,1487.7760295392802,870.1133391982266,0.0,17.675708770751953,0.47897741198539734,0,1,0,0,0,0.044480725912054216,-0.9204381012912233,-0.9813878972579331,1,0,0,0,39,False,False,
51,6,1472.9634236539184,873.0693743621528,-0.03484968280611553,32.588478088378906,0.634558379650116,0,1,0,0,0,-0.1339371793234275,-0.9599958830405662,-0.7678671663989285,1,0,0,0,39,False,False,
51,7,1488.1017814001564,870.5052005713275,0.7554290222137208,13.661900520324707,0.5458542704582214,0,1,0,0,0,0.012842222890293442,-0.9196296029742315,-0.9694396381537761,0,0,0,0,39,False,False,
52,0,1471.9193429427914,871.181492527298,1.4485268160588194,29.778459548950195,0.6395086646080017,0,1,0,0,0,0.00014231744343836303,-0.9628177203340377,-0.9988934226147443,0,0,0,0,40,False,False,
52,1,1477.1679058065306,871.2989812403322,0.14887903447589204,24.284032821655273,0.7372834086418152,0,1,0,0,0,-0.02369503517758997,-0.9488515723910358,-0.9505125388729244,0,0,0,0,40,False,False,
52,2,1478.2833707760549,870.5776337756226,1.629136202585368,24.192554473876953,0.6249843239784241,0,1,0,0,0,0.017994517990316202,-0.9457783053975118,-0.9708985716540756,0,0,0,0,40,False,False,
52,3,1493.6079493544385,870.4031534171049,0.5912321424667158,11.934529304504395,0.4003050923347473,0,1,0,0,0,0.000915939904908214,-0.9049501375683917,-0.9433429019872316,0,0,0,0,40,False,False,
52,4,1491.2996745070282,870.0887236818672,0.10231197327487286,12.459587097167969,0.4890129864215851,0,1,0,0,0,0.040848470164657,-0.9110547031482086,-0.9970309849435274,0,0,0,0,40,False,False,
52,5,1487.787854171765,870.1134167115467,-0.011824886541471973,17.687549591064453,0.4752670228481293,0,1,0,0,0,0.044439320020868915,-0.9204065992262078,-0.9814764143815727,2,0,0,0,40,False,False,
52,6,1472.9805026743431,873.0669855691931,-0.017245268060264295,32.60573959350586,0.6281024813652039,0,1,0,0,0,-0.13373384410679767,-0.9599508889797284,-0.7680360535833184,2,0,0,0,40,False,False,
52,7,1487.130811908527,870.5378179798173,0.9715171892517624,14.633397102355957,0.5652667284011841,0,1,0,0,0,0.01054922272676764,-0.9222199168807282,-0.9722909082751633,0,0,0,0,40,False,False,
53,0,1470.1903799795941,871.3188746153211,1.73441251327858,31.512786865234375,0.6625981330871582,0,1,0,0,0,-0.014944454975228736,-0.9674414802977747,-0.9966940735202247,0,0,0,0,41,False,False,
53,1,1476.707735804343,871.3314293432272,0.4613125949882526,24.745256423950195,0.7516179084777832,0,1,0,0,0,-0.02207410466839153,-0.9500807820846326,-0.9498378620140249,0,0,0,0,41,False,False,
53,2,1476.9293459754258,870.6320937848191,1.3551195715950959,25.547653198242188,0.6360452175140381,0,1,0,0,0,0.020333658762846894,-0.9493901785990309,-0.9679953104076698,0,0,0,0,41,False,False,
53,3,1493.399834847618,870.4117471116344,0.20829186142236106,12.142836570739746,0.4088422656059265,0,1,0,0,0,0.0022705434573317184,-0.9055056214465576,-0.9437610285503957,0,0,0,0,41,False,False,
53,4,1491.2996745070282,870.0887236818672,0.0,12.459587097167969,0.48257750272750854,0,1,0,0,0,0.040848470164657,-0.9110547031482086,-0.9970309849435274,1,0,0,0,41,False,False,
53,5,1487.937342938691,870.1143373962599,-0.14949160209655674,17.837087631225586,0.48885035514831543,0,1,0,0,0,0.04396701650921134,-0.9200087831171115,-0.9826268118210281,0,0,0,0,41,False,False,
53,6,1473.1338541966447,873.0456644262937,-0.15482661440069972,32.76065444946289,0.6355003118515015,0,1,0,0,0,-0.13186473586751568,-0.9595466878414084,-0.7695169037547727,0,0,0,0,41,False,False,
53,7,1485.8632929697344,870.5761543771118,1.2680985527770485,15.901554107666016,0.583193838596344,0,1,0,0,0,0.013254487541611107,-0.9256009687735167,-0.976520754342556,0,0,0,0,41,False,False,
54,0,1468.2258927571718,871.47541692988,1.9707144753382884,33.48349380493164,0.6791495680809021,0,1,0,0,0,-0.01799242288153064,-0.9726949350039034,-0.9916288258821725,0,0,0,0,42,False,False,
54,1,1476.6263999142975,871.3371364646222,0.08153587090417222,24.826879501342773,0.7540944814682007,0,1,0,0,0,-0.021951450794982938,-0.9502983118114559,-0.9497209695279266,1,0,0,0,42,False,False,
54,2,1475.6048739443759,870.6729342712388,1.3251015456803066,26.872745513916016,0.6550994515419006,0,1,0,0,0,0.02827486694462588,-0.9529205154222496,-0.9636631847549186,0,0,0,0,42,False,False,
54,3,1492.8843011433662,870.4294568192134,0.5158377981130056,12.65864372253418,0.4220938980579376,0,1,0,0,0,0.006781811360582424,-0.9068810288733021,-0.9452272676077468,0,0,0,0,42,False,False,
54,4,1491.4375249667532,870.0894661096456,-0.13785245897500004,12.597406387329102,0.49638861417770386,0,1,0,0,0,0.03976375465833194,-0.9106879029291604,-0.9959901751031075,0,0,0,0,42,False,False,
54,5,1488.222280488381,870.116525735253,-0.2849459528594431,18.122007369995117,0.4951704144477844,0,1,0,0,0,0.044512732645286074,-0.9192508707219758,-0.9848700108959105,0,0,0,0,42,False,False,
54,6,1473.2921868919611,873.0239058989265,-0.15982076185317348,32.92046356201172,0.6455678939819336,0,1,0,0,0,-0.12950428873771722,-0.9591293930407914,-0.7710196795305645,0,0,0,0,42,False,False,
54,7,1484.6053680614173,870.6039470440307,1.2582318972665598,17.1597957611084,0.6045799255371094,0,1,0,0,0,0.019311388836098016,-0.928954802619877,-0.981952136748765,0,0,0,0,42,False,False,
55,0,1466.7689190756878,871.5768904899638,1.4605030612542966,34.94405746459961,0.699310302734375,0,1,0,0,0,-0.013574291964279282,-0.9765890079079372,-0.9896202613251892,0,0,0,0,43,False,False,
55,1,1476.370446593008,871.3546615755215,0.2565525914723309,25.083337783813477,0.7706788778305054,0,1,0,0,0,-0.021167188925745803,-0.9509818280030927,-0.9493978205663427,0,0,0,0,43,False,False,
55,2,1473.9919255688258,870.7271883717889,1.6138605793612815,28.486572265625,0.6721347570419312,0,1,0,0,0,0.029157452559301255,-0.9572199555257198,-0.9589348509967945,0,0,0,0,43,False,False,
55,3,1492.2405300093467,870.4512480117728,0.6441398365804415,13.302811622619629,0.43263477087020874,0,1,0,0,0,0.007235104830103169,-0.9085986998010277,-0.947096175248411,0,0,0,0,43,False,False,
55,4,1491.7110202297977,870.0905507616483,-0.27349741384103204,12.870967864990234,0.5012183785438538,0,1,0,0,0,0.03854496286140766,-0.9099597547085203,-0.9939523874245997,0,0,0,0,43,False,False,
55,5,1488.187756268308,870.1162582922204,0.03452525593567057,18.156553268432617,0.4912009835243225,0,1,0,0,0,0.04460540053915767,-0.9193427739923972,-0.9846061550431234,1,0,0,0,43,False,False,
55,6,1473.13593725776,873.0453501819798,0.15771431597563493,33.07817459106445,0.6532800793647766,0,1,0,0,0,-0.13072730690187326,-0.9595412232262542,-0.7695388150660175,0,0,0,0,43,False,False,
55,7,1483.1062418800714,870.6123102858479,1.4991495093587814,18.658964157104492,0.6220687627792358,0,1,0,0,0,0.03160062029053563,-0.9329479387374329,-0.9913868875938584,0,0,0,0,43,False,False,
56,0,1465.0249918710645,871.6640921701743,1.7461060185614552,36.69013214111328,0.7205274701118469,0,1,0,0,0,-0.0013863804722085938,-0.9812451943657302,-0.9913211349004395,0,0,0,0,44,False,False,
56,1,1476.0080562369533,871.3779968641928,0.36314088981943027,25.446514129638672,0.78654545545578,0,1,0,0,0,-0.018956641845409825,-0.9519498780567672,-0.949133962926919,0,0,0,0,44,False,False,
56,2,1472.5971057876989,870.7795783481405,1.3958033283543194,29.88245391845703,0.6920324563980103,0,1,0,0,0,0.02920116809065247,-0.9609387380197677,-0.955504726697199,0,0,0,0,44,False,False,
56,3,1491.3737625554736,870.4749855396384,0.8670924341283651,14.169836044311523,0.4434507191181183,0,1,0,0,0,0.011640016301108997,-0.9109103884237396,-0.9502852108053952,0,0,0,0,44,False,False,
56,4,1491.6652207568768,870.0903771138597,0.045799802110672805,12.916866302490234,0.4946376383304596,0,1,0,0,0,0.03848638780667923,-0.9100819267608936,-0.9942966035116356,1,0,0,0,44,False,False,
56,5,1488.187756268308,870.1162582922204,0.0,18.156553268432617,0.485206663608551,0,1,0,0,0,0.04460540053915767,-0.9193427739923972,-0.9846061550431234,2,0,0,0,44,False,False,
56,6,1473.13593725776,873.0453501819798,0.0,33.07817459106445,0.6515077352523804,0,1,0,0,0,-0.13072730690187326,-0.9595412232262542,-0.7695388150660175,1,0,0,0,44,False,False,
56,7,1481.3848989652915,870.6174212291429,1.7213505023683835,20.380285263061523,0.6358821392059326,0,1,0,0,0,0.035704442224376486,-0.9375314070569091,-0.9972510076773347,0,0,0,0,44,False,False,
57,0,1463.0019525353036,871.7475530550827,2.024760201442519,38.71492385864258,0.7406636476516724,0,1,0,0,0,0.00585306206698672,-0.9866444819951105,-0.9954040171544842,0,0,0,0,45,False,False,
57,1,1475.3655304426009,871.4195418294757,0.6438675178548922,26.090435028076172,0.7977957129478455,0,1,0,0,0,-0.019834653434478846,-0.9536661959004248,-0.9486281696791361,0,0,0,0,45,False,False,
57,2,1471.626697977831,870.8122439189538,0.970957443438541,30.85334014892578,0.7090771198272705,0,1,0,0,0,0.03392815711313233,-0.9635243341864747,-0.9526599116938425,0,0,0,0,45,False,False,
57,3,1491.0323047769314,870.4846256556027,0.34159383244255265,14.51140308380127,0.4542653560638428,0,1,0,0,0,0.011216465461185028,-0.9118210935639541,-0.9515095142543871,0,0,0,0,45,False,False,
57,4,1491.6652207568768,870.0903771138597,0.0,12.916866302490234,0.48908475041389465,0,1,0,0,0,0.03848638780667923,-0.9100819267608936,-0.9942966035116356,2,0,0,0,45,False,False,
57,5,1488.1907592703435,870.1162815452255,-0.0030030920611868127,18.159605026245117,0.4793926477432251,0,1,0,0,0,0.0445993123048336,-0.9193346517678164,-0.9846280717142781,3,0,0,0,45,False,False,
57,6,1472.8238552763212,873.0877690611932,0.31495162239999996,33.3931770324707,0.664406955242157,0,1,0,0,0,-0.13263506429927677,-0.960363442730199,-0.766636402471996,0,0,0,0,45,False,False,
57,7,1479.9685269589843,870.6323292737907,1.4164504615573092,21.79674530029297,0.6569932699203491,0,1,0,0,0,0.032881941331998454,-0.9413038990968406,-0.9891729134271372,0,0,0,0,45,False,False,
58,0,1460.7061309184269,871.7920761860798,2.2962532973764027,41.011131286621094,0.7575289011001587,0,1,0,0,0,0.036478405485340204,-0.9927622547369834,-0.993945081867548,0,0,0,0,46,False,False,
58,1,1475.243819041452,871.4275151716049,0.12197228928873978,26.2123966217041,0.8149061799049377,0,1,0,0,0,-0.02051697889405375,-0.9539912647154092,-0.9485258883071409,0,0,0,0,46,False,False,
58,2,1470.4140092068606,870.8517559964176,1.2133322955824195,32.066627502441406,0.7268853783607483,0,1,0,0,0,0.037982733455537404,-0.9667545226164489,-0.9489513222139933,0,0,0,0,46,False,False,
58,3,1490.3819496673057,870.5027726742904,0.6506082407281842,15.162046432495117,0.46925196051597595,0,1,0,0,0,0.011655462060939372,-0.9135558560418537,-0.9538696040287312,0,0,0,0,46,False,False,
58,4,1491.7451461943594,870.0907256536889,-0.07992619743736688,12.99682331085205,0.4894194006919861,0,1,0,0,0,0.03875780219104096,-0.9098690979736006,-0.9937031431325748,3,0,0,0,46,False,False,
58,5,1487.8787662613847,870.1144788804903,0.3119982167246375,18.471622467041016,0.4917929470539093,0,1,0,0,0,0.04379891975266901,-0.9201647542301221,-0.9822387579250912,0,0,0,0,46,False,False,
58,6,1472.8238552763212,873.0877690611932,0.0,33.3931770324707,0.6586185693740845,0,1,0,0,0,-0.13263506429927677,-0.960363442730199,-0.766636402471996,1,0,0,0,46,False,False,
58,7,1479.0876418486343,870.6496033593218,0.8810544657779564,22.67777442932129,0.676909327507019,0,1,0,0,0,0.028229566944694143,-0.9436510918850154,-0.9851119491842246,0,0,0,0,46,False,False,
59,0,1458.1457272831008,871.7878927139099,2.5604070530348864,43.57155990600586,0.760943591594696,0,1,0,0,0,0.617744341000356,-0.9993137342762775,-0.9756260567598153,0,0,0,0,47,False,False,
59,1,1475.021068213845,871.442116416133,0.2232288680736022,26.43553352355957,0.8285917639732361,0,1,0,0,0,-0.020813075762891722,-0.9545859798199213,-0.948320478697403,0,0,0,0,47,False,False,
59,2,1469.2441675689845,870.8959894622486,1.1706776060078294,33.23738479614258,0.7461809515953064,0,1,0,0,0,0.03824660548152931,-0.9698714430900837,-0.9461065036373635,0,0,0,0,47,False,False,
59,3,1489.4721676624135,870.5320864969518,0.9102541384824958,16.072309494018555,0.48687857389450073,0,1,0,0,0,0.00916587538655891,-0.9159829827237334,-0.9566843463648605,0,0,0,0,47,False,False,
59,4,1491.946383184265,870.0917806514524,-0.2012397553331647,13.1981201171875,0.5005866885185242,0,1,0,0,0,0.0390856789394339,-0.9093333306680708,-0.9921711495951682,0,0,0,0,47,False,False,
59,5,1487.4214240001531,870.1123281547622,0.4573473182708815,18.929025650024414,0.506005585193634,0,1,0,0,0,0.04378381320610995,-0.9213816469243044,-0.9787931756456447,0,0,0,0,47,False,False,
59,6,1472.960450315248,873.0691923072782,-0.13785245897500004,33.531028747558594,0.6626843214035034,0,1,0,0,0,-0.13147313786558545,-0.9600037104724877,-0.7679045428365706,0,0,0,0,47,False,False,
59,7,1478.7324068824971,870.6574877422536,0.3553224516700018,23.0330867767334,0.6929931044578552,0,1,0,0,0,0.027039523489183162,-0.9445977488325203,-0.9835799556468179,0,0,0,0,47,False,False,
60,0,1455.3293157972055,871.7266772710113,2.817076674201823,46.38862991333008,3.986938953399658,0,2,1,1,1,0.02905991154858359,-0.9137637514587968,-0.9626595237793041,0,0,0,0,48,False,False,
60,1,1475.021068213845,871.442116416133,0.0,26.43553352355957,0.8243548274040222,0,1,0,0,0,-0.020813075762891722,-0.9545859798199213,-0.948320478697403,1,0,0,0,48,False,False,
60,2,1468.3822247828007,870.9254470133071,0.8624460064076723,34.09982681274414,0.7580170035362244,0,1,0,0,0,0.04390580658159643,-0.9721662429581988,-0.9436359818548615,0,0,0,0,48,False,False,
60,3,1488.2648553943895,870.5765071472464,1.2081291763275686,17.280399322509766,0.506791353225708,0,1,0,0,0,0.006509051544650093,-0.9192043943834172,-0.9597702536841018,0,0,0,0,48,False,False,
60,4,1492.0635878968963,870.0925081062636,-0.11720697015734532,13.315309524536133,0.5128064155578613,0,1,0,0,0,0.039563077244747544,-0.9090214307510707,-0.9912618400050061,0,0,0,0,48,False,False,
60,5,1487.0488521226712,870.1098099104704,0.3725803878960311,19.301591873168945,0.5196226835250854,0,1,0,0,0,0.04566922424123479,-0.9223726388220848,-0.9759045237267056,0,0,0,0,48,False,False,
60,6,1473.2313786581644,873.031793532135,-0.27349741384103204,33.804473876953125,0.6648333668708801,0,1,0,0,0,-0.13038677937955248,-0.9592900499162543,-0.7704992680221321,0,0,0,0,48,False,False,
60,7,1478.1327340107973,870.6698668855137,0.5998006304102326,23.632946014404297,0.7081888318061829,0,1,0,0,0,0.0288595755227495,-0.946195779157855,-0.9808894077805651,0,0,0,0,48,False,False,
61,0,1452.2679553938972,871.5553645750173,3.0661499569905706,49.4548225402832,4.007707118988037,0,2,0,1,1,0.056128080014985295,-0.9219115071793517,-0.9368751774487469,0,0,0,0,49,False,False,
61,1,1474.8008699375991,871.4571122285778,0.22070830354234602,26.6562557220459,0.8418406248092651,0,1,0,0,0,-0.02272316327980314,-0.9551742057459215,-0.9480639319749407,0,0,0,0,49,False,False,
61,2,1468.0453886510033,870.9367246422578,0.3370248723743808,34.436805725097656,0.7701921463012695,0,1,0,0,0,0.04582864125600155,-0.9730625932871622,-0.9426325459954584,0,0,0,0,49,False,False,
61,3,1487.2008503674085,870.6262648606541,1.0651678400535072,18.345651626586914,0.5231876373291016,0,1,0,0,0,0.00017741799806256293,-0.9220450658601415,-0.9612145778569349,0,0,0,0,49,False,False,
61,4,1492.1115798612489,870.0928285689969,-0.04799303427348418,13.36328411102295,0.5135855674743652,0,1,0,0,0,0.03980707872653334,-0.9088937463190336,-0.9908957054601787,1,0,0,0,49,False,False,
61,5,1486.397277221621,870.1009563917896,0.6516350485291299,19.953262329101562,0.5374842286109924,0,1,0,0,0,0.051160070066876215,-0.9241049471007061,-0.9703115668397045,0,0,0,0,49,False,False,
61,6,1473.2233260609305,873.0329043344148,0.00812885009801386,33.81260681152344,0.6634337902069092,0,1,0,0,0,-0.13039525517089032,-0.9593112869205886,-0.7704262017317969,1,0,0,0,49,False,False,
61,7,1477.4216476341583,870.6808703518366,0.7111715062575877,24.34408950805664,0.7265771627426147,0,1,0,0,0,0.03332370091235109,-0.9480896561328483,-0.9772611812149198,0,0,0,0,49,False,False,
62,0,1448.9655067470303,871.371803500957,3.3075461800409998,52.76240921020508,4.021717071533203,0,2,0,1,1,0.06299219557577279,-0.9306934624658474,-0.9092173925671115,0,0,0,0,50,False,False,
62,1,1474.8008699375991,871.4571122285778,0.0,26.6562557220459,0.8305796384811401,0,1,0,0,0,-0.02272316327980314,-0.9551742057459215,-0.9480639319749407,1,0,0,0,50,False,False,
62,2,1467.652846785683,870.9496454275198,0.39275445601652853,34.82959747314453,0.7881295084953308,0,1,0,0,0,0.048053842694080924,-0.9741071733991159,-0.9414520794620491,0,0,0,0,50,False,False,
62,3,1485.8431836938107,870.7012604303485,1.359736420072698,19.705385208129883,0.5402840375900269,0,1,0,0,0,-0.0054561009909115735,-0.9256708953580187,-0.9616911488765114,0,0,0,0,50,False,False,
62,4,1492.204925881191,870.0935673954947,-0.09334894377355958,13.456670761108398,0.5105904340744019,0,1,0,0,0,0.04048439071529199,-0.9086452188340675,-0.9901552785878149,2,0,0,0,50,False,False,
62,5,1485.6800692027616,870.0916128413626,0.7172688786296144,20.670486450195312,0.5488665699958801,0,1,0,0,0,0.05211526173246739,-0.9260113012139453,-0.964198203804181,0,0,0,0,50,False,False,
62,6,1473.042065368598,873.0578499666466,0.182969186346363,33.9954719543457,0.6741663813591003,0,1,0,0,0,-0.13176429746712554,-0.9597886232187177,-0.7686961086082953,0,0,0,0,50,False,False,
62,7,1476.4086884040198,870.6991857363219,1.013124797461574,25.357194900512695,0.7386241555213928,0,1,0,0,0,0.0334022960021836,-0.9507877442587845,-0.9724013438565943,0,0,0,0,50,False,False,
63,0,1445.4306153465864,871.1602734351535,3.5412147889773347,56.303524017333984,4.041758060455322,0,2,0,1,1,0.07602876692264873,-0.9400783003081148,-0.8777978729133656,0,0,0,0,51,False,False,
63,1,1474.8819786577606,871.4515953470429,-0.08129612824780018,26.73749542236328,0.8228099942207336,0,1,0,0,0,-0.022562269937989123,-0.9549576989179457,-0.9481589060032476,2,0,0,0,51,False,False,
63,2,1467.4886960368483,870.9552128333968,0.1642451349391923,34.99387741088867,0.7952023148536682,0,1,0,0,0,0.04823368088441258,-0.974544010996604,-0.9409755048691993,0,0,0,0,51,False,False,
63,3,1484.8640219183487,870.7618110526424,0.9810321913096863,20.686386108398438,0.5602067112922668,0,1,0,0,0,-0.009997037785604195,-0.9282865817624038,-0.9612511074288292,0,0,0,0,51,False,False,
63,4,1492.3167798857564,870.094461202862,-0.11185757564389727,13.568490982055664,0.5153107047080994,0,1,0,0,0,0.040400528412961496,-0.9083476376978487,-0.9892678856688075,0,0,0,0,51,False,False,
63,5,1485.3851604930248,870.0880394155697,0.294930358644974,20.965431213378906,0.5642361044883728,0,1,0,0,0,0.05208937159974312,-0.926795208845324,-0.9617203711047178,0,0,0,0,51,False,False,
63,6,1473.042065368598,873.0578499666466,0.0,33.9954719543457,0.6728118062019348,0,1,0,0,0,-0.13176429746712554,-0.9597886232187177,-0.7686961086082953,1,0,0,0,51,False,False,
63,7,1475.1003462720698,870.7344452352232,1.308817163127833,26.666019439697266,0.7563765048980713,0,1,0,0,0,0.029876693184370615,-0.9542743764151386,-0.9675187393880933,0,0,0,0,51,False,False,
64,0,1442.2341558261157,870.9859602029844,3.2012089230346494,59.50480651855469,4.065706729888916,0,2,0,1,1,0.08469175600166258,-0.9485503239623213,-0.8514281601141984,0,0,0,0,52,False,False,
64,1,1475.084071346525,871.4376989829162,-0.20256989852387194,26.940122604370117,0.8333660364151001,0,1,0,0,0,-0.0227601233396358,-0.9544177115625218,-0.9484154562989832,0,0,0,0,52,False,False,
64,2,1467.4886960368483,870.9552128333968,0.0,34.99387741088867,0.7923243045806885,0,1,0,0,0,0.04823368088441258,-0.974544010996604,-0.9409755048691993,1,0,0,0,52,False,False,
64,3,1484.4082728281392,870.7923503689713,0.45677114955818365,21.143095016479492,0.5775637030601501,0,1,0,0,0,-0.013503525102009601,-0.9295042046777975,-0.9607745364092526,0,0,0,0,52,False,False,
64,4,1492.5175555532535,870.0958011820946,-0.20078013896616842,13.769301414489746,0.5211229920387268,0,1,0,0,0,0.039332546864045526,-0.9078131720644633,-0.9877139763535645,0,0,0,0,52,False,False,
64,5,1485.3851604930248,870.0880394155697,0.0,20.965431213378906,0.5627185702323914,0,1,0,0,0,0.05208937159974312,-0.926795208845324,-0.9617203711047178,1,0,0,0,52,False,False,
64,6,1473.0856974000703,873.0518558626881,-0.04404183752590642,34.039459228515625,0.6691181659698486,0,1,0,0,0,-0.1312316835062221,-0.9596738104026935,-0.7691060773887503,2,0,0,0,52,False,False,
64,7,1474.095839812032,870.7586555870101,1.0047981734615123,27.670827865600586,0.7702802419662476,0,1,0,0,0,0.03365935967909163,-0.9569503442178198,-0.9634285529169744,0,0,0,0,52,False,False,
65,0,1439.574555766051,870.8961535760991,2.6611158767947463,62.16586685180664,4.086376667022705,0,2,0,1,1,0.08289914865218483,-0.9555946663633315,-0.8361098666591656,0,0,0,0,53,False,False,
65,1,1475.2018090357324,871.4295077945295,-0.11802228190937655,27.058082580566406,0.848078727722168,0,1,0,0,0,-0.023113641653279476,-0.954103360413037,-0.9485770289931386,0,0,0,0,53,False,False,
65,2,1467.5088678808709,870.9545284378084,-0.02018345085939405,35.01415252685547,0.783998966217041,0,1,0,0,0,0.04812296894502184,-0.9744901028783766,-0.941033952898885,2,0,0,0,53,False,False,
65,3,1483.7392975491139,870.8420532297837,0.6708191248912714,21.81400489807129,0.5959243774414062,0,1,0,0,0,-0.018591217024178125,-0.9312925551892005,-0.95948448116016,0,0,0,0,53,False,False,
65,4,1492.7932812828703,870.0968516427082,-0.275727730633405,14.045060157775879,0.5231421589851379,0,1,0,0,0,0.03721275444083669,-0.907079079205489,-0.985668883118005,0,0,0,0,53,False,False,
65,5,1485.5124823232675,870.0895683521894,-0.12733100998384636,21.09276008605957,0.5738866925239563,0,1,0,0,0,0.051780397837138836,-0.9264567932965563,-0.9627831018595543,0,0,0,0,53,False,False,
65,6,1473.187855589346,873.0378736506658,-0.10311060997354805,34.142581939697266,0.6820284724235535,0,1,0,0,0,-0.13003253440902476,-0.9594045631612987,-0.7700738341152799,0,0,0,0,53,False,False,
65,7,1472.9249026200466,870.775589933846,1.1710596396757056,28.841848373413086,0.7895336747169495,0,1,0,0,0,0.04290466709420886,-0.9600664856172754,-0.9573078825377627,0,0,0,0,53,False,False,
66,0,1437.478200671598,870.8161943073289,2.0978794452258347,64.26382446289062,4.098283290863037,0,2,0,1,1,0.09797658328759049,-0.9611313857590363,-0.8229359802082973,0,0,0,0,54,False,False,
66,1,1475.0034422608394,871.4433493185089,0.19884910150046003,27.256929397583008,0.8620363473892212,0,1,0,0,0,-0.023516236423493965,-0.9546332616092335,-0.9482985638128849,0,0,0,0,54,False,False,
66,2,1467.2139153091869,870.9638953128565,0.2951012671797815,35.30934524536133,0.8003267645835876,0,1,0,0,0,0.05108021670629215,-0.975274819707976,-0.940095421973835,0,0,0,0,54,False,False,
66,3,1482.8831471593292,870.9090791937471,0.8587700331135276,22.67270278930664,0.6137106418609619,0,1,0,0,0,-0.02184480811199118,-0.9335811144371017,-0.9574174676801728,0,0,0,0,54,False,False,
66,4,1492.7496782519088,870.0966648318926,0.043603431141527496,14.088761329650879,0.5247793197631836,0,1,0,0,0,0.03756186412326517,-0.907195414799639,-0.9859911825338864,1,0,0,0,54,False,False,
66,5,1485.7137658353367,870.0922391327534,-0.20130123024888796,21.294071197509766,0.5838690400123596,0,1,0,0,0,0.05220164971677264,-0.9259217817721082,-0.9645058912126409,0,0,0,0,54,False,False,
66,6,1473.1640005838474,873.0411441407258,0.024078151768316954,34.166725158691406,0.680450439453125,0,1,0,0,0,-0.13038003534379008,-0.9594676265854268,-0.7698538205379851,1,0,0,0,54,False,False,
66,7,1472.284716407599,870.7856722501961,0.6402656009118713,29.48218536376953,0.8014461994171143,0,1,0,0,0,0.04396462338811552,-0.9617701549344224,-0.9540530951806778,0,0,0,0,54,False,False,
67,0,1435.718811063699,870.7236301505085,1.7618228956143855,66.0255355834961,4.1184186935424805,0,2,0,1,1,0.12180403813143433,-0.9657538129031512,-0.808817949220186,0,0,0,0,55,False,False,
67,1,1475.0034422608394,871.4433493185089,0.0,27.256929397583008,0.8592351078987122,0,1,0,0,0,-0.023516236423493965,-0.9546332616092335,-0.9482985638128849,1,0,0,0,55,False,False,
67,2,1466.6876415491631,870.9773746978951,0.5264463546368804,35.83576202392578,0.8178167939186096,0,1,0,0,0,0.058292903135355484,-0.9766730556441868,-0.9380503269516389,0,0,0,0,55,False,False,
67,3,1482.5410189774232,870.9365826283547,0.3432318921217891,23.015972137451172,0.630158007144928,0,1,0,0,0,-0.023498708993896066,-0.934495880340429,-0.9565017020786616,0,0,0,0,55,False,False,
67,4,1492.7496782519088,870.0966648318926,0.0,14.088761329650879,0.5247105956077576,0,1,0,0,0,0.03756186412326517,-0.907195414799639,-0.9859911825338864,2,0,0,0,55,False,False,
67,5,1485.9130063630569,870.0947565914418,-0.1992564314758267,21.493305206298828,0.5894460082054138,0,1,0,0,0,0.051430311794477275,-0.9253922318624158,-0.9661921545671063,0,0,0,0,55,False,False,
67,6,1473.0103585594688,873.0621744734965,0.15507464831994414,34.32172775268555,0.6884329319000244,0,1,0,0,0,-0.13157637845280054,-0.9598722356198339,-0.7684030287406654,0,0,0,0,55,False,False,
67,7,1472.0086390714641,870.7900813816402,0.2761125422133089,29.758222579956055,0.8148559927940369,0,1,0,0,0,0.04468108028189243,-0.9625044847793048,-0.9526672190375306,0,0,0,0,55,False,False,
68,0,1434.5021290149718,870.6414390821125,1.2194550337829861,67.24510955810547,4.13388729095459,0,2,0,1,1,0.1449283194850049,-0.9689299504959963,-0.796881115657077,0,0,0,0,56,False,False,
68,1,1474.9271014683056,871.4486114538514,0.07652193589451556,27.333404541015625,0.8580818772315979,0,1,0,0,0,-0.023082401005567337,-0.9548370605894625,-0.948203589784578,2,0,0,0,56,False,False,
68,2,1466.0965944719783,870.991787854562,0.5912227892544711,36.427001953125,0.8292174339294434,0,1,0,0,0,0.0633489133900421,-0.9782424196387697,-0.9356610149490886,0,0,0,0,56,False,False,
68,3,1482.409585199722,870.9471882324311,0.1318609751163699,23.147871017456055,0.6460886597633362,0,1,0,0,0,-0.023818111584325643,-0.9348473623070079,-0.9561493308888714,0,0,0,0,56,False,False,
68,4,1492.8875300092536,870.0971046527853,-0.13785245897500004,14.226701736450195,0.5364907383918762,0,1,0,0,0,0.03672029819751843,-0.906828186665664,-0.984979594251684,0,0,0,0,56,False,False,
68,5,1485.7941179251022,870.0933253468827,0.11889705269796857,21.61220932006836,0.5996128916740417,0,1,0,0,0,0.051267508627933014,-0.9257082938775427,-0.9652024865293318,0,0,0,0,56,False,False,
68,6,1472.8550866992443,873.0835795331434,0.15674031758319185,34.47846221923828,0.6930996775627136,0,1,0,0,0,-0.13356583131235059,-0.9602811509623922,-0.7669221785692111,0,0,0,0,56,False,False,
68,7,1471.5808182039787,870.7982840372866,0.42789949546098976,30.1861572265625,0.8286833167076111,0,1,0,0,0,0.043981563738826585,-0.963642999861486,-0.9506659573576439,0,0,0,0,56,False,False,
69,0,1433.5142003908206,870.5601571105462,0.9912667276363784,68.23635864257812,4.1510491371154785,0,2,0,1,1,0.16840792187392203,-0.9714890476751467,-0.7854491570105391,0,0,0,0,57,False,False,
69,1,1474.5825420687997,871.4724212696558,0.345381075214849,27.678831100463867,0.864760160446167,0,1,0,0,0,-0.023674205757479347,-0.9557575726615983,-0.9477489336495194,0,0,0,0,57,False,False,
69,2,1465.3499575444243,871.0053806394104,0.7467606479903767,37.173709869384766,0.8412995338439941,0,1,0,0,0,0.07404122643798985,-0.9802214162466301,-0.9320985401835439,0,0,0,0,57,False,False,
69,3,1482.409585199722,870.9471882324311,0.0,23.147871017456055,0.6482763886451721,0,1,0,0,0,-0.023818111584325643,-0.9348473623070079,-0.9561493308888714,1,0,0,0,57,False,False,
69,4,1492.9757122192966,870.0973415697051,-0.08818252830179817,14.314836502075195,0.5352125763893127,0,1,0,0,0,0.03630786235671874,-0.9065935439363815,-0.9843422991903363,1,0,0,0,57,False,False,
69,5,1485.3622841927872,870.090022973661,0.4318463592923213,22.04398536682129,0.61602383852005,0,1,0,0,0,0.049234400772768874,-0.9268563074988215,-0.9618015844579425,0,0,0,0,57,False,False,
69,6,1472.3907408750924,873.1497575752597,0.469037927747453,34.94751739501953,0.7061122059822083,0,1,0,0,0,-0.14087972945303084,-0.9615023837118752,-0.7622303708097082,0,0,0,0,57,False,False,
69,7,1470.8456421938074,870.8130486979604,0.7353242557785151,30.92141342163086,0.8421941995620728,0,1,0,0,0,0.045873869950111786,-0.9655988691967856,-0.9473235033159404,0,0,0,0,57,False,False,
70,0,1432.2775382451562,870.4331323103689,1.2431687586082358,69.47944641113281,4.1680169105529785,0,2,0,1,1,0.20471192103094735,-0.9746532400392273,-0.7680962417970512,0,0,0,0,58,False,False,
70,1,1473.929865014032,871.5188519832533,0.6543264850098991,28.33319091796875,0.8806172013282776,0,1,0,0,0,-0.025989783485470576,-0.9575011359082972,-0.9467300398102655,0,0,0,0,58,False,False,
70,2,1465.126758197716,871.0093429960812,0.22323451489721904,37.397010803222656,0.852573573589325,0,1,0,0,0,0.07663062486586258,-0.9808127095036825,-0.9310130441051684,0,0,0,0,58,False,False,
70,3,1482.1235384415872,870.9698807284877,0.2869454603521263,23.434782028198242,0.6657766103744507,0,1,0,0,0,-0.02323083533872471,-0.9356119522739694,-0.9554162095735593,0,0,0,0,58,False,False,
70,4,1493.117153377292,870.0977915951964,-0.14144187392008184,14.456316947937012,0.5444906949996948,0,1,0,0,0,0.036476176499933094,-0.9062168816810444,-0.9833087924503426,0,0,0,0,58,False,False,
70,5,1484.7585569078256,870.0877468073814,0.6037315757354491,22.647748947143555,0.6299270391464233,0,1,0,0,0,0.047817372368232705,-0.9284619085553154,-0.957329800995554,0,0,0,0,58,False,False,
70,6,1471.7284237378904,873.2501310978867,0.6698797162746639,35.617427825927734,0.7204928994178772,0,1,0,0,0,-0.15356233962801677,-0.963239480619501,-0.7548269489518189,0,0,0,0,58,False,False,
70,7,1469.8091994054253,870.8399951948537,1.036793020464641,31.958261489868164,0.8588903546333313,0,1,0,0,0,0.045788275150954086,-0.9683572181798372,-0.9433282908731284,0,0,0,0,58,False,False,
71,0,1431.338242016056,870.3210482155052,0.9459599623256195,70.4254379272461,4.1834025382995605,0,2,0,1,1,0.23833162181452458,-0.9770179784593578,-0.7530560347553131,0,0,0,0,59,False,False,
71,1,1472.9751689684997,871.5908755913996,0.9574089719056698,29.29049301147461,0.9008765816688538,0,1,0,0,0,-0.030548741246375737,-0.9600511808385426,-0.9447580039318583,0,0,0,0,59,False,False,
71,2,1464.8274129089657,871.0151700074275,0.29940199725155353,37.69638442993164,0.8656359910964966,0,1,0,0,0,0.07880801664257181,-0.9816051939930381,-0.9296353185981838,0,0,0,0,59,False,False,
71,3,1481.9926070351594,870.9801928570816,0.13133686910114906,23.566164016723633,0.6825299859046936,0,1,0,0,0,-0.022992624608436863,-0.9359620834591077,-0.9551012148214112,0,0,0,0,59,False,False,
71,4,1492.941351272223,870.0974588487032,0.17580241996888568,14.632098197937012,0.5602167844772339,0,1,0,0,0,0.03583410585846928,-0.9066848978124522,-0.9845623199141774,0,0,0,0,59,False,False,
71,5,1483.9189484973163,870.0874258205483,0.8396084718668877,23.487348556518555,0.6494364142417908,0,1,0,0,0,0.047135517397809204,-0.9306948900568799,-0.9514429120152654,0,0,0,0,59,False,False,
71,6,1470.7668435093046,873.396489672792,0.9726548043654737,36.590049743652344,0.7296237945556641,0,1,0,0,0,-0.16551956368134343,-0.9657520136191446,-0.743999873992094,0,0,0,0,59,False,False,
71,7,1468.477528103462,870.8684810302649,1.3319759379551395,33.29022979736328,0.8738227486610413,0,1,0,0,0,0.05487097842945982,-0.9718974339903522,-0.9374714781333404,0,0,0,0,59,False,False,
72,0,1430.9221214137574,870.27090850666,0.41913046424762407,70.8445816040039,4.189731597900391,0,2,0,1,1,0.2509529038760989,-0.9780540134262907,-0.7463299625646749,0,0,0,0,60,False,False,
72,1,1471.8309099873902,871.6716590870051,1.1471070521150863,30.437625885009766,0.9160535931587219,0,1,0,0,0,-0.029758681916802882,-0.963107119785585,-0.9430498221196016,0,0,0,0,60,False,False,
72,2,1464.2183579025004,871.0275285279257,0.6091803788117529,38.305519104003906,0.8773186206817627,0,1,0,0,0,0.08584293002052669,-0.9832160921589418,-0.9268717133747787,0,0,0,0,60,False,False,
72,3,1481.549758842304,871.0131482209257,0.44407271692976724,24.0101375579834,0.6984091997146606,0,1,0,0,0,-0.020625499865544662,-0.9371454036102722,-0.9542438936763127,0,0,0,0,60,False,False,
72,4,1492.4904160608353,870.0989751307383,0.45093776065062047,15.083150863647461,0.5768511295318604,0,1,0,0,0,0.03291238794585986,-0.9078861190843961,-0.9875240256169957,0,0,0,0,60,False,False,
72,5,1483.572190107131,870.0884415041094,0.346759877691833,23.834152221679688,0.6634612083435059,0,1,0,0,0,0.04563533363693119,-0.9316173595601713,-0.9491485776142953,0,0,0,0,60,False,False,
72,6,1469.7795170037105,873.5412717070462,0.9978854974854483,37.587913513183594,0.7460395097732544,0,1,0,0,0,-0.1755197360701282,-0.9683201494724147,-0.7335389308972415,0,0,0,0,60,False,False,
72,7,1467.6795850489368,870.8886184052893,0.7981971135865338,34.08845901489258,0.8858572244644165,0,1,0,0,0,0.05671405593975957,-0.9740182391806472,-0.9343344301281016,0,0,0,0,60,False,False,
73,0,1430.9221214137574,870.27090850666,0.0,70.8445816040039,4.180182933807373,0,2,0,1,1,0.2509529038760989,-0.9780540134262907,-0.7463299625646749,1,0,0,0,61,False,False,
73,1,1470.4338310110847,871.7515048898416,1.3993587882546679,31.837003707885742,0.9370778799057007,0,1,0,0,0,-0.023624204152506916,-0.9668364790418607,-0.9432113983870302,0,0,0,0,61,False,False,
73,2,1464.0829199537254,871.0301819339206,0.1354639381229579,38.441043853759766,0.8922504186630249,0,1,0,0,0,0.08817791205259577,-0.9835741154002022,-0.9262490276408976,0,0,0,0,61,False,False,
73,3,1481.056303398242,871.0469020887612,0.49460853092943563,24.504819869995117,0.7164535522460938,0,1,0,0,0,-0.017176724553522465,-0.9384640889165617,-0.953634972190787,0,0,0,0,61,False,False,
73,4,1491.7324879785149,870.1014347341443,0.7579320732220987,15.840967178344727,0.5858558416366577,0,1,0,0,0,0.03372700418521756,-0.9099041873178425,-0.9925007554614194,0,0,0,0,61,False,False,
73,5,1483.2735912980086,870.090109913872,0.2986034701749656,24.132740020751953,0.6786291599273682,0,1,0,0,0,0.0444607648437448,-0.9324116734539503,-0.9472723626299427,0,0,0,0,61,False,False,
73,6,1468.498038498788,873.7201614840205,1.2939044442633179,38.8818359375,0.7618948817253113,0,1,0,0,0,-0.19169352958609429,-0.9716318905416768,-0.7210483400402241,0,0,0,0,61,False,False,
73,7,1466.7711070322348,870.9099945658936,0.9087294685841294,34.99715805053711,0.8998125195503235,0,1,0,0,0,0.06373541326681252,-0.9764304267865214,-0.9305665493260921,0,0,0,0,61,False,False,
74,0,1430.9848087564853,870.2784118566283,-0.06313480180570841,70.90776824951172,4.176225185394287,0,2,0,1,1,0.24859591311434442,-0.9778982343902158,-0.7473326230237941,2,0,0,0,62,False,False,
74,1,1469.4109856691564,871.7990024325626,1.023947562167735,32.860931396484375,0.9560957551002502,0,1,0,0,0,-0.01832929248475668,-0.9695659182107315,-0.9446475683504273,0,0,0,0,62,False,False,
74,2,1463.8068343219663,871.0348077731303,0.27612438221254365,38.71708297729492,0.9085584282875061,0,1,0,0,0,0.09419348704898785,-0.984302517467242,-0.9248777626118535,0,0,0,0,62,False,False,
74,3,1480.2571935353308,871.0985912062137,0.8007798310805158,25.30556297302246,0.7330450415611267,0,1,0,0,0,-0.015352077979382114,-0.9405988031356187,-0.9530049791132177,0,0,0,0,62,False,False,
74,4,1491.498263885254,870.1023228423904,0.23422577697639263,16.07522201538086,0.5965245366096497,0,1,0,0,0,0.03361265231297857,-0.9105279967600126,-0.9940327485521668,0,0,0,0,62,False,False,
74,5,1482.7605724133728,870.0963089850303,0.5130563365520869,24.64571762084961,0.6956573128700256,0,1,0,0,0,0.04115731327369253,-0.9337768174345267,-0.9444503129501253,0,0,0,0,62,False,False,
74,6,1467.5042829096162,873.8584093528816,1.0033257916821576,39.88518142700195,0.7761023044586182,0,1,0,0,0,-0.21092870966769825,-0.9741753138237608,-0.7114163391547386,0,0,0,0,62,False,False,
74,7,1465.5647762690235,870.9371544823155,1.2066364702469121,36.20376205444336,0.9176762104034424,0,1,0,0,0,0.07453340109928458,-0.9796290095295227,-0.9254200854315308,0,0,0,0,62,False,False,
75,0,1431.0806809940707,870.2897833749507,-0.09654427672620022,71.0042724609375,4.170168876647949,0,2,0,1,1,0.24512819931214835,-0.9776599957835286,-0.7488623555725853,3,0,0,0,63,False,False,
75,1,1468.0930623092736,871.8615617365006,1.319407309754601,34.1804084777832,0.9717111587524414,0,1,0,0,0,-0.021465639356887955,-0.9730827551589878,-0.9463338317048927,0,0,0,0,63,False,False,
75,2,1463.3787768313005,871.0407602832585,0.4280988760694229,39.145225524902344,0.9227777123451233,0,1,0,0,0,0.1034986518033501,-0.9854302746529431,-0.9226126504390895,0,0,0,0,63,False,False,
75,3,1479.6036580869263,871.1404964587011,0.6548775706247587,25.960472106933594,0.7525933384895325,0,1,0,0,0,-0.015450338664750676,-0.9423447242458449,-0.9525357154373292,0,0,0,0,63,False,False,
75,4,1491.3311661445257,870.1031692647609,0.1670998844621612,16.242338180541992,0.6127796173095703,0,1,0,0,0,0.03296575868777312,-0.910973047328864,-0.9950890179357447,0,0,0,0,63,False,False,
75,5,1481.9418193394665,870.1105659376722,0.8188771927032632,25.464689254760742,0.7119514346122742,0,1,0,0,0,0.039051643609301814,-0.9359567747543593,-0.9404551005073133,0,0,0,0,63,False,False,
75,6,1466.2158252285665,874.0253552449191,1.2992282812208948,41.18440246582031,0.7828620672225952,0,1,0,0,0,-0.23589894808679396,-0.977435262380071,-0.700398451406286,0,0,0,0,63,False,False,
75,7,1464.8896856888148,870.9489341445561,0.6751933441090222,36.87903594970703,0.9299483895301819,0,1,0,0,0,0.08527245944911152,-0.9814150286250312,-0.9221360758462397,0,0,0,0,63,False,False,
76,0,1431.2208124570636,870.3063527643474,-0.14110765955659874,71.1453857421875,4.1769185066223145,0,2,0,1,1,0.24093620613484681,-0.9773107358049689,-0.7510872469822422,0,0,0,0,64,False,False,
76,1,1466.8394117263338,871.9212650084853,1.2550714182034917,35.435489654541016,0.9888677000999451,0,1,0,0,0,-0.024624740741092586,-0.9764274503360266,-0.947909659477927,0,0,0,0,64,False,False,
76,2,1462.8555574875343,871.0453905049085,0.5232398309032662,39.66843795776367,0.9377642273902893,0,1,0,0,0,0.11794725745578173,-0.9868039052284313,-0.9195267431198483,0,0,0,0,64,False,False,
76,3,1479.362838031145,871.1560885803232,0.24132429120011012,26.201818466186523,0.770513653755188,0,1,0,0,0,-0.016024622233939884,-0.9429881168558504,-0.9523522207121093,0,0,0,0,64,False,False,
76,4,1491.1955696538844,870.1039102453769,0.13559851520761312,16.377960205078125,0.627204418182373,0,1,0,0,0,0.03284518281445262,-0.9113342257780038,-0.9959463408674798,0,0,0,0,64,False,False,
76,5,1481.4019281363628,870.1232140876035,0.5400393382759491,26.00463104248047,0.7269020080566406,0,1,0,0,0,0.036034502092488194,-0.9373943662630202,-0.9382119032190674,0,0,0,0,64,False,False,
76,6,1464.638187775778,874.2114932446045,1.588580274133943,42.77298355102539,0.7916703224182129,0,1,0,0,0,-0.27949175478158345,-0.9813416865616836,-0.6890947875606184,0,0,0,0,64,False,False,
76,7,1464.6242171753527,870.9527357960056,0.2654957329101305,37.14444351196289,0.9443123936653137,0,1,0,0,0,0.09070202683855845,-0.9821159020156298,-0.9207510465688402,0,0,0,0,64,False,False,
77,0,1431.0825914709221,870.2899183697862,0.13919457724548578,71.28453826904297,4.1873345375061035,0,2,0,1,1,0.24526105587140895,-0.9776550577975269,-0.7488843097631086,0,0,0,0,65,False,False,
77,1,1465.8945279174177,871.9725655791875,0.9462754149327699,36.38170623779297,1.0058790445327759,0,1,0,0,0,-0.032320161913525186,-0.9789477898244323,-0.9483423971551943,0,0,0,0,65,False,False,
77,2,1462.0267008953301,871.0494491214623,0.82886652894705,40.49730682373047,0.9523578882217407,0,1,0,0,0,0.14446315386594252,-0.9889669106743818,-0.9142414718546705,0,0,0,0,65,False,False,
77,3,1479.2395383535911,871.1641832278452,0.12356509945521076,26.325376510620117,0.787460207939148,0,1,0,0,0,-0.016695023503123074,-0.9433174904876533,-0.9522353282260111,0,0,0,0,65,False,False,
77,4,1490.91107379793,870.1052138878355,0.2844988427726104,16.66238784790039,0.6439681649208069,0,1,0,0,0,0.033694205577901294,-0.9120916502802128,-0.9977641069288283,0,0,0,0,65,False,False,
77,5,1481.192350347638,870.1286648100242,0.20964865823965265,26.214296340942383,0.7435435652732849,0,1,0,0,0,0.03470273845458962,-0.9379526474148477,-0.9374057227599665,0,0,0,0,65,False,False,
77,6,1463.139505372818,874.3746016212548,1.5075321845571878,44.280487060546875,0.8054161071777344,0,1,0,0,0,-0.3445474822067928,-0.9849024912624375,-0.6800050952017173,0,0,0,0,65,False,False,
77,7,1464.0483456506668,870.9561761711891,0.5758818013493778,37.72038269042969,0.9588332772254944,0,1,0,0,0,0.10499298899111441,-0.9836326651973064,-0.9171511953656534,0,0,0,0,65,False,False,
78,0,1430.724382375737,870.2473867391251,0.36072523543555396,71.64533233642578,4.198318958282471,0,2,0,1,1,0.255881222020816,-0.9785436653493962,-0.7431682446812828,0,0,0,0,66,False,False,
78,1,1464.933054633502,872.0284230263726,0.9630944554349269,37.34475326538086,1.0228228569030762,0,1,0,0,0,-0.039554990595158615,-0.9815115631745531,-0.9483497044988825,0,0,0,0,66,False,False,
78,2,1461.0915583335347,871.0536601849309,0.9351520432189919,41.4324951171875,0.9683855175971985,0,1,0,0,0,0.18624198413590956,-0.9913782592871769,-0.9082377011081034,0,0,0,0,66,False,False,
78,3,1479.02815760736,871.17858380922,0.21187070732194957,26.53717041015625,0.8006674647331238,0,1,0,0,0,-0.018448382100713603,-0.9438820393140405,-0.9519860852739637,0,0,0,0,66,False,False,
78,4,1490.91107379793,870.1052138878355,0.0,16.66238784790039,0.6445727348327637,0,1,0,0,0,0.033694205577901294,-0.9120916502802128,-0.9977641069288283,1,0,0,0,66,False,False,
78,5,1481.0284319933385,870.133164381861,0.16398009947235612,26.378299713134766,0.7597092986106873,0,1,0,0,0,0.034024668448503485,-0.9383893700194124,-0.9368041050448557,0,0,0,0,66,False,False,
78,6,1462.1750349682782,874.481293840007,0.9703537451750083,45.2508544921875,0.8138973116874695,0,1,0,0,0,-0.41151653019797435,-0.9870486729295812,-0.6739355619352299,0,0,0,0,66,False,False,
78,7,1463.9933105079579,870.9564833284096,0.05503599984144983,37.77543640136719,0.9530628323554993,0,1,0,0,0,0.10619155540037184,-0.9837774568647362,-0.9167996710416109,1,0,0,0,66,False,False,
79,0,1430.1398773006572,870.1763719809422,0.5888032597344021,72.23410034179688,4.2085957527160645,0,2,0,1,1,0.27726892356051724,-0.9799773955266858,-0.7336611654267695,0,0,0,0,67,False,False,
79,1,1463.8922655696808,872.0991792331741,1.0431914091723224,38.38804626464844,1.0397367477416992,0,1,0,0,0,-0.0539280296546748,-0.9842852090428775,-0.9471254010498905,0,0,0,0,67,False,False,
79,2,1460.208749863621,871.0525073044666,0.8828092227003699,42.3153076171875,0.9795008897781372,0,1,0,0,0,0.2588142704351867,-0.9935909463044698,-0.90195545088819,0,0,0,0,67,False,False,
79,3,1478.7295501158503,871.2000112370681,0.2993752973275085,26.83664321899414,0.8137606978416443,0,1,0,0,0,-0.02104819239936925,-0.9446802055554219,-0.951494903140284,0,0,0,0,67,False,False,
79,4,1491.006076035149,870.104826113303,-0.09500302861329603,16.757360458374023,0.6391828656196594,0,1,0,0,0,0.033915959199167865,-0.9118387472434893,-0.9971560307457432,2,0,0,0,67,False,False,
79,5,1481.0284319933385,870.133164381861,0.0,26.378299713134766,0.7607144713401794,0,1,0,0,0,0.034024668448503485,-0.9383893700194124,-0.9368041050448557,1,0,0,0,67,False,False,
79,6,1461.2080563693153,874.5898835185842,0.9730566936956667,46.22397232055664,0.8212640285491943,0,1,0,0,0,-0.5035795117125291,-0.9890054006239472,-0.6676679549888782,0,0,0,0,67,False,False,
79,7,1463.9933105079579,870.9564833284096,0.0,37.77543640136719,0.949985146522522,0,1,0,0,0,0.10619155540037184,-0.9837774568647362,-0.9167996710416109,2,0,0,0,67,False,False,
80,0,1429.2541626501168,870.0612267533944,0.8931678820966014,73.1272964477539,4.221480846405029,0,2,0,1,1,0.31900182672711896,-0.9820991265811045,-0.7183355682013217,0,0,0,0,68,False,False,
80,1,1463.0849496718838,872.162613848,0.8098042412793903,39.197784423828125,1.0580534934997559,0,1,0,0,0,-0.07026938836052826,-0.9864331736006209,-0.9451533615982102,0,0,0,0,68,False,False,
80,2,1459.0275671621175,871.0391785342943,1.1812579017494078,43.49653625488281,0.9889097809791565,0,1,0,0,0,0.48581321424719653,-0.9962485172942389,-0.8921472590478994,0,0,0,0,68,False,False,
80,3,1478.4928889673085,871.217505189807,0.2373068427406785,27.073863983154297,0.8307538032531738,0,1,0,0,0,-0.022677470133215315,-0.9453123924774742,-0.9510475543489136,0,0,0,0,68,False,False,
80,4,1491.2374197325678,870.1044349925788,-0.23134402804234916,16.988683700561523,0.649524450302124,0,1,0,0,0,0.035191575280913726,-0.9112228370211386,-0.9955875051798169,0,0,0,0,68,False,False,
80,5,1480.7136381153334,870.143131268184,0.31495162239999996,26.693275451660156,0.7769721150398254,0,1,0,0,0,0.031779448734351,-0.9392282727949904,-0.93580712609012,0,0,0,0,68,False,False,
80,6,1460.2375480527808,874.700576110092,0.9768005130410548,47.20071792602539,0.8277069926261902,0,1,0,0,0,-0.6318155284600986,-0.9906477687320242,-0.6611802915859536,0,0,0,0,68,False,False,
80,7,1464.1311615890456,870.9558669775588,-0.13785245897500004,37.91325378417969,0.9610260725021362,0,1,0,0,0,0.10453987181238536,-0.983414998052989,-0.9176870577073902,0,0,0,0,68,False,False,
81,0,1428.1684049394096,869.9043966095951,1.097025751914842,74.22425079345703,4.230520725250244,0,2,0,1,1,0.3876085937180183,-0.9845770758569476,-0.6976745881273796,0,0,0,0,69,False,False,
81,1,1462.8005763938277,872.1850052966375,0.2852534631595051,39.483089447021484,1.065408706665039,0,1,0,0,0,-0.07454518240229567,-0.9871890656050257,-0.9444503129501253,0,0,0,0,69,False,False,
81,2,1457.554786438542,871.0011208387614,1.4732723604022222,44.96980667114258,0.9867833852767944,0,1,0,0,0,1.0,-0.9970836876130694,-0.8794810703994279,0,0,0,1,69,False,False,
81,3,1478.2917100921034,871.2324030076354,0.2017297320795142,27.27558708190918,0.8460642099380493,0,1,0,0,0,-0.022987445980800204,-0.9458499720340142,-0.9506659573576439,0,0,0,0,69,False,False,
81,4,1491.3619967150937,870.1043710183038,-0.12457699895237388,17.113195419311523,0.6618738174438477,0,1,0,0,0,0.03580704434868538,-0.9108913331935169,-0.9947293429755395,0,0,0,0,69,False,False,
81,5,1480.1224351790024,870.1626836570799,0.591526168345798,27.2847843170166,0.7898229360580444,0,1,0,0,0,0.03170554843010381,-0.9408037225904474,-0.9340258922806207,0,0,0,0,69,False,False,
81,6,1459.4596084319144,874.7943013753089,0.7835652359911492,47.98429870605469,4.039824485778809,0,2,1,1,1,-0.11633945590204273,-0.9025821038392541,-0.6553746088123436,0,0,0,0,69,False,False,
81,7,1464.3994504879618,870.9553731079623,-0.26828935347651034,38.18156433105469,0.9702000617980957,0,1,0,0,0,0.1018390281889525,-0.9827090313841685,-0.919497520891642,0,0,0,0,69,False,False,
82,0,1426.7960575728634,869.6779781557892,1.3908999283521495,75.61524200439453,4.237067222595215,0,2,0,1,1,0.5110701418895852,-0.9873864758424562,-0.6681797334692663,0,0,0,0,70,False,False,
82,1,1462.2072780550964,872.2336121159158,0.5952861006454341,40.07834243774414,1.0749610662460327,0,1,0,0,0,-0.08735689204569705,-0.9887633124479588,-0.9427567458252448,0,0,0,0,70,False,False,
82,2,1456.6154305978184,870.9667307957939,0.9399851437955921,45.909767150878906,4.206336498260498,0,2,1,1,1,0.052313692101166806,-0.9102655257202098,-0.8737505692938858,0,0,0,0,70,False,False,
82,3,1477.779966147839,871.2716084956975,0.5132435433449061,27.788925170898438,0.8611462116241455,0,1,0,0,0,-0.025244445407575238,-0.9472178287971702,-0.9495374783759799,0,0,0,0,70,False,False,
82,4,1491.3661310529483,870.1043689818963,-0.004134338356139894,17.117345809936523,0.6624590158462524,0,1,0,0,0,0.03581591083235228,-0.9108802833060292,-0.9947001203006741,1,0,0,0,70,False,False,
82,5,1479.2273276698265,870.1988517935272,0.8958379245583565,28.18065643310547,0.804862916469574,0,1,0,0,0,0.028178880988735323,-0.9431904745466794,-0.9321350733287115,0,0,0,0,70,False,False,
82,6,1459.20201087568,874.8251932044903,0.2594432617897647,48.24371337890625,4.045036315917969,0,2,0,1,1,-0.1168153183808335,-0.9032623434430143,-0.6534691680265114,0,0,0,0,70,False,False,
82,7,1464.8012100894516,870.954445897884,-0.40176067142980887,38.58341979980469,0.9716058969497681,0,1,0,0,0,0.09563564513624606,-0.9816502318758115,-0.9221799127618223,0,1,0,0,70,False,False,
83,0,1425.1409209004034,869.4010949888442,1.6781363748691989,77.29338836669922,4.229373455047607,0,2,0,1,1,0.7206458938870582,-0.989956057773381,-0.6321492763750156,0,0,0,0,71,False,False,
83,1,1461.4119251054406,872.296601128743,0.7978432993158188,40.876243591308594,1.0881054401397705,0,1,0,0,0,-0.10552243164423898,-0.9908673716109442,-0.9407481803749432,0,0,0,0,71,False,False,
83,2,1455.8387455391442,870.9380475931995,0.7772145176711871,46.68703079223633,4.220602035522461,0,2,0,1,1,0.05375741749087537,-0.9123310116075414,-0.8689859525197179,0,0,0,0,71,False,False,
83,3,1477.779966147839,871.2716084956975,0.0,27.788925170898438,0.8596409559249878,0,1,0,0,0,-0.025244445407575238,-0.9472178287971702,-0.9495374783759799,1,0,0,0,71,False,False,
83,4,1491.4450369171743,870.10430596158,-0.07890588939256384,17.196325302124023,0.6592310667037964,0,1,0,0,0,0.03553705219046448,-0.9106700003957466,-0.9941577970343376,2,0,0,0,71,False,False,
83,5,1478.0341724432346,870.2441486210964,1.1940147391601093,29.374629974365234,0.8197492957115173,0,1,0,0,0,0.03149621091523013,-0.9463707278673172,-0.9292464178364992,0,0,0,0,71,False,False,
83,6,1458.9352669874431,874.8575941061877,0.26870452237068987,48.51239776611328,4.051539897918701,0,2,0,1,1,-0.11865897557839339,-0.9039665138455878,-0.6514459807422872,0,0,0,0,71,False,False,
83,7,1465.08290625201,870.9542181015419,-0.2816962546631765,38.86503601074219,0.9752968549728394,0,1,0,0,0,0.09280680769794981,-0.9809075384468946,-0.924115419068335,0,0,0,0,71,False,False,
84,0,1424.017724845023,869.2212010462815,1.1375109711089597,78.43087768554688,4.223694801330566,0,2,0,1,1,0.9095076009122826,-0.9908450185578972,-0.6086558912755304,0,0,0,1,72,False,False,
84,1,1460.3170954374134,872.3805667703825,1.0980447308594816,41.97418212890625,1.103259801864624,0,1,0,0,0,-0.15235864395556797,-0.9937381845028115,-0.938321495508024,0,0,0,0,72,False,False,
84,2,1454.876357938119,870.8958123723485,0.9633139200110009,47.650360107421875,4.2304558753967285,0,2,0,1,1,0.059931784467725416,-0.914888845715338,-0.8622747165593941,0,0,0,0,72,False,False,
84,3,1477.7365027403937,871.2749429107248,0.043591124215260756,27.83251190185547,0.8587499260902405,0,1,0,0,0,-0.025368258517227738,-0.9473339649378647,-0.9494343465649638,2,0,0,0,72,False,False,
84,4,1491.5940910386887,870.1041494588255,-0.14905420367606595,17.345373153686523,0.6689176559448242,0,1,0,0,0,0.035220946885717634,-0.9102731460563475,-0.9931462087521352,0,0,0,0,72,False,False,
84,5,1476.8963631441125,870.291955575941,1.1388132007052887,30.513450622558594,0.8352792859077454,0,1,0,0,0,0.030656080306483584,-0.9494042596408065,-0.9270552080999986,0,0,0,0,72,False,False,
84,6,1458.9352669874431,874.8575941061877,0.0,48.51239776611328,4.045103073120117,0,2,0,1,1,-0.11865897557839339,-0.9039665138455878,-0.6514459807422872,1,0,0,0,72,False,False,
84,7,1465.2756287952232,870.9542151203177,-0.1927225432361736,39.05778503417969,0.9848736524581909,0,1,0,0,0,0.09087335411994767,-0.9803989098801223,-0.925456611430152,0,0,0,0,72,False,False,
85,0,1422.7721736600547,869.0165078113591,1.2622587194386394,79.69306945800781,4.213051795959473,0,2,0,1,1,1.0,-0.9906907738701958,-0.5815459820801206,0,0,0,2,73,False,False,
85,1,1459.173271816141,872.4703901734975,1.147345074651751,43.12162399291992,1.1165928840637207,0,1,0,0,0,-0.29264811423663434,-0.9966293141619333,-0.9355286609098663,0,0,0,0,73,False,False,
85,2,1453.870268861618,870.8428267540767,1.0074833525169076,48.65785598754883,4.244835376739502,0,2,0,1,1,0.0676386267817798,-0.9175608347912403,-0.8541947311543571,0,0,0,0,73,False,False,
85,3,1477.6508827408577,871.281574469238,0.08587643383872143,27.918336868286133,0.8516721725463867,0,1,0,0,0,-0.025945368558212875,-0.9475626457313883,-0.94924439850835,3,0,0,0,73,False,False,
85,4,1491.8241423366885,870.1037163271902,-0.23005170574117378,17.575353622436523,0.6795629858970642,0,1,0,0,0,0.03445528317700103,-0.9096607687159688,-0.9915922963102781,0,0,0,0,73,False,False,
85,5,1475.7266522763014,870.3537177317484,1.1713402913608095,31.684757232666016,0.8542505502700806,0,1,0,0,0,0.0253715230593539,-0.9525254198562517,-0.9263074792438565,0,0,0,0,73,False,False,
85,6,1458.810087191798,874.8727614616367,0.1260953207263826,48.638553619384766,4.0593485832214355,0,2,0,1,1,-0.11888185079213069,-0.9042971190621856,-0.6505074390974175,0,0,0,0,73,False,False,
85,7,1465.465532216547,870.9540516780913,-0.18990349165799406,39.24772644042969,0.9921647310256958,0,1,0,0,0,0.08806844829972155,-0.9798973551685455,-0.9267548244619537,0,0,0,0,73,False,False,
86,0,1421.5449170688214,868.8007053648666,1.246085645787532,80.9391860961914,4.210271835327148,0,2,0,1,1,1.0,-0.9893995645276137,-0.5494864891967659,0,0,0,3,74,False,False,
86,1,1458.5580112903463,872.5164245438989,0.6169802896849155,43.73857879638672,1.1206196546554565,0,1,0,0,0,-0.522927530967196,-0.9979725729572123,-0.9343043646074207,0,0,0,0,74,False,False,
86,2,1453.3914984540352,870.814720438982,0.479594691510614,49.13744354248047,4.2615132331848145,0,2,0,1,1,0.0725964916724163,-0.9188315432463278,-0.8500083843282298,0,0,0,0,74,False,False,
86,3,1477.6508827408577,871.281574469238,0.0,27.918336868286133,0.8391281366348267,0,1,0,0,0,-0.025945368558212875,-0.9475626457313883,-0.94924439850835,4,0,0,0,74,False,False,
86,4,1492.0871422149744,870.1035496299761,-0.26299993111466335,17.838415145874023,0.6834810376167297,0,1,0,0,0,0.03497806474256732,-0.9089603446267497,-0.9897809853669602,0,0,0,0,74,False,False,
86,5,1474.9722251618175,870.3930813286461,0.7554533498695132,32.44029998779297,0.8670879602432251,0,1,0,0,0,0.026909647013930123,-0.9545384776216831,-0.9257651564241792,0,0,0,0,74,False,False,
86,6,1458.810087191798,874.8727614616367,0.0,48.638553619384766,4.059067726135254,0,2,0,1,1,-0.11888185079213069,-0.9042971190621856,-0.6505074390974175,1,0,0,0,74,False,False,
86,7,1465.6790827159477,870.9537858513235,-0.21355066485071894,39.46122741699219,0.9989993572235107,0,1,0,0,0,0.08541038741963468,-0.9793332872513034,-0.9282129128831421,0,0,0,0,74,False,False,
87,0,1420.2109361813957,868.5690645277067,1.353943309543248,82.29312896728516,4.200612545013428,0,2,0,1,1,1.0,-0.9871470791406981,-0.514987336891513,0,0,0,4,75,False,False,
87,1,1457.7759694136428,872.5760045837867,0.7843081524956095,44.5228271484375,4.334532260894775,0,2,1,1,1,-0.04979858325826474,-0.9072637760061377,-0.9313276136378059,0,0,0,0,75,False,False,
87,2,1452.7377360293717,870.7762029564454,0.6548961019604009,49.79226303100586,4.272828102111816,0,2,0,1,1,0.07432598756550861,-0.9205660974938829,-0.844270350762788,0,0,0,0,75,False,False,
87,3,1477.658795763283,871.2809613828764,-0.0079367372886903,27.926294326782227,0.8385789394378662,0,1,0,0,0,-0.02595068700611623,-0.9475414415310799,-0.9492590096224531,5,0,0,0,75,False,False,
87,4,1492.4837017599116,870.1046235612854,-0.396560999102552,18.234901428222656,0.6878089308738708,0,1,0,0,0,0.036680529087722236,-0.9079048186057707,-0.986893186566997,0,1,0,0,75,False,False,
87,5,1474.7407454349438,870.4050139219739,0.2317870806085234,32.672054290771484,0.883490800857544,0,1,0,0,0,0.027683140879894257,-0.9551559164038235,-0.9255889654693743,0,0,0,0,75,False,False,
87,6,1458.923440463927,874.8589516377177,-0.1141913987084844,48.75279235839844,4.071864604949951,0,2,0,1,1,-0.11892331452568593,-0.9039977870478483,-0.651364795975248,0,0,0,0,75,False,False,
87,7,1465.5742577062326,870.9539308180565,0.10482510995528227,39.56608581542969,1.0149035453796387,0,1,0,0,0,0.08649094392156813,-0.979610359708058,-0.9274943991086598,0,0,0,0,75,False,False,
88,0,1419.402850314528,868.4312863503674,0.8197472747024723,83.11289978027344,7.413503170013428,0,3,1,2,2,0.21752479228251914,-0.9136394577232557,-0.49439087583841856,0,0,0,0,76,False,False,
88,1,1456.9134825122428,872.6400706546312,0.8648630622937462,45.387752532958984,4.350435733795166,0,2,0,1,1,-0.04983130276705449,-0.9095633561850707,-0.9251212740336926,0,0,0,0,76,False,False,
88,2,1451.7817919679287,870.7139743626628,0.957967351475067,50.75033950805664,4.285335063934326,0,2,0,1,1,0.08083728311928175,-0.9231010686802034,-0.8351730401854306,0,0,0,0,76,False,False,
88,3,1477.5713203436155,871.2876697291734,0.08773226861332001,28.014076232910156,0.8366078734397888,0,1,0,0,0,-0.02556496174632596,-0.947775337578557,-0.9490682111268183,6,0,0,0,76,False,False,
88,4,1492.9262332364235,870.1076991717001,-0.4425421641869464,18.677539825439453,0.6944611072540283,0,1,0,0,0,0.038882240916955704,-0.906726685953968,-0.9834402960505441,0,2,0,0,76,False,False,
88,5,1474.7407454349438,870.4050139219739,0.0,32.672054290771484,0.8824338912963867,0,1,0,0,0,0.027683140879894257,-0.9551559164038235,-0.9255889654693743,1,0,0,0,76,False,False,
88,6,1459.1661381988117,874.8293154507568,-0.24450049917292657,48.99726867675781,4.079681396484375,0,2,0,1,1,-0.11830172568134004,-0.9033571388502653,-0.6532199250744641,0,0,0,0,76,False,False,
88,7,1465.3239409888272,870.9546842075874,0.2503178511581144,39.81632995605469,1.0304539203643799,0,1,0,0,0,0.08833373824239996,-0.9802714904523996,-0.925852823108798,0,0,0,0,76,False,False,
89,0,1418.5351856478703,868.2796828288383,0.8808096284136839,83.99372100830078,7.424034595489502,0,3,0,2,2,0.2261604204517716,-0.9158455101984536,-0.4718384907957628,0,0,0,0,77,False,False,
89,1,1456.037977309521,872.6986859770199,0.8774651651272038,46.26519775390625,4.368591785430908,0,2,0,1,1,-0.04638654647087984,-0.9118971701386893,-0.9195956501201821,0,0,0,0,77,False,False,
89,2,1450.558297333207,870.6273485345379,1.2265574406814175,51.9767951965332,4.302787780761719,0,2,0,1,1,0.08819284923720135,-0.9263415900343771,-0.8226871946352191,0,0,0,0,77,False,False,
89,3,1477.5713203436155,871.2876697291734,0.0,28.014076232910156,0.8366706371307373,0,1,0,0,0,-0.02556496174632596,-0.947775337578557,-0.9490682111268183,7,0,0,0,77,False,False,
89,4,1493.1437497155282,870.1098315931258,-0.21752693144361643,18.895078659057617,0.6995809078216553,0,1,0,0,0,0.04044832515652514,-0.9061477494547249,-0.9816809753389264,0,0,0,0,77,False,False,
89,5,1474.4587928119552,870.4191993184558,0.2823092401667902,32.95439147949219,0.8939529061317444,0,1,0,0,0,0.028956180621118065,-0.9559080482355141,-0.9253178040595357,0,0,0,0,77,False,False,
89,6,1459.4923877973777,874.7886387210956,-0.32877560265382383,49.32609176635742,4.082252025604248,0,2,0,1,1,-0.11883972416296855,-0.9024956600534274,-0.6558219540304406,0,0,0,0,77,False,False,
89,7,1464.7629675847604,870.955592249909,0.5609741389860909,40.37736511230469,1.0429234504699707,0,1,0,0,0,0.09651517400749994,-0.9817516994367608,-0.9220484091616209,0,0,0,0,77,False,False,
90,0,1418.185364251927,868.2187893508277,0.3550817155584171,84.34870910644531,7.432439804077148,0,3,0,2,2,0.22826786097082907,-0.9167326152668758,-0.4627774132086244,0,0,0,0,78,False,False,
90,1,1454.997210056311,872.755032726925,1.0422914331315145,47.307491302490234,4.388152599334717,0,2,0,1,1,-0.03950623943667324,-0.9146714439723527,-0.9146261490074362,0,0,0,0,78,False,False,
90,2,1449.6498927790033,870.5570733307874,0.9111187838918052,52.88795471191406,4.319979667663574,0,2,0,1,1,0.09548302273390669,-0.928744976058532,-0.8127116020921886,0,0,0,0,78,False,False,
90,3,1477.7087533005385,871.276923436937,-0.13785245897500004,28.151947021484375,0.8492286205291748,0,1,0,0,0,-0.026331981055701528,-0.9474079995018494,-0.9493978205663427,0,0,0,0,78,False,False,
90,4,1493.4209282611723,870.1135939978312,-0.27720407979423073,19.172204971313477,0.7037433981895447,0,1,0,0,0,0.04251341645440397,-0.905410412514125,-0.9792989688934276,0,0,0,0,78,False,False,
90,5,1473.8669844648796,870.4455492534768,0.5923946646821352,33.546775817871094,0.9123116135597229,0,1,0,0,0,0.033843173868695925,-0.9574855895195057,-0.9243573582499675,0,0,0,0,78,False,False,
90,6,1459.846057523781,874.7448435939308,-0.35637099845186215,49.68242645263672,4.082143306732178,0,2,0,1,1,-0.11717234944501848,-0.9015616233641353,-0.6586001596481292,0,1,0,0,78,False,False,
90,7,1464.72261216281,870.9556436410649,0.04035545467277032,40.41764831542969,1.0428087711334229,0,1,0,0,0,0.09730463081254817,-0.9818578803449735,-0.9217772477517823,1,0,0,0,78,False,False,
91,0,1418.185364251927,868.2187893508277,0.0,84.34870910644531,7.430464267730713,0,3,0,2,2,0.22826786097082907,-0.9167326152668758,-0.4627774132086244,1,0,0,0,79,False,False,
91,1,1453.8986864849394,872.8142779493161,1.100120008560509,48.40760040283203,4.401124477386475,0,2,0,1,1,-0.040775570699543094,-0.9175992538211186,-0.9094005371115581,0,0,0,0,79,False,False,
91,2,1448.7694915391908,870.4799349951887,0.8837741034236799,53.771697998046875,4.336730480194092,0,2,0,1,1,0.10543974375330928,-0.9310704338185002,-0.801953062512385,0,0,0,0,79,False,False,
91,3,1477.5299422924,871.2906206250506,0.17933485325990267,28.33130645751953,0.866892397403717,0,1,0,0,0,-0.025558305231593675,-0.9478859060542884,-0.9489951555563026,0,0,0,0,79,False,False,
91,4,1493.5878543425163,870.1161149725922,-0.16694511657008515,19.339216232299805,0.7152217030525208,0,1,0,0,0,0.043282942413123415,-0.9049660802433789,-0.9778400318198549,0,0,0,0,79,False,False,
91,5,1472.9710888039886,870.4832734633953,0.896689551192349,34.443443298339844,0.9275560975074768,0,1,0,0,0,0.03748599370595874,-0.9598727918171529,-0.9226345688968808,0,0,0,0,79,False,False,
91,6,1459.881607590448,874.7404362646844,-0.03582222482087502,49.71822738647461,4.076568126678467,0,2,0,1,1,-0.11714922772856654,-0.9014677930977113,-0.6588859643315298,1,0,0,0,79,False,False,
91,7,1464.72261216281,870.9556436410649,0.0,40.41764831542969,1.0347065925598145,0,1,0,0,0,0.09730463081254817,-0.9818578803449735,-0.9217772477517823,2,0,0,0,79,False,False,
92,0,1417.8749803273938,868.1653445770537,0.31495162239999996,84.66370391845703,7.443020820617676,0,3,0,2,2,0.22936965566665954,-0.9175191838446347,-0.45480095267465503,0,0,0,0,80,False,False,
92,1,1452.9720717119824,872.8581575115159,0.9276531428508142,49.33527374267578,4.413457870483398,0,2,0,1,1,-0.037731429189390535,-0.9200688380683739,-0.905726404705149,0,0,0,0,80,False,False,
92,2,1448.4129780291435,870.4473831796369,0.35799651330987053,54.12974548339844,4.351441860198975,0,2,0,1,1,0.10927504127123863,-0.9320114022742267,-0.797444549374803,0,0,0,0,80,False,False,
92,3,1477.3460366707202,871.304507495664,0.18442918115310614,28.51566505432129,0.8842280507087708,0,1,0,0,0,-0.025103873746966265,-0.948377154901213,-0.9486135585650329,0,0,0,0,80,False,False,
92,4,1493.8899341010579,870.1205568868629,-0.30211241471180345,19.641250610351562,0.7220354676246643,0,1,0,0,0,0.04266807651032549,-0.904162480369865,-0.9752014750786205,0,0,0,0,80,False,False,
92,5,1471.7768432937805,870.5212307870962,1.1948485665867372,35.63825988769531,0.9432942867279053,0,1,0,0,0,0.04784472271992052,-0.9630506915847603,-0.9188739847187399,0,0,0,0,80,False,False,
92,6,1459.8573465935117,874.7434434189821,0.024446655176407272,49.74271011352539,4.074358940124512,0,2,0,1,1,-0.1172113895690624,-0.9015319583714781,-0.6586886910648617,2,0,0,0,80,False,False,
92,7,1464.6079840465145,870.9558163990042,0.11462824647869331,40.53227233886719,1.046347737312317,0,1,0,0,0,0.09881308646389944,-0.9821599359201338,-0.9210002895208875,0,0,0,0,80,False,False,
93,0,1417.259388316808,868.0605419450993,0.6244494496447341,85.28816223144531,7.456926345825195,0,3,0,2,2,0.23276354856264259,-0.9190764879364981,-0.4391337219453746,0,0,0,0,81,False,False,
93,1,1451.7609467860607,872.9008921506804,1.211878638962366,50.547088623046875,4.432971000671387,0,2,0,1,1,-0.031326678749045794,-0.9232965867326909,-0.9026817758378811,0,0,0,0,81,False,False,
93,2,1448.244901310693,870.4316497685402,0.1688115028955599,54.2985725402832,4.362516403198242,0,2,0,1,1,0.11146307179372646,-0.9324547637652718,-0.7952635663461927,0,0,0,0,81,False,False,
93,3,1477.0878494321023,871.3235712017054,0.2588900829949449,28.774545669555664,0.9015791416168213,0,1,0,0,0,-0.02436916233159031,-0.9490670047702889,-0.9481369875454563,0,0,0,0,81,False,False,
93,4,1494.3248750113935,870.1281175621858,-0.4350066198289085,20.07625389099121,0.7224712371826172,0,1,0,0,0,0.04384261851878175,-0.9030052584802727,-0.9712720144359094,0,1,0,0,81,False,False,
93,5,1470.6348857971693,870.5520033503628,1.1423720386618899,36.780643463134766,0.9596235752105713,0,1,0,0,0,0.055490747558913096,-0.9660864277141594,-0.9146076108660894,0,0,0,0,81,False,False,
93,6,1459.8573465935117,874.7434434189821,0.0,49.74271011352539,4.071764945983887,0,2,0,1,1,-0.1172113895690624,-0.9015319583714781,-0.6586886910648617,3,0,0,0,81,False,False,
93,7,1464.2394019744195,870.9571605621891,0.36858452306692036,40.90092849731445,1.0617642402648926,0,1,0,0,0,0.10310810921540774,-0.9831308533007731,-0.9185955195384863,0,0,0,0,81,False,False,
94,0,1416.735594998681,867.9699049241411,0.531577378828889,85.81974792480469,7.4673357009887695,0,3,0,2,2,0.23857262428343107,-0.9203973402776443,-0.4256198885756224,0,0,0,0,82,False,False,
94,1,1450.5312735825387,872.9410678684022,1.230329336297645,51.77748107910156,4.4501214027404785,0,2,0,1,1,-0.03098969129144583,-0.9265739135485157,-0.8999737421592381,0,0,0,0,82,False,False,
94,2,1448.244901310693,870.4316497685402,0.0,54.2985725402832,4.359076499938965,0,2,0,1,1,0.11146307179372646,-0.9324547637652718,-0.7952635663461927,1,0,0,0,82,False,False,
94,3,1477.0712712137029,871.324792365502,0.01662313346866549,28.79119110107422,0.902611255645752,0,1,0,0,0,-0.024278799396666134,-0.9491113630901827,-0.9481004579735619,1,0,0,0,82,False,False,
94,4,1494.555692026132,870.1325592858849,-0.2308597479038457,20.307132720947266,0.7323158383369446,0,1,0,0,0,0.0447424947588527,-0.9023911160333715,-0.969131947172043,0,0,0,0,82,False,False,
94,5,1469.2000785068026,870.587621267579,1.4352493151075323,38.21590042114258,0.9805367588996887,0,1,0,0,0,0.06405730138864195,-0.9698966068406795,-0.9088904523626654,0,0,0,0,82,False,False,
94,6,1459.7087674737115,874.7618436520567,0.14971413900418248,49.89240264892578,4.082035541534424,0,2,0,1,1,-0.11761680030850559,-0.9019243817005129,-0.6575228320722823,0,0,0,0,82,False,False,
94,7,1464.1656571670121,870.9574107677695,0.07374523186208821,40.97465896606445,1.0563551187515259,0,1,0,0,0,0.10448272386591574,-0.9833248549028413,-0.9181116411752215,1,0,0,0,82,False,False,
95,0,1416.5256218560212,867.9337153049363,0.2130690244421179,86.03280639648438,7.474076271057129,0,3,0,2,2,0.2398201002579084,-0.9209259237964834,-0.4202220163254562,0,0,0,0,83,False,False,
95,1,1449.0103373739607,872.9716929501458,1.5212445057239505,53.29866409301758,4.467404842376709,0,2,0,1,1,-0.024360420720457417,-0.930627593565306,-0.8989052048354562,0,0,0,0,83,False,False,
95,2,1448.1681408035138,870.4244453597548,0.07709785320188679,54.37569046020508,4.3556227684021,0,2,0,1,1,0.11195806078298018,-0.9326572547210642,-0.7942755134279033,2,0,0,0,83,False,False,
95,3,1477.0712712137029,871.324792365502,0.0,28.79119110107422,0.9041984677314758,0,1,0,0,0,-0.024278799396666134,-0.9491113630901827,-0.9481004579735619,2,0,0,0,83,False,False,
95,4,1494.4679240869073,870.1308867055812,0.08778387483257705,20.39491844177246,0.7316952347755432,0,1,0,0,0,0.04473154384365519,-0.9026246268160256,-0.969945431401559,1,0,0,0,83,False,False,
95,5,1467.728522848271,870.6071721141053,1.4716855274671619,39.68758773803711,0.9958397150039673,0,1,0,0,0,0.08207152423863198,-0.9737927616269276,-0.9009876941616604,0,0,0,0,83,False,False,
95,6,1459.3110598592057,874.8100002123077,0.40061253216947545,50.29301452636719,4.098042011260986,0,2,0,1,1,-0.11715717523319301,-0.9029748307443977,-0.6545245985842063,0,0,0,0,83,False,False,
95,7,1464.1656571670121,870.9574107677695,0.0,40.97465896606445,1.0489132404327393,0,1,0,0,0,0.10448272386591574,-0.9833248549028413,-0.9181116411752215,2,0,0,0,83,False,False,
96,0,1416.0090947239912,867.8432828805876,0.5243837349658445,86.55714416503906,7.477078914642334,0,3,0,2,2,0.24574247997694304,-0.9222230031987451,-0.4067739311825316,0,0,0,0,84,False,False,
96,1,1447.2053750783318,873.0115698876374,1.8054027414361862,55.10416030883789,4.484487533569336,0,2,0,1,1,-0.027515927670953663,-0.9354380582891236,-0.8972073783689248,0,0,0,0,84,False,False,
96,2,1447.8351923513767,870.3934092881188,0.3343918502641127,54.710018157958984,4.371903419494629,0,2,0,1,1,0.1130423627748529,-0.9335349696003022,-0.7899867280057602,0,0,0,0,84,False,False,
96,3,1477.2087482078819,871.3146249411982,-0.13785245897500004,28.92901611328125,0.9123853445053101,0,1,0,0,0,-0.024292277188814954,-0.9487440982337425,-0.9483570082692974,0,0,0,0,84,False,False,
96,4,1494.3091870240387,870.1280715665938,0.15876202359397085,20.553634643554688,0.7450036406517029,0,1,0,0,0,0.044081392558355977,-0.9030468615295326,-0.971389755574392,0,0,0,0,84,False,False,
96,5,1466.1266009184394,870.6257471014692,1.6020296187745278,41.28962326049805,1.0099802017211914,0,1,0,0,0,0.09926670319165269,-0.9780214203272615,-0.8920595852167341,0,0,0,0,84,False,False,
96,6,1459.1200723092163,874.8328808404518,0.1923532359884729,50.48529815673828,4.112595081329346,0,2,0,1,1,-0.11696660224433926,-0.9034789981532002,-0.6531167861169017,0,0,0,0,84,False,False,
96,7,1464.0784149188519,870.9577563595559,0.08724293265203625,41.06193923950195,1.0477957725524902,0,1,0,0,0,0.10558580476739254,-0.9835544636576249,-0.9175473998977529,3,0,0,0,84,False,False,
97,0,1415.1923538131682,867.6955826864255,0.8299885919501211,87.38716125488281,7.484852313995361,0,3,0,2,2,0.2563999083861549,-0.9242641281220941,-0.3849466061508553,0,0,0,0,85,False,False,
97,1,1445.1238876274394,873.0785428523988,2.0825646175404224,57.1866569519043,4.507362365722656,0,2,0,1,1,-0.03712068067811237,-0.9409827605205092,-0.8927500916758971,0,0,0,0,85,False,False,
97,2,1447.8351923513767,870.3934092881188,0.0,54.710018157958984,4.371060371398926,0,2,0,1,1,0.1130423627748529,-0.9335349696003022,-0.7899867280057602,1,0,0,0,85,False,False,
97,3,1477.3880145992325,871.3011596015685,-0.1797713949416008,29.108844757080078,0.9211168885231018,0,1,0,0,0,-0.024791805663730314,-0.9482649261799342,-0.9487239941464639,0,0,0,0,85,False,False,
97,4,1494.2381196391657,870.1268510339604,0.07107786499742223,20.62468910217285,0.7454311847686768,0,1,0,0,0,0.04381036412079753,-0.9032358948965042,-0.9720270524223762,1,0,0,0,85,False,False,
97,5,1464.627994786936,870.6261258241382,1.4986061793582754,42.78815841674805,1.021657109260559,0,1,0,0,0,0.1299586408414121,-0.9819494684456721,-0.881672544558145,0,0,0,0,85,False,False,
97,6,1458.619526719633,874.8920549611389,0.5040312131309241,50.9893913269043,4.128225803375244,0,2,0,1,1,-0.11760113028938754,-0.9048007070406633,-0.6495177853527359,0,0,0,0,85,False,False,
97,7,1464.0784149188519,870.9577563595559,0.0,41.06193923950195,1.0467239618301392,0,1,0,0,0,0.10558580476739254,-0.9835544636576249,-0.9175473998977529,4,0,0,0,85,False,False,
98,0,1414.2413033764522,867.5154303860037,0.9679626978996656,88.35511779785156,7.4993486404418945,0,3,0,2,2,0.2706311187675731,-0.9266231215414351,-0.35855618266023725,0,0,0,0,86,False,False,
98,1,1443.5922357400632,873.1475110935891,1.5332038750265387,58.719825744628906,4.52855110168457,0,2,0,1,1,-0.048658627756424266,-0.9450600979551002,-0.8871000749758475,0,0,0,0,86,False,False,
98,2,1447.5216522161486,870.3636249289101,0.31495162239999996,55.025028228759766,4.38480281829834,0,2,0,1,1,0.11561739559285482,-0.9343613563777515,-0.7858735618147106,0,0,0,0,86,False,False,
98,3,1477.6595923142902,871.2806340791522,-0.27235225790595124,29.381103515625,0.9292886257171631,0,1,0,0,0,-0.024739570131232666,-0.9475394599596961,-0.9492955391943475,0,0,0,0,86,False,False,
98,4,1494.2381196391657,870.1268510339604,0.0,20.62468910217285,0.7406018376350403,0,1,0,0,0,0.04381036412079753,-0.9032358948965042,-0.9720270524223762,2,0,0,0,86,False,False,
98,5,1463.0016782123469,870.5997175254925,1.6265309708151126,44.41471481323242,1.0362694263458252,0,1,0,0,0,0.18411454707002184,-0.9861492797357925,-0.8672017743331043,0,0,0,0,86,False,False,
98,6,1458.2168076009098,874.9391881274385,0.40546790742396666,51.39485549926758,4.144205570220947,0,2,0,1,1,-0.1181945120389451,-0.905863549717158,-0.6466738315082197,0,0,0,0,86,False,False,
98,7,1464.089764886943,870.9577119062191,-0.011350055143747836,41.07329177856445,1.0459895133972168,0,1,0,0,0,0.10542275657231844,-0.9835245974202221,-0.9176204590415418,5,0,0,0,86,False,False,
99,0,1412.9990116778097,867.2788418949903,1.2646196181446065,89.6197509765625,7.5107598304748535,0,3,0,2,2,0.2838774309278531,-0.9296801572631559,-0.3239254481427727,0,0,0,0,87,False,False,
99,1,1441.7784108618398,873.2561521026689,1.8170755509101995,60.53691864013672,4.549734592437744,0,2,0,1,1,-0.06370689824372877,-0.9498835714208539,-0.8771830126477863,0,0,0,0,87,False,False,
99,2,1446.9002180953755,870.3023326071994,0.6244494496447341,55.64938735961914,4.400415897369385,0,2,0,1,1,0.12096237807034337,-0.9359970727923951,-0.7774569740745022,0,0,0,0,87,False,False,
99,3,1477.9211774191363,871.2605710567896,-0.2623533722741956,29.643468856811523,0.9384819269180298,0,1,0,0,0,-0.02511251526402134,-0.9468403699041946,-0.9498743915859192,0,0,0,0,87,False,False,
99,4,1494.3231859013529,870.1282511627012,-0.08507778395676736,20.70978355407715,0.7386746406555176,0,1,0,0,0,0.04325387635931166,-0.9030095013958789,-0.9712647088788579,3,0,0,0,87,False,False,
99,5,1461.0948245175648,870.529595227936,1.908142591610719,46.3228645324707,1.052000880241394,0,1,0,0,0,0.30576625173289546,-0.9908629562032009,-0.8455329882866389,0,0,0,0,87,False,False,
99,6,1457.5086457903437,875.0247276887817,0.7133093063313819,52.108131408691406,4.156501293182373,0,2,0,1,1,-0.12302064453089466,-0.9077309324085081,-0.6382166085052134,0,0,0,0,87,False,False,
99,7,1464.1391864312056,870.9575072047019,-0.04942196819250253,41.12273025512695,1.0392615795135498,0,1,0,0,0,0.10444506808220524,-0.9833945544778026,-0.9179436115763989,6,0,0,0,87,False,False,
100,0,1411.4688782360447,867.0032165285837,1.5547596895386055,91.17453002929688,7.524631500244141,0,3,0,2,2,0.2942706101088409,-0.9334154345171244,-0.2831637772322009,0,0,0,0,88,False,False,
100,1,1440.433691770283,873.3552598268398,1.348366336047939,61.885292053222656,4.569283485412598,0,2,0,1,1,-0.07804220158926556,-0.9534541784981032,-0.867602767051288,0,0,0,0,88,False,False,
100,2,1446.7978566110617,870.2922562078833,0.10285624577110099,55.752296447753906,4.412933826446533,0,2,0,1,1,0.12135882835407175,-0.9362665573545353,-0.7760735885027734,0,0,0,0,88,False,False,
100,3,1478.315878211341,871.229455010949,-0.3959254016552123,30.03946876525879,0.9467343091964722,0,1,0,0,0,-0.02594904509620998,-0.9457852632244647,-0.9508567558532788,0,1,0,0,88,False,False,
100,4,1494.5447434025514,870.1313188778203,-0.22157873817974597,20.93136215209961,0.7499708533287048,0,1,0,0,0,0.0413382365106688,-0.9024198834699431,-0.9693511174568632,0,0,0,0,88,False,False,
100,5,1458.9420189039558,870.4137199368985,2.1559218661767106,48.47881317138672,1.0569247007369995,0,1,0,0,0,0.6930810112986289,-0.9950801953130342,-0.8166808082526718,0,0,0,0,88,False,False,
100,6,1457.3197233797719,875.0477419207414,0.19031902713344448,52.298492431640625,4.168703556060791,0,2,0,1,1,-0.12434484553454897,-0.9082289658432097,-0.6357794932538317,0,0,0,0,88,False,False,
100,7,1464.248234961352,870.9570185853196,-0.10904962483191051,41.23186111450195,1.0473253726959229,0,1,0,0,0,0.10244170698922611,-0.9831073613551061,-0.9186393493075226,0,0,0,0,88,False,False,
101,0,1409.6597735150785,866.6779475321198,1.8381131117215532,93.01262664794922,7.535107135772705,0,3,0,2,2,0.3164146642687039,-0.9377649366711782,-0.23503436002334,0,0,0,0,89,False,False,
101,1,1438.8344978005318,873.4708382283319,1.6033651236634718,63.488704681396484,4.578708648681641,0,2,0,1,1,-0.08491341483998112,-0.957695451183474,-0.8564927746129058,0,0,0,0,89,False,False,
101,2,1446.4670689548789,870.2596948908478,0.33238639089175515,56.08470153808594,4.426626205444336,0,2,0,1,1,0.12305655321901049,-0.9371367091720784,-0.7716091838495369,0,0,0,0,89,False,False,
101,3,1478.4607544605817,871.218023357801,-0.1453265642880809,30.184814453125,0.9585022926330566,0,1,0,0,0,-0.02581062311218874,-0.9453979917630465,-0.9512091306163422,0,0,0,0,89,False,False,
101,4,1494.808295851952,870.13476373728,-0.2635749620917835,21.194934844970703,0.756667971611023,0,1,0,0,0,0.04055333853745727,-0.9017184561152456,-0.9671087706076382,0,0,0,0,89,False,False,
101,5,1457.213814700788,870.2991324452158,1.7319988629030059,50.21075439453125,1.0545587539672852,0,1,0,0,0,1.0,-0.9950033238942314,-0.7947440267164203,0,0,0,1,89,False,False,
101,6,1457.3197233797719,875.0477419207414,0.0,52.298492431640625,4.163292407989502,0,2,0,1,1,-0.12434484553454897,-0.9082289658432097,-0.6357794932538317,1,0,0,0,89,False,False,
101,7,1464.4483434035956,870.955821581673,-0.20011202231466999,41.43193817138672,1.0565437078475952,0,1,0,0,0,0.0983932120923874,-0.9825803720993024,-0.9198855712143057,0,0,0,0,89,False,False,
102,0,1407.8598789756932,866.3677049485901,1.8264366437258852,94.83909606933594,7.546928882598877,0,3,0,2,2,0.33699308994282673,-0.9420175409935385,-0.18875732763987996,0,0,0,0,90,False,False,
102,1,1437.7724197809505,873.5390750023829,1.0642678126349365,64.55290985107422,4.592075347900391,0,2,0,1,1,-0.08555044944571237,-0.9605094438942849,-0.8501327771147689,0,0,0,0,90,False,False,
102,2,1446.4670689548789,870.2596948908478,0.0,56.08470153808594,4.427066326141357,0,2,0,1,1,0.12305655321901049,-0.9371367091720784,-0.7716091838495369,1,0,0,0,90,False,False,
102,3,1478.615916367505,871.2056028784493,-0.15565823353548872,30.3404598236084,0.9652702808380127,0,1,0,0,0,-0.026333986862246344,-0.944983292090464,-0.9516117956263822,0,0,0,0,90,False,False,
102,4,1495.115615315611,870.1380004031994,-0.30733650734967277,21.5022029876709,0.7624261379241943,0,1,0,0,0,0.038615498920167586,-0.9009005940491317,-0.9645871045658656,0,0,0,0,90,False,False,
102,5,1455.2065641116953,870.1762973635356,2.0110055655576993,52.22183609008789,4.271459579467773,0,2,1,1,1,0.08476308349980854,-0.9138926299898928,-0.7765713740453215,0,0,0,0,90,False,False,
102,6,1457.0070477622114,875.0855371934026,0.31495162239999996,52.61338806152344,4.175006866455078,0,2,0,1,1,-0.12488947758731683,-0.909052733864535,-0.6317907198493211,0,0,0,0,90,False,False,
102,7,1464.5198238163343,870.9553721143195,-0.07148182584555157,41.50334930419922,1.0534895658493042,0,1,0,0,0,0.09713837428819261,-0.982392184524671,-0.9203329235789492,1,0,0,0,90,False,False,
103,0,1406.1873103323258,866.0730118772544,1.6983314968136003,96.53746032714844,7.557321071624756,0,3,0,2,2,0.3664312033153187,-0.945869235429184,-0.14499296379628202,0,0,0,0,91,False,False,
103,1,1437.2381710474053,873.57394168846,0.5353852772466849,65.08834838867188,4.603768825531006,0,2,0,1,1,-0.0894152112741368,-0.9619237287361498,-0.8468686206353612,0,0,0,0,91,False,False,
103,2,1446.487491323338,870.2617019972,-0.02052076044862888,56.105308532714844,4.423058986663818,0,2,0,1,1,0.1228515648879516,-0.9370827787343736,-0.7718872416766461,2,0,0,0,91,False,False,
103,3,1478.5210168877452,871.2132229093331,0.09520491651880741,30.435731887817383,0.9581817388534546,0,1,0,0,0,-0.026611507901274145,-0.9452371355978372,-0.9513698564447498,1,0,0,0,91,False,False,
103,4,1495.1031428762788,870.1378671360053,0.012473151287555745,21.5146541595459,0.7610329389572144,0,1,0,0,0,0.0387256759289989,-0.9009337391402296,-0.9646820785941725,1,0,0,0,91,False,False,
103,5,1452.9257141636629,870.0804967560034,2.282860977336023,54.504730224609375,4.292805194854736,0,2,0,1,1,0.07808279701089052,-0.9199378449631651,-0.7611872323118117,0,0,0,0,91,False,False,
103,6,1456.5621972149743,875.140307585622,0.4482095550532546,53.06157684326172,4.188476085662842,0,2,0,1,1,-0.12796820692659847,-0.9102241286701921,-0.6259795199418946,0,0,0,0,91,False,False,
103,7,1464.2751865384205,870.9566462079954,0.2446405956904138,41.747982025146484,1.0692858695983887,0,1,0,0,0,0.10157233035644235,-0.9830365598371444,-0.9187863180341211,0,0,0,0,91,False,False,
104,0,1404.2842781444278,865.7071263862842,1.9378864003543614,98.47526550292969,7.569772243499756,0,3,0,2,2,0.4130706355990052,-0.9500767457221618,-0.09153822607624984,0,0,0,0,92,False,False,
104,1,1437.2230494029777,873.5749302635011,0.015153923940953905,65.10352325439453,4.604914665222168,0,2,0,1,1,-0.0895830849600644,-0.9619637704454178,-0.8467659676429535,1,0,0,0,92,False,False,
104,2,1446.4120715838487,870.254283087331,0.07578375372237275,56.181114196777344,4.417914390563965,0,2,0,1,1,0.12330170974338948,-0.9372811475407321,-0.7708626127339108,3,0,0,0,92,False,False,
104,3,1478.2638668175668,871.2343947832552,0.2580201675026159,30.693683624267578,0.9752164483070374,0,1,0,0,0,-0.028254941825059315,-0.9459243345636552,-0.9506221240153345,0,0,0,0,92,False,False,
104,4,1494.8983983415976,870.1353075619413,0.20476053306536438,21.71938133239746,0.7731442451477051,0,1,0,0,0,0.040102787157737414,-0.9014786027866786,-0.9664194826346355,0,0,0,0,92,False,False,
104,5,1450.81806724197,870.0063119807694,2.108952092248079,56.61357879638672,4.308628082275391,0,2,0,1,1,0.07931513498307115,-0.9255208955008315,-0.748679432571077,0,0,0,0,92,False,False,
104,6,1455.8123304436929,875.2303625908668,0.7552549759132233,53.81684112548828,4.1985368728637695,0,2,0,1,1,-0.12894216023512525,-0.9121979220335221,-0.6164724406873812,0,0,0,0,92,False,False,
104,7,1463.7828161775108,870.9568400811489,0.4923703990790508,42.240291595458984,1.083655595779419,0,1,0,0,0,0.113365784411828,-0.9843302145360869,-0.9153845690969842,0,0,0,0,92,False,False,
105,0,1402.9203701641786,865.4301785258609,1.3917417490255573,99.86699676513672,7.579413414001465,0,3,0,2,2,0.4504560218137189,-0.952955364058583,-0.05145050307684551,0,0,0,0,93,False,False,
105,1,1437.2230494029777,873.5749302635011,0.0,65.10352325439453,4.599940299987793,0,2,0,1,1,-0.0895830849600644,-0.9619637704454178,-0.8467659676429535,2,0,0,0,93,False,False,
105,2,1446.4120715838487,870.254283087331,0.0,56.181114196777344,4.4167914390563965,0,2,0,1,1,0.12330170974338948,-0.9372811475407321,-0.7708626127339108,4,0,0,0,93,False,False,
105,3,1477.6971850868545,871.2803179953249,0.5685394668181663,31.26231575012207,0.9868918061256409,0,1,0,0,0,-0.02822886930971688,-0.9474392367594592,-0.9490682111268183,0,0,0,0,93,False,False,
105,4,1494.3822408291303,870.1271996367227,0.5162211891503464,22.235679626464844,0.7915681600570679,0,1,0,0,0,0.04274096212382624,-0.9028523406308694,-0.9709789363549161,0,0,0,0,93,False,False,
105,5,1448.8772713749488,869.9289941378845,1.9423353588594376,58.555912017822266,4.329349994659424,0,2,0,1,1,0.08839145286665497,-0.9306540722126218,-0.7360909340284578,0,0,0,0,93,False,False,
105,6,1454.7628317206045,875.3502297454661,1.056321780763741,54.873226165771484,4.213682174682617,0,2,0,1,1,-0.1293711439078379,-0.9149588200945832,-0.6038985782717776,0,0,0,0,93,False,False,
105,7,1463.5178416630326,870.9562962249613,0.26497507260577996,42.505306243896484,1.097875714302063,0,1,0,0,0,0.12031783122633896,-0.9850248977735383,-0.9134718245407372,0,0,0,0,93,False,False,
106,0,1401.3076481113571,865.1036605051147,1.6454441459765576,101.51251220703125,7.587021827697754,0,3,0,2,2,0.49155143816014213,-0.9561987880713332,-0.004170495786224748,0,0,0,0,94,False,False,
106,1,1436.9087568810965,873.5952953105632,0.31495162239999996,65.41838836669922,4.6136322021484375,0,2,0,1,1,-0.09122172038491574,-0.9627950090252066,-0.8448705891944447,0,0,0,0,94,False,False,
106,2,1446.0985666087638,870.224130889245,0.31495162239999996,56.496158599853516,4.431454181671143,0,2,0,1,1,0.12356475795427413,-0.9381057059788551,-0.7667128562253223,0,0,0,0,94,False,False,
106,3,1476.956620967631,871.3434151150567,0.7432472409635066,32.00547790527344,0.9971471428871155,0,1,0,0,0,-0.032070015363999005,-0.9494185830099061,-0.9466642880101648,0,0,0,0,94,False,False,
106,4,1493.5603716970477,870.1135929992723,0.8219817582238641,23.05756950378418,0.8096118569374084,0,1,0,0,0,0.04427859234969623,-0.9050388666748214,-0.9783312157401712,0,0,0,0,94,False,False,
106,5,1447.0111366485337,869.8253995656645,1.8690079327081908,60.42499923706055,4.3468146324157715,0,2,0,1,1,0.10592696608867856,-0.9355743638532427,-0.7204726428488855,0,0,0,0,94,False,False,
106,6,1453.5594421829678,875.492974189902,1.2118260418519131,56.08503341674805,4.226192951202393,0,2,0,1,1,-0.1373158486777571,-0.9181182288906271,-0.5888439209132303,0,0,0,0,94,False,False,
106,7,1463.0727780871262,870.9543786923022,0.44506770668082707,42.95037841796875,1.1128653287887573,0,1,0,0,0,0.13215022337457943,-0.9861882890367595,-0.910151288956825,0,0,0,0,94,False,False,
107,0,1400.2253792536471,864.8782659243437,1.1054902068357597,102.61799621582031,7.591216564178467,0,3,0,2,2,0.5266423683691906,-0.9582481566447122,0.028299637652946075,0,0,0,0,95,False,False,
107,1,1436.9087568810965,873.5952953105632,0.0,65.41838836669922,4.613215446472168,0,2,0,1,1,-0.09122172038491574,-0.9627950090252066,-0.8448705891944447,1,0,0,0,95,False,False,
107,2,1446.0985666087638,870.224130889245,0.0,56.496158599853516,4.424348831176758,0,2,0,1,1,0.12356475795427413,-0.9381057059788551,-0.7667128562253223,1,0,0,0,95,False,False,
107,3,1476.1640483750812,871.4123213951332,0.7955623105043709,32.801063537597656,1.0118427276611328,0,1,0,0,0,-0.034617942854074754,-0.9515371525295753,-0.9439445197023424,0,0,0,0,95,False,False,
107,4,1492.4388858985487,870.0922535654117,1.1216888016166104,24.17935562133789,0.8282133340835571,0,1,0,0,0,0.04734224042516012,-0.9080222828771545,-0.9886890359571907,0,0,0,0,95,False,False,
107,5,1445.6886366129397,869.755259156074,1.3243587207413805,61.749366760253906,4.355956077575684,0,2,0,1,1,0.11037488129998363,-0.9390559504189576,-0.7098019057380822,0,0,0,0,95,False,False,
107,6,1452.2530557618622,875.6402904771434,1.3146663339934757,57.39971160888672,4.237424850463867,0,2,0,1,1,-0.13956773699419373,-0.9215436644243771,-0.5734158993848596,0,0,0,0,95,False,False,
107,7,1462.3206600100496,870.9453772790406,0.7521719399884504,43.70250701904297,1.1249107122421265,0,1,0,0,0,0.16002990575257614,-0.9881399264747275,-0.9038325127382901,0,0,0,0,95,False,False,
108,0,1398.8718456513277,864.6038750452018,1.3810660980432357,103.9990463256836,7.591994285583496,0,3,0,2,2,0.5669496383263455,-0.9606627828325284,0.0680211716151069,0,0,0,0,96,False,False,
108,1,1436.7111921473343,873.608140358173,0.19798186602475412,65.61643981933594,4.626405715942383,0,2,0,1,1,-0.09267365977486482,-0.9633176268376679,-0.8436628085607164,0,0,0,0,96,False,False,
108,2,1445.9676200214922,870.2115531920616,0.13154925763583228,56.627620697021484,4.43279504776001,0,2,0,1,1,0.12418454734736693,-0.938449657962984,-0.7649784465877985,0,0,0,0,96,False,False,
108,3,1475.2526199187319,871.4974150305436,0.9153921333672461,33.716529846191406,1.0288902521133423,0,1,0,0,0,-0.0407255368936919,-0.9539736487796987,-0.940095421973835,0,0,0,0,96,False,False,
108,4,1491.300280391687,870.072304804471,1.1387802480369078,25.318078994750977,0.8468496799468994,0,1,0,0,0,0.04796395295993724,-0.9110505587277417,-0.9989957173865139,0,0,0,0,96,False,False,
108,5,1444.8561067214746,869.7137580686284,0.8335636511042506,62.58292007446289,4.370481491088867,0,2,0,1,1,0.11243094440594759,-0.9412454349406616,-0.7033979998588986,0,0,0,0,96,False,False,
108,6,1451.476313540534,875.7237637516373,0.7812146094055931,58.180912017822266,4.253642559051514,0,2,0,1,1,-0.13991841587689527,-0.9235780925953153,-0.5647429936116736,0,0,0,0,96,False,False,
108,7,1461.2674224790037,870.9338099495297,1.0533010490431685,44.755794525146484,1.1310569047927856,0,1,0,0,0,0.20778443025307322,-0.9908346660022187,-0.8951235740781841,0,0,0,0,96,False,False,
109,0,1397.2355357998406,864.277551243702,1.6685314361734986,105.6675033569336,7.592862606048584,0,3,0,2,2,0.6248855764749465,-0.9633095051736623,0.11539625655895724,0,0,0,0,97,False,False,
109,1,1436.2028375361463,873.6431882626704,0.5095613469698888,66.12594604492188,4.63993501663208,0,2,0,1,1,-0.09880705585815248,-0.9646605848877129,-0.8403328038028317,0,0,0,0,97,False,False,
109,2,1445.570588728909,870.1730343704384,0.3988954084840608,57.02657699584961,4.446926593780518,0,2,0,1,1,0.12697307113861725,-0.9394928224070852,-0.7596867720170515,0,0,0,0,97,False,False,
109,3,1474.0455870571682,871.6191825781734,1.2131593731040429,34.9296875,1.0480135679244995,0,1,0,0,0,-0.04890109332067898,-0.9571998661012036,-0.9339163071382106,0,0,0,0,97,False,False,
109,4,1490.3014898146375,870.0486939513951,0.9990696117818143,26.317136764526367,0.8582227826118469,0,1,0,0,0,0.05345725925349522,-0.9137056063701176,-0.9912253122197482,0,0,0,0,97,False,False,
109,5,1444.547824440352,869.699287584986,0.3086217097854824,62.89148712158203,4.382928371429443,0,2,0,1,1,0.11214490550625239,-0.9420557238915337,-0.7011363180284039,0,0,0,0,97,False,False,
109,6,1450.3994295867067,875.8263053290459,1.0817549746168769,59.26268768310547,4.268097400665283,0,2,0,1,1,-0.13734652163686104,-0.9263984482106129,-0.5542917698199173,0,0,0,0,97,False,False,
109,7,1460.139794983151,870.9133418469502,1.1278132436827866,45.8836669921875,1.1335233449935913,0,1,0,0,0,0.31070399657330783,-0.9936002948150059,-0.8848168963337988,0,0,0,0,97,False,False,
110,0,1395.4812633296904,863.9258142664221,1.7891871899588134,107.45668029785156,7.594671249389648,0,3,0,2,2,0.6994374175890155,-0.9657263120698026,0.1664046456896664,0,0,0,0,98,False,False,
110,1,1436.1631780967953,873.6459324489293,0.03975426628493588,66.16571044921875,4.636025428771973,0,2,0,1,1,-0.09926216368919162,-0.9647653491545782,-0.8400767001662458,1,0,0,0,98,False,False,
110,2,1445.3917007041944,870.1554874788012,0.17974654041847754,57.20626449584961,4.462221622467041,0,2,0,1,1,0.1286601394488975,-0.939962329746897,-0.7572789576058864,0,0,0,0,98,False,False,
110,3,1472.6297263517763,871.7840929547649,1.4254322044139596,36.35503005981445,1.0622279644012451,0,1,0,0,0,-0.06442330662819541,-0.9609830574346724,-0.9240277523837163,0,0,0,0,98,False,False,
110,4,1489.8302781169903,870.0382744491171,0.47132688235164777,26.78844451904297,0.8646296858787537,0,1,0,0,0,0.05326061284116766,-0.914958089124372,-0.9866950825143105,0,0,0,0,98,False,False,
110,5,1443.9301874983541,869.6721261081667,0.6182338861172618,63.50975799560547,4.394728183746338,0,2,0,1,1,0.11347436239409615,-0.9436790676599366,-0.6968182603522298,0,0,0,0,98,False,False,
110,6,1449.270107590605,875.9156728975366,1.1328524763520733,60.39548873901367,4.2855305671691895,0,2,0,1,1,-0.13258506981366938,-0.9293566327373117,-0.5455164397438084,0,0,0,0,98,False,False,
110,7,1458.94405868673,870.8915268692793,1.1959352757692672,47.07954406738281,1.134276270866394,0,1,0,0,0,0.56248494257844,-0.9961172823048701,-0.8738875400020788,0,0,0,0,98,False,False,
111,0,1393.7723090797176,863.6032587302785,1.7391281443289264,109.19583892822266,7.588338851928711,0,3,0,2,2,0.7731774028919308,-0.9676206706604417,0.2136999180033854,0,0,0,0,99,False,False,
111,1,1436.1631780967953,873.6459324489293,0.0,66.16571044921875,4.63439416885376,0,2,0,1,1,-0.09926216368919162,-0.9647653491545782,-0.8400767001662458,2,0,0,0,99,False,False,
111,2,1445.2194607214087,870.1382691311818,0.17309847822758692,57.37936782836914,4.47501802444458,0,2,0,1,1,0.13084488345568465,-0.9404142724006926,-0.75490773351226,0,0,0,0,99,False,False,
111,3,1471.1014807512524,871.9802472074177,1.5407826278727699,37.89588165283203,1.0760594606399536,0,1,0,0,0,-0.08030653475784896,-0.9650627857220694,-0.911192097680597,0,0,0,0,99,False,False,
111,4,1489.8302781169903,870.0382744491171,0.0,26.78844451904297,0.8547878861427307,0,1,0,0,0,0.05326061284116766,-0.914958089124372,-0.9866950825143105,1,0,0,0,99,False,False,
111,5,1443.2625587829054,869.6472375456558,0.6680924653335004,64.17782592773438,4.408197402954102,0,2,0,1,1,0.1127665065938686,-0.9454335718091763,-0.6926904723272573,0,0,0,0,99,False,False,
111,6,1448.1582207860986,876.002224987513,1.1152504339001932,61.51079177856445,4.295266628265381,0,2,0,1,1,-0.13751238642139849,-0.9322645370326337,-0.5370413217886307,0,0,0,0,99,False,False,
111,7,1457.6184511344507,870.8671102441829,1.3258324005094768,48.405452728271484,1.1306201219558716,0,1,0,0,0,1.0,-0.9968122292053958,-0.8635261911777772,0,0,0,1,99,False,False,
112,0,1392.1818947383588,863.3323442375122,1.6133234144431625,110.8092041015625,7.583563327789307,0,3,0,2,2,0.8441234594111039,-0.968933723482701,0.2542049421398451,0,0,0,0,100,False,False,
112,1,1436.1728224690303,873.6452644226586,-0.009667480276921471,66.17537689208984,4.6318745613098145,0,2,0,1,1,-0.09923540038122636,-0.9647398849522744,-0.8401352303812151,3,0,0,0,100,False,False,
112,2,1444.7368942834912,870.088635337121,0.48511223496960304,57.86445617675781,4.486480236053467,0,2,0,1,1,0.1355848481120966,-0.9416792480984958,-0.7481377529405752,0,0,0,0,100,False,False,
112,3,1469.343907338781,872.1985098310473,1.7710739321382611,39.66695022583008,1.0934205055236816,0,1,0,0,0,-0.08979329808319107,-0.9697450442191983,-0.8973010267128757,0,0,0,0,100,False,False,
112,4,1489.8841120280708,870.0394762440333,-0.053847323919108236,26.8422908782959,0.8433042168617249,0,1,0,0,0,0.05330521907352919,-0.914815005684226,-0.9872154877695148,2,0,0,0,100,False,False,
112,5,1442.2919899977596,869.621767050362,0.9709029368735993,65.14874267578125,4.42512845993042,0,2,0,1,1,0.11098681524490467,-0.9479852876545607,-0.687977067704551,0,0,0,0,100,False,False,
112,6,1446.7538136653948,876.112439330835,1.4087251549388724,62.91952896118164,4.310567378997803,0,2,0,1,1,-0.1459377761511582,-0.9359282685353649,-0.52623154147118,0,0,0,0,100,False,False,
112,7,1456.0045874134332,870.8192025227282,1.6145746374172967,50.01993179321289,4.34774112701416,0,2,1,1,1,0.051284938845714126,-0.9118735770380239,-0.8550217866754758,0,0,0,0,100,False,False,
113,0,1391.1205643299068,863.1677063200387,1.0740241523239338,111.88317108154297,7.577915191650391,0,3,0,2,2,0.8926207127130852,-0.9695430972204335,0.279298810597425,0,0,0,0,101,False,False,
113,1,1435.868035021549,873.6652796496794,0.30544393504341955,66.48084259033203,4.647324562072754,0,2,0,1,1,-0.09923969772575371,-0.965544810199017,-0.838261577433745,0,0,0,0,101,False,False,
113,2,1444.2015635392415,870.0337776399754,0.5381341586213777,58.40266036987305,4.501523017883301,0,2,0,1,1,0.13873312944021135,-0.9430813387067879,-0.7406433412539937,0,0,0,0,101,False,False,
113,3,1467.31334742262,872.4735457310289,2.04910183236426,41.71601867675781,1.1066776514053345,0,1,0,0,0,-0.11805089098542491,-0.9751323014154495,-0.8785054381787718,0,0,0,0,101,False,False,
113,4,1489.9390092077922,870.0407214390657,-0.054911299857485704,26.897113800048828,0.8408112525939941,0,1,0,0,0,0.05344197096309371,-0.914669321256536,-0.9877431985817707,3,0,0,0,101,False,False,
113,5,1441.489760269116,869.6098776760455,0.8023178265133367,65.95108032226562,4.440845489501953,0,2,0,1,1,0.10814570456202799,-0.9500953014288208,-0.6851741350363382,0,0,0,0,101,False,False,
113,6,1445.6003518749167,876.212666107686,1.1578080621981834,64.07731628417969,4.3239006996154785,0,2,0,1,1,-0.15883290288217672,-0.9389246472987625,-0.5161974472993658,0,0,0,0,101,False,False,
113,7,1454.2340651403763,870.7316693340503,1.77268473748449,51.792724609375,4.367816925048828,0,2,0,1,1,0.06745209672868226,-0.9165759330339346,-0.8414964616591216,0,0,0,0,101,False,False,
114,0,1389.7901304780278,862.976521857714,1.344100343300343,113.22728729248047,7.567935466766357,0,3,0,2,2,0.9604563470512113,-0.9699763224733737,0.308941198559302,0,0,0,1,102,False,False,
114,1,1435.2540816674823,873.7030397908766,0.6151134441979377,67.09601593017578,4.658336162567139,0,2,0,1,1,-0.10140671610831381,-0.9671654845041487,-0.8347779076352901,0,0,0,0,102,False,False,
114,2,1443.532975012156,869.9622957191133,0.672398902111377,59.075050354003906,4.512965679168701,0,2,0,1,1,0.14609085433740904,-0.9448288367712352,-0.7309238380544563,0,0,0,0,102,False,False,
114,3,1465.017755530353,872.8088556884968,2.319951487298461,44.03602600097656,1.1234041452407837,0,1,0,0,0,-0.1653885187582533,-0.9811622441035316,-0.85434420831874,0,0,0,0,102,False,False,
114,4,1490.0019494545204,870.0421636073388,-0.0629567669716438,26.960119247436523,0.8394295573234558,0,1,0,0,0,0.05348332914063197,-0.9145019056680974,-0.9883594291976212,4,0,0,0,102,False,False,
114,5,1440.3873367617623,869.6129638493704,1.1024278271306573,67.05350494384766,4.458570957183838,0,2,0,1,1,0.1029676641607324,-0.952998979079905,-0.6836590100283769,0,0,0,0,102,False,False,
114,6,1444.8156203126423,876.2832917982903,0.787903301809771,64.86515808105469,4.335404872894287,0,2,0,1,1,-0.16645680999456292,-0.9409565606373275,-0.5090761710931231,0,0,0,0,102,False,False,
114,7,1452.4617797023159,870.5998745600704,1.7771790951981437,53.56983947753906,4.388948917388916,0,2,0,1,1,0.0882569886360822,-0.921271990287663,-0.8226579223811881,0,0,0,0,102,False,False,
115,0,1388.406177319001,862.7896505248596,1.396512528201296,114.62387084960938,7.558810234069824,0,3,0,2,2,1.0,-0.9700082971355278,0.3383202505796421,0,0,0,2,103,False,False,
115,1,1434.3469756679692,873.7565081453849,0.9086804494905618,68.00469207763672,4.676284313201904,0,2,0,1,1,-0.10769313760093459,-0.9695565748848958,-0.829925488392122,0,0,0,0,103,False,False,
115,2,1442.6127695829614,869.8580240091704,0.9260942832204736,60.001102447509766,4.527932643890381,0,2,0,1,1,0.15707482559568575,-0.947226832289232,-0.7168499441368761,0,0,0,0,103,False,False,
115,3,1462.4676299896832,873.2224514019401,2.583447635883988,46.61940383911133,1.1409854888916016,0,1,0,0,0,-0.2723945205257754,-0.9876483093510723,-0.8225814543347691,0,0,0,0,103,False,False,
115,4,1489.7508581684529,870.036997489921,0.2511444259948009,27.211271286010742,0.8537061810493469,0,1,0,0,0,0.05240569283795367,-0.9151693900182609,-0.9859911825338864,0,0,0,0,103,False,False,
115,5,1439.133798920537,869.6197476069538,1.253556196885941,68.30706024169922,4.468087196350098,0,2,0,1,1,0.10902118864820712,-0.956296352843757,-0.6823270652975941,0,0,0,0,103,False,False,
115,6,1443.9572263648693,876.3571565501258,0.8615661153603205,65.72673034667969,4.348649024963379,0,2,0,1,1,-0.1705193299480849,-0.9431752659879369,-0.5016842408818358,0,0,0,0,103,False,False,
115,7,1450.5004014385313,870.4495616814183,1.9671295471155434,55.53701400756836,4.403504371643066,0,2,0,1,1,0.09607146195170281,-0.9264621352345477,-0.8012796577387435,0,0,0,0,103,False,False,
116,0,1387.093784944822,862.6067476694943,1.3250762990500973,115.94893646240234,7.545163631439209,0,3,0,2,2,1.0,-0.9695986931861257,0.3668679019786558,0,0,0,3,104,False,False,
116,1,1433.6699320638936,873.7948591610348,0.6781289274326157,68.68277740478516,4.692686080932617,0,2,0,1,1,-0.11290450637254834,-0.9713381216509871,-0.8264857269747137,0,0,0,0,104,False,False,
116,2,1442.0527890412448,869.793421884984,0.5636946350202119,60.56488037109375,4.542712688446045,0,2,0,1,1,0.16295654915375304,-0.9486826073305776,-0.7081477661096591,0,0,0,0,104,False,False,
116,3,1460.0311376100838,873.6526994098115,2.4741884455562184,49.09362030029297,1.1510069370269775,0,1,0,0,0,-0.5461029629867848,-0.9930171354458752,-0.7880404804400168,0,0,0,0,104,False,False,
116,4,1489.7508581684529,870.036997489921,0.0,27.211271286010742,0.8480771780014038,0,1,0,0,0,0.05240569283795367,-0.9151693900182609,-0.9859911825338864,1,0,0,0,104,False,False,
116,5,1438.4125789791938,869.6260693978082,0.7212476473658364,69.02828216552734,4.477839469909668,0,2,0,1,1,0.11177908893884055,-0.9581913373712616,-0.6818514197557757,0,0,0,0,104,False,False,
116,6,1443.6223452382844,876.3864470657886,0.33615963953242817,66.06297302246094,4.354654788970947,0,2,0,1,1,-0.1741271292986097,-0.9440390905772961,-0.49874203631749103,0,0,0,0,104,False,False,
116,7,1448.5117806656651,870.3215629236191,1.992735873183692,57.529659271240234,4.4245500564575195,0,2,0,1,1,0.09514964199385519,-0.9317208480361951,-0.7825216028663025,0,0,0,0,104,False,False,
117,0,1386.3102149259432,862.4954986044118,0.7914280314514981,116.74036407470703,7.532265663146973,0,3,0,2,2,1.0,-0.9691576542425135,0.3828128189146329,0,0,0,4,105,False,False,
117,1,1432.8181223113013,873.8466653135395,0.8533836956777646,69.5361557006836,4.706048488616943,0,2,0,1,1,-0.12544990934512598,-0.9735732212668112,-0.8217357463275613,0,0,0,0,105,False,False,
117,2,1441.488190830824,869.7285298450182,0.5683151555795767,61.13317108154297,4.557808876037598,0,2,0,1,1,0.16757787297014234,-0.9501473705679125,-0.6994019083908802,0,0,0,0,105,False,False,
117,3,1457.5474881944913,874.1343108490788,2.529913832130599,51.623531341552734,4.372250080108643,0,2,1,1,1,-0.15202955838226698,-0.9077703424492218,-0.7448955363585978,0,0,0,0,105,False,False,
117,4,1489.4551405592688,870.0312923070895,0.29577263817453187,27.506980895996094,0.8594330549240112,0,1,0,0,0,0.052072839056796105,-0.9159553407365935,-0.9832576517643451,0,0,0,0,105,False,False,
117,5,1437.7554666642923,869.6300520412841,0.6571243838453632,69.6854019165039,4.488205909729004,0,2,0,1,1,0.11843686122913337,-0.9599146599121968,-0.6812072872361652,0,0,0,0,105,False,False,
117,6,1443.6223452382844,876.3864470657886,0.0,66.06297302246094,4.350737571716309,0,2,0,1,1,-0.1741271292986097,-0.9440390905772961,-0.49874203631749103,1,0,0,0,105,False,False,
117,7,1446.8489230765708,870.2358513249,1.6650651157727634,59.194828033447266,4.442429065704346,0,2,0,1,1,0.09304407912859335,-0.93611703182915,-0.7693989428599884,0,0,0,0,105,False,False,
118,0,1386.045781253855,862.4573034506275,0.26717791208613917,117.00751495361328,7.52001428604126,0,3,0,2,2,1.0,-0.9689760800204915,0.388274381186265,0,0,0,5,106,False,False,
118,1,1432.2727261529897,873.8786452704336,0.5463329453217638,70.08250427246094,4.715551376342773,0,2,0,1,1,-0.1312503012512429,-0.9750009751404101,-0.818837450144263,0,0,0,0,106,False,False,
118,2,1441.083193706364,869.680891715228,0.4077892375120982,61.54086685180664,4.563506603240967,0,2,0,1,1,0.17299389857815806,-0.9511955353765866,-0.692997773822212,0,0,0,0,106,False,False,
118,3,1454.8283521861388,874.7477101771904,2.7874646845560314,54.41096496582031,4.390833854675293,0,2,0,1,1,-0.1861310596180399,-0.9149129742014113,-0.6760182656578259,0,0,0,0,106,False,False,
118,4,1488.8496553136906,870.018692268261,0.6056163336562799,28.112703323364258,0.8737005591392517,0,1,0,0,0,0.0540770025341961,-0.9175648816850975,-0.9775250370677069,0,0,0,0,106,False,False,
118,5,1437.1377012056582,869.6309582372477,0.6177661232800111,70.3031997680664,4.501875400543213,0,2,0,1,1,0.12652702671579763,-0.9615310160174626,-0.6802558246354147,0,0,0,0,106,False,False,
118,6,1443.736320641512,876.376585498547,-0.11440123709707652,66.17741394042969,4.362031936645508,0,2,0,1,1,-0.17260164228048072,-0.9437451367698,-0.49973008923578033,0,0,0,0,106,False,False,
118,7,1444.932719875215,870.1738236178362,1.917206860338728,61.111968994140625,4.463647842407227,0,2,0,1,1,0.08786826097878463,-0.9411846655252724,-0.7586840829717467,0,0,0,0,106,False,False,
119,0,1386.045781253855,862.4573034506275,0.0,117.00751495361328,7.489052772521973,0,3,0,2,2,1.0,-0.9689760800204915,0.388274381186265,1,0,0,6,107,False,False,
119,1,1432.027739655488,873.8926804680251,0.24538820413710988,70.3279037475586,4.729260444641113,0,2,0,1,1,-0.13387475453147696,-0.9756413230101529,-0.8175713536919573,0,0,0,0,107,False,False,
119,2,1440.5283106328127,869.6121220154736,0.5591283367153957,62.10004425048828,4.575509071350098,0,2,0,1,1,0.18245192736505564,-0.9526276701684617,-0.6837980532350243,0,0,0,0,107,False,False,
119,3,1451.9019405927352,875.40502036785,2.999323507184824,57.4102783203125,4.40231466293335,0,2,0,1,1,-0.20443312774951766,-0.9225397133604099,-0.6022227131423159,0,0,0,0,107,False,False,
119,4,1488.3975877776916,870.0087275093244,0.45217734742569327,28.564838409423828,0.8902584910392761,0,1,0,0,0,0.055674422087176684,-0.9187660403017583,-0.973192909628319,0,0,0,0,107,False,False,
119,5,1436.6659021791718,869.6317333544329,0.4717996632048967,70.7750015258789,4.51436710357666,0,2,0,1,1,0.13066019841319082,-0.9627635817941406,-0.6795385114807266,0,0,0,0,107,False,False,
119,6,1443.6653542603258,876.3827879386046,0.07123691122821893,66.24861145019531,4.3568644523620605,0,2,0,1,1,-0.17373503606206542,-0.9439279696247399,-0.4991079394928788,1,0,0,0,107,False,False,
119,7,1443.5616234367399,870.1399986659279,1.371513605827803,62.48347854614258,4.481415271759033,0,2,0,1,1,0.08845261098125548,-0.9448089671149115,-0.7522874951560709,0,0,0,0,107,False,False,
120,0,1385.7340876036144,862.4121194617371,0.31495162239999996,117.32241821289062,7.47489070892334,0,3,0,2,2,1.0,-0.9687422184099853,0.3947239963761864,0,0,0,7,108,False,False,
120,1,1431.9953122800232,873.8945403227492,0.03248066715944595,70.36030578613281,4.726053237915039,0,2,0,1,1,-0.13438735533416976,-0.9757258263874082,-0.8174103705878795,1,0,0,0,108,False,False,
120,2,1439.8112490514404,869.516923649156,0.7233533302817,62.82337951660156,4.588815212249756,0,2,0,1,1,0.1958292386233034,-0.9544696081375167,-0.67115852835115,0,0,0,0,108,False,False,
120,3,1449.5425161121202,875.9746962282188,2.427223612610007,59.837562561035156,4.410900115966797,0,2,0,1,1,-0.23369181641348102,-0.928616137328475,-0.5379708301988582,0,0,0,0,108,False,False,
120,4,1487.864738111172,869.9945102482226,0.5330393021374159,29.097864151000977,0.905685544013977,0,1,0,0,0,0.05966851936019187,-0.920181313819092,-0.9677825970275169,0,0,0,0,108,False,False,
120,5,1436.6167368361112,869.631797811511,0.04916538531308871,70.8241958618164,4.509437561035156,0,2,0,1,1,0.13133103586500852,-0.9628919930461499,-0.6794580413683269,1,0,0,0,108,False,False,
120,6,1443.6653542603258,876.3827879386046,0.0,66.24861145019531,4.346537113189697,0,2,0,1,1,-0.17373503606206542,-0.9439279696247399,-0.4991079394928788,2,0,0,0,108,False,False,
120,7,1442.1627600013865,870.1260088599407,1.3989333884929906,63.88247299194336,4.4979400634765625,0,2,0,1,1,0.08483399659125881,-0.9485087778919575,-0.7482109049894672,0,0,0,0,108,False,False,
121,0,1385.2616329741795,862.3426853469089,0.4775295521499027,117.80001831054688,7.46456241607666,0,3,0,2,2,1.0,-0.9683460035386668,0.4046147022411455,0,0,0,8,109,False,False,
121,1,1431.9953122800232,873.8945403227492,0.0,70.36030578613281,4.725532054901123,0,2,0,1,1,-0.13438735533416976,-0.9757258263874082,-0.8174103705878795,2,0,0,0,109,False,False,
121,2,1438.9246052297287,869.3991776199192,0.8944279702583239,63.71788024902344,4.596299648284912,0,2,0,1,1,0.2064816883995143,-0.9567369369114849,-0.655525601044562,0,0,0,0,109,False,False,
121,3,1447.39268763231,876.4864250250337,2.209893403332511,62.047420501708984,4.421741485595703,0,2,0,1,1,-0.2518974528916955,-0.9340898600697731,-0.4802986867620691,0,0,0,0,109,False,False,
121,4,1487.2240897097338,869.9733948490734,0.640996282630915,29.73883628845215,0.9227126836776733,0,1,0,0,0,0.06505226536733567,-0.9218818487024255,-0.9607973017327917,0,0,0,0,109,False,False,
121,5,1436.5248981808531,869.6319426269094,0.09183876943375402,70.9159927368164,4.501887321472168,0,2,0,1,1,0.13202479836936903,-0.9631315951438646,-0.6793263162251874,2,0,0,0,109,False,False,
121,6,1443.3515887484882,876.4100959600224,0.31495162239999996,66.56363677978516,4.358940124511719,0,2,0,1,1,-0.17610748526559772,-0.944736594175455,-0.4963779587702589,0,0,0,0,109,False,False,
121,7,1441.265292324731,870.1164447324011,0.8975186366737862,64.77998352050781,4.509308815002441,0,2,0,1,1,0.08939364679196539,-0.9508796695612981,-0.7455250327511929,0,0,0,0,109,False,False,
122,0,1384.7826371246867,862.2733436220645,0.48398894474535187,118.28401947021484,7.449243545532227,0,3,0,2,2,1.0,-0.9679002185625629,0.41452724795188556,0,0,0,9,110,False,False,
122,1,1431.689673380269,873.9124622613871,0.306163898798676,70.66649627685547,4.738155841827393,0,2,0,1,1,-0.13987000010226894,-0.9765233466933136,-0.8157781851499797,0,0,0,0,110,False,False,
122,2,1438.5592174429999,869.3516065306961,0.3684714958046164,64.08631896972656,4.608001708984375,0,2,0,1,1,0.2095227758030799,-0.9576678860741746,-0.6492021652777782,0,0,0,0,110,False,False,
122,3,1445.7098173117922,876.9054240384799,1.7342470092085807,63.781646728515625,4.432735919952393,0,2,0,1,1,-0.27732667877801304,-0.9383115042049996,-0.43295333145121884,0,0,0,0,110,False,False,
122,4,1486.5363596211369,869.9512778720139,0.6880856308890309,30.42693519592285,0.9342910647392273,0,1,0,0,0,0.06609267342453791,-0.9237071370812892,-0.9533638107809483,0,0,0,0,110,False,False,
122,5,1436.202747441176,869.6327782095345,0.3221518233268957,71.2381362915039,4.5138983726501465,0,2,0,1,1,0.13448974048963894,-0.9639719660950756,-0.6788653353965699,0,0,0,0,110,False,False,
122,6,1442.729597045033,876.465444275213,0.6244494496447341,67.18804168701172,4.372717380523682,0,2,0,1,1,-0.18277296355610387,-0.9463355276643276,-0.4908010798260085,0,0,0,0,110,False,False,
122,7,1440.2058374273288,870.1073001599015,1.0594943618706945,65.83946990966797,4.52373743057251,0,2,0,1,1,0.0934611960337002,-0.9536763132689902,-0.7426121290270646,0,0,0,0,110,False,False,
123,0,1384.244940520599,862.1960334965358,0.5432260059650588,118.82714080810547,7.434677600860596,0,3,0,2,2,1.0,-0.9673479311774963,0.4255744365405547,0,0,0,10,111,False,False,
123,1,1431.689673380269,873.9124622613871,0.0,70.66649627685547,4.738227844238281,0,2,0,1,1,-0.13987000010226894,-0.9765233466933136,-0.8157781851499797,1,0,0,0,111,False,False,
123,2,1438.5592174429999,869.3516065306961,0.0,64.08631896972656,4.60400390625,0,2,0,1,1,0.2095227758030799,-0.9576678860741746,-0.6492021652777782,1,0,0,0,111,False,False,
123,3,1443.7837032416633,877.4285486619054,1.9958894715848674,65.77757263183594,4.448724746704102,0,2,0,1,1,-0.31705723969006766,-0.943039836762947,-0.3735391744515426,0,0,0,0,111,False,False,
123,4,1485.5461585221979,869.9269705289341,0.9904994009425139,31.417469024658203,0.9528396129608154,0,1,0,0,0,0.06344492079594552,-0.9263358953137155,-0.9435556189406578,0,0,0,0,111,False,False,
123,5,1435.5712282028258,869.6324137167142,0.6315193435368849,71.8696060180664,4.524472236633301,0,2,0,1,1,0.14314275309929927,-0.9656154532875327,-0.6777380391683341,0,0,0,0,111,False,False,
123,6,1442.6271433237382,876.4745350555415,0.10285624577110099,67.29086303710938,4.383779525756836,0,2,0,1,1,-0.18353689528731948,-0.9465984498262782,-0.48988620754279666,0,0,0,0,111,False,False,
123,7,1438.8915191139329,870.0860413013228,1.314490231228886,67.15396881103516,4.53444242477417,0,2,0,1,1,0.10626619212159577,-0.9571366011531769,-0.7378182257057729,0,0,0,0,111,False,False,
124,0,1383.667263584076,862.1137109373138,0.5835131932933162,119.41073608398438,7.4230780601501465,0,3,0,2,2,1.0,-0.966696119350012,0.4373681819517572,0,0,0,11,112,False,False,
124,1,1431.7094955914376,873.9113014803327,-0.019856169526685397,70.6863021850586,4.736666679382324,0,2,0,1,1,-0.13950899004896403,-0.9764717887998783,-0.8158879418095033,2,0,0,0,112,False,False,
124,2,1438.5257277564374,869.3472544350088,0.033771287255903566,64.12005615234375,4.601896286010742,0,2,0,1,1,0.2098120994097826,-0.9577529727829834,-0.6486166058524154,2,0,0,0,112,False,False,
124,3,1441.670735290843,877.9995212760439,2.1887538206224955,67.96627807617188,4.4576544761657715,0,2,0,1,1,-0.3503768896965527,-0.948096327217212,-0.3087017034965365,0,0,0,0,112,False,False,
124,4,1484.3201760971372,869.8933843488053,1.2264423908415272,32.64387893676758,0.9651928544044495,0,1,0,0,0,0.06828173874315616,-0.9295883692664896,-0.9310057403347534,0,0,0,0,112,False,False,
124,5,1434.6361884395449,869.6279378862619,0.935050475629257,72.80467224121094,4.536823272705078,0,2,0,1,1,0.15709963063372356,-0.9680388405270192,-0.6756082825842781,0,0,0,0,112,False,False,
124,6,1442.6271433237382,876.4745350555415,0.0,67.29086303710938,4.381433010101318,0,2,0,1,1,-0.18353689528731948,-0.9465984498262782,-0.48988620754279666,1,0,0,0,112,False,False,
124,7,1437.8235856877611,870.0625680075977,1.0681913678051587,68.22209930419922,4.546069145202637,0,2,0,1,1,0.11774141900542329,-0.9599395590276611,-0.733170912344121,0,0,0,0,112,False,False,
125,0,1382.924376942859,862.0088626136253,0.7502491137476128,120.16101837158203,7.411783695220947,0,3,0,2,2,1.0,-0.9657746494131132,0.45240508728906104,0,0,0,12,113,False,False,
125,1,1431.4145546153406,873.928173524286,0.29542316301915533,70.98170471191406,4.748286724090576,0,2,0,1,1,-0.1434085588330087,-0.9772402990894559,-0.8143730454910266,0,0,0,0,113,False,False,
125,2,1438.4978009288868,869.343628390645,0.02816124810382025,64.14823913574219,4.599088191986084,0,2,0,1,1,0.21010769326532253,-0.9578241080561282,-0.6481336422470891,3,0,0,0,113,False,False,
125,3,1439.8266956145617,878.4793002404267,1.905431757467039,69.87178802490234,4.470293998718262,0,2,0,1,1,-0.37940350234088605,-0.9523801252239349,-0.25433763921329444,0,0,0,0,113,False,False,
125,4,1483.2670081784156,869.8646063639288,1.053561026916676,33.69749450683594,0.9804118871688843,0,1,0,0,0,0.07106622812078488,-0.9323812259587181,-0.9202379459773691,0,0,0,0,113,False,False,
125,5,1433.6392285259699,869.6134160478795,0.9970656713906069,73.80172729492188,4.549417495727539,0,2,0,1,1,0.177936597367762,-0.9706028855006171,-0.672153899332947,0,0,0,0,113,False,False,
125,6,1442.7644511334438,876.4622930851393,-0.13785245897500004,67.42861938476562,4.39201021194458,0,2,0,1,1,-0.1825665172007171,-0.9462462343445818,-0.49112307462034976,0,0,0,0,113,False,False,
125,7,1437.056008833928,870.047840677036,0.7677181258807633,68.98981475830078,4.557939052581787,0,2,0,1,1,0.12216828617139047,-0.9619511407435287,-0.7300896645731287,0,0,0,0,113,False,False,
126,0,1382.039334277787,861.8803905029123,0.8943185127396618,121.05530548095703,7.397759914398193,0,3,0,2,2,1.0,-0.9645519270002173,0.47075135815826297,0,0,0,13,114,False,False,
126,1,1431.154414829667,873.94238255468,0.26052755062559363,71.24222564697266,4.763142108917236,0,2,0,1,1,-0.1461928666399217,-0.977917324395048,-0.8131142671022287,0,0,0,0,114,False,False,
126,2,1438.1580691779961,869.2990435896834,0.34264481178051776,64.4908676147461,4.610971927642822,0,2,0,1,1,0.21556062274703056,-0.9586870278433373,-0.6422126999732318,0,0,0,0,114,False,False,
126,3,1437.8980325583714,878.9473626211732,1.9846469652266356,71.85636901855469,4.483483791351318,0,2,0,1,1,-0.411584318207104,-0.9567110926210498,-0.2015251759108102,0,0,0,0,114,False,False,
126,4,1482.0909707108476,869.8358179496297,1.1763897729586847,34.873870849609375,1.0000284910202026,0,1,0,0,0,0.07261777531266868,-0.9354987848660821,-0.9086046834119967,0,0,0,0,114,False,False,
126,5,1433.1699170893057,869.606829876311,0.4693576485365049,74.27113342285156,4.556731224060059,0,2,0,1,1,0.18538074382395406,-0.9718041326269077,-0.6705656222760938,0,0,0,0,114,False,False,
126,6,1442.5857995565764,876.4779328957685,0.17933485325990267,67.6078872680664,4.3995490074157715,0,2,0,1,1,-0.18315350664606614,-0.9467048205533511,-0.48955695185731885,0,0,0,0,114,False,False,
126,7,1436.5685455854152,870.0373634881972,0.48757583013982464,69.47735595703125,4.564264297485352,0,2,0,1,1,0.12798065035789438,-0.9632259386998585,-0.7279964983066116,0,0,0,0,114,False,False,
127,0,1381.0619502459328,861.7315679384895,0.9886494330169274,122.04398345947266,7.385420799255371,0,3,0,2,2,1.0,-0.963053075542209,0.49184281760081183,0,0,0,14,115,False,False,
127,1,1431.154414829667,873.94238255468,0.0,71.24222564697266,4.759701728820801,0,2,0,1,1,-0.1461928666399217,-0.977917324395048,-0.8131142671022287,1,0,0,0,115,False,False,
127,2,1438.1580691779961,869.2990435896834,0.0,64.4908676147461,4.604416847229004,0,2,0,1,1,0.21556062274703056,-0.9586870278433373,-0.6422126999732318,1,0,0,0,115,False,False,
127,3,1435.709564662424,879.4424388424577,2.243767411402802,74.10014343261719,4.49473237991333,0,2,0,1,1,-0.4599099927602525,-0.9613810570657283,-0.1459240158605305,0,0,0,0,115,False,False,
127,4,1481.4456928630032,869.8189270781621,0.645498878742508,35.51935577392578,1.0155898332595825,0,1,0,0,0,0.07571357613507151,-0.9372082377936337,-0.9020951086978272,0,0,0,0,115,False,False,
127,5,1432.595264914184,869.6013039451674,0.5746787435488603,74.84586334228516,4.570483684539795,0,2,0,1,1,0.19289260236008154,-0.973270673197797,-0.6689190008144776,0,0,0,0,115,False,False,
127,6,1442.5857995565764,876.4779328957685,0.0,67.6078872680664,4.391849517822266,0,2,0,1,1,-0.18315350664606614,-0.9467048205533511,-0.48955695185731885,1,0,0,0,115,False,False,
127,7,1435.7884322052957,870.0184846449316,0.780341781890742,70.25773620605469,4.576439380645752,0,2,0,1,1,0.1374184058490136,-0.9652613688384477,-0.7244029003315198,0,0,0,0,115,False,False,
128,0,1379.9765499839118,861.5695801694217,1.0974214168325658,123.1413345336914,7.366768836975098,0,3,0,2,2,1.0,-0.9612536498062428,0.5148670462226044,0,0,0,15,116,False,False,
128,1,1430.9484406477404,873.9531394560778,0.20625487763453412,71.44844055175781,4.769493579864502,0,2,0,1,1,-0.1483311959672733,-0.9784527380983183,-0.8121774406284936,0,0,0,0,116,False,False,
128,2,1438.276099152689,869.3146632301161,-0.11905901097045966,64.60993194580078,4.610703945159912,0,2,0,1,1,0.21463326808046884,-0.9583874824228193,-0.6442765939857181,0,0,0,0,116,False,False,
128,3,1433.247504947364,879.9274020154237,2.5093679123746866,76.60948944091797,4.503220558166504,0,2,0,1,1,-0.5230861605333265,-0.9662501582800883,-0.09199914973249623,0,0,0,0,116,False,False,
128,4,1481.0799904885514,869.8081970228482,0.36585975559864137,35.88523483276367,1.0309135913848877,0,1,0,0,0,0.07894908053499168,-0.9381765531421783,-0.8982687762928588,0,0,0,0,116,False,False,
128,5,1431.715948179361,869.6020130714868,0.8793170207611384,75.72513580322266,4.585339546203613,0,2,0,1,1,0.2038391082048463,-0.9755063923002479,-0.667491721154795,0,0,0,0,116,False,False,
128,6,1442.3122796165042,876.5016630817995,0.27454740819434703,67.88247680664062,4.405038833618164,0,2,0,1,1,-0.18516605005595213,-0.9474067067942892,-0.48717840970018467,0,0,0,0,116,False,False,
128,7,1435.1301513258377,870.004647288329,0.6584262970886762,70.91620635986328,4.587168216705322,0,2,0,1,1,0.14254106620774615,-0.9669756391000738,-0.7216143465146522,0,0,0,0,116,False,False,
129,0,1378.8618435182893,861.3964376443622,1.128073064337905,124.26944732666016,10.560537338256836,0,4,1,3,3,0.3918256924419274,-0.918514839196959,0.539333390734394,0,0,0,0,117,False,False,
129,1,1430.4312693090744,873.9762917157666,0.517689309013038,71.96617126464844,4.784575939178467,0,2,0,1,1,-0.15332781128277903,-0.9797959994605552,-0.8102818334905002,0,0,0,0,117,False,False,
129,2,1438.4619896759864,869.3396841333972,-0.18756687408153744,64.79752349853516,4.615604877471924,0,2,0,1,1,0.21353025443692988,-0.9579154454332921,-0.6475992806800951,0,0,0,0,117,False,False,
129,3,1430.5258681488326,880.4292034129699,2.76750998294483,79.37703704833984,4.507119655609131,0,2,0,1,1,-0.632682777521312,-0.9708477036773001,-0.03650067126080969,0,0,0,0,117,False,False,
129,4,1480.405846731724,869.7885199285686,0.674430865922086,36.55959701538086,1.0429996252059937,0,1,0,0,0,0.08120881186940589,-0.9399606468428885,-0.8912168859055584,0,0,0,0,117,False,False,
129,5,1430.6807678426214,869.6028157925605,1.035180647970854,76.76029205322266,4.591180801391602,0,2,0,1,1,0.22913117599257476,-0.9781092836114318,-0.6658231455026555,0,0,0,0,117,False,False,
129,6,1441.7296906588401,876.5521423498919,0.5847717931802755,68.46717834472656,4.420623302459717,0,2,0,1,1,-0.19066378277509305,-0.9488985161669732,-0.48212837415612153,0,0,0,0,117,False,False,
129,7,1434.9761384177184,870.0014091563414,0.1540469453320908,71.0701675415039,4.595495700836182,0,2,0,1,1,0.14432288575321636,-0.9673758360331226,-0.720963096034833,0,0,0,0,117,False,False,
130,0,1377.7413776811293,861.2272322121205,1.1331699654256062,125.40263366699219,10.549948692321777,0,4,0,3,3,0.4031142900889639,-0.920970480027302,0.5633460153087029,0,0,0,0,118,False,False,
130,1,1429.6085098268982,874.0093137148197,0.8234218954657377,72.78958892822266,4.792642116546631,0,2,0,1,1,-0.16848493646827037,-0.9819234918525915,-0.8077347757693886,0,0,0,0,118,False,False,
130,2,1438.4937597214553,869.3439703626022,-0.03205787812516289,64.82955932617188,4.612065315246582,0,2,0,1,1,0.21329972739978556,-0.9578348290265148,-0.6481702325646279,1,0,0,0,118,False,False,
130,3,1428.1876529433976,880.8626603955826,2.3780528385011555,81.75513458251953,7.725861549377441,0,3,1,2,2,-0.2230672404165211,-0.889967153458515,0.011459515729434377,0,0,0,0,118,False,False,
130,4,1479.6201274637513,869.766519577608,0.786027215499733,37.345672607421875,1.0599145889282227,0,1,0,0,0,0.08335421483786074,-0.9420395347972212,-0.8831160182919571,0,0,0,0,118,False,False,
130,5,1429.5034023767869,869.5948328392038,1.1773925291440812,77.93769073486328,4.605379581451416,0,2,0,1,1,0.27177047493749584,-0.9810058535814553,-0.6628516972704652,0,0,0,0,118,False,False,
130,6,1441.1588356939726,876.6038649290239,0.5731933496700561,69.04044342041016,4.4316935539245605,0,2,0,1,1,-0.1990227911577828,-0.950355263687325,-0.4768952726796222,0,0,0,0,118,False,False,
130,7,1434.509820943785,869.9931185204214,0.46639116751885623,71.53667449951172,4.607455730438232,0,2,0,1,1,0.14784462257265052,-0.9685877037891698,-0.7191699417859483,0,0,0,0,118,False,False,
131,0,1376.571431364019,861.0636665247644,1.1813247305463366,126.58393859863281,10.546060562133789,0,4,0,3,3,0.41141003198521464,-0.923508153495795,0.5868384856502493,0,0,0,0,119,False,False,
131,1,1428.5735004862536,874.0462222762131,1.0356672135033598,73.82527923583984,4.807858467102051,0,2,0,1,1,-0.1949717207234206,-0.9845760370070706,-0.8050854938486531,0,0,0,0,119,False,False,
131,2,1438.2128510787795,869.306310046714,0.28342188504550697,65.11295318603516,4.62416934967041,0,2,0,1,1,0.21657674522847276,-0.9585479953526005,-0.6431787701148124,0,0,0,0,119,False,False,
131,3,1426.222796297205,881.255894293376,2.0038199865410915,83.75894165039062,7.736696243286133,0,3,0,2,2,-0.24367081748189448,-0.8949420666288646,0.055240745422522775,0,0,0,0,119,False,False,
131,4,1478.5342065748234,869.7319931972842,1.0864696258746656,38.432159423828125,1.0767332315444946,0,1,0,0,0,0.09026519230057362,-0.9449091976185193,-0.8714243112701723,0,0,0,0,119,False,False,
131,5,1428.0339132819606,869.5914092876963,1.4694930828413366,79.40718078613281,4.613131046295166,0,2,0,1,1,0.33502752646592676,-0.9844965305280433,-0.6599241574193215,0,0,0,0,119,False,False,
131,6,1440.7709355922773,876.6385804116364,0.3894504507999889,69.4298095703125,4.4336347579956055,0,2,0,1,1,-0.20248679068834766,-0.9513425468558733,-0.47339695246105906,0,0,0,0,119,False,False,
131,7,1433.9353696621602,869.9866715829601,0.5744874567498396,72.11105346679688,4.623515605926514,0,2,0,1,1,0.1509620934967807,-0.9700785952771841,-0.7174133778546021,0,0,0,0,119,False,False,
132,0,1375.3268643793651,860.8974337589294,1.2556194932093252,127.83949279785156,2.5414342880249023,0,4,0,3,3,0.42475549456139877,-0.9261664104681391,0.6109023366691124,0,0,0,0,120,True,True,collision
132,1,1427.5081220117847,874.0890979427717,1.0662408811541648,74.89144897460938,4.820003986358643,0,2,0,1,1,-0.24135453142517538,-0.9872531798885316,-0.8017628071542761,0,0,0,0,120,False,False,
132,2,1438.2128510787795,869.306310046714,0.0,65.11295318603516,4.614607810974121,0,2,0,1,1,0.21657674522847276,-0.9585479953526005,-0.6431787701148124,1,0,0,0,120,False,False,
132,3,1424.4422070776734,881.6036432783269,1.8142291269975117,85.5730972290039,7.738658905029297,0,3,0,2,2,-0.2520137914237504,-0.8994222579093377,0.09387680474594706,0,0,0,0,120,False,False,
132,4,1477.925358576348,869.7121166547258,0.6091723583616351,39.0412483215332,1.0923937559127808,0,1,0,0,0,0.09355588094439453,-0.9465164340025277,-0.8648051514135926,0,0,0,0,120,False,False,
132,5,1426.6323661672152,869.5824007476862,1.4015760659502077,80.80882263183594,4.618987560272217,0,2,0,1,1,0.4348982881612212,-0.9875760278154245,-0.6564404447415884,0,0,0,0,120,False,False,
132,6,1440.0761312292277,876.7008356892562,0.6975878600608314,70.12741088867188,4.440445423126221,0,2,0,1,1,-0.21045164766698513,-0.9531058941106754,-0.4671320612023373,0,0,0,0,120,False,False,
132,7,1433.3252107489532,869.9832062501029,0.6101687536230256,72.7212905883789,4.637480735778809,0,2,0,1,1,0.1558246080295539,-0.9716599865686607,-0.7159570260441876,0,0,0,0,120,False,False,
132,0,1375.3268643793651,860.8974337589294,1.2556194932093252,127.83949279785156,2.5414342880249023,0,4,0,3,3,0.42475549456139877,-0.9261664104681391,0.6109023366691124,0,0,0,0,120,True,True,collision
133,1,1426.602974741921,874.1334861911212,0.9062350118670736,75.79768371582031,4.833023548126221,0,2,0,1,1,-0.3021707404797528,-0.9894506195997073,-0.7979935470688125,0,0,0,0,121,False,False,
133,2,1437.9005755888227,869.2653400232268,0.31495162239999996,65.42789459228516,4.623497009277344,0,2,0,1,1,0.2191371797509608,-0.9593394914163615,-0.6377261267330804,0,0,0,0,121,False,False,
133,3,1422.3832962374395,881.9695220854023,2.0911674130733706,87.66431427001953,7.750706195831299,0,3,0,2,2,-0.2549517175781956,-0.904581080979274,0.1312541571460375,0,0,0,0,121,False,False,
133,4,1477.064590252747,869.6827458537374,0.861269267340706,39.902587890625,1.1102019548416138,0,1,0,0,0,0.09871619394553541,-0.9487869652199966,-0.8553046469817619,0,0,0,0,121,False,False,
133,5,1424.9438066021437,869.5860388142061,1.6885634842440522,82.49730682373047,4.61743688583374,0,2,0,1,1,0.62410969969492,-0.9906592058244942,-0.6539885504322631,0,0,0,0,121,False,False,
133,6,1439.5098968856091,876.7493404292588,0.5683080517606378,70.69577026367188,4.449926853179932,0,2,0,1,1,-0.21477419470187822,-0.9545387541549816,-0.4622869886088624,0,0,0,0,121,False,False,
133,7,1432.8267619929222,869.9799894377159,0.49845913600882213,73.21971130371094,4.648696422576904,0,2,0,1,1,0.16392190356468872,-0.9729473077301298,-0.7147128694893123,0,0,0,0,121,False,False,
132,0,1375.3268643793651,860.8974337589294,1.2556194932093252,127.83949279785156,2.5414342880249023,0,4,0,3,3,0.42475549456139877,-0.9261664104681391,0.6109023366691124,0,0,0,0,120,True,True,collision
134,1,1425.4011024671438,874.2082318187719,1.2041942840466493,77.00191497802734,4.842544078826904,0,2,0,1,1,-0.43320242916144847,-0.9921419180755541,-0.791091855647081,0,0,0,0,122,False,False,
134,2,1437.344232239616,869.1918290225532,0.5611789281740496,65.98912048339844,4.632203578948975,0,2,0,1,1,0.22793221552133597,-0.9607446071657266,-0.627962943841981,0,0,0,0,122,False,False,
134,3,1420.2054513756511,882.2975272005818,2.202406773873074,89.86672973632812,7.762051105499268,0,3,0,2,2,-0.2533424763452268,-0.9100224081129982,0.15952669509505646,0,0,0,0,122,False,False,
134,4,1476.1429105252055,869.656306500329,0.9220588699045505,40.8245964050293,1.1231348514556885,0,1,0,0,0,0.1000421467007344,-0.9512168111185206,-0.8457237867822738,0,0,0,0,122,False,False,
134,5,1423.3563553283395,869.5886519972945,1.5874534246485676,84.08483123779297,4.608920097351074,0,2,0,1,1,0.9214217573412081,-0.9921783970879006,-0.6515734179575903,0,0,0,1,122,False,False,
134,6,1439.2862112061655,876.7679264263168,0.2244565046390884,70.92017364501953,4.4639410972595215,0,2,0,1,1,-0.21593773501927874,-0.9551034811970583,-0.4604352898519155,0,0,0,0,122,False,False,
134,7,1432.7839818787043,869.9797243588997,0.04278093546527801,73.26255798339844,4.638003826141357,0,2,0,1,1,0.16444363411497862,-0.9730578069012864,-0.7146102164969048,1,0,0,0,122,False,False,
132,0,1375.3268643793651,860.8974337589294,1.2556194932093252,127.83949279785156,2.5414342880249023,0,4,0,3,3,0.42475549456139877,-0.9261664104681391,0.6109023366691124,0,0,0,0,120,True,True,collision
135,1,1424.0922694836177,874.299072334807,1.3119816226302912,78.31390380859375,8.060999870300293,0,3,1,2,2,-0.049317357963765414,-0.902417313842574,-0.78244111846081,0,0,0,0,123,False,False,
135,2,1437.2969525897104,869.1855880278189,0.04768978203441373,66.03677368164062,4.6245856285095215,0,2,0,1,1,0.22857408455830006,-0.9608636053300773,-0.6271358883208623,1,0,0,0,123,False,False,
135,3,1418.2678162121388,882.5333788290762,1.9519364788698421,91.81864929199219,7.774738311767578,0,3,0,2,2,-0.24934684315185224,-0.9148553098662463,0.17797061637418987,0,0,0,0,123,False,False,
135,4,1475.3977133705205,869.6408888747761,0.7453566277482347,41.56999588012695,1.140609622001648,0,1,0,0,0,0.09897173033616204,-0.953181531439194,-0.8386938005596718,0,0,0,0,123,False,False,
135,5,1421.9990469462314,869.6032626392589,1.3573870173976903,85.44220733642578,4.595339775085449,0,2,0,1,1,1.0,-0.9918272038580409,-0.6479284506070162,0,0,0,2,123,False,False,
135,6,1439.049243981799,876.7872664349535,0.2377551289835644,71.15802001953125,4.4733500480651855,0,2,0,1,1,-0.21802525137931197,-0.9557014158724766,-0.45852521810402014,0,0,0,0,123,False,False,
135,7,1432.6402838381669,869.9788744262685,0.14370055406918295,73.40623474121094,4.6456708908081055,0,2,0,1,1,0.16660702571973615,-0.9734280848256309,-0.714258978034718,0,0,0,0,123,False,False,
132,0,1375.3268643793651,860.8974337589294,1.2556194932093252,127.83949279785156,2.5414342880249023,0,4,0,3,3,0.42475549456139877,-0.9261664104681391,0.6109023366691124,0,0,0,0,120,True,True,collision
136,1,1423.255953588789,874.3572199154864,0.8383349074694171,79.15222930908203,8.079538345336914,0,3,0,2,2,-0.050552209778134564,-0.9046459573577483,-0.7769006583169848,0,0,0,0,124,False,False,
136,2,1436.938294707103,869.1376566218214,0.36184650949992825,66.39861297607422,4.634527206420898,0,2,0,1,1,0.23527086920366286,-0.9617648697472865,-0.6207685727592176,0,0,0,0,124,False,False,
136,3,1416.1938473277912,882.7226732278447,2.0825895665365386,93.9012451171875,7.783506870269775,0,3,0,2,2,-0.24581998436240912,-0.9200257096700253,0.1901439863298573,0,0,0,0,124,False,False,
136,4,1474.351149225908,869.6297611037547,1.0466233018981963,42.61656188964844,1.155014991760254,0,1,0,0,0,0.09841359149424862,-0.9559410774955799,-0.8300806970867132,0,0,0,0,124,False,False,
136,5,1420.3543315789382,869.6507782320939,1.6454015834965459,87.0875473022461,7.809769153594971,0,3,1,2,2,0.06540145233782116,-0.9116240132405072,-0.6452920038836047,0,0,0,0,124,False,False,
136,6,1438.5457150990703,876.8280266062264,0.5051759369805738,71.66320037841797,4.487298011779785,0,2,0,1,1,-0.22428295956983801,-0.9569683133284976,-0.454507201031664,0,0,0,0,124,False,False,
136,7,1432.1840618117124,869.977712660414,0.4562235056660837,73.86241149902344,4.65806770324707,0,2,0,1,1,0.17225281179580382,-0.974602292566288,-0.7133441057515062,0,0,0,0,124,False,False,
132,0,1375.3268643793651,860.8974337589294,1.2556194932093252,127.83949279785156,2.5414342880249023,0,4,0,3,3,0.42475549456139877,-0.9261664104681391,0.6109023366691124,0,0,0,0,120,True,True,collision
137,1,1422.7457414683797,874.3908900822216,0.5113219024650228,79.66358947753906,8.096092224121094,0,3,0,2,2,-0.04901100912068033,-0.9060056138435522,-0.7747758471430337,0,0,0,0,125,False,False,
137,2,1436.938294707103,869.1376566218214,0.0,66.39861297607422,4.627804279327393,0,2,0,1,1,0.23527086920366286,-0.9617648697472865,-0.6207685727592176,1,0,0,0,125,False,False,
137,3,1413.8446762251763,882.8487026713193,2.352549317226705,96.25374603271484,7.797000885009766,0,3,0,2,2,-0.24041233784252983,-0.9258904594314032,0.19335204242006987,0,0,0,0,125,False,False,
137,4,1473.3027504987208,869.6172535813531,1.0484733326529925,43.66510009765625,1.169053316116333,0,1,0,0,0,0.1059314558361387,-0.9587009876775601,-0.821284084595442,0,0,0,0,125,False,False,
137,5,1419.249699742523,869.6932626487697,1.1054485151656592,88.19297790527344,7.827789783477783,0,3,0,2,2,0.06135925952162451,-0.914558601674212,-0.6447862570883736,0,0,0,0,125,False,False,
137,6,1437.7575637768502,876.8887453496218,0.7904867313982703,72.45362091064453,4.499754428863525,0,2,0,1,1,-0.23296902791746435,-0.9589431353309799,-0.4485716226307912,0,0,0,0,125,False,False,
137,7,1432.1257938507295,869.9775557095239,0.0582681723645022,73.92063903808594,4.651709079742432,0,2,0,1,1,0.17339518671299048,-0.9747518584155791,-0.71321972725806,1,0,0,0,125,False,False,
132,0,1375.3268643793651,860.8974337589294,1.2556194932093252,127.83949279785156,2.5414342880249023,0,4,0,3,3,0.42475549456139877,-0.9261664104681391,0.6109023366691124,0,0,0,0,120,True,True,collision
138,1,1421.930079378911,874.4406053367455,0.817175777130607,80.48078155517578,8.113131523132324,0,3,0,2,2,-0.04690112822557669,-0.9081790055216324,-0.7729448733706303,0,0,0,0,126,False,False,
138,2,1437.074925742079,869.1559667481703,-0.13785245897500004,66.53643035888672,4.636015892028809,0,2,0,1,1,0.23330963820468278,-0.9614219907883643,-0.6231983127747204,0,0,0,0,126,False,False,
138,3,1411.4605911300473,882.9112154126003,2.384904522960713,98.63871765136719,7.809134006500244,0,3,0,2,2,-0.24336342722596985,-0.9318293199661645,0.18877425066174158,0,0,0,0,126,False,False,
138,4,1472.5242237142313,869.6117171052664,0.778546470504446,44.44368362426758,1.179163932800293,0,1,0,0,0,0.10828233614150551,-0.9607487395597607,-0.8151999437881247,0,0,0,0,126,False,False,
138,5,1418.179595720867,869.7444606084914,1.0713280768485571,89.26438903808594,7.847228050231934,0,3,0,2,2,0.05731029193821623,-0.9174045262904089,-0.6455046279319279,0,0,0,0,126,False,False,
138,6,1437.3792640477736,876.9184614502681,0.3794650598631921,72.83308410644531,4.503523349761963,0,2,0,1,1,-0.23969538961455075,-0.9598858305738563,-0.44565869032047745,0,0,0,0,126,False,False,
138,7,1432.1257938507295,869.9775557095239,0.0,73.92063903808594,4.650232315063477,0,2,0,1,1,0.17339518671299048,-0.9747518584155791,-0.71321972725806,2,0,0,0,126,False,False,
132,0,1375.3268643793651,860.8974337589294,1.2556194932093252,127.83949279785156,2.5414342880249023,0,4,0,3,3,0.42475549456139877,-0.9261664104681391,0.6109023366691124,0,0,0,0,120,True,True,collision
139,1,1420.8147911311048,874.5020849952058,1.1169814788521026,81.59770965576172,8.133420944213867,0,3,0,2,2,-0.04465136998078252,-0.9111503935600377,-0.7712308885627015,0,0,0,0,127,False,False,
139,2,1437.115748467236,869.1614522760659,-0.04118963347195709,66.57756805419922,4.6288042068481445,0,2,0,1,1,0.23288838176332927,-0.9613195773972978,-0.6239229439929161,1,0,0,0,127,False,False,
139,3,1408.8236519952907,882.9486426383685,2.6372047318399776,101.27594757080078,7.822590351104736,0,3,0,2,2,-0.26198913984645616,-0.9383327951151906,0.17991116099591076,0,0,0,0,127,False,False,
139,4,1471.4450941569955,869.616707057496,1.0791410940758785,45.522796630859375,1.1970040798187256,0,1,0,0,0,0.10874462811604783,-0.9635875493037842,-0.8082950221274228,0,0,0,0,127,False,False,
139,5,1416.9614493062106,869.800189414991,1.2194205129543312,90.48380279541016,7.861091136932373,0,3,0,2,2,0.06104068440514159,-0.9206419456534907,-0.6460170638945841,0,0,0,0,127,False,False,
139,6,1436.6936797757207,876.9734551083934,0.6877863741891728,73.52083587646484,4.509572505950928,0,2,0,1,1,-0.2519693123064851,-0.9615842742659337,-0.4402354907098899,0,0,0,0,127,False,False,
139,7,1432.0497756946786,869.9773665903929,0.0760183912971842,73.99668884277344,4.6429924964904785,0,2,0,1,1,0.17464908377453411,-0.9749471388585321,-0.7130660479243971,3,0,0,0,127,False,False,
132,0,1375.3268643793651,860.8974337589294,1.2556194932093252,127.83949279785156,2.5414342880249023,0,4,0,3,3,0.42475549456139877,-0.9261664104681391,0.6109023366691124,0,0,0,0,120,True,True,collision
140,1,1420.2283342358342,874.5308582062218,0.5871623180029234,82.18484497070312,8.147058486938477,0,3,0,2,2,-0.041534951850578886,-0.9127128027300733,-0.7707477105609833,0,0,0,0,128,False,False,
140,2,1436.991854850134,869.1449923582358,0.12498222775118453,66.70255279541016,4.640185356140137,0,2,0,1,1,0.23390695295712033,-0.9616308497132159,-0.6217419609643058,0,0,0,0,128,False,False,
140,3,1406.749116155916,882.9360692702376,2.0745739414241227,103.35044860839844,7.832100868225098,0,3,0,2,2,-0.2728338681290116,-0.9434073633106526,0.1679065638798909,0,0,0,0,128,False,False,
140,4,1470.0719552881426,869.6437788516638,1.3734057066993577,46.89623260498047,1.213061809539795,0,1,0,0,0,0.11016361029071094,-0.9672008195847017,-0.801976245908888,0,0,0,0,128,False,False,
140,5,1416.274261683148,869.8278140183477,0.6877426466353658,91.17149353027344,7.879787445068359,0,3,0,2,2,0.0660909435167099,-0.9224661465390517,-0.6458489199510193,0,0,0,0,128,False,False,
140,6,1435.7063132114795,877.0483909546806,0.9902060963457578,74.51110076904297,4.522007465362549,0,2,0,1,1,-0.2670630619129573,-0.9640110653583785,-0.4329460133877111,0,0,0,0,128,False,False,
140,7,1431.6600779825992,869.977394618555,0.3896977130873873,74.38645935058594,4.655954837799072,0,2,0,1,1,0.18040224961596385,-0.9759467824060937,-0.7124072792777711,0,0,0,0,128,False,False,
132,0,1375.3268643793651,860.8974337589294,1.2556194932093252,127.83949279785156,2.5414342880249023,0,4,0,3,3,0.42475549456139877,-0.9261664104681391,0.6109023366691124,0,0,0,0,120,True,True,collision
141,1,1420.0075938270331,874.5414480669798,0.22099428324844894,82.40592193603516,8.15843391418457,0,3,0,2,2,-0.04112046891374727,-0.9133011275829994,-0.7706008633256733,0,0,0,0,129,False,False,
141,2,1436.5576325160241,869.0889242659082,0.4378272106859414,67.14036560058594,4.652276992797852,0,2,0,1,1,0.23866541076171252,-0.9627196190317047,-0.6142768501179409,0,0,0,0,129,False,False,
141,3,1404.4098425177356,882.8559431579185,2.340645498182304,105.69117736816406,7.845875263214111,0,3,0,2,2,-0.2853343160036385,-0.9490974631251169,0.14646738207598142,0,0,0,0,129,False,False,
141,4,1468.687385365837,869.6702018044515,1.3848220254557668,48.281005859375,1.224733829498291,0,1,0,0,0,0.12449325327334293,-0.970831019336668,-0.7955105081103011,0,0,0,0,129,False,False,
141,5,1416.1092271178668,869.8342048135113,0.16515825743934973,91.33665466308594,7.89359188079834,0,3,0,2,2,0.0674106620720339,-0.9229041344700485,-0.6457824856557379,0,0,0,0,129,False,False,
141,6,1435.2319924079786,877.0837957764943,0.4756403326479538,74.98678588867188,4.533079147338867,0,2,0,1,1,-0.27568704786612114,-0.9651664087006205,-0.42951332705123324,0,0,0,0,129,False,False,
141,7,1430.9622488362397,869.9759888651237,0.6978305622796203,75.08421325683594,4.664992809295654,0,2,0,1,1,0.1967074331762673,-0.9777260025477177,-0.7110460622929574,0,0,0,0,129,False,False,
132,0,1375.3268643793651,860.8974337589294,1.2556194932093252,127.83949279785156,2.5414342880249023,0,4,0,3,3,0.42475549456139877,-0.9261664104681391,0.6109023366691124,0,0,0,0,120,True,True,collision
142,1,1420.0075938270331,874.5414480669798,0.0,82.40592193603516,8.155933380126953,0,3,0,2,2,-0.04112046891374727,-0.9133011275829994,-0.7706008633256733,1,0,0,0,130,False,False,
142,2,1436.441363928763,869.0740269065187,0.11721909273019304,67.25753021240234,4.664930820465088,0,2,0,1,1,0.24000700208802325,-0.9630102828710483,-0.6122934262178544,0,0,0,0,130,False,False,
142,3,1402.2464928051252,882.7337959532457,2.1667953107437548,107.85795593261719,7.858850955963135,0,3,0,2,2,-0.30450229281756425,-0.9542965856893482,0.12088251729492816,0,0,0,0,130,False,False,
142,4,1467.4511797450534,869.6827625909013,1.2362694326936527,49.517276763916016,1.24104905128479,0,1,0,0,0,0.14660010236394846,-0.9740503945264057,-0.7884001661200416,0,0,0,0,130,False,False,
142,5,1415.632230553011,869.8514985505803,0.4773099582305368,91.81401824951172,7.909831523895264,0,3,0,2,2,0.07013616554429329,-0.9241695065584712,-0.6454382222228321,0,0,0,0,130,False,False,
142,6,1434.835886726736,877.1142100156067,0.39727161571585246,75.38394927978516,4.54159688949585,0,2,0,1,1,-0.285431952064563,-0.966123861859459,-0.42654916829636513,0,0,0,0,130,False,False,
142,7,1430.017311404822,869.97864478257,0.9449411638782892,76.02915954589844,4.6719512939453125,0,2,0,1,1,0.21780633920556183,-0.9801158476735733,-0.7097433612300201,0,0,0,0,130,False,False,
132,0,1375.3268643793651,860.8974337589294,1.2556194932093252,127.83949279785156,2.5414342880249023,0,4,0,3,3,0.42475549456139877,-0.9261664104681391,0.6109023366691124,0,0,0,0,120,True,True,collision
143,1,1419.749012191397,874.5538425033625,0.2588785127071967,82.66476440429688,8.167624473571777,0,3,0,2,2,-0.041423373407498174,-0.9139899233325472,-0.7704253727324151,0,0,0,0,131,False,False,
143,2,1436.2737204414045,869.0529014163369,0.16896930250524733,67.42658233642578,4.674988746643066,0,2,0,1,1,0.24155527732057053,-0.9634294105106912,-0.6094756287331414,0,0,0,0,131,False,False,
143,3,1400.635915036485,882.6075846098805,1.6155154137402183,109.4734878540039,7.866134166717529,0,3,0,2,2,-0.31950064031431963,-0.9581204441666795,0.09761233313242967,0,0,0,0,131,False,False,
143,4,1466.7469482420386,869.6911102450549,0.7042809760091667,50.22154998779297,1.2511996030807495,0,1,0,0,0,0.1567526796515968,-0.9758758591649527,-0.7844999241322634,0,0,0,0,131,False,False,
143,5,1414.8490002186438,869.881595160273,0.7838083710880239,92.5978012084961,7.926229953765869,0,3,0,2,2,0.07070094301846963,-0.926247065476432,-0.6450793512490962,0,0,0,0,131,False,False,
143,6,1434.712216859467,877.1236628313229,0.12403060829998074,75.50808715820312,4.546848297119141,0,2,0,1,1,-0.2879308829701611,-0.9664219271628354,-0.42562697794964555,0,0,0,0,131,False,False,
143,7,1429.2141078201494,869.9784291206381,0.8032036136255065,76.83238220214844,4.679484844207764,0,2,0,1,1,0.2455731361236038,-0.9821167498149062,-0.7083453252381829,0,0,0,0,131,False,False,
132,0,1375.3268643793651,860.8974337589294,1.2556194932093252,127.83949279785156,2.5414342880249023,0,4,0,3,3,0.42475549456139877,-0.9261664104681391,0.6109023366691124,0,0,0,0,120,True,True,collision
144,1,1419.749012191397,874.5538425033625,0.0,82.66476440429688,8.166666030883789,0,3,0,2,2,-0.041423373407498174,-0.9139899233325472,-0.7704253727324151,1,0,0,0,132,False,False,
144,2,1436.2737204414045,869.0529014163369,0.0,67.42658233642578,4.664229869842529,0,2,0,1,1,0.24155527732057053,-0.9634294105106912,-0.6094756287331414,1,0,0,0,132,False,False,
144,3,1398.8853790127964,882.4375973049747,1.758770040130393,111.23220825195312,7.873487949371338,0,3,0,2,2,-0.34439464351103133,-0.9622103833351848,0.06838741782472169,0,0,0,0,132,False,False,
144,4,1465.7406760751946,869.7052836684215,1.0063719787906007,51.227874755859375,1.265773057937622,0,1,0,0,0,0.17450561215774263,-0.9784701363767343,-0.7791927415558408,0,0,0,0,132,False,False,
144,5,1413.9644348454235,869.916727072951,0.8852627580491133,93.48302459716797,7.9427642822265625,0,3,0,2,2,0.07218563236459469,-0.928592984201358,-0.6448088115887939,0,0,0,0,132,False,False,
144,6,1434.712216859467,877.1236628313229,0.0,75.50808715820312,4.540421009063721,0,2,0,1,1,-0.2879308829701611,-0.9664219271628354,-0.42562697794964555,1,0,0,0,132,False,False,
144,7,1428.9353468907063,869.9786524595168,0.278761018910794,77.11119079589844,4.6872382164001465,0,2,0,1,1,0.25522505085993463,-0.9828036000831847,-0.7078843444095655,0,0,0,0,132,False,False,
132,0,1375.3268643793651,860.8974337589294,1.2556194932093252,127.83949279785156,2.5414342880249023,0,4,0,3,3,0.42475549456139877,-0.9261664104681391,0.6109023366691124,0,0,0,0,120,True,True,collision
145,1,1419.4344183229762,874.5688499150128,0.31495162239999996,82.97969818115234,8.181262016296387,0,3,0,2,2,-0.04168525161718814,-0.9148279619305763,-0.7702127343909994,0,0,0,0,133,False,False,
145,2,1436.3397346235613,869.0612518479915,-0.06654022809287582,67.49314880371094,4.6516218185424805,0,2,0,1,1,0.24071501194368164,-0.9632645034330252,-0.6105880601448771,2,0,0,0,133,False,False,
145,3,1396.8575564288071,882.2433287666846,2.0371069429723137,113.26932525634766,7.880049705505371,0,3,0,2,2,-0.39894989354697197,-0.9667450092666325,0.03485525041898763,0,0,0,0,133,False,False,
145,4,1464.714976138616,869.7284203758447,1.025960850679868,52.25389099121094,1.279918909072876,0,1,0,0,0,0.19331075235530887,-0.9810965565868648,-0.7748240863311953,0,0,0,0,133,False,False,
145,5,1412.7814018414438,869.9552579012386,1.183660303141919,94.66675567626953,7.958828926086426,0,3,0,2,2,0.08026910380052893,-0.9317256418149985,-0.6434390759206781,0,0,0,0,133,False,False,
145,6,1434.3980887111154,877.1464231227467,0.31495162239999996,75.822998046875,4.551375389099121,0,2,0,1,1,-0.2924712514764855,-0.9671766718227719,-0.42343138738020525,0,0,0,0,133,False,False,
145,7,1428.9353468907063,869.9786524595168,0.0,77.11119079589844,4.683516502380371,0,2,0,1,1,0.25522505085993463,-0.9828036000831847,-0.7078843444095655,1,0,0,0,133,False,False,
132,0,1375.3268643793651,860.8974337589294,1.2556194932093252,127.83949279785156,2.5414342880249023,0,4,0,3,3,0.42475549456139877,-0.9261664104681391,0.6109023366691124,0,0,0,0,120,True,True,collision
146,1,1419.0706115697758,874.5852179467208,0.3641747741623247,83.34395599365234,8.196985244750977,0,3,0,2,2,-0.04042216131875749,-0.9157973867248554,-0.7700957454265247,0,0,0,0,134,False,False,
146,2,1436.2327475101133,869.0477738362902,0.1078327373452157,67.6009292602539,4.659971714019775,0,2,0,1,1,0.24224191021990768,-0.9635314997881622,-0.6087875878324844,0,0,0,0,134,False,False,
146,3,1394.9047322745603,882.0841875795177,1.959297857617083,115.22856140136719,7.889894962310791,0,3,0,2,2,-0.47614020878675944,-0.9707656692454473,0.005900874771582076,0,0,0,0,134,False,False,
146,4,1464.217430070734,869.7426847814595,0.49775050269433474,52.75165557861328,1.2947616577148438,0,1,0,0,0,0.20346672820253103,-0.9823613222466905,-0.7730720676033559,0,0,0,0,134,False,False,
146,5,1411.70785318823,869.9921005878505,1.074180661887846,95.74087524414062,7.972147464752197,0,3,0,2,2,0.08261238680667621,-0.9345668907523288,-0.642420921748976,0,0,0,0,134,False,False,
146,6,1434.2977424871303,877.1535893729446,0.10060178830400622,75.92359161376953,4.5605597496032715,0,2,0,1,1,-0.2941305392023891,-0.9674170483516404,-0.42275086464635514,0,0,0,0,134,False,False,
146,7,1428.6814032574011,869.9786027500555,0.25394363817057386,77.36509704589844,4.692805290222168,0,2,0,1,1,0.2660336535434169,-0.9834246036850861,-0.7074450890819867,0,0,0,0,134,False,False,
132,0,1375.3268643793651,860.8974337589294,1.2556194932093252,127.83949279785156,2.5414342880249023,0,4,0,3,3,0.42475549456139877,-0.9261664104681391,0.6109023366691124,0,0,0,0,120,True,True,collision
147,1,1419.0706115697758,874.5852179467208,0.0,83.34395599365234,8.190386772155762,0,3,0,2,2,-0.04042216131875749,-0.9157973867248554,-0.7700957454265247,1,0,0,0,135,False,False,
147,2,1436.2327475101133,869.0477738362902,0.0,67.6009292602539,4.65715217590332,0,2,0,1,1,0.24224191021990768,-0.9635314997881622,-0.6087875878324844,1,0,0,0,135,False,False,
147,3,1392.6757099158851,881.9594986739322,2.23250711054848,117.46117401123047,11.112532615661621,0,4,1,3,3,-0.07101879125323762,-0.8886409077771714,-0.020320890224130528,0,0,0,0,135,False,False,
147,4,1463.4408085105276,869.7738871453452,0.7772481169417815,53.528892517089844,1.3101495504379272,0,1,0,0,0,0.22168321168543534,-0.9843237332840838,-0.7714004189362669,0,0,0,0,135,False,False,
147,5,1411.136147718869,870.0121327906019,0.5720563196436209,96.31300354003906,7.98797082901001,0,3,0,2,2,0.08410992338996771,-0.93607957170055,-0.6419225216034381,0,0,0,0,135,False,False,
147,6,1434.0748837328063,877.1688265649836,0.2233790419895108,76.14701080322266,4.570224285125732,0,2,0,1,1,-0.2974463806162526,-0.9679500667254659,-0.4213016593823349,0,0,0,0,135,False,False,
147,7,1428.2016444541769,869.9795584623715,0.47975975514541014,77.84483337402344,4.699944972991943,0,2,0,1,1,0.2859801546803646,-0.9845863159581904,-0.7067426407437989,0,0,0,0,135,False,False,
132,0,1375.3268643793651,860.8974337589294,1.2556194932093252,127.83949279785156,2.5414342880249023,0,4,0,3,3,0.42475549456139877,-0.9261664104681391,0.6109023366691124,0,0,0,0,120,True,True,collision
148,1,1418.9154670482226,874.5922046486354,0.1553017597183587,83.4991455078125,8.202810287475586,0,3,0,2,2,-0.04064956500220913,-0.9162103761313075,-0.7700445618612488,0,0,0,0,136,False,False,
148,2,1436.1787825238712,869.0409669958666,0.05439258052953033,67.65531921386719,4.651551723480225,0,2,0,1,1,0.24328541194403658,-0.9636660785762744,-0.6078800336127804,2,0,0,0,136,False,False,
148,3,1390.2524133018171,881.8766527121127,2.424712340287736,119.88580322265625,11.13353443145752,0,4,0,3,3,-0.09004895335538315,-0.8950457453482236,-0.04250702905717152,0,0,0,0,136,False,False,
148,4,1463.1878013363496,869.784481263551,0.25322887972367086,53.78216552734375,1.320185661315918,0,1,0,0,0,0.23031113984281054,-0.9849572587392693,-0.7709100943881544,0,0,0,0,136,False,False,
148,5,1410.2597875259867,870.0381160650588,0.876745298373714,97.18972778320312,8.003582000732422,0,3,0,2,2,0.09085070229341012,-0.9383945921944543,-0.6405966371439977,0,0,0,0,136,False,False,
148,6,1433.7769329717073,877.1878010552624,0.2985543289264514,76.44546508789062,4.582714080810547,0,2,0,1,1,-0.3016899936779888,-0.968660282948901,-0.41953772021510993,0,0,0,0,136,False,False,
148,7,1427.5156678832464,869.9790067938891,0.685976792758896,78.53086853027344,4.70667028427124,0,2,0,1,1,0.3246661407632934,-0.9862088490992675,-0.7054984841889236,0,0,0,0,136,False,False,
132,0,1375.3268643793651,860.8974337589294,1.2556194932093252,127.83949279785156,2.5414342880249023,0,4,0,3,3,0.42475549456139877,-0.9261664104681391,0.6109023366691124,0,0,0,0,120,True,True,collision
149,1,1418.4536576318756,874.6115461409132,0.46221426887345424,83.96146392822266,8.2176513671875,0,3,0,2,2,-0.03922382993564876,-0.9174409218052642,-0.7700591836951716,0,0,0,0,137,False,False,
149,2,1435.81334019247,868.9940894403468,0.3684367012005102,68.02378845214844,4.66445779800415,0,2,0,1,1,0.25124658461559635,-0.9645751091886762,-0.6016298070672598,0,0,0,0,137,False,False,
149,3,1387.5671529184594,881.8699248984093,2.68526881148014,122.57111358642578,11.154922485351562,0,4,0,3,3,-0.11823055903968382,-0.9020917622798811,-0.05654267465844942,0,0,0,0,137,False,False,
149,4,1463.1878013363496,869.784481263551,0.0,53.78216552734375,1.3170137405395508,0,1,0,0,0,0.23031113984281054,-0.9849572587392693,-0.7709100943881544,1,0,0,0,137,False,False,
149,5,1409.2982307931463,870.0612035846588,0.9618338650889546,98.15155029296875,8.020328521728516,0,3,0,2,2,0.09852200004027402,-0.9409300949161631,-0.6385018414649025,0,0,0,0,137,False,False,
149,6,1433.7769329717073,877.1878010552624,0.0,76.44546508789062,4.579463481903076,0,2,0,1,1,-0.3016899936779888,-0.968660282948901,-0.41953772021510993,1,0,0,0,137,False,False,
149,7,1427.3522475629375,869.9789947250275,0.16342032075443996,78.69419860839844,4.708729267120361,0,2,0,1,1,0.33427890952567874,-0.9865874639357733,-0.7052202262585154,0,0,0,0,137,False,False,
132,0,1375.3268643793651,860.8974337589294,1.2556194932093252,127.83949279785156,2.5414342880249023,0,4,0,3,3,0.42475549456139877,-0.9261664104681391,0.6109023366691124,0,0,0,0,120,True,True,collision
150,1,1418.1543711506872,874.6243374392635,0.299559702122176,84.26093292236328,8.224345207214355,0,3,0,2,2,-0.04015617864171191,-0.9182379305723042,-0.7700518799247567,0,0,0,0,138,False,False,
150,2,1435.6887283396447,868.9780731599085,0.12563691775747443,68.14944458007812,4.67533016204834,0,2,0,1,1,0.2537409821101265,-0.9648841921460539,-0.5995000504832038,0,0,0,0,138,False,False,
150,3,1384.696863298146,881.9241530454159,2.8708018385822127,125.44186401367188,11.175387382507324,0,4,0,3,3,-0.14293403745115257,-0.9095698082796829,-0.05960294016922796,0,0,0,0,138,False,False,
150,4,1462.873171665594,869.7987183535864,0.31495162239999996,54.09706115722656,1.3269392251968384,0,1,0,0,0,0.24131805950881358,-0.9857405699092902,-0.7704262017317969,0,0,0,0,138,False,False,
150,5,1408.4007572324226,870.0806208549398,0.8976835871192062,99.04922485351562,8.03748893737793,0,3,0,2,2,0.1042388875748047,-0.9432931519671811,-0.6362827244647322,0,0,0,0,138,False,False,
150,6,1433.8153647127285,877.1853410982176,-0.03851038959263231,76.48387145996094,4.570614814758301,0,2,0,1,1,-0.30094943690584286,-0.9685691149761139,-0.419764808873335,2,0,0,0,138,False,False,
150,7,1427.3522475629375,869.9789947250275,0.0,78.69419860839844,4.703567981719971,0,2,0,1,1,0.33427890952567874,-0.9865874639357733,-0.7052202262585154,1,0,0,0,138,False,False,
132,0,1375.3268643793651,860.8974337589294,1.2556194932093252,127.83949279785156,2.5414342880249023,0,4,0,3,3,0.42475549456139877,-0.9261664104681391,0.6109023366691124,0,0,0,0,120,True,True,collision
151,1,1418.1543711506872,874.6243374392635,0.0,84.26093292236328,8.216848373413086,0,3,0,2,2,-0.04015617864171191,-0.9182379305723042,-0.7700518799247567,1,0,0,0,139,False,False,
151,2,1435.6887283396447,868.9780731599085,0.0,68.14944458007812,4.672954082489014,0,2,0,1,1,0.2537409821101265,-0.9648841921460539,-0.5995000504832038,1,0,0,0,139,False,False,
151,3,1382.0493902587539,882.0550120503756,2.650705108737433,128.09255981445312,11.192444801330566,0,4,0,3,3,-0.1759271565608161,-0.9163907027864653,-0.05272859143400088,0,0,0,0,139,False,False,
151,4,1462.2495442415884,869.830748826415,0.6244494496447341,54.72154235839844,1.3376708030700684,0,1,0,0,0,0.2678083939810282,-0.9872768983435776,-0.7699204120572871,0,0,0,0,139,False,False,
151,5,1407.516148011744,870.1018304985437,0.884863448386975,99.93412017822266,8.0543794631958,0,3,0,2,2,0.10718983095322049,-0.945620873131612,-0.6343414651883721,0,0,0,0,139,False,False,
151,6,1433.928628842879,877.1781163281206,-0.11349431916050948,76.59738159179688,4.5755295753479,0,2,0,1,1,-0.29804051137040866,-0.968299324398909,-0.4204379563713062,0,0,0,0,139,False,False,
151,7,1427.4119512743375,869.9790464265418,-0.05970373378597224,78.75389099121094,4.697906970977783,0,2,0,1,1,0.33102815882023406,-0.9864495686211852,-0.7053299686249461,2,0,0,0,139,False,False,
132,0,1375.3268643793651,860.8974337589294,1.2556194932093252,127.83949279785156,2.5414342880249023,0,4,0,3,3,0.42475549456139877,-0.9261664104681391,0.6109023366691124,0,0,0,0,120,True,True,collision
152,1,1417.8396672058802,874.6368254965718,0.31495162239999996,84.57588195800781,8.234078407287598,0,3,0,2,2,-0.03860994684293423,-0.9190762541502432,-0.770139610928293,0,0,0,0,140,False,False,
152,2,1435.4799311207112,868.951535653545,0.21047688205222434,68.35986328125,4.68134069442749,0,2,0,1,1,0.2568383659557425,-0.9654009382831464,-0.5959578218835941,0,0,0,0,140,False,False,
152,3,1379.2283312468355,882.2800929567965,2.8300239156518137,130.92269897460938,11.210293769836426,0,4,0,3,3,-0.21414202948028307,-0.923551882296089,-0.03514397089331711,0,0,0,0,140,False,False,
152,4,1462.0358008151838,869.8418457945432,0.21403129451742478,54.935577392578125,1.3477712869644165,0,1,0,0,0,0.2795983211158415,-0.9877958143887549,-0.7697588429364051,0,0,0,0,140,False,False,
152,5,1406.5517932109412,870.1304802552887,0.9647802808894059,100.8989028930664,8.07291030883789,0,3,0,2,2,0.10865783605565929,-0.9481580138309482,-0.6328986060575499,0,0,0,0,140,False,False,
152,6,1433.8209381075696,877.1849560563506,0.10790772147410217,76.70526123046875,4.581118106842041,0,2,0,1,1,-0.30049341104596955,-0.9685558270693408,-0.4198013420185026,0,0,0,0,140,False,False,
152,7,1427.3042734950236,869.9789962132674,0.10767779102177423,78.86155700683594,4.7032036781311035,0,2,0,1,1,0.337597553681303,-0.9866980093548727,-0.70513972755993,0,0,0,0,140,False,False,
132,0,1375.3268643793651,860.8974337589294,1.2556194932093252,127.83949279785156,2.5414342880249023,0,4,0,3,3,0.42475549456139877,-0.9261664104681391,0.6109023366691124,0,0,0,0,120,True,True,collision
153,1,1417.8396672058802,874.6368254965718,0.0,84.57588195800781,8.22900676727295,0,3,0,2,2,-0.03860994684293423,-0.9190762541502432,-0.770139610928293,1,0,0,0,141,False,False,
153,2,1434.961881317321,868.8887787854701,0.5218371616539218,68.8817138671875,4.693852424621582,0,2,0,1,1,0.2633981529633982,-0.9666796614974594,-0.5875483378105018,0,0,0,0,141,False,False,
153,3,1376.4399428573063,882.5422820085223,2.800687935080685,133.72332763671875,11.227843284606934,0,4,0,3,3,-0.24664385844598402,-0.9305187768616154,-0.013005570990190063,0,0,0,0,141,False,False,
153,4,1461.7695629303457,869.8562817102763,0.26662896876774456,55.20220184326172,1.3532485961914062,0,1,0,0,0,0.29470340447341087,-0.9884360783062018,-0.7696337926675977,0,0,0,0,141,False,False,
153,5,1405.5041081916113,870.1584013384341,1.0480570054211025,101.94688415527344,8.086819648742676,0,3,0,2,2,0.11686895291608027,-0.950908163872731,-0.6309354211768521,0,0,0,0,141,False,False,
153,6,1433.7547278702048,877.189123387042,0.06634125546761001,76.77156066894531,4.573653697967529,0,2,0,1,1,-0.3017669023877147,-0.9687131707243252,-0.419413313135478,1,0,0,0,141,False,False,
153,7,1426.883454980164,869.9783782039356,0.42081896866016966,79.28245544433594,4.714382171630859,0,2,0,1,1,0.36756494846169846,-0.9876525926473922,-0.7043419442928424,0,0,0,0,141,False,False,
132,0,1375.3268643793651,860.8974337589294,1.2556194932093252,127.83949279785156,2.5414342880249023,0,4,0,3,3,0.42475549456139877,-0.9261664104681391,0.6109023366691124,0,0,0,0,120,True,True,collision
154,1,1417.554293421509,874.6485934416557,0.28561631840257207,84.86152648925781,8.245367050170898,0,3,0,2,2,-0.03997454010021026,-0.9198364810337256,-0.7701761726596461,0,0,0,0,142,False,False,
154,2,1434.9600848492707,868.8885612070216,0.00180959604244429,68.88356018066406,4.689286708831787,0,2,0,1,1,0.26342068929672313,-0.9666841477233314,-0.5875190655564707,1,0,0,0,142,False,False,
154,3,1373.40439280609,882.8414414560646,3.0502558070582726,136.7735595703125,11.246784210205078,0,4,0,3,3,-0.2813887763616221,-0.9379582016627964,0.012742006359168556,0,0,0,0,142,False,False,
154,4,1461.1934954372293,869.8889812821341,0.5769948168096393,55.779178619384766,1.35958731174469,0,1,0,0,0,0.3357503215587722,-0.9897915967917725,-0.7695388150660175,0,0,0,0,142,False,False,
154,5,1404.161416110046,870.1869953323742,1.3429965161486046,103.28996276855469,8.104105949401855,0,3,0,2,2,0.12966985254701469,-0.9544210292851179,-0.6275665392065823,0,0,0,0,142,False,False,
154,6,1433.5280783337907,877.2030320822621,0.2270758995564652,76.99866485595703,4.580611705780029,0,2,0,1,1,-0.30647177609329723,-0.9692512837413461,-0.4181399129127573,0,0,0,0,142,False,False,
154,7,1426.684005934786,869.9781780649873,0.1994491457936744,79.48191833496094,4.7214765548706055,0,2,0,1,1,0.38278933710542823,-0.9880948066991223,-0.7039760697036401,0,0,0,0,142,False,False,
132,0,1375.3268643793651,860.8974337589294,1.2556194932093252,127.83949279785156,2.5414342880249023,0,4,0,3,3,0.42475549456139877,-0.9261664104681391,0.6109023366691124,0,0,0,0,120,True,True,collision
155,1,1417.554293421509,874.6485934416557,0.0,84.86152648925781,8.245563507080078,0,3,0,2,2,-0.03997454010021026,-0.9198364810337256,-0.7701761726596461,1,0,0,0,143,False,False,
155,2,1434.9600848492707,868.8885612070216,0.0,68.88356018066406,4.678556442260742,0,2,0,1,1,0.26342068929672313,-0.9666841477233314,-0.5875190655564707,2,0,0,0,143,False,False,
155,3,1370.8838611098417,883.109622657707,2.5347586056086038,139.30828857421875,11.261481285095215,0,4,0,3,3,-0.3197360736665827,-0.9439681402748907,0.0364982700212213,0,0,0,0,143,False,False,
155,4,1460.753836368746,869.9139556437742,0.44036781812349374,56.21958541870117,1.3701244592666626,0,1,0,0,0,0.3765966330756334,-0.9907874590445166,-0.769465763068775,0,0,0,0,143,False,False,
155,5,1402.5303573581136,870.217476152099,1.6313435360544792,104.92122650146484,8.122322082519531,0,3,0,2,2,0.14505618841395934,-0.9586692185327637,-0.6229589320566972,0,0,0,0,143,False,False,
155,6,1432.9908143097555,877.2337912792001,0.5381438095146477,77.53677368164062,4.592701435089111,0,2,0,1,1,-0.3180974329211747,-0.9705184947048474,-0.41537334187259867,0,0,0,0,143,False,False,
155,7,1426.1872538135485,869.9783002284463,0.4967521362588803,79.97862243652344,4.730713367462158,0,2,0,1,1,0.42596268342883487,-0.9891621356364891,-0.7031343494693203,0,0,0,0,143,False,False,
132,0,1375.3268643793651,860.8974337589294,1.2556194932093252,127.83949279785156,2.5414342880249023,0,4,0,3,3,0.42475549456139877,-0.9261664104681391,0.6109023366691124,0,0,0,0,120,True,True,collision
156,1,1417.2396371003979,874.6622288381326,0.31495162239999996,85.17652130126953,8.261713981628418,0,3,0,2,2,-0.04174387489582361,-0.9206746765929307,-0.770139610928293,0,0,0,0,144,False,False,
156,2,1434.6473472059654,868.8512826486772,0.31495162239999996,69.19851684570312,4.687732696533203,0,2,0,1,1,0.26879719555359427,-0.9674520441821703,-0.5825131956691243,0,0,0,0,144,False,False,
156,3,1368.2636381321681,883.4492275722267,2.6421392754158126,141.950439453125,11.272786140441895,0,4,0,3,3,-0.3792654278547376,-0.9499397701630513,0.06847603500001087,0,0,0,0,144,False,False,
156,4,1460.753836368746,869.9139556437742,0.0,56.21958541870117,1.3603585958480835,0,1,0,0,0,0.3765966330756334,-0.9907874590445166,-0.769465763068775,1,0,0,0,144,False,False,
156,5,1401.4387637012094,870.2310145808099,1.0916776084749658,106.01298522949219,8.137618064880371,0,3,0,2,2,0.16022420448789237,-0.9614952207613554,-0.6190550882095363,0,0,0,0,144,False,False,
156,6,1432.1482692579464,877.2736099489897,0.843485441956169,78.38024139404297,4.600712776184082,0,2,0,1,1,-0.33623870301998093,-0.9724830067681303,-0.41203601905120624,0,0,0,0,144,False,False,
156,7,1425.5464172847992,869.9762357456805,0.640839854151294,80.61949157714844,4.735400676727295,0,2,0,1,1,0.4992076600952885,-0.9904395769819352,-0.7017950866750298,0,0,0,0,144,False,False,
132,0,1375.3268643793651,860.8974337589294,1.2556194932093252,127.83949279785156,2.5414342880249023,0,4,0,3,3,0.42475549456139877,-0.9261664104681391,0.6109023366691124,0,0,0,0,120,True,True,collision
157,1,1417.2396371003979,874.6622288381326,0.0,85.17652130126953,8.261322975158691,0,3,0,2,2,-0.04174387489582361,-0.9206746765929307,-0.770139610928293,1,0,0,0,145,False,False,
157,2,1434.0268038042082,868.7815474230214,0.6244494496447341,69.82290649414062,4.699270248413086,0,2,0,1,1,0.2782983827587297,-0.9689681598996459,-0.5730937330734049,0,0,0,0,145,False,False,
157,3,1366.2091008576715,883.7697166788404,2.079383725951993,144.02984619140625,11.281888961791992,0,4,0,3,3,-0.44077756265249185,-0.95433332731515,0.1000437597328816,0,0,0,0,145,False,False,
157,4,1460.4394520758337,869.932851167648,0.31495162239999996,56.53448486328125,1.3692288398742676,0,1,0,0,0,0.40930753776978673,-0.9914733385091146,-0.7695461331295252,0,0,0,0,145,False,False,
157,5,1400.2194316056086,870.2512376403602,1.2194997874127427,107.23239135742188,8.146873474121094,0,3,0,2,2,0.17190558877410828,-0.9646388960155179,-0.6153047807651104,0,0,0,0,145,False,False,
157,6,1431.0060898741947,877.309708248029,1.142749680315405,79.52302551269531,4.60991096496582,0,2,0,1,1,-0.36450771809937366,-0.9750940136680801,-0.4096721130210875,0,0,0,0,145,False,False,
157,7,1425.4274263143914,869.9757814533563,0.11899183761964553,80.73851013183594,4.7401862144470215,0,2,0,1,1,0.5148824389661829,-0.9906613888719188,-0.7015316649749361,0,0,0,0,145,False,False,
132,0,1375.3268643793651,860.8974337589294,1.2556194932093252,127.83949279785156,2.5414342880249023,0,4,0,3,3,0.42475549456139877,-0.9261664104681391,0.6109023366691124,0,0,0,0,120,True,True,collision
158,1,1416.925019173729,874.6767231360084,0.31495162239999996,85.4914321899414,8.27566146850586,0,3,0,2,2,-0.04394600453275391,-0.9215124562662439,-0.7700006963594807,0,0,0,0,146,False,False,
158,2,1433.3941081451444,868.7106639442857,0.6366539598210718,70.45955657958984,4.706132411956787,0,2,0,1,1,0.29358116074034984,-0.9704977576233395,-0.5635134731838138,0,0,0,0,146,False,False,
158,3,1364.6974342803658,884.0064743761626,1.530094784052508,145.55999755859375,11.280220985412598,0,4,0,3,3,-0.4801410303847155,-0.9573927464565848,0.12338986880427294,0,0,0,0,146,False,False,
158,4,1460.4394520758337,869.932851167648,0.0,56.53448486328125,1.359408974647522,0,1,0,0,0,0.40930753776978673,-0.9914733385091146,-0.7695461331295252,1,0,0,0,146,False,False,
158,5,1399.53179115312,870.266972868432,0.6878204629852963,107.92031860351562,8.16146183013916,0,3,0,2,2,0.17696047018616146,-0.9664065344266093,-0.613715703295061,0,0,0,0,146,False,False,
158,6,1429.6032693569837,877.352197899376,1.4034638484762145,80.92649841308594,4.609983444213867,0,2,0,1,1,-0.4227092559880551,-0.9781484970174202,-0.4069787226160064,0,0,0,0,146,False,False,
158,7,1425.4274263143914,869.9757814533563,0.0,80.73851013183594,4.7276930809021,0,2,0,1,1,0.5148824389661829,-0.9906613888719188,-0.7015316649749361,1,0,0,0,146,False,False,
132,0,1375.3268643793651,860.8974337589294,1.2556194932093252,127.83949279785156,2.5414342880249023,0,4,0,3,3,0.42475549456139877,-0.9261664104681391,0.6109023366691124,0,0,0,0,120,True,True,collision
159,1,1416.4650090073853,874.6991572328166,0.46055688230566205,85.95206451416016,8.291254043579102,0,3,0,2,2,-0.04638631313779847,-0.9227375926865291,-0.769634507322237,0,0,0,0,147,False,False,
159,2,1433.279948060975,868.6979024913982,0.11487114301429416,70.57453155517578,4.715173721313477,0,2,0,1,1,0.29639742767970395,-0.9707719903378715,-0.5617788634429911,0,0,0,0,147,False,False,
159,3,1363.2409444282407,884.2398645142267,1.475070725724272,147.03500366210938,11.281641006469727,0,4,0,3,3,-0.525618805277947,-0.960158048685486,0.14651666465991653,0,0,0,0,147,False,False,
159,4,1460.5770618189536,869.924674429671,-0.13785245897500004,56.67230224609375,1.3625680208206177,0,1,0,0,0,0.39382781436637104,-0.991176593900682,-0.7695242075251876,0,0,0,0,147,False,False,
159,5,1398.616087971576,870.295832308416,0.9161578379110069,108.83642578125,8.175047874450684,0,3,0,2,2,0.18471372641603365,-0.9687546480893247,-0.612536094347219,0,0,0,0,147,False,False,
159,6,1427.9135440098987,877.4002048793911,1.6904071754200398,82.61687469482422,4.610651969909668,0,2,0,1,1,-0.5172151160095553,-0.9814949385253996,-0.4041170167502469,0,0,0,0,147,False,False,
159,7,1425.1124766374996,869.9746744401592,0.31495162239999996,81.05345153808594,4.7244367599487305,0,2,0,1,1,0.5587673157358356,-0.9912203725335574,-0.7008655782648026,0,0,0,0,147,False,False,
132,0,1375.3268643793651,860.8974337589294,1.2556194932093252,127.83949279785156,2.5414342880249023,0,4,0,3,3,0.42475549456139877,-0.9261664104681391,0.6109023366691124,0,0,0,0,120,True,True,collision
160,1,1415.9000480366615,874.7268690035197,0.5656402042611893,86.51768493652344,8.308412551879883,0,3,0,2,2,-0.04749171563889579,-0.924241801108471,-0.7691726403218667,0,0,0,0,148,False,False,
160,2,1433.1638283516947,868.6850364324823,0.11683031436793279,70.69132232666016,4.723503112792969,0,2,0,1,1,0.2988440989726933,-0.9710501452300107,-0.5600444252192818,0,0,0,0,148,False,False,
160,3,1361.8469302552683,884.4644860423685,1.4119951647766142,148.447021484375,11.285406112670898,0,4,0,3,3,-0.5733683612825315,-0.9626062234252274,0.16879399342494872,0,0,0,0,148,False,False,
160,4,1460.6937409849775,869.9178213386235,-0.11688024914810052,56.78919982910156,1.3697288036346436,0,1,0,0,0,0.38157067829310826,-0.9909209809706123,-0.7695169037547727,0,0,0,0,148,False,False,
160,5,1397.561118179174,870.3435331527919,1.0560476473317688,109.8924331665039,8.184450149536133,0,3,0,2,2,0.19315127250581618,-0.9714533571056571,-0.6129096014479704,0,0,0,0,148,False,False,
160,6,1426.6013432572836,877.4273123984483,1.3124807170976385,83.92941284179688,4.6160173416137695,0,2,0,1,1,-0.6113418221077142,-0.9837250623282946,-0.40311432770494204,0,0,0,0,148,False,False,
160,7,1425.0103466410455,869.9742930368955,0.10213070862464058,81.15550231933594,4.725334644317627,0,2,0,1,1,0.5743917933412579,-0.9913916832585231,-0.7006460649457554,0,0,0,0,148,False,False,
132,0,1375.3268643793651,860.8974337589294,1.2556194932093252,127.83949279785156,2.5414342880249023,0,4,0,3,3,0.42475549456139877,-0.9261664104681391,0.6109023366691124,0,0,0,0,120,True,True,collision
161,1,1415.0654642904433,874.7647351849403,0.8354423242491522,87.35313415527344,8.32727336883545,0,3,0,2,2,-0.04652082608654887,-0.9264639072414241,-0.768864938620314,0,0,0,0,149,False,False,
161,2,1433.0437884199434,868.6719166059407,0.12075477242470721,70.8120346069336,4.733310222625732,0,2,0,1,1,0.3011229518200796,-0.9713370595861497,-0.5582659070974125,0,0,0,0,149,False,False,
161,3,1360.982325105911,884.609520850584,0.8766853254669039,149.32373046875,11.284908294677734,0,4,0,3,3,-0.610047244749941,-0.9639993636075685,0.1832967944709285,0,0,0,0,149,False,False,
161,4,1460.946187909896,869.9032520534089,-0.2528669886966056,57.04206085205078,1.373805284500122,0,1,0,0,0,0.35706504909731224,-0.9903570510351425,-0.7695315112956025,0,0,0,0,149,False,False,
161,5,1396.2132140141493,870.4321510352136,1.3508141127392943,111.24324035644531,8.196755409240723,0,3,0,2,2,0.20562706944222447,-0.9748921545568804,-0.6166964420375638,0,0,0,0,149,False,False,
161,6,1424.999830519939,877.434617639252,1.6015293985500854,85.53086853027344,7.837090015411377,0,3,1,2,2,-0.06104996974018554,-0.8995817621793237,-0.4049806625889044,0,0,0,0,149,False,False,
161,7,1424.594985586867,869.9721609001838,0.41536652649818484,81.57091522216797,4.73061990737915,0,2,0,1,1,0.6449295944170684,-0.9920294469409053,-0.6996799662179893,0,0,0,0,149,False,False,
132,0,1375.3268643793651,860.8974337589294,1.2556194932093252,127.83949279785156,2.5414342880249023,0,4,0,3,3,0.42475549456139877,-0.9261664104681391,0.6109023366691124,0,0,0,0,120,True,True,collision
162,1,1414.7552727158431,874.777865150193,0.31046933655416903,87.6635971069336,8.342464447021484,0,3,0,2,2,-0.04509598409759848,-0.9272897394639743,-0.7688576205568063,0,0,0,0,150,False,False,
162,2,1432.9036950873397,868.6568699478295,0.14089905521450533,70.9529800415039,4.740778923034668,0,2,0,1,1,0.3037682162612858,-0.9716714226282555,-0.5562166492119418,0,0,0,0,150,False,False,
162,3,1360.0918832639775,884.7610253422736,0.903238775113233,150.22691345214844,11.282867431640625,0,4,0,3,3,-0.6477899008897048,-0.9653231689987127,0.19849504023962994,0,0,0,0,150,False,False,
162,4,1460.8801850726256,869.9071030106751,0.06611508450881914,57.108211517333984,1.3659083843231201,0,1,0,0,0,0.3629504650306555,-0.9905060139277816,-0.7695315112956025,1,0,0,0,150,False,False,
162,5,1395.1399115042889,870.5146905140824,1.0764715710341393,112.31977844238281,8.209452629089355,0,3,0,2,2,0.2236085611518727,-0.977607110864339,-0.6211572305383248,0,0,0,0,150,False,False,
162,6,1423.7537489611168,877.4339445535023,1.2460817406098328,86.77696228027344,7.854063034057617,0,3,0,2,2,-0.05977740162919518,-0.9028905241521007,-0.40719094645773135,0,0,0,0,150,False,False,
162,7,1423.8719923848787,869.9654473145198,0.7230243718948893,82.2939682006836,4.73248815536499,0,2,0,1,1,0.7949722575509226,-0.9928524295853317,-0.6976379978098408,0,0,0,0,150,False,False,
132,0,1375.3268643793651,860.8974337589294,1.2556194932093252,127.83949279785156,2.5414342880249023,0,4,0,3,3,0.42475549456139877,-0.9261664104681391,0.6109023366691124,0,0,0,0,120,True,True,collision
163,1,1414.662498483804,874.7816778775507,0.09285254450128796,87.7564468383789,8.342789649963379,0,3,0,2,2,-0.044463827576992625,-0.9275367446728132,-0.768872242390729,1,0,0,0,151,False,False,
163,2,1432.5925171079148,868.6249682366036,0.31280897374940053,71.2657699584961,4.750927448272705,0,2,0,1,1,0.30945030464467194,-0.9724115687578897,-0.5518620012182289,0,0,0,0,151,False,False,
163,3,1358.9063741466277,884.9549212534628,1.2012607925406342,151.42820739746094,11.28006649017334,0,4,0,3,3,-0.6959975334280923,-0.9669124493804647,0.21777802323782458,0,0,0,0,151,False,False,
163,4,1460.5008963043083,869.9297073648386,0.3799617435991272,57.488155364990234,1.3715746402740479,0,1,0,0,0,0.40231980546283364,-0.991342377215681,-0.769589955752015,0,0,0,0,151,False,False,
163,5,1393.7731525703653,870.6197957337727,1.3707943283607864,113.69051361083984,8.222076416015625,0,3,0,2,2,0.26577433775753434,-0.9809975672649394,-0.6268341611320953,0,0,0,0,151,False,False,
163,6,1423.0218102105398,877.432816373903,0.7319396200407029,87.50889587402344,7.8727264404296875,0,3,0,2,2,-0.060350659322506314,-0.9048337693170122,-0.4089783834695008,0,0,0,0,151,False,False,
163,7,1422.980454663757,869.9544785430567,0.891605194091151,83.18551635742188,4.728866100311279,0,2,0,1,1,1.0,-0.9932117142540626,-0.6947909566572824,0,0,0,1,151,False,False,
132,0,1375.3268643793651,860.8974337589294,1.2556194932093252,127.83949279785156,2.5414342880249023,0,4,0,3,3,0.42475549456139877,-0.9261664104681391,0.6109023366691124,0,0,0,0,120,True,True,collision
164,1,1414.6056758421355,874.7839680879713,0.056868775878841114,87.8132553100586,8.34056568145752,0,3,0,2,2,-0.044053032059956525,-0.9276878705389104,-0.7688868642246518,2,0,0,0,152,False,False,
164,2,1432.5925171079148,868.6249682366036,0.0,71.2657699584961,4.73716926574707,0,2,0,1,1,0.30945030464467194,-0.9724115687578897,-0.5518620012182289,1,0,0,0,152,False,False,
164,3,1357.4299524905935,885.1756387302809,1.4928285604782912,152.9210662841797,11.277355194091797,0,4,0,3,3,-0.7585631863767541,-0.9685934892520796,0.2393234313073389,0,0,0,0,152,False,False,
164,4,1460.4096566323656,869.935174461298,0.09140331985160216,57.579505920410156,1.3648091554641724,0,1,0,0,0,0.4129317200170587,-0.9915378054394882,-0.7696191851267677,1,0,0,0,152,False,False,
164,5,1392.9389786913534,870.6790629623293,0.8362766676204538,114.52684783935547,8.23337173461914,0,3,0,2,2,0.30381580699897703,-0.9830062250021924,-0.6297125327440463,0,0,0,0,152,False,False,
164,6,1422.773206280221,877.432472168637,0.24860416860382054,87.75755310058594,7.89009428024292,0,3,0,2,2,-0.06087468711519206,-0.9054938377553954,-0.4102749956749101,0,0,0,0,152,False,False,
164,7,1421.7909015658636,869.9270004152493,1.1898704216071183,84.37541198730469,4.723270893096924,0,2,0,1,1,1.0,-0.9924188503502994,-0.6856575560206337,0,0,0,2,152,False,False,
132,0,1375.3268643793651,860.8974337589294,1.2556194932093252,127.83949279785156,2.5414342880249023,0,4,0,3,3,0.42475549456139877,-0.9261664104681391,0.6109023366691124,0,0,0,0,120,True,True,collision
165,1,1414.235036299224,874.7970756026818,0.37087124141872807,88.18421173095703,8.358495712280273,0,3,0,2,2,-0.041478532499032404,-0.9286750288579002,-0.7691945802192972,0,0,0,0,153,False,False,
165,2,1432.7296561801136,868.6389744967004,-0.13785245897500004,71.40357208251953,4.741786003112793,0,2,0,1,1,0.30529185047162044,-0.9720861144141602,-0.5537795625467455,0,0,0,0,153,False,False,
165,3,1356.483425736032,885.3094651706855,0.9559405908591002,153.87701416015625,14.486783981323242,0,5,1,4,4,-0.22582302531474674,-0.8895178428923706,0.25220848293913556,0,0,0,0,153,False,False,
165,4,1460.4096566323656,869.935174461298,0.0,57.579505920410156,1.3577059507369995,0,1,0,0,0,0.4129317200170587,-0.9915378054394882,-0.7696191851267677,2,0,0,0,153,False,False,
165,5,1392.6116551383436,870.7013865348263,0.3280839073225364,114.8548812866211,8.242425918579102,0,3,0,2,2,0.32147404835743854,-0.9837770915804362,-0.6307307155019339,0,0,0,0,153,False,False,
165,6,1422.3854902732037,877.4330439827203,0.38771642868069256,88.14524841308594,7.903756618499756,0,3,0,2,2,-0.06338690142674118,-0.9065226342571879,-0.41217180343269777,0,0,0,0,153,False,False,
165,7,1421.1324949226978,869.9062372035424,0.6587339513986924,85.03418731689453,7.936187744140625,0,3,1,2,2,0.09717969789974681,-0.90965152963433,-0.6798349788113476,0,0,0,0,153,False,False,
132,0,1375.3268643793651,860.8974337589294,1.2556194932093252,127.83949279785156,2.5414342880249023,0,4,0,3,3,0.42475549456139877,-0.9261664104681391,0.6109023366691124,0,0,0,0,120,True,True,collision
166,1,1413.9970977281457,874.8052762371835,0.23807984797744236,88.42227172851562,8.372654914855957,0,3,0,2,2,-0.04127480502909041,-0.9293085205938908,-0.7694145366242208,0,0,0,0,154,False,False,
166,2,1432.993458802962,868.6660222928135,-0.2651856087655457,71.66874694824219,4.74470853805542,0,2,0,1,1,0.2982609083461764,-0.9714569930788061,-0.5574681238303247,0,0,0,0,154,False,False,
166,3,1355.6190240257129,885.429988372365,0.8727635183402587,154.749755859375,14.494693756103516,0,5,0,4,4,-0.22932851954860528,-0.8916988100879591,0.2637754827263399,0,0,0,0,154,False,False,
166,4,1460.4425100425904,869.9332190349195,-0.03291155201011904,57.61240005493164,1.351027011871338,0,1,0,0,0,0.40922956051874165,-0.9914677590249782,-0.7696118813563527,3,0,0,0,154,False,False,
166,5,1392.6116551383436,870.7013865348263,0.0,114.8548812866211,8.235797882080078,0,3,0,2,2,0.32147404835743854,-0.9837770915804362,-0.6307307155019339,1,0,0,0,154,False,False,
166,6,1421.8984039147194,877.436534176832,0.48709886273356084,88.63232421875,7.921274185180664,0,3,0,2,2,-0.06795178350963119,-0.9078142090186073,-0.4142154298396098,0,0,0,0,154,False,False,
166,7,1420.253313078782,869.8763778385988,0.8796887496983774,85.9138412475586,7.944068908691406,0,3,0,2,2,0.10134309281728898,-0.9119683920296147,-0.6718140381726201,0,0,0,0,154,False,False,
132,0,1375.3268643793651,860.8974337589294,1.2556194932093252,127.83949279785156,2.5414342880249023,0,4,0,3,3,0.42475549456139877,-0.9261664104681391,0.6109023366691124,0,0,0,0,120,True,True,collision
167,1,1413.897219448951,874.8086248608514,0.09993439815862824,88.52217864990234,8.366228103637695,0,3,0,2,2,-0.04083216040661076,-0.9295743997464166,-0.7695168894616798,1,0,0,0,155,False,False,
167,2,1433.202256267589,868.6874166419494,-0.20989068442782738,71.87870788574219,4.75015926361084,0,2,0,1,1,0.2926772496440347,-0.9709563460931885,-0.5603956636814684,0,0,0,0,155,False,False,
167,3,1354.458954888149,885.5926762695555,1.1714212546390415,155.921142578125,14.504919052124023,0,5,0,4,4,-0.23649963705123836,-0.8946153782910379,0.2794126979607645,0,0,0,0,155,False,False,
167,4,1460.1604993600563,869.9511822924528,0.28258220694975783,57.894954681396484,1.3576908111572266,0,1,0,0,0,0.44261526323131445,-0.9920599786219123,-0.7697953760815726,0,0,0,0,155,False,False,
167,5,1392.625140902961,870.7004640580672,-0.013517278227716402,114.86834716796875,8.230550765991211,0,3,0,2,2,0.32067044049123833,-0.9837455836208593,-0.6306795176435653,2,0,0,0,155,False,False,
167,6,1421.473822969082,877.4421672580377,0.42461831213720014,89.05692291259766,7.936616897583008,0,3,0,2,2,-0.07272697761864037,-0.9089391848102479,-0.41569545101168226,0,0,0,0,155,False,False,
167,7,1419.0760102097383,869.8303463569149,1.1782024201148644,87.09198760986328,7.960068225860596,0,3,0,2,2,0.10846185027530611,-0.9150662215113017,-0.6603291379103933,0,0,0,0,155,False,False,
132,0,1375.3268643793651,860.8974337589294,1.2556194932093252,127.83949279785156,2.5414342880249023,0,4,0,3,3,0.42475549456139877,-0.9261664104681391,0.6109023366691124,0,0,0,0,120,True,True,collision
168,1,1413.4842460501573,874.8225364066982,0.41320764661275794,88.93537139892578,8.37485408782959,0,3,0,2,2,-0.04158219762280674,-0.9306739530685894,-0.7699488981912148,0,0,0,0,156,False,False,
168,2,1433.448289768279,868.7124864504977,-0.24730745795945638,72.12594604492188,4.756400108337402,0,2,0,1,1,0.2860438057993671,-0.970363842088598,-0.5638208032649541,0,0,0,0,156,False,False,
168,3,1353.7068701376224,885.6973852761162,0.759338822943783,156.68048095703125,14.512532234191895,0,5,0,4,4,-0.2403761036150412,-0.8965002478911194,0.2894568544699019,0,0,0,0,156,False,False,
168,4,1459.569067358784,869.9893570264455,0.59266273920715,58.48761749267578,1.3537095785140991,0,1,0,0,0,0.5370927582248217,-0.9931988799235371,-0.7702573288404997,0,0,0,0,156,False,False,
168,5,1392.3878829983753,870.7158738207158,0.23775780549389802,115.10603332519531,8.241053581237793,0,3,0,2,2,0.33533706505124156,-0.9842966642082871,-0.6313314827780239,0,0,0,0,156,False,False,
168,6,1421.473822969082,877.4421672580377,0.0,89.05692291259766,7.934382915496826,0,3,0,2,2,-0.07272697761864037,-0.9089391848102479,-0.41569545101168226,1,0,0,0,156,False,False,
168,7,1417.6175602878873,869.7767283786159,1.4594351860032886,88.55146789550781,7.976928234100342,0,3,0,2,2,0.11208633109207414,-0.9189007511828041,-0.6465294998572406,0,0,0,0,156,False,False,
132,0,1375.3268643793651,860.8974337589294,1.2556194932093252,127.83949279785156,2.5414342880249023,0,4,0,3,3,0.42475549456139877,-0.9261664104681391,0.6109023366691124,0,0,0,0,120,True,True,collision
169,1,1412.763884986996,874.8505502050242,0.7209055653935995,89.65625,8.39250373840332,0,3,0,2,2,-0.0461688473713227,-0.9325913901942787,-0.770234659995337,0,0,0,0,157,False,False,
169,2,1433.3770675021785,868.7052461503495,0.0715893367388241,72.19747924804688,4.7508745193481445,0,2,0,1,1,0.2876813507918289,-0.9705355980432095,-0.5628327503466647,1,0,0,0,157,False,False,
169,3,1353.2307063473218,885.764525669364,0.48087398307568424,157.16139221191406,14.518209457397461,0,5,0,4,4,-0.24444083348152315,-0.8976904068830744,0.2959215631658081,0,0,0,0,157,False,False,
169,4,1459.1141647841214,870.0194387684595,0.4558961105747445,58.943565368652344,1.3526149988174438,0,1,0,0,0,0.6317525870217575,-0.9939401277904045,-0.7706827484542592,0,0,0,0,157,False,False,
169,5,1392.341819950462,870.7188309791404,0.04615787223229144,115.15226745605469,8.236185073852539,0,3,0,2,2,0.3383496812369066,-0.9844030320891334,-0.6314484574494056,1,0,0,0,157,False,False,
169,6,1421.5118162904166,877.4416701653695,-0.03799657309749563,89.09488677978516,7.9338059425354,0,3,0,2,2,-0.07252973639278176,-0.908838593998554,-0.4155632113172023,2,0,0,0,157,False,False,
169,7,1416.0665993588066,869.733619772699,1.5515599103609585,90.10296630859375,7.996813774108887,0,3,0,2,2,0.11207013043227285,-0.9229773911314574,-0.6335140094606553,0,0,0,0,157,False,False,
132,0,1375.3268643793651,860.8974337589294,1.2556194932093252,127.83949279785156,2.5414342880249023,0,4,0,3,3,0.42475549456139877,-0.9261664104681391,0.6109023366691124,0,0,0,0,120,True,True,collision
170,1,1412.5662488977227,874.8584542440944,0.19779407882143216,89.85404205322266,8.406533241271973,0,3,0,2,2,-0.047240871722525904,-0.933117386800492,-0.7702858435606129,0,0,0,0,158,False,False,
170,2,1432.9936252265436,868.6670142646989,0.3853435555767791,72.58280944824219,4.763095378875732,0,2,0,1,1,0.29642223160046416,-0.9714573179105411,-0.5575852128464489,0,0,0,0,158,False,False,
170,3,1352.694475242134,885.8425709897225,0.5418808634752682,157.7032928466797,14.525769233703613,0,5,0,4,4,-0.2507246564620813,-0.8990263491320886,0.3034911851066431,0,0,0,0,158,False,False,
170,4,1458.8354104396935,870.0381260071421,0.2793800233140085,59.22288131713867,1.3562397956848145,0,1,0,0,0,0.7010904254349264,-0.9943137794951059,-0.7709831463853969,0,0,0,0,158,False,False,
170,5,1392.341819950462,870.7188309791404,0.0,115.15226745605469,8.224971771240234,0,3,0,2,2,0.3383496812369066,-0.9844030320891334,-0.6314484574494056,2,0,0,0,158,False,False,
170,6,1421.5115683837373,877.4416734095208,0.00024792790514859887,89.09513092041016,7.927984714508057,0,3,0,2,2,-0.07253178178847293,-0.9088392417324493,-0.4155632113172023,3,0,0,0,158,False,False,
170,7,1414.4257409340787,869.6849124273477,1.6415811815112196,91.74456024169922,8.012887954711914,0,3,0,2,2,0.12005493959895072,-0.927281732389313,-0.6193773974519189,0,0,0,0,158,False,False,
132,0,1375.3268643793651,860.8974337589294,1.2556194932093252,127.83949279785156,2.5414342880249023,0,4,0,3,3,0.42475549456139877,-0.9261664104681391,0.6109023366691124,0,0,0,0,120,True,True,collision
171,1,1412.1077962941797,874.8777204021136,0.45885724854273946,90.31294250488281,8.424858093261719,0,3,0,2,2,-0.049436041314359296,-0.9343375000417884,-0.7702931616241206,0,0,0,0,159,False,False,
171,2,1432.8411713028427,868.6517960056296,0.15321159962900707,72.73603057861328,4.772486209869385,0,2,0,1,1,0.3006390912264572,-0.9718218192186734,-0.5555066541207616,0,0,0,0,159,False,False,
171,3,1351.8573783835202,885.9726994273801,0.8471508490160635,158.55038452148438,14.534040451049805,0,5,0,4,4,-0.26260221766351355,-0.9010998410953313,0.3162590333775732,0,0,0,0,159,False,False,
171,4,1458.3143479375801,870.0721101006905,0.5221695603182557,59.74510192871094,1.3545037508010864,0,1,0,0,0,0.8556476130874968,-0.9947910027761784,-0.7714231878330791,0,0,0,0,159,False,False,
171,5,1392.0275265970613,870.7391831893543,0.31495162239999996,115.4672622680664,8.233842849731445,0,3,0,2,2,0.35619345916714357,-0.985121341897787,-0.6322978387814602,0,0,0,0,159,False,False,
171,6,1421.5115683837373,877.4416734095208,0.0,89.09513092041016,7.923079490661621,0,3,0,2,2,-0.07253178178847293,-0.9088392417324493,-0.4155632113172023,4,0,0,0,159,False,False,
171,7,1412.9887555344203,869.6289027022771,1.4380765376480074,93.18266296386719,8.031715393066406,0,3,0,2,2,0.13292392169452494,-0.9310377194092775,-0.6053949793281858,0,0,0,0,159,False,False,
132,0,1375.3268643793651,860.8974337589294,1.2556194932093252,127.83949279785156,2.5414342880249023,0,4,0,3,3,0.42475549456139877,-0.9261664104681391,0.6109023366691124,0,0,0,0,120,True,True,collision
172,1,1411.3430303293187,874.9155899258913,0.7657029984536298,91.07865142822266,8.441390037536621,0,3,0,2,2,-0.05593291315940153,-0.9363717580910075,-0.769634507322237,0,0,0,0,160,False,False,
172,2,1432.8411713028427,868.6517960056296,0.0,72.73603057861328,4.7662200927734375,0,2,0,1,1,0.3006390912264572,-0.9718218192186734,-0.5555066541207616,1,0,0,0,160,False,False,
172,3,1351.5392116539463,886.0221323932844,0.32198398395857475,158.8724365234375,14.533113479614258,0,5,0,4,4,-0.2647835140285426,-0.9018860493680474,0.32056559940714546,0,0,0,0,160,False,False,
172,4,1458.1708355388005,870.0812797655764,0.14380504635663682,59.88895034790039,1.3512005805969238,0,1,0,0,0,0.9028644584063853,-0.9948632366406371,-0.7715254692050741,0,0,0,1,160,False,False,
172,5,1391.4043459788977,870.7789705278778,0.6244494496447341,116.0916976928711,8.24264144897461,0,3,0,2,2,0.3985465174294935,-0.9865027598378305,-0.6339094421657443,0,0,0,0,160,False,False,
172,6,1421.602424354025,877.4405221314364,-0.09086326418395425,89.18595886230469,7.920820236206055,0,3,0,2,2,-0.07207767999188945,-0.908598575606247,-0.4152335554251263,5,0,0,0,160,False,False,
172,7,1411.96327372321,869.5921046500042,1.0261418234210993,94.2088394165039,8.043959617614746,0,3,0,2,2,0.13632566536940594,-0.933714127566432,-0.595792250696731,0,0,0,0,160,False,False,
132,0,1375.3268643793651,860.8974337589294,1.2556194932093252,127.83949279785156,2.5414342880249023,0,4,0,3,3,0.42475549456139877,-0.9261664104681391,0.6109023366691124,0,0,0,0,120,True,True,collision
173,1,1410.4302956896108,874.9718285124496,0.9144655822614061,91.99310302734375,8.46071720123291,0,3,0,2,2,-0.06614035535460516,-0.9387976495313901,-0.7675171428496288,0,0,0,0,161,False,False,
173,2,1432.86766585915,868.65444345769,-0.026626500264509745,72.76264953613281,4.761775970458984,0,2,0,1,1,0.2999767873165404,-0.9717585623315854,-0.555865410749755,2,0,0,0,161,False,False,
173,3,1351.5392116539463,886.0221323932844,0.0,158.8724365234375,14.517921447753906,0,5,0,4,4,-0.2647835140285426,-0.9018860493680474,0.32056559940714546,1,0,0,0,161,False,False,
173,4,1457.7153869919541,870.109567887931,0.45632619549054393,60.345272064208984,1.3429055213928223,0,1,0,0,0,1.0,-0.9949019872043882,-0.7728752945949354,0,0,0,2,161,False,False,
173,5,1391.1308860275883,870.7968869442357,0.27404624234837727,116.36572265625,8.248446464538574,0,3,0,2,2,0.41855609747630196,-0.9870884996471034,-0.6346710924942625,0,0,0,0,161,False,False,
173,6,1421.7699654003557,877.4382817047592,-0.16755602560707292,89.35357666015625,7.929203510284424,0,3,0,2,2,-0.0721713386558804,-0.9081544833027818,-0.41465537123564244,0,0,0,0,161,False,False,
173,7,1411.0762911186227,869.5655709878663,0.887379386771368,95.09619903564453,8.060412406921387,0,3,0,2,2,0.13739703935257996,-0.9360274521427452,-0.5881234918643143,0,0,0,0,161,False,False,
132,0,1375.3268643793651,860.8974337589294,1.2556194932093252,127.83949279785156,2.5414342880249023,0,4,0,3,3,0.42475549456139877,-0.9261664104681391,0.6109023366691124,0,0,0,0,120,True,True,collision
174,1,1409.233863944673,875.0676571789465,1.2002633267819913,93.19334411621094,8.479195594787598,0,3,0,2,2,-0.08212904487540981,-0.941973084607488,-0.7620973307020321,0,0,0,0,162,False,False,
174,2,1432.5803713546045,868.6253471918544,0.2887641339011105,73.05146789550781,4.7607526779174805,0,2,0,1,1,0.3089247663228472,-0.9724421756430334,-0.5518912734722599,0,0,0,0,162,False,False,
174,3,1351.5876633240325,886.0146165870099,-0.049031129684262736,158.92147827148438,14.507885932922363,0,5,0,4,4,-0.2642859687880294,-0.9017664296083869,0.31990628762299345,2,0,0,0,162,False,False,
174,4,1457.1931808239904,870.1394132775149,0.523058342002945,60.86821746826172,1.3342878818511963,0,1,0,0,0,1.0,-0.9945920667873716,-0.7755540488730011,0,0,0,3,162,False,False,
174,5,1390.8527100229308,870.8159580253059,0.27882897213235275,116.64457702636719,8.258121490478516,0,3,0,2,2,0.4400025216685258,-0.987670212725984,-0.6355503463902451,0,0,0,0,162,False,False,
174,6,1422.0613052224223,877.4335675241225,-0.2913779597376533,89.6448745727539,7.938643932342529,0,3,0,2,2,-0.07334030746852578,-0.9073828777941112,-0.41374684508562876,0,0,0,0,162,False,False,
174,7,1410.0184317822914,869.5394870034769,1.058180868143501,96.15438079833984,8.076811790466309,0,3,0,2,2,0.140185956176515,-0.9387841148133726,-0.5796492029085186,0,0,0,0,162,False,False,
132,0,1375.3268643793651,860.8974337589294,1.2556194932093252,127.83949279785156,2.5414342880249023,0,4,0,3,3,0.42475549456139877,-0.9261664104681391,0.6109023366691124,0,0,0,0,120,True,True,collision
175,1,1407.9296114908877,875.1751589086685,1.3086753169131853,94.50209045410156,8.488875389099121,0,3,0,2,2,-0.08893441371362264,-0.9454311007396962,-0.7558202331420689,0,0,0,0,163,False,False,
175,2,1432.253474081865,868.5925524214128,0.3285381620036416,73.38002014160156,4.757959365844727,0,2,0,1,1,0.31802059283900297,-0.9732143890833351,-0.5473900926912785,0,0,0,0,163,False,False,
175,3,1351.32407708466,886.0554232387206,0.26672624244787935,159.18817138671875,14.511496543884277,0,5,0,4,4,-0.26596599301709983,-0.9024168372949778,0.323465839451063,0,0,0,0,163,False,False,
175,4,1456.5091078085745,870.177220519733,0.6851169812405249,61.5533447265625,4.54709005355835,0,2,1,1,1,0.008909249853788815,-0.9104278347660428,-0.7789206439484246,0,0,0,0,163,False,False,
175,5,1390.799815118862,870.8196137244836,0.05302108083502214,116.69756317138672,8.25076675415039,0,3,0,2,2,0.4443382842671749,-0.9877788107873862,-0.6357185189199956,1,0,0,0,163,False,False,
175,6,1422.1499464925605,877.432143083462,-0.08865271458279965,89.73351287841797,7.928652763366699,0,3,0,2,2,-0.07308262120532921,-0.9071480895663101,-0.4134684156381071,1,0,0,0,163,False,False,
175,7,1408.7680578829452,869.5204287621355,1.250519134091677,97.40489196777344,8.093853950500488,0,3,0,2,2,0.1418580326918642,-0.9420408084874872,-0.571035356194735,0,0,0,0,163,False,False,
132,0,1375.3268643793651,860.8974337589294,1.2556194932093252,127.83949279785156,2.5414342880249023,0,4,0,3,3,0.42475549456139877,-0.9261664104681391,0.6109023366691124,0,0,0,0,120,True,True,collision
176,1,1406.3390087278042,875.3267617415826,1.5978111806081767,96.0998764038086,8.499227523803711,0,3,0,2,2,-0.10525609004781068,-0.949638260213076,-0.7457050685479578,0,0,0,0,164,False,False,
176,2,1431.61852273202,868.532446415923,0.6377898937472346,74.01774597167969,4.768373012542725,0,2,0,1,1,0.33473954444233606,-0.9746989183829665,-0.5391052158011169,0,0,0,0,164,False,False,
176,3,1350.7535702547216,886.1423440894739,0.5770903545391649,159.7653045654297,14.518588066101074,0,5,0,4,4,-0.2685491998878054,-0.903823009453965,0.33098846570280904,0,0,0,0,164,False,False,
176,4,1456.3014005574325,870.188928910608,0.20803698852335523,61.761436462402344,4.5610880851745605,0,2,0,1,1,0.008262183324135069,-0.9109826943883512,-0.779967241374776,0,0,0,0,164,False,False,
176,5,1390.6987057808942,870.8267055284101,0.10135774221639465,116.79888153076172,8.259860038757324,0,3,0,2,2,0.4528776986171209,-0.9879847282337023,-0.6360554357032082,0,0,0,0,164,False,False,
176,6,1422.2241700749028,877.4309931783733,-0.07423248923102825,89.8077392578125,7.925940036773682,0,3,0,2,2,-0.07256068071067401,-0.9069514387946711,-0.4132344091229724,2,0,0,0,164,False,False,
176,7,1407.454788730898,869.5041382473387,1.3133701864255671,98.71822357177734,8.109474182128906,0,3,0,2,2,0.14897227372755803,-0.9454532656691312,-0.5624361741941526,0,0,0,0,164,False,False,
132,0,1375.3268643793651,860.8974337589294,1.2556194932093252,127.83949279785156,2.5414342880249023,0,4,0,3,3,0.42475549456139877,-0.9261664104681391,0.6109023366691124,0,0,0,0,120,True,True,collision
177,1,1404.4718414744227,875.5470982365661,1.8801227946923798,97.98001861572266,8.518674850463867,0,3,0,2,2,-0.1326521431849503,-0.9545542075255541,-0.7287632083899769,0,0,0,0,165,False,False,
177,2,1430.8657007093384,868.461748334172,0.7561343905666577,74.77387237548828,4.774158000946045,0,2,0,1,1,0.3615662192188754,-0.9764218994611515,-0.52933471484651,0,0,0,0,165,False,False,
177,3,1349.9490064837478,886.2661945900402,0.8140404216340893,160.579345703125,14.52269458770752,0,5,0,4,4,-0.27555762647026033,-0.9057979084806317,0.34174819160931413,0,0,0,0,165,False,False,
177,4,1455.7827880551513,870.21823969535,0.5194401309340045,62.28082275390625,4.573608875274658,0,2,0,1,1,0.008296370969581643,-0.9123676071776341,-0.7825947835013801,0,0,0,0,165,False,False,
177,5,1390.331459858764,870.8523271575616,0.3681386086809987,117.16708374023438,8.26159381866455,0,3,0,2,2,0.48929528720035065,-0.9887100099949749,-0.637271634968589,0,0,0,0,165,False,False,
177,6,1422.4350512535386,877.4276498710814,-0.2109076793446635,90.0186996459961,7.928011417388916,0,3,0,2,2,-0.07235514540582623,-0.9063925069106236,-0.4125605183841762,0,0,0,0,165,False,False,
177,7,1406.6749556590416,869.4910500050092,0.7799428966584723,99.49823760986328,8.124133110046387,0,3,0,2,2,0.15771321158984947,-0.9474721731360358,-0.5569134088991997,0,0,0,0,165,False,False,
132,0,1375.3268643793651,860.8974337589294,1.2556194932093252,127.83949279785156,2.5414342880249023,0,4,0,3,3,0.42475549456139877,-0.9261664104681391,0.6109023366691124,0,0,0,0,120,True,True,collision
178,1,1402.807719956502,875.7848062149255,1.6810132389074066,99.66096496582031,8.537764549255371,0,3,0,2,2,-0.1642179925382632,-0.9589028375853873,-0.7087156878585208,0,0,0,0,166,False,False,
178,2,1429.8138335709698,868.3558602024972,1.0571834151220592,75.83106994628906,4.783750534057617,0,2,0,1,1,0.41173665765284745,-0.9787330102909193,-0.5148361731421809,0,0,0,0,166,False,False,
178,3,1348.8484978072854,886.4384649903598,1.1139104262888515,161.69322204589844,14.528963088989258,0,5,0,4,4,-0.2858906649539007,-0.9084825029727284,0.35682260202209526,0,0,0,0,166,False,False,
178,4,1454.959251931541,870.2696514795294,0.8251393327453448,63.10603332519531,4.586148738861084,0,2,0,1,1,0.004664583362119224,-0.9145681096805219,-0.7873445497521406,0,0,0,0,166,False,False,
178,5,1389.6564541899727,870.8997281075581,0.6766679414314529,117.84367370605469,8.263147354125977,0,3,0,2,2,0.5684599709867102,-0.989929243116152,-0.6395273137001124,0,0,0,0,166,False,False,
178,6,1422.3276374587654,877.4293386057851,0.10742706890013536,90.12613677978516,7.94222354888916,0,3,0,2,2,-0.0724916426371073,-0.9066771615836975,-0.4129121284667754,0,0,0,0,166,False,False,
178,7,1405.6616965521553,869.4685197248649,1.013509561480199,100.51167297363281,8.139012336730957,0,3,0,2,2,0.16981643374101243,-0.9500839208160905,-0.5490904561817798,0,0,0,0,166,False,False,
132,0,1375.3268643793651,860.8974337589294,1.2556194932093252,127.83949279785156,2.5414342880249023,0,4,0,3,3,0.42475549456139877,-0.9261664104681391,0.6109023366691124,0,0,0,0,120,True,True,collision
179,1,1401.681676657025,875.9647383511018,1.1403284991292144,100.80134582519531,8.554167747497559,0,3,0,2,2,-0.1885129672237743,-0.9618210937033168,-0.6928577872714405,0,0,0,0,167,False,False,
179,2,1429.2655368751098,868.2977134705585,0.55137129878699,76.38247680664062,4.79234504699707,0,2,0,1,1,0.44337022221656325,-0.9798820183238526,-0.5069318069682371,0,0,0,0,167,False,False,
179,3,1347.4880107495794,886.6408886295263,1.3754636904981214,163.06866455078125,14.532966613769531,0,5,0,4,4,-0.2923801594071266,-0.911784759878381,0.3741818490756885,0,0,0,0,167,False,False,
179,4,1453.9469550816746,870.3340989093956,1.0143462838036315,64.12041473388672,4.599235534667969,0,2,0,1,1,0.004007349319940406,-0.9172730680646007,-0.7933386869541682,0,0,0,0,167,False,False,
179,5,1389.2919123930048,870.9258194124449,0.3654743191077616,118.209228515625,8.268356323242188,0,3,0,2,2,0.618544811155439,-0.990511295445832,-0.6408092897785063,0,0,0,0,167,False,False,
179,6,1422.3276374587654,877.4293386057851,0.0,90.12613677978516,7.942445755004883,0,3,0,2,2,-0.0724916426371073,-0.9066771615836975,-0.4129121284667754,1,0,0,0,167,False,False,
179,7,1404.526040369748,869.4359855408728,1.1361221051313266,101.64788055419922,8.156086921691895,0,3,0,2,2,0.1849665830632748,-0.9529943707218156,-0.5394444766515469,0,0,0,0,167,False,False,
132,0,1375.3268643793651,860.8974337589294,1.2556194932093252,127.83949279785156,2.5414342880249023,0,4,0,3,3,0.42475549456139877,-0.9261664104681391,0.6109023366691124,0,0,0,0,120,True,True,collision
180,1,1400.266826151593,876.1936624316891,1.433250915713636,102.23454284667969,8.558987617492676,0,3,0,2,2,-0.2104500524199125,-0.9654561649565201,-0.672598214415373,0,0,0,0,168,False,False,
180,2,1428.6739211673191,868.2354121132993,0.594887052154425,76.97730255126953,4.796180248260498,0,2,0,1,1,0.4771146816671098,-0.9810722230630001,-0.4984493709495519,0,0,0,0,168,False,False,
180,3,1346.655834137767,886.7613959614616,0.8408566645379842,163.9095001220703,14.536528587341309,0,5,0,4,4,-0.29718446908153234,-0.9137928151721431,0.3844066702776736,0,0,0,0,168,False,False,
180,4,1452.8145777915554,870.4061083718806,1.1346645715210546,65.2550277709961,4.619781017303467,0,2,0,1,1,0.00420729129612438,-0.920298637655083,-0.8000354868907755,0,0,0,0,168,False,False,
180,5,1389.2919123930048,870.9258194124449,0.0,118.209228515625,8.258769989013672,0,3,0,2,2,0.618544811155439,-0.990511295445832,-0.6408092897785063,1,0,0,0,168,False,False,
180,6,1422.1269797895104,877.4324838549447,0.20068231816253848,90.32684326171875,7.957687854766846,0,3,0,2,2,-0.07287925952197914,-0.9072088929375774,-0.4135415391008135,0,0,0,0,168,False,False,
180,7,1403.3278289819682,869.3865232163479,1.1992318588799422,102.8470230102539,8.170543670654297,0,3,0,2,2,0.20682253447999857,-0.9560359042767144,-0.5274611762437821,0,0,0,0,168,False,False,
132,0,1375.3268643793651,860.8974337589294,1.2556194932093252,127.83949279785156,2.5414342880249023,0,4,0,3,3,0.42475549456139877,-0.9261664104681391,0.6109023366691124,0,0,0,0,120,True,True,collision
181,1,1398.8664774238327,876.4361429039423,1.4211872989736094,103.65577697753906,8.559266090393066,0,3,0,2,2,-0.2435652994228475,-0.9690010852576413,-0.6506313602118945,0,0,0,0,169,False,False,
181,2,1428.221380083568,868.1893697487094,0.45487727116197796,77.4321517944336,4.804408550262451,0,2,0,1,1,0.5039011443765591,-0.9819443369843347,-0.4921550359196857,0,0,0,0,169,False,False,
181,3,1345.5278234779719,886.9275023607125,1.1401751551772192,165.04971313476562,14.540178298950195,0,5,0,4,4,-0.3091907306777481,-0.9164934954686251,0.3985944515585931,0,0,0,0,169,False,False,
181,4,1451.5034462739864,870.4987822471644,1.314402641325249,66.5694580078125,4.639251232147217,0,2,0,1,1,-0.00029932628077915523,-0.9238037751787836,-0.8088984336256786,0,0,0,0,169,False,False,
181,5,1389.3479978899948,870.9218267632615,-0.05622743298531614,118.2655258178711,8.248003959655762,0,3,0,2,2,0.6105456035639141,-0.9904258064330185,-0.6406112446848276,2,0,0,0,169,False,False,
181,6,1421.6148594218835,877.4423028038412,0.5122144889552982,90.83901977539062,7.966499328613281,0,3,0,2,2,-0.0762251962391613,-0.9085650663765703,-0.41496307293719514,0,0,0,0,169,False,False,
181,7,1402.1971692694037,869.3223072665437,1.1324818205277065,103.97958374023438,8.18561840057373,0,3,0,2,2,0.23228208894744537,-0.9588704674653789,-0.5140423347687029,0,0,0,0,169,False,False,
132,0,1375.3268643793651,860.8974337589294,1.2556194932093252,127.83949279785156,2.5414342880249023,0,4,0,3,3,0.42475549456139877,-0.9261664104681391,0.6109023366691124,0,0,0,0,120,True,True,collision
182,1,1397.7991089918921,876.6220721582857,1.0834413030359706,104.73922729492188,8.56673526763916,0,3,0,2,2,-0.2685009122191938,-0.9716597006516229,-0.6337632238265171,0,0,0,0,170,False,False,
182,2,1427.6682205474342,868.1354661911599,0.5557796919034861,77.98799896240234,4.810133934020996,0,2,0,1,1,0.5404483843781426,-0.9829580133300271,-0.48474109434550383,0,0,0,0,170,False,False,
182,3,1344.7799936576619,887.0403400753279,0.7562947771765764,165.8059844970703,14.544632911682129,0,5,0,4,4,-0.31883458972156026,-0.9182681264734845,0.40832873381607393,0,0,0,0,170,False,False,
182,4,1449.9622522274763,870.6283919399419,1.5466343334673276,68.11603546142578,4.661898612976074,0,2,0,1,1,-0.009292012285204185,-0.9279275733739101,-0.8218015946060383,0,0,0,0,170,False,False,
182,5,1389.0890059370956,870.9402616749306,0.25964721765274157,118.52521514892578,8.250161170959473,0,3,0,2,2,0.6498317360036998,-0.9908060008594146,-0.6415051061216401,0,0,0,0,170,False,False,
182,6,1420.8275100049743,877.4644166929033,0.787659906556435,91.6266860961914,7.982365131378174,0,3,0,2,2,-0.0838159245510547,-0.9106477467058492,-0.4162955893916894,0,0,0,0,170,False,False,
182,7,1400.925599421599,869.248574205944,1.2737057910174916,105.25320434570312,8.193839073181152,0,3,0,2,2,0.25341932046094306,-0.9620223071265183,-0.4987778833942047,0,0,0,0,170,False,False,
132,0,1375.3268643793651,860.8974337589294,1.2556194932093252,127.83949279785156,2.5414342880249023,0,4,0,3,3,0.42475549456139877,-0.9261664104681391,0.6109023366691124,0,0,0,0,120,True,True,collision
183,1,1396.4399211297377,876.8466243236119,1.3776121803978794,106.11678314208984,8.5781831741333,0,3,0,2,2,-0.3004825074584409,-0.9749807839044121,-0.6137449469629064,0,0,0,0,171,False,False,
183,2,1427.2318784785214,868.0924892001217,0.4384534443492727,78.4263916015625,4.8120341300964355,0,2,0,1,1,0.5754391048717341,-0.9837059033532064,-0.47884210626216983,0,0,0,0,171,False,False,
183,3,1343.798645519845,887.1983319782199,0.9939847126470497,166.79994201660156,14.547405242919922,0,5,0,4,4,-0.33550010522580526,-0.9205699525017528,0.42228187968577613,0,0,0,0,171,False,False,
183,4,1448.1385280615439,870.7820192394115,1.8301833734761352,69.94622802734375,4.680948734283447,0,2,0,1,1,-0.01006265984676165,-0.9328075104214747,-0.8370906015139472,0,0,0,0,171,False,False,
183,5,1389.0890059370956,870.9402616749306,0.0,118.52521514892578,8.234007835388184,0,3,0,2,2,0.6498317360036998,-0.9908060008594146,-0.6415051061216401,1,0,0,0,171,False,False,
183,6,1419.740292844692,877.5074646379745,1.0880690599346128,92.7148208618164,7.99747896194458,0,3,0,2,2,-0.09418072415619085,-0.9135187669108122,-0.41664719947428863,0,0,0,0,171,False,False,
183,7,1400.1856252556404,869.2091750163421,0.741022308994416,105.99424743652344,8.204608917236328,0,3,0,2,2,0.26374641117285413,-0.9638395405319,-0.4903036230245945,0,0,0,0,171,False,False,
132,0,1375.3268643793651,860.8974337589294,1.2556194932093252,127.83949279785156,2.5414342880249023,0,4,0,3,3,0.42475549456139877,-0.9261664104681391,0.6109023366691124,0,0,0,0,120,True,True,collision
184,1,1394.857277867634,877.1126539241261,1.6048462366945646,107.72163391113281,8.584589004516602,0,3,0,2,2,-0.36081825629455705,-0.9786969247018334,-0.5898886316513337,0,0,0,0,172,False,False,
184,2,1426.4899041385777,868.018227967938,0.7456813339089235,79.17215728759766,4.814446449279785,0,2,0,1,1,0.6423127052090112,-0.984852660286844,-0.4686762869472161,0,0,0,0,172,False,False,
184,3,1342.6565962305247,887.3958614709499,1.1590058152291507,167.95899963378906,14.549938201904297,0,5,0,4,4,-0.35605648984145166,-0.9232067012853353,0.4401688277251239,0,0,0,0,172,False,False,
184,4,1446.2046196478395,870.9710623383484,1.9431261013768264,71.889404296875,4.6985859870910645,0,2,0,1,1,-0.020147876246521593,-0.9379869192986052,-0.8564415624614443,0,0,0,0,172,False,False,
184,5,1388.7749290492936,870.9637187208009,0.31495162239999996,118.84017944335938,8.236796379089355,0,3,0,2,2,0.6994617627357419,-0.9912185165719875,-0.6427359415140365,0,0,0,0,172,False,False,
184,6,1418.414323839853,877.575171534441,1.3276965111134906,94.04248046875,8.016534805297852,0,3,0,2,2,-0.1057775421013591,-0.9170123917537087,-0.41524087348863403,0,0,0,0,172,False,False,
184,7,1399.550106172034,869.1755930218419,0.6364057322042401,106.63075256347656,8.210277557373047,0,3,0,2,2,0.2760463462971403,-0.9653868587552071,-0.4830668586286201,0,0,0,0,172,False,False,
132,0,1375.3268643793651,860.8974337589294,1.2556194932093252,127.83949279785156,2.5414342880249023,0,4,0,3,3,0.42475549456139877,-0.9261664104681391,0.6109023366691124,0,0,0,0,120,True,True,collision
185,1,1393.4030327615853,877.3611001345865,1.4753149995706283,109.1969223022461,8.59439754486084,0,3,0,2,2,-0.43723533832246503,-0.9818856582116614,-0.5674897830114128,0,0,0,0,173,False,False,
185,2,1426.0231771615747,867.96972109279,0.4692408635220758,79.64134979248047,4.816471099853516,0,2,0,1,1,0.6913001911985122,-0.9854763150052981,-0.462060128640122,0,0,0,0,173,False,False,
185,3,1342.0380509191543,887.5068855318043,0.628430301868621,168.58741760253906,14.552803993225098,0,5,0,4,4,-0.36767429726425893,-0.9246161254965704,0.45033521876378924,0,0,0,0,173,False,False,
185,4,1443.9971441451019,871.1736939152447,2.2167561099820365,74.10608673095703,4.715819835662842,0,2,0,1,1,-0.01811523038564202,-0.9438958971694646,-0.8769561812652314,0,0,0,0,173,False,False,
185,5,1388.1526243049077,871.0154286838301,0.6244494496447341,119.46463775634766,8.238862037658691,0,3,0,2,2,0.8101786722232112,-0.9918531443382929,-0.6457751675922302,0,0,0,0,173,False,False,
185,6,1417.0794271373497,877.6401771622593,1.336478558751466,95.37889862060547,8.031611442565918,0,3,0,2,2,-0.10893074484739095,-0.9205263558567777,-0.41420811177610206,0,0,0,0,173,False,False,
185,7,1398.6117258254897,869.1232160570751,0.9398409552785805,107.57056427001953,8.224233627319336,0,3,0,2,2,0.29878596387758055,-0.9676406140051435,-0.47204322505686647,0,0,0,0,173,False,False,
132,0,1375.3268643793651,860.8974337589294,1.2556194932093252,127.83949279785156,2.5414342880249023,0,4,0,3,3,0.42475549456139877,-0.9261664104681391,0.6109023366691124,0,0,0,0,120,True,True,collision
186,1,1392.040119788173,877.609635692439,1.3853886446094565,110.58231353759766,8.597695350646973,0,3,0,2,2,-0.5424539673252986,-0.9845327785266709,-0.5446156890362717,0,0,0,0,174,False,False,
186,2,1425.7722571335903,867.9437779621168,0.2522576192562378,79.89366149902344,4.813392639160156,0,2,0,1,1,0.7176070400448187,-0.9857778223082085,-0.4585179000405123,0,0,0,0,174,False,False,
186,3,1341.1213914119357,887.6754096135631,0.9320220052696269,169.51953125,14.553372383117676,0,5,0,4,4,-0.38221683409375057,-0.9266801700330393,0.4658854176493168,0,0,0,0,174,False,False,
186,4,1441.9671792466052,871.362890443903,2.0387625696940397,76.14491271972656,4.735222816467285,0,2,0,1,1,-0.021043390897418135,-0.9493300886837561,-0.8961607952356663,0,0,0,0,174,False,False,
186,5,1387.2281858763167,871.0980043191507,0.9281191431085185,120.39275360107422,8.233654022216797,0,3,0,2,2,1.0,-0.9922275122800494,-0.6512840400009925,0,0,0,1,174,False,False,
186,6,1416.2216993388988,877.6862699761568,0.8589653798194448,96.23792266845703,8.040579795837402,0,3,0,2,2,-0.11544058262139868,-0.9227806108803849,-0.41303642120166495,0,0,0,0,174,False,False,
186,7,1398.1420535363707,869.0950090636912,0.470518536980134,108.041015625,8.234768867492676,0,3,0,2,2,0.3131330621448392,-0.9687518559608582,-0.4662864818329645,0,0,0,0,174,False,False,
132,0,1375.3268643793651,860.8974337589294,1.2556194932093252,127.83949279785156,2.5414342880249023,0,4,0,3,3,0.42475549456139877,-0.9261664104681391,0.6109023366691124,0,0,0,0,120,True,True,collision
187,1,1391.2049480120415,877.7708612899896,0.8505913172328864,111.43294525146484,8.601529121398926,0,3,0,2,2,-0.6270160175825791,-0.9859028916395387,-0.5295267282550318,0,0,0,0,175,False,False,
187,2,1425.6542002406343,867.9316051005482,0.11868280639241015,80.01233673095703,4.813321113586426,0,2,0,1,1,0.7303456637486572,-0.9859107331157632,-0.4568491528712594,0,0,0,0,175,False,False,
187,3,1340.3248601675427,887.8224449304564,0.8099885231954309,170.32949829101562,14.555281639099121,0,5,0,4,4,-0.3935473568574088,-0.9284510346462289,0.4794651135906387,0,0,0,0,175,False,False,
187,4,1439.9200291025552,871.5265534304132,2.0536818851606347,78.19856262207031,4.753715991973877,0,2,0,1,1,-0.014201764195423848,-0.9548052713836137,-0.9122766647079412,0,0,0,0,175,False,False,
187,5,1386.3030728334443,871.1820986902584,0.9289273412623638,121.32161712646484,8.231115341186523,0,3,0,2,2,1.0,-0.9918359201012674,-0.6582831102638929,0,0,0,2,175,False,False,
187,6,1415.8886439424223,877.7053628033536,0.33360220798515655,96.57147979736328,8.056083679199219,0,3,0,2,2,-0.11908175651133585,-0.9236547464919644,-0.4124282786896961,0,0,0,0,175,False,False,
187,7,1397.6307682650133,869.0647271730157,0.5121812390255862,108.55326843261719,8.234807968139648,0,3,0,2,2,0.32625607997687717,-0.9699494882819368,-0.4600678430225066,0,0,0,0,175,False,False,
132,0,1375.3268643793651,860.8974337589294,1.2556194932093252,127.83949279785156,2.5414342880249023,0,4,0,3,3,0.42475549456139877,-0.9261664104681391,0.6109023366691124,0,0,0,0,120,True,True,collision
188,1,1390.5545118150687,877.9007028804535,0.6632692401632074,112.0961685180664,8.603545188903809,0,3,0,2,2,-0.7025029002844538,-0.9867883424690063,-0.5172655987096424,0,0,0,0,176,False,False,
188,2,1425.2248186237034,867.8875497265752,0.4316357827313449,80.44390869140625,4.815467834472656,0,2,0,1,1,0.7789702365863731,-0.986344048750416,-0.45084039383530905,0,0,0,0,176,False,False,
188,3,1340.0440732120542,887.8737446962638,0.28543472168679984,170.61489868164062,14.544753074645996,0,5,0,4,4,-0.3963288475581098,-0.9290707448086509,0.4841824059345836,0,0,0,0,176,False,False,
188,4,1437.5990803388377,871.6533579457326,2.324410150749569,80.52294921875,4.778797626495361,0,2,0,1,1,0.002129926934714869,-0.9610036035987394,-0.9235037247228084,0,0,0,0,176,False,False,
188,5,1385.0818606893326,871.2948921572619,1.2264099914483573,122.54800415039062,11.451679229736328,0,4,1,3,3,0.01132200747811175,-0.9099048511626806,-0.6677417073476674,0,0,0,0,176,False,False,
188,6,1415.8886439424223,877.7053628033536,0.0,96.57147979736328,8.054150581359863,0,3,0,2,2,-0.11908175651133585,-0.9236547464919644,-0.4124282786896961,1,0,0,0,176,False,False,
188,7,1396.8138823161423,869.0216919297658,0.8180187562791728,109.37129211425781,8.24217700958252,0,3,0,2,2,0.3460063999891026,-0.9718377448020039,-0.4507801341561124,0,0,0,0,176,False,False,
132,0,1375.3268643793651,860.8974337589294,1.2556194932093252,127.83949279785156,2.5414342880249023,0,4,0,3,3,0.42475549456139877,-0.9261664104681391,0.6109023366691124,0,0,0,0,120,True,True,collision
189,1,1390.2529385966536,877.9609613114795,0.3075345258258026,112.40376281738281,8.603839874267578,0,3,0,2,2,-0.7388844502751428,-0.9871369199490843,-0.5115740319888564,0,0,0,0,177,False,False,
189,2,1425.0710337763605,867.8717754483044,0.1545917433993225,80.59852600097656,4.817502975463867,0,2,0,1,1,0.7972107894762657,-0.9864787153751352,-0.44868139358340753,0,0,0,0,177,False,False,
189,3,1340.0440732120542,887.8737446962638,0.0,170.61489868164062,14.517759323120117,0,5,0,4,4,-0.3963288475581098,-0.9290707448086509,0.4841824059345836,1,0,0,0,177,False,False,
189,4,1435.5699443579283,871.7324376920685,2.0306763492248865,82.55366516113281,4.799046516418457,0,2,0,1,1,0.014028810863846136,-0.9664177056292634,-0.9295051799883437,0,0,0,0,177,False,False,
189,5,1383.6426840471172,871.414882634796,1.4441700461501126,123.99220275878906,11.469603538513184,0,4,0,3,3,0.01775992944478446,-0.9137546060786156,-0.6773246829248882,0,0,0,0,177,False,False,
189,6,1415.5742320874624,877.7237940245043,0.31495162239999996,96.886474609375,8.067519187927246,0,3,0,2,2,-0.12122915217219088,-0.9244797098210015,-0.41181287528659083,0,0,0,0,177,False,False,
189,7,1396.185239750133,868.9885987546289,0.6295130133995283,110.00082397460938,8.248739242553711,0,3,0,2,2,0.3666518119089258,-0.9732605487726194,-0.44363107217748865,0,0,0,0,177,False,False,
132,0,1375.3268643793651,860.8974337589294,1.2556194932093252,127.83949279785156,2.5414342880249023,0,4,0,3,3,0.42475549456139877,-0.9261664104681391,0.6109023366691124,0,0,0,0,120,True,True,collision
190,1,1390.2211913847786,877.9673026551785,0.03237434326353778,112.43612670898438,8.590880393981934,0,3,0,2,2,-0.7427705768818258,-0.987171078734408,-0.5109732647127666,1,0,0,0,178,False,False,
190,2,1425.0710337763605,867.8717754483044,0.0,80.59852600097656,4.7986345291137695,0,2,0,1,1,0.7972107894762657,-0.9864787153751352,-0.44868139358340753,1,0,0,0,178,False,False,
190,3,1340.0748053080224,887.8681347119125,-0.03123993673210965,170.6461639404297,14.497617721557617,0,5,0,4,4,-0.39579867069591423,-0.9290029083326751,0.4836766591393522,2,0,0,0,178,False,False,
190,4,1434.0332547912244,871.7678618923483,1.537097816790555,84.0908203125,4.819399833679199,0,2,0,1,1,0.027508619215173426,-0.9705134225870629,-0.9311227221526815,0,0,0,0,178,False,False,
190,5,1382.123315472816,871.5236256245304,1.5232550352419283,125.5155029296875,11.489357948303223,0,4,0,3,3,0.026475433766284102,-0.9178133867046515,-0.6852970842205056,0,0,0,0,178,False,False,
190,6,1414.9510822967734,877.7640613006206,0.6244494496447341,97.51094055175781,8.079174041748047,0,3,0,2,2,-0.12783174187073,-0.926112247626043,-0.41015070294002054,0,0,0,0,178,False,False,
190,7,1395.9034361512443,868.973324230138,0.28221725575353745,110.28297424316406,8.259371757507324,0,3,0,2,2,0.3776563922925852,-0.9738877256374674,-0.44037916487860074,0,0,0,0,178,False,False,
132,0,1375.3268643793651,860.8974337589294,1.2556194932093252,127.83949279785156,2.5414342880249023,0,4,0,3,3,0.42475549456139877,-0.9261664104681391,0.6109023366691124,0,0,0,0,120,True,True,collision
191,1,1390.2211913847786,877.9673026551785,0.0,112.43612670898438,8.576245307922363,0,3,0,2,2,-0.7427705768818258,-0.987171078734408,-0.5109732647127666,2,0,0,0,179,False,False,
191,2,1424.9704995834309,867.8614385150454,0.10106421788759778,80.69963836669922,4.793633460998535,0,2,0,1,1,0.809496774414651,-0.9865607267657688,-0.4472762110451761,0,0,0,0,179,False,False,
191,3,1340.1773141304,887.8493885081886,-0.10420882313556082,170.7504119873047,14.488162994384766,0,5,0,4,4,-0.39455272014026577,-0.9287768715435722,0.48194079160636405,0,0,0,0,179,False,False,
191,4,1432.6204277489933,871.7747946342154,1.4128440516099603,85.50355529785156,4.840465068817139,0,2,0,1,1,0.044775768628443305,-0.9742725886646384,-0.9295344522423747,0,0,0,0,179,False,False,
191,5,1380.6309707211517,871.6355257033152,1.4965341577968374,127.01200103759766,11.504091262817383,0,4,0,3,3,0.025556158187385197,-0.9218009853606963,-0.6937380416839185,0,0,0,0,179,False,False,
191,6,1414.8484491649301,877.7708323819351,0.10285624577110099,97.61382293701172,8.093320846557617,0,3,0,2,2,-0.12916689242061669,-0.9263809979341128,-0.4098576373654834,0,0,0,0,179,False,False,
191,7,1395.9034361512443,868.973324230138,0.0,110.28297424316406,8.249896049499512,0,3,0,2,2,0.3776563922925852,-0.9738877256374674,-0.44037916487860074,1,0,0,0,179,False,False,
132,0,1375.3268643793651,860.8974337589294,1.2556194932093252,127.83949279785156,2.5414342880249023,0,4,0,3,3,0.42475549456139877,-0.9261664104681391,0.6109023366691124,0,0,0,0,120,True,True,collision
192,1,1390.2320501028832,877.96513477344,-0.01107300637170431,112.44719696044922,8.561800003051758,0,3,0,2,2,-0.7413647685070676,-0.9871593605821627,-0.5111785706975818,3,0,0,0,180,False,False,
192,2,1424.9704995834309,867.8614385150454,0.0,80.69963836669922,4.777376651763916,0,2,0,1,1,0.809496774414651,-0.9865607267657688,-0.4472762110451761,1,0,0,0,180,False,False,
192,3,1340.3309393292523,887.821380701505,-0.1561574172354105,170.906494140625,14.480278968811035,0,5,0,4,4,-0.3920585029836597,-0.928437445816142,0.4793700931097802,0,0,0,0,180,False,False,
192,4,1430.9208687197308,871.7692613451187,1.6995680366598156,87.2031478881836,4.858470916748047,0,2,0,1,1,0.06063587242953822,-0.9787879156645563,-0.9259629728283733,0,0,0,0,180,False,False,
192,5,1378.9853849799883,871.7624675739664,1.650474680219238,128.6625213623047,11.52099895477295,0,4,0,3,3,0.02563230312323981,-0.9261990052254354,-0.7034746394224309,0,0,0,0,180,False,False,
192,6,1414.5841860489697,877.7889192790084,0.26488135136863794,97.87860107421875,8.104079246520996,0,3,0,2,2,-0.13198965620649436,-0.9270720780134826,-0.4090222346781761,0,0,0,0,180,False,False,
192,7,1395.588944359112,868.9563113781182,0.31495162239999996,110.59788513183594,8.257688522338867,0,3,0,2,2,0.3893457353626534,-0.9745797045249547,-0.43674586069174226,0,0,0,0,180,False,False,
132,0,1375.3268643793651,860.8974337589294,1.2556194932093252,127.83949279785156,2.5414342880249023,0,4,0,3,3,0.42475549456139877,-0.9261664104681391,0.6109023366691124,0,0,0,0,120,True,True,collision
193,1,1389.934008098395,878.0253379460165,0.30406160301425844,112.75130462646484,11.773914337158203,0,4,1,3,3,-0.17689543741727348,-0.897192411956449,-0.5054803148093707,0,0,0,0,181,False,False,
193,2,1424.7717646434676,867.8412555075456,0.19975717797853512,80.8993911743164,4.776305675506592,0,2,0,1,1,0.8330785196015281,-0.9867086002761318,-0.44450964000501747,0,0,0,0,181,False,False,
193,3,1340.1722784966757,887.8505496604856,0.1613198312727273,171.06784057617188,14.479222297668457,0,5,0,4,4,-0.39522753904472424,-0.9287879330715627,0.48205833800145736,0,0,0,0,181,False,False,
193,4,1428.9420019517465,871.724124096302,1.9793814833588075,89.18254852294922,4.874621391296387,0,2,0,1,1,0.09717753286531029,-0.9840201127812834,-0.9171583562051404,0,0,0,0,181,False,False,
193,5,1377.8785836027164,871.8520125654319,1.1104177566247897,129.77294921875,11.540809631347656,0,4,0,3,3,0.024223125970668332,-0.9291580868241972,-0.7105249075437,0,0,0,0,181,False,False,
193,6,1414.0103466978176,877.8295839216801,0.5752783796513149,98.45388793945312,8.119705200195312,0,3,0,2,2,-0.13637015247889067,-0.9285718614903657,-0.40705967869356097,0,0,0,0,181,False,False,
193,7,1394.965261615842,868.9253767549756,0.6244494496447341,111.2224349975586,8.261791229248047,0,3,0,2,2,0.41162595492643844,-0.9759287883521063,-0.42988323229260184,0,0,0,0,181,False,False,
132,0,1375.3268643793651,860.8974337589294,1.2556194932093252,127.83949279785156,2.5414342880249023,0,4,0,3,3,0.42475549456139877,-0.9261664104681391,0.6109023366691124,0,0,0,0,120,True,True,collision
194,1,1389.3696091506122,878.1394261623872,0.5758144608926019,113.3270492553711,11.78706169128418,0,4,0,3,3,-0.1796315852756455,-0.8986679069256138,-0.49466867638985745,0,0,0,0,182,False,False,
194,2,1424.7717646434676,867.8412555075456,0.0,80.8993911743164,4.76170015335083,0,2,0,1,1,0.8330785196015281,-0.9867086002761318,-0.44450964000501747,1,0,0,0,182,False,False,
194,3,1340.1722784966757,887.8505496604856,0.0,171.06784057617188,14.457921028137207,0,5,0,4,4,-0.39522753904472424,-0.9287879330715627,0.48205833800145736,1,0,0,0,182,False,False,
194,4,1427.1073564220092,871.6724377014781,1.835373450607519,91.01799011230469,4.888991355895996,0,2,0,1,1,0.14450748958134782,-0.9888270825224049,-0.9078195781182126,0,0,0,0,182,False,False,
194,5,1377.300014941778,871.9019057109341,0.5807159558579894,130.3535919189453,11.557250022888184,0,4,0,3,3,0.021317625592479,-0.9307056191018879,-0.7145808013119459,0,0,0,0,182,False,False,
194,6,1413.3458981673411,877.8794635739193,0.6663181142366862,99.12018585205078,8.134506225585938,0,3,0,2,2,-0.1425491337639187,-0.9303053942824299,-0.404444500092219,0,0,0,0,182,False,False,
194,7,1394.6878116761868,868.9123794529564,0.27775420586292665,111.50008392333984,8.267877578735352,0,3,0,2,2,0.42192611229598737,-0.9765167380776012,-0.42692381884453956,0,0,0,0,182,False,False,
132,0,1375.3268643793651,860.8974337589294,1.2556194932093252,127.83949279785156,2.5414342880249023,0,4,0,3,3,0.42475549456139877,-0.9261664104681391,0.6109023366691124,0,0,0,0,120,True,True,collision
195,1,1388.785105725523,878.2562192376053,0.5960577793805252,113.92308044433594,11.802882194519043,0,4,0,3,3,-0.18101044165268074,-0.9001944688541098,-0.4836310927595423,0,0,0,0,183,False,False,
195,2,1424.8758020033854,867.8518065370941,-0.10457101167713774,81.0040512084961,4.755805015563965,0,2,0,1,1,0.8201505664480938,-0.9866334994970932,-0.44595867375192433,0,0,0,0,183,False,False,
195,3,1340.201324290147,887.8452136763563,-0.029531861523016362,171.09738159179688,14.438004493713379,0,5,0,4,4,-0.3947355710280489,-0.9287238096302615,0.48156722733324164,2,0,0,0,183,False,False,
195,4,1425.51105135873,871.6404206210539,1.5966261141827238,92.614501953125,4.901834487915039,0,2,0,1,1,0.222724653344393,-0.9929222700310187,-0.9012473710714434,0,0,0,0,183,False,False,
195,5,1376.6279144878972,871.9657165964521,0.6751228400946666,131.0287322998047,11.576671600341797,0,4,0,3,3,0.016242436844871755,-0.9325054161824042,-0.7199908512771679,0,0,0,0,183,False,False,
195,6,1413.065180012318,877.9014108043077,0.2815747919849091,99.40180969238281,8.148946762084961,0,3,0,2,2,-0.1460803012506694,-0.9310368933815157,-0.4032362763726143,0,0,0,0,183,False,False,
195,7,1394.2176000305396,868.893300318204,0.4705985604368399,111.97068786621094,8.2755708694458,0,3,0,2,2,0.4396140137000259,-0.9774978334575165,-0.4222583246688605,0,0,0,0,183,False,False,
132,0,1375.3268643793651,860.8974337589294,1.2556194932093252,127.83949279785156,2.5414342880249023,0,4,0,3,3,0.42475549456139877,-0.9261664104681391,0.6109023366691124,0,0,0,0,120,True,True,collision
196,1,1387.9018568408073,878.430512492117,0.9002814731625021,114.82341766357422,11.81803035736084,0,4,0,3,3,-0.18385081562610267,-0.9024982753455172,-0.4672235941685553,0,0,0,0,184,False,False,
196,2,1424.66481667494,867.8302373086311,0.21208498399374298,81.2162094116211,4.755387783050537,0,2,0,1,1,0.8468401336404845,-0.9867796783209245,-0.44300920829644286,0,0,0,0,184,False,False,
196,3,1340.2051523846067,887.8445104892239,-0.003892143282932369,171.10134887695312,14.422107696533203,0,5,0,4,4,-0.3946690861168147,-0.9287152066499884,0.48150147910641405,3,0,0,0,184,False,False,
196,4,1423.6327765418405,871.589441029905,1.878966526171873,94.49349212646484,4.899043083190918,0,2,0,1,1,0.630636099578381,-0.9970429877378804,-0.8919157037981779,0,0,0,0,184,False,False,
196,5,1376.2960579625528,871.9972745531136,0.3333536531107838,131.3621368408203,11.583413124084473,0,4,0,3,3,0.01636179444253211,-0.9333942080564689,-0.7226629449739941,0,0,0,0,184,False,False,
196,6,1412.4757086074553,877.9524093233412,0.5916733778821529,99.99348449707031,8.165393829345703,0,3,0,2,2,-0.1548569648051878,-0.9325693167061165,-0.40011597987212366,0,0,0,0,184,False,False,
196,7,1393.936668515648,868.8831255894276,0.2811157077875458,112.25187683105469,8.280816078186035,0,3,0,2,2,0.45063947951215244,-0.9780727846241726,-0.41961387381348747,0,0,0,0,184,False,False,
132,0,1375.3268643793651,860.8974337589294,1.2556194932093252,127.83949279785156,2.5414342880249023,0,4,0,3,3,0.42475549456139877,-0.9261664104681391,0.6109023366691124,0,0,0,0,120,True,True,collision
197,1,1386.7253284611268,878.6582416085683,1.1983653777848695,116.02176666259766,11.834925651550293,0,4,0,3,3,-0.18759790827249262,-0.9055605505640915,-0.4442716314239019,0,0,0,0,185,False,False,
197,2,1424.66481667494,867.8302373086311,0.0,81.2162094116211,4.736675262451172,0,2,0,1,1,0.8468401336404845,-0.9867796783209245,-0.44300920829644286,1,0,0,0,185,False,False,
197,3,1339.8990750556254,887.9003202465068,0.31112386652954727,171.4125518798828,14.417425155639648,0,5,0,4,4,-0.39817558363748984,-0.9293896071625164,0.48664333347855115,0,0,0,0,185,False,False,
197,4,1421.479164862463,871.5368657808546,2.154253332912223,96.64781951904297,8.116211891174316,0,3,1,2,2,0.061606216420470775,-0.9091512403066974,-0.8769248508058388,0,0,0,0,185,False,False,
197,5,1375.846456181597,872.0399791541462,0.4516253363000021,131.81375122070312,11.595178604125977,0,4,0,3,3,0.0167344587464852,-0.9345980956353785,-0.7262868157196121,0,0,0,0,185,False,False,
197,6,1411.8729366972552,878.0049502310944,0.6050574540602145,100.59855651855469,8.173060417175293,0,3,0,2,2,-0.15903379211649987,-0.9341339250359733,-0.396870818913032,0,0,0,0,185,False,False,
197,7,1393.936668515648,868.8831255894276,0.0,112.25187683105469,8.267142295837402,0,3,0,2,2,0.45063947951215244,-0.9780727846241726,-0.41961387381348747,1,0,0,0,185,False,False,
132,0,1375.3268643793651,860.8974337589294,1.2556194932093252,127.83949279785156,2.5414342880249023,0,4,0,3,3,0.42475549456139877,-0.9261664104681391,0.6109023366691124,0,0,0,0,120,True,True,collision
198,1,1385.7530627476565,878.8418510690558,0.9894508838594225,117.01123809814453,11.851105690002441,0,4,0,3,3,-0.18993112164891576,-0.9080857819466592,-0.42550805941764447,0,0,0,0,186,False,False,
198,2,1424.801953670155,867.8442638901424,-0.13785245897500004,81.3541259765625,4.726299285888672,0,2,0,1,1,0.8297908442500627,-0.9866871281746907,-0.4449193943890807,0,0,0,0,186,False,False,
198,3,1339.8990750556254,887.9003202465068,0.0,171.4125518798828,14.402624130249023,0,5,0,4,4,-0.39817558363748984,-0.9293896071625164,0.48664333347855115,1,0,0,0,186,False,False,
198,4,1419.531158678448,871.5183436516758,1.948094238539289,98.59590911865234,8.137073516845703,0,3,0,2,2,0.055277076345206906,-0.91432768844319,-0.8648538051014449,0,0,0,0,186,False,False,
198,5,1375.846456181597,872.0399791541462,0.0,131.81375122070312,11.592479705810547,0,4,0,3,3,0.0167344587464852,-0.9345980956353785,-0.7262868157196121,1,0,0,0,186,False,False,
198,6,1411.2004281251711,878.0664378609785,0.6753136368793522,101.27384948730469,8.181398391723633,0,3,0,2,2,-0.16622136672612367,-0.9358752889259623,-0.3929084305578091,0,0,0,0,186,False,False,
198,7,1393.7848768421788,868.8777641103267,0.151886331158317,112.40370178222656,8.274497985839844,0,3,0,2,2,0.4578136514506999,-0.9783790060377792,-0.41820760500020415,0,0,0,0,186,False,False,
132,0,1375.3268643793651,860.8974337589294,1.2556194932093252,127.83949279785156,2.5414342880249023,0,4,0,3,3,0.42475549456139877,-0.9261664104681391,0.6109023366691124,0,0,0,0,120,True,True,collision
199,1,1384.7247804506683,879.0307403733153,1.0454872794840409,118.0567626953125,11.867610931396484,0,4,0,3,3,-0.1925118009156323,-0.9107510918477153,-0.4062908818186486,0,0,0,0,187,False,False,
199,2,1424.6646273747695,867.8301508466043,0.1380495903732878,81.49217987060547,4.72325325012207,0,2,0,1,1,0.8471998629582509,-0.9867794810076699,-0.4429945149970562,0,0,0,0,187,False,False,
199,3,1339.9461165712673,887.8917371174953,-0.047818137746198114,171.46044921875,14.380789756774902,0,5,0,4,4,-0.39757591585144747,-0.9292860394261007,0.48584520717723656,2,0,0,0,187,False,False,
199,4,1417.7713848978142,871.5380588740156,1.759884214656797,100.35578155517578,8.159244537353516,0,3,0,2,2,0.04452948588390895,-0.9190098432698979,-0.8583055532781895,0,0,0,0,187,False,False,
199,5,1375.5329408744606,872.0700237317536,0.31495162239999996,132.128662109375,11.601102828979492,0,4,0,3,3,0.016410380420542953,-0.9354375837090045,-0.7288418775726853,0,0,0,0,187,False,False,
199,6,1411.0312131240723,878.0822278963267,0.16995011566093768,101.44377136230469,8.195605278015137,0,3,0,2,2,-0.1685864714670086,-0.9363127530306492,-0.391875668845277,0,0,0,0,187,False,False,
199,7,1393.7848768421788,868.8777641103267,0.0,112.40370178222656,8.262679100036621,0,3,0,2,2,0.4578136514506999,-0.9783790060377792,-0.41820760500020415,1,0,0,0,187,False,False,
132,0,1375.3268643793651,860.8974337589294,1.2556194932093252,127.83949279785156,2.5414342880249023,0,4,0,3,3,0.42475549456139877,-0.9261664104681391,0.6109023366691124,0,0,0,0,120,True,True,collision
200,1,1384.2162592798613,879.1236284903916,0.5169351830286033,118.57360076904297,11.881762504577637,0,4,0,3,3,-0.19483943062462508,-0.9120662311085375,-0.39684692086188955,0,0,0,0,188,False,False,
200,2,1424.216288961202,867.7843680734774,0.45066994063882587,81.94287109375,4.72015380859375,0,2,0,1,1,0.9040835543376349,-0.9870134042812156,-0.43673699897421336,0,0,0,1,188,False,False,
200,3,1339.6826193009047,887.9402140771895,0.26791944145543706,171.72842407226562,14.379426002502441,0,5,0,4,4,-0.4023098009066978,-0.9298639188271335,0.49032054604645614,0,0,0,0,188,False,False,
200,4,1415.9516199650513,871.5904001120989,1.8205175131587636,102.17623901367188,8.179535865783691,0,3,0,2,2,0.03548195940091874,-0.9238572955576507,-0.8553613762670398,0,0,0,0,188,False,False,
200,5,1375.2030974469712,872.1010457770506,0.33129904007144423,132.4599609375,11.610095977783203,0,4,0,3,3,0.017775747325992738,-0.9363206976335913,-0.7314700914746504,0,0,0,0,188,False,False,
200,6,1410.551592468607,878.1302483332308,0.4820186049413683,101.92578125,8.211335182189941,0,3,0,2,2,-0.17639568552053408,-0.9375500560335537,-0.38855006635997125,0,0,0,0,188,False,False,
200,7,1393.4700877189002,868.8676481665773,0.31495162239999996,112.71868133544922,8.268141746520996,0,3,0,2,2,0.4725038077484492,-0.9790055652479351,-0.41540232826477397,0,0,0,0,188,False,False,
132,0,1375.3268643793651,860.8974337589294,1.2556194932093252,127.83949279785156,2.5414342880249023,0,4,0,3,3,0.42475549456139877,-0.9261664104681391,0.6109023366691124,0,0,0,0,120,True,True,collision
201,1,1383.5459066653789,879.2437903020352,0.6810370685366356,119.25468444824219,11.8955659866333,0,4,0,3,3,-0.19673453904801036,-0.9137982014956784,-0.3846796683499356,0,0,0,0,189,False,False,
201,2,1423.7319384066138,867.7360792305712,0.4867517561130642,82.42964935302734,4.718665599822998,0,2,0,1,1,0.9662086608787642,-0.9871471583525335,-0.43012089783949037,0,0,0,2,189,False,False,
201,3,1339.3447013727541,888.0027504026272,0.3436558135180382,172.07205200195312,14.376482963562012,0,5,0,4,4,-0.4079532401334802,-0.9306005731841371,0.4960993006332526,0,0,0,0,189,False,False,
201,4,1414.2308424664984,871.6371409672322,1.7214121839537397,103.89769744873047,8.19796371459961,0,3,0,2,2,0.03883966911465204,-0.9284398314763724,-0.8522484121231497,0,0,0,0,189,False,False,
201,5,1374.7444041996216,872.1440294524689,0.46070282343028207,132.92071533203125,11.622864723205566,0,4,0,3,3,0.01834590982674311,-0.9375488577841374,-0.7350935334274848,0,0,0,0,189,False,False,
201,6,1409.8757311130046,878.1999401962092,0.6794450145243456,102.60527038574219,8.22256851196289,0,3,0,2,2,-0.18353413527445103,-0.9392893644309931,-0.3836207216914149,0,0,0,0,189,False,False,
201,7,1393.4511086276696,868.8670431135971,0.01898873331876586,112.73773193359375,8.259724617004395,0,3,0,2,2,0.4733843365480791,-0.9790429839136741,-0.4152335554251263,1,0,0,0,189,False,False,
132,0,1375.3268643793651,860.8974337589294,1.2556194932093252,127.83949279785156,2.5414342880249023,0,4,0,3,3,0.42475549456139877,-0.9261664104681391,0.6109023366691124,0,0,0,0,120,True,True,collision
202,1,1382.7983198124518,879.3801394133149,0.7599191949253947,120.01457977294922,11.904815673828125,0,4,0,3,3,-0.20336645485813026,-0.9157244059960793,-0.3708282321285171,0,0,0,0,190,False,False,
202,2,1422.9860321966028,867.6609098109808,0.7496842773958453,83.17928314208984,4.713009834289551,0,2,0,1,1,1.0,-0.9870956497666931,-0.4198306714449047,0,0,0,3,190,False,False,
202,3,1338.9078020427694,888.0825849114855,0.4441335084699101,172.51617431640625,14.373429298400879,0,5,0,4,4,-0.41308123043424416,-0.9315478995224082,0.5034537257690628,0,0,0,0,190,False,False,
202,4,1412.5151737682422,871.6760540782128,1.7161099359838754,105.61383819580078,8.218291282653809,0,3,0,2,2,0.04453773000417856,-0.9330057157705578,-0.8482269504154316,0,0,0,0,190,False,False,
202,5,1374.1352584470928,872.202511010339,0.6119465993325767,133.53265380859375,11.641681671142578,0,4,0,3,3,0.017350238915256,-0.9391800825785872,-0.7400719891628627,0,0,0,0,190,False,False,
202,6,1409.7195584828526,878.2159556758492,0.15699167492801208,102.76221466064453,8.23617172241211,0,3,0,2,2,-0.18443089536768234,-0.9396905759955619,-0.38249288232565315,0,0,0,0,190,False,False,
202,7,1393.4511086276696,868.8670431135971,0.0,112.73773193359375,8.250824928283691,0,3,0,2,2,0.4733843365480791,-0.9790429839136741,-0.4152335554251263,2,0,0,0,190,False,False,
132,0,1375.3268643793651,860.8974337589294,1.2556194932093252,127.83949279785156,2.5414342880249023,0,4,0,3,3,0.42475549456139877,-0.9261664104681391,0.6109023366691124,0,0,0,0,120,True,True,collision
203,1,1381.7975572197274,879.5719530335042,1.0189790144486321,121.03353118896484,11.918755531311035,0,4,0,3,3,-0.21590482097192307,-0.9182916693886021,-0.3511717992019423,0,0,0,0,191,False,False,
203,2,1422.222500503416,867.5866445198243,0.7671349164071437,83.9464340209961,4.706767559051514,0,2,0,1,1,1.0,-0.9867347697773667,-0.4074843550664955,0,0,0,4,191,False,False,
203,3,1338.3526293919235,888.1845930045988,0.5644664058275958,173.0806427001953,14.368045806884766,0,5,0,4,4,-0.42232459968307945,-0.9327402042171216,0.5128656701979752,0,0,0,0,191,False,False,
203,4,1411.340813233675,871.704213043247,1.1746980856632152,106.78849029541016,8.236859321594238,0,3,0,2,2,0.04585349085200284,-0.9361303938156748,-0.8456562805050333,0,0,0,0,191,False,False,
203,5,1373.4710059665356,872.2641926389316,0.6671101717350234,134.19981384277344,11.655317306518555,0,4,0,3,3,0.019918060233026343,-0.940958349349276,-0.7452552363317155,0,0,0,0,191,False,False,
203,6,1409.6470880664554,878.2233603717945,0.07284772319579336,102.8351058959961,8.23425006866455,0,3,0,2,2,-0.1847832385976201,-0.9398768187903945,-0.38197255657577744,1,0,0,0,191,False,False,
203,7,1393.136319341032,868.8569322545499,0.31495162239999996,113.0525894165039,8.255002975463867,0,3,0,2,2,0.4913282634735904,-0.9796528611669126,-0.4124282786896961,0,0,0,0,191,False,False,
132,0,1375.3268643793651,860.8974337589294,1.2556194932093252,127.83949279785156,2.5414342880249023,0,4,0,3,3,0.42475549456139877,-0.9261664104681391,0.6109023366691124,0,0,0,0,120,True,True,collision
204,1,1381.301847696714,879.6677453378437,0.5048802796474486,121.53842163085938,11.929922103881836,0,4,0,3,3,-0.22043141631525032,-0.9195594486972404,-0.34133969501741646,0,0,0,0,192,False,False,
204,2,1421.181135467017,867.4917475824575,1.0456799547453992,84.99213409423828,4.703768253326416,0,2,0,1,1,1.0,-0.9857912272104561,-0.39084290713274494,0,0,0,5,192,False,False,
204,3,1337.5536988177207,888.3311355822439,0.8122590654826612,173.89292907714844,14.365580558776855,0,5,0,4,4,-0.43507571591868177,-0.9344337347217063,0.5263722998489619,0,0,0,0,192,False,False,
204,4,1410.685889738044,871.7214416508016,0.6551500668149887,107.4436264038086,8.255857467651367,0,3,0,2,2,0.04561946379728252,-0.9378730520250633,-0.8444035338013921,0,0,0,0,192,False,False,
204,5,1372.5053604158504,872.3553652041774,0.9699400838255757,135.169677734375,11.669795989990234,0,4,0,3,3,0.019803678833875755,-0.9435434605872894,-0.7529638728930124,0,0,0,0,192,False,False,
204,6,1409.6470880664554,878.2233603717945,0.0,102.8351058959961,8.229409217834473,0,3,0,2,2,-0.1847832385976201,-0.9398768187903945,-0.38197255657577744,2,0,0,0,192,False,False,
204,7,1392.872148727861,868.8479258136733,0.2643240981077023,113.31690216064453,8.261611938476562,0,3,0,2,2,0.5083844648830721,-0.9801508656541855,-0.410011202354404,0,0,0,0,192,False,False,
132,0,1375.3268643793651,860.8974337589294,1.2556194932093252,127.83949279785156,2.5414342880249023,0,4,0,3,3,0.42475549456139877,-0.9261664104681391,0.6109023366691124,0,0,0,0,120,True,True,collision
205,1,1381.301847696714,879.6677453378437,0.0,121.53842163085938,11.925500869750977,0,4,0,3,3,-0.22043141631525032,-0.9195594486972404,-0.34133969501741646,1,0,0,0,193,False,False,
205,2,1419.8463167069344,867.3666184710493,1.3406708830991663,86.33282470703125,4.698061466217041,0,2,0,1,1,1.0,-0.9839341040901337,-0.3691033416907905,0,0,0,6,193,False,False,
205,3,1336.530584232966,888.5109188812248,1.038790396629818,174.9316864013672,14.35809326171875,0,5,0,4,4,-0.4477225652229322,-0.9365709079985941,0.5427352611628198,0,0,0,0,193,False,False,
205,4,1409.7282640794622,871.7550807109758,0.9582163056135216,108.40185546875,8.268844604492188,0,3,0,2,2,0.041724136055866425,-0.9404230748790481,-0.8435834104302758,0,0,0,0,193,False,False,
205,5,1371.7205906423353,872.4332816758541,0.788628286318507,135.9583282470703,11.68960189819336,0,4,0,3,3,0.017379024093316767,-0.9456457770557337,-0.7596918603580842,0,0,0,0,193,False,False,
205,6,1409.7842283406674,878.2093658859343,-0.13785245897500004,102.97290802001953,8.228086471557617,0,3,0,2,2,-0.18359313667099414,-0.9395246505785597,-0.38295414901612634,0,0,0,0,193,False,False,
205,7,1392.2977240650496,868.8291613669509,0.5747310655488939,113.89167022705078,8.26077651977539,0,3,0,2,2,0.5446053189845081,-0.9811899284241786,-0.4048545975105091,0,0,0,0,193,False,False,
132,0,1375.3268643793651,860.8974337589294,1.2556194932093252,127.83949279785156,2.5414342880249023,0,4,0,3,3,0.42475549456139877,-0.9261664104681391,0.6109023366691124,0,0,0,0,120,True,True,collision
206,1,1381.0953193810487,879.7079617802028,0.2104074794477077,121.74884796142578,11.938715934753418,0,4,0,3,3,-0.22286455616220513,-0.920086770171523,-0.33721104940687663,0,0,0,0,194,False,False,
206,2,1418.2256820962443,867.2010360785639,1.629071536203266,87.96186828613281,7.915493011474609,0,3,1,2,2,0.20345593355334207,-0.9160827982104183,-0.3410573778486563,0,0,0,0,194,False,False,
206,3,1335.540748587509,888.675688581976,1.0034558581737585,175.93516540527344,14.351325988769531,0,5,0,4,4,-0.4597501641396295,-0.9386036018912743,0.5574573754245478,0,0,0,0,194,False,False,
206,4,1409.2552279417728,871.7720466967345,0.4733402922136383,108.87518310546875,8.277412414550781,0,3,0,2,2,0.04214674054702369,-0.9416825732045191,-0.8432245251634473,0,0,0,0,194,False,False,
206,5,1371.4575368941364,872.4601645284406,0.2644238306292688,136.22276306152344,11.705230712890625,0,4,0,3,3,0.01575056868997788,-0.9463507056442261,-0.7620347698348965,0,0,0,0,194,False,False,
206,6,1409.9299202812415,878.1945860120095,-0.14643970165738823,103.1194076538086,8.233525276184082,0,3,0,2,2,-0.1820560391553373,-0.9391499425109059,-0.3839869107286584,0,0,0,0,194,False,False,
206,7,1391.7192312590416,868.8099458786887,0.5788118533617475,114.4704818725586,8.26300048828125,0,3,0,2,2,0.5865915149193212,-0.982163462106795,-0.39962486920390794,0,0,0,0,194,False,False,
132,0,1375.3268643793651,860.8974337589294,1.2556194932093252,127.83949279785156,2.5414342880249023,0,4,0,3,3,0.42475549456139877,-0.9261664104681391,0.6109023366691124,0,0,0,0,120,True,True,collision
207,1,1381.0953193810487,879.7079617802028,0.0,121.74884796142578,11.935579299926758,0,4,0,3,3,-0.22286455616220513,-0.920086770171523,-0.33721104940687663,1,0,0,0,195,False,False,
207,2,1416.3930402793724,867.0265434422441,1.84093012063946,89.80279541015625,7.9234514236450195,0,3,0,2,2,0.2111999757390701,-0.9207394939462717,-0.3108800851822592,0,0,0,0,195,False,False,
207,3,1334.6544271417602,888.819689028737,0.8979431128204647,176.83314514160156,14.347549438476562,0,5,0,4,4,-0.4741073807504841,-0.9403856895800078,0.5702241945927973,0,0,0,0,195,False,False,
207,4,1408.475878133971,871.8016954298229,0.7799135659125426,109.65516662597656,8.294458389282227,0,3,0,2,2,0.04226898837438474,-0.9437581106987097,-0.8428290924583582,0,0,0,0,195,False,False,
207,5,1370.964698897828,872.5124880398806,0.49560774858221274,136.7183380126953,11.720047950744629,0,4,0,3,3,0.013581753481823474,-0.9476719417970485,-0.7666685762238632,0,0,0,0,195,False,False,
207,6,1409.7599319383364,878.2120573034038,0.17088382821857057,103.29034423828125,8.247542381286621,0,3,0,2,2,-0.18425661334837412,-0.9395869713188264,-0.3827567328185304,0,0,0,0,195,False,False,
207,7,1391.010193042597,868.7846199841144,0.7094903757733286,115.17991638183594,8.26866626739502,0,3,0,2,2,0.6455875479938256,-0.9832355492892398,-0.3930035082110388,0,0,0,0,195,False,False,
132,0,1375.3268643793651,860.8974337589294,1.2556194932093252,127.83949279785156,2.5414342880249023,0,4,0,3,3,0.42475549456139877,-0.9261664104681391,0.6109023366691124,0,0,0,0,120,True,True,collision
208,1,1381.147452994116,879.6978354575259,-0.05310796571533915,121.80194854736328,11.92713451385498,0,4,0,3,3,-0.2221792256819438,-0.9199537287030429,-0.33825061463157613,2,0,0,0,196,False,False,
208,2,1415.1024791621269,866.8986376946272,1.2968839106178918,91.09964752197266,7.929194927215576,0,3,0,2,2,0.22319747792638256,-0.9239962690037724,-0.289023545068923,0,0,0,0,196,False,False,
208,3,1334.2871953161423,888.8786029388483,0.37192749636351574,177.2050323486328,14.343452453613281,0,5,0,4,4,-0.48009052292838356,-0.941112379811391,0.5754248221624809,0,0,0,0,196,False,False,
208,4,1407.3960655096466,871.839676688836,1.0804803930135523,110.73554229736328,8.312108993530273,0,3,0,2,2,0.04647183259456256,-0.9466318390962218,-0.8419132911241152,0,0,0,0,196,False,False,
208,5,1370.8750528520827,872.5219874933247,0.09014795135481718,136.80856323242188,11.717635154724121,0,4,0,3,3,0.013773468049822983,-0.9479124672103157,-0.7675033214289022,1,0,0,0,196,False,False,
208,6,1409.2797956998768,878.2639847524715,0.4829360904393365,103.77324676513672,8.262555122375488,0,3,0,2,2,-0.19166347383291193,-0.9408179882138652,-0.3789698636427513,0,0,0,0,196,False,False,
208,7,1390.4609629742963,868.7636837742988,0.5496289592141854,115.72962951660156,8.27295207977295,0,3,0,2,2,0.6966284585319228,-0.983958657166418,-0.3877152925687466,0,0,0,0,196,False,False,
132,0,1375.3268643793651,860.8974337589294,1.2556194932093252,127.83949279785156,2.5414342880249023,0,4,0,3,3,0.42475549456139877,-0.9261664104681391,0.6109023366691124,0,0,0,0,120,True,True,collision
209,1,1380.8896485922744,879.7483975259721,0.2627158776596879,122.06468200683594,11.936668395996094,0,4,0,3,3,-0.2252684195687506,-0.9206112748172142,-0.33304541327220005,0,0,0,0,197,False,False,
209,2,1413.5729785009075,866.7261606933117,1.5391947858063715,92.63888549804688,7.944843292236328,0,3,0,2,2,0.24468850100832418,-0.9278170061027021,-0.26061871025305294,0,0,0,0,197,False,False,
209,3,1334.1144000298398,888.9064043443535,0.1750175108851525,177.38011169433594,14.336804389953613,0,5,0,4,4,-0.48385696174521575,-0.9414516137236179,0.5778857497064485,0,0,0,0,197,False,False,
209,4,1406.2411492622216,871.8873784789084,1.1559009470288715,111.89155578613281,8.325879096984863,0,3,0,2,2,0.04518246388978816,-0.9497072370225164,-0.8417889983892256,0,0,0,0,197,False,False,
209,5,1370.8750528520827,872.5219874933247,0.0,136.80856323242188,11.713884353637695,0,4,0,3,3,0.013773468049822983,-0.9479124672103157,-0.7675033214289022,2,0,0,0,197,False,False,
209,6,1409.2797956998768,878.2639847524715,0.0,103.77324676513672,8.257463455200195,0,3,0,2,2,-0.19166347383291193,-0.9408179882138652,-0.3789698636427513,1,0,0,0,197,False,False,
209,7,1389.6069318490822,868.7286307980193,0.8547501822055443,116.5843505859375,8.275238990783691,0,3,0,2,2,0.7840447479936169,-0.9848617794168822,-0.3791965520943783,0,0,0,0,197,False,False,
132,0,1375.3268643793651,860.8974337589294,1.2556194932093252,127.83949279785156,2.5414342880249023,0,4,0,3,3,0.42475549456139877,-0.9261664104681391,0.6109023366691124,0,0,0,0,120,True,True,collision
210,1,1380.3272863494453,879.8590834495798,0.5731515208428974,122.6378402709961,11.949485778808594,0,4,0,3,3,-0.23002822166851677,-0.9220428797299562,-0.3216539898368106,0,0,0,0,198,False,False,
210,2,1412.2370546481739,866.5526128704323,1.347149355910108,93.98604583740234,7.960358142852783,0,3,0,2,2,0.26840893515510894,-0.9311098395423077,-0.2330711751426422,0,0,0,0,198,False,False,
210,3,1333.8313013930951,888.951650464838,0.28669155820427916,177.66677856445312,14.329084396362305,0,5,0,4,4,-0.48896902498654904,-0.9420038892617629,0.5818706639759061,0,0,0,0,198,False,False,
210,4,1405.0591866912014,871.9385931139956,1.183071620038289,113.07454681396484,8.340950012207031,0,3,0,2,2,0.04682924655121117,-0.9528538895751537,-0.8419352310215457,0,0,0,0,198,False,False,
210,5,1370.8567373902688,872.5239265919453,0.018417824109142906,136.8269805908203,11.712109565734863,0,4,0,3,3,0.013845231747359953,-0.9479615615489915,-0.7676788834876245,3,0,0,0,198,False,False,
210,6,1409.053987399563,878.2883318468516,0.22711708323089777,104.0003890991211,8.271897315979004,0,3,0,2,2,-0.19340533080712954,-0.9413962304212035,-0.37719008772871665,0,0,0,0,198,False,False,
210,7,1388.7258669861744,868.6885598456788,0.8819756084338083,117.46636962890625,8.27493953704834,0,3,0,2,2,0.8845366980615653,-0.9854637820032375,-0.3699313691422189,0,0,0,0,198,False,False,
132,0,1375.3268643793651,860.8974337589294,1.2556194932093252,127.83949279785156,2.5414342880249023,0,4,0,3,3,0.42475549456139877,-0.9261664104681391,0.6109023366691124,0,0,0,0,120,True,True,collision
211,1,1379.5041973641116,880.0230615215156,0.8392641335439592,123.47714233398438,11.962589263916016,0,4,0,3,3,-0.23817830844845705,-0.9241304659346441,-0.304735427420075,0,0,0,0,199,False,False,
211,2,1411.0833320734532,866.382216613458,1.1662378247212828,95.15225219726562,7.97475004196167,0,3,0,2,2,0.2922521305168756,-0.9339115004424257,-0.2068196805139293,0,0,0,0,199,False,False,
211,3,1333.2802630382012,889.0401773248877,0.5581041780119813,178.22486877441406,6.322323799133301,0,5,0,4,4,-0.5010549636899896,-0.9430641067672043,0.589678351670228,0,0,0,0,199,True,True,collision
211,4,1403.585595980353,872.0040920010983,1.4750456560087597,114.54963684082031,8.361885070800781,0,3,0,2,2,0.05031243186966555,-0.9567761989025931,-0.8423233456631269,0,0,0,0,199,False,False,
211,5,1370.8567373902688,872.5239265919453,0.0,136.8269805908203,11.709593772888184,0,4,0,3,3,0.013845231747359953,-0.9479615615489915,-0.7676788834876245,4,0,0,0,199,False,False,
211,6,1408.8820009799529,878.3066384554755,0.17295797307339691,104.17335510253906,8.281044960021973,0,3,0,2,2,-0.1940406675115772,-0.9418363820950583,-0.375871521332784,0,0,0,0,199,False,False,
211,7,1387.5470961235435,868.6257764703123,1.180441654132105,118.6467514038086,8.272685050964355,0,3,0,2,2,1.0,-0.9856682317307409,-0.3564467508541267,0,0,0,1,199,False,False,
132,0,1375.3268643793651,860.8974337589294,1.2556194932093252,127.83949279785156,2.5414342880249023,0,4,0,3,3,0.42475549456139877,-0.9261664104681391,0.6109023366691124,0,0,0,0,120,True,True,collision
212,1,1378.388090292773,880.248339579836,1.1386154742723467,124.61573791503906,11.977672576904297,0,4,0,3,3,-0.2495139637560265,-0.9269453512687824,-0.281455066575511,0,0,0,0,200,False,False,
212,2,1410.3246559637169,866.2641898079593,0.7678019056376367,95.9200439453125,7.985561370849609,0,3,0,2,2,0.3062815657425612,-0.9357333073775685,-0.1888377119937229,0,0,0,0,200,False,False,
211,3,1333.2802630382012,889.0401773248877,0.5581041780119813,178.22486877441406,6.322323799133301,0,5,0,4,4,-0.5010549636899896,-0.9430641067672043,0.589678351670228,0,0,0,0,199,True,True,collision
212,4,1402.516774316601,872.0601089942554,1.0702885837137226,115.61994934082031,8.375627517700195,0,3,0,2,2,0.04845167908940482,-0.9596226576610937,-0.843627275932044,0,0,0,0,200,False,False,
212,5,1370.6816129593246,872.5424453367624,0.17610085242016815,137.0030059814453,11.724530220031738,0,4,0,3,3,0.014051858974628493,-0.948430841995487,-0.7693114119597511,0,0,0,0,200,False,False,
212,6,1408.7041302255943,878.3256434766377,0.17888319117648332,104.35221862792969,8.285334587097168,0,3,0,2,2,-0.19587620349021537,-0.9422911563200398,-0.3744945247735316,0,0,0,0,200,False,False,
212,7,1386.1611242844288,868.5305155796527,1.389241727025254,120.0360107421875,8.269197463989258,0,3,0,2,2,1.0,-0.9849840846959202,-0.3400075215971491,0,0,0,2,200,False,False,
132,0,1375.3268643793651,860.8974337589294,1.2556194932093252,127.83949279785156,2.5414342880249023,0,4,0,3,3,0.42475549456139877,-0.9261664104681391,0.6109023366691124,0,0,0,0,120,True,True,collision
213,1,1377.1435103364745,880.5021016453646,1.2701867789903298,125.88584899902344,11.99325180053711,0,4,0,3,3,-0.2626006057851732,-0.9300608656506695,-0.2551876780276172,0,0,0,0,201,False,False,
213,2,1409.26856417409,866.101071872889,1.0686146774486884,96.98871612548828,7.993566036224365,0,3,0,2,2,0.319155335024987,-0.9382470584528388,-0.1639565247568373,0,0,0,0,201,False,False,
211,3,1333.2802630382012,889.0401773248877,0.5581041780119813,178.22486877441406,6.322323799133301,0,5,0,4,4,-0.5010549636899896,-0.9430641067672043,0.589678351670228,0,0,0,0,199,True,True,collision
213,4,1401.153666903776,872.1269632891429,1.3647458795113856,116.98462677001953,8.385636329650879,0,3,0,2,2,0.055593014958339876,-0.9632491671180098,-0.8447331754003753,0,0,0,0,201,False,False,
213,5,1370.1964228641223,872.595317335889,0.4880623697583371,137.49111938476562,11.739156723022461,0,4,0,3,3,0.012331723499184793,-0.9497322232621935,-0.7740407105016384,0,0,0,0,201,False,False,
213,6,1408.7041302255943,878.3256434766377,0.0,104.35221862792969,8.276278495788574,0,3,0,2,2,-0.19587620349021537,-0.9422911563200398,-0.3744945247735316,1,0,0,0,201,False,False,
213,7,1384.4886348377906,868.4143792789841,1.676516802614624,121.7125244140625,8.261528968811035,0,3,0,2,2,1.0,-0.9830782123191036,-0.32051928978651034,0,0,0,3,201,False,False,
132,0,1375.3268643793651,860.8974337589294,1.2556194932093252,127.83949279785156,2.5414342880249023,0,4,0,3,3,0.42475549456139877,-0.9261664104681391,0.6109023366691124,0,0,0,0,120,True,True,collision
214,1,1375.6155829552445,880.817796799695,1.560200471984321,127.44608306884766,12.00898551940918,0,4,0,3,3,-0.28041381320761555,-0.9338468252614569,-0.22243408397226316,0,0,0,0,202,False,False,
214,2,1408.1908411775667,865.9386478424306,1.0898937667981685,98.07864379882812,8.003079414367676,0,3,0,2,2,0.3317439014055247,-0.9407847321273977,-0.13904555071458036,0,0,0,0,202,False,False,
211,3,1333.2802630382012,889.0401773248877,0.5581041780119813,178.22486877441406,6.322323799133301,0,5,0,4,4,-0.5010549636899896,-0.9430641067672043,0.589678351670228,0,0,0,0,199,True,True,collision
214,4,1400.324199099721,872.1650949351383,0.830343820588882,117.81497192382812,8.401285171508789,0,3,0,2,2,0.061228427311619135,-0.9654538047942143,-0.8451066825011266,0,0,0,0,202,False,False,
214,5,1369.7274762907416,872.6473484406591,0.4718242517602599,137.96298217773438,11.754817008972168,0,4,0,3,3,0.011371155654830368,-0.9509903414788612,-0.7787114931216492,0,0,0,0,202,False,False,
214,6,1408.7701119310277,878.3186025413758,-0.06635631259532167,104.41863250732422,8.266889572143555,0,3,0,2,2,-0.19520109060376728,-0.9421223199374136,-0.3749995855003091,2,0,0,0,202,False,False,
214,7,1383.3557048409316,868.331949066155,1.1359247852609324,122.84844970703125,11.47514820098877,0,4,1,3,3,0.17759847760095732,-0.9132103819834791,-0.30687310237753596,0,0,0,0,202,False,False,
132,0,1375.3268643793651,860.8974337589294,1.2556194932093252,127.83949279785156,2.5414342880249023,0,4,0,3,3,0.42475549456139877,-0.9261664104681391,0.6109023366691124,0,0,0,0,120,True,True,collision
215,1,1374.4854132395126,881.0460502638224,1.152988824856455,128.59901428222656,12.021310806274414,0,4,0,3,3,-0.2906127582066941,-0.9366204316353897,-0.1988388177073811,0,0,0,0,203,False,False,
215,2,1407.6365490908972,865.8550709737725,0.5605575887623808,98.63911437988281,8.013323783874512,0,3,0,2,2,0.3399683393521507,-0.9420760422013065,-0.12622018703826876,0,0,0,0,203,False,False,
211,3,1333.2802630382012,889.0401773248877,0.5581041780119813,178.22486877441406,6.322323799133301,0,5,0,4,4,-0.5010549636899896,-0.9430641067672043,0.589678351670228,0,0,0,0,199,True,True,collision
215,4,1399.764168932032,872.1907066224421,0.5606155074990912,118.37561798095703,8.417930603027344,0,3,0,2,2,0.06415044276610142,-0.9669416069842096,-0.8453412607399728,0,0,0,0,203,False,False,
215,5,1369.4301034040232,872.6803186498743,0.2991950341347516,138.2621612548828,11.772214889526367,0,4,0,3,3,0.0116118121665137,-0.9517880351127412,-0.7816692914502263,0,0,0,0,203,False,False,
215,6,1408.8742044874666,878.3074386804382,-0.10468950327993705,104.52323150634766,8.273531913757324,0,3,0,2,2,-0.1946164927731085,-0.9418563871742736,-0.3758130339970931,0,0,0,0,203,False,False,
215,7,1381.9313229978425,868.2178504916652,1.4289444074638997,124.27745056152344,11.49271011352539,0,4,0,3,3,0.1904879398386552,-0.9168589853661778,-0.2884537652179988,0,0,0,0,203,False,False,
132,0,1375.3268643793651,860.8974337589294,1.2556194932093252,127.83949279785156,2.5414342880249023,0,4,0,3,3,0.42475549456139877,-0.9261664104681391,0.6109023366691124,0,0,0,0,120,True,True,collision
216,1,1373.0676914894516,881.3287422808966,1.4456312590400455,130.04464721679688,12.033958435058594,0,4,0,3,3,-0.30700388259994676,-0.940061027238218,-0.169679822143614,0,0,0,0,204,False,False,
216,2,1407.222507127499,865.7935207196911,0.4185919029701655,99.05772399902344,8.022180557250977,0,3,0,2,2,0.34497259014007303,-0.9430353122905643,-0.116756330096348,0,0,0,0,204,False,False,
211,3,1333.2802630382012,889.0401773248877,0.5581041780119813,178.22486877441406,6.322323799133301,0,5,0,4,4,-0.5010549636899896,-0.9430641067672043,0.589678351670228,0,0,0,0,199,True,True,collision
216,4,1399.7242088694402,872.1925438195894,0.04000227363152903,118.41558074951172,8.41781997680664,0,3,0,2,2,0.0642027865086498,-0.9670476234387984,-0.8453558968669883,1,0,0,0,204,False,False,
216,5,1369.4301034040232,872.6803186498743,0.0,138.2621612548828,11.774248123168945,0,4,0,3,3,0.0116118121665137,-0.9517880351127412,-0.7816692914502263,1,0,0,0,204,False,False,
216,6,1408.6634206489935,878.3298166452324,0.21196839356329913,104.73511505126953,8.286290168762207,0,3,0,2,2,-0.19580802520300974,-0.9423951132214048,-0.37419414113548677,0,0,0,0,204,False,False,
216,7,1380.9877932699894,868.1338068678509,0.9472653683346739,125.22467041015625,11.507869720458984,0,4,0,3,3,0.2021980717726314,-0.9192622996256872,-0.2752395722454666,0,0,0,0,204,False,False,
132,0,1375.3268643793651,860.8974337589294,1.2556194932093252,127.83949279785156,2.5414342880249023,0,4,0,3,3,0.42475549456139877,-0.9261664104681391,0.6109023366691124,0,0,0,0,120,True,True,collision
217,1,1371.6695994885101,881.5926382372178,1.4227797857923543,131.467529296875,12.045700073242188,0,4,0,3,3,-0.31988493224163156,-0.9434142364046302,-0.14270240991835448,0,0,0,0,205,False,False,
217,2,1406.5043047927545,865.686109896713,0.7261898364238408,99.78397369384766,8.030525207519531,0,3,0,2,2,0.35704482357854583,-0.9446846057475676,-0.10025438274821419,0,0,0,0,205,False,False,
211,3,1333.2802630382012,889.0401773248877,0.5581041780119813,178.22486877441406,6.322323799133301,0,5,0,4,4,-0.5010549636899896,-0.9430641067672043,0.589678351670228,0,0,0,0,199,True,True,collision
217,4,1399.3703599598298,872.2101748423789,0.3542878826563621,118.76990509033203,8.43529224395752,0,3,0,2,2,0.06357664344534536,-0.9679879085152581,-0.8456782204024638,0,0,0,0,205,False,False,
217,5,1369.5547579379927,872.6664377320304,-0.12542500834890086,138.38768005371094,11.787673950195312,0,4,0,3,3,0.011228508791264996,-0.9514533617142541,-0.7804244917061757,0,0,0,0,205,False,False,
217,6,1408.6634206489935,878.3298166452324,0.0,104.73511505126953,8.284287452697754,0,3,0,2,2,-0.19580802520300974,-0.9423951132214048,-0.37419414113548677,1,0,0,0,205,False,False,
217,7,1379.7494468774905,868.0116079330915,1.2443610277853847,126.46908569335938,11.522856712341309,0,4,0,3,3,0.21700729309223574,-0.9223974435025191,-0.2564686821757014,0,0,0,0,205,False,False,
132,0,1375.3268643793651,860.8974337589294,1.2556194932093252,127.83949279785156,2.5414342880249023,0,4,0,3,3,0.42475549456139877,-0.9261664104681391,0.6109023366691124,0,0,0,0,120,True,True,collision
218,1,1369.988101552935,881.8995127269131,1.7092709731839082,133.17669677734375,12.057438850402832,0,4,0,3,3,-0.3423066906560368,-0.9473770220901631,-0.11151511014314475,0,0,0,0,206,False,False,
218,2,1405.4880521093328,865.5321942448413,1.0278421787672694,100.81179809570312,8.041706085205078,0,3,0,2,2,0.37578724587241874,-0.9469826896391463,-0.07666923599302633,0,0,0,0,206,False,False,
211,3,1333.2802630382012,889.0401773248877,0.5581041780119813,178.22486877441406,6.322323799133301,0,5,0,4,4,-0.5010549636899896,-0.9430641067672043,0.589678351670228,0,0,0,0,199,True,True,collision
218,4,1398.8594657416434,872.2384846777067,0.5116779738787488,119.28154754638672,8.452373504638672,0,3,0,2,2,0.06270101859992173,-0.9693459525653841,-0.8464764181692424,0,0,0,0,206,False,False,
218,5,1369.3963591879697,872.6839385786068,0.1593626168200648,138.54708862304688,11.805051803588867,0,4,0,3,3,0.011878692065070594,-0.9518783892241016,-0.7819984756702403,0,0,0,0,206,False,False,
218,6,1408.3927730382056,878.357771826718,0.27208752525061036,105.00718688964844,8.298552513122559,0,3,0,2,2,-0.1964322552363986,-0.9430867895530632,-0.3722162629554022,0,0,0,0,206,False,False,
218,7,1378.3243040837217,867.8757460217437,1.4316041497516885,127.90059661865234,11.532304763793945,0,4,0,3,3,0.2257718057670925,-0.9259885678995645,-0.23544342833894938,0,0,0,0,206,False,False,
132,0,1375.3268643793651,860.8974337589294,1.2556194932093252,127.83949279785156,2.5414342880249023,0,4,0,3,3,0.42475549456139877,-0.9261664104681391,0.6109023366691124,0,0,0,0,120,True,True,collision
219,1,1368.5782765554686,882.1666861749022,1.434917480132973,134.6116943359375,12.067131996154785,0,4,0,3,3,-0.37217287445701885,-0.9506106317716174,-0.08419392045013407,0,0,0,0,207,False,False,
219,2,1404.1817476135225,865.3213041119536,1.3232180787473367,102.1349868774414,8.051816940307617,0,3,0,2,2,0.4072943313728249,-0.9498552332073518,-0.044792551766437594,0,0,0,0,207,False,False,
211,3,1333.2802630382012,889.0401773248877,0.5581041780119813,178.22486877441406,6.322323799133301,0,5,0,4,4,-0.5010549636899896,-0.9430641067672043,0.589678351670228,0,0,0,0,199,True,True,collision
219,4,1398.0437597874225,872.2929919089997,0.8175250711842555,120.09915924072266,8.468611717224121,0,3,0,2,2,0.05970530774014738,-0.971517354668388,-0.8488789155498901,0,0,0,0,207,False,False,
219,5,1369.3963591879697,872.6839385786068,0.0,138.54708862304688,11.80521011352539,0,4,0,3,3,0.011878692065070594,-0.9518783892241016,-0.7819984756702403,1,0,0,0,207,False,False,
219,6,1408.3927730382056,878.357771826718,0.0,105.00718688964844,8.292059898376465,0,3,0,2,2,-0.1964322552363986,-0.9430867895530632,-0.3722162629554022,1,0,0,0,207,False,False,
219,7,1376.6149586536274,867.7046378927896,1.7178881777282846,129.6184844970703,11.541078567504883,0,4,0,3,3,0.24348629057235927,-0.9302583891071484,-0.2092419023626254,0,0,0,0,207,False,False,
132,0,1375.3268643793651,860.8974337589294,1.2556194932093252,127.83949279785156,2.5414342880249023,0,4,0,3,3,0.42475549456139877,-0.9261664104681391,0.6109023366691124,0,0,0,0,120,True,True,collision
220,1,1367.6963740686642,882.3420221966209,0.8991633426378827,135.51080322265625,12.07829761505127,0,4,0,3,3,-0.3958896268258387,-0.9525791007267826,-0.06611104269484025,0,0,0,0,208,False,False,
220,2,1403.403430534399,865.1882684956606,0.789604933405116,102.92459106445312,8.060528755187988,0,3,0,2,2,0.4298825909823481,-0.9515160946330739,-0.02492109355195138,0,0,0,0,208,False,False,
211,3,1333.2802630382012,889.0401773248877,0.5581041780119813,178.22486877441406,6.322323799133301,0,5,0,4,4,-0.5010549636899896,-0.9430641067672043,0.589678351670228,0,0,0,0,199,True,True,collision
220,4,1397.022083572686,872.3623468881606,1.0240275391280353,121.12312316894531,8.477858543395996,0,3,0,2,2,0.06527699659582803,-0.9742349578422634,-0.8520211376547184,0,0,0,0,208,False,False,
220,5,1369.2109576636965,872.7044734495971,0.18653526778987867,138.733642578125,11.822999954223633,0,4,0,3,3,0.011830395367810335,-0.9523757839128337,-0.7838362386617183,0,0,0,0,208,False,False,
220,6,1408.079424969957,878.389513165336,0.31495162239999996,105.3221435546875,8.300883293151855,0,3,0,2,2,-0.19805259073624357,-0.9438869436106039,-0.3700044926049253,0,0,0,0,208,False,False,
220,7,1375.4436722398138,867.5946486703684,1.1764393279014345,130.79490661621094,11.551531791687012,0,4,0,3,3,0.25056046189555253,-0.933166024683431,-0.1921619995144922,0,0,0,0,208,False,False,
132,0,1375.3268643793651,860.8974337589294,1.2556194932093252,127.83949279785156,2.5414342880249023,0,4,0,3,3,0.42475549456139877,-0.9261664104681391,0.6109023366691124,0,0,0,0,120,True,True,collision
221,1,1366.7638402764655,882.5264634557057,0.9505986806456157,136.46148681640625,12.078145980834961,0,4,0,3,3,-0.4159499717275259,-0.9546171685010152,-0.04711334982870585,0,0,0,0,209,False,False,
221,2,1403.1420135402045,865.1425507080265,0.26538455297892066,103.19003295898438,8.069928169250488,0,3,0,2,2,0.43823301727146347,-0.9520648528412177,-0.018123756000669178,0,0,0,0,209,False,False,
211,3,1333.2802630382012,889.0401773248877,0.5581041780119813,178.22486877441406,6.322323799133301,0,5,0,4,4,-0.5010549636899896,-0.9430641067672043,0.589678351670228,0,0,0,0,199,True,True,collision
221,4,1396.438470585235,872.3997963198683,0.5848132856361111,121.70793914794922,8.495380401611328,0,3,0,2,2,0.07198192294705513,-0.9757851004278012,-0.8535523280989741,0,0,0,0,209,False,False,
221,5,1368.9439276116573,872.7346228280477,0.2687266896180368,139.00230407714844,11.836955070495605,0,4,0,3,3,0.010639940337727201,-0.9530921258249604,-0.7865595302169132,0,0,0,0,209,False,False,
221,6,1408.0748065211385,878.3899807643154,0.004642059703897044,105.3268051147461,8.29849910736084,0,3,0,2,2,-0.19806207164551778,-0.9438988034805189,-0.36997522035089425,1,0,0,0,209,False,False,
221,7,1374.6477508238172,867.521160877584,0.7993067972503269,131.5943145751953,11.562243461608887,0,4,0,3,3,0.25755977786777495,-0.935130955249947,-0.180705113714131,0,0,0,0,209,False,False,
132,0,1375.3268643793651,860.8974337589294,1.2556194932093252,127.83949279785156,2.5414342880249023,0,4,0,3,3,0.42475549456139877,-0.9261664104681391,0.6109023366691124,0,0,0,0,120,True,True,collision
222,1,1366.1612760623054,882.6427130046299,0.613675475973555,137.07513427734375,12.086129188537598,0,4,0,3,3,-0.42724440829325533,-0.9559101312911026,-0.03518787927436373,0,0,0,0,210,False,False,
222,2,1403.1420135402045,865.1425507080265,0.0,103.19003295898438,8.062518119812012,0,3,0,2,2,0.43823301727146347,-0.9520648528412177,-0.018123756000669178,1,0,0,0,210,False,False,
211,3,1333.2802630382012,889.0401773248877,0.5581041780119813,178.22486877441406,6.322323799133301,0,5,0,4,4,-0.5010549636899896,-0.9430641067672043,0.589678351670228,0,0,0,0,199,True,True,collision
222,4,1396.3330852846223,872.4065351397696,0.10560053635722831,121.81350708007812,8.506647109985352,0,3,0,2,2,0.07296746660742347,-0.9760647911695721,-0.8538301715296914,0,0,0,0,210,False,False,
222,5,1368.9439276116573,872.7346228280477,0.0,139.00230407714844,11.839393615722656,0,4,0,3,3,0.010639940337727201,-0.9530921258249604,-0.7865595302169132,1,0,0,0,210,False,False,
222,6,1407.7568205698199,878.4212204128504,0.3195167927927736,105.64633178710938,8.310171127319336,0,3,0,2,2,-0.1991445297485825,-0.9447101251084709,-0.36784389152663155,0,0,0,0,210,False,False,
222,7,1373.9901486156627,867.4579225930396,0.6606358639991257,132.25494384765625,11.571012496948242,0,4,0,3,3,0.2670202121835271,-0.9367438944794756,-0.17093887210117498,0,0,0,0,210,False,False,
132,0,1375.3268643793651,860.8974337589294,1.2556194932093252,127.83949279785156,2.5414342880249023,0,4,0,3,3,0.42475549456139877,-0.9261664104681391,0.6109023366691124,0,0,0,0,120,True,True,collision
223,1,1365.8973783979595,882.6927538191903,0.2686001868373644,137.34375,12.092483520507812,0,4,0,3,3,-0.4317047963275349,-0.9564702499488625,-0.030070380332338442,0,0,0,0,211,False,False,
223,2,1402.8318310360635,865.087949072729,0.31495162239999996,103.50498962402344,8.066243171691895,0,3,0,2,2,0.4461342045922714,-0.9527098186123986,-0.01000825226005242,0,0,0,0,211,False,False,
211,3,1333.2802630382012,889.0401773248877,0.5581041780119813,178.22486877441406,6.322323799133301,0,5,0,4,4,-0.5010549636899896,-0.9430641067672043,0.589678351670228,0,0,0,0,199,True,True,collision
223,4,1396.1920221654138,872.4153888974383,0.1413406969902246,121.95489501953125,8.516075134277344,0,3,0,2,2,0.07489324747507074,-0.9764392653501768,-0.8541744349625973,0,0,0,0,211,False,False,
223,5,1368.831700433031,872.7474823933488,0.11296153346224272,139.11534118652344,11.857215881347656,0,4,0,3,3,0.009646456020233372,-0.9533935336656342,-0.7877307777054738,0,0,0,0,211,False,False,
223,6,1407.1304231283868,878.4776273621062,0.6289320301576198,106.27532958984375,8.322882652282715,0,3,0,2,2,-0.1999408874039217,-0.9463078489054669,-0.3642544385484484,0,0,0,0,211,False,False,
223,7,1373.0306780195745,867.368876700523,0.9635937918708002,133.21853637695312,11.574257850646973,0,4,0,3,3,0.2757570035863599,-0.9390853604437859,-0.157073199959339,0,0,0,0,211,False,False,
132,0,1375.3268643793651,860.8974337589294,1.2556194932093252,127.83949279785156,2.5414342880249023,0,4,0,3,3,0.42475549456139877,-0.9261664104681391,0.6109023366691124,0,0,0,0,120,True,True,collision
224,1,1365.8973783979595,882.6927538191903,0.0,137.34375,12.078669548034668,0,4,0,3,3,-0.4317047963275349,-0.9564702499488625,-0.030070380332338442,1,0,0,0,212,False,False,
224,2,1402.776602706693,865.0781977343945,0.05608259056405629,103.56101989746094,8.052669525146484,0,3,0,2,2,0.4477651721386495,-0.9528238389320197,-0.008557446169639826,1,0,0,0,212,False,False,
211,3,1333.2802630382012,889.0401773248877,0.5581041780119813,178.22486877441406,6.322323799133301,0,5,0,4,4,-0.5010549636899896,-0.9430641067672043,0.589678351670228,0,0,0,0,199,True,True,collision
224,4,1396.1920221654138,872.4153888974383,0.0,121.95489501953125,8.51660442352295,0,3,0,2,2,0.07489324747507074,-0.9764392653501768,-0.8541744349625973,1,0,0,0,212,False,False,
224,5,1368.7166703005794,872.7606820151888,0.11578497911469147,139.2310791015625,11.867490768432617,0,4,0,3,3,0.009607360822907177,-0.9537021476681968,-0.7889316976546635,0,0,0,0,212,False,False,
224,6,1407.0235856240854,878.48724211277,0.10726926752657909,106.38257598876953,8.324875831604004,0,3,0,2,2,-0.20095940833107054,-0.9465797552222562,-0.3636396640414258,0,0,0,0,212,False,False,
224,7,1371.9686183603806,867.2648037332725,1.0671466170115425,134.28562927246094,11.579127311706543,0,4,0,3,3,0.2922044359161292,-0.9416494845643173,-0.1410621917623075,0,0,0,0,212,False,False,
132,0,1375.3268643793651,860.8974337589294,1.2556194932093252,127.83949279785156,2.5414342880249023,0,4,0,3,3,0.42475549456139877,-0.9261664104681391,0.6109023366691124,0,0,0,0,120,True,True,collision
225,1,1365.983464883837,882.6763563254138,-0.08763424474987802,137.43148803710938,12.070333480834961,0,4,0,3,3,-0.4300903444377039,-0.9562879387291003,-0.031746902944068345,2,0,0,0,213,False,False,
225,2,1402.4121294001936,865.0139174948134,0.3700982847179618,103.93114471435547,8.054271697998047,0,3,0,2,2,0.45639330242119625,-0.9535723675087094,0.0009861090576701592,0,0,0,0,213,False,False,
211,3,1333.2802630382012,889.0401773248877,0.5581041780119813,178.22486877441406,6.322323799133301,0,5,0,4,4,-0.5010549636899896,-0.9430641067672043,0.589678351670228,0,0,0,0,199,True,True,collision
225,4,1396.2232040406368,872.4134316064601,-0.031243244556187214,121.986083984375,8.503854751586914,0,3,0,2,2,0.07462678110313826,-0.9763566673379953,-0.8540940077294759,2,0,0,0,213,False,False,
225,5,1368.7166703005794,872.7606820151888,0.0,139.2310791015625,11.869491577148438,0,4,0,3,3,0.009607360822907177,-0.9537021476681968,-0.7889316976546635,1,0,0,0,213,False,False,
225,6,1406.6049438508926,878.5258409849291,0.42041742018381895,106.80292510986328,8.334006309509277,0,3,0,2,2,-0.20661146557684384,-0.9476433898991494,-0.36114146011146553,0,0,0,0,213,False,False,
225,7,1371.0855210938455,867.1743000196909,0.8877227632170648,135.17330932617188,11.589692115783691,0,4,0,3,3,0.30701502817007875,-0.9437569764411028,-0.1272770183190568,0,0,0,0,213,False,False,
132,0,1375.3268643793651,860.8974337589294,1.2556194932093252,127.83949279785156,2.5414342880249023,0,4,0,3,3,0.42475549456139877,-0.9261664104681391,0.6109023366691124,0,0,0,0,120,True,True,collision
226,1,1365.8715922574902,882.6976837082572,0.11388740836765367,137.54544067382812,12.074496269226074,0,4,0,3,3,-0.4329744080224019,-0.9565245942839292,-0.02956531960556097,0,0,0,0,214,False,False,
226,2,1402.3415953525503,865.0014465432376,0.07162804276373357,104.00279235839844,8.042868614196777,0,3,0,2,2,0.4583935790647767,-0.9537162127718426,0.0028323192669861275,1,0,0,0,214,False,False,
211,3,1333.2802630382012,889.0401773248877,0.5581041780119813,178.22486877441406,6.322323799133301,0,5,0,4,4,-0.5010549636899896,-0.9430641067672043,0.589678351670228,0,0,0,0,199,True,True,collision
226,4,1395.9537102828306,872.4306564285491,0.2700436631222808,122.25604248046875,8.517204284667969,0,3,0,2,2,0.07621617667463675,-0.977071557625577,-0.8547971564292104,0,0,0,0,214,False,False,
226,5,1368.8536271321238,872.7449935882837,-0.13785245897500004,139.3689422607422,11.877937316894531,0,4,0,3,3,0.009655684477208916,-0.953334568528219,-0.78750400349529,0,0,0,0,214,False,False,
226,6,1406.3857473762152,878.5462912773872,0.2201483794458393,107.02311706542969,8.34676742553711,0,3,0,2,2,-0.2096117980793729,-0.9481993715884467,-0.3598009395250097,0,0,0,0,214,False,False,
226,7,1370.725611683575,867.1365961533181,0.3618789371333657,135.53526306152344,11.601753234863281,0,4,0,3,3,0.31361520916423286,-0.9446092656657789,-0.12155206293351661,0,0,0,0,214,False,False,
132,0,1375.3268643793651,860.8974337589294,1.2556194932093252,127.83949279785156,2.5414342880249023,0,4,0,3,3,0.42475549456139877,-0.9261664104681391,0.6109023366691124,0,0,0,0,120,True,True,collision
227,1,1365.7539684761675,882.720042683415,0.11973002005656143,137.66510009765625,12.077986717224121,0,4,0,3,3,-0.4355890424022075,-0.9567723369725077,-0.027273965314437154,0,0,0,0,215,False,False,
227,2,1401.9622292689728,864.9336206041373,0.38538160747982647,104.38809204101562,8.049762725830078,0,3,0,2,2,0.46911421435316164,-0.9544821579892506,0.012881735634269642,0,0,0,0,215,False,False,
211,3,1333.2802630382012,889.0401773248877,0.5581041780119813,178.22486877441406,6.322323799133301,0,5,0,4,4,-0.5010549636899896,-0.9430641067672043,0.589678351670228,0,0,0,0,199,True,True,collision
227,4,1395.9537102828306,872.4306564285491,0.0,122.25604248046875,8.518355369567871,0,3,0,2,2,0.07621617667463675,-0.977071557625577,-0.8547971564292104,1,0,0,0,215,False,False,
227,5,1368.7923935387644,872.7519846028978,0.061631381949851745,139.4306182861328,11.871903419494629,0,4,0,3,3,0.009929001763940607,-0.9534990294530993,-0.7881408465375783,1,0,0,0,215,False,False,
227,6,1405.8567649994068,878.5962734318941,0.5313384709798402,107.55440521240234,8.360669136047363,0,3,0,2,2,-0.2161628103872532,-0.9495373887450905,-0.35649060206280203,0,0,0,0,215,False,False,
227,7,1370.0587324995884,867.0667878284411,0.6705229662410951,136.20578002929688,11.611688613891602,0,4,0,3,3,0.32356653401751473,-0.9461781022946132,-0.11096602669057842,0,0,0,0,215,False,False,
132,0,1375.3268643793651,860.8974337589294,1.2556194932093252,127.83949279785156,2.5414342880249023,0,4,0,3,3,0.42475549456139877,-0.9261664104681391,0.6109023366691124,0,0,0,0,120,True,True,collision
228,1,1365.3286176265121,882.7992620383903,0.43266505694975516,138.0978240966797,12.087646484375,0,4,0,3,3,-0.4441433273004994,-0.9576630296889646,-0.019198825267855435,0,0,0,0,216,False,False,
228,2,1401.9622292689728,864.9336206041373,0.0,104.38809204101562,8.04133129119873,0,3,0,2,2,0.46911421435316164,-0.9544821579892506,0.012881735634269642,1,0,0,0,216,False,False,
211,3,1333.2802630382012,889.0401773248877,0.5581041780119813,178.22486877441406,6.322323799133301,0,5,0,4,4,-0.5010549636899896,-0.9430641067672043,0.589678351670228,0,0,0,0,199,True,True,collision
228,4,1395.7389560201389,872.4443037112407,0.2151874570441136,122.47119140625,8.530492782592773,0,3,0,2,2,0.07840853107584754,-0.9776410492212265,-0.8553394363696093,0,0,0,0,216,False,False,
228,5,1368.7923935387644,872.7519846028978,0.0,139.4306182861328,11.86964225769043,0,4,0,3,3,0.009929001763940607,-0.9534990294530993,-0.7881408465375783,2,0,0,0,216,False,False,
228,6,1405.023434562113,878.6725101054834,0.8368104015369591,108.3912582397461,8.374438285827637,0,3,0,2,2,-0.22396906838046232,-0.9516381798944132,-0.3515758935212612,0,0,0,0,216,False,False,
228,7,1369.9113280658382,867.0513545516263,0.14821016538166165,136.3539276123047,11.621736526489258,0,4,0,3,3,0.32586905546761374,-0.946522850764945,-0.10862356029964271,0,0,0,0,216,False,False,
132,0,1375.3268643793651,860.8974337589294,1.2556194932093252,127.83949279785156,2.5414342880249023,0,4,0,3,3,0.42475549456139877,-0.9261664104681391,0.6109023366691124,0,0,0,0,120,True,True,collision
229,1,1364.7081245987204,882.9097959542337,0.6302613299972936,138.7280731201172,12.094794273376465,0,4,0,3,3,-0.4557362025739457,-0.9589455019359078,-0.00801259347253891,0,0,0,0,217,False,False,
229,2,1402.0979486213107,864.9577775461299,-0.13785245897500004,104.52584838867188,8.043152809143066,0,3,0,2,2,0.4651933855209614,-0.9542093083789469,0.009299543547223177,0,0,0,0,217,False,False,
211,3,1333.2802630382012,889.0401773248877,0.5581041780119813,178.22486877441406,6.322323799133301,0,5,0,4,4,-0.5010549636899896,-0.9430641067672043,0.589678351670228,0,0,0,0,199,True,True,collision
229,4,1395.2136469072827,872.4791695820265,0.5264649019596639,122.99774169921875,8.542919158935547,0,3,0,2,2,0.08173420662803797,-0.9790343599353217,-0.8568627084404601,0,0,0,0,217,False,False,
229,5,1368.4795005130943,872.7879356660168,0.31495162239999996,139.74554443359375,11.882772445678711,0,4,0,3,3,0.009644841830753927,-0.9543387344275656,-0.7914131929591539,0,0,0,0,217,False,False,
229,6,1403.8918630333715,878.7750983138939,1.1362123327807305,109.5274887084961,8.387686729431152,0,3,0,2,2,-0.238017393689846,-0.9544714753850176,-0.34501301986408295,0,0,0,0,217,False,False,
229,7,1369.4548432813015,867.0020630468804,0.459138335312566,136.81312561035156,11.628471374511719,0,4,0,3,3,0.3352598538276886,-0.94758504948901,-0.10120024245659154,0,0,0,0,217,False,False,
132,0,1375.3268643793651,860.8974337589294,1.2556194932093252,127.83949279785156,2.5414342880249023,0,4,0,3,3,0.42475549456139877,-0.9261664104681391,0.6109023366691124,0,0,0,0,120,True,True,collision
230,1,1363.811071716768,883.0693676292218,0.9111350023335979,139.63925170898438,12.096113204956055,0,4,0,3,3,-0.481441941464267,-0.9607468157502164,0.008130139867632336,0,0,0,0,218,False,False,
230,2,1402.3041782422733,864.9940151234395,-0.2093891558120471,104.73530578613281,8.045845985412598,0,3,0,2,2,0.4586642351470649,-0.9537910433846519,0.003916307424072452,0,0,0,0,218,False,False,
211,3,1333.2802630382012,889.0401773248877,0.5581041780119813,178.22486877441406,6.322323799133301,0,5,0,4,4,-0.5010549636899896,-0.9430641067672043,0.589678351670228,0,0,0,0,199,True,True,collision
230,4,1394.7766145838918,872.5099279607239,0.43811337522220634,123.43583679199219,8.560253143310547,0,3,0,2,2,0.08385314069288465,-0.9801930516871493,-0.8583348112391277,0,0,0,0,218,False,False,
230,5,1367.8593100603002,872.8607430655361,0.6244494496447341,140.3700408935547,11.899787902832031,0,4,0,3,3,0.008384759779443446,-0.956003904426779,-0.7980680283753339,0,0,0,0,218,False,False,
230,6,1403.2880501534842,878.8271014727644,0.6060481189231003,110.13348388671875,8.396326065063477,0,3,0,2,2,-0.2435893931581404,-0.9559745988181266,-0.34184155409140926,0,0,0,0,218,False,False,
230,7,1369.4548432813015,867.0020630468804,0.0,136.81312561035156,11.617986679077148,0,4,0,3,3,0.3352598538276886,-0.94758504948901,-0.10120024245659154,1,0,0,0,218,False,False,
132,0,1375.3268643793651,860.8974337589294,1.2556194932093252,127.83949279785156,2.5414342880249023,0,4,0,3,3,0.42475549456139877,-0.9261664104681391,0.6109023366691124,0,0,0,0,120,True,True,collision
231,1,1362.7402579120003,883.2513272207914,1.0861636605252412,140.72540283203125,12.095511436462402,0,4,0,3,3,-0.5102885205488336,-0.9628167276443647,0.026366182405248573,0,0,0,0,219,False,False,
231,2,1402.370755751884,865.0056500935398,-0.06758651725883216,104.80284881591797,8.037290573120117,0,3,0,2,2,0.4564420797946266,-0.9536554816831252,0.0021803255463419546,1,0,0,0,219,False,False,
211,3,1333.2802630382012,889.0401773248877,0.5581041780119813,178.22486877441406,6.322323799133301,0,5,0,4,4,-0.5010549636899896,-0.9430641067672043,0.589678351670228,0,0,0,0,199,True,True,collision
231,4,1394.6707069627146,872.517479163747,0.10617647993103561,123.54206085205078,8.575733184814453,0,3,0,2,2,0.08447911653801093,-0.9804738407540472,-0.8587010002763713,0,0,0,0,219,False,False,
231,5,1367.7346043943392,872.8753961677979,0.12556359555496388,140.4955291748047,11.916234016418457,0,4,0,3,3,0.008381634044797831,-0.956338520216148,-0.7994075341522018,0,0,0,0,219,False,False,
231,6,1402.3805503692768,878.8955475745677,0.910077319346364,111.04365539550781,8.411105155944824,0,3,0,2,2,-0.25026720772185124,-0.9582263733473132,-0.338230204095074,0,0,0,0,219,False,False,
231,7,1369.5919130466925,867.0167320571092,-0.13785245897500004,136.95098876953125,11.622466087341309,0,4,0,3,3,0.332427874136623,-0.9472666931190188,-0.1034110408767589,0,0,0,0,219,False,False,
132,0,1375.3268643793651,860.8974337589294,1.2556194932093252,127.83949279785156,2.5414342880249023,0,4,0,3,3,0.42475549456139877,-0.9261664104681391,0.6109023366691124,0,0,0,0,120,True,True,collision
232,1,1362.1691886172441,883.3447839797291,0.5786659703182667,141.30404663085938,12.099264144897461,0,4,0,3,3,-0.5258281934000327,-0.9638799942279644,0.03567121450010258,0,0,0,0,220,False,False,
232,2,1402.4066348718814,865.0119190247517,-0.03642266808359793,104.83927154541016,8.021238327026367,0,3,0,2,2,0.45554657925144715,-0.9535821402099265,0.0012500167229185788,2,0,0,0,220,False,False,
211,3,1333.2802630382012,889.0401773248877,0.5581041780119813,178.22486877441406,6.322323799133301,0,5,0,4,4,-0.5010549636899896,-0.9430641067672043,0.589678351670228,0,0,0,0,199,True,True,collision
232,4,1394.6707069627146,872.517479163747,0.0,123.54206085205078,8.576701164245605,0,3,0,2,2,0.08447911653801093,-0.9804738407540472,-0.8587010002763713,1,0,0,0,220,False,False,
232,5,1367.7346043943392,872.8753961677979,0.0,140.4955291748047,11.915596961975098,0,4,0,3,3,0.008381634044797831,-0.956338520216148,-0.7994075341522018,1,0,0,0,220,False,False,
232,6,1401.4414000688018,878.9577746325238,0.9412095906991716,111.98480224609375,8.421586990356445,0,3,0,2,2,-0.2596325392391767,-0.9605421425278438,-0.3355345839675179,0,0,0,0,220,False,False,
232,7,1369.521560473516,867.0091898374881,0.07075570386462628,137.02169799804688,11.615737915039062,0,4,0,3,3,0.3336843210502252,-0.9474300687297337,-0.10227634082645864,1,0,0,0,220,False,False,
132,0,1375.3268643793651,860.8974337589294,1.2556194932093252,127.83949279785156,2.5414342880249023,0,4,0,3,3,0.42475549456139877,-0.9261664104681391,0.6109023366691124,0,0,0,0,120,True,True,collision
233,1,1362.1121698869651,883.3541177485006,0.057777632714560705,141.36181640625,12.084978103637695,0,4,0,3,3,-0.5278578558398155,-0.9639842167208442,0.036593747881048966,1,0,0,0,221,False,False,
233,2,1402.2352962279494,864.9819394514321,0.17394167333010058,105.01313781738281,8.025236129760742,0,3,0,2,2,0.4599049403459427,-0.9539309806773065,0.005710719465122693,0,0,0,0,221,False,False,
211,3,1333.2802630382012,889.0401773248877,0.5581041780119813,178.22486877441406,6.322323799133301,0,5,0,4,4,-0.5010549636899896,-0.9430641067672043,0.589678351670228,0,0,0,0,199,True,True,collision
233,4,1394.8082260782426,872.507898281229,-0.13785245897500004,123.67996978759766,8.585958480834961,0,3,0,2,2,0.08393552673399572,-0.9801093422443067,-0.8582470659424986,0,0,0,0,221,False,False,
233,5,1367.754063535194,872.873109643972,-0.01959301799158654,140.51507568359375,11.913312911987305,0,4,0,3,3,0.00836930920093803,-0.9562864185580231,-0.7992026998394486,2,0,0,0,221,False,False,
233,6,1400.6586295403054,879.0103810542005,0.7845362553027425,112.76940155029297,8.431058883666992,0,3,0,2,2,-0.2743343347380422,-0.9624528206100169,-0.3331912028186437,0,0,0,0,221,False,False,
233,7,1369.4094118727173,866.997056253861,0.11280306960687914,137.13453674316406,11.622949600219727,0,4,0,3,3,0.33614092766301523,-0.9476901983817535,-0.10045322825508896,0,0,0,0,221,False,False,
132,0,1375.3268643793651,860.8974337589294,1.2556194932093252,127.83949279785156,2.5414342880249023,0,4,0,3,3,0.42475549456139877,-0.9261664104681391,0.6109023366691124,0,0,0,0,120,True,True,collision
234,1,1362.092983135358,883.3572560572637,0.019441718522989853,141.3812255859375,12.070037841796875,0,4,0,3,3,-0.5284519226920357,-0.9640192188326246,0.03690831026714014,2,0,0,0,222,False,False,
234,2,1401.9201214318011,864.9272099008184,0.31989135005116326,105.33304595947266,8.03169059753418,0,3,0,2,2,0.46697973826601735,-0.9545681729666816,0.013862699178535998,0,0,0,0,222,False,False,
211,3,1333.2802630382012,889.0401773248877,0.5581041780119813,178.22486877441406,6.322323799133301,0,5,0,4,4,-0.5010549636899896,-0.9430641067672043,0.589678351670228,0,0,0,0,199,True,True,collision
234,4,1394.6579862892095,872.5185328497633,0.15061569724505747,123.83061981201172,8.597980499267578,0,3,0,2,2,0.08493608400455943,-0.9805075865176587,-0.8587674202785598,0,0,0,0,222,False,False,
234,5,1367.6790524250177,872.8819286129092,0.07552774896019113,140.59054565429688,11.914117813110352,0,4,0,3,3,0.00836553846305637,-0.9564876608657973,-0.8000081870835493,3,0,0,0,222,False,False,
234,6,1399.8784505018893,879.0590084381197,0.7816930052460689,113.55107116699219,8.432880401611328,0,3,0,2,2,-0.2866247558845026,-0.9643404817283872,-0.33131572035529655,0,0,0,0,222,False,False,
234,7,1369.4094118727173,866.997056253861,0.0,137.13453674316406,11.611660957336426,0,4,0,3,3,0.33614092766301523,-0.9476901983817535,-0.10045322825508896,1,0,0,0,222,False,False,
132,0,1375.3268643793651,860.8974337589294,1.2556194932093252,127.83949279785156,2.5414342880249023,0,4,0,3,3,0.42475549456139877,-0.9261664104681391,0.6109023366691124,0,0,0,0,120,True,True,collision
235,1,1361.7633321965477,883.4114172630107,0.33407061778384833,141.71536254882812,12.071060180664062,0,4,0,3,3,-0.5407453443081358,-0.964613852585103,0.04230366693297549,0,0,0,0,223,False,False,
235,2,1401.6154801428409,864.8738718951963,0.30927537532622906,105.6423568725586,8.034143447875977,0,3,0,2,2,0.4757209200582982,-0.9551767988663892,0.02178793326795092,0,0,0,0,223,False,False,
211,3,1333.2802630382012,889.0401773248877,0.5581041780119813,178.22486877441406,6.322323799133301,0,5,0,4,4,-0.5010549636899896,-0.9430641067672043,0.589678351670228,0,0,0,0,199,True,True,collision
235,4,1394.4058017986638,872.5365338437517,0.2528261320678411,124.08345794677734,8.613887786865234,0,3,0,2,2,0.08757784672416985,-0.9811756750505912,-0.8596460452784598,0,0,0,0,223,False,False,
235,5,1367.6790524250177,872.8819286129092,0.0,140.59054565429688,11.912747383117676,0,4,0,3,3,0.00836553846305637,-0.9564876608657973,-0.8000081870835493,4,0,0,0,223,False,False,
235,6,1398.9884730445533,879.1057959617312,0.8912064558405629,114.44219207763672,8.441641807556152,0,3,0,2,2,-0.29967622145016626,-0.9664746710115367,-0.3302171532435658,0,0,0,0,223,False,False,
235,7,1369.0962280495955,866.9637333280106,0.31495162239999996,137.4495391845703,11.62157154083252,0,4,0,3,3,0.3402203448957645,-0.9484148276569038,-0.0954166853906182,0,0,0,0,223,False,False,
132,0,1375.3268643793651,860.8974337589294,1.2556194932093252,127.83949279785156,2.5414342880249023,0,4,0,3,3,0.42475549456139877,-0.9261664104681391,0.6109023366691124,0,0,0,0,120,True,True,collision
236,1,1361.4578489970797,883.4615820422791,0.3095746924997259,142.02487182617188,12.07422924041748,0,4,0,3,3,-0.5520159845805438,-0.9651534601462665,0.04730407685887683,0,0,0,0,224,False,False,
236,2,1401.5026737655576,864.8541352740833,0.11451992389416144,105.75687408447266,8.036628723144531,0,3,0,2,2,0.4786072106971574,-0.9554002719149494,0.02472544969786128,0,0,0,0,224,False,False,
211,3,1333.2802630382012,889.0401773248877,0.5581041780119813,178.22486877441406,6.322323799133301,0,5,0,4,4,-0.5010549636899896,-0.9430641067672043,0.589678351670228,0,0,0,0,199,True,True,collision
236,4,1393.8439913559887,872.5793266813553,0.5634378408031927,124.6468505859375,8.627596855163574,0,3,0,2,2,0.09185124058331742,-0.9826636884020181,-0.8619242642173108,0,0,0,0,224,False,False,
236,5,1367.6908444369865,872.8805412000388,-0.011873350864208185,140.6023406982422,11.912982940673828,0,4,0,3,3,0.008305133372837127,-0.9564561893300452,-0.7998834369696906,5,0,0,0,224,False,False,
236,6,1398.0038425091584,879.1440286521538,0.985372533536939,115.42767333984375,8.453450202941895,0,3,0,2,2,-0.31462372216536144,-0.9688113228343305,-0.33061987542597704,0,0,0,0,224,False,False,
236,7,1368.4753828980847,866.8967377086977,0.6244494496447341,138.07398986816406,11.629364967346191,0,4,0,3,3,0.3519633847659514,-0.9498393522728182,-0.08531392720104769,0,0,0,0,224,False,False,
132,0,1375.3268643793651,860.8974337589294,1.2556194932093252,127.83949279785156,2.5414342880249023,0,4,0,3,3,0.42475549456139877,-0.9261664104681391,0.6109023366691124,0,0,0,0,120,True,True,collision
237,1,1361.4578489970797,883.4615820422791,0.0,142.02487182617188,12.062419891357422,0,4,0,3,3,-0.5520159845805438,-0.9651534601462665,0.04730407685887683,1,0,0,0,225,False,False,
237,2,1401.2616351108752,864.8115785119415,0.24476664612454607,106.0016860961914,8.039441108703613,0,3,0,2,2,0.4860351701726055,-0.955874238468062,0.031046427052685344,0,0,0,0,225,False,False,
211,3,1333.2802630382012,889.0401773248877,0.5581041780119813,178.22486877441406,6.322323799133301,0,5,0,4,4,-0.5010549636899896,-0.9430641067672043,0.589678351670228,0,0,0,0,199,True,True,collision
237,4,1392.978952416963,872.6544315240211,0.868293212816019,125.51509094238281,8.645855903625488,0,3,0,2,2,0.09817770187653739,-0.9849551610197164,-0.8665458643050361,0,0,0,0,225,False,False,
237,5,1367.839345721908,872.8629522335038,-0.14953930375373894,140.75193786621094,11.926292419433594,0,4,0,3,3,0.007739918251797285,-0.9560572972343074,-0.7982655446245793,0,0,0,0,225,False,False,
237,6,1397.154919056645,879.176232338033,0.849534052061215,116.27716064453125,8.45676326751709,0,3,0,2,2,-0.33743553495663275,-0.9707868683471362,-0.3310598168220097,0,0,0,0,225,False,False,
237,7,1368.373123191716,866.8856760746628,0.10285624577110099,138.1767578125,11.638465881347656,0,4,0,3,3,0.3539636215586446,-0.9500723367264831,-0.08365215506107548,0,0,0,0,225,False,False,
132,0,1375.3268643793651,860.8974337589294,1.2556194932093252,127.83949279785156,2.5414342880249023,0,4,0,3,3,0.42475549456139877,-0.9261664104681391,0.6109023366691124,0,0,0,0,120,True,True,collision
238,1,1361.1468764467065,883.5114879273708,0.31495162239999996,142.33987426757812,12.068092346191406,0,4,0,3,3,-0.5615491863259788,-0.965693467936169,0.052238166834238875,0,0,0,0,226,False,False,
238,2,1400.8456091168498,864.7361284492234,0.42281241664478675,106.42448425292969,8.04549789428711,0,3,0,2,2,0.5005098171007729,-0.9566780697845525,0.042187035295820685,0,0,0,0,226,False,False,
211,3,1333.2802630382012,889.0401773248877,0.5581041780119813,178.22486877441406,6.322323799133301,0,5,0,4,4,-0.5010549636899896,-0.9430641067672043,0.589678351670228,0,0,0,0,199,True,True,collision
238,4,1391.8172931367978,872.7664091920084,1.1670438215087617,126.68222045898438,8.662314414978027,0,3,0,2,2,0.11600408176485265,-0.9880265586525476,-0.8740757228617333,0,0,0,0,226,False,False,
238,5,1368.1223147959213,872.8290488377945,-0.28499287199595147,141.03692626953125,11.937292098999023,0,4,0,3,3,0.006764323115928682,-0.9552973754438524,-0.7951468060712027,0,0,0,0,226,False,False,
238,6,1396.0459549552459,879.2108257951209,1.109503531073916,117.38671112060547,8.462900161743164,0,3,0,2,2,-0.3684361373142426,-0.9733086810555163,-0.33253194820686294,0,0,0,0,226,False,False,
238,7,1368.373123191716,866.8856760746628,0.0,138.1767578125,11.629765510559082,0,4,0,3,3,0.3539636215586446,-0.9500723367264831,-0.08365215506107548,1,0,0,0,226,False,False,
132,0,1375.3268643793651,860.8974337589294,1.2556194932093252,127.83949279785156,2.5414342880249023,0,4,0,3,3,0.42475549456139877,-0.9261664104681391,0.6109023366691124,0,0,0,0,120,True,True,collision
239,1,1360.5722471955878,883.6031930643605,0.5819008578715341,142.92173767089844,12.068702697753906,0,4,0,3,3,-0.5838585675712118,-0.9666590692813662,0.061323771368602564,0,0,0,0,227,False,False,
239,2,1400.8081710771817,864.7293394634938,0.038048615499438894,106.46245574951172,8.029206275939941,0,3,0,2,2,0.5015541218274102,-0.9567494427255041,0.0431979571625718,1,0,0,0,227,False,False,
211,3,1333.2802630382012,889.0401773248877,0.5581041780119813,178.22486877441406,6.322323799133301,0,5,0,4,4,-0.5010549636899896,-0.9430641067672043,0.589678351670228,0,0,0,0,199,True,True,collision
239,4,1391.183905976127,872.8274603005937,0.63632266434731,127.3184585571289,8.676826477050781,0,3,0,2,2,0.13499798481307532,-0.9896905045631652,-0.8781849155729878,0,0,0,0,227,False,False,
239,5,1368.3568144571252,872.8010367030969,-0.23616682831230984,141.27308654785156,11.947165489196777,0,4,0,3,3,0.006892155579682758,-0.9546676404756066,-0.7925698186137918,0,0,0,0,227,False,False,
239,6,1395.3094631676786,879.2290514104236,0.7367172634107118,118.1233901977539,8.474300384521484,0,3,0,2,2,-0.3913681067385609,-0.9749375036080549,-0.33406982781854355,0,0,0,0,227,False,False,
239,7,1368.0600550923934,866.8512829119858,0.31495162239999996,138.49176025390625,11.63619613647461,0,4,0,3,3,0.3607754911763247,-0.9507830166385964,-0.0784835440192383,0,0,0,0,227,False,False,
132,0,1375.3268643793651,860.8974337589294,1.2556194932093252,127.83949279785156,2.5414342880249023,0,4,0,3,3,0.42475549456139877,-0.9261664104681391,0.6109023366691124,0,0,0,0,120,True,True,collision
240,1,1359.6962348769098,883.7384934424474,0.8863993314450438,143.80809020996094,12.069616317749023,0,4,0,3,3,-0.6179300411708072,-0.9680511615999323,0.07461840586734891,0,0,0,0,228,True,False,max_steps
240,2,1400.4616072800713,864.6656528139779,0.352366932038293,106.81493377685547,8.028789520263672,0,3,0,2,2,0.51302950458729,-0.9574057428121657,0.05257342561868805,0,0,0,0,228,True,False,max_steps
211,3,1333.2802630382012,889.0401773248877,0.5581041780119813,178.22486877441406,6.322323799133301,0,5,0,4,4,-0.5010549636899896,-0.9430641067672043,0.589678351670228,0,0,0,0,199,True,True,collision
240,4,1391.0698806322303,872.8383588754332,0.1145450041875,127.43311309814453,8.691198348999023,0,3,0,2,2,0.13961256738661046,-0.9899891584038658,-0.8789173079405677,0,0,0,0,228,True,False,max_steps
240,5,1368.2748404917531,872.810844655779,0.08255862725748704,141.35569763183594,11.949015617370605,0,4,0,3,3,0.006804109091715165,-0.9548879422304816,-0.793470397804215,1,0,0,0,228,True,False,max_steps
240,6,1394.9069620542384,879.2388191687527,0.4026196162923814,118.5259780883789,8.481032371520996,0,3,0,2,2,-0.40734744795969957,-0.9758068903397531,-0.33493444558751073,0,0,0,0,228,True,False,max_steps
240,7,1368.0600550923934,866.8512829119858,0.0,138.49176025390625,11.625003814697266,0,4,0,3,3,0.3607754911763247,-0.9507830166385964,-0.0784835440192383,1,0,0,0,228,True,False,max_steps
