step,car_index,x,y,speed,distance_travelled,total_reward,lap_count,next_goal_idx,progress_delta,checkpoints_reached,checkpoint_streak,heading_error_norm,goal_distance_norm,lateral_offset_norm,no_progress_steps,reverse_speed_steps,reverse_progress_events,heading_away_steps,wall_hugging_steps,done,collided,terminated_reason
1,0,1500.9927173769288,870.0003390982664,0.007290513454652748,0.00733336852863431,-0.0065003735944628716,0,1,0,0,0,-3.279224427722561e-05,-0.88522892486354,-0.9401620242129566,1,0,0,0,0,False,False,
1,1,1500.8538242471313,870.006690876337,0.1463288028819445,0.14627233147621155,0.01627630554139614,0,1,0,0,0,0.0004705611741314897,-0.8855994288121251,-0.9403674338226945,0,0,0,0,0,False,False,
1,2,1500.6854214295204,870.015324733192,0.31495162239999996,0.3149479925632477,0.015132715925574303,0,1,0,0,0,-0.0014098589619663926,-0.8860492286828147,-0.9405062411933108,0,0,0,0,0,False,False,
1,3,1501.0826208611911,869.9961701610682,-0.082709578467202,0.08273100852966309,0.00028135484899394214,0,1,0,0,0,9.99116392980189e-05,-0.8849887533070115,-0.9405114617454519,1,0,0,0,0,False,False,
1,4,1501.0016122942616,869.999925027783,-0.0016140364368399053,0.0015880874125286937,-0.0010026068193838,0,1,0,0,0,6.987536276407506e-06,-0.8852051345702018,-0.9401474095255802,1,0,0,0,0,False,False,
1,5,1500.8588895952685,870.0067027913063,0.1412695074486727,0.1412729024887085,0.012764341197907925,0,1,0,0,0,-0.0006302719460522768,-0.8855860968703803,-0.9403300538117791,0,0,0,0,0,False,False,
1,6,1500.8717084034786,870.0060747595182,0.1284353395340781,0.1284410059452057,0.015590550377964973,0,1,0,0,0,-0.0005353250307340179,-0.8855518784733598,-0.9403154426976761,0,0,0,0,0,False,False,
1,7,1500.6853601434402,870.0140101790298,0.31495162239999996,0.3150102198123932,0.016266392543911934,0,1,0,0,0,0.0012693304454011746,-0.8860493950520869,-0.9406605101170513,0,0,0,0,0,False,False,
2,0,1500.9927173769288,870.0003390982664,0.0,0.00733336852863431,-0.013267649337649345,0,1,0,0,0,-3.279224427722561e-05,-0.88522892486354,-0.9401620242129566,2,0,0,0,0,False,False,
2,1,1500.4158813695549,870.0262120258853,0.43837773586213996,0.584693193435669,0.033344563096761703,0,1,0,0,0,0.0012452988568791548,-0.8867685485287773,-0.9410850935848826,0,0,0,0,0,False,False,
2,2,1500.2495151785163,870.0387407400522,0.4365347283340462,0.7514907121658325,0.029877103865146637,0,1,0,0,0,-0.004634099378488877,-0.8872133116347548,-0.9407335692608402,0,0,0,0,0,False,False,
2,3,1501.2198544735816,869.9898068042036,-0.137381063761757,0.2200847864151001,0.013771948404610157,0,1,0,0,0,9.025646216874369e-05,-0.8846224765590888,-0.9412725403502585,0,0,0,0,0,False,False,
2,4,1501.0851017743798,869.9960234449317,-0.08358059367554137,0.08517549932003021,-0.00922312494367361,0,1,0,0,0,-0.00013948079619075947,-0.884982234796878,-0.9405260978724674,2,0,0,0,0,False,False,
2,5,1500.8338080924138,870.0078924295055,0.02510969980878988,0.1663241684436798,0.005769042298197746,0,1,0,0,0,-0.0005861052454899133,-0.8856529002561416,-0.9403674338226945,1,0,0,0,0,False,False,
2,6,1500.6864004426247,870.0148849669146,0.18551727712046656,0.3139520585536957,0.03012680634856224,0,1,0,0,0,-0.0006600860937939817,-0.8860465744057158,-0.9405500745356202,0,0,0,0,0,False,False,
2,7,1500.2318410998928,870.0346585318019,0.4539888515508248,0.7689704298973083,0.03040335141122341,0,1,0,0,0,0.0006400906020145511,-0.8872599549549549,-0.941348947651033,0,0,0,0,0,False,False,
3,0,1500.8743534942303,870.0057877490898,0.11848922534681919,0.12574416399002075,0.0024804119020700455,0,1,0,0,0,0.0003046715854888286,-0.8855446869389171,-0.9403300538117791,0,0,0,0,0,False,False,
3,1,1500.4158813695549,870.0262120258853,0.0,0.584693193435669,0.03144559636712074,0,1,0,0,0,0.0012452988568791548,-0.8867685485287773,-0.9410850935848826,1,0,0,0,0,False,False,
3,2,1499.657075648352,870.0704685368727,0.5932885048543594,1.344747543334961,0.035638824105262756,0,1,0,0,0,-0.00459494635243958,-0.8887952889285217,-0.9410558713566763,0,0,0,0,0,False,False,
3,3,1501.0402591881427,869.9983582786524,0.1797987604714852,0.3998534083366394,0.024340376257896423,0,1,0,0,0,-0.0007043659310719856,-0.8851018592869028,-0.9402480114591727,0,0,0,0,0,False,False,
3,4,1500.852631456102,870.0071730584888,0.23273754051009993,0.31786561012268066,-0.00406869500875473,0,1,0,0,0,-0.0009261066120968861,-0.8856027409981562,-0.9403154426976761,0,0,0,0,0,False,False,
3,5,1500.4945217095685,870.0234780429249,0.3396441681081239,0.5060391426086426,0.02163468301296234,0,1,0,0,0,0.00036557714446922143,-0.8865588067992523,-0.9408577655173533,0,0,0,0,0,False,False,
3,6,1500.6794392341974,870.0152160900808,0.006969079230362402,0.3209167420864105,0.030722996219992638,0,1,0,0,0,-0.0006746181165087566,-0.8860651468664753,-0.9405646856497234,1,0,0,0,0,False,False,
3,7,1499.699072073155,870.0597579876937,0.5333599333817963,1.3022756576538086,0.048220790922641754,0,1,0,0,0,-0.0003694635018515808,-0.8886821018060514,-0.942052846738139,0,0,0,0,0,False,False,
4,0,1500.4432842701608,870.0238032544589,0.43144551727135927,0.5572723150253296,0.016561444848775864,0,1,0,0,0,0.0030296875525951668,-0.8866954155780903,-0.9411736107085223,0,0,0,0,0,False,False,
4,1,1500.2530535221936,870.0331363053363,0.16297500888864688,0.747683584690094,0.04853068292140961,0,1,0,0,0,0.0025568944988290493,-0.8872031864000208,-0.9413863240886753,0,0,0,0,0,False,False,
4,2,1499.394097475189,870.0850252224958,0.2633807446576487,1.6082098484039307,0.04389309138059616,0,1,0,0,0,-0.0057725974108560904,-0.8894978271781191,-0.941151692250731,0,0,0,0,0,False,False,
4,3,1500.7013806880432,870.0142752454227,0.3392521004516375,0.7390948534011841,0.033354684710502625,0,1,0,0,0,-0.0002967497187095584,-0.8860065029592701,-0.940520852307414,0,0,0,0,0,False,False,
4,4,1500.759855658462,870.0116463092287,0.09288357551231154,0.4107459783554077,-0.009200505912303925,0,1,0,0,0,-0.0010896974587909526,-0.8858504216932132,-0.9404258782791071,1,0,0,0,0,False,False,
4,5,1500.0980485842083,870.0412081767149,0.3968693699154196,0.9029184579849243,0.03987798094749451,0,1,0,0,0,0.0011498216854363363,-0.8876171496662476,-0.9414959128043585,0,0,0,0,0,False,False,
4,6,1500.6794392341974,870.0152160900808,0.0,0.3209167420864105,0.030524328351020813,0,1,0,0,0,-0.0006746181165087566,-0.8860651468664753,-0.9405646856497234,2,0,0,0,0,False,False,
4,7,1498.9840172576949,870.0973172557692,0.7160405629090567,2.018347978591919,0.06665828824043274,0,1,0,0,0,-0.0038743625379630154,-0.8905915938515419,-0.9425367251014037,0,0,0,0,0,False,False,
5,0,1499.9421944159415,870.0435088428206,0.5014771701825563,1.0587584972381592,0.027595514431595802,0,1,0,0,0,0.004652526398757888,-0.8880326772137189,-0.9423020896901864,0,0,0,0,0,False,False,
5,1,1499.993578459107,870.0431581914481,0.2596685321038729,1.007398009300232,0.06720425188541412,0,1,0,0,0,0.005067880395782569,-0.887895736166351,-0.9419870949380383,0,0,0,0,0,False,False,
5,2,1498.8602835146355,870.1155550019683,0.5346862742921928,2.142894983291626,0.058352768421173096,0,1,0,0,0,-0.007029903368677677,-0.8909235686412252,-0.9412101402804167,0,0,0,0,0,False,False,
5,3,1500.7013806880432,870.0142752454227,0.0,0.7390948534011841,0.03379940241575241,0,1,0,0,0,-0.0002967497187095584,-0.8860065029592701,-0.940520852307414,1,0,0,0,0,False,False,
5,4,1500.673854712446,870.0158567710223,0.08610395289496615,0.4969085454940796,-0.00909434910863638,0,1,0,0,0,-0.001564466117293427,-0.8860801878244631,-0.940520852307414,2,0,0,0,0,False,False,
5,5,1499.3937027131308,870.0683811282278,0.7048698286901927,1.6077876091003418,0.05727848410606384,0,1,0,0,0,0.0051384243843153226,-0.8894967403667291,-0.9431456465869295,0,0,0,0,0,False,False,
5,6,1500.8171473478767,870.0089092784998,-0.13785245897500004,0.4587554931640625,0.04482963681221008,0,1,0,0,0,0.00044706549310862757,-0.8856975770009368,-0.9403592760399855,0,0,0,0,0,False,False,
5,7,1498.0753953934818,870.1548071220543,0.9104387825940111,2.92873477935791,0.08614876121282578,0,1,0,0,0,-0.010934728520293409,-0.8930189411512675,-0.9419797911676233,0,0,0,0,0,False,False,
6,0,1499.3439186452504,870.0684589549883,0.5987957964892433,1.6575456857681274,0.043556757271289825,0,1,0,0,0,0.0031864209721144715,-0.8896294235121305,-0.9434825597968689,0,0,0,0,0,False,False,
6,1,1499.993578459107,870.0431581914481,0.0,1.007398009300232,0.0698176845908165,0,1,0,0,0,0.005067880395782569,-0.887895736166351,-0.9419870949380383,1,0,0,0,0,False,False,
6,2,1498.1266218959126,870.1548913929698,0.7347154023458148,2.8775930404663086,0.07569964230060577,0,1,0,0,0,-0.0048483724484378226,-0.8928827070389547,-0.9416054979467686,0,0,0,0,0,False,False,
6,3,1500.7492364090488,870.0120295654491,-0.04790838247641778,0.7869997024536133,0.03490765392780304,0,1,0,0,0,-0.00026863347185168446,-0.8858787567980542,-0.9404551005073133,2,0,0,0,0,False,False,
6,4,1500.673854712446,870.0158567710223,0.0,0.4969085454940796,-0.015597354620695114,0,1,0,0,0,-0.001564466117293427,-0.8860801878244631,-0.940520852307414,3,0,0,0,0,False,False,
6,5,1499.2118085675236,870.0749821477563,0.18201388316547676,1.7897939682006836,0.06924153119325638,0,1,0,0,0,0.006621599142561271,-0.8899820660369582,-0.9436140633970702,0,0,0,0,0,False,False,
6,6,1500.7325028708326,870.012826477882,0.08473506915718843,0.5434403419494629,0.04351341724395752,0,1,0,0,0,0.00014263276857428132,-0.8859234032986337,-0.9404770189651046,1,0,0,0,0,False,False,
6,7,1496.9290437586085,870.2464602973475,1.150009728357942,4.078756809234619,0.10682633519172668,0,1,0,0,0,-0.022134186589005997,-0.8960838645728382,-0.9389815505330008,0,0,0,0,0,False,False,
7,0,1498.4419611513822,870.1111286115361,0.9029662343269973,2.5604097843170166,0.06182532384991646,0,1,0,0,0,-0.0003827643009559425,-0.8920370605171226,-0.9446475683504273,0,0,0,0,0,False,False,
7,1,1499.6788034417912,870.0537039453874,0.31495162239999996,1.3222723007202148,0.08817233145236969,0,1,0,0,0,0.008386457736944901,-0.8887353293725535,-0.9429183185194002,0,0,0,0,0,False,False,
7,2,1497.18216583628,870.1993572253597,0.9455022257123369,3.8230957984924316,0.09525607526302338,0,1,0,0,0,-0.0007144958311041844,-0.895404045997694,-0.9428590236239668,0,0,0,0,0,False,False,
7,3,1500.5879792151488,870.0195399899742,0.16143199515913284,0.9484292268753052,0.051507025957107544,0,1,0,0,0,-4.525221564695888e-05,-0.8863092355770987,-0.9406824285748425,0,0,0,0,0,False,False,
7,4,1500.7960519979626,870.0098354022127,-0.12234554944911069,0.6192502379417419,-0.006297703832387924,0,1,0,0,0,-0.0017607328293236277,-0.8857539447223305,-0.9403966560509008,0,0,0,0,0,False,False,
7,5,1498.9970525892702,870.0824860281424,0.2148870364085208,2.0046446323394775,0.077937051653862,0,1,0,0,0,0.00751934937539305,-0.8905549598422694,-0.9442229884558692,0,0,0,0,0,False,False,
7,6,1500.7325028708326,870.012826477882,0.0,0.5434403419494629,0.04161263629794121,0,1,0,0,0,0.00014263276857428132,-0.8859234032986337,-0.9404770189651046,2,0,0,0,0,False,False,
7,7,1495.4937790964839,870.3929215862763,1.442718115051677,5.521514892578125,0.12801596522331238,0,1,0,0,0,-0.0374695779679374,-0.8999248016883303,-0.9314384780120206,0,0,0,0,0,False,False,
8,0,1497.242584055641,870.1734268208191,1.2009939569659993,3.7614870071411133,0.0819934606552124,0,1,0,0,0,-0.003426722562960549,-0.8952398893181189,-0.945542265933168,0,0,0,0,0,False,False,
8,1,1499.2773302414273,870.0643626300607,0.40161466378786914,1.7239036560058594,0.10291721671819687,0,1,0,0,0,0.012933389661385616,-0.8898061285015252,-0.9444357018360221,0,0,0,0,0,False,False,
8,2,1496.7639718381627,870.2195357710364,0.41868053903541186,4.241796493530273,0.10899249464273453,0,1,0,0,0,-0.0014742404299640712,-0.8965205777495722,-0.9433502057576465,0,0,0,0,0,False,False,
8,3,1500.114865945999,870.0420471325397,0.473648326199855,1.4221094846725464,0.06833100318908691,0,1,0,0,0,-0.0006871677002695581,-0.8875723821653368,-0.9412758920805174,0,0,0,0,0,False,False,
8,4,1500.6017028496974,870.019611568273,0.1945948736588602,0.8138313889503479,0.008674093522131443,0,1,0,0,0,-0.002423326849970901,-0.8862728241465048,-0.9405792967638266,0,0,0,0,0,False,False,
8,5,1498.4711381284544,870.0988751713494,0.5261697673851473,2.5307798385620117,0.09549525380134583,0,1,0,0,0,0.010050421477560197,-0.8919578155577061,-0.9459165555807495,0,0,0,0,0,False,False,
8,6,1500.4801190944274,870.0239170230069,0.2526273357807463,0.7961260080337524,0.05782366544008255,0,1,0,0,0,0.00163560814614401,-0.8865972297090169,-0.9409024492986837,0,0,0,0,0,False,False,
8,7,1494.5917978849118,870.4864002303051,0.906812198262874,6.428319931030273,0.1411074697971344,0,1,0,0,0,-0.03942405405732927,-0.902338430483288,-0.9265274999676976,0,0,0,0,0,False,False,
9,0,1495.7732912051317,870.2459085114277,1.4710795614211414,5.232513427734375,0.10276538133621216,0,1,0,0,0,-0.0018379972239270298,-0.8991626105316481,-0.9470888714779961,0,0,0,0,0,False,False,
9,1,1498.5679723949913,870.0798725448938,0.7095273861934472,2.4334235191345215,0.11466506123542786,0,1,0,0,0,0.01619178781739568,-0.8916975798774005,-0.9475143018115751,0,0,0,0,0,False,False,
9,2,1496.0384157186795,870.2518830199945,0.7262768253458847,4.967981338500977,0.12251746654510498,0,1,0,0,0,0.0008726972540415545,-0.8984570685870972,-0.944530675864329,0,0,0,0,0,False,False,
9,3,1499.7319104101066,870.0594308546828,0.383349887526003,1.8054389953613281,0.0814710408449173,0,1,0,0,0,0.0007031423532563647,-0.8885945934653947,-0.9418620482425042,0,0,0,0,0,False,False,
9,4,1500.0962482223028,870.0476850508658,0.5062336424808522,1.320103645324707,0.026844099164009094,0,1,0,0,0,-0.00581831648984424,-0.8876228278027865,-0.9407335692608402,0,0,0,0,0,False,False,
9,5,1497.9031574697485,870.1174281974984,0.5682835942055428,3.09907603263855,0.10921747982501984,0,1,0,0,0,0.009224713326599954,-0.8934731151360714,-0.9476458054117766,0,0,0,0,0,False,False,
9,6,1500.4801190944274,870.0239170230069,0.0,0.7961260080337524,0.05505666509270668,0,1,0,0,0,0.00163560814614401,-0.8865972297090169,-0.9409024492986837,1,0,0,0,0,False,False,
9,7,1494.2131321370143,870.5251876163829,0.38064709370955463,6.808966636657715,0.15710331499576569,0,1,0,0,0,-0.03907117827079484,-0.903351591888444,-0.924518934517396,0,0,0,0,0,False,False,
10,0,1494.8397337592626,870.2904480239414,0.9346193197836662,6.167169570922852,0.1222207173705101,0,1,0,0,0,-0.0008288382506874667,-0.9016550253623903,-0.9482547304705755,0,0,0,0,0,False,False,
10,1,1497.5567309984099,870.1033355801095,1.0115135570924245,3.444925546646118,0.13455447554588318,0,1,0,0,0,0.015732946182265235,-0.8943941138857713,-0.9517441460923313,0,0,0,0,0,False,False,
10,2,1495.7593978324846,870.2640372364143,0.2792824838643573,5.247298240661621,0.13873369991779327,0,1,0,0,0,0.0015334662360604373,-0.8992019115568279,-0.9450145542275938,0,0,0,0,0,False,False,
10,3,1499.3299705525494,870.0776975036923,0.4023547185743687,2.2078306674957275,0.09462965279817581,0,1,0,0,0,0.0006764986972768838,-0.8896676370344307,-0.942470973301303,0,0,0,0,0,False,False,
10,4,1499.7515811302617,870.0677327254499,0.34524963952534815,1.665292739868164,0.04214736819267273,0,1,0,0,0,-0.007545957977172672,-0.888543266672941,-0.9407335692608402,0,0,0,0,0,False,False,
10,5,1497.2608592709134,870.1362053192996,0.6425726079829482,3.741684913635254,0.11982148140668869,0,1,0,0,0,0.011592764771786,-0.8951864606155273,-0.9498670842422311,0,0,0,0,0,False,False,
10,6,1500.6178355545496,870.0177951722355,-0.13785245897500004,0.933956503868103,0.0594421811401844,0,1,0,0,0,0.0013074525887908017,-0.8862296825342162,-0.9406751212311544,0,0,0,0,0,False,False,
10,7,1493.8164193269536,870.564391734839,0.3986452264484556,7.207625389099121,0.1692734956741333,0,1,0,0,0,-0.0372050949819251,-0.9044128906231764,-0.9225834282108832,0,0,0,0,0,False,False,
11,0,1493.9172474398192,870.3394797185641,0.9237884588139874,7.09095573425293,0.1385945975780487,0,1,0,0,0,-0.004394391571236787,-0.9041183989270597,-0.9488043570606678,0,0,0,0,0,False,False,
11,1,1497.0733520496285,870.1163780838325,0.48355487282039744,3.9285004138946533,0.15275073051452637,0,1,0,0,0,0.013492656433996015,-0.8956833618188227,-0.9535473019328949,0,0,0,0,0,False,False,
11,2,1495.1706078119932,870.291327539679,0.5894221313139192,5.83667516708374,0.15447834134101868,0,1,0,0,0,-0.00024223125611892252,-0.9007735832498486,-0.9458499569149011,0,0,0,0,0,False,False,
11,3,1498.6206194329336,870.1134938146494,0.7102537481621541,2.9180822372436523,0.11170820891857147,0,1,0,0,0,-0.002553616802405006,-0.8915616269514751,-0.9431301850338054,0,0,0,0,0,False,False,
11,4,1499.2131228726835,870.1014617959395,0.5395136192443611,2.2047979831695557,0.06067925691604614,0,1,0,0,0,-0.010519528460319331,-0.889981754865789,-0.9404477967368984,0,0,0,0,0,False,False,
11,5,1496.8468436104574,870.1479923411277,0.4141834146685462,4.155914783477783,0.1335345357656479,0,1,0,0,0,0.012207704367151942,-0.8962908726500749,-0.9513406342165436,0,0,0,0,0,False,False,
11,6,1500.8910711919405,870.0058318182985,-0.27349741384103204,1.207533597946167,0.07074420899152756,0,1,0,0,0,0.001721144730085042,-0.885500146287533,-0.940205857555266,0,0,0,0,0,False,False,
11,7,1493.3487771723965,870.6097679921047,0.46983847164992387,7.6774702072143555,0.17920659482479095,0,1,0,0,0,-0.03655449738011088,-0.9056637770519096,-0.9204132864931531,0,0,0,0,0,False,False,
12,0,1492.6985372335625,870.4201812526351,1.221379263142878,8.312374114990234,0.15807080268859863,0,1,0,0,0,-0.013129232770054955,-0.9073748456001282,-0.9476311942976734,0,0,0,0,0,False,False,
12,1,1496.5584538232683,870.1296671823852,0.5150696881482719,4.443563461303711,0.1612730175256729,0,1,0,0,0,0.014429436339600619,-0.8970565120804707,-0.9555412562690935,0,0,0,0,0,False,False,
12,2,1494.3023270520946,870.3317991653564,0.8692234640729458,6.705904006958008,0.17028595507144928,0,1,0,0,0,-0.00041796238741653724,-0.9030915256610506,-0.9470450345624135,0,0,0,0,0,False,False,
12,3,1497.758018206074,870.1644156722323,0.8641029522918192,3.782135486602783,0.13000229001045227,0,1,0,0,0,-0.008167004163763321,-0.8938655815869077,-0.9430279072350836,0,0,0,0,0,False,False,
12,4,1498.3705369896795,870.1629846763656,0.8448289975215947,3.049692392349243,0.07794971764087677,0,1,0,0,0,-0.017452505027920198,-0.8922339775146,-0.9389450245343797,0,0,0,0,0,False,False,
12,5,1496.2521103307433,870.1669877872429,0.595036554316303,4.750944137573242,0.14749272167682648,0,1,0,0,0,0.010156608031143025,-0.8978774183417759,-0.9532022345135197,0,0,0,0,0,False,False,
12,6,1501.2212693917154,869.9916009217857,-0.330504719406852,1.5380425453186035,0.07938942313194275,0,1,0,0,0,0.0021413030435957756,-0.8846187937201414,-0.9410603165085336,0,0,0,0,0,False,False,
12,7,1492.7352785196717,870.6710714862932,0.61655390299206,8.29405403137207,0.19269151985645294,0,1,0,0,0,-0.03905913527310613,-0.9073049562052571,-0.9173419938612881,0,0,0,0,0,False,False,
13,0,1491.6292415874952,870.5068688366141,1.0728037639356307,9.385099411010742,0.1762610375881195,0,1,0,0,0,-0.023251341299175957,-0.9102335940926285,-0.9446922521317576,0,0,0,0,1,False,False,
13,1,1495.8806047251394,870.1432976198082,0.67798612718735,5.121557712554932,0.17735248804092407,0,1,0,0,0,0.018378822610506832,-0.8988637598744221,-0.9586271600150615,0,0,0,0,1,False,False,
13,2,1493.3288052452856,870.3707499544034,0.9743007093808858,7.6801934242248535,0.18814191222190857,0,1,0,0,0,0.0038807175172921563,-0.905689583165675,-0.9491631887283984,0,0,0,0,1,False,False,
13,3,1497.2561789450488,870.1945984264893,0.5027461014874915,4.284871578216553,0.1454644352197647,0,1,0,0,0,-0.008985011039905228,-0.8952060803002747,-0.9429110147489853,0,0,0,0,1,False,False,
13,4,1498.0517667862139,870.1873578484656,0.3197006320539597,3.369351625442505,0.09338720887899399,0,1,0,0,0,-0.019789579094329372,-0.8930859900205257,-0.9382411254472738,0,0,0,0,1,False,False,
13,5,1496.1727404791275,870.1695749427361,0.0794120061392828,4.830331325531006,0.14627061784267426,0,1,0,0,0,0.009759546062140759,-0.8980890915148356,-0.9534514774655671,1,0,0,0,1,False,False,
13,6,1501.6293072798862,869.9734186733073,-0.4084427895590048,1.9464068412780762,0.0856701210141182,0,1,0,0,0,0.0012010602434476898,-0.8835298243170552,-0.9432410994338449,0,1,0,0,1,False,False,
13,7,1491.8416300216716,870.7655735591221,0.8986313369490493,9.19258975982666,0.20784132182598114,0,1,0,0,0,-0.043860807751764874,-0.9096955161084265,-0.9122475210917453,0,0,0,0,1,False,False,
14,0,1491.0873853034332,870.5524549845087,0.5437704749776486,9.928878784179688,0.19082927703857422,0,1,0,0,0,-0.02559843006824249,-0.9116825259990666,-0.9430132961209804,0,0,0,0,2,False,False,
14,1,1495.018582881988,870.1558188381508,0.8621127762530058,5.983709335327148,0.1944292038679123,0,1,0,0,0,0.02244218948061574,-0.9011614333170542,-0.9631281692789295,0,0,0,0,2,False,False,
14,2,1492.0584029048082,870.4034400003721,1.270822861690827,8.951122283935547,0.20971977710723877,0,1,0,0,0,0.013443163469151562,-0.9090779997545377,-0.9540896247525723,0,0,0,0,2,False,False,
14,3,1496.4486632918092,870.2394993369345,0.8087630196699399,5.0937371253967285,0.16044019162654877,0,1,0,0,0,-0.006232624025008704,-0.8973629534970899,-0.9431602577010326,0,0,0,0,2,False,False,
14,4,1498.0517667862139,870.1873578484656,0.0,3.369351625442505,0.09322384744882584,0,1,0,0,0,-0.019789579094329372,-0.8930859900205257,-0.9382411254472738,1,0,0,0,2,False,False,
14,5,1495.8012088045286,870.1817058127755,0.37172966418899206,5.201989650726318,0.1611744910478592,0,1,0,0,0,0.009819918820683584,-0.8990800647544352,-0.954580806886252,0,0,0,0,2,False,False,
14,6,1501.716315226281,869.9694772145027,-0.08709717465763771,2.0335304737091064,0.08607400953769684,0,1,0,0,0,0.0007290585389780643,-0.8832974946109461,-0.9437094554983413,1,0,0,0,2,False,False,
14,7,1490.806612824756,870.8845309265931,1.0418308179290154,10.234437942504883,0.22745676338672638,0,1,0,0,0,-0.05121105411197106,-0.9124650688577728,-0.9052102382452747,0,0,0,0,2,False,False,
15,0,1490.3584002658984,870.6125374397005,0.7314568246803388,10.660357475280762,0.2091464102268219,0,1,0,0,0,-0.025071414100885172,-0.9136316531152519,-0.9408878381845805,0,0,0,0,3,False,False,
15,1,1494.3062625165549,870.1605329228322,0.712335963998334,6.696004867553711,0.20949067175388336,0,1,0,0,0,0.028014095075791248,-0.9030590836731871,-0.9675187393880933,0,0,0,0,3,False,False,
15,2,1490.4976175392476,870.4141492473997,1.5608221055970404,10.51194953918457,0.22988471388816833,0,1,0,0,0,0.02667426807942219,-0.913236717700899,-0.9636704920986068,0,0,0,0,3,False,False,
15,3,1495.8636715343875,870.2684053539024,0.5857054840687821,5.679412841796875,0.17988187074661255,0,1,0,0,0,-0.002338124251149528,-0.8989247453201151,-0.9437683323208106,0,0,0,0,3,False,False,
15,4,1498.1263585007039,870.1817059138318,-0.07480553612986238,3.444152355194092,0.09038112312555313,0,1,0,0,0,-0.019317430968318186,-0.8928866156478509,-0.9384027017147023,2,0,0,0,3,False,False,
15,5,1495.1213461266557,870.2029050780184,0.6801931119993989,5.882251262664795,0.18002310395240784,0,1,0,0,0,0.010951559688435156,-0.9008938306126453,-0.9567801708321885,0,0,0,0,3,False,False,
15,6,1501.803400325611,869.9655029337312,-0.0871757387863264,2.120656967163086,0.08388914912939072,0,1,0,0,0,0.0005140190703656344,-0.8830651573524092,-0.9441851296263454,2,0,0,0,3,False,False,
15,7,1489.4781014024004,871.0341044581268,1.33690494825364,11.571325302124023,0.2427162528038025,0,1,0,0,0,-0.05184671111062503,-0.9160187611507091,-0.8965532907101872,0,0,0,0,3,False,False,
16,0,1489.8427953135415,870.6527670856248,0.5171720132664414,11.177549362182617,0.22266821563243866,0,1,0,0,0,-0.022652742105485877,-0.9150099719865266,-0.9396635383088618,0,0,0,0,4,False,False,
16,1,1493.441988191929,870.1557627095657,0.8642874887106748,7.560276031494141,0.22930021584033966,0,1,0,0,0,0.036610569535055974,-0.9053600880765523,-0.9741013696727785,0,0,0,0,4,False,False,
16,2,1488.6539520634865,870.3775170445979,1.844029366576163,12.355940818786621,0.2518267333507538,0,1,0,0,0,0.046312036054504485,-0.9181417609773344,-0.9808821022235136,0,0,0,0,4,False,False,
16,3,1494.9743807611237,870.3070538470051,0.8901302070097467,6.569533824920654,0.19424159824848175,0,1,0,0,0,0.0014783038534905775,-0.9012983952424758,-0.9453295489797419,0,0,0,0,4,False,False,
16,4,1497.8857253192573,870.2005605443152,0.24137072130600473,3.6854910850524902,0.1070241779088974,0,1,0,0,0,-0.021078621812398522,-0.8935298340402692,-0.9378156915404214,0,0,0,0,4,False,False,
16,5,1494.3775629996271,870.2276700031592,0.7441952980028371,6.626438140869141,0.19738918542861938,0,1,0,0,0,0.009803030966796515,-0.9028780996139991,-0.9589859916827921,0,0,0,0,4,False,False,
16,6,1501.913904900773,869.9603562447351,-0.11062436232317681,2.2313742637634277,0.09625652432441711,0,1,0,0,0,-8.092756091065844e-05,-0.8827699111993726,-0.9448071650245047,0,0,0,0,4,False,False,
16,7,1487.988363406308,871.205306562091,1.4995430828765421,13.070877075195312,0.25929880142211914,0,1,0,0,0,-0.055975242658800224,-0.9200028513217797,-0.8864301005444754,0,0,0,0,4,False,False,
17,0,1489.20424936484,870.6998482823144,0.6402792888144773,11.817831039428711,0.23486819863319397,0,1,0,0,0,-0.02034400691406088,-0.9167165368681753,-0.9384757608584912,0,0,0,0,5,False,False,
17,1,1492.5881337108906,870.1492339600333,0.853879440764301,8.414182662963867,0.24162335693836212,0,1,0,0,0,0.03889992730347684,-0.907633025137415,-0.9808309633241525,0,0,0,0,5,False,False,
17,2,1487.3253448619685,870.3224076136966,1.3297496551230386,13.685696601867676,0.272449791431427,0,1,0,0,0,0.06277071844111472,-0.9216712966975129,-0.9967232966417492,0,0,0,0,5,False,False,
17,3,1493.9746686506235,870.3465776759778,1.0004930968963657,7.570069313049316,0.21510031819343567,0,1,0,0,0,0.004083544653399448,-0.903966435815726,-0.9475581351538845,0,0,0,0,5,False,False,
17,4,1497.6098883966142,870.2226579767473,0.2767206252039569,3.9622533321380615,0.12331245839595795,0,1,0,0,0,-0.022344471721476744,-0.8942674158928611,-0.9370907315810917,0,0,0,0,5,False,False,
17,5,1493.8983329184218,870.2442248031032,0.47951593522348906,7.105971336364746,0.21530625224113464,0,1,0,0,0,0.009129469073818402,-0.9041567250235107,-0.9603426491710063,0,0,0,0,5,False,False,
17,6,1501.7080032350018,869.9700274911929,0.2061286709203997,2.437535524368286,0.1045842245221138,0,1,0,0,0,-0.0003343663516454222,-0.8833196741533169,-0.9436435929267715,0,0,0,0,5,False,False,
17,7,1486.567401033887,871.3692785893411,1.430391865733562,14.501322746276855,0.27900391817092896,0,1,0,0,0,-0.05908567402201375,-0.9238017467541848,-0.8766949607014273,0,0,0,0,5,False,False,
18,0,1488.9081760579377,870.7206854089752,0.296805641637091,12.11458683013916,0.24638593196868896,0,1,0,0,0,-0.018395651531134326,-0.9175075547308986,-0.938035719410809,0,0,0,0,6,False,False,
18,1,1491.6153102551166,870.1394372099115,0.9728727832646052,9.387009620666504,0.2589247524738312,0,1,0,0,0,0.04161038218302969,-0.9102218525694513,-0.988769397084758,0,0,0,0,6,False,False,
18,2,1486.530157741134,870.286156946907,0.7960129822959027,14.481688499450684,0.28665047883987427,0,1,0,0,0,0.06719909128408783,-0.9237824457538778,-0.9934027586012116,0,0,0,0,6,False,False,
18,3,1492.8922388643684,870.3783115135258,1.0828948603708337,8.652932167053223,0.23321811854839325,0,1,0,0,0,0.010908661216110243,-0.9068536586913262,-0.951296797300961,0,0,0,0,6,False,False,
18,4,1497.3779141682412,870.2410907881143,0.23270541713538434,4.194918155670166,0.1387314647436142,0,1,0,0,0,-0.02206284031309767,-0.8948874849664012,-0.9365037214068108,0,0,0,0,6,False,False,
18,5,1493.1128974798878,870.2732812897291,0.7859727142337732,7.891908645629883,0.23534588515758514,0,1,0,0,0,0.00774136133647845,-0.9062524068532416,-0.9623292961635166,0,0,0,0,6,False,False,
18,6,1501.6899321097198,869.9708748379509,0.018090980224465134,2.4556221961975098,0.09749148041009903,0,1,0,0,0,-0.00028334139933103113,-0.8833679050759466,-0.9435411400376629,1,0,0,0,6,False,False,
18,7,1484.8604665767527,871.5521683699825,1.7167043754869429,16.218006134033203,0.29909613728523254,0,1,0,0,0,-0.05733882110072304,-0.9283621164404314,-0.866674059054257,0,0,0,0,6,False,False,
19,0,1488.3288102645986,870.7615886020021,0.5808078801902935,12.69537353515625,0.2509213089942932,0,1,0,0,0,-0.018890519328303098,-0.9190556521366469,-0.9371710873487491,0,0,0,0,7,False,False,
19,1,1490.7960583845327,870.1348201391856,0.8192648807297691,10.206358909606934,0.2734851539134979,0,1,0,0,0,0.03975461288604265,-0.9124026247887292,-0.9950224201632145,0,0,0,0,7,False,False,
19,2,1485.695582173687,870.2507717050779,0.8353253815841281,15.317030906677246,0.3039165139198303,0,1,0,0,0,0.0671304794070857,-0.9259980261565814,-0.9833599331363402,0,0,0,0,7,False,False,
19,3,1491.6589936836945,870.4164971354625,1.233836219835694,9.886800765991211,0.24864080548286438,0,1,0,0,0,0.01022222935794414,-0.9101435652896077,-0.9553066244311492,0,0,0,0,7,False,False,
19,4,1496.8360738761864,870.2857043697622,0.5436738670945425,4.738622188568115,0.15010219812393188,0,1,0,0,0,-0.02421615363528152,-0.8963363274737586,-0.9349278936337764,0,0,0,0,7,False,False,
19,5,1492.1708042599298,870.3079054564431,0.9427292654899735,8.834685325622559,0.25455522537231445,0,1,0,0,0,0.008111814481251322,-0.9087662797517877,-0.9647405266238582,0,0,0,0,7,False,False,
19,6,1501.6899321097198,869.9708748379509,0.0,2.4556221961975098,0.09833274781703949,0,1,0,0,0,-0.00028334139933103113,-0.8833679050759466,-0.9435411400376629,2,0,0,0,7,False,False,
19,7,1483.5192128147903,871.6868214911407,1.347995963278885,17.566055297851562,0.3187679052352905,0,1,0,0,0,-0.05588682622144619,-0.9319437690999114,-0.8598933157837023,0,0,0,0,7,False,False,
20,0,1488.2690731290522,870.7658197531812,0.05988679323167894,12.755335807800293,0.2481319159269333,0,1,0,0,0,-0.019073073699035742,-0.9192154825888993,-0.9370825702251093,1,0,0,0,8,False,False,
20,1,1490.3144848896366,870.1345250034582,0.481573585334153,10.687926292419434,0.2911250591278076,0,1,0,0,0,0.03710078473257505,-0.9136846550174915,-0.9984095539663161,0,0,0,0,8,False,False,
20,2,1485.074475652665,870.2280684244971,0.6215213185445456,15.938539505004883,0.31815212965011597,0,1,0,0,0,0.06486477896031538,-0.9276469784528947,-0.9763226502898696,0,0,0,0,8,False,False,
20,3,1490.9573502241299,870.4352006203809,0.7018927016987329,10.588587760925293,0.26232635974884033,0,1,0,0,0,0.013237912675727317,-0.9120145989098511,-0.9579524867294351,0,0,0,0,8,False,False,
20,4,1495.9898098179747,870.3526700571794,0.8489094530704633,5.587458610534668,0.1602807193994522,0,1,0,0,0,-0.022683383944632537,-0.8985984857981584,-0.9328024392706498,0,0,0,0,8,False,False,
20,5,1490.931489723098,870.3466749872777,1.2399208030047324,10.074548721313477,0.275282084941864,0,1,0,0,0,0.012025644577615126,-0.9120720140165823,-0.968721127952567,0,0,0,0,8,False,False,
20,6,1501.4143117438246,869.9833459529041,0.27590236462286366,2.7315380573272705,0.1126810759305954,0,1,0,0,0,0.0007649655690749392,-0.8841036800777828,-0.9420482550820807,0,0,0,0,8,False,False,
20,7,1481.9498621867822,871.8364629311438,1.5764688243653735,19.14251136779785,0.3395620286464691,0,1,0,0,0,-0.056173943784766166,-0.9361323006037423,-0.852900734584928,0,0,0,0,8,False,False,
21,0,1487.8961402303285,870.7918243455614,0.3738384487655882,13.129165649414062,0.26310470700263977,0,1,0,0,0,-0.018606023300091264,-0.9202119426781687,-0.9365621730097697,0,0,0,0,9,False,False,
21,1,1489.931808873824,870.1362897054563,0.3826800847332136,11.0706205368042,0.3072918951511383,0,1,0,0,0,0.03417869302822238,-0.914703721454084,-0.9991353529190262,0,0,0,0,9,False,False,
21,2,1484.1497745319866,870.1962516456764,0.9252483288275921,16.863771438598633,0.3282710909843445,0,1,0,0,0,0.06573955568977807,-0.9301015542158024,-0.9660744152152603,0,0,0,0,9,False,False,
21,3,1490.5999079378291,870.443335571911,0.3575348451162942,10.9462251663208,0.2803749442100525,0,1,0,0,0,0.015889285063532398,-0.9129680077508922,-0.9594552589319538,0,0,0,0,9,False,False,
21,4,1495.2624071246921,870.4052426943537,0.7293000482478673,6.316771507263184,0.18008403480052948,0,1,0,0,0,-0.01870155157949619,-0.9005424985520882,-0.9315781358216579,0,0,0,0,9,False,False,
21,5,1489.5348700369498,870.3912922367332,1.3973321890965955,11.471867561340332,0.2942119538784027,0,1,0,0,0,0.01211709985876439,-0.9157975515136096,-0.9731043925046793,0,0,0,0,9,False,False,
21,6,1500.8287963349571,870.0095730667944,0.5861025128116842,3.317697048187256,0.13125449419021606,0,1,0,0,0,0.0010677244990884244,-0.8856667690243961,-0.9401985502115778,0,0,0,0,9,False,False,
21,7,1480.2513601845774,872.0128547476145,1.7076367073858825,20.85013198852539,0.3575834035873413,0,1,0,0,0,-0.06624615784243765,-0.9406630759993051,-0.8436056361895621,0,0,0,0,9,False,False,
22,0,1487.8961402303285,870.7918243455614,0.0,13.129165649414062,0.26406213641166687,0,1,0,0,0,-0.018606023300091264,-0.9202119426781687,-0.9365621730097697,1,0,0,0,10,False,False,
22,1,1489.2409489219363,870.1469529642294,0.6909422394165176,11.761499404907227,0.3224685788154602,0,1,0,0,0,0.027890994722971147,-0.9165443365403798,-0.9956094240842672,0,0,0,0,10,False,False,
22,2,1483.6819615748561,870.1789418195531,0.46813309319004187,17.331863403320312,0.3442356586456299,0,1,0,0,0,0.06861084679301005,-0.9313426968336926,-0.9607526179514614,0,0,0,0,10,False,False,
22,3,1490.1968478732636,870.4526005634292,0.40316653595693963,11.349285125732422,0.29189756512641907,0,1,0,0,0,0.015942072824509525,-0.9140424971607527,-0.9611561334005223,0,0,0,0,10,False,False,
22,4,1494.786918390776,870.4391178582072,0.4766938879483637,6.793566703796387,0.19284455478191376,0,1,0,0,0,-0.018282763407472657,-0.9018134306393205,-0.9308230960485544,0,0,0,0,10,False,False,
22,5,1488.3109069928616,870.4310913258009,1.224609938218704,12.696513175964355,0.3145318925380707,0,1,0,0,0,0.012228986587329713,-0.9190626941519586,-0.9768576675524954,0,0,0,0,10,False,False,
22,6,1500.286446600842,870.035664243607,0.5429769641541374,3.8605594635009766,0.14932706952095032,0,1,0,0,0,-0.0010507283368844532,-0.8871143999478162,-0.9408504581736652,0,0,0,0,10,False,False,
22,7,1478.7993833867527,872.1553409896784,1.4589513187900156,22.30900764465332,0.3698452413082123,0,1,0,0,0,-0.06702807689766561,-0.9445332839911307,-0.8366633237981252,0,0,0,0,10,False,False,
23,0,1487.581898071244,870.812952286928,0.31495162239999996,13.444083213806152,0.27988308668136597,0,1,0,0,0,-0.017205752159174557,-0.9210514207319064,-0.9362252562265572,0,0,0,0,11,False,False,
23,1,1488.247798773125,870.1641583267441,0.9932991707351673,12.754812240600586,0.3327728509902954,0,1,0,0,0,0.02756300528545839,-0.9191907689079668,-0.9907560458639049,0,0,0,0,11,False,False,
23,2,1483.044184165806,870.1554618156405,0.6382094750772468,17.97011375427246,0.3577205240726471,0,1,0,0,0,0.07023033278322575,-0.9330346017878145,-0.9534961612468974,0,0,0,0,11,False,False,
23,3,1489.4860468888394,870.4714375924154,0.711050541888136,12.06035041809082,0.3102208375930786,0,1,0,0,0,0.014014731678674428,-0.9159382240298228,-0.9638466759068653,0,0,0,0,11,False,False,
23,4,1494.092958441025,870.4845210273076,0.6954436423050816,7.488894939422607,0.20487335324287415,0,1,0,0,0,-0.014877124526560693,-0.9036671449322237,-0.9302214783334437,0,0,0,0,11,False,False,
23,5,1487.618403185357,870.4525615876189,0.6928365576029293,13.389350891113281,0.3332834243774414,0,1,0,0,0,0.013498891731820272,-0.9209098572681325,-0.9791008648407412,0,0,0,0,11,False,False,
23,6,1499.8437965110306,870.0578444499433,0.44320544171206205,4.303865432739258,0.1662297248840332,0,1,0,0,0,-0.0023460130604705557,-0.8882965412513358,-0.9412685847368293,0,0,0,0,11,False,False,
23,7,1477.3442213280505,872.3047001127303,1.4628071522676334,23.771852493286133,0.3831884562969208,0,1,0,0,0,-0.07514164082786388,-0.9484089662119431,-0.8289083919092862,0,0,0,0,11,False,False,
24,0,1487.2338568826265,870.8348879330822,0.348731761597042,13.79279899597168,0.29487425088882446,0,1,0,0,0,-0.01471189876972845,-0.9219810807709473,-0.936019843043546,0,0,0,0,12,False,False,
24,1,1487.3395278712583,870.1751309020822,0.9083371778075806,13.663203239440918,0.35054266452789307,0,1,0,0,0,0.03185579664708926,-0.9216101972039165,-0.9857419386885207,0,0,0,0,12,False,False,
24,2,1482.7515598787988,870.1452543814546,0.29280226272885873,18.262893676757812,0.37399235367774963,0,1,0,0,0,0.06981331862313532,-0.9338107171287271,-0.9502413774630858,0,0,0,0,12,False,False,
24,3,1488.745014964203,870.4928686044585,0.741341757631074,12.801749229431152,0.3284342288970947,0,1,0,0,0,0.01277635373178138,-0.9179148973173177,-0.9664414010924268,0,0,0,0,12,False,False,
24,4,1493.9205858213886,870.4957399570691,0.17273732771279876,7.661745548248291,0.21543480455875397,0,1,0,0,0,-0.01473159298184991,-0.9041279567172531,-0.9300826709628274,0,0,0,0,12,False,False,
24,5,1486.724991568888,870.4824294674825,0.893910737540025,14.283282279968262,0.351016104221344,0,1,0,0,0,0.01232713745249517,-0.9232932387379604,-0.9817475757914114,0,0,0,0,12,False,False,
24,6,1499.0944445531095,870.0964259253719,0.7503445122652711,5.0541253089904785,0.18579797446727753,0,1,0,0,0,-0.003280161108919957,-0.890297208198426,-0.9418693520129191,0,0,0,0,12,False,False,
24,7,1475.9137815034778,872.4527821914768,1.4380842790911612,25.209915161132812,0.40085598826408386,0,1,0,0,0,-0.08175694457733394,-0.9522145626100258,-0.8211452700782793,0,0,0,0,12,False,False,
25,0,1486.6785487368986,870.8698759465137,0.5564092898179092,14.349197387695312,0.30351707339286804,0,1,0,0,0,-0.014984145832420697,-0.9234644067073114,-0.9356975480942562,0,0,0,0,13,False,False,
25,1,1486.9449286012032,870.1796120015513,0.3946247130889497,14.057760238647461,0.3643026351928711,0,1,0,0,0,0.03275573278209613,-0.9226609806465431,-0.9835361205178719,0,0,0,0,13,False,False,
25,2,1482.5406714497162,870.1383965667934,0.2109999031820914,18.47394371032715,0.3907794952392578,0,1,0,0,0,0.06889587554263193,-0.9343702424018967,-0.9479470394888424,0,0,0,0,13,False,False,
25,3,1487.861360001767,870.5145600943699,0.8839211578937692,13.685683250427246,0.34397557377815247,0,1,0,0,0,0.01601746996467044,-0.920271332668336,-0.9699892647438684,0,0,0,0,13,False,False,
25,4,1493.9205858213886,870.4957399570691,0.0,7.661745548248291,0.21567119657993317,0,1,0,0,0,-0.01473159298184991,-0.9041279567172531,-0.9300826709628274,1,0,0,0,13,False,False,
25,5,1485.5337908523002,870.529435710289,1.1921278178376966,15.475371360778809,0.37233251333236694,0,1,0,0,0,0.008860817261408568,-0.9264718469905464,-0.9844153565474886,0,0,0,0,13,False,False,
25,6,1498.8680057766544,870.1085036667879,0.22676064764458068,5.280888080596924,0.19731350243091583,0,1,0,0,0,-0.004480328184342852,-0.890901893661178,-0.9420017060521414,0,0,0,0,13,False,False,
25,7,1474.231805304947,872.6155673248733,1.6898351789681654,26.8997802734375,0.42070090770721436,0,1,0,0,0,-0.0855522855639227,-0.956684057293029,-0.813360265522213,0,0,0,0,13,False,False,
26,0,1485.819067545374,870.9273407221214,0.8614000923032393,15.210615158081055,0.3199195861816406,0,1,0,0,0,-0.017966792429482185,-0.9257606318293925,-0.9347955467411005,0,0,0,0,14,False,False,
26,1,1486.9449286012032,870.1796120015513,0.0,14.057760238647461,0.3660048544406891,0,1,0,0,0,0.03275573278209613,-0.9226609806465431,-0.9835361205178719,1,0,0,0,14,False,False,
26,2,1482.0184854091976,870.1252703816832,0.5223509908556953,18.99632453918457,0.4073031544685364,0,1,0,0,0,0.0655900664282563,-0.9357560308452634,-0.9427421347111418,0,0,0,0,14,False,False,
26,3,1486.6793694850287,870.5435783443246,1.1823466667986717,14.868045806884766,0.3592812418937683,0,1,0,0,0,0.016675606708756164,-0.9234232582366483,-0.9747468225168353,0,0,0,0,14,False,False,
26,4,1493.943734166044,870.4942358039078,-0.02319716226204209,7.684985160827637,0.21079380810260773,0,1,0,0,0,-0.014655370883034556,-0.9040659984706002,-0.9300972785036572,2,0,0,0,14,False,False,
26,5,1484.2802283674037,870.5808636862208,1.2546169695363765,16.72996711730957,0.39186331629753113,0,1,0,0,0,0.008240977634554586,-0.9298171684220793,-0.986980854144934,0,0,0,0,14,False,False,
26,6,1498.3311340678733,870.1406643874956,0.5378341227980128,5.818716049194336,0.21551623940467834,0,1,0,0,0,-0.008762358588037008,-0.8923359672697073,-0.9418848135660431,0,0,0,0,14,False,False,
26,7,1472.370605360394,872.7999773212696,1.8703134176858232,28.770103454589844,0.43862077593803406,0,1,0,0,0,-0.09827489902816322,-0.9616190526889079,-0.804234054311237,0,0,0,0,14,False,False,
27,0,1484.6615869374493,871.0080881996385,1.1602937183520874,16.370899200439453,0.33910325169563293,0,1,0,0,0,-0.020666646475269265,-0.928853159925659,-0.9331831858228985,0,0,0,0,15,False,False,
27,1,1486.9032937919976,870.1800872176317,0.04163752115458506,14.09938907623291,0.36767661571502686,0,1,0,0,0,0.03276563930147695,-0.9227718458971809,-0.9833087924503426,2,0,0,0,15,False,False,
27,2,1481.686804734736,870.1186938620316,0.3317458672269796,19.328054428100586,0.4243471026420593,0,1,0,0,0,0.06307782741878327,-0.9366363750952291,-0.9396562273919005,0,0,0,0,15,False,False,
27,3,1486.0281735177728,870.5576212112446,0.6513473649916721,15.519320487976074,0.3756554126739502,0,1,0,0,0,0.019006345566447813,-0.9251592332181969,-0.9775980944248591,0,0,0,0,15,False,False,
27,4,1493.9550708108725,870.493499827584,-0.011360509544840339,7.696361064910889,0.20841360092163086,0,1,0,0,0,-0.014613588980890314,-0.9040356698114915,-0.9301045894206186,3,0,0,0,15,False,False,
27,5,1483.0744990792189,870.641584587857,1.207257281726733,17.937305450439453,0.4087955355644226,0,1,0,0,0,0.0024216192483610005,-0.933036716630701,-0.9881028789018856,0,0,0,0,15,False,False,
27,6,1498.3135999343322,870.1417193178261,0.01756583949149138,5.836324691772461,0.21707621216773987,0,1,0,0,0,-0.008931158883672827,-0.8923829199583602,-0.9418848135660431,1,0,0,0,15,False,False,
27,7,1470.4571055187337,872.9703122042296,1.9210662706910022,30.691123962402344,0.45577141642570496,0,1,0,0,0,-0.106010192720449,-0.9666802990465531,-0.7971602454661452,0,0,0,0,15,False,False,
28,0,1483.8118545872308,871.0634345833197,0.85153290552668,17.222427368164062,0.35415053367614746,0,1,0,0,0,-0.018317420459788677,-0.931122997215937,-0.9324792867357926,0,0,0,0,16,False,False,
28,1,1486.9032937919976,870.1800872176317,0.0,14.09938907623291,0.362737774848938,0,1,0,0,0,0.03276563930147695,-0.9227718458971809,-0.9833087924503426,3,0,0,0,16,False,False,
28,2,1481.0458972623596,870.1122998460243,0.6409393665459848,19.968955993652344,0.439860463142395,0,1,0,0,0,0.05838056110084785,-0.9383384533507474,-0.9344294077296817,0,0,0,0,16,False,False,
28,3,1485.073851994955,870.575479408147,0.954488598208284,16.473833084106445,0.3943178057670593,0,1,0,0,0,0.02155343577133364,-0.9277031949602424,-0.9820991019020905,0,0,0,0,16,False,False,
28,4,1493.9721733978156,870.4923907477335,-0.017138510386206326,7.713490009307861,0.21015621721744537,0,1,0,0,0,-0.014560450734554328,-0.9039900073806864,-0.9301265007318635,4,0,0,0,16,False,False,
28,5,1481.6630580742626,870.7155647653913,1.413378497480374,19.35062026977539,0.4258270859718323,0,1,0,0,0,0.0011839248915915986,-0.9368055484485747,-0.9890706320551421,0,0,0,0,16,False,False,
28,6,1498.3135999343322,870.1417193178261,0.0,5.836324691772461,0.21617037057876587,0,1,0,0,0,-0.008931158883672827,-0.8923829199583602,-0.9418848135660431,2,0,0,0,16,False,False,
28,7,1468.2721181181355,873.182520739674,2.1952681848211455,32.88645935058594,0.46937599778175354,0,1,0,0,0,-0.13460067738174328,-0.9724268440013897,-0.786970456634585,0,0,0,0,16,False,False,
29,0,1482.6635267913118,871.136198816058,1.1506308532478466,18.373044967651367,0.3693313002586365,0,1,0,0,0,-0.017997586694435262,-0.9341901407458664,-0.9317607729613104,0,0,0,0,17,False,False,
29,1,1486.5883660252598,870.1839635806,0.31495162239999996,14.41435432434082,0.37181326746940613,0,1,0,0,0,0.032550598995405265,-0.9236106622955714,-0.9815786957535678,0,0,0,0,17,False,False,
29,2,1480.2068344952334,870.1107266376952,0.8390642419756854,20.808069229125977,0.4572359323501587,0,1,0,0,0,0.05522509277292203,-0.9405679753487012,-0.928396407608362,0,0,0,0,17,False,False,
29,3,1484.356280897211,870.5915424135197,0.7177508623882687,17.19154167175293,0.41082748770713806,0,1,0,0,0,0.019739285016164683,-0.9296161888034298,-0.9851703945339554,0,0,0,0,17,False,False,
29,4,1494.1060212379396,870.4837367477546,-0.13412731273484585,7.847677230834961,0.22388283908367157,0,1,0,0,0,-0.014385308683746859,-0.9036322629284079,-0.9302214783334437,0,0,0,0,17,False,False,
29,5,1479.9647512053666,870.7934087988485,1.7000899724674434,21.050765991210938,0.4483663737773895,0,1,0,0,0,0.005776922422283646,-0.9413390977566298,-0.9915703787458051,0,0,0,0,17,False,False,
29,6,1498.311747172146,870.1418308222316,0.001856114476808033,5.838160037994385,0.21759873628616333,0,1,0,0,0,-0.008943430985510759,-0.8923878125807093,-0.9418775097956282,3,0,0,0,17,False,False,
29,7,1465.8219126089423,873.4251945711134,2.4621936613001143,35.3486442565918,0.4845007658004761,0,1,0,0,0,-0.17758249645073268,-0.9787982017478032,-0.7749783659747552,0,0,0,0,17,False,False,
30,0,1481.222146340528,871.2111045846395,1.4433254927660597,19.81639862060547,0.3854401111602783,0,1,0,0,0,-0.011435896877663115,-0.9380384970633207,-0.9328243577284411,0,0,0,0,18,False,False,
30,1,1486.5883660252598,870.1839635806,0.0,14.41435432434082,0.3718157708644867,0,1,0,0,0,0.032550598995405265,-0.9236106622955714,-0.9815786957535678,1,0,0,0,18,False,False,
30,2,1479.892803874276,870.1100493840604,0.31403135125544973,21.122034072875977,0.4718581736087799,0,1,0,0,0,0.05619486917845822,-0.9414020043473855,-0.9261312882890516,0,0,0,0,18,False,False,
30,3,1484.1616451703767,870.5961284105725,0.194689746851985,17.38629722595215,0.42710381746292114,0,1,0,0,0,0.019131956940614397,-0.930135304445723,-0.9859765723131015,0,0,0,0,18,False,False,
30,4,1494.3022064558397,870.4713576779736,-0.1965753827192516,8.044235229492188,0.23049627244472504,0,1,0,0,0,-0.013325674428847063,-0.9031082246871885,-0.9303392176852896,0,0,0,0,18,False,False,
30,5,1478.0477340415364,870.8620821005411,1.9182468112275552,22.96898651123047,0.47131574153900146,0,1,0,0,0,0.013300887382386072,-0.9464533357243757,-0.9966940735202247,0,0,0,0,18,False,False,
30,6,1498.311747172146,870.1418308222316,0.0,5.838160037994385,0.2153371125459671,0,1,0,0,0,-0.008943430985510759,-0.8923878125807093,-0.9418775097956282,4,0,0,0,18,False,False,
30,7,1463.1093126441392,873.647395120712,2.721685443487457,38.070377349853516,0.4991532564163208,0,1,0,0,0,-0.2506000175054093,-0.9856845961596266,-0.7672517772889159,0,0,0,0,18,False,False,
31,0,1479.7719489260974,871.2910703001764,1.45240044632415,21.268796920776367,0.39747485518455505,0,1,0,0,0,-0.014346669192786661,-0.9419106364666746,-0.9333447620903271,0,0,0,0,19,False,False,
31,1,1486.3310992500235,870.187709291852,0.2572940418922656,14.67170524597168,0.3851795792579651,0,1,0,0,0,0.031400390784303844,-0.9242961018596001,-0.9802301942614261,0,0,0,0,19,False,False,
31,2,1479.8453263904182,870.1099483542481,0.04747759135106409,21.169519424438477,0.470520555973053,0,1,0,0,0,0.05629870817292423,-0.941528133657068,-0.9257870677354241,1,0,0,0,19,False,False,
31,3,1483.7775807855248,870.6051722526303,0.3841708510425445,17.770437240600586,0.44306042790412903,0,1,0,0,0,0.01942603305734028,-0.9311592055768696,-0.9875678616392599,0,0,0,0,19,False,False,
31,4,1494.285304153747,870.4724235507045,0.01693587614260542,8.061234474182129,0.2205495834350586,0,1,0,0,0,-0.013307181142581549,-0.9031535484256124,-0.9303319139148747,1,0,0,0,19,False,False,
31,5,1476.332826349878,870.9217608857596,1.7159457882796978,24.68486785888672,0.4919983744621277,0,1,0,0,0,0.015254221295736808,-0.9510278216757863,-0.9985191450269599,0,0,0,0,19,False,False,
31,6,1498.3668301117846,870.1384923157294,-0.05518401820168923,5.89331579208374,0.21648381650447845,0,1,0,0,0,-0.009200705721573854,-0.8922407461860605,-0.9418994246801463,5,0,0,0,19,False,False,
31,7,1460.9561012309316,873.7735250755876,2.1569024445913176,40.227264404296875,0.5112870931625366,0,1,0,0,0,-0.38126956747307883,-0.9908073241251509,-0.7671494959169207,0,0,0,0,19,False,False,
32,0,1478.811323592185,871.3399180766371,0.9618664862751837,22.230730056762695,0.4109760820865631,0,1,0,0,0,-0.012158610361788962,-0.9444753462299327,-0.934180157631088,0,0,0,0,20,False,False,
32,1,1485.8660665719633,870.1946596897824,0.4650846156294081,15.136723518371582,0.3968319594860077,0,1,0,0,0,0.03167285430149541,-0.9255346413978761,-0.9778254207057517,0,0,0,0,20,False,False,
32,2,1479.8453263904182,870.1099483542481,0.0,21.169519424438477,0.47229546308517456,0,1,0,0,0,0.05629870817292423,-0.941528133657068,-0.9257870677354241,2,0,0,0,20,False,False,
32,3,1483.085389268507,870.6223873424458,0.6924055571329903,18.46278953552246,0.4604174494743347,0,1,0,0,0,0.019096605454245404,-0.9330046708466316,-0.9903241586256585,0,0,0,0,20,False,False,
32,4,1494.285304153747,870.4724235507045,0.0,8.061234474182129,0.21132129430770874,0,1,0,0,0,-0.013307181142581549,-0.9031535484256124,-0.9303319139148747,2,0,0,0,20,False,False,
32,5,1475.1002315577225,870.9626868195686,1.2332740383656922,25.918214797973633,0.5119818449020386,0,1,0,0,0,0.01743987010366273,-0.95431559543424,-0.994839774090379,0,0,0,0,20,False,False,
32,6,1498.5586472199452,870.1269535576089,-0.19216385175688205,6.085434913635254,0.22227531671524048,0,1,0,0,0,-0.008870741521622625,-0.8917284785464991,-0.9419432615957289,0,0,0,0,20,False,False,
32,7,1459.1187547842337,873.8345037061616,1.8383580604930998,42.06555938720703,3.7331933975219727,0,2,1,1,1,-0.044632089266826824,-0.9036175453367414,-0.7726247223852587,0,0,0,0,20,False,False,
33,0,1477.5546508335528,871.4104912461161,1.2586528490964148,23.489301681518555,0.427065908908844,0,1,0,0,0,-0.01652712930860313,-0.947830474015527,-0.9344805484156793,0,0,0,0,21,False,False,
33,1,1485.094291605523,870.2023551736779,0.7718133318984567,15.908612251281738,0.41183170676231384,0,1,0,0,0,0.035829478689111245,-0.9275898418459554,-0.9733755539145179,0,0,0,0,21,False,False,
33,2,1479.5897669397257,870.1090190423673,0.25556114035351657,21.42513656616211,0.48552757501602173,0,1,0,0,0,0.05793302384836983,-0.9422069943506833,-0.9239027021149089,0,0,0,0,21,False,False,
33,3,1482.9156902967043,870.6264408613592,0.16974737714181157,18.632638931274414,0.47409868240356445,0,1,0,0,0,0.01985596679990888,-0.9334573855745263,-0.9910199008233737,0,0,0,0,21,False,False,
33,4,1494.334970264761,870.4693127010626,-0.04976344008177113,8.111014366149902,0.20970794558525085,0,1,0,0,0,-0.01301947625554855,-0.9030208295111242,-0.9303611361430809,3,0,0,0,21,False,False,
33,5,1473.7332523287669,871.0184273224755,1.368115205697436,27.286293029785156,0.5308403372764587,0,1,0,0,0,0.01372131906515411,-0.9579630249720673,-0.9920022668773697,0,0,0,0,21,False,False,
33,6,1498.7671879242073,870.1142229146733,-0.20892892237241745,6.294442653656006,0.22892799973487854,0,1,0,0,0,-0.009387447698587594,-0.8911711861343685,-0.9420236245099327,0,0,0,0,21,False,False,
33,7,1457.8244928549702,873.8509877202123,1.2943668970814743,43.35997772216797,3.754302978515625,0,2,0,1,1,-0.03279294670039437,-0.9070649085869684,-0.7783864824847295,0,0,0,0,21,False,False,
34,0,1476.008602240236,871.5048963636726,1.548928203344955,25.0383243560791,0.4467409551143646,0,1,0,0,0,-0.0213267214679165,-0.9519590669915713,-0.9339382255960019,0,0,0,0,22,False,False,
34,1,1484.8464203287597,870.2046957400031,0.24788232711313524,16.15642547607422,0.42259472608566284,0,1,0,0,0,0.03649785022201526,-0.9282496099146667,-0.9719393839511208,0,0,0,0,22,False,False,
34,2,1479.5897669397257,870.1090190423673,0.0,21.42513656616211,0.4853569269180298,0,1,0,0,0,0.05793302384836983,-0.9422069943506833,-0.9239027021149089,1,0,0,0,22,False,False,
34,3,1482.9156902967043,870.6264408613592,0.0,18.632638931274414,0.47337275743484497,0,1,0,0,0,0.01985596679990888,-0.9334573855745263,-0.9910199008233737,1,0,0,0,22,False,False,
34,4,1494.0694790119826,870.4858511969084,0.26600587803040154,8.377032279968262,0.223363995552063,0,1,0,0,0,-0.012897388444019636,-0.903730065357182,-0.9302287892504051,0,0,0,0,22,False,False,
34,5,1472.1585244682706,871.0779159435311,1.5758511130999922,28.862123489379883,0.5483856797218323,0,1,0,0,0,0.01736235334907974,-0.9621638360609761,-0.9881613251449348,0,0,0,0,22,False,False,
34,6,1498.6580164496588,870.1208936703217,0.10937508782183568,6.40390157699585,0.24329333007335663,0,1,0,0,0,-0.009449630308701747,-0.8914630432846944,-0.9419797911676233,0,0,0,0,22,False,False,
34,7,1456.884072362383,873.8544080548266,0.9404267124912059,44.3004150390625,3.7709197998046875,0,2,0,1,1,-0.02774916728981983,-0.9095704201842716,-0.779586744951651,0,0,0,0,22,False,False,
35,0,1474.477507513561,871.6103733311813,1.534723575347456,26.57295799255371,0.46780383586883545,0,1,0,0,0,-0.028735992859771877,-0.9560476120665051,-0.9319734899147365,0,0,0,0,23,False,False,
35,1,1484.7041108125975,870.2061541308539,0.14231698877575225,16.29876708984375,0.4380055367946625,0,1,0,0,0,0.036176329242228966,-0.9286285787872035,-0.9711250492825839,0,0,0,0,23,False,False,
35,2,1479.4172512119574,870.1080376515455,0.1725185191664298,21.597623825073242,0.5005810260772705,0,1,0,0,0,0.059713967528403425,-0.9426649579175266,-0.9225834282108832,0,0,0,0,23,False,False,
35,3,1482.9527916492164,870.6255414274937,-0.03711225322590363,18.66975975036621,0.4650600552558899,0,1,0,0,0,0.019600655792982025,-0.9333584428157515,-0.9908664823386542,2,0,0,0,23,False,False,
35,4,1493.6246752468137,870.5127542454554,0.44561661047304457,8.822669982910156,0.2412136048078537,0,1,0,0,0,-0.011895863055324677,-0.9049182274260028,-0.9301045894206186,0,0,0,0,23,False,False,
35,5,1470.7896539821268,871.1223883847265,1.3695927153214922,30.231740951538086,0.569087564945221,0,1,0,0,0,0.02294083566009072,-0.9658140034976176,-0.9839533948553785,0,0,0,0,23,False,False,
35,6,1498.6580164496588,870.1208936703217,0.0,6.40390157699585,0.24444976449012756,0,1,0,0,0,-0.009449630308701747,-0.8914630432846944,-0.9419797911676233,1,0,0,0,23,False,False,
35,7,1455.9344088898567,873.8460152394123,0.949700558282101,45.250038146972656,3.785623550415039,0,2,0,1,1,-0.02037765065625889,-0.912101488042403,-0.7822287088088788,0,0,0,0,23,False,False,
36,0,1473.2354558518712,871.6929829025773,1.244795835304946,27.81777000427246,0.48550012707710266,0,1,0,0,0,-0.029453021826420747,-0.9593638225757994,-0.9307199642375384,0,0,0,0,24,False,False,
36,1,1484.3621183559871,870.209245875857,0.34200643161432404,16.64082145690918,0.4498366713523865,0,1,0,0,0,0.037424033053906035,-0.9295391627116905,-0.9691091782752308,0,0,0,0,24,False,False,
36,2,1479.4172512119574,870.1080376515455,0.0,21.597623825073242,0.5021315217018127,0,1,0,0,0,0.059713967528403425,-0.9426649579175266,-0.9225834282108832,1,0,0,0,24,False,False,
36,3,1482.674425542322,870.6323892989448,0.2784503237757623,18.948163986206055,0.46744659543037415,0,1,0,0,0,0.019591623527919447,-0.9341005056581921,-0.9919876557632666,0,0,0,0,24,False,False,
36,4,1492.9928134914335,870.5512399004793,0.633032719181927,9.455678939819336,0.2581843435764313,0,1,0,0,0,-0.012386077937073183,-0.9066059351321333,-0.9298918724671925,0,0,0,0,24,False,False,
36,5,1469.9550663030143,871.1515797094555,0.8350980347036187,31.066844940185547,0.5857281684875488,0,1,0,0,0,0.022847223882667498,-0.968039606746381,-0.981637141996617,0,0,0,0,24,False,False,
36,6,1498.7559299090474,870.1150229491357,-0.09808930062293025,6.50209903717041,0.24493926763534546,0,1,0,0,0,-0.008702517438519585,-0.8912012073502561,-0.9419944022817265,2,0,0,0,24,False,False,
36,7,1455.3352745811835,873.8404874892298,0.5991598082743159,45.849185943603516,3.795640468597412,0,2,0,1,1,-0.020503601677806196,-0.9136983950141468,-0.7839121063982402,0,0,0,0,24,False,False,
37,0,1471.8321370453737,871.7702617603954,1.405445016546478,29.223217010498047,0.5038852095603943,0,1,0,0,0,-0.024449853057767732,-0.9631091706179588,-0.9312403757459708,0,0,0,0,25,False,False,
37,1,1483.7410416770456,870.2167104105816,0.6211215343262183,17.261838912963867,0.4597626328468323,0,1,0,0,0,0.036381750739747074,-0.9311925747090444,-0.9656863613193234,0,0,0,0,25,False,False,
37,2,1479.5139398509812,870.108435433102,-0.09668945726625881,21.694303512573242,0.5004670023918152,0,1,0,0,0,0.05844821274237751,-0.9424082408429694,-0.9233092386092341,2,0,0,0,25,False,False,
37,3,1482.0859499883811,870.6447269166955,0.5886048711979903,19.536794662475586,0.47802960872650146,0,1,0,0,0,0.022439040870677395,-0.9356692333813754,-0.994605142699094,0,0,0,0,25,False,False,
37,4,1492.7098505938131,870.5690708786783,0.2835241527864156,9.739198684692383,0.2694913446903229,0,1,0,0,0,-0.013834073282240903,-0.9073618110915128,-0.9297229852828026,0,0,0,0,25,False,False,
37,5,1468.8211131242022,871.1879174377246,1.1345352538524054,32.20133972167969,0.602472186088562,0,1,0,0,0,0.027292032605081177,-0.9710624129418185,-0.978103887672642,0,0,0,0,25,False,False,
37,6,1498.9899244899232,870.1015790573479,-0.23438046442837412,6.736374378204346,0.25592467188835144,0,1,0,0,0,-0.007072235594906968,-0.8905765133625263,-0.9419870949380383,0,0,0,0,25,False,False,
37,7,1455.182546715662,873.8392318154889,0.15273302728383917,46.00202178955078,3.809298038482666,0,2,0,1,1,-0.021242900271658982,-0.9141057378477918,-0.7843220894717879,0,0,0,0,25,False,False,
38,0,1470.9627338508508,871.808907044646,0.8702616690635193,30.093460083007812,0.5234547257423401,0,1,0,0,0,-0.018894799854850753,-0.9654288610314107,-0.9326627814610124,0,0,0,0,26,False,False,
38,1,1482.8162875990317,870.2304652181016,0.9248563669743415,18.186744689941406,0.47415637969970703,0,1,0,0,0,0.03584923362840963,-0.9336552196767766,-0.9608922757610986,0,0,0,0,26,False,False,
38,2,1479.6493297590275,870.1088587294964,-0.13539056976257463,21.829679489135742,0.5079929828643799,0,1,0,0,0,0.057459723505866755,-0.9420487160480144,-0.9242989137935549,0,0,0,0,26,False,False,
38,3,1481.3018974743459,870.6629873999946,0.7842651273741758,20.321063995361328,0.4920867681503296,0,1,0,0,0,0.021664416756218923,-0.9377594474921143,-0.9978818409207645,0,0,0,0,26,False,False,
38,4,1492.1175022813316,870.6074108480883,0.5935878002065634,10.332722663879395,0.2797393202781677,0,1,0,0,0,-0.015177529783912923,-0.9089441003904208,-0.9292610325238755,0,0,0,0,26,False,False,
38,5,1467.4767671786806,871.2283022011003,1.3449523970583745,33.54630661010742,0.6220270991325378,0,1,0,0,0,0.03260529561511905,-0.9746448746634943,-0.9735809635242559,0,0,0,0,26,False,False,
38,6,1499.1106894440227,870.0946516496795,-0.1209634784374268,6.857420444488525,0.26708704233169556,0,1,0,0,0,-0.00699432674223317,-0.8902537418612092,-0.941965176480247,0,0,0,0,26,False,False,
38,7,1455.1123919954955,873.838669141852,0.07015697658297909,46.07209396362305,3.803889274597168,0,2,0,1,1,-0.02141779697483596,-0.9142924859055644,-0.7845123448298967,1,0,0,0,26,False,False,
39,0,1469.7941967111872,871.8407672668604,1.1689713942319269,31.262474060058594,0.5442742109298706,0,1,0,0,0,-0.00875829087117855,-0.9685459615776125,-0.9369802959996606,0,0,0,0,27,False,False,
39,1,1482.417969339815,870.237808930476,0.39838595072723687,18.585126876831055,0.4896787106990814,0,1,0,0,0,0.034128450488698704,-0.9347160692089242,-0.9589932954532071,0,0,0,0,27,False,False,
39,2,1479.8230523007098,870.1094250538622,-0.17372346477036105,22.003385543823242,0.5194935202598572,0,1,0,0,0,0.05708944774948274,-0.9415873696544423,-0.9255743579285444,0,0,0,0,27,False,False,
39,3,1480.5140848701915,870.6816443868898,0.7880334906745009,21.109127044677734,0.5086471438407898,0,1,0,0,0,0.02216254059624671,-0.9398597205858499,-0.9988714985737137,0,0,0,0,27,False,False,
39,4,1491.8438044173192,870.6248450273462,0.2742525685774731,10.607078552246094,0.29659268260002136,0,1,0,0,0,-0.014643357539560814,-0.909675526431581,-0.9290856920080914,0,0,0,0,27,False,False,
39,5,1466.3742553987886,871.2636814528935,1.103079288291751,34.649410247802734,0.6415219902992249,0,1,0,0,0,0.035410855314538345,-0.9775824613776205,-0.9701435336676087,0,0,0,0,27,False,False,
39,6,1499.1505146364873,870.0923567842722,-0.03989125671233117,6.89728307723999,0.2664157450199127,0,1,0,0,0,-0.0071524325070122866,-0.8901474495107227,-0.9419724838239352,1,0,0,0,27,False,False,
39,7,1454.7284607396246,873.8368859697003,0.3839353968281344,46.45600891113281,3.8167788982391357,0,2,0,1,1,-0.0238520140687541,-0.9153155486195381,-0.7853833087320621,0,0,0,0,27,False,False,
40,0,1469.1562026310075,871.8575683648556,0.6382152640277322,31.900634765625,0.5546959638595581,0,1,0,0,0,-0.00863236836089527,-0.9702475747047198,-0.9394142882102681,0,0,0,0,28,False,False,
40,1,1482.024852312218,870.2448435781193,0.39317996344455053,18.978256225585938,0.5021798014640808,0,1,0,0,0,0.035034657770638786,-0.9357628613755667,-0.9571097802717128,0,0,0,0,28,False,False,
40,2,1479.7468844793618,870.1091661062785,0.07616826151859263,22.079557418823242,0.5183619856834412,0,1,0,0,0,0.057377248539470176,-0.9417896776566475,-0.9250174204214907,1,0,0,0,28,False,False,
40,3,1480.2503326041551,870.6883985134584,0.2638387311693866,21.372886657714844,0.5194162726402283,0,1,0,0,0,0.021184329500523014,-0.9405626948210848,-0.9978517651269232,0,0,0,0,28,False,False,
40,4,1491.8438044173192,870.6248450273462,0.0,10.607078552246094,0.2977127432823181,0,1,0,0,0,-0.014643357539560814,-0.909675526431581,-0.9290856920080914,1,0,0,0,28,False,False,
40,5,1465.4987922310604,871.2938935817634,0.8759843210808581,35.525421142578125,0.6609587669372559,0,1,0,0,0,0.03780952096430907,-0.9799147965383871,-0.9676657045414186,0,0,0,0,28,False,False,
40,6,1499.0357608244672,870.0990094138417,0.11494648691165922,7.012221813201904,0.2747993767261505,0,1,0,0,0,-0.007394895384154805,-0.8904539323193654,-0.9419724838239352,0,0,0,0,28,False,False,
40,7,1454.7284607396246,873.8368859697003,0.0,46.45600891113281,3.816141128540039,0,2,0,1,1,-0.0238520140687541,-0.9153155486195381,-0.7853833087320621,1,0,0,0,28,False,False,
41,0,1468.4508222677177,871.8760494332903,0.7056224251008745,32.6063232421875,0.5698136687278748,0,1,0,0,0,-0.009124794219458308,-0.9721292244553695,-0.9421112911945515,0,0,0,0,29,False,False,
41,1,1481.4004737045764,870.2529599813815,0.6244313586635608,19.602697372436523,0.5208634734153748,0,1,0,0,0,0.03916662789039928,-0.9374249606551025,-0.9537307930848417,0,0,0,0,29,False,False,
41,2,1479.7468844793618,870.1091661062785,0.0,22.079557418823242,0.5183265209197998,0,1,0,0,0,0.057377248539470176,-0.9417896776566475,-0.9250174204214907,2,0,0,0,29,False,False,
41,3,1479.6763303568202,870.7054127303736,0.5742543543785522,21.947233200073242,0.5328961610794067,0,1,0,0,0,0.01911228416985864,-0.9420936115939271,-0.9958878928377941,0,0,0,0,29,False,False,
41,4,1491.9813784209443,870.6160875178823,-0.13785245897500004,10.744928359985352,0.3103046715259552,0,1,0,0,0,-0.014558091285793277,-0.9093080215993182,-0.9291660549222953,0,0,0,0,29,False,False,
41,5,1464.5029108867711,871.3369034677328,0.9968096619689315,36.52220153808594,0.6761824488639832,0,1,0,0,0,0.037213681843838095,-0.9825689365442385,-0.9658844671586464,0,0,0,0,29,False,False,
41,6,1498.6797644513529,870.1207814405084,0.3566615185518313,7.368844985961914,0.29315486550331116,0,1,0,0,0,-0.009498082397729805,-0.8914048221325238,-0.9418401297847129,0,0,0,0,29,False,False,
41,7,1454.563964971384,873.8364940172477,0.16449623520239495,46.62055969238281,3.8308160305023193,0,2,0,1,1,-0.025422868091427138,-0.9157540078666802,-0.7857125787106327,0,0,0,0,29,False,False,
42,0,1467.4499063891685,871.9091254351465,1.0014622398426503,33.607723236083984,0.5854888558387756,0,1,0,0,0,-0.014907653866119593,-0.9747989648790832,-0.9451168355995889,0,0,0,0,30,False,False,
42,1,1480.686848189145,870.2625021282855,0.7136893083424468,20.31638526916504,0.5346676707267761,0,1,0,0,0,0.04014891474567561,-0.9393244650730258,-0.9499109211578137,0,0,0,0,30,False,False,
42,2,1479.8847361493733,870.1096324971975,-0.13785245897500004,22.217496871948242,0.5308505296707153,0,1,0,0,0,0.05700818039878123,-0.9414233110450743,-0.9260290069170565,0,0,0,0,30,False,False,
42,3,1478.837142716106,870.7335322262427,0.839658622521935,22.786815643310547,0.552221953868866,0,1,0,0,0,0.017322242414788195,-0.9443317041492734,-0.993417370161974,0,0,0,0,30,False,False,
42,4,1492.1896955543637,870.6029744419029,-0.20872944410809582,10.953715324401855,0.32304638624191284,0,1,0,0,0,-0.014022305415101579,-0.9087513929823214,-0.9292911051911027,0,0,0,0,30,False,False,
42,5,1463.2123290458912,871.4134790989208,1.2928516215331267,37.81511688232422,0.6951192617416382,0,1,0,0,0,0.03361082691121295,-0.9860128556723348,-0.9660671078715721,0,0,0,0,30,False,False,
42,6,1498.3700931245971,870.1397765544083,0.31025335609251053,7.679118633270264,0.30564913153648376,0,1,0,0,0,-0.00968683290966889,-0.8922321238382391,-0.9417232408718879,0,0,0,0,30,False,False,
42,7,1454.563964971384,873.8364940172477,0.0,46.62055969238281,3.82902455329895,0,2,0,1,1,-0.025422868091427138,-0.9157540078666802,-0.7857125787106327,1,0,0,0,30,False,False,
43,0,1466.6894025556821,871.9362993324535,0.7609891598717505,34.36870574951172,0.5998058319091797,0,1,0,0,0,-0.018069349776059576,-0.9768275019805972,-0.9471546232780969,0,0,0,0,31,False,False,
43,1,1480.0350910911784,870.268871806205,0.6517882229271514,20.968271255493164,0.549006998538971,0,1,0,0,0,0.0436907478048937,-0.9410588495396853,-0.9461284220951547,0,0,0,0,31,False,False,
43,2,1479.7054018292313,870.1091952181582,0.17933485325990267,22.396818161010742,0.5456451773643494,0,1,0,0,0,0.05686997381694457,-0.9418996136719863,-0.9247234901148399,0,0,0,0,31,False,False,
43,3,1477.9932604139194,870.7588588971187,0.844262269796065,23.631067276000977,0.5683755874633789,0,1,0,0,0,0.02036908951928069,-0.9465819377384699,-0.9905734024710242,0,0,0,0,31,False,False,
43,4,1492.2122817524125,870.6015501821526,-0.022631059589313274,10.97634220123291,0.3203566372394562,0,1,0,0,0,-0.014083877536435491,-0.9086910689942123,-0.9292984089615176,1,0,0,0,31,False,False,
43,5,1461.8825340315286,871.5067853170572,1.333064451017531,39.14809799194336,0.7134045958518982,0,1,0,0,0,0.035846718041289215,-0.9895632757588121,-0.9679806992935668,0,0,0,0,31,False,False,
43,6,1497.9742164325419,870.165146451066,0.39668877847631456,8.0758056640625,0.3198333978652954,0,1,0,0,0,-0.011541599129481344,-0.8932897838831617,-0.9414374683479461,0,0,0,0,31,False,False,
43,7,1454.6532921478456,873.8368191938604,-0.08932776832793055,46.70991516113281,3.8265364170074463,0,2,0,1,1,-0.024552470605377467,-0.9155159049967191,-0.7855223376456166,2,0,0,0,31,False,False,
44,0,1465.628384271532,871.98053373872,1.061939961579176,35.4306640625,0.6188559532165527,0,1,0,0,0,-0.024900791644186408,-0.979657485824309,-0.94924439850835,0,0,0,0,32,False,False,
44,1,1479.0802535449873,870.2814784957969,0.9549207654245139,21.923189163208008,0.5600720047950745,0,1,0,0,0,0.043379394895796015,-0.9435996467993307,-0.9409974233269907,0,0,0,0,32,False,False,
44,2,1479.522753062836,870.1089178699037,0.18264897696884358,22.579557418823242,0.5615611672401428,0,1,0,0,0,0.05675882289923556,-0.9423850073538398,-0.9234261346686055,0,0,0,0,32,False,False,
44,3,1477.2412303177884,870.783692620499,0.752440017080156,24.38355255126953,0.5816388726234436,0,1,0,0,0,0.019174652439338045,-0.9485876898485907,-0.9883155940686752,0,0,0,0,32,False,False,
44,4,1492.3303812129989,870.5939612789186,-0.11834303546503246,11.094630241394043,0.33399680256843567,0,1,0,0,0,-0.01479264478471186,-0.90837572176285,-0.9293933794165514,0,0,0,0,32,False,False,
44,5,1461.0215763886958,871.568249064438,0.8631488023476436,40.01124954223633,0.7313021421432495,0,1,0,0,0,0.044984776910009336,-0.9918605380312489,-0.969343810113175,0,0,0,0,32,False,False,
44,6,1497.9742164325419,870.165146451066,0.0,8.0758056640625,0.31978970766067505,0,1,0,0,0,-0.011541599129481344,-0.8932897838831617,-0.9414374683479461,1,0,0,0,32,False,False,
44,7,1454.4262097381827,873.8362654589852,0.2270830847962677,46.93696594238281,3.839326858520508,0,2,0,1,1,-0.02550035201841183,-0.9161208928722623,-0.7859760147038191,0,0,0,0,32,False,False,
45,0,1464.5323600314514,872.0349712580983,1.09737531335464,36.52808380126953,0.639365553855896,0,1,0,0,0,-0.035002104298810836,-0.982580153993497,-0.9503509626054959,0,0,0,0,33,False,False,
45,1,1478.0668994487398,870.2904943834317,1.0133942029689862,22.936534881591797,0.5709320902824402,0,1,0,0,0,0.04844020561323722,-0.9462944481035679,-0.9350228712353565,0,0,0,0,33,False,False,
45,2,1479.3304434188058,870.1090026164106,0.19230966270319785,22.771818161010742,0.5746874809265137,0,1,0,0,0,0.05601005237081943,-0.9428957318067148,-0.9220922460772035,0,0,0,0,33,False,False,
45,3,1476.4551409641695,870.8099229830701,0.7865268614571118,25.170001983642578,0.5980269312858582,0,1,0,0,0,0.019760016450920008,-0.9506839190291083,-0.9859838778701531,0,0,0,0,33,False,False,
45,4,1492.132230844055,870.6062889429152,0.19853347327906892,11.293133735656738,0.34926295280456543,0,1,0,0,0,-0.01357448928073634,-0.908904944257605,-0.9292984089615176,0,0,0,0,33,False,False,
45,5,1459.862226639383,871.6467760906613,1.162006168262212,41.17333221435547,0.7509279251098633,0,1,0,0,0,0.07627874250596847,-0.9949456418128474,-0.9706785509302345,0,0,0,0,33,False,False,
45,6,1497.831321908255,870.1745009035778,0.14320038705598506,8.21905517578125,0.33240067958831787,0,1,0,0,0,-0.012459924961245546,-0.8936717094322395,-0.9413124180791387,0,0,0,0,33,False,False,
45,7,1453.8880614984007,873.8379473175237,0.5381508679065788,47.47517776489258,3.8511388301849365,0,2,0,1,1,-0.029548287272016045,-0.9175545989447045,-0.7866933135654143,0,0,0,0,33,False,False,
46,0,1463.198264025418,872.0966720168597,1.3355220465968076,37.863616943359375,0.655266523361206,0,1,0,0,0,-0.041260964811282164,-0.9861356235732631,-0.9522499429133874,0,0,0,0,34,False,False,
46,1,1477.0535577725473,870.2962712083614,1.0133581422257225,23.949857711791992,0.5883979201316833,0,1,0,0,0,0.05314514305088665,-0.9489877077737898,-0.9286675618716542,0,0,0,0,34,False,False,
46,2,1479.0759087834008,870.1099891808622,0.254536547336775,23.026336669921875,0.5920577049255371,0,1,0,0,0,0.054470010890862376,-0.9435719921245782,-0.9204425087213594,0,0,0,0,34,False,False,
46,3,1475.9118605750389,870.8260714626596,0.5435203350446091,25.71357536315918,0.6129357218742371,0,1,0,0,0,0.022747371577401053,-0.9521325478069665,-0.9841295840235468,0,0,0,0,34,False,False,
46,4,1491.7043547363971,870.6317242555158,0.4286314484863808,11.721746444702148,0.3667687177658081,0,1,0,0,0,-0.011969207361279486,-0.9100477113638763,-0.9292244993787079,0,0,0,0,34,False,False,
46,5,1458.5637953302137,871.7260117451568,1.3008467064087001,42.47408676147461,0.7667300701141357,0,1,0,0,0,0.24915894613680128,-0.9983283010399192,-0.9711250492825839,0,0,0,0,34,False,False,
46,6,1497.3765460111338,870.2040052748387,0.45573196566165425,8.674721717834473,0.3406759798526764,0,1,0,0,0,-0.012227010301018342,-0.8948865996773152,-0.9409535899846813,0,0,0,0,34,False,False,
46,7,1453.3522155450928,873.8424735915867,0.5358650696149638,48.011085510253906,3.8656349182128906,0,2,0,1,1,-0.03351655730987583,-0.9189817417408819,-0.787073824281632,0,0,0,0,34,False,False,
47,0,1461.6250507152436,872.182648309759,1.5755608659301583,39.439208984375,0.6678861379623413,0,1,0,0,0,-0.06681146668145553,-0.990321066603103,-0.9529091546458898,0,0,0,0,35,False,False,
47,1,1476.5581625928833,870.3003268701136,0.49541178066987485,24.445358276367188,0.6029226779937744,0,1,0,0,0,0.0529309740586481,-0.9503046024862102,-0.9257058615287458,0,0,0,0,35,False,False,
47,2,1478.5108243075001,870.1161298573941,0.5651178397575887,23.591434478759766,0.6077135801315308,0,1,0,0,0,0.05138991137779859,-0.9450741465420656,-0.9172470162597081,0,0,0,0,35,False,False,
47,3,1475.0681550259837,870.8532232590012,0.8441423301499363,26.557762145996094,0.6240958571434021,0,1,0,0,0,0.022229276502129854,-0.9543824062067522,-0.9815129439534672,0,0,0,0,35,False,False,
47,4,1491.1332718578615,870.6666792126993,0.5721516435249164,12.293861389160156,0.3824135363101959,0,1,0,0,0,-0.013313478539000003,-0.9115730219472511,-0.9290117824252817,0,0,0,0,35,False,False,
47,5,1457.1650690885788,871.8057153865095,1.4009952781801456,43.875160217285156,3.9871180057525635,0,2,1,1,1,-0.023302224461266972,-0.9088744197677006,-0.9752770855394722,0,0,0,0,35,False,False,
47,6,1496.6867591722694,870.2450364930478,0.6910061099138565,9.365762710571289,0.3589193820953369,0,1,0,0,0,-0.00896493126039041,-0.8967291952263658,-0.940835847059562,0,0,0,0,35,False,False,
47,7,1452.6304199937254,873.8555056452419,0.7219131889613106,48.73300552368164,3.88291335105896,0,2,0,1,1,-0.040596731940368294,-0.9209030366240173,-0.7867445400099686,0,0,0,0,35,False,False,
48,0,1459.8896990951785,872.2664873676856,1.7373756740833424,41.17658233642578,0.6791807413101196,0,1,0,0,0,-0.11992117969507995,-0.9949110786738404,-0.9549542496680858,0,0,0,0,36,False,False,
48,1,1476.2924207818508,870.3022935955636,0.2657490886905348,24.71099090576172,0.6144058704376221,0,1,0,0,0,0.054203328386524655,-0.9510104226751734,-0.9240935006105437,0,0,0,0,36,False,False,
48,2,1477.6413651894954,870.1257499296541,0.869512336698884,24.460994720458984,0.6207873225212097,0,1,0,0,0,0.053522212244751836,-0.9473851191085341,-0.9123424986933255,0,0,0,0,36,False,False,
48,3,1474.0618545361074,870.8853372999399,1.0068127867437193,27.564498901367188,0.640024721622467,0,1,0,0,0,0.02380075037869018,-0.9570652735746978,-0.9783531324113259,0,0,0,0,36,False,False,
48,4,1490.2580265215888,870.7195171460837,0.8768387798628732,13.170700073242188,0.3979712128639221,0,1,0,0,0,-0.013128863670778262,-0.9139107734317696,-0.9287780045996316,0,0,0,0,36,False,False,
48,5,1455.7579287362928,871.8961241920613,1.410041745180874,45.28516387939453,4.00424861907959,0,2,0,1,1,-0.029112144683529094,-0.9126306659205253,-0.9837083076200595,0,0,0,0,36,False,False,
48,6,1495.6945222425752,870.2922962149196,0.9933617699310002,10.359074592590332,0.37722671031951904,0,1,0,0,0,-0.0014774643835917484,-0.8993780190813466,-0.9420820689663453,0,0,0,0,36,False,False,
48,7,1451.6070225724493,873.8783044840267,1.0236513414850719,49.75657272338867,3.8979098796844482,0,2,0,1,1,-0.0448288323148088,-0.9236260273141091,-0.785763805155187,0,0,0,0,36,False,False,
49,0,1457.8750004056938,872.3455172114475,2.016248130964142,43.192779541015625,3.899911880493164,0,2,1,1,1,-0.02213974247831724,-0.9069990876388125,-0.9587878250978248,0,0,0,0,37,False,False,
49,1,1475.8488072246193,870.305187650724,0.44362299727889554,25.154726028442383,0.6301158666610718,0,1,0,0,0,0.05611623871622587,-0.9521892263188075,-0.921344510074515,0,0,0,0,37,False,False,
49,2,1477.2974232512101,870.1303982619236,0.3439733476657854,24.80501937866211,0.62947678565979,0,1,0,0,0,0.05288381262886174,-0.9482994095469353,-0.9105028132808674,0,0,0,0,37,False,False,
49,3,1472.7931618559414,870.9179204191881,1.269111018140829,28.833593368530273,0.6601468324661255,0,1,0,0,0,0.030138249371986427,-0.9604460360662933,-0.9734275432528998,0,0,0,0,37,False,False,
49,4,1489.2178312660656,870.774113072416,1.0416270372763468,14.212413787841797,0.4171332120895386,0,1,0,0,0,-0.008396547883652121,-0.9166884428487667,-0.9294883570181315,0,0,0,0,37,False,False,
49,5,1454.5343129174153,871.9690452811725,1.2257867503951523,46.51096725463867,4.014736652374268,0,2,0,1,1,-0.027176592414480498,-0.9158966100930361,-0.9903538927252503,0,0,0,0,37,False,False,
49,6,1494.608378501054,870.3268455906921,1.0866930967903847,11.445805549621582,0.39674240350723267,0,1,0,0,0,0.008832401950461291,-0.9022756970200265,-0.9455057363612736,0,0,0,0,37,False,False,
49,7,1450.9939426812264,873.8955737117815,0.6133230627077052,50.36997604370117,3.9118270874023438,0,2,0,1,1,-0.049638463845682664,-0.9252569032705785,-0.7847464942759594,0,0,0,0,37,False,False,
50,0,1455.7833035904785,872.3946163871229,2.0922729974441103,45.285030364990234,3.923150062561035,0,2,0,1,1,-0.012893961881592178,-0.9125773475926231,-0.9564897709194564,0,0,0,0,38,False,False,
50,1,1475.0980530152317,870.3054581424169,0.7507542581158809,25.905458450317383,0.6456518769264221,0,1,0,0,0,0.06265820182550341,-0.9541819042551608,-0.9161615201813325,0,0,0,0,38,False,False,
50,2,1476.8462515926735,870.1379675118106,0.45123514824365807,25.256254196166992,0.6444360613822937,0,1,0,0,0,0.05201697919039437,-0.9494987824128309,-0.9082669233363098,0,0,0,0,38,False,False,
50,3,1472.056863874635,870.9357245205308,0.7365132064671629,29.57013702392578,0.6772952675819397,0,1,0,0,0,0.03271692842675912,-0.9624076906221113,-0.9704366135352387,0,0,0,0,38,False,False,
50,4,1488.1441582928733,870.8229655698653,1.0747838014551845,15.287132263183594,0.4361383616924286,0,1,0,0,0,-0.004100486805696985,-0.9195543009618983,-0.9311161759161843,0,0,0,0,38,False,False,
50,5,1453.7693573255106,872.0173524145922,0.7664793778867183,47.277381896972656,4.021097660064697,0,2,0,1,1,-0.030163828462690074,-0.9179381476527347,-0.9948329290389107,0,0,0,0,38,False,False,
50,6,1493.5276990004468,870.3498373251697,1.0809240504710451,12.526739120483398,0.4137060344219208,0,1,0,0,0,0.016005474190521025,-0.9051573032488607,-0.9502779070349803,0,0,0,0,38,False,False,
50,7,1450.9020781299669,873.8982002587926,0.09190209207263758,50.46181106567383,3.910224437713623,0,2,0,1,1,-0.05007175997685383,-0.9255010403756254,-0.7845855111718816,1,0,0,0,38,False,False,
51,0,1453.4215858389332,872.4294353195806,2.361974406301198,47.64698028564453,3.946018695831299,0,2,0,1,1,-0.00790853537710253,-0.918875432853371,-0.956357849246291,0,0,0,0,39,False,False,
51,1,1474.766856585115,870.3047515407519,0.33119718387687597,26.236635208129883,0.6609048843383789,0,1,0,0,0,0.06550715881365742,-0.955060456028703,-0.9137649044083671,0,0,0,0,39,False,False,
51,2,1476.6033239896851,870.141897493207,0.24295938970847641,25.49920654296875,0.6579018235206604,0,1,0,0,0,0.053077274626025746,-0.95014444184402,-0.9070572274281478,0,0,0,0,39,False,False,
51,3,1471.843780791102,870.9411365999248,0.21315180292750446,29.783340454101562,0.6926394701004028,0,1,0,0,0,0.03243120941087499,-0.9629755106398303,-0.9696003639821837,0,0,0,0,39,False,False,
51,4,1487.599048469429,870.848669249739,0.545715492518341,15.832906723022461,0.4493817985057831,0,1,0,0,0,-0.00524645864714791,-0.9210096490147646,-0.9318273787737053,0,0,0,0,39,False,False,
51,5,1453.5272231747865,872.0329316769164,0.2426348292423411,47.52007293701172,4.032771110534668,0,2,0,1,1,-0.03116566392672395,-0.9185845489612228,-0.996289279956007,0,0,0,0,39,False,False,
51,6,1492.196797827198,870.3802057750064,1.3312476011997842,13.858016967773438,0.42830291390419006,0,1,0,0,0,0.015608649038986755,-0.9087063493836848,-0.955907391707239,0,0,0,0,39,False,False,
51,7,1450.9020781299669,873.8982002587926,0.0,50.46181106567383,3.9088094234466553,0,2,0,1,1,-0.05007175997685383,-0.9255010403756254,-0.7845855111718816,2,0,0,0,39,False,False,
52,0,1451.615645170989,872.4545415097795,1.8061151726623048,49.45318603515625,3.9691076278686523,0,2,0,1,1,-0.007838108798167948,-0.9236916354304735,-0.9564456588618376,0,0,0,0,40,False,False,
52,1,1474.766856585115,870.3047515407519,0.0,26.236635208129883,0.6598682999610901,0,1,0,0,0,0.06550715881365742,-0.955060456028703,-0.9137649044083671,1,0,0,0,40,False,False,
52,2,1476.2914092385836,870.1474740842876,0.3119645978678036,25.811145782470703,0.6639418601989746,0,1,0,0,0,0.05287667946398453,-0.9509734547769683,-0.9055471478819409,0,0,0,0,40,False,False,
52,3,1471.5750030390784,870.9477102431305,0.2688581275839284,30.05221939086914,0.7019714117050171,0,1,0,0,0,0.03368413662748979,-0.9636915290337096,-0.968508410999141,0,0,0,0,40,False,False,
52,4,1487.009491495651,870.8746898906645,0.5901309169025529,16.422956466674805,0.45890340209007263,0,1,0,0,0,-0.003396904942703966,-0.9225830957998423,-0.9328170468114797,0,0,0,0,40,False,False,
52,5,1452.9751015898191,872.0709280751955,0.5534274757084978,48.07350158691406,4.050511837005615,0,2,0,1,1,-0.03463025994756682,-0.9200582173294797,-0.9998975471108914,0,0,0,0,40,False,False,
52,6,1490.577553994353,870.4250723603951,1.6198653032556671,15.477901458740234,0.4454405903816223,0,1,0,0,0,0.013118091994510275,-0.9130251660668899,-0.9618088882283574,0,0,0,0,40,False,False,
52,7,1451.0085153799444,873.8951439040258,-0.10648112268017222,50.56829833984375,3.9153854846954346,0,2,0,1,1,-0.049960230434754116,-0.9252179458851981,-0.7847684484664826,0,0,0,0,40,False,False,
53,0,1449.6062365752944,872.4536817762115,2.0094087796148883,51.46258544921875,3.986743927001953,0,2,0,1,1,0.0013808368084899788,-0.929050022661108,-0.9599880768449267,0,0,0,0,41,False,False,
53,1,1474.648442005577,870.3044145169082,0.11841505914467747,26.355043411254883,0.6726795434951782,0,1,0,0,0,0.06642552446498244,-0.9553745158198313,-0.9129075832632686,0,0,0,0,41,False,False,
53,2,1475.6700772684615,870.1626144362344,0.6215164095605331,26.432668685913086,0.678679883480072,0,1,0,0,0,0.05045142139831221,-0.9526258204108164,-0.9030327927571296,0,0,0,0,41,False,False,
53,3,1471.4522719365727,870.9507846606008,0.12276960358746114,30.17494010925293,0.7091383934020996,0,1,0,0,0,0.033608103876312925,-0.9640183364653679,-0.9680318399795643,0,0,0,0,41,False,False,
53,4,1486.7480770912814,870.8855264449543,0.26163891476771006,16.684654235839844,0.47603538632392883,0,1,0,0,0,-0.0017069765312385243,-0.923280954067769,-0.9333447620903271,0,0,0,0,41,False,False,
53,5,1452.9422561281406,872.0731914436843,0.03292335325871432,48.106414794921875,4.049863338470459,0,2,0,1,1,-0.0347257610494018,-0.9201458595162134,-0.9998902290473837,1,0,0,0,41,False,False,
53,6,1489.4978716215894,870.4653424863287,1.080433111811643,16.558242797851562,0.4637480676174164,0,1,0,0,0,0.0072596849442312025,-0.9159058951348302,-0.9644985874422259,0,0,0,0,41,False,False,
53,7,1450.9469345270036,873.8968840856746,0.061605435483284156,50.62997055053711,3.9154186248779297,0,2,0,1,1,-0.04977978000746109,-0.9253818944134276,-0.784665995577374,1,0,0,0,41,False,False,
54,0,1448.0779149854786,872.4261876433634,1.5285688761838507,52.991153717041016,4.008475303649902,0,2,0,1,1,0.01332464348033429,-0.9331253615342561,-0.9658944044314076,0,0,0,0,42,False,False,
54,1,1474.648442005577,870.3044145169082,0.0,26.355043411254883,0.6717544198036194,0,1,0,0,0,0.06642552446498244,-0.9553745158198313,-0.9129075832632686,1,0,0,0,42,False,False,
54,2,1474.988108816605,870.1804066314643,0.6822005068441034,27.11478614807129,0.691388726234436,0,1,0,0,0,0.05132325187790375,-0.9544391260272991,-0.9004234600307381,0,0,0,0,42,False,False,
54,3,1471.4522719365727,870.9507846606008,0.0,30.17494010925293,0.6965559720993042,0,1,0,0,0,0.033608103876312925,-0.9640183364653679,-0.9680318399795643,1,0,0,0,42,False,False,
54,4,1486.3081066070495,870.9032397501884,0.440326910576173,17.124954223632812,0.49090319871902466,0,1,0,0,0,-0.0009643872175688431,-0.9244550853036371,-0.9342751423792145,0,0,0,0,42,False,False,
54,5,1452.9422561281406,872.0731914436843,0.0,48.106414794921875,4.050251007080078,0,2,0,1,1,-0.0347257610494018,-0.9201458595162134,-0.9998902290473837,2,0,0,0,42,False,False,
54,6,1488.9471467853557,870.4897354006804,0.5512647816749263,17.10956573486328,0.48328250646591187,0,1,0,0,0,0.0028641141335760444,-0.9173760729385045,-0.9654078961390697,0,0,0,0,42,False,False,
54,7,1450.7624185654386,873.9018057915291,0.1845815897123531,50.814483642578125,3.9318768978118896,0,2,0,1,1,-0.04909414104637461,-0.9258724835517224,-0.7843952558137727,0,0,0,0,42,False,False,
55,0,1446.6009851225494,872.3684909588344,1.4780564019744462,54.46921157836914,4.0270609855651855,0,2,0,1,1,0.028405009456793726,-0.9370631502307774,-0.9753502590280033,0,0,0,0,43,False,False,
55,1,1474.7862938158191,870.3048374334293,-0.13785245897500004,26.492860794067383,0.6800808906555176,0,1,0,0,0,0.06602606434823505,-0.9550089768097462,-0.9139118659884193,0,0,0,0,43,False,False,
55,2,1474.8284653144226,870.1847906077032,0.15970368510690716,27.27451515197754,0.7016401290893555,0,1,0,0,0,0.050925935408980015,-0.954863721218224,-0.8998373002954783,0,0,0,0,43,False,False,
55,3,1471.5844888594233,870.9474000882066,-0.13226023596819145,30.307186126708984,0.701488196849823,0,1,0,0,0,0.03293798409085961,-0.9636661514397501,-0.9685449405710354,0,0,0,0,43,False,False,
55,4,1486.0896185616261,870.9116200702917,0.21864870399333436,17.34362030029297,0.5050241351127625,0,1,0,0,0,0.0002483709983231898,-0.9250381940282264,-0.9347955467411005,0,0,0,0,43,False,False,
55,5,1453.0797711689643,872.063552253225,-0.13785245897500004,48.244205474853516,4.064004421234131,0,2,0,1,1,-0.0353145063701201,-0.9197789911357755,-0.9991875631303575,0,0,0,0,43,False,False,
55,6,1488.6366347478863,870.504741065085,0.31087440450701453,17.420475006103516,0.5003361701965332,0,1,0,0,0,0.0003049281936613271,-0.9182051652137941,-0.9657740315772153,0,0,0,0,43,False,False,
55,7,1450.4413307348068,873.9105536939202,0.3212069749804774,51.135772705078125,3.9451234340667725,0,2,0,1,1,-0.050035980652818224,-0.9267266270230989,-0.7838901522077169,0,0,0,0,43,False,False,
56,0,1444.8406514975375,872.2672296161057,1.7632436958286386,56.23237609863281,4.047160625457764,0,2,0,1,1,0.043365696691327886,-0.9417548298998566,-0.9905002405956309,0,0,0,0,44,False,False,
56,1,1474.9582340251038,870.305188111907,-0.1719405668952947,26.664857864379883,0.6828070878982544,0,1,0,0,0,0.06471223762029897,-0.9545527127566205,-0.9151507841247877,0,0,0,0,44,False,False,
56,2,1474.3567584438908,870.1999366459496,0.47194996999841426,27.746437072753906,0.716392993927002,0,1,0,0,0,0.04934430141947783,-0.9561185063358126,-0.8983710576648539,0,0,0,0,44,False,False,
56,3,1471.5485289148162,870.9483263528157,0.0359718720986286,30.34308624267578,0.6969746351242065,0,1,0,0,0,0.03292357173242237,-0.9637617568153924,-0.9683988258567309,1,0,0,0,44,False,False,
56,4,1486.0896185616261,870.9116200702917,0.0,17.34362030029297,0.49910253286361694,0,1,0,0,0,0.0002483709983231898,-0.9250381940282264,-0.9347955467411005,1,0,0,0,44,False,False,
56,5,1453.2173025193122,872.0539473179003,-0.13786633784612867,48.382110595703125,4.071953773498535,0,2,0,1,1,-0.034991654340944305,-0.9194117944869424,-0.9982800059515367,0,0,0,0,44,False,False,
56,6,1488.5102421856095,870.511016046578,0.12654823266900228,17.54697036743164,0.5176863670349121,0,1,0,0,0,-0.0005354045252314815,-0.9185424880151295,-0.9659063820431645,0,0,0,0,44,False,False,
56,7,1449.8109138151624,873.9253956916602,0.630591609102877,51.766319274902344,3.9556851387023926,0,2,0,1,1,-0.04879962378602032,-0.928403259240647,-0.7831948075366449,0,0,0,0,44,False,False,
57,0,1442.805667590746,872.1046459554692,2.0414683312767337,58.27389144897461,4.068896293640137,0,2,0,1,1,0.06345985917255474,-0.9471743758756352,-0.9865261015314992,0,0,0,0,45,False,False,
57,1,1475.2097620845423,870.3056788791077,-0.25152853821636384,26.916322708129883,0.6853122711181641,0,1,0,0,0,0.06371747005372679,-0.9538855432455098,-0.9169612473090394,0,0,0,0,45,False,False,
57,2,1473.578703855738,870.2276908453108,0.7785494446261857,28.525007247924805,0.733265221118927,0,1,0,0,0,0.04941655474135587,-0.9581887262229875,-0.8962675217595186,0,0,0,0,45,False,False,
57,3,1471.329679283024,870.9539736542923,0.2189224825127937,30.56203269958496,0.7077021598815918,0,1,0,0,0,0.03343120170408661,-0.9643448239205045,-0.9675552689599877,0,0,0,0,45,False,False,
57,4,1486.2273703208384,870.9063519321606,-0.13785245897500004,17.481536865234375,0.5080693364143372,0,1,0,0,0,0.0003176838188731305,-0.924670414625414,-0.934465933728303,0,0,0,0,45,False,False,
57,5,1453.2819111183085,872.0494226056151,-0.06476684402932734,48.446842193603516,4.067193031311035,0,2,0,1,1,-0.03503998453632057,-0.9192394343957757,-0.997848290118739,1,0,0,0,45,False,False,
57,6,1488.0714084187912,870.5326425358097,0.4393663391025304,17.986347198486328,0.5259621739387512,0,1,0,0,0,-0.0003088747127157553,-0.9197141607675697,-0.966368341948638,0,0,0,0,45,False,False,
57,7,1449.0006787759241,873.943861091659,0.8104454267910401,52.57670974731445,3.9686222076416016,0,2,0,1,1,-0.049822051537444165,-0.9305578913516065,-0.7823679378257324,0,0,0,0,45,False,False,
58,0,1441.320175941421,871.9547877434803,1.493031454429059,59.766910552978516,4.087673664093018,0,2,0,1,1,0.08294728029949283,-0.9511245283118155,-0.9660114827277121,0,0,0,0,46,False,False,
58,1,1475.3651921113456,870.3061455314815,-0.1554307273241012,27.071840286254883,0.6968203186988831,0,1,0,0,0,0.06381296928156972,-0.9534729337720732,-0.9180970264878452,0,0,0,0,46,False,False,
58,2,1472.7829409639728,870.2553667728555,0.7962440184240478,29.321266174316406,0.751449465751648,0,1,0,0,0,0.05265338754818332,-0.9603051993235734,-0.8940462393557909,0,0,0,0,46,False,False,
58,3,1471.2735671925632,870.9554329237319,0.05613106237357907,30.61820411682129,0.7076399922370911,0,1,0,0,0,0.033443006076487966,-0.9644944093088842,-0.9673425520065616,1,0,0,0,46,False,False,
58,4,1486.2172416452368,870.9067393356776,0.01013608163582916,17.491674423217773,0.5110043287277222,0,1,0,0,0,0.00031542768293838386,-0.92469745040646,-0.9344951559565092,1,0,0,0,46,False,False,
58,5,1453.3809573013239,872.0425070859411,-0.09928731430685565,48.546207427978516,4.063740253448486,0,2,0,1,1,-0.034791122012126155,-0.9189748633701852,-0.9971822034086053,2,0,0,0,46,False,False,
58,6,1487.4915299143352,870.5587119333443,0.5804642051133819,18.5667667388916,0.5387851595878601,0,1,0,0,0,0.002486502414400762,-0.9212619341963587,-0.967284107550149,0,0,0,0,46,False,False,
58,7,1447.8904053327415,873.9598873246848,1.1103891024239037,53.68717575073242,3.9839744567871094,0,2,0,1,1,-0.046485686174226735,-0.9335115787096273,-0.7823459836352091,0,0,0,0,46,False,False,
59,0,1439.9152395305284,871.8108357440365,1.4122919304433128,61.179168701171875,4.094788074493408,0,2,0,1,1,0.09092450662335523,-0.9548551580807564,-0.9463531952723481,0,0,0,0,47,False,False,
59,1,1475.6559739297454,870.3079736551134,-0.2907875649816057,27.36261749267578,0.7068153023719788,0,1,0,0,0,0.06482535716256609,-0.9527016119166839,-0.9203402273493643,0,0,0,0,47,False,False,
59,2,1471.6874120509428,870.3009807693284,1.09647810555377,30.417795181274414,0.7648974657058716,0,1,0,0,0,0.052131111234186595,-0.963220195231116,-0.8918834014084757,0,0,0,0,47,False,False,
59,3,1470.9035507403585,870.9652228545382,0.3701459410115268,30.98832893371582,0.7241858839988708,0,1,0,0,0,0.034104323973192484,-0.9654800266748249,-0.9659356078446439,0,0,0,0,47,False,False,
59,4,1486.0632607776133,870.9124694704832,0.1540874493232247,17.64583396911621,0.5249692797660828,0,1,0,0,0,0.0009785697578321459,-0.9251085420297533,-0.9348767529477788,0,0,0,0,47,False,False,
59,5,1453.5344664799272,872.0316832142889,-0.15389029895689704,48.70003128051758,4.073336124420166,0,2,0,1,1,-0.035050230420420624,-0.9185652931334876,-0.9961502532757481,0,0,0,0,47,False,False,
59,6,1487.171005478569,870.5724482399056,0.3208186404202948,18.887617111206055,0.5556473731994629,0,1,0,0,0,0.0038635079401261566,-0.9221175203227903,-0.9678711141511567,0,0,0,0,47,False,False,
59,7,1447.058460886549,873.9637449901853,0.8319533900007089,54.51909255981445,4.002974510192871,0,2,0,1,1,-0.041636932376281445,-0.9357254439514475,-0.7833120823629752,0,0,0,0,47,False,False,
60,0,1439.043136581011,871.7185103783086,0.8769763552765124,62.056236267089844,4.102730751037598,0,2,0,1,1,0.09813244148958043,-0.9571676968291453,-0.933786647346979,0,0,0,0,48,False,False,
60,1,1475.8286221518347,870.3091796712812,-0.17265243428806967,27.535228729248047,0.7153648138046265,0,1,0,0,0,0.06464146612788808,-0.9522437118656234,-0.9216887306281425,0,0,0,0,48,False,False,
60,2,1471.1209308677746,870.3258052375553,0.567024854046529,30.984745025634766,0.7784607410430908,0,1,0,0,0,0.052913821841946804,-0.96472706299033,-0.8909156518284925,0,0,0,0,48,False,False,
60,3,1470.4866590772003,870.9776008923535,0.4170753824320686,31.405384063720703,0.7366601824760437,0,1,0,0,0,0.03311337380748682,-0.9665907172447794,-0.964520502326744,0,0,0,0,48,False,False,
60,4,1485.782141482387,870.9220393913308,0.28128213866779794,17.927125930786133,0.5427473187446594,0,1,0,0,0,0.00302480178057907,-0.9258586436599054,-0.9356902371772948,0,0,0,0,48,False,False,
60,5,1453.8230473054825,872.0116918524619,-0.2892724449821046,48.989295959472656,4.075977802276611,0,2,0,1,1,-0.03394718186989078,-0.9177950257389678,-0.9942546488177096,0,0,0,0,48,False,False,
60,6,1487.171005478569,870.5724482399056,0.0,18.887617111206055,0.556400716304779,0,1,0,0,0,0.0038635079401261566,-0.9221175203227903,-0.9678711141511567,1,0,0,0,48,False,False,
60,7,1446.0601555407802,873.9657892649487,0.9983074388432139,55.51738739013672,4.018082618713379,0,2,0,1,1,-0.04171431845627467,-0.9383820873075472,-0.7847830845934982,0,0,0,0,48,False,False,
61,0,1438.0166428852303,871.6087923814981,1.0323407123141957,63.08857345581055,4.119603157043457,0,2,0,1,1,0.10552760431250287,-0.9598852647354835,-0.9188710260485327,0,0,0,0,49,False,False,
61,1,1475.9270748680042,870.3099325028862,-0.09845559444020388,27.63374137878418,0.7118932604789734,0,1,0,0,0,0.06470779796003272,-0.951982366919806,-0.9224592283810968,1,0,0,0,49,False,False,
61,2,1470.7392998515036,870.3424760015929,0.3819949567122895,31.366823196411133,0.7953075170516968,0,1,0,0,0,0.05457745549921924,-0.9657422993751573,-0.8902491291790288,0,0,0,0,49,False,False,
61,3,1470.0605757052722,870.9903833100838,0.42627506382232466,31.831722259521484,0.7478706240653992,0,1,0,0,0,0.03407763444143149,-0.9677260425832873,-0.9630770285929319,0,0,0,0,49,False,False,
61,4,1485.1909571386784,870.9374807368442,0.5913859682114815,18.51851463317871,0.5595818161964417,0,1,0,0,0,0.008239307228175915,-0.9274355495064095,-0.9379553564966052,0,0,0,0,49,False,False,
61,5,1453.9965575489393,871.9995881890811,-0.17393189256631578,49.16330337524414,4.0814290046691895,0,2,0,1,1,-0.03406018755685996,-0.9173316763586001,-0.9930909882814648,0,0,0,0,49,False,False,
61,6,1487.3087197740417,870.5662778859507,-0.13785245897500004,19.025449752807617,0.5687004327774048,0,1,0,0,0,0.002612204348225886,-0.9217499681919042,-0.9676510934273156,0,0,0,0,49,False,False,
61,7,1445.589582544935,873.967940254778,0.47057791190825937,55.987972259521484,4.033247947692871,0,2,0,1,1,-0.044221813471438054,-0.9396340106396078,-0.785324564120701,0,0,0,0,49,False,False,
62,0,1436.7156363708746,871.4802078635869,1.3073453746590444,64.39593505859375,4.136775016784668,0,2,0,1,1,0.1099631888357534,-0.9633241735975481,-0.9012327349444279,0,0,0,0,50,False,False,
62,1,1476.026144054984,870.3107350915675,-0.09907243793010247,27.732744216918945,0.7097557783126831,0,1,0,0,0,0.06464272708374716,-0.9517197260212162,-0.9232434903824065,2,0,0,0,50,False,False,
62,2,1470.7392998515036,870.3424760015929,0.0,31.366823196411133,0.7971646189689636,0,1,0,0,0,0.05457745549921924,-0.9657422993751573,-0.8902491291790288,1,0,0,0,50,False,False,
62,3,1469.8406069722882,870.9973427143455,0.22007879679381068,32.05180358886719,0.7609314918518066,0,1,0,0,0,0.033647266186605726,-0.9683121196795565,-0.9623804368495142,0,0,0,0,50,False,False,
62,4,1484.4298010050047,870.9483793623479,0.7612341557412368,19.279701232910156,0.5785978436470032,0,1,0,0,0,0.01620276466514699,-0.9294647374349676,-0.9419505653661439,0,0,0,0,50,False,False,
62,5,1454.2346969493192,871.9826201805015,-0.23874314090347462,49.40206527709961,4.092933654785156,0,2,0,1,1,-0.03473969882077515,-0.916695930210323,-0.9914663348568055,0,0,0,0,50,False,False,
62,6,1487.1295630526072,870.5742690534853,0.17933485325990267,19.20482635498047,0.5780017971992493,0,1,0,0,0,0.0027567895516846697,-0.9222283037798812,-0.9679368659512574,0,0,0,0,50,False,False,
62,7,1444.8123804345107,873.9692618511185,0.7772032340801951,56.765193939208984,4.039458274841309,0,2,0,1,1,-0.043899303401334085,-0.9417018549058425,-0.7865030582073054,0,0,0,0,50,False,False,
63,0,1435.3883253364813,871.3432679266398,1.3343564472632017,65.73025512695312,4.150052070617676,0,2,0,1,1,0.12472060158788294,-0.9668208193066071,-0.8825403425402576,0,0,0,0,51,False,False,
63,1,1476.0401402027064,870.3108476619402,-0.013996600414454894,27.746782302856445,0.7069569230079651,0,1,0,0,0,0.06455529800982099,-0.9516824846487091,-0.9233603792952316,3,0,0,0,51,False,False,
63,2,1470.8546807924504,870.337319142695,-0.11549612429626342,31.4824161529541,0.8073610663414001,0,1,0,0,0,0.05345283381555817,-0.9654351567190296,-0.8904399276746636,0,0,0,0,51,False,False,
63,3,1469.8406069722882,870.9973427143455,0.0,32.05180358886719,0.7629944682121277,0,1,0,0,0,0.033647266186605726,-0.9683121196795565,-0.9623804368495142,1,0,0,0,51,False,False,
63,4,1484.1923493972783,870.9516759649204,0.2374744904201411,19.51715087890625,0.5894385576248169,0,1,0,0,0,0.016629072850388286,-0.9300977223668081,-0.943204091043342,0,0,0,0,51,False,False,
63,5,1454.523298097446,871.9623111608121,-0.2893148440382094,49.691349029541016,4.09874963760376,0,2,0,1,1,-0.033868475522052674,-0.915925599402095,-0.989534145441138,0,0,0,0,51,False,False,
63,6,1487.1295630526072,870.5742690534853,0.0,19.20482635498047,0.5783290863037109,0,1,0,0,0,0.0027567895516846697,-0.9222283037798812,-0.9679368659512574,1,0,0,0,51,False,False,
63,7,1444.0002060938357,873.9737328758048,0.8121866470908577,57.57733917236328,4.045734405517578,0,2,0,1,1,-0.04810812758188124,-0.9438616181259698,-0.7873518678156484,0,0,0,0,51,False,False,
64,0,1433.7742264143153,871.1744559416377,1.6229025900582648,67.35319519042969,4.16608190536499,0,2,0,1,1,0.14427287091447485,-0.9710522492623872,-0.8595374177732665,0,0,0,0,52,False,False,
64,1,1475.9849719071804,870.3104174008699,0.05516997331737095,27.801959991455078,0.7004957795143127,0,1,0,0,0,0.06459631090815682,-0.9518288707996422,-0.9229203378475495,4,0,0,0,52,False,False,
64,2,1470.8908644285743,870.3357042529535,-0.0362196547751659,31.518587112426758,0.7971428632736206,0,1,0,0,0,0.05334641342218321,-0.9653390339256522,-0.8904983721310761,1,0,0,0,52,False,False,
64,3,1469.7898357397717,870.9989613983143,0.050797029332833595,32.10261154174805,0.7616022229194641,0,1,0,0,0,0.03363443638769499,-0.96844742342517,-0.9622261679257738,2,0,0,0,52,False,False,
64,4,1483.842573560104,870.956317170932,0.3498066281021821,19.867034912109375,0.6040866374969482,0,1,0,0,0,0.01725030370548824,-0.9310304088857955,-0.9450876097981095,0,0,0,0,52,False,False,
64,5,1454.4931502368102,871.9644352449337,0.03022259476414441,49.72157287597656,4.098659515380859,0,2,0,1,1,-0.03395387012615395,-0.9160060856236695,-0.9897243963326554,1,0,0,0,52,False,False,
64,6,1486.8251576625726,870.5885830814126,0.3047417478416273,19.509483337402344,0.5927728414535522,0,1,0,0,0,0.001233800773203105,-0.923040718783743,-0.9683468347317123,0,0,0,0,52,False,False,
64,7,1442.8881708067015,873.9852231767613,1.1120946483314418,58.68946075439453,4.0615129470825195,0,2,0,1,1,-0.05403178916949022,-0.9468171621130328,-0.7878789256122275,0,0,0,0,52,False,False,
65,0,1432.149090152605,871.0215027523442,1.6323181513543217,68.9854965209961,4.18007755279541,0,2,0,1,1,0.1617388509562766,-0.9752860151088787,-0.838415242474315,0,0,0,0,53,False,False,
65,1,1475.6157871082348,870.3069565942232,0.3692010197102927,28.171117782592773,0.7087782025337219,0,1,0,0,0,0.0669656214153968,-0.9528079541201668,-0.9199367119003032,0,0,0,0,53,False,False,
65,2,1470.6118148519472,870.3481796900645,0.2793283063830995,31.79792022705078,0.8084357380867004,0,1,0,0,0,0.054465092109746316,-0.9660812643929777,-0.890051026912979,0,0,0,0,53,False,False,
65,3,1469.425115642578,871.0104685885823,0.3649015822448373,32.4674186706543,0.7792567014694214,0,1,0,0,0,0.03491944624484991,-0.969418827093347,-0.9610684631426303,0,0,0,0,53,False,False,
65,4,1483.2682358719014,870.9612728365759,0.5743590677545961,20.441396713256836,0.6195058822631836,0,1,0,0,0,0.020663330405130863,-0.932561251327507,-0.9484893623085198,0,0,0,0,53,False,False,
65,5,1454.4276539006273,871.9690271362815,0.06565710562852925,49.787288665771484,4.094104766845703,0,2,0,1,1,-0.033805779461068004,-0.9161810748464108,-0.9901707508607587,2,0,0,0,53,False,False,
65,6,1486.5151808546982,870.6032978705845,0.310325871367991,19.81989097595215,0.6085686087608337,0,1,0,0,0,0.0009599478492522925,-0.9238684706513616,-0.9687430428370851,0,0,0,0,53,False,False,
65,7,1441.504781972004,873.9970349400569,1.3834392598585354,60.072933197021484,4.0801496505737305,0,2,0,1,1,-0.05682524327236504,-0.950492760078582,-0.7888377062764858,0,0,0,0,53,False,False,
66,0,1430.4654417301176,870.8943163802228,1.6884455525118776,70.67388916015625,4.19664192199707,0,2,0,1,1,0.18287351540976968,-0.9796368404408081,-0.820279380224054,0,0,0,0,54,False,False,
66,1,1475.0657074636517,870.299752407107,0.5501268178307686,28.721336364746094,0.7237012386322021,0,1,0,0,0,0.07155502387388676,-0.9542662316945314,-0.9152457617263677,0,0,0,0,54,False,False,
66,2,1470.3883863332446,870.3580563710082,0.22364671201711744,32.02152633666992,0.8252862095832825,0,1,0,0,0,0.055765391641035146,-0.9666752864586361,-0.8896767336921243,0,0,0,0,54,False,False,
66,3,1469.3151213718104,871.0140082344103,0.11005120941768841,32.57758331298828,0.7925530672073364,0,1,0,0,0,0.03485391032571796,-0.9697121621915923,-0.960723395723255,0,0,0,0,54,False,False,
66,4,1483.021193120972,870.9633684843545,0.2470516393923314,20.6883544921875,0.6317945122718811,0,1,0,0,0,0.020959581328138042,-0.9332194548006248,-0.949955604939144,0,0,0,0,54,False,False,
66,5,1454.4276539006273,871.9690271362815,0.0,49.787288665771484,4.092401504516602,0,2,0,1,1,-0.033805779461068004,-0.9161810748464108,-0.9901707508607587,3,0,0,0,54,False,False,
66,6,1485.9817496304488,870.6308710102301,0.5341433787234297,20.35405158996582,0.6230621933937073,0,1,0,0,0,-0.0017528062843211955,-0.9252928923469663,-0.9691538620565611,0,0,0,0,54,False,False,
66,7,1440.6561369402841,874.0046668113488,0.8486793477645171,60.921600341796875,4.097208499908447,0,2,0,1,1,-0.05984635016997875,-0.9527463362688456,-0.7893718677401809,0,0,0,0,54,False,False,
67,0,1428.682108780544,870.7878277683322,1.7865095111690876,72.46038818359375,4.212163925170898,0,2,0,1,1,0.22428934563384043,-0.9841747151134462,-0.804463315519566,0,0,0,0,55,False,False,
67,1,1474.2106686325546,870.2812742749832,0.8552384720360874,29.57651710510254,0.7419044971466064,0,1,0,0,0,0.08100258502401074,-0.9565291878660485,-0.90707999632496,0,0,0,0,55,False,False,
67,2,1470.3883863332446,870.3580563710082,0.0,32.02152633666992,0.8232415318489075,0,1,0,0,0,0.055765391641035146,-0.9666752864586361,-0.8896767336921243,1,0,0,0,55,False,False,
67,3,1468.983347743199,871.0252032538373,0.3319624513435778,32.9094352722168,0.8087280988693237,0,1,0,0,0,0.03487999366238878,-0.9705958114406982,-0.9597556389967256,0,0,0,0,55,False,False,
67,4,1482.4634500710088,870.9684206231693,0.5577659310937294,21.246116638183594,0.6498963236808777,0,1,0,0,0,0.021062062645775845,-0.9347060262172338,-0.9532323071807469,0,0,0,0,55,False,False,
67,5,1454.3236136478395,871.9762794118251,0.10429271163767785,49.89154052734375,4.106695652008057,0,2,0,1,1,-0.03366129772325432,-0.9164587021838219,-0.9908587899747789,0,0,0,0,55,False,False,
67,6,1485.2420130639357,870.6725919883083,0.7409121593336223,21.094852447509766,0.6402602195739746,0,1,0,0,0,-0.004871895336554783,-0.9272683055518912,-0.9693072841145538,0,0,0,0,55,False,False,
67,7,1439.5084732102766,874.0245697406891,1.1478362965907405,62.069480895996094,4.113616943359375,0,2,0,1,1,-0.06966647870295396,-0.955790203473141,-0.7889474772291022,0,0,0,0,55,False,False,
68,0,1426.6191527970393,870.7176668830057,2.06414872034643,74.52456665039062,4.220196723937988,0,2,0,1,1,0.3129680293263808,-0.9892420752063396,-0.7925191495998563,0,0,0,0,56,False,False,
68,1,1473.2074417381448,870.2461887629054,1.0038402237533648,30.580425262451172,0.7598649263381958,0,1,0,0,0,0.09535011123420721,-0.959178158657995,-0.8959078432260402,0,0,0,0,56,False,False,
68,2,1470.073690277921,870.3707416859876,0.31495162239999996,32.33647918701172,0.8402811288833618,0,1,0,0,0,0.059743834978339946,-0.9675115614482536,-0.8890029072722456,0,0,0,0,56,False,False,
68,3,1468.3425059173328,871.0451447467649,0.6411520170129076,33.55061340332031,0.8228961825370789,0,1,0,0,0,0.03880360378475574,-0.9723026361213365,-0.9576813253195964,0,0,0,0,56,False,False,
68,4,1481.920360439484,870.9736748097167,0.5431150470627945,21.78923225402832,0.6687861084938049,0,1,0,0,0,0.021138591751735526,-0.9361535549696337,-0.9563839627268157,0,0,0,0,56,False,False,
68,5,1454.3236136478395,871.9762794118251,0.0,49.89154052734375,4.106414794921875,0,2,0,1,1,-0.03366129772325432,-0.9164587021838219,-0.9908587899747789,1,0,0,0,56,False,False,
68,6,1485.0248948831295,870.6851335706051,0.2174801042006975,21.312376022338867,0.6584919095039368,0,1,0,0,0,-0.0057828456621633805,-0.9278483445534579,-0.9693145878849687,0,0,0,0,56,False,False,
68,7,1438.1999663639149,874.0471031997329,1.308700853423732,63.37814712524414,4.1278581619262695,0,2,0,1,1,-0.07553760442614374,-0.9592573742612223,-0.7884864821073919,0,0,0,0,56,False,False,
69,0,1424.6235108620278,870.6513565299804,1.9967432973956092,76.52127075195312,4.215884685516357,0,2,0,1,1,0.5623593924871494,-0.9934390734101382,-0.7811528534215892,0,0,0,0,57,False,False,
69,1,1472.6325202288674,870.2209478576484,0.5754753210417302,31.15580940246582,0.7744167447090149,0,1,0,0,0,0.10495500584906065,-0.9606924753215791,-0.8888851679203996,0,0,0,0,57,False,False,
69,2,1469.449744285201,870.3958118541195,0.6244494496447341,32.96100616455078,0.8501880168914795,0,1,0,0,0,0.06305254423652179,-0.969169226678381,-0.8876617149104287,0,0,0,0,57,False,False,
69,3,1467.7079421100375,871.0610342819042,0.6347627138198603,34.185455322265625,0.8411028981208801,0,1,0,0,0,0.04544642401734159,-0.9739914953313032,-0.9551669666215119,0,0,0,0,57,False,False,
69,4,1481.2717866767737,870.9829944680823,0.648640718509412,22.43798065185547,0.6858488917350769,0,1,0,0,0,0.018656820419857924,-0.9378828235197044,-0.9597857116639527,0,0,0,0,57,False,False,
69,5,1454.0962581060537,871.9915416064568,0.22786723539295897,50.119346618652344,4.122087478637695,0,2,0,1,1,-0.03226273561687441,-0.9170654118982084,-0.9923005065514964,0,0,0,0,57,False,False,
69,6,1485.0248948831295,870.6851335706051,0.0,21.312376022338867,0.6601618528366089,0,1,0,0,0,-0.0057828456621633805,-0.9278483445534579,-0.9693145878849687,1,0,0,0,57,False,False,
69,7,1437.4247131020845,874.0600596467879,0.7753615218070293,64.15352630615234,4.1448822021484375,0,2,0,1,1,-0.07922367414585475,-0.9613098690576272,-0.7882667400988601,0,0,0,0,57,False,False,
70,0,1422.5011264088885,870.6127001279303,2.122736461350572,78.64405822753906,4.205669403076172,0,2,0,1,1,1.0,-0.9947942502135265,-0.7713850395684263,0,0,0,1,58,False,False,
70,1,1472.0256080462302,870.1936307288294,0.6075266438275947,31.76335906982422,0.7810479998588562,0,1,0,0,0,0.1101779019687481,-0.9622893826833901,-0.88138676846093,0,0,0,0,58,False,False,
70,2,1468.5225566283113,870.437383391452,0.9281191431085185,33.889060974121094,0.8688615560531616,0,1,0,0,0,0.06532877354373139,-0.9716320630581722,-0.8861881685093893,0,0,0,0,58,False,False,
70,3,1467.192808074518,871.0722845904484,0.5152568718540419,34.700714111328125,0.8562487363815308,0,1,0,0,0,0.050129724544809226,-0.9753614826306859,-0.9529237657599929,0,0,0,0,58,False,False,
70,4,1481.1451281904547,870.9847726965339,0.12667096846971423,22.5645809173584,0.6976760625839233,0,1,0,0,0,0.018968413029217066,-0.9382202791280913,-0.9604449269697283,0,0,0,0,58,False,False,
70,5,1453.5584202948653,872.0256959657062,0.5389211736419326,50.65827178955078,4.136922836303711,0,2,0,1,1,-0.030492796033294352,-0.9185009270838099,-0.9954770579852479,0,0,0,0,58,False,False,
70,6,1485.0068257845974,870.6861808565451,0.01809942346051066,21.330472946166992,0.6630557775497437,0,1,0,0,0,-0.005911065381569516,-0.9278965991770963,-0.9693218952286569,2,0,0,0,58,False,False,
70,7,1436.9117193959878,874.0666884489222,0.5130365323370981,64.66651153564453,4.157009124755859,0,2,0,1,1,-0.07961979229034391,-0.9626675064328244,-0.7883472387974455,0,0,0,0,58,False,False,
71,0,1420.5497787953354,870.5881239128324,1.951502369782713,80.59550476074219,7.4237565994262695,0,3,1,2,2,0.07350632490863644,-0.9113988045524568,-0.7585743120191304,0,0,0,0,59,False,False,
71,1,1471.7929985294188,870.1832675575338,0.23284025131103794,31.996253967285156,0.7944082021713257,0,1,0,0,0,0.11171491921139831,-0.9629010761612287,-0.8785346532604317,0,0,0,0,59,False,False,
71,2,1467.297920910786,870.4864632244758,1.2256188113147755,35.114654541015625,0.8798596858978271,0,1,0,0,0,0.07722944316672213,-0.9748790450729636,-0.8835414521988094,0,0,0,0,59,False,False,
71,3,1466.3720178362028,871.092364298657,0.8210358152940326,35.521636962890625,0.8715640902519226,0,1,0,0,0,0.05317921643624604,-0.9775436586727918,-0.9496178412901838,0,0,0,0,59,False,False,
71,4,1480.7056941781773,870.9915950021082,0.43948696795187814,23.004085540771484,0.7111577391624451,0,1,0,0,0,0.0183726266012425,-0.9393918109915973,-0.9626954316016623,0,0,0,0,59,False,False,
71,5,1452.7154004129497,872.0712152900362,0.8442479080177772,51.50251770019531,4.152265548706055,0,2,0,1,1,-0.025155974133008387,-0.9207505403429128,-0.999487526517975,0,0,0,0,59,False,False,
71,6,1485.0068257845974,870.6861808565451,0.0,21.330472946166992,0.6621017456054688,0,1,0,0,0,-0.005911065381569516,-0.9278965991770963,-0.9693218952286569,3,0,0,0,59,False,False,
71,7,1436.0928662758147,874.0694466804206,0.818857765584538,65.48536682128906,4.174938201904297,0,2,0,1,1,-0.07809422089725962,-0.9648356633980864,-0.7894157761212274,0,0,0,0,59,False,False,
72,0,1418.840205118146,870.5827864436457,1.7095820092396308,82.30510711669922,7.4431376457214355,0,3,0,2,2,0.07112942652831104,-0.9159307686558633,-0.7492719670257206,0,0,0,0,60,False,False,
72,1,1471.517397236225,870.171029260294,0.27587288509282976,32.27204132080078,0.8092942833900452,0,1,0,0,0,0.11386894196105384,-0.963624986923121,-0.8751483623031455,0,0,0,0,60,False,False,
72,2,1465.9504479448906,870.5234209002828,1.3479796970355697,36.46269607543945,0.8959380388259888,0,1,0,0,0,0.09944520617754178,-0.9784362898571862,-0.8785866372389037,0,0,0,0,60,False,False,
72,3,1465.8297936448025,871.1050909596855,0.542373525940088,36.064022064208984,0.8845508098602295,0,1,0,0,0,0.057507503213764403,-0.9789845108231999,-0.9473746440019379,0,0,0,0,60,False,False,
72,4,1480.1539184182427,871.0019633603197,0.5518731666817162,23.555940628051758,0.7300747036933899,0,1,0,0,0,0.016699450067957224,-0.9408629318619322,-0.9652901532139506,0,0,0,0,60,False,False,
72,5,1451.5735933242058,872.1333490095078,1.1434964044548803,52.646053314208984,4.162564277648926,0,2,0,1,1,-0.02644055790418223,-0.9237974385748707,-0.9950158614202612,0,0,0,0,60,False,False,
72,6,1485.1232928254412,870.6796415262943,-0.11665047982352347,21.447111129760742,0.674155592918396,0,1,0,0,0,-0.004740621550507424,-0.9275855728657765,-0.9692926730004506,0,0,0,0,60,False,False,
72,7,1435.4276687140562,874.0658520041401,0.6652072743641854,66.1506576538086,4.1889472007751465,0,2,0,1,1,-0.07635226567990716,-0.9665976761386367,-0.7909894170510651,0,0,0,0,60,False,False,
73,0,1417.6719299322635,870.5743214980496,1.1683058526142596,83.47347259521484,7.455935478210449,0,3,0,2,2,0.07658509132520774,-0.9190247365362701,-0.742350193808621,0,0,0,0,61,False,False,
73,1,1471.517397236225,870.171029260294,0.0,32.27204132080078,0.8081209063529968,0,1,0,0,0,0.11386894196105384,-0.963624986923121,-0.8751483623031455,1,0,0,0,61,False,False,
73,2,1464.3147738135951,870.565360005005,1.6362117076630567,38.098854064941406,0.9110123515129089,0,1,0,0,0,0.12589691264633227,-0.9827313802187342,-0.8722231808123119,0,0,0,0,61,False,False,
73,3,1465.381427889897,871.1150084738862,0.44847542548050484,36.51249694824219,0.901850700378418,0,1,0,0,0,0.06188638136784701,-0.9801751065380409,-0.9454326772174847,0,0,0,0,61,False,False,
73,4,1479.3859166383438,871.0144083728685,0.7681026052978527,24.324108123779297,0.7436648011207581,0,1,0,0,0,0.019003572367899183,-0.9429104974697231,-0.9691465582861462,0,0,0,0,61,False,False,
73,5,1450.7262448964905,872.1800195469206,0.8486327220970888,53.494747161865234,4.176985263824463,0,2,0,1,1,-0.02768121664824687,-0.9260585521568891,-0.9908807414853473,0,0,0,0,61,False,False,
73,6,1484.923412738109,870.6909367212548,0.20019897787253818,21.647258758544922,0.685657799243927,0,1,0,0,0,-0.005007478970113274,-0.928119284133781,-0.9693291989990719,0,0,0,0,61,False,False,
73,7,1434.7509909402515,874.0551482988317,0.6767624242439274,66.82737731933594,4.202870845794678,0,2,0,1,1,-0.07369703306693573,-0.9683908286858375,-0.7934265037162613,0,0,0,0,61,False,False,
74,0,1416.820591742689,870.570401988548,0.8513472121190633,84.32479858398438,7.467174053192139,0,3,0,2,2,0.07705952293017113,-0.9212787814274779,-0.7375671246516631,0,0,0,0,62,False,False,
74,1,1471.3191355943727,870.1618317954325,0.19847486488170873,32.470619201660156,0.8232385516166687,0,1,0,0,0,0.11682165638256695,-0.9641457597639834,-0.8726632222599942,0,0,0,0,62,False,False,
74,2,1462.398383688462,870.6330857902873,1.9175864761986179,40.01642990112305,0.9301060438156128,0,1,0,0,0,0.16933506967290934,-0.9877174634283498,-0.8669899078186991,0,0,0,0,62,False,False,
74,3,1464.6260017935197,871.1266548747043,0.7555158672984514,37.26808166503906,0.9177196025848389,0,1,0,0,0,0.07361621309726729,-0.9821779045080121,-0.9415762757185624,0,0,0,0,62,False,False,
74,4,1478.3446934880074,871.0331231607732,1.0413913251429416,25.365413665771484,0.7581626772880554,0,1,0,0,0,0.01879054377355658,-0.9456861654213171,-0.9741452030150879,0,0,0,0,62,False,False,
74,5,1449.6640935839514,872.2352908296824,1.0635884191860043,54.558319091796875,4.196049213409424,0,2,0,1,1,-0.026778115850564176,-0.9288923295222391,-0.9860649009465801,0,0,0,0,62,False,False,
74,6,1484.923412738109,870.6909367212548,0.0,21.647258758544922,0.6871131658554077,0,1,0,0,0,-0.005007478970113274,-0.928119284133781,-0.9693291989990719,1,0,0,0,62,False,False,
74,7,1434.1513084509327,874.0396264469462,0.599883335225717,67.42718505859375,4.21785831451416,0,2,0,1,1,-0.07086839521248167,-0.9699809370556293,-0.7963247856064668,0,0,0,0,62,False,False,
75,0,1416.1535278757099,870.570092059718,0.6670639389781899,84.99179077148438,7.485199928283691,0,3,0,2,2,0.0761405080890073,-0.9230450088518981,-0.7341537625766352,0,0,0,0,63,False,False,
75,1,1470.8097359161513,870.136168678008,0.510045711449507,32.98066329956055,0.8377059102058411,0,1,0,0,0,0.12402895514808279,-0.9654811270097654,-0.8660513804669222,0,0,0,0,63,False,False,
75,2,1460.2997929946675,870.690713645361,2.099381782754325,42.1158561706543,0.9387083053588867,0,1,0,0,0,0.31199600127115384,-0.9929430120122916,-0.8592925485076124,0,0,0,0,63,False,False,
75,3,1464.3941776374916,871.1300207085454,0.23184858885828788,37.499916076660156,0.9305544495582581,0,1,0,0,0,0.07684795834271749,-0.98279178737655,-0.9403592760399855,0,0,0,0,63,False,False,
75,4,1477.0772630223714,871.0687583441102,1.2679313276015807,26.633371353149414,0.7780770659446716,0,1,0,0,0,0.01315595272579502,-0.9490667079661385,-0.9787055053877527,0,0,0,0,63,False,False,
75,5,1448.3078889645828,872.3087253666738,1.3581912975792143,55.916507720947266,4.214770317077637,0,2,0,1,1,-0.029625814296107302,-0.9325104421105472,-0.9795878215788654,0,0,0,0,63,False,False,
75,6,1484.619363410119,870.7074155263199,0.3044955580424525,21.9517822265625,0.7051905989646912,0,1,0,0,0,-0.003580506753445118,-0.9289313337805063,-0.9694761641523973,0,0,0,0,63,False,False,
75,7,1433.2480608264136,874.0019609683252,0.9040326097432886,68.33129119873047,4.236423492431641,0,2,0,1,1,-0.06611168118594403,-0.9723799328420616,-0.8023847710869714,0,0,0,0,63,False,False,
76,0,1415.1836388460242,870.5667563285306,0.9698947659448505,85.9617691040039,7.499607563018799,0,3,0,2,2,0.08073991957365302,-0.9256115462125405,-0.7288509393935132,0,0,0,0,64,False,False,
76,1,1470.1723209454872,870.0991790108072,0.6384873376241544,33.61906433105469,0.851641058921814,0,1,0,0,0,0.13551925606154908,-0.967146976578324,-0.8571890197488234,0,0,0,0,64,False,False,
76,2,1457.9313502265911,870.7369097211624,2.3688932485598873,44.48471450805664,0.9319720268249512,0,1,0,0,0,1.0,-0.9966268713059759,-0.8484566975889154,0,0,0,1,64,False,False,
76,3,1464.101741165509,871.1339022187124,0.2924622304959737,37.792423248291016,0.9463533163070679,0,1,0,0,0,0.08131445521469484,-0.9835657453626303,-0.9387907591839124,0,0,0,0,64,False,False,
76,4,1475.5204818474958,871.1302778885632,1.5579962390188797,28.191347122192383,0.7985519766807556,0,1,0,0,0,0.0064327702298843156,-0.9532211131560606,-0.9821794630296578,0,0,0,0,64,False,False,
76,5,1446.664448703557,872.4037863017991,1.6461872533063024,57.56269073486328,4.236294746398926,0,2,0,1,1,-0.03419506296594111,-0.9368943354399346,-0.9710029362443446,0,0,0,0,64,False,False,
76,6,1484.315804694146,870.7232755890203,0.30397275475280244,22.25578498840332,0.7230188250541687,0,1,0,0,0,-0.0023693662461432216,-0.9297420037258787,-0.9696888811058234,0,0,0,0,64,False,False,
76,7,1432.6923320852736,873.9731822492738,0.5564734031373696,68.8876953125,4.253973484039307,0,2,0,1,1,-0.06309050603773964,-0.9738567883669884,-0.806783313168638,0,0,0,0,64,False,False,
77,0,1414.1691212375085,870.5541175259248,1.0145963322028542,86.97637176513672,7.518401145935059,0,3,0,2,2,0.08973382912982718,-0.9282912994597722,-0.7222003061466131,0,0,0,0,65,False,False,
77,1,1469.4200248236994,870.0472108139443,0.7540889525395217,34.373172760009766,0.8678798675537109,0,1,0,0,0,0.15172300289305238,-0.9691045438103985,-0.8457310905526887,0,0,0,0,65,False,False,
77,2,1455.7678331257546,870.7789158344721,2.1639248506283932,46.64869689941406,4.154908180236816,0,2,1,1,1,0.02104774027429054,-0.9124986956514969,-0.8497886566127908,0,0,0,0,65,False,False,
77,3,1463.4993924179819,871.1383871795089,0.6023654443284918,38.39473342895508,0.9607643485069275,0,1,0,0,0,0.09419989685931714,-0.9851560536064068,-0.9351333068167876,0,0,0,0,65,False,False,
77,4,1474.2771227428532,871.1955967492195,1.2450736591283915,29.436471939086914,0.8190382122993469,0,1,0,0,0,-0.001978659402826111,-0.9565414320332445,-0.9830084088122978,0,0,0,0,65,False,False,
77,5,1445.3238757070326,872.4780100519785,1.3426262041614117,58.90531921386719,4.255748748779297,0,2,0,1,1,-0.034585287370479514,-0.9404696977265271,-0.9644012514803356,0,0,0,0,65,False,False,
77,6,1483.7030060816921,870.7559442971764,0.6136687900798522,22.869447708129883,0.7396854162216187,0,1,0,0,0,-0.0031168222171487512,-0.9313784177193656,-0.9700404054298659,0,0,0,0,65,False,False,
77,7,1432.0891861952477,873.9382256871963,0.6041580305577096,69.49185943603516,4.26868200302124,0,2,0,1,1,-0.06305164289430315,-0.9754604824793454,-0.812009139460908,0,0,0,0,65,False,False,
78,0,1412.8594127483918,870.5162051351674,1.3102571029523373,88.28661346435547,7.537685871124268,0,3,0,2,2,0.10533535590041967,-0.9317398692443182,-0.7110304542356323,0,0,0,0,66,False,False,
78,1,1468.3682668561728,869.9623074033334,1.0551793266496265,35.4283561706543,0.8830373287200928,0,1,0,0,0,0.17482287558407658,-0.9718223213301,-0.8282483082981238,0,0,0,0,66,False,False,
78,2,1453.6724915836378,870.8327502613419,2.0960329967910942,48.74472427368164,4.178631782531738,0,2,0,1,1,0.018217425912943792,-0.9180859622562227,-0.8526503481854576,0,0,0,0,66,False,False,
78,3,1462.5929362760749,871.1426987628726,0.9064663959309208,39.301239013671875,0.9735798239707947,0,1,0,0,0,0.11445006691979213,-0.9875407431358969,-0.9293495496475151,0,0,0,0,66,False,False,
78,4,1472.8003712697753,871.2827533533908,1.479321191252339,30.915725708007812,0.8382977843284607,0,1,0,0,0,-0.006702910883708708,-0.9604859117540525,-0.9828541398885573,0,0,0,0,66,False,False,
78,5,1443.7045383601364,872.5465049220185,1.6207853004869404,60.52602767944336,4.274594306945801,0,2,0,1,1,-0.02834179458633975,-0.9447876211197122,-0.958963440755645,0,0,0,0,66,False,False,
78,6,1482.7868830217976,870.8070839648326,0.9175493046581562,23.787012100219727,0.7588241696357727,0,1,0,0,0,-0.004885085337660813,-0.9338251863844125,-0.9702969539389649,0,0,0,0,66,False,False,
78,7,1431.1827122443287,873.8818703159055,0.9082240646273546,70.40010070800781,4.287478446960449,0,2,0,1,1,-0.0669793862914228,-0.9778703840865773,-0.8203159705415928,0,0,0,0,66,False,False,
79,0,1411.622411598082,870.4663877655119,1.2380038837529121,89.5245590209961,7.5539045333862305,0,3,0,2,2,0.11822266034785306,-0.9349869900239495,-0.6987979394620056,0,0,0,0,67,False,False,
79,1,1467.2725508328365,869.8722707896128,1.0994090210681873,36.52775192260742,0.8966805338859558,0,1,0,0,0,0.19579168511283013,-0.9746304678056015,-0.8098416205257045,0,0,0,0,67,False,False,
79,2,1451.5312143216674,870.8668527354795,2.1415488066755564,50.88623046875,4.198581695556641,0,2,0,1,1,0.02626205404442285,-0.9237921298946473,-0.8530749673860208,0,0,0,0,67,False,False,
79,3,1461.388536042627,871.1356566568752,1.2044208208039646,40.5056037902832,0.9868887066841125,0,1,0,0,0,0.1627149352124762,-0.9906745492908877,-0.9201275103959381,0,0,0,0,67,False,False,
79,4,1471.3305758288407,871.370969848433,1.4724404192324168,32.38821792602539,0.8606791496276855,0,1,0,0,0,-0.008146006661980702,-0.9644122690465933,-0.9825245322356695,0,0,0,0,67,False,False,
79,5,1442.624138174546,872.5914439912353,1.081334398308892,61.60740661621094,4.288540363311768,0,2,0,1,1,-0.029430887404618664,-0.9476683773373008,-0.955428548085909,0,0,0,0,67,False,False,
79,6,1481.5734422694666,870.873760389704,1.2152712475210854,25.00222396850586,0.7788131833076477,0,1,0,0,0,-0.00455465761724396,-0.9370656705878577,-0.9707516082873867,0,0,0,0,67,False,False,
79,7,1430.1199203093245,873.8168426921966,1.064779455547094,71.46495819091797,4.306021690368652,0,2,0,1,1,-0.07752482288465912,-0.9806916680902221,-0.8299328064556297,0,0,0,0,67,False,False,
80,0,1410.583630820836,870.4141042998688,1.0400956994216264,90.56468963623047,7.571160793304443,0,3,0,2,2,0.1301252605094823,-0.9377053917045225,-0.6872838241181191,0,0,0,0,68,False,False,
80,1,1466.7047730666518,869.8230924569931,0.5699035884893708,37.09762191772461,0.906701385974884,0,1,0,0,0,0.21100831099788026,-0.9760722657290696,-0.8000115173741691,0,0,0,0,68,False,False,
80,2,1449.1460097988486,870.9276402556821,2.3859789894901646,53.27225875854492,4.216526985168457,0,2,0,1,1,0.02201856679100129,-0.9301513756222941,-0.8562732612938588,0,0,0,0,68,False,False,
80,3,1459.8929230024169,871.105460152696,1.4959178436369742,42.00151443481445,1.0007418394088745,0,1,0,0,0,0.2938914302655045,-0.9944168988840748,-0.9060976320576005,0,0,0,0,68,False,False,
80,4,1469.577207105123,871.4951526477448,1.7577608622779284,34.14603042602539,0.8804791569709778,0,1,0,0,0,-0.017271353463397077,-0.9690982677541812,-0.979855902827208,0,0,0,0,68,False,False,
80,5,1441.2503425908608,872.6609194071566,1.3755512128490617,62.98294448852539,4.3078436851501465,0,2,0,1,1,-0.03778184466239812,-0.9513304642568801,-0.9494490470108969,0,0,0,0,68,False,False,
80,6,1480.4602705028622,870.943014080781,1.115323924110477,26.11753273010254,0.7945373058319092,0,1,0,0,0,-0.009617096279785957,-0.9400395058019888,-0.970216591024761,0,0,0,0,68,False,False,
80,7,1429.5850390426647,873.7840118302726,0.5358878939836925,72.0007553100586,4.321903705596924,0,2,0,1,1,-0.08356692980109068,-0.9821090780676135,-0.8347852256987979,0,0,0,0,68,False,False,
81,0,1409.7298486300078,870.3631356156479,0.8553021899579488,91.41996765136719,7.588296413421631,0,3,0,2,2,0.14119701650220753,-0.9399322920953364,-0.6768536397589475,0,0,0,0,69,False,False,
81,1,1465.8333568659366,869.748134309084,0.8746341628400519,37.97230529785156,0.916914701461792,0,1,0,0,0,0.2328331394833002,-0.9782649871282316,-0.7849691806616055,0,0,0,0,69,False,False,
81,2,1446.4986450638805,870.9650156688549,2.6476285542844846,55.91986083984375,4.23292350769043,0,2,0,1,1,0.0325389332820464,-0.9372033668839747,-0.8562220491423973,0,0,0,0,69,False,False,
81,3,1458.807394231788,871.0781640657887,1.0858719023086432,43.08742904663086,1.006781816482544,0,1,0,0,0,0.5580760709262387,-0.996732280743623,-0.8952778465751977,0,0,0,0,69,False,False,
81,4,1468.172427370742,871.5883427722215,1.4078673593160322,35.55377960205078,0.896183431148529,0,1,0,0,0,-0.016420172303926013,-0.9728511670277566,-0.9784854846639116,0,0,0,0,69,False,False,
81,5,1439.6896783324703,872.7616416798207,1.5639110919833275,64.54685974121094,4.327725410461426,0,2,0,1,1,-0.05100929452387643,-0.9554886713384001,-0.9400442062491002,0,0,0,0,69,False,False,
81,6,1479.053835798964,871.0245646694439,1.408797031101488,27.52638816833496,0.80744868516922,0,1,0,0,0,-0.007397701146004465,-0.9437962175047792,-0.9702458150396038,0,0,0,0,69,False,False,
81,7,1428.7450680886027,873.7372290737377,0.8412727441067487,72.8420181274414,4.3353962898254395,0,2,0,1,1,-0.09961692812945967,-0.9843284504963228,-0.8418332640975918,0,0,0,0,69,False,False,
82,0,1408.6805953964085,870.2957260131334,1.0514163793330815,92.47145080566406,7.60308313369751,0,3,0,2,2,0.1510679468436668,-0.94266126636384,-0.6634640419517138,0,0,0,0,70,False,False,
82,1,1465.4856739926697,869.7177316851624,0.3490095985849954,38.3212890625,0.9266510605812073,0,1,0,0,0,0.2439238209968355,-0.9791309169003888,-0.7789142692290408,0,0,0,0,70,False,False,
82,2,1443.7954344461984,871.0232413207784,2.7038376190316935,58.62373352050781,4.251350402832031,0,2,0,1,1,0.03142223556317971,-0.9444059244627272,-0.8585713190455004,0,0,0,0,70,False,False,
82,3,1458.0814500934066,871.0601551173336,0.7261674836253373,43.81360626220703,1.0047410726547241,0,1,0,0,0,0.9607738350171454,-0.9974844275270079,-0.8880716836908836,0,0,0,1,70,False,False,
82,4,1466.9245787181167,871.6571270653617,1.2497429891148115,36.8036003112793,0.9173312783241272,0,1,0,0,0,-0.010608574343270524,-0.9761836122475315,-0.9789392885733127,0,0,0,0,70,False,False,
82,5,1438.6662292546505,872.8281710007817,1.0256091679766783,65.57245635986328,4.343476295471191,0,2,0,1,1,-0.054659668975058494,-0.9582141415846972,-0.9338232376645178,0,0,0,0,70,False,False,
82,6,1478.1819853264274,871.0790125372396,0.8735489778883242,28.39991569519043,0.8192427754402161,0,1,0,0,0,-0.01067538743357564,-0.9461253097542592,-0.9697838551341303,0,0,0,0,70,False,False,
82,7,1427.6055320677337,873.6883778852606,1.1405826499967575,73.98258972167969,4.3524346351623535,0,2,0,1,1,-0.1334822734857356,-0.9873161791376751,-0.8496423096357285,0,0,0,0,70,False,False,
83,0,1408.1589605448298,870.2614440570059,0.5227601466232488,92.99418640136719,7.618386745452881,0,3,0,2,2,0.15575241138685542,-0.9440146910449316,-0.6567110701604474,0,0,0,0,71,False,False,
83,1,1464.830120025418,869.6623537390282,0.6578888362766616,38.97926330566406,0.9351808428764343,0,1,0,0,0,0.26358336154279666,-0.9807492230174442,-0.7677210481113508,0,0,0,0,71,False,False,
83,2,1441.657624198138,871.1085628289558,2.139512191241401,60.76325225830078,4.268702983856201,0,2,0,1,1,0.021994702396710232,-0.950108254903455,-0.8651435260922695,0,0,0,0,71,False,False,
83,3,1457.304045431406,871.0452566906517,0.7775474079552872,44.591094970703125,0.9999837279319763,0,1,0,0,0,1.0,-0.9968493810133253,-0.8843408148526503,0,0,0,2,71,False,False,
83,4,1465.3854925652959,871.7162165140032,1.5402200325749504,38.34379577636719,0.9392494559288025,0,1,0,0,0,2.2838422009385794e-05,-0.9802908018784464,-0.9825756729216671,0,0,0,0,71,False,False,
83,5,1437.8004804107513,872.8794193361314,0.8672643498892902,66.43968963623047,4.361440658569336,0,2,0,1,1,-0.05395646052495395,-0.9605189360551936,-0.9291685847997189,0,0,0,0,71,False,False,
83,6,1477.1989411681332,871.1480395538326,0.9854646346652913,29.385364532470703,0.8381254076957703,0,1,0,0,0,-0.01639602305648869,-0.9487523476905766,-0.9683696036285245,0,0,0,0,71,False,False,
83,7,1426.4832544452163,873.6579410893278,1.1226902781044654,75.10531616210938,4.366599082946777,0,2,0,1,1,-0.18705600893813268,-0.9902114504046768,-0.8552120420335847,0,0,0,0,71,False,False,
84,0,1407.4940475493133,870.2180851286583,0.6663252120956042,93.66051483154297,7.633793354034424,0,3,0,2,2,0.16046747127311645,-0.9457371855689649,-0.6481557393685403,0,0,0,0,72,False,False,
84,1,1464.081993871984,869.603080409235,0.7504705650968839,39.729652404785156,0.9471122622489929,0,1,0,0,0,0.2893254409264601,-0.9825672003762388,-0.7554204267505866,0,0,0,0,72,False,False,
84,2,1439.576322440861,871.1842739613329,2.0826783670095232,62.84592819213867,4.279731273651123,0,2,0,1,1,0.02727765350938556,-0.9556575204067767,-0.8706473959185559,0,0,0,0,72,False,False,
84,3,1456.2259072948511,871.0380325471508,1.0781623392343367,45.66924285888672,4.219939231872559,0,2,1,1,1,0.032259502844944006,-0.911311731258794,-0.8816327811740072,0,0,0,0,72,False,False,
84,4,1464.1659269107693,871.742358381705,1.2198458029389094,39.563682556152344,0.9552047848701477,0,1,0,0,0,0.012940301783151793,-0.9835432707485814,-0.9879266924136723,0,0,0,0,72,False,False,
84,5,1436.6358787652778,872.9372441291213,1.1660363198992867,67.60579681396484,4.380030155181885,0,2,0,1,1,-0.05199074452757865,-0.9636190050352615,-0.9242283487944577,0,0,0,0,72,False,False,
84,6,1476.2212283275526,871.2145448655915,0.9799721195667552,30.365407943725586,0.8535176515579224,0,1,0,0,0,-0.0158113030012149,-0.951365031991679,-0.9672110519796334,0,0,0,0,72,False,False,
84,7,1425.0674486569649,873.6344012571578,1.4160014667171241,76.52128601074219,4.378293514251709,0,2,0,1,1,-0.30889084004999556,-0.9937112793904126,-0.860459608119986,0,0,0,0,72,False,False,
85,0,1406.7171153211211,870.1666694341383,0.7786316592887135,94.43907165527344,7.648699760437012,0,3,0,2,2,0.16741231562919615,-0.9477446511888131,-0.6380698470284603,0,0,0,0,73,False,False,
85,1,1463.521010149864,869.5600978582313,0.5626279731530407,40.29233169555664,0.9584491848945618,0,1,0,0,0,0.3135932955733867,-0.9839037530188043,-0.7463745570141752,0,0,0,0,73,False,False,
85,2,1437.385446185142,871.2261252747429,2.191275952569231,65.03712463378906,4.303239345550537,0,2,0,1,1,0.04406771830196337,-0.9614885611961689,-0.8719208247274621,0,0,0,0,73,False,False,
85,3,1455.6768775942153,871.0358019626943,0.54903423179907,46.218318939208984,4.234735012054443,0,2,0,1,1,0.031092761871032812,-0.9127742227871639,-0.8804325330001785,0,0,0,0,73,False,False,
85,4,1463.1394864277968,871.7561629081335,1.0265333068316427,40.59014129638672,0.9679185152053833,0,1,0,0,0,0.021619294069583045,-0.9862791805867469,-0.993417370161974,0,0,0,0,73,False,False,
85,5,1435.5806532075933,872.976060794171,1.0559392553910871,68.66168975830078,4.396596908569336,0,2,0,1,1,-0.04748688429686909,-0.9664274853998617,-0.9213812862022601,0,0,0,0,73,False,False,
85,6,1475.1422235234181,871.2944626661803,1.0819603607323194,31.447341918945312,0.8664958477020264,0,1,0,0,0,-0.020877850058594227,-0.9542487301831883,-0.9651586496137492,0,0,0,0,73,False,False,
85,7,1423.474481855407,873.6373640239148,1.5929695567875737,78.11430358886719,7.597322463989258,0,3,1,2,2,0.005232629633514484,-0.9040631606756725,-0.8628308322136125,0,0,0,0,73,False,False,
86,0,1406.463099896506,870.1495755626878,0.2545899377107421,94.69367218017578,7.663137912750244,0,3,0,2,2,0.17030642894760034,-0.9483997531714313,-0.6347368978934611,0,0,0,0,74,False,False,
86,1,1462.656289751668,869.4907214736912,0.8674989624131106,41.15985870361328,0.9658755660057068,0,1,0,0,0,0.3656384993857551,-0.9858950884896909,-0.7320507340760939,0,0,0,0,74,False,False,
86,2,1435.315777666379,871.2385008828984,2.069705518482075,67.10686492919922,4.323028564453125,0,2,0,1,1,0.06117404691808619,-0.9669860477384816,-0.8698569164218831,0,0,0,0,74,False,False,
86,3,1455.1176891591292,871.03512562334,0.5591888441026509,46.777523040771484,4.252063751220703,0,2,0,1,1,0.029786458795758284,-0.9142638240546291,-0.8793859498669199,0,0,0,0,74,False,False,
86,4,1461.8175498970018,871.7546523328253,1.3219373938611614,41.91216278076172,0.9863277077674866,0,1,0,0,0,0.04158852943467461,-0.9897989819378177,-0.9971998674379963,0,0,0,0,74,False,False,
86,5,1434.9587826080785,872.9985283373202,0.6222763317338252,69.28404235839844,4.407418727874756,0,2,0,1,1,-0.04951441991049453,-0.9680823275373489,-0.9197493151607521,0,0,0,0,74,False,False,
86,6,1474.4047213205567,871.3471337980143,0.7393806511898361,32.186767578125,0.8784738183021545,0,1,0,0,0,-0.02006560167045437,-0.9562195992855833,-0.9639854868507548,0,0,0,0,74,False,False,
86,7,1421.5993013642021,873.6659772945754,1.8753987826201144,79.9897689819336,7.617734909057617,0,3,0,2,2,-0.003477090446606389,-0.9090643218015758,-0.867417800137511,0,0,0,0,74,False,False,
87,0,1406.4126295019628,870.1461731829471,0.05058494749670217,94.74432373046875,7.661167144775391,0,3,0,2,2,0.17082385911113535,-0.9485299976989935,-0.6340709255280698,1,0,0,0,75,False,False,
87,1,1461.494843335963,869.3848028708222,1.166266061835009,42.326053619384766,0.9746207594871521,0,1,0,0,0,0.4668642977077411,-0.9883599864952495,-0.7112912745928384,0,0,0,0,75,False,False,
87,2,1433.7951435600937,871.2398846189855,1.5206347358665637,68.62749481201172,4.343117713928223,0,2,0,1,1,0.07339923129957747,-0.9710174254285129,-0.8674125259862719,0,0,0,0,75,False,False,
87,3,1454.964276010812,871.0348492984648,0.1534133971725006,46.930965423583984,4.265487194061279,0,2,0,1,1,0.030307082643705345,-0.914672546947416,-0.8790932559127952,0,0,0,0,75,False,False,
87,4,1461.0292017038942,871.7540221069073,0.7883484450170715,42.70049285888672,0.9948331117630005,0,1,0,0,0,0.052089851043945146,-0.991895613450236,-0.9916361323325424,0,0,0,0,75,False,False,
87,5,1434.246416110735,873.0274742774911,0.7129543421494521,69.99691009521484,4.424347877502441,0,2,0,1,1,-0.05568985472864117,-0.9699764735988363,-0.917502269457273,0,0,0,0,75,False,False,
87,6,1474.040916461217,871.3736263328144,0.3647681867699091,32.55149841308594,0.8913245797157288,0,1,0,0,0,-0.021429778581804726,-0.957191681160328,-0.9633481900027706,0,0,0,0,75,False,False,
87,7,1419.8935256489767,873.6923742138432,1.7059799494716634,81.69566345214844,7.639083385467529,0,3,0,2,2,-0.0038056029189644076,-0.913613292642862,-0.8728887815572908,0,0,0,0,75,False,False,
88,0,1406.0488087292447,870.1209645425428,0.3646930630162953,95.10896301269531,7.6748948097229,0,3,0,2,2,0.17528198787906163,-0.9494664284599755,-0.629206785948815,0,0,0,0,76,False,False,
88,1,1460.8618885651347,869.3273266633372,0.6355590109038352,42.96159362792969,0.9772700667381287,0,1,0,0,0,0.5358885424681502,-0.9895577444667795,-0.7000022182880008,0,0,0,0,76,False,False,
88,2,1432.4458349236572,871.2489374081754,1.3493390046071727,69.97689056396484,4.360927581787109,0,2,0,1,1,0.0795572997357665,-0.9745912354621306,-0.8661974272890359,0,0,0,0,76,False,False,
88,3,1454.7834365636202,871.0343556167774,0.18084012105234462,47.111751556396484,4.28115701675415,0,2,0,1,1,0.03107374055648696,-0.9151540748044489,-0.878727381323593,0,0,0,0,76,False,False,
88,4,1459.94046175386,871.7512147839738,1.088743569378149,43.789241790771484,1.0053678750991821,0,1,0,0,0,0.08281865103308582,-0.9947831667259424,-0.9837260685744859,0,0,0,0,76,False,False,
88,5,1433.496490608777,873.0582547092961,0.7505569222044935,70.74754333496094,4.437295436859131,0,2,0,1,1,-0.05994031712601024,-0.9719698841707637,-0.9151017731096156,0,0,0,0,76,False,False,
88,6,1473.5118127431876,871.4140132366355,0.5306428614734024,33.08209228515625,0.9097282886505127,0,1,0,0,0,-0.024461171201045632,-0.9586055849248197,-0.9621969421242943,0,0,0,0,76,False,False,
88,7,1418.3147924024836,873.727776798253,1.579130142377533,83.27479553222656,7.658177852630615,0,3,0,2,2,-0.008649875465835698,-0.9178239421646548,-0.8766390890017166,0,0,0,0,76,False,False,
89,0,1406.0488087292447,870.1209645425428,0.0,95.10896301269531,7.673928737640381,0,3,0,2,2,0.17528198787906163,-0.9494664284599755,-0.629206785948815,1,0,0,0,77,False,False,
89,1,1459.9672665204073,869.2414956328673,0.8987299754117875,43.8603515625,0.9776194095611572,0,1,0,0,0,0.6664964876151266,-0.9909649790548453,-0.6835091326573959,0,0,0,0,77,False,False,
89,2,1431.2861171569705,871.2647603491565,1.1598257040737023,71.13666534423828,4.379300117492676,0,2,0,1,1,0.085522990486128,-0.9776594775535461,-0.8661022924634352,0,0,0,0,77,False,False,
89,3,1454.4274930865854,871.0333631268938,0.3559448607295329,47.467708587646484,4.297146320343018,0,2,0,1,1,0.03146244002331287,-0.916102153188558,-0.8779954463349823,0,0,0,0,77,False,False,
89,4,1458.55768084628,871.7441911365,1.382798745296011,45.17195129394531,1.0205446481704712,0,1,0,0,0,0.2769870676290995,-0.9983637313551249,-0.9732659687721078,0,0,0,0,77,False,False,
89,5,1432.9030098071285,873.0851980216127,0.5940920837750331,71.34165954589844,4.448191165924072,0,2,0,1,1,-0.06645864112270046,-0.9735460531091158,-0.9128842069100128,0,0,0,0,77,False,False,
89,6,1473.501360203649,871.4148110637142,0.01048294380662341,33.092620849609375,0.9086402058601379,0,1,0,0,0,-0.02447602364077789,-0.9586336396239701,-0.9621750272397762,1,0,0,0,77,False,False,
89,7,1416.4541149361721,873.7950975195249,1.8618949253788744,85.13673400878906,7.681456089019775,0,3,0,2,2,-0.01851834962238633,-0.922787129258942,-0.8779868847724019,0,0,0,0,77,False,False,
90,0,1405.7345866871854,870.0995394932656,0.31495162239999996,95.42390441894531,7.682003974914551,0,3,0,2,2,0.1774940938385132,-0.9502743628219817,-0.6250543566318749,0,0,0,0,78,False,False,
90,1,1459.0285518056878,869.1545595037836,0.9427317784878152,44.80309295654297,0.9672874212265015,0,1,0,0,0,0.8379720177676176,-0.9919315895368037,-0.6665686732225081,0,0,0,0,78,False,False,
90,2,1429.834021089361,871.2900698049716,1.4523166177252722,72.58903503417969,4.397568702697754,0,2,0,1,1,0.10045740802841231,-0.9814926416629857,-0.8666513187436302,0,0,0,0,78,False,False,
90,3,1454.4274930865854,871.0333631268938,0.0,47.467708587646484,4.296540260314941,0,2,0,1,1,0.03146244002331287,-0.916102153188558,-0.8779954463349823,1,0,0,0,78,False,False,
90,4,1456.8877420502492,871.7133379173582,1.670223788484634,46.842281341552734,4.238429546356201,0,2,1,1,1,0.02653671642795151,-0.9096084659867938,-0.9637280611030861,0,0,0,0,78,False,False,
90,5,1432.5579846237604,873.1005562176871,0.34536683590751094,71.68697357177734,4.453522682189941,0,2,0,1,1,-0.06826947652802902,-0.9744617759095632,-0.9116254142281222,0,0,0,0,78,False,False,
90,6,1473.501360203649,871.4148110637142,0.0,33.092620849609375,0.9105308055877686,0,1,0,0,0,-0.02447602364077789,-0.9586336396239701,-0.9621750272397762,2,0,0,0,78,False,False,
90,7,1415.0556682964427,873.859006524231,1.3999061986621912,86.53662872314453,7.702230930328369,0,3,0,2,2,-0.02581599404102835,-0.9265172673128029,-0.8774153468710648,0,0,0,0,78,False,False,
91,0,1405.1114850565325,870.0585337249003,0.6244494496447341,96.04842376708984,7.692670822143555,0,3,0,2,2,0.18200174330648652,-0.9518743612915302,-0.6169822181347788,0,0,0,0,79,False,False,
91,1,1458.0814462707053,869.0624885653972,0.9515702559925864,45.75469970703125,0.9514433145523071,0,1,0,0,0,1.0,-0.9921636581719604,-0.6489535512218136,0,0,0,1,79,False,False,
91,2,1428.1011926649019,871.3458719575304,1.7337266880460382,74.32272338867188,4.414207458496094,0,2,0,1,1,0.12115265086135941,-0.9860530064607925,-0.8703764560516555,0,0,0,0,79,False,False,
91,3,1454.4384502354164,871.033393902403,-0.010957192050832296,47.478694915771484,4.293457984924316,0,2,0,1,1,0.03146505451837937,-0.9160728881513716,-0.8780174005255056,2,0,0,0,79,False,False,
91,4,1454.9378292635256,871.6557564076103,1.9507628010840732,48.79296112060547,4.256985187530518,0,2,0,1,1,0.03561845528746454,-0.9148026067635808,-0.9534890432866887,0,0,0,0,79,False,False,
91,5,1432.0147126717345,873.1252686855098,0.5438337245186815,72.23074340820312,4.4640350341796875,0,2,0,1,1,-0.07302265697122089,-0.9759028606520046,-0.909605421450136,0,0,0,0,79,False,False,
91,6,1473.3851620159721,871.4237515796631,0.11654163052240082,33.20917892456055,0.9228469133377075,0,1,0,0,0,-0.025053710824011925,-0.9589442156430774,-0.9619038658299376,0,0,0,0,79,False,False,
91,7,1413.3701504304272,873.928079924083,1.6869326042331823,88.22359466552734,7.718220233917236,0,3,0,2,2,-0.02430510156265642,-0.9310127543989902,-0.8776645612369265,0,0,0,0,79,False,False,
92,0,1404.2696426667344,870.009510025991,0.843268600337749,96.89164733886719,7.707043170928955,0,3,0,2,2,0.18575401896431584,-0.954032267064462,-0.6068524459998379,0,0,0,0,80,False,False,
92,1,1457.658890254566,869.0204203670419,0.4246449341372448,46.17927169799805,0.9461565613746643,0,1,0,0,0,1.0,-0.992002639383029,-0.6422053819097242,0,0,0,2,80,False,False,
92,2,1426.3007095822588,871.4264106108459,1.8022834975556639,76.12506103515625,4.430965900421143,0,2,0,1,1,0.17174410658880643,-0.9907443284361926,-0.8769415451382159,0,0,0,0,80,False,False,
92,3,1454.134276124475,871.0324724894606,0.3041755065234087,47.782894134521484,4.311594486236572,0,2,0,1,1,0.03191364997694374,-0.9168830813123915,-0.8773879041329107,0,0,0,0,80,False,False,
92,4,1453.5348735425066,871.5935073980619,1.404336033266136,50.197296142578125,4.2736124992370605,0,2,0,1,1,0.047122112790416774,-0.9185376939888613,-0.9436158929129472,0,0,0,0,80,False,False,
92,5,1431.7534852773078,873.136749913584,0.26147957892938584,72.49222564697266,4.476806640625,0,2,0,1,1,-0.07419186393298484,-0.976595544323887,-0.908668594976401,0,0,0,0,80,False,False,
92,6,1472.9570371344132,871.4584819369982,0.42953127002642055,33.63868713378906,0.9399807453155518,0,1,0,0,0,-0.028492943644550274,-0.9600884524384602,-0.9607306994936701,0,0,0,0,80,False,False,
92,7,1411.6219127088084,874.0155129821788,1.75042271207231,89.97394561767578,7.731988430023193,0,3,0,2,2,-0.03222134202571725,-0.9356747914027354,-0.876045611202949,0,0,0,0,80,False,False,
93,0,1403.560437305383,869.9703800469645,0.7102840275750663,97.6019515991211,7.719776630401611,0,3,0,2,2,0.19158848223395417,-0.9558447234736579,-0.598575573241638,0,0,0,0,81,False,False,
93,1,1457.658890254566,869.0204203670419,0.0,46.17927169799805,0.9227126240730286,0,1,0,0,0,1.0,-0.992002639383029,-0.6422053819097242,1,0,0,3,81,False,False,
93,2,1424.2238420900476,871.5314950244832,2.079524299976561,78.20449829101562,4.443709373474121,0,2,0,1,1,0.3939945581715547,-0.9958380531085375,-0.8859876364175655,0,0,0,0,81,False,False,
93,3,1453.8988360946362,871.0321211864374,0.23544029193050398,48.018367767333984,4.325704097747803,0,2,0,1,1,0.03117079432206664,-0.9175102629741873,-0.8769415451382159,0,0,0,0,81,False,False,
93,4,1452.4832088697524,871.5476116607404,1.052665665168,51.25005340576172,4.285621643066406,0,2,0,1,1,0.048322671777201426,-0.9213372457959951,-0.9363190617945287,0,0,0,0,81,False,False,
93,5,1431.693806623572,873.1393491146099,0.059735228782458016,72.55197143554688,4.476767539978027,0,2,0,1,1,-0.07444209275772032,-0.9767538012663267,-0.9084637106378229,1,0,0,0,81,False,False,
93,6,1472.2231355815122,871.5251744424758,0.736925626937629,34.37559509277344,0.9572082757949829,0,1,0,0,0,-0.03644738611094422,-0.9620504825415538,-0.9578575127011281,0,0,0,0,81,False,False,
93,7,1409.5961522090663,874.1295696548909,2.0289688333993214,92.00291442871094,7.752183437347412,0,3,0,2,2,-0.039539143380165516,-0.9410758097574738,-0.8726328780240039,0,0,0,0,81,False,False,
94,0,1403.050825317591,869.9447933346981,0.5102539151695198,98.11223602294922,7.730362415313721,0,3,0,2,2,0.1943338210408304,-0.9571444395415909,-0.59292848662561,0,0,0,0,82,False,False,
94,1,1457.3455186514443,868.9889122282626,0.31495162239999996,46.49433135986328,0.9130803346633911,0,1,0,0,0,1.0,-0.9917828590088923,-0.6378872956473645,0,0,0,4,82,False,False,
94,2,1422.179581017108,871.639572317729,2.047116028868924,80.25166320800781,7.667657852172852,0,3,1,2,2,0.009637930787604887,-0.9073071957812129,-0.892775447622504,0,0,0,0,82,False,False,
94,3,1453.352476043408,871.0315330687016,0.5463603677615605,48.564754486083984,4.340213775634766,0,2,0,1,1,0.03146083684517988,-0.9189655525662477,-0.8759388560929111,0,0,0,0,82,False,False,
94,4,1451.654824032065,871.5076572278182,0.8293478136586269,52.07938766479492,4.299373149871826,0,2,0,1,1,0.05272006101213391,-0.9235414296982822,-0.9301054112734539,0,0,0,0,82,False,False,
94,5,1431.693806623572,873.1393491146099,0.0,72.55197143554688,4.47630500793457,0,2,0,1,1,-0.07444209275772032,-0.9767538012663267,-0.9084637106378229,2,0,0,0,82,False,False,
94,6,1471.9458492150277,871.5507940967243,0.27846740513388357,34.65412139892578,0.9693105220794678,0,1,0,0,0,-0.038153902405463215,-0.9627919094183319,-0.956720875936755,0,0,0,0,82,False,False,
94,7,1407.2981275822967,874.2329959969838,2.3003508848604475,94.30333709716797,7.7734270095825195,0,3,0,2,2,-0.03612377177233965,-0.947201422979032,-0.8718779454490964,0,0,0,0,82,False,False,
95,0,1402.5272688470277,869.9200964999119,0.524138637687746,98.6363754272461,7.7413411140441895,0,3,0,2,2,0.19878198066442615,-0.9584767430281195,-0.5873252512182574,0,0,0,0,83,False,False,
95,1,1456.7243160112096,868.9253166708166,0.6244494496447341,47.11867141723633,0.9092308878898621,0,1,0,0,0,1.0,-0.9911231367368716,-0.6291997823333486,0,0,0,5,83,False,False,
95,2,1419.8634793659428,871.7338161784043,2.3180182837510888,82.56961822509766,7.690158367156982,0,3,0,2,2,0.01861481327235563,-0.913485946811781,-0.8923428314365256,0,0,0,0,83,False,False,
95,3,1452.8093027737593,871.031776020974,0.543173323982911,49.107845306396484,4.35689115524292,0,2,0,1,1,0.031045407941734816,-0.9204121040998023,-0.8750386342298075,0,0,0,0,83,False,False,
95,4,1450.7819033292024,871.4682970857634,0.8738076300129957,52.95319747924805,4.312849521636963,0,2,0,1,1,0.05231583136576635,-0.9258639749872911,-0.9238990716693406,0,0,0,0,83,False,False,
95,5,1431.5591606036123,873.1449559735102,0.13476270833478743,72.68672943115234,4.49202299118042,0,2,0,1,1,-0.07437496524552595,-0.9771107483640397,-0.9080171443932827,0,0,0,0,83,False,False,
95,6,1471.9458492150277,871.5507940967243,0.0,34.65412139892578,0.9701915383338928,0,1,0,0,0,-0.038153902405463215,-0.9627919094183319,-0.956720875936755,1,0,0,0,83,False,False,
95,7,1405.253705058089,874.2842501065194,2.0450648990268787,96.3484115600586,7.797075271606445,0,3,0,2,2,-0.026148427734163864,-0.9526508337404559,-0.8760901056007999,0,0,0,0,83,False,False,
96,0,1401.9855552783274,869.8976790365208,0.5421772156582376,99.178466796875,7.750718593597412,0,3,0,2,2,0.20201909157044612,-0.9598525998959558,-0.5818975349903488,0,0,0,0,84,False,False,
96,1,1456.6219889918802,868.9148960945698,0.10285624577110099,47.22161102294922,0.9016568660736084,0,1,0,0,0,1.0,-0.9909896794730374,-0.6277799922542872,0,0,0,6,84,False,False,
96,2,1417.285122483879,871.862540897651,2.581568179349703,85.15119934082031,7.709872722625732,0,3,0,2,2,0.013850176639037828,-0.9203686614297975,-0.894708781378913,0,0,0,0,84,False,False,
96,3,1452.7852050868635,871.031783754331,0.024097688136827975,49.132015228271484,4.3543701171875,0,2,0,1,1,0.031151237728540573,-0.9204764791262707,-0.874994725848761,1,0,0,0,84,False,False,
96,4,1450.4340110941398,871.4537347082826,0.3481968840394319,53.3014030456543,4.329103469848633,0,2,0,1,1,0.05090001174737229,-0.9267895901098264,-0.9215495802232992,0,0,0,0,84,False,False,
96,5,1431.3728057516028,873.1521585661823,0.18649398973880082,72.8732681274414,4.507733345031738,0,2,0,1,1,-0.07407966651813921,-0.9776048990857323,-0.90747566486608,0,0,0,0,84,False,False,
96,6,1472.083121976938,871.5381651900811,-0.13785245897500004,34.792030334472656,0.980225682258606,0,1,0,0,0,-0.03753342826138635,-0.9624247972535046,-0.9572786603095563,0,0,0,0,84,False,False,
96,7,1402.9598101169902,874.3473113828973,2.2947615835587594,98.64310455322266,7.815328121185303,0,3,0,2,2,-0.03179548543665128,-0.9587633622950005,-0.8801474929972422,0,0,0,0,84,False,False,
97,0,1401.281930217577,869.8690282680718,0.7042081316264299,99.8826675415039,7.757987022399902,0,3,0,2,2,0.2113021040501192,-0.9616326020639965,-0.5749026668967283,0,0,0,0,85,False,False,
97,1,1456.2867241992813,868.8819266107408,0.33688197936417286,47.55843734741211,0.8989784121513367,0,1,0,0,0,1.0,-0.9905125803156608,-0.6232495392192747,0,0,0,7,85,False,False,
97,2,1415.1884136443755,871.9691841830797,2.099419145377893,87.2507095336914,7.729923725128174,0,3,0,2,2,0.014257862776602792,-0.9259660514848157,-0.8968700113532895,0,0,0,0,85,False,False,
97,3,1452.448314901065,871.0323204165085,0.336890613246468,49.468807220458984,4.364965438842773,0,2,0,1,1,0.03068758109024417,-0.921373562467287,-0.8744823041791974,0,0,0,0,85,False,False,
97,4,1449.7774238632244,871.4280107357803,0.6570909484709483,53.95840072631836,4.342172622680664,0,2,0,1,1,0.050400610966765826,-0.9285362301600685,-0.9173486044167029,0,0,0,0,85,False,False,
97,5,1431.0868782881462,873.1630405985206,0.2861344666174794,73.15936279296875,4.514864444732666,0,2,0,1,1,-0.07629555066169158,-0.9783625376595106,-0.906663231178884,0,0,0,0,85,False,False,
97,6,1472.3555286747098,871.5137638297354,-0.27349741384103204,35.06545639038086,0.9889869093894958,0,1,0,0,0,-0.03532119198719607,-0.9616967998449943,-0.9582975541488103,0,0,0,0,85,False,False,
97,7,1400.9869031477588,874.4255184385418,1.974456444896783,100.6175537109375,7.837564945220947,0,3,0,2,2,-0.045302566762171,-0.9640169332365434,-0.8807555854833861,0,0,0,0,85,False,False,
98,0,1401.1007077107497,869.8618985139666,0.18136270392321438,100.06407928466797,7.764848709106445,0,3,0,2,2,0.21306439863547488,-0.9620898543865191,-0.5731301804600157,0,0,0,0,86,False,False,
98,1,1455.9296939577052,868.8470788853609,0.3587268562067345,47.91718292236328,0.8908109068870544,0,1,0,0,0,1.0,-0.9899417064276161,-0.6184631826509754,0,0,0,8,86,False,False,
98,2,1413.3617590081656,872.079013750859,1.8299534676996594,89.08055114746094,7.750650405883789,0,3,0,2,2,0.008968635638973094,-0.9308451716797134,-0.9007884841809195,0,0,0,0,86,False,False,
98,3,1451.8023249304365,871.031410810516,0.6459906110274568,50.114803314208984,4.375062465667725,0,2,0,1,1,0.03332811265186769,-0.9230939112096647,-0.8732674198783532,0,0,0,0,86,False,False,
98,4,1448.8180232153743,871.3908803276553,0.9601188834215122,54.91859436035156,4.361777305603027,0,2,0,1,1,0.05195808864850227,-0.9310885170783894,-0.9112447105551518,0,0,0,0,86,False,False,
98,5,1430.547231112291,873.1833029501229,0.5400274412480345,73.69941711425781,4.528621196746826,0,2,0,1,1,-0.08137178863959713,-0.9797917098337484,-0.9051554456740697,0,0,0,0,86,False,False,
98,6,1472.309911199551,871.5178464555444,0.045799802110672805,35.111167907714844,0.9842290878295898,0,1,0,0,0,-0.035381161277253326,-0.9618185125791313,-0.9581286741109668,1,0,0,0,86,False,False,
98,7,1399.2001024702472,874.5267018956542,1.7896633072029922,102.40727996826172,7.859552383422852,0,3,0,2,2,-0.06464998075606951,-0.9687682101952888,-0.8776864868412643,0,0,0,0,86,False,False,
99,0,1400.607800816853,869.8439777141691,0.49323256291165407,100.55732727050781,7.775321006774902,0,3,0,2,2,0.2186016289936535,-0.9633310067929376,-0.5684860115787773,0,0,0,0,87,False,False,
99,1,1455.424429256623,868.7962819930028,0.5078117194719153,48.424983978271484,4.105223178863525,0,2,1,1,1,0.13619349995117067,-0.9129725717381856,-0.6115029610142745,0,0,0,0,87,False,False,
99,2,1412.0781055995712,872.1589828159637,1.2861419535842098,90.36672973632812,7.7698564529418945,0,3,0,2,2,0.007987613820942999,-0.9342747254648917,-0.9038648937400027,0,0,0,0,87,False,False,
99,3,1451.6782630337873,871.0311149749926,0.12406224937051312,50.238948822021484,4.389577388763428,0,2,0,1,1,0.034096675598228404,-0.9234244929263024,-0.873018634305275,0,0,0,0,87,False,False,
99,4,1448.3853487120298,871.3729164370317,0.4330472574798395,55.351585388183594,4.377903938293457,0,2,0,1,1,0.05466264823062122,-0.9322389761605712,-0.9083539539782994,0,0,0,0,87,False,False,
99,5,1429.7026764092625,873.2195683919531,0.8453329691184924,74.5447998046875,4.542642593383789,0,2,0,1,1,-0.095401725886077,-0.9820236042628553,-0.9022573710337096,0,0,0,0,87,False,False,
99,6,1472.2498537918018,871.5231919308031,0.06029482839583619,35.17146682739258,0.9842249751091003,0,1,0,0,0,-0.03522050754961678,-0.9619790592825678,-0.9579086498138525,2,0,0,0,87,False,False,
99,7,1397.1358946536616,874.6383121250723,2.0672229568586933,104.47450256347656,7.873341083526611,0,3,0,2,2,-0.07649797781620893,-0.974248046237208,-0.8747642497275451,0,0,0,0,87,False,False,
100,0,1400.2176431460432,869.8314443968078,0.3903589273165097,100.94766998291016,7.784176826477051,0,3,0,2,2,0.22208865122740223,-0.964310902203907,-0.5650068441045508,0,0,0,0,88,False,False,
100,1,1454.6149044704975,868.7136382058325,0.8137323730251793,49.23876190185547,4.117995262145996,0,2,0,1,1,0.1406514282730042,-0.91509120021682,-0.6002100169881983,0,0,0,0,88,False,False,
100,2,1410.6070053680867,872.2679923594361,1.4751335436636774,91.84183502197266,7.78682804107666,0,3,0,2,2,0.0005410103008664969,-0.9382083312710047,-0.9094827295416388,0,0,0,0,88,False,False,
100,3,1451.6782630337873,871.0311149749926,0.0,50.238948822021484,4.389392852783203,0,2,0,1,1,0.034096675598228404,-0.9234244929263024,-0.873018634305275,1,0,0,0,88,False,False,
100,4,1447.645675851013,871.340655482007,0.7403760602179502,56.092037200927734,4.39359712600708,0,2,0,1,1,0.05767406030633803,-0.9342056432325324,-0.903216151697968,0,0,0,0,88,False,False,
100,5,1428.6782903144494,873.2603090720258,1.0251959199388772,75.56990051269531,4.553412437438965,0,2,0,1,1,-0.11004320884743493,-0.9847226115916963,-0.8991249325508951,0,0,0,0,88,False,False,
100,6,1472.2498537918018,871.5231919308031,0.0,35.17146682739258,0.9798514246940613,0,1,0,0,0,-0.03522050754961678,-0.9619790592825678,-0.9579086498138525,3,0,0,0,88,False,False,
100,7,1394.8960923335517,874.7327681599706,2.2417931161681226,106.71623992919922,7.891765594482422,0,3,0,2,2,-0.0897008179870631,-0.9801804509927903,-0.8747788715614678,0,0,0,0,88,False,False,
101,0,1399.5194667805697,869.8108655856706,0.6984795807851221,101.6462173461914,7.791817665100098,0,3,0,2,2,0.2322598552525354,-0.9660572866853759,-0.5590082045782949,0,0,0,0,89,False,False,
101,1,1453.578000172986,868.6140773193916,1.0416731216204647,50.2803955078125,4.132765769958496,0,2,0,1,1,0.14141157727470954,-0.9178028525588005,-0.5865017689703359,0,0,0,0,89,False,False,
101,2,1409.5353184398998,872.3613934747326,1.0757493390121446,92.91767120361328,7.807492733001709,0,3,0,2,2,-0.008089686255169997,-0.9410770123024623,-0.9152401016616235,0,0,0,0,89,False,False,
101,3,1451.8024930016707,871.031350021843,-0.12423019024093183,50.363216400146484,4.402822017669678,0,2,0,1,1,0.03363741198610847,-0.9230935778229903,-0.8732601018148455,0,0,0,0,89,False,False,
101,4,1446.9120021542178,871.307331297869,0.7344301155438013,56.82643508911133,4.411803245544434,0,2,0,1,1,0.06062322286486885,-0.9361554308793585,-0.8979683783617212,0,0,0,0,89,False,False,
101,5,1427.3584314620587,873.3053982710798,1.3206287995139345,76.89061737060547,4.570015907287598,0,2,0,1,1,-0.13807299150125296,-0.9881808176434542,-0.8959776506912197,0,0,0,0,89,False,False,
101,6,1472.0069852120944,871.5451381939577,0.24385812571160556,35.41537857055664,0.9924598932266235,0,1,0,0,0,-0.036705816335533034,-0.9626284246734355,-0.9569628151183874,0,0,0,0,89,False,False,
101,7,1393.209282270068,874.8142198873624,1.6887754658820187,108.40509033203125,7.905638217926025,0,3,0,2,2,-0.12089888950893055,-0.9846213477801669,-0.8735626865891798,0,0,0,0,89,False,False,
102,0,1398.9130543736458,869.7957931828932,0.6065996905675807,102.25273132324219,7.803104877471924,0,3,0,2,2,0.24051126525068045,-0.9675658312437615,-0.554137375831615,0,0,0,0,90,False,False,
102,1,1452.8043068376014,868.538373192669,0.7773882505039975,51.057769775390625,4.143529415130615,0,2,0,1,1,0.1462208889503586,-0.919822777965676,-0.5761017716231339,0,0,0,0,90,False,False,
102,2,1408.173053637868,872.5075962352306,1.3700878212845096,94.28767395019531,7.827592372894287,0,3,0,2,2,-0.022184362715141976,-0.9447282760237506,-0.9258603698617903,0,0,0,0,90,False,False,
102,3,1451.980639897101,871.0313855881184,-0.17814689898066954,50.541316986083984,4.412659645080566,0,2,0,1,1,0.03236103271808146,-0.922619255347646,-0.8735676319992847,0,0,0,0,90,False,False,
102,4,1446.7011131025536,871.2978487022551,0.2111021357811935,57.0374641418457,4.427304267883301,0,2,0,1,1,0.06086862600152472,-0.9367156282384376,-0.8964681253168064,0,0,0,0,90,False,False,
102,5,1426.01731620831,873.3339098873998,1.341418292741854,78.23198699951172,4.585534572601318,0,2,0,1,1,-0.18519452247332613,-0.9916521268135062,-0.8948578940694298,0,0,0,0,90,False,False,
102,6,1471.7843769579006,871.5653541708763,0.22352431759880315,35.63882827758789,1.003383994102478,0,1,0,0,0,-0.037589559151102965,-0.9632232687398499,-0.9560981902028739,0,0,0,0,90,False,False,
102,7,1392.0624062501306,874.8634099511731,1.147930427981092,109.55299377441406,7.916295528411865,0,3,0,2,2,-0.14635668143302938,-0.9876177165511145,-0.8734749412925507,0,0,0,0,90,False,False,
103,0,1398.5466402775482,869.7869144403137,0.3665216526875642,102.61929321289062,7.813539028167725,0,3,0,2,2,0.247382611784499,-0.9684725960639771,-0.5512224424883108,0,0,0,0,91,False,False,
103,1,1452.1237404918925,868.4702433600322,0.6839679999874055,51.74171829223633,4.15864896774292,0,2,0,1,1,0.15105053651385686,-0.9215966581692453,-0.5667629792431133,0,0,0,0,91,False,False,
103,2,1407.0752559361267,872.6372028347231,1.1054219396141027,95.39320373535156,7.844894886016846,0,3,0,2,2,-0.03056434393416162,-0.9476731315280948,-0.935829294677035,0,0,0,0,91,False,False,
103,3,1451.9508274456819,871.0313808207483,0.02981245180019308,50.571102142333984,4.407237529754639,0,2,0,1,1,0.032368843605295045,-0.9226985805347901,-0.8735164198478231,1,0,0,0,91,False,False,
103,4,1446.4846450074303,871.2885073880288,0.21666955567821658,57.25421905517578,4.441341400146484,0,2,0,1,1,0.060267047917629823,-0.9372910760070889,-0.8949824941058144,0,0,0,0,91,False,False,
103,5,1424.8344134022227,873.3605192289464,1.1832020561623056,79.41514587402344,4.594096660614014,0,2,0,1,1,-0.2935500099167244,-0.9945965871911714,-0.8936942290665936,0,0,0,0,91,False,False,
103,6,1471.53676635607,871.5874847432331,0.24859761135557837,35.88749313354492,1.0169051885604858,0,1,0,0,0,-0.03735288180412637,-0.9638852592037448,-0.9551742703919269,0,0,0,0,91,False,False,
103,7,1391.4454360343266,874.8902805710563,0.6175550804602431,110.17052459716797,7.927736282348633,0,3,0,2,2,-0.1689914765687364,-0.9892143256624164,-0.8733872102890143,0,0,0,0,91,False,False,
104,0,1397.8716789433065,869.7742236583973,0.6750806312337106,103.29434204101562,7.821860313415527,0,3,0,2,2,0.2582748810828043,-0.9701345988393251,-0.5462852080325352,0,0,0,0,92,False,False,
104,1,1451.511314951648,868.4092554812866,0.6154547616986942,52.357173919677734,4.173190593719482,0,2,0,1,1,0.15391085340776461,-0.9231911331474171,-0.5584049503040598,0,0,0,0,92,False,False,
104,2,1406.01267504748,872.7770211246713,1.0717403132856584,96.4648666381836,7.86305570602417,0,3,0,2,2,-0.04129573655677284,-0.9505252101992292,-0.947204506171929,0,0,0,0,92,False,False,
104,3,1451.9508274456819,871.0313808207483,0.0,50.571102142333984,4.405652046203613,0,2,0,1,1,0.032368843605295045,-0.9226985805347901,-0.8735164198478231,2,0,0,0,92,False,False,
104,4,1446.4846450074303,871.2885073880288,0.0,57.25421905517578,4.43833065032959,0,2,0,1,1,0.060267047917629823,-0.9372910760070889,-0.8949824941058144,1,0,0,0,92,False,False,
104,5,1423.951739144822,873.3765516889874,0.8828198482434382,80.29798126220703,4.598503589630127,0,2,0,1,1,-0.4853723813376999,-0.996549589887752,-0.8932844603894377,0,0,0,0,92,False,False,
104,6,1471.53676635607,871.5874847432331,0.0,35.88749313354492,1.0105477571487427,0,1,0,0,0,-0.03735288180412637,-0.9638852592037448,-0.9551742703919269,1,0,0,0,92,False,False,
104,7,1390.870141528348,874.9149939306033,0.5758250765199079,110.74637603759766,7.940862655639648,0,3,0,2,2,-0.1961032822558309,-0.990687690479369,-0.8733360267237384,0,0,0,0,92,False,False,
105,0,1396.894139531446,869.7538037600089,0.9777526650389402,104.2720947265625,7.824123382568359,0,3,0,2,2,0.28355466651542227,-0.9725086601985194,-0.5388875605841323,0,0,0,0,93,False,False,
105,1,1450.9824477308316,868.3549737662869,0.5316455979667896,52.88888168334961,4.185537815093994,0,2,0,1,1,0.15873449666633455,-0.9245659848772046,-0.5509910373160636,0,0,0,0,93,False,False,
105,2,1404.7967219172058,872.9563955328622,1.2291123599318374,97.6939697265625,7.883106708526611,0,3,0,2,2,-0.054876918767093406,-0.9537914509687995,-0.9625347450792597,0,0,0,0,93,False,False,
105,3,1451.9311564279956,871.0313763497217,0.01967101819443378,50.590755462646484,4.406733512878418,0,2,0,1,1,0.032433619647674224,-0.9227509220395046,-0.8734798295302844,3,0,0,0,93,False,False,
105,4,1446.6223656614134,871.2945341543235,-0.13785245897500004,57.39204788208008,4.451639652252197,0,2,0,1,1,0.06029971704868886,-0.9369251965125366,-0.8959410675202273,0,0,0,0,93,False,False,
105,5,1422.7707783037254,873.4035016860511,1.1812683059092475,81.47931671142578,7.811110019683838,0,3,1,2,2,-0.0037599513659074546,-0.9059312118732492,-0.8929289911717855,0,0,0,0,93,False,False,
105,6,1471.223120749732,871.61613710923,0.31495162239999996,36.20240020751953,1.02693510055542,0,1,0,0,0,-0.03952091959529582,-0.9647234275092205,-0.9539207447147288,0,0,0,0,93,False,False,
105,7,1390.8031967607203,874.9178523961707,0.06700576645441747,110.8133316040039,7.939365863800049,0,3,0,2,2,-0.19970752289762383,-0.9908576793826895,-0.8733287086602306,1,0,0,0,93,False,False,
106,0,1396.096689792276,869.7364296533992,0.7976389822988467,105.06977081298828,7.830267906188965,0,3,0,2,2,0.30697071961842226,-0.9744110081186425,-0.5327713174904118,0,0,0,0,94,False,False,
106,1,1450.2603878652503,868.2827175773957,0.7256661810477888,53.61453628540039,4.19318151473999,0,2,0,1,1,0.16120777248386148,-0.9264409006170692,-0.5410886111150179,0,0,0,0,94,False,False,
106,2,1403.625403295901,873.135831877412,1.1849830017182201,98.87901306152344,7.900027275085449,0,3,0,2,2,-0.06268720226623006,-0.9569373152299577,-0.9780995711586198,0,0,0,0,94,False,False,
106,3,1451.9311564279956,871.0313763497217,0.0,50.590755462646484,4.405950546264648,0,2,0,1,1,0.032433619647674224,-0.9227509220395046,-0.8734798295302844,4,0,0,0,94,False,False,
106,4,1446.4468479857478,871.2871554106878,0.17567270797908768,57.56761932373047,4.466273784637451,0,2,0,1,1,0.05964856074900429,-0.9373913432895182,-0.8947554483268677,0,0,0,0,94,False,False,
106,5,1421.5769489244087,873.4243166344637,1.1940108244889938,82.67334747314453,7.821684837341309,0,3,0,2,2,-0.0003448112467569647,-0.9091152889304603,-0.8964739568986642,0,0,0,0,94,False,False,
106,6,1471.223120749732,871.61613710923,0.0,36.20240020751953,1.0258466005325317,0,1,0,0,0,-0.03952091959529582,-0.9647234275092205,-0.9539207447147288,1,0,0,0,94,False,False,
106,7,1390.8031967607203,874.9178523961707,0.0,110.8133316040039,7.938149452209473,0,3,0,2,2,-0.19970752289762383,-0.9908576793826895,-0.8733287086602306,2,0,0,0,94,False,False,
107,0,1395.140870417689,869.7149482841022,0.9560607334593384,106.02582550048828,7.843395709991455,0,3,0,2,2,0.33968191481418825,-0.9766389651454115,-0.5253590625011793,0,0,0,0,95,False,False,
107,1,1450.0588782796372,868.2629320647209,0.20247859048740685,53.81704330444336,4.206165313720703,0,2,0,1,1,0.16119109440317567,-0.9269638316658441,-0.5383732665194135,0,0,0,0,95,False,False,
107,2,1402.9794631179984,873.2377786446203,0.6539356671516086,99.53289031982422,7.915688991546631,0,3,0,2,2,-0.06833201514809623,-0.9586713432373465,-0.9870430237386546,0,0,0,0,95,False,False,
107,3,1452.0690088869542,871.0313742215559,-0.13785245897500004,50.728572845458984,4.413894176483154,0,2,0,1,1,0.032126271382373124,-0.9223838793853446,-0.873713978976347,0,0,0,0,95,False,False,
107,4,1446.1442040426025,871.2756470717852,0.3028626721581741,57.870574951171875,4.483180522918701,0,2,0,1,1,0.057843337669194424,-0.9381959255952232,-0.8928525302719129,0,0,0,0,95,False,False,
107,5,1420.297498972407,873.4425501291745,1.2795798685530178,83.95289611816406,7.839066505432129,0,3,0,2,2,0.0017472227848303293,-0.9125274075933413,-0.9007665514300354,0,0,0,0,95,False,False,
107,6,1471.0918921866069,871.6282532096395,0.13178670520595057,36.33418273925781,1.0387487411499023,0,1,0,0,0,-0.040538866527999554,-0.9650741431932017,-0.9533930330091546,0,0,0,0,95,False,False,
107,7,1390.539329955136,874.9288160880727,0.26409447860453195,111.07747650146484,7.951182842254639,0,3,0,2,2,-0.21525321501159042,-0.9915251522519245,-0.8733506485576612,0,0,0,0,95,False,False,
108,0,1394.1422467519828,869.6897226534298,0.9989422196260064,107.0248031616211,7.8546977043151855,0,3,0,2,2,0.3825287357131294,-0.9788848340930832,-0.517280234836658,0,0,0,0,96,False,False,
108,1,1450.0588782796372,868.2629320647209,0.0,53.81704330444336,4.195687294006348,0,2,0,1,1,0.16119109440317567,-0.9269638316658441,-0.5383732665194135,1,0,0,0,96,False,False,
108,2,1402.0338208588237,873.3849493633512,0.957025863176481,100.48995208740234,7.930567264556885,0,3,0,2,2,-0.071364108808421,-0.9612084754057992,-0.9998902290473837,0,0,0,0,96,False,False,
108,3,1452.2050948249075,871.031296130475,-0.1360859603590985,50.864681243896484,4.425262928009033,0,2,0,1,1,0.031622595271211494,-0.9220213756668465,-0.8739408246519946,0,0,0,0,96,False,False,
108,4,1445.531997274402,871.2543033099378,0.6125787159216856,58.48312759399414,4.496755123138428,0,2,0,1,1,0.057345236117942025,-0.9398229624067334,-0.8892517786038804,0,0,0,0,96,False,False,
108,5,1418.8454975212526,873.4453690975242,1.4520041875757912,85.40492248535156,7.852112770080566,0,3,0,2,2,0.010027217986182299,-0.9163990256534551,-0.9077833665676327,0,0,0,0,96,False,False,
108,6,1471.0918921866069,871.6282532096395,0.0,36.33418273925781,1.040900468826294,0,1,0,0,0,-0.040538866527999554,-0.9650741431932017,-0.9533930330091546,1,0,0,0,96,False,False,
108,7,1390.539329955136,874.9288160880727,0.0,111.07747650146484,7.947772979736328,0,3,0,2,2,-0.21525321501159042,-0.9915251522519245,-0.8733506485576612,1,0,0,0,96,False,False,
109,0,1393.1752805385513,869.657136419646,0.9675151267812291,107.99227142333984,7.861660957336426,0,3,0,2,2,0.4372662369657039,-0.9809432824954494,-0.5084902686335335,0,0,0,0,97,False,False,
109,1,1450.1236637596899,868.2692816481507,-0.06509589568782222,53.882171630859375,4.188570499420166,0,2,0,1,1,0.16070144266911054,-0.9267956667751566,-0.5392442304215788,2,0,0,0,97,False,False,
109,2,1401.4677167897614,873.4716184217843,0.5727000460088636,101.06259155273438,7.947324752807617,0,3,0,2,2,-0.07264291649397055,-0.9627259631235652,-0.9925950563743878,0,0,0,0,97,False,False,
109,3,1452.2561585642716,871.0312741593714,-0.05106374409081105,50.915706634521484,4.422852516174316,0,2,0,1,1,0.03165962216477851,-0.9218854712285396,-0.8740213090574871,1,0,0,0,97,False,False,
109,4,1445.2652434907338,871.2447307236589,0.26692548681115363,58.750022888183594,4.510133266448975,0,2,0,1,1,0.05868837979560466,-0.9405316951463452,-0.8876415545030503,0,0,0,0,97,False,False,
109,5,1417.9295805862737,873.4460711328469,0.915917204028041,86.32081604003906,7.861903190612793,0,3,0,2,2,0.011100107255896635,-0.9188410473330503,-0.9123391755492521,0,0,0,0,97,False,False,
109,6,1471.2291651542855,871.6156265398423,-0.13785245897500004,36.47196960449219,1.0542285442352295,0,1,0,0,0,-0.03990028381227104,-0.9647074411858523,-0.953949966942935,0,0,0,0,97,False,False,
109,7,1390.2246256166002,874.941294219305,0.31495162239999996,111.39241790771484,7.954387187957764,0,3,0,2,2,-0.23699282383338036,-0.9923130068166405,-0.873453015688213,0,0,0,0,97,False,False,
110,0,1391.9124215770603,869.5993242121702,1.2641815565618604,109.25641632080078,7.867780685424805,0,3,0,2,2,0.528272463222091,-0.9833817098186616,-0.495167105121581,0,0,0,0,98,False,False,
110,1,1450.2609250471264,868.282652234334,-0.13791096259406177,54.02002716064453,4.199845314025879,0,2,0,1,1,0.15953051848362823,-0.9264395889574146,-0.5410812930515101,0,0,0,0,98,False,False,
110,2,1401.3140893332886,873.4950166912695,0.15539908106942166,101.21804809570312,7.964066028594971,0,3,0,2,2,-0.07295837419149476,-0.9631378276686731,-0.9905733658449739,0,0,0,0,98,False,False,
110,3,1451.9914319064023,871.0310207932737,0.26472677911565146,51.180355072021484,4.43532133102417,0,2,0,1,1,0.03283919603369441,-0.9225902716957385,-0.8735383740383464,0,0,0,0,98,False,False,
110,4,1445.2652434907338,871.2447307236589,0.0,58.750022888183594,4.507415771484375,0,2,0,1,1,0.05868837979560466,-0.9405316951463452,-0.8876415545030503,1,0,0,0,98,False,False,
110,5,1416.7159286297713,873.4388531319139,1.2136734202658541,87.53446197509766,7.87968111038208,0,3,0,2,2,0.01601234656007667,-0.9220764506056527,-0.9193413617063804,0,0,0,0,98,False,False,
110,6,1471.3419423091036,871.6051829782677,-0.11325967785237631,36.585243225097656,1.064728856086731,0,1,0,0,0,-0.039951155650122576,-0.9644059733404444,-0.9544119268484085,0,0,0,0,98,False,False,
110,7,1389.8815469309072,874.9541353934422,0.3433189192719114,111.73567962646484,7.963473796844482,0,3,0,2,2,-0.2664065021686055,-0.9931583467886341,-0.8736437284252911,0,0,0,0,98,False,False,
111,0,1390.3595808056625,869.531264272684,1.5543315658758146,110.81076049804688,7.86573600769043,0,3,0,2,2,0.6654872175346642,-0.9858522970679436,-0.47915569671795144,0,0,0,0,99,False,False,
111,1,1450.3975560464557,868.295819893395,-0.13726404198796366,54.157379150390625,4.210624694824219,0,2,0,1,1,0.15809789496575807,-0.9260846111194093,-0.5428964300771038,0,0,0,0,99,False,False,
111,2,1401.3140893332886,873.4950166912695,0.0,101.21804809570312,7.96311616897583,0,3,0,2,2,-0.07295837419149476,-0.9631378276686731,-0.9905733658449739,1,0,0,0,99,False,False,
111,3,1451.7729549059582,871.0309920230907,0.21847700233847525,51.398860931396484,4.442579746246338,0,2,0,1,1,0.03255806556939736,-0.9231722017655956,-0.8731649812823374,0,0,0,0,99,False,False,
111,4,1445.0637893099015,871.237112808895,0.20159816368245137,58.95158386230469,4.521488666534424,0,2,0,1,1,0.060460861911627084,-0.9410667861340855,-0.886382768967706,0,0,0,0,99,False,False,
111,5,1415.6057008168852,873.4324201212344,1.1102464501777505,88.64470672607422,7.897250175476074,0,3,0,2,2,0.01654286816589345,-0.9250361519706295,-0.9257287662099395,0,0,0,0,99,False,False,
111,6,1471.3949171393394,871.6002877314842,-0.05320052706114997,36.63844680786133,1.0563830137252808,0,1,0,0,0,-0.03966971556860541,-0.9642643728638229,-0.9546319475722496,1,0,0,0,99,False,False,
111,7,1389.8205837573134,874.9563843160385,0.061004640704327415,111.7967529296875,7.960300922393799,0,3,0,2,2,-0.2723385343522169,-0.9933069283926633,-0.8736875939270592,1,0,0,0,99,False,False,
112,0,1388.7460051869375,869.4805713286477,1.6143717204902168,112.42520141601562,7.864428997039795,0,3,0,2,2,0.8487361956318605,-0.9874986209443308,-0.4649167461648488,0,0,0,0,100,False,False,
112,1,1450.6692192035814,868.321967545093,-0.2729186153944851,54.430240631103516,4.215444564819336,0,2,0,1,1,0.15649527244105077,-0.9253790587876356,-0.5464971460124044,0,0,0,0,100,False,False,
112,2,1401.3182880191785,873.4943771724456,-0.0042471104915487055,101.22224426269531,7.962119102478027,0,3,0,2,2,-0.07294273875876721,-0.963126707867303,-0.990624546730295,2,0,0,0,100,False,False,
112,3,1451.3505083363307,871.031723933377,0.42244720366290717,51.821346282958984,4.454809665679932,0,2,0,1,1,0.03183793505721692,-0.9242974431567827,-0.8725283669295338,0,0,0,0,100,False,False,
112,4,1445.0637893099015,871.237112808895,0.0,58.95158386230469,4.520363807678223,0,2,0,1,1,0.060460861911627084,-0.9410667861340855,-0.886382768967706,1,0,0,0,100,False,False,
112,5,1414.9332955444388,873.4278146808849,0.6724210440598202,89.31708526611328,7.914773464202881,0,3,0,2,2,0.017636955055234518,-0.9268284893869955,-0.9296911045393377,0,0,0,0,100,False,False,
112,6,1471.1333987902515,871.6243699149983,0.2626248245549214,36.901031494140625,1.067975640296936,0,1,0,0,0,-0.04025681624299769,-0.9649632189267315,-0.9535619130469981,0,0,0,0,100,False,False,
112,7,1389.58324671344,874.9649400574592,0.2374912063758435,112.03421020507812,7.970037460327148,0,3,0,2,2,-0.29909120120571264,-0.9938776343078792,-0.8738630702272248,0,0,0,0,100,False,False,
113,0,1386.8943858215962,869.4457256309431,1.8519472175944212,114.27709197998047,7.859964370727539,0,3,0,2,2,1.0,-0.9877484073192945,-0.45214163700278187,0,0,0,1,101,False,False,
113,1,1450.645876923917,868.3197245473654,0.023449798692941934,54.45366668701172,4.212800979614258,0,2,0,1,1,0.15652531101491213,-0.925439635640015,-0.5461825264539419,1,0,0,0,101,False,False,
113,2,1401.1776732352903,873.5156408822678,0.14221344100799416,101.36446380615234,7.977362632751465,0,3,0,2,2,-0.07300982743650321,-0.9635035029993445,-0.9887935711712549,0,0,0,0,101,False,False,
113,3,1450.6205521567583,871.036746412512,0.7299734580054976,52.55122375488281,4.473519802093506,0,2,0,1,1,0.02931450073289107,-0.9262417658910707,-0.8718769163464156,0,0,0,0,101,False,False,
113,4,1445.1168743993976,871.2390853711258,-0.053121725579738995,59.00459671020508,4.519134998321533,0,2,0,1,1,0.05990070628083623,-0.9409260370780703,-0.8867120460928231,2,0,0,0,101,False,False,
113,5,1414.0386396058973,873.4196342482363,0.8946933373207093,90.21177673339844,7.935157299041748,0,3,0,2,2,0.019741098643719902,-0.9292132217996019,-0.9351992694400069,0,0,0,0,101,False,False,
113,6,1470.7245142171835,871.661690247557,0.4105842195157315,37.31166458129883,1.0854638814926147,0,1,0,0,0,-0.041023547885456285,-0.9660560424072274,-0.9519414014926334,0,0,0,0,101,False,False,
113,7,1389.035182046021,874.9833856882514,0.5483749820776285,112.5826187133789,7.979739189147949,0,3,0,2,2,-0.38411822904448056,-0.9951383388673023,-0.874427304358147,0,0,0,0,101,False,False,
114,0,1384.766463146285,869.4420961382338,2.1279257706321375,116.40502166748047,7.857205390930176,0,3,0,2,2,1.0,-0.9858272773699884,-0.44461546606402413,0,0,0,2,102,False,False,
114,1,1450.309446872593,868.2870612552775,0.3380119377830666,54.79167175292969,4.212979316711426,0,2,0,1,1,0.15905637725910665,-0.9263133396672505,-0.5416961533170895,0,0,0,0,102,False,False,
114,2,1400.980044555193,873.5456251383458,0.19989034696431268,101.56424713134766,7.985802173614502,0,3,0,2,2,-0.07440791221031873,-0.9640326474473468,-0.9861930322702016,0,0,0,0,102,False,False,
114,3,1449.5966668387625,871.0538204804014,1.0240276696463926,53.57529067993164,4.493852138519287,0,2,0,1,1,0.023966353210123102,-0.9289707530976765,-0.872176928364048,0,0,0,0,102,False,False,
114,4,1445.3068969010653,871.245608605035,-0.190134435914882,59.19477081298828,4.526612758636475,0,2,0,1,1,0.057607482439002274,-0.9404209961763544,-0.8878173809839891,0,0,0,0,102,False,False,
114,5,1413.6699235248543,873.4161651674393,0.36873240017835274,90.58056640625,7.9528350830078125,0,3,0,2,2,0.020190394535853785,-0.9301961755325016,-0.9374774812323116,0,0,0,0,102,False,False,
114,6,1470.3354346143472,871.6974042066505,0.39071527256731386,37.70233917236328,1.1021769046783447,0,1,0,0,0,-0.04265821915295476,-0.9670955720226327,-0.9503801848337021,0,0,0,0,102,False,False,
114,7,1388.4717593847001,875.0037142709062,0.5637892749623995,113.1463394165039,7.982611179351807,0,3,0,2,2,-0.5332454957611971,-0.9962744282516232,-0.8748446769606665,0,0,0,0,102,False,False,
115,0,1383.0827753458716,869.4713286753913,1.6839415519815726,118.0889892578125,11.077068328857422,0,4,1,3,3,0.09927290753105764,-0.9144986098274234,-0.44251438142410204,0,0,0,0,103,False,False,
115,1,1450.2399831218024,868.2802810153596,0.06979387026993439,54.86145782470703,4.2041335105896,0,2,0,1,1,0.15978378110810354,-0.9264936266899323,-0.5407666449068622,1,0,0,0,103,False,False,
115,2,1400.4745231019074,873.6231831660851,0.5114363962397865,102.07576751708984,7.998543739318848,0,3,0,2,2,-0.07843088791899788,-0.9653867773537185,-0.9794692996801891,0,0,0,0,103,False,False,
115,3,1448.416948356219,871.0717387403877,1.1798545512458203,54.7551155090332,4.5091400146484375,0,2,0,1,1,0.02606804485343193,-0.9321144237915293,-0.8723013211505871,0,0,0,0,103,False,False,
115,4,1445.1791029541237,871.2410096145509,0.1278766733552596,59.32265853881836,4.53753662109375,0,2,0,1,1,0.05899881917566745,-0.940760585248532,-0.8870488485312933,0,0,0,0,103,False,False,
115,5,1412.9927170524052,873.4084128781927,0.6772508429787886,91.25785827636719,7.9710187911987305,0,3,0,2,2,0.022058871103697204,-0.9320012274442687,-0.9418352629866183,0,0,0,0,103,False,False,
115,6,1470.269922526434,871.7034515739506,0.06579060961873467,37.76816940307617,1.1009762287139893,0,1,0,0,0,-0.04321534821706936,-0.9672707171698158,-0.9501090234238635,1,0,0,0,103,False,False,
115,7,1387.953807978578,875.0250116182449,0.5183890779207709,113.66471862792969,11.200465202331543,0,4,1,3,3,-0.026599085470187824,-0.90278969063705,-0.8749104823598651,0,0,0,0,103,False,False,
116,0,1381.4129908325117,869.4996427871581,1.670024553706318,119.75902557373047,11.091657638549805,0,4,0,3,3,0.10497384838215282,-0.9188947707607638,-0.44035475227611787,0,0,0,0,104,False,False,
116,1,1450.1065766661836,868.2671408373742,0.13405202974314587,54.99552536010742,4.217789649963379,0,2,0,1,1,0.161119210328329,-0.926839816197988,-0.5389588545309618,0,0,0,0,104,False,False,
116,2,1399.6668526951016,873.7481965207952,0.8172880917311381,102.89299774169922,8.016319274902344,0,3,0,2,2,-0.08458696072982959,-0.9675480638669853,-0.9685845788906113,0,0,0,0,104,False,False,
116,3,1447.6525419299753,871.0869584227605,0.7645579266571374,55.51967239379883,4.519570827484131,0,2,0,1,1,0.02377586092049897,-0.9341518660847413,-0.8728210608836584,0,0,0,0,104,False,False,
116,4,1445.1791029541237,871.2410096145509,0.0,59.32265853881836,4.536173343658447,0,2,0,1,1,0.05899881917566745,-0.940760585248532,-0.8870488485312933,1,0,0,0,104,False,False,
116,5,1412.012869474799,873.4004619240957,0.9798798360063888,92.23774719238281,7.988262176513672,0,3,0,2,2,0.020733427708384825,-0.9346129377796127,-0.9477461786558844,0,0,0,0,104,False,False,
116,6,1469.8920494061306,871.7400646526173,0.37964274334851705,38.14774703979492,1.1178334951400757,0,1,0,0,0,-0.0475781105045349,-0.9682801850425132,-0.9483570082692974,0,0,0,0,104,False,False,
116,7,1387.4324243508136,875.0471491668012,0.5218533877985603,114.1866683959961,11.215057373046875,0,4,0,3,3,-0.027848978093958168,-0.9041802561568135,-0.8747248579638197,0,0,0,0,104,False,False,
117,0,1379.470144129696,869.5403368106928,1.9432728357574145,121.70232391357422,11.108646392822266,0,4,0,3,3,0.10939023388735146,-0.9240054303324282,-0.43876610359885215,0,0,0,0,105,False,False,
117,1,1449.877793903896,868.2443176505176,0.22991835546172348,55.22542190551758,4.232862949371338,0,2,0,1,1,0.16326805603689662,-0.9274329821932198,-0.5358337269651088,0,0,0,0,105,False,False,
117,2,1398.6505044856597,873.8991683076669,1.0274999577941004,103.9205093383789,8.031641960144043,0,3,0,2,2,-0.08812260980717307,-0.9702640838104813,-0.9556422298230984,0,0,0,0,105,False,False,
117,3,1446.6753911225346,871.1033531133093,0.9772883332773898,56.49698257446289,4.528435230255127,0,2,0,1,1,0.02683195767793494,-0.9367557984487788,-0.8731064367742754,0,0,0,0,105,False,False,
117,4,1445.31687178586,871.2458105985622,-0.13785245897500004,59.4605598449707,4.545947074890137,0,2,0,1,1,0.0579165151640887,-0.9403943729535096,-0.8878612822184893,0,0,0,0,105,False,False,
117,5,1411.560407465274,873.3980091693817,0.45246865755432397,92.69014739990234,8.006693840026855,0,3,0,2,2,0.019375872306169287,-0.9358187880209211,-0.9503320957230149,0,0,0,0,105,False,False,
117,6,1469.2612635712767,871.8011864800984,0.6337402048529682,38.78156280517578,1.1293596029281616,0,1,0,0,0,-0.05025822760099301,-0.9699653734964513,-0.9454253734470698,0,0,0,0,105,False,False,
117,7,1386.6055148056953,875.078576755329,0.8275065492963195,115.01416778564453,11.23274040222168,0,4,0,3,3,-0.025608283457616683,-0.9063851823082086,-0.8737072326365508,0,0,0,0,105,False,False,
118,0,1377.2881839356198,869.5596205115729,2.1820454050393385,123.88429260253906,11.125202178955078,0,4,0,3,3,0.12673647465898752,-0.9297178115396645,-0.4338100594329667,0,0,0,0,106,False,False,
118,1,1449.8636465264037,868.2429050678907,0.014217724135142834,55.23965072631836,4.232039928436279,0,2,0,1,1,0.16340810092479563,-0.9274696919406832,-0.5356434859000927,1,0,0,0,106,False,False,
118,2,1397.394135683352,874.0912220808355,1.2709631069390663,105.19145202636719,8.04348373413086,0,3,0,2,2,-0.10243976496523778,-0.9736144378958281,-0.9389861314692396,0,0,0,0,106,False,False,
118,3,1446.1215674164673,871.1138207251453,0.5539226194150688,57.0509147644043,4.539378643035889,0,2,0,1,1,0.026089494439324627,-0.9382317437109634,-0.8734137668554155,0,0,0,0,106,False,False,
118,4,1445.137643462216,871.2396301780719,0.17933485325990267,59.63986587524414,4.557435989379883,0,2,0,1,1,0.05815007643966131,-0.9408705464571464,-0.8868146990852306,0,0,0,0,106,False,False,
118,5,1410.8009731979166,873.3978975337626,0.7594342755626149,93.44954681396484,8.026510238647461,0,3,0,2,2,0.016540540848130073,-0.9378431905355349,-0.9541847595781731,0,0,0,0,106,False,False,
118,6,1468.7325531925312,871.8543819268966,0.5313797325389514,39.31291580200195,1.1407725811004639,0,1,0,0,0,-0.05520000109136447,-0.9713772481980326,-0.9427421347111418,0,0,0,0,106,False,False,
118,7,1385.4788052963788,875.1082446137441,1.1271000400173852,116.14126586914062,11.25289535522461,0,4,0,3,3,-0.01878672402246922,-0.9093895144348556,-0.8739051490923944,0,0,0,0,106,False,False,
119,0,1375.6577714549587,869.5620976216766,1.6304143624152012,125.51478576660156,11.141365051269531,0,4,0,3,3,0.13998716075069587,-0.9339674833390835,-0.4286779815362971,0,0,0,0,107,False,False,
119,1,1449.536329811136,868.2103316423991,0.32893351933474846,55.568538665771484,4.24433708190918,0,2,0,1,1,0.16517487853606982,-0.9283177086193732,-0.5311715487869566,0,0,0,0,107,False,False,
119,2,1396.3576455593666,874.2592710202405,1.0500248678744517,106.24148559570312,8.061115264892578,0,3,0,2,2,-0.12095597049119533,-0.976369440202564,-0.924102512405547,0,0,0,0,107,False,False,
119,3,1445.4919964584922,871.1252498377307,0.6296746904078744,57.68065643310547,4.554760456085205,0,2,0,1,1,0.02730741249462546,-0.9399095514483282,-0.8737066609128392,0,0,0,0,107,False,False,
119,4,1445.137643462216,871.2396301780719,0.0,59.63986587524414,4.550902366638184,0,2,0,1,1,0.05815007643966131,-0.9408705464571464,-0.8868146990852306,1,0,0,0,107,False,False,
119,5,1409.740562999095,873.4015672173474,1.060416548504847,94.50997924804688,8.0457763671875,0,3,0,2,2,0.014922927204828637,-0.9406702648896271,-0.9591140756605439,0,0,0,0,107,False,False,
119,6,1467.8997625543223,871.9367174467232,0.8368508737604051,40.14973831176758,1.1544378995895386,0,1,0,0,0,-0.05866668985311049,-0.9736000463941088,-0.938681166894956,0,0,0,0,107,False,False,
119,7,1384.7837381574932,875.1230618356319,0.6952250553764596,116.83649444580078,11.268503189086914,0,4,0,3,3,-0.015922720638585967,-0.9112428830607963,-0.8744395678317596,0,0,0,0,107,False,False,
120,0,1373.7461167403605,869.5295938050069,1.911931025414714,127.42668151855469,11.158529281616211,0,4,0,3,3,0.16432493753367794,-0.9389098187423591,-0.4184216011854348,0,0,0,0,108,False,False,
120,1,1449.536329811136,868.2103316423991,0.0,55.568538665771484,4.242115497589111,0,2,0,1,1,0.16517487853606982,-0.9283177086193732,-0.5311715487869566,1,0,0,0,108,False,False,
120,2,1395.4678657049603,874.4138336578393,0.903104533400555,107.14457702636719,8.076095581054688,0,3,0,2,2,-0.14252752152810647,-0.9787236420062331,-0.9100981329447442,0,0,0,0,108,False,False,
120,3,1444.558810593027,871.1354855064518,0.9332419988504381,58.61381912231445,4.564121723175049,0,2,0,1,1,0.03325676698864489,-0.9423947313042779,-0.8733405862203379,0,0,0,0,108,False,False,
120,4,1444.8310722983963,871.2284484202794,0.3067750155945992,59.94670867919922,4.564975738525391,0,2,0,1,1,0.060247480199292464,-0.9416851898972128,-0.8849483642012682,0,0,0,0,108,False,False,
120,5,1409.2089682768012,873.4043325159254,0.531601914637821,95.0416030883789,8.064318656921387,0,3,0,2,2,0.01415132970257831,-0.9420875884594637,-0.9614727182592431,0,0,0,0,108,False,False,
120,6,1466.8831440895053,872.043175270141,1.0221772699359302,41.171897888183594,1.1682453155517578,0,1,0,0,0,-0.0695156790599842,-0.97631124394721,-0.933014305785055,0,0,0,0,108,False,False,
120,7,1384.0421535664998,875.1391246858745,0.7417585326483684,117.5782470703125,11.285970687866211,0,4,0,3,3,-0.016508310941061508,-0.9132202358894292,-0.8749886226981403,0,0,0,0,108,False,False,
121,0,1371.6827003289407,869.446717695023,2.065080079929727,129.49169921875,11.177047729492188,0,4,0,3,3,0.19649188456177172,-0.9441792122381422,-0.4016128097213155,0,0,0,0,109,False,False,
121,1,1449.6734927436603,868.2241022773442,-0.13785245897500004,55.70631408691406,4.250485897064209,0,2,0,1,1,0.16489289422695239,-0.9279626412525966,-0.5330598664476278,0,0,0,0,109,False,False,
121,2,1395.0966922116907,874.4798694180754,0.3770019678144204,107.52162170410156,8.088042259216309,0,3,0,2,2,-0.15224862615799692,-0.9797018128700843,-0.9040623027910523,0,0,0,0,109,False,False,
121,3,1443.8874256851611,871.13748767915,0.6713878932521251,59.28520965576172,4.57623291015625,0,2,0,1,1,0.039569447856250245,-0.9441817559450707,-0.8724259283335181,0,0,0,0,109,False,False,
121,4,1444.2150203121546,871.2071363977614,0.6164205156028667,60.56316375732422,4.578657627105713,0,2,0,1,1,0.06076266568685722,-0.9433218065186058,-0.8813400872198826,0,0,0,0,109,False,False,
121,5,1409.197540878202,873.404393143571,0.011427559426812292,95.0530776977539,8.063630104064941,0,3,0,2,2,0.0140928372503699,-0.9421181803666451,-0.9615238982512458,1,0,0,0,109,False,False,
121,6,1465.8657033438903,872.1521741913692,1.0232626425636837,42.19517517089844,1.184041976928711,0,1,0,0,0,-0.08025598424902178,-0.9790208152656166,-0.9270479043295836,0,0,0,0,109,False,False,
121,7,1383.5548794669266,875.1480906692029,0.48735658092594397,118.06551361083984,11.2987699508667,0,4,0,3,3,-0.014653380522660579,-0.9145192703159398,-0.8755376632714282,0,0,0,0,109,False,False,
122,0,1369.7291309265781,869.3692360924185,1.9551053190528904,131.4468536376953,11.190256118774414,0,4,0,3,3,0.21596089143246722,-0.9491228067536016,-0.38582894735488027,0,0,0,0,110,False,False,
122,1,1449.6537840274211,868.2221227973195,0.01980787310551277,55.726070404052734,4.246956825256348,0,2,0,1,1,0.16503874452208342,-0.928013537981899,-0.5327890980978409,1,0,0,0,110,False,False,
122,2,1394.4219517784459,874.6001001404986,0.6853685715509908,108.2069320678711,8.1005220413208,0,3,0,2,2,-0.1673135006007265,-0.9814721042723235,-0.8930758384070954,0,0,0,0,110,False,False,
122,3,1442.9132970918697,871.1345209629195,0.9741331108596429,60.259334564208984,4.590755939483643,0,2,0,1,1,0.0455243013143988,-0.9467730897549334,-0.8703986103454777,0,0,0,0,110,False,False,
122,4,1443.2953365112667,871.1749378142252,0.9202472724204696,61.48340606689453,4.5934929847717285,0,2,0,1,1,0.06378507615204651,-0.9457640029278884,-0.875902280068465,0,0,0,0,110,False,False,
122,5,1408.8713576687987,873.4064527833738,0.32618971199719937,95.37925720214844,8.077437400817871,0,3,0,2,2,0.013657117912233552,-0.9429877889169668,-0.9629301849308952,0,0,0,0,110,False,False,
122,6,1465.3732785174,872.2035665948994,0.49509937273705884,42.69028091430664,1.1982251405715942,0,1,0,0,0,-0.08377229281807609,-0.9803303995104936,-0.9243208322513462,0,0,0,0,110,False,False,
122,7,1382.7613507566548,875.1628087207732,0.7936651907874361,118.8592300415039,11.312772750854492,0,4,0,3,3,-0.015121322159181242,-0.9166352630841315,-0.8764163025644209,0,0,0,0,110,False,False,
123,0,1368.054319421506,869.2838912153139,1.6769845931224197,133.12384033203125,11.200528144836426,0,4,0,3,3,0.2440743359980047,-0.9532975646458056,-0.37001586990678503,0,0,0,0,111,False,False,
123,1,1449.3209641725714,868.1893383224443,0.33443067678513344,56.06056594848633,4.252596855163574,0,2,0,1,1,0.16585266979412205,-0.9288758033227205,-0.5282881174201586,0,0,0,0,111,False,False,
123,2,1394.2616313940875,874.6285304791761,0.16282171169136317,108.36983489990234,8.115275382995605,0,3,0,2,2,-0.17074198672370988,-0.981891339876163,-0.8904826139962767,0,0,0,0,111,False,False,
123,3,1442.0698547284685,871.1242411424959,0.8435050059648147,61.102901458740234,4.606938362121582,0,2,0,1,1,0.053606198074285454,-0.949014976635225,-0.8677271598378271,0,0,0,0,111,False,False,
123,4,1442.6540867494803,871.1523822435482,0.6416463284082091,62.125038146972656,4.611080169677734,0,2,0,1,1,0.06596559727246927,-0.9474661386321859,-0.8721037620220633,0,0,0,0,111,False,False,
123,5,1408.8713576687987,873.4064527833738,0.0,95.37925720214844,8.07524299621582,0,3,0,2,2,0.013657117912233552,-0.9429877889169668,-0.9629301849308952,1,0,0,0,111,False,False,
123,6,1465.0887135999317,872.2324017508569,0.2860221293412098,42.976287841796875,1.2136679887771606,0,1,0,0,0,-0.08515533620263796,-0.9810865217226697,-0.9228472787037606,0,0,0,0,111,False,False,
123,7,1382.0466598547837,875.1776990934625,0.7148460032876032,119.57410430908203,11.332205772399902,0,4,0,3,3,-0.01696469860977206,-0.918540939812842,-0.8770092515187554,0,0,0,0,111,False,False,
124,0,1366.8647961853967,869.2257534591756,1.1909431253980145,134.31483459472656,11.209778785705566,0,4,0,3,3,0.2599426261791412,-0.9562295145066465,-0.35909297405300544,0,0,0,0,112,False,False,
124,1,1448.8538976442392,868.1427405792945,0.46938522724418574,56.52992248535156,4.258389472961426,0,2,0,1,1,0.16959680619838385,-0.9300840511887429,-0.5219059370420136,0,0,0,0,112,False,False,
124,2,1393.79386265193,874.7111782459828,0.4750139466349843,108.8448486328125,8.127809524536133,0,3,0,2,2,-0.18296433921540384,-0.9831096629166222,-0.8829454445226181,0,0,0,0,112,False,False,
124,3,1441.646064954754,871.116573654627,0.4238591306970361,61.526676177978516,4.619331359863281,0,2,0,1,1,0.058663631335219985,-0.9501403511979633,-0.8660803525660047,0,0,0,0,112,False,False,
124,4,1441.709936799911,871.1128176851566,0.9449785614247447,63.06996154785156,4.624960899353027,0,2,0,1,1,0.07377642568878097,-0.9499698237456846,-0.8657364321673257,0,0,0,0,112,False,False,
124,5,1408.785557293632,873.4070824874756,0.08580268589029014,95.46507263183594,8.077007293701172,0,3,0,2,2,0.013055898356469382,-0.9432165913735275,-0.9632817592807624,2,0,0,0,112,False,False,
124,6,1464.6806823055988,872.2736709882471,0.4101130174839796,43.38644790649414,1.222862958908081,0,1,0,0,0,-0.0902363243383282,-0.9821699531588787,-0.9207510465688402,0,0,0,0,112,False,False,
124,7,1381.030390033069,875.2081445696213,1.0167257631960114,120.5907974243164,11.349359512329102,0,4,0,3,3,-0.023553007676724115,-0.9212503228074758,-0.8767381687209271,0,0,0,0,112,False,False,
125,0,1365.6775518434233,869.1787820067799,1.188173154421447,135.50289916992188,11.224675178527832,0,4,0,3,3,0.273203827462696,-0.9591302220731165,-0.34950996988959904,0,0,0,0,113,False,False,
125,1,1448.297355150504,868.0873848769423,0.5592886563446722,57.08918762207031,4.270829200744629,0,2,0,1,1,0.17305186418899185,-0.9315218065108748,-0.514316476288388,0,0,0,0,113,False,False,
125,2,1393.0248888569088,874.8508513070417,0.781555667508714,109.62635040283203,8.141112327575684,0,3,0,2,2,-0.21166051625333213,-0.9850932480074436,-0.8701127627827988,0,0,0,0,113,False,False,
125,3,1441.0488228154495,871.1054010956882,0.597346632227975,62.12406921386719,4.623620986938477,0,2,0,1,1,0.061000435371521965,-0.9517263294711324,-0.8637164322427933,0,0,0,0,113,False,False,
125,4,1441.292118416708,871.0957752882961,0.4181658099762097,63.488155364990234,4.630385398864746,0,2,0,1,1,0.0747286039145504,-0.9510775072996466,-0.8629771791906747,0,0,0,0,113,False,False,
125,5,1408.44742361054,873.409716300448,0.3381439406706276,95.80321502685547,8.090683937072754,0,3,0,2,2,0.012975697269725906,-0.9441181264224656,-0.9646807314701772,0,0,0,0,113,False,False,
125,6,1464.0840673563896,872.3358408727745,0.5998453902147858,43.98623275756836,1.240401029586792,0,1,0,0,0,-0.10120294253241077,-0.98375102092983,-0.9174670369835491,0,0,0,0,113,False,False,
125,7,1379.7191279522954,875.2613434186488,1.3123407949204222,121.90316009521484,11.367070198059082,0,4,0,3,3,-0.031709879131293896,-0.9247457961365697,-0.8747248579638197,0,0,0,0,113,False,False,
126,0,1364.2240427370575,869.1464080176432,1.4538695943795075,136.95687866210938,11.239546775817871,0,4,0,3,3,0.2886707062844563,-0.9626510022515181,-0.34079061156485013,0,0,0,0,114,False,False,
126,1,1447.4376478916333,867.9991433772515,0.864224006391095,57.95344543457031,4.2848029136657715,0,2,0,1,1,0.18106694310661547,-0.9337369517494258,-0.5022623107265773,0,0,0,0,114,False,False,
126,2,1392.7716974739872,874.8975746300702,0.2574663964492148,109.88380432128906,8.155223846435547,0,3,0,2,2,-0.22353684802009183,-0.9857397455410909,-0.8657915463331185,0,0,0,0,114,False,False,
126,3,1440.1963326606274,871.090269567686,0.8526244350289133,62.976741790771484,4.638055324554443,0,2,0,1,1,0.0633714882183963,-0.9539893969023652,-0.8604449719929705,0,0,0,0,114,False,False,
126,4,1440.5667783937579,871.0707482004073,0.7257716610763192,64.21392822265625,4.646299362182617,0,2,0,1,1,0.07363972516449799,-0.9530004800351514,-0.8587396059199932,0,0,0,0,114,False,False,
126,5,1407.8002149482218,873.413735320656,0.6472211408036488,96.45044708251953,8.109420776367188,0,3,0,2,2,0.014426432459682005,-0.9458436424017731,-0.9674713720785919,0,0,0,0,114,False,False,
126,6,1463.6592759665352,872.3793940561367,0.4270182720625626,44.413265228271484,1.2513796091079712,0,1,0,0,0,-0.10765898452588721,-0.9848746543027032,-0.9152019248107852,0,0,0,0,114,False,False,
126,7,1378.2589396352,875.3161620609987,1.4612169602530274,123.36439514160156,11.38208293914795,0,4,0,3,3,-0.03141031595467136,-0.928637923124734,-0.8730191917358938,0,0,0,0,114,False,False,
127,0,1362.48442038092,869.1513030812647,1.739629243149492,138.69650268554688,11.253334999084473,0,4,0,3,3,0.30969005125523,-0.9668148666362796,-0.3355858675844433,0,0,0,0,115,False,False,
127,1,1446.8488187375622,867.9376980319403,0.5920264378763143,58.54539108276367,4.299171447753906,0,2,0,1,1,0.18652504435456446,-0.9352497492825351,-0.4938822704246295,0,0,0,0,115,False,False,
127,2,1392.639148575737,874.9220592321306,0.13479134306542886,110.01861572265625,8.163676261901855,0,3,0,2,2,-0.22930500044140242,-0.9860767415661871,-0.8635352672916978,0,0,0,0,115,False,False,
127,3,1439.044884496337,871.066195467748,1.1516998034797974,64.12835693359375,4.6558074951171875,0,2,0,1,1,0.0700460443608626,-0.9570430512942805,-0.8555852346862947,0,0,0,0,115,False,False,
127,4,1439.5436738502149,871.0484991087739,1.0233464364998957,65.23724365234375,4.665589809417725,0,2,0,1,1,0.06955393542430038,-0.9557139934542053,-0.8543191239408962,0,0,0,0,115,False,False,
127,5,1407.3002470196607,873.4182049089569,0.499987906662894,96.95034790039062,8.12210464477539,0,3,0,2,2,0.013009190880432205,-0.947176430991782,-0.9694711294104625,0,0,0,0,115,False,False,
127,6,1463.6592759665352,872.3793940561367,0.0,44.413265228271484,1.2484599351882935,0,1,0,0,0,-0.10765898452588721,-0.9848746543027032,-0.9152019248107852,1,0,0,0,115,False,False,
127,7,1376.6314976723827,875.3734357338208,1.628449451452869,124.99284362792969,11.398869514465332,0,4,0,3,3,-0.03185341475108569,-0.9329753500495758,-0.8715768614495049,0,0,0,0,115,False,False,
128,0,1361.2867330165368,869.1610212912395,1.1977267912209784,139.89418029785156,11.260041236877441,0,4,0,3,3,0.3372927618174379,-0.9696100440788973,-0.33275972293354183,0,0,0,0,116,False,False,
128,1,1446.09314169926,867.8585584440003,0.7598097528962898,59.30525588989258,4.314442157745361,0,2,0,1,1,0.1926988727735837,-0.9371867889838872,-0.4831091090109031,0,0,0,0,116,False,False,
128,2,1392.544888305735,874.9394135505764,0.09584451402964014,110.11443328857422,8.158007621765137,0,3,0,2,2,-0.23311029753186732,-0.986315635725836,-0.8619315679877257,1,0,0,0,116,False,False,
128,3,1437.9745128405161,871.0375424170398,1.0707550975361944,65.19917297363281,4.675202369689941,0,2,0,1,1,0.07901583628254104,-0.9598780464263919,-0.8503157144093699,0,0,0,0,116,False,False,
128,4,1438.3118606179962,871.0429495647403,1.2318257330109135,66.46907043457031,4.684886455535889,0,2,0,1,1,0.0632649476686917,-0.9589838488467424,-0.8515452348372297,0,0,0,0,116,False,False,
128,5,1406.7635634451512,873.4260132881504,0.5367403747938218,97.48714447021484,8.141188621520996,0,3,0,2,2,0.009701313130224775,-0.9486077361339358,-0.9712509231908633,0,0,0,0,116,False,False,
128,6,1463.7513544348028,872.3699477475077,-0.09256174731072812,44.50579071044922,1.2468936443328857,0,1,0,0,0,-0.10597489280077828,-0.9846313924759749,-0.9156931069444649,2,0,0,0,116,False,False,
128,7,1374.7228218829146,875.444926019182,1.910014170157687,126.90287780761719,11.421010971069336,0,4,0,3,3,-0.03602981409728222,-0.9380612253490687,-0.8693587163796442,0,0,0,0,116,False,False,
129,0,1359.79736197116,869.1637901836098,1.4893736192009286,141.38356018066406,11.271258354187012,0,4,0,3,3,0.3890576261913976,-0.9729484766745262,-0.3281401381718997,0,0,0,0,117,False,False,
129,1,1445.8583952806541,867.8335657477193,0.23607311561405017,59.54132843017578,4.324149131774902,0,2,0,1,1,0.19572607599024977,-0.9377870571124306,-0.47970575210082733,0,0,0,0,117,False,False,
129,2,1392.142180468922,875.0119444270454,0.4091874018978167,110.52362823486328,8.167989730834961,0,3,0,2,2,-0.25008413286780573,-0.9873300494510646,-0.8552809490339184,0,0,0,0,117,False,False,
129,3,1436.610194440251,870.9884253875128,1.365202248713089,66.56431579589844,4.695122718811035,0,2,0,1,1,0.09332564272324236,-0.9634828969042795,-0.8420893820272706,0,0,0,0,117,False,False,
129,4,1437.611946150631,871.0403420395544,0.6999193245044425,67.16902923583984,4.697366714477539,0,2,0,1,1,0.06575639599213522,-0.9608408974352688,-0.8500303385187531,0,0,0,0,117,False,False,
129,5,1406.045417084829,873.4364290235737,0.7182218893826071,98.20536041259766,8.153770446777344,0,3,0,2,2,0.01010839042550818,-0.9505227410239179,-0.9736461221610059,0,0,0,0,117,False,False,
129,6,1463.979127369699,872.346839499197,-0.22894213463496654,44.7347412109375,1.2556618452072144,0,1,0,0,0,-0.10125717882633076,-0.9840288568578339,-0.9168727230388534,0,0,0,0,117,False,False,
129,7,1372.5389573421187,875.4976844501792,2.1845017245556946,129.0873565673828,11.440936088562012,0,4,0,3,3,-0.03043322335885629,-0.9438804640584755,-0.870310507721529,0,0,0,0,117,False,False,
130,0,1358.328668018371,869.1458691183428,1.4688032855147615,142.8524169921875,11.281413078308105,0,4,0,3,3,0.4589484630048067,-0.9760147081669782,-0.32109758832073654,0,0,0,0,118,False,False,
130,1,1445.8532315153457,867.833015940234,0.0051929529586949175,59.546485900878906,4.317531585693359,0,2,0,1,1,0.19577338735570543,-0.9378001595648072,-0.47962525340224205,1,0,0,0,118,False,False,
130,2,1391.4471599509923,875.1326642632296,0.7054266788205378,111.2291030883789,8.180764198303223,0,3,0,2,2,-0.28739049548353124,-0.989049467235425,-0.8443304246317784,0,0,0,0,118,False,False,
130,3,1434.9579699393812,870.9366402523837,1.6530358439836805,68.21734619140625,4.709918022155762,0,2,0,1,1,0.10270723008683073,-0.9678406160244678,-0.83305791972839,0,0,0,0,118,False,False,
130,4,1437.0751338150674,871.0365330147873,0.5368258491194157,67.7059097290039,4.714685916900635,0,2,0,1,1,0.07047198397977783,-0.962264137353554,-0.848661574780947,0,0,0,0,118,False,False,
130,5,1405.5744224769796,873.4433264533005,0.471045109474693,98.67636108398438,8.170223236083984,0,3,0,2,2,0.010279737687326929,-0.9517785754928694,-0.9751986396863387,0,0,0,0,118,False,False,
130,6,1464.302514653341,872.3139794397938,-0.32505248610858123,45.059776306152344,1.260522723197937,0,1,0,0,0,-0.09615465665107448,-0.9831725183340525,-0.918558993539865,0,0,0,0,118,False,False,
130,7,1370.435905391213,875.5190963108465,2.103160948663896,131.19049072265625,11.46300220489502,0,4,0,3,3,-0.023929162983775617,-0.9494852612318134,-0.8747394797977425,0,0,0,0,118,False,False,
131,0,1357.3964381307592,869.1287163270125,0.9323876777430593,143.78469848632812,11.286297798156738,0,4,0,3,3,0.5103486290407343,-0.9778104457170506,-0.3159436134059148,0,0,0,0,119,False,False,
131,1,1445.8121693763653,867.8286336841983,0.04129531965743934,59.58785629272461,4.313246726989746,0,2,0,1,1,0.19627250033840432,-0.9379052880040706,-0.47903254743048496,2,0,0,0,119,False,False,
131,2,1390.8232887302054,875.239225643271,0.6329064921792164,111.86203002929688,8.191717147827148,0,3,0,2,2,-0.3349204179700652,-0.9905419579983512,-0.8347350140638315,0,0,0,0,119,False,False,
131,3,1433.447632211165,870.9091333323521,1.510588191375475,69.72797393798828,4.729736328125,0,2,0,1,1,0.10779346783995657,-0.9718185038559314,-0.8271662354154711,0,0,0,0,119,False,False,
131,4,1437.01167590126,871.0360916575265,0.06345944863462356,67.7692642211914,4.709407329559326,0,2,0,1,1,0.070700550884714,-0.9624320374626165,-0.8484932879064542,1,0,0,0,119,False,False,
131,5,1405.2657809320926,873.4479206908394,0.30867573641076307,98.98511505126953,8.188874244689941,0,3,0,2,2,0.010300714559329549,-0.9526018065034844,-0.976209484727716,0,0,0,0,119,False,False,
131,6,1464.387454682174,872.3053091345971,-0.08538139545803529,45.145179748535156,1.258960247039795,0,1,0,0,0,-0.09516411689250567,-0.9829473517466237,-0.9190063387579622,1,0,0,0,119,False,False,
131,7,1368.465117965227,875.5500864482485,1.971031066990501,133.16156005859375,11.47945499420166,0,4,0,3,3,-0.03064566049712312,-0.9547359880603048,-0.8775875500529816,0,0,0,0,119,False,False,
132,0,1356.4322549094425,869.106398447278,0.9644414819079111,144.7491912841797,11.294182777404785,0,4,0,3,3,0.5711187243545478,-0.9795062188759149,-0.3100503997320674,0,0,0,0,120,False,False,
132,1,1445.609117998522,867.8068185032715,0.20421989169263582,59.79202651977539,4.325562953948975,0,2,0,1,1,0.19843333849006892,-0.9384237447372529,-0.47606838867561685,0,0,0,0,120,False,False,
132,2,1390.2579805681087,875.3372039445637,0.5737360592271002,112.43577575683594,8.196773529052734,0,3,0,2,2,-0.39666381043213556,-0.9918266086417049,-0.8258506705690241,0,0,0,0,120,False,False,
132,3,1431.6527892263907,870.8853027815287,1.7950011797059313,71.52293395996094,4.745128631591797,0,2,0,1,1,0.12589936924592976,-0.9765274689146697,-0.8212381608883123,0,0,0,0,120,False,False,
132,4,1436.6343382659725,871.0329277548425,0.37735089940874617,68.14672088623047,4.722235679626465,0,2,0,1,1,0.07357804050314422,-0.9634320449098502,-0.8474613266071183,0,0,0,0,120,False,False,
132,5,1404.6475718047323,873.4577294640193,0.6182869375806743,99.60335540771484,8.208395004272461,0,3,0,2,2,0.010026542725207024,-0.9542502506088677,-0.9781653747711819,0,0,0,0,120,False,False,
132,6,1464.4824727453545,872.2955205177066,-0.09552093671651157,45.24065017700195,1.2573386430740356,0,1,0,0,0,-0.09435633842452439,-0.9826955866567239,-0.9195121355790183,2,0,0,0,120,False,False,
132,7,1366.522913613803,875.608490275818,1.9430822807499613,135.10458374023438,11.499235153198242,0,4,0,3,3,-0.04491083102054619,-0.9599059505273961,-0.8770531456067092,0,0,0,0,120,False,False,
133,0,1355.4908364548699,869.0881008760987,0.9415962551544772,145.69078063964844,11.295398712158203,0,4,0,3,3,0.6343573305430874,-0.9809790358748098,-0.30472810935656724,0,0,0,0,121,False,False,
133,1,1445.609117998522,867.8068185032715,0.0,59.79202651977539,4.3215532302856445,0,2,0,1,1,0.19843333849006892,-0.9384237447372529,-0.47606838867561685,1,0,0,0,121,False,False,
133,2,1389.5967455708733,875.4506428931157,0.6708950116206338,113.1065673828125,8.197317123413086,0,3,0,2,2,-0.4934576025459352,-0.9932008453236183,-0.8156105843439407,0,0,0,0,121,False,False,
133,3,1430.40087225634,870.8789477708937,1.2519330996745777,72.77490234375,4.760598659515381,0,2,0,1,1,0.14050416434229065,-0.9797964569624136,-0.8183325466415062,0,0,0,0,121,False,False,
133,4,1436.5621244258634,871.032346493538,0.0722161794059964,68.21886444091797,4.718473434448242,0,2,0,1,1,0.07375007494170202,-0.9636231601447746,-0.8472784036056099,1,0,0,0,121,False,False,
133,5,1403.7255440964377,873.4672839525527,0.9220772110370834,100.52540588378906,8.225116729736328,0,3,0,2,2,0.014297134192724709,-0.9567084571465656,-0.9816884041739032,0,0,0,0,121,False,False,
133,6,1464.7130632947562,872.2713527822721,-0.23185357644311894,45.472503662109375,1.2662369012832642,0,1,0,0,0,-0.09220042106731575,-0.9820840129596768,-0.9208021872548378,0,0,0,0,121,False,False,
133,7,1364.3694181054411,875.7267416229525,2.156739735256498,137.2613983154297,11.517831802368164,0,4,0,3,3,-0.07083492248826183,-0.9656269642194654,-0.8700540753438089,0,0,0,0,121,False,False,
134,0,1355.0760450895261,869.0816719692347,0.41484118359577254,146.10562133789062,11.298822402954102,0,4,0,3,3,0.6638470211425518,-0.9815604635555087,-0.30257585544446197,0,0,0,0,122,False,False,
134,1,1445.7461937107073,867.8214318387684,-0.13785245897500004,59.92988586425781,4.329686641693115,0,2,0,1,1,0.1967562014233124,-0.9380736191669908,-0.4780518125757034,0,0,0,0,122,False,False,
134,2,1388.7563357978675,875.5885146642521,0.8516438292149909,113.95825958251953,8.201616287231445,0,3,0,2,2,-0.6775115102619237,-0.9945992627427368,-0.8033494547985515,0,0,0,0,122,False,False,
134,3,1428.944407947516,870.8789994756789,1.4564643097416956,74.2313232421875,4.776782989501953,0,2,0,1,1,0.16945438249402528,-0.9835693229585912,-0.8158440334284567,0,0,0,0,122,False,False,
134,4,1436.5621244258634,871.032346493538,0.0,68.21886444091797,4.711062431335449,0,2,0,1,1,0.07375007494170202,-0.9636231601447746,-0.8472784036056099,2,0,0,0,122,False,False,
134,5,1403.1445649314146,873.4703982274526,0.5809875118271858,101.1064682006836,8.24329948425293,0,3,0,2,2,0.01813026583619938,-0.9582573525738127,-0.9842523849168765,0,0,0,0,122,False,False,
134,6,1464.8580555499773,872.2559590619483,-0.1458071352830813,45.61833572387695,1.2779090404510498,0,1,0,0,0,-0.09108850678324214,-0.9816991788850321,-0.9216302790251836,0,0,0,0,122,False,False,
134,7,1361.9555920122134,875.9239407469297,2.421867854125024,139.68325805664062,11.535513877868652,0,4,0,3,3,-0.10800566090702862,-0.9720098362878612,-0.8544535075992944,0,0,0,0,122,False,False,
135,0,1354.3535497101345,869.0772711032588,0.7225087825511926,146.8281707763672,11.301836013793945,0,4,0,3,3,0.7180518227554078,-0.9824685626252476,-0.29963999701331534,0,0,0,0,123,False,False,
135,1,1445.9101727315826,867.8390052709539,-0.16491799418502,60.094764709472656,4.335834980010986,0,2,0,1,1,0.19574111400292446,-0.937654708852459,-0.48044499085985304,0,0,0,0,123,False,False,
135,2,1388.43406021841,875.6402541175012,0.3264023899072927,114.28465270996094,11.417267799377441,0,4,1,3,3,-0.11237561705670614,-0.9014943170304278,-0.7987790239830093,0,0,0,0,123,False,False,
135,3,1427.20705330596,870.8648065843522,1.737412613255808,75.96881103515625,4.786303997039795,0,2,0,1,1,0.24120232065131214,-0.98796362028171,-0.8111674478127737,0,0,0,0,123,False,False,
135,4,1436.2471797691796,871.0302518148543,0.31495162239999996,68.5338134765625,4.717514514923096,0,2,0,1,1,0.07457696960319456,-0.9644574043645767,-0.8464879098158444,0,0,0,0,123,False,False,
135,5,1402.4548296378969,873.471675770565,0.6897364766637035,101.7961654663086,8.260894775390625,0,3,0,2,2,0.02130182102997493,-0.9600955646595236,-0.9875920080328897,0,0,0,0,123,False,False,
135,6,1465.051788636507,872.2352118401878,-0.19484084794272769,45.81317138671875,1.2873841524124146,0,1,0,0,0,-0.08914611005343431,-0.9811848531636829,-0.9227669157895567,0,0,0,0,123,False,False,
135,7,1359.5383703883285,876.15852811167,2.4285781047091093,142.11184692382812,11.555120468139648,0,4,0,3,3,-0.15271410767876054,-0.9783429737257716,-0.8343869915475223,0,0,0,0,123,False,False,
136,0,1353.5650097920923,869.0750528525557,0.7885430381292671,147.6166229248047,11.298852920532227,0,4,0,3,3,0.7882864440785903,-0.9832680225255445,-0.29675570806094986,0,0,0,0,124,False,False,
136,1,1445.9518387642668,867.8434619046982,-0.04190369749760696,60.136627197265625,4.326812267303467,0,2,0,1,1,0.19526595828701387,-0.9375482941583736,-0.48104524358460243,1,0,0,0,124,False,False,
136,2,1388.43406021841,875.6402541175012,0.0,114.28465270996094,11.407355308532715,0,4,0,3,3,-0.11237561705670614,-0.9014943170304278,-0.7987790239830093,1,0,0,0,124,False,False,
136,3,1425.1915577135994,870.8084214789152,2.0162841473711026,77.98509979248047,4.794592380523682,0,2,0,1,1,0.4362909607518336,-0.9926174880872197,-0.8009503734670801,0,0,0,0,124,False,False,
136,4,1436.2471797691796,871.0302518148543,0.0,68.5338134765625,4.717916011810303,0,2,0,1,1,0.07457696960319456,-0.9644574043645767,-0.8464879098158444,1,0,0,0,124,False,False,
136,5,1401.5254308568444,873.4710189748221,0.9293990131274411,102.7256088256836,8.281170845031738,0,3,0,2,2,0.024449724252220525,-0.9625723653466415,-0.9923750941628953,0,0,0,0,124,False,False,
136,6,1465.1580320091125,872.2237337413743,-0.10686159728810223,45.92011260986328,1.2983413934707642,0,1,0,0,0,-0.08840572280758781,-0.9809024603082092,-0.9234042162108143,0,0,0,0,124,False,False,
136,7,1356.866630527078,876.4067874441316,2.6832492583337166,144.79510498046875,11.573037147521973,0,4,0,3,3,-0.2221973366276163,-0.9852055903394655,-0.8135222920220644,0,0,0,0,124,False,False,
137,0,1352.7334460083973,869.077339249363,0.8315669269297419,148.4482879638672,11.296607971191406,0,4,0,3,3,0.867541407410748,-0.9838673777881152,-0.2942591621297531,0,0,0,0,125,False,False,
137,1,1446.1299275611643,867.862418629921,-0.17909488270633458,60.31573486328125,4.333596706390381,0,2,0,1,1,0.1934837971645657,-0.9370927418709938,-0.4836286915199538,0,0,0,0,125,False,False,
137,2,1388.5701792978723,875.6184619938828,-0.13785245897500004,114.42249298095703,11.412697792053223,0,4,0,3,3,-0.11168289220092523,-0.9011324019754547,-0.8007050468224568,0,0,0,0,125,False,False,
137,3,1423.3406300398638,870.7284626350497,1.8526539531475275,79.83777618408203,4.7926201820373535,0,2,0,1,1,0.9065707698160004,-0.9951893708286054,-0.7882008918203831,0,0,0,1,125,False,False,
137,4,1436.2790625375517,871.0304626821874,-0.031883465685150846,68.565673828125,4.709645748138428,0,2,0,1,1,0.0743772667802874,-0.9643730140239444,-0.846561090450922,2,0,0,0,125,False,False,
137,5,1400.3713263294458,873.4586490141876,1.1541708175518763,103.87973022460938,8.298192024230957,0,3,0,2,2,0.03358127872229362,-0.9656460911047378,-0.9996922930502024,0,0,0,0,125,False,False,
137,6,1465.2868810913565,872.2096288199408,-0.12961880574894907,46.04966735839844,1.3114838600158691,0,1,0,0,0,-0.08772505543962679,-0.9805603181585496,-0.9241957819825388,0,0,0,0,125,False,False,
137,7,1354.1428000466456,876.7033961198176,2.7399323335850805,147.5349578857422,11.581783294677734,0,4,0,3,3,-0.43352813694253506,-0.9916154741653801,-0.7870500548683246,0,0,0,0,125,False,False,
138,0,1351.7344043049952,869.0858004771384,0.9990775332836683,149.4473419189453,11.294266700744629,0,4,0,3,3,0.9693927752743295,-0.9842164618477555,-0.2919459108204773,0,0,0,1,126,False,False,
138,1,1446.2799943990874,867.8783427332864,-0.15090935329602173,60.46672439575195,4.3440656661987305,0,2,0,1,1,0.19206414991168685,-0.9367084011924142,-0.48579500983536306,0,0,0,0,126,False,False,
138,2,1388.6674844880652,875.602834401174,-0.09855212677732697,114.52102661132812,11.405125617980957,0,4,0,3,3,-0.11170275453326137,-0.9008736823618388,-0.8020820719678947,1,0,0,0,126,False,False,
138,3,1421.215339094628,870.6095597049737,2.12861445750083,81.96634674072266,8.01420783996582,0,3,1,2,2,0.09938417708554223,-0.9096389971934008,-0.7645071604392805,0,0,0,0,126,False,False,
138,4,1436.44829131415,871.0317341587937,-0.16923355306140872,68.73487091064453,4.7148590087890625,0,2,0,1,1,0.07401417877937824,-0.9639249167766607,-0.8470076638420085,0,0,0,0,126,False,False,
138,5,1399.339265198868,873.4406526697725,1.032218022348835,104.91199493408203,8.315364837646484,0,3,0,2,2,0.041153560775023836,-0.9683934979145988,-0.9929246926134612,0,0,0,0,126,False,False,
138,6,1465.2205907845241,872.2168802166364,0.06668573711039999,46.11634063720703,1.3083012104034424,0,1,0,0,0,-0.08847714151655357,-0.9807364351986203,-0.9237931169724989,1,0,0,0,126,False,False,
138,7,1351.2289049574176,877.0234256163651,2.9314166318840735,150.4664306640625,14.802218437194824,0,5,1,4,4,-0.07909837314948996,-0.9060459458964006,-0.7589770342015415,0,0,0,0,126,False,False,
139,0,1351.1091788521394,869.0897391943553,0.62523785905218,150.07260131835938,11.283487319946289,0,4,0,3,3,1.0,-0.9842048292030143,-0.29001245557277966,0,0,0,2,127,False,False,
139,1,1446.4537000414994,867.8967891222536,-0.17468233875142652,60.64140701293945,4.353288650512695,0,2,0,1,1,0.1907319923502554,-0.9362634729736904,-0.48830550582512133,0,0,0,0,127,False,False,
139,2,1388.6991092195535,875.5977532012845,-0.032030333030254356,114.55304718017578,11.399839401245117,0,4,0,3,3,-0.11164939530726012,-0.900789601523318,-0.8025287025313524,2,0,0,0,127,False,False,
139,3,1419.6393261425235,870.5263367796883,1.5782087569438157,83.54459381103516,8.031723022460938,0,3,0,2,2,0.10212633220617767,-0.9137961243684475,-0.7465617393573345,0,0,0,0,127,False,False,
139,4,1436.2998457363326,871.0306124292224,0.14844981593390202,68.88331604003906,4.727691650390625,0,2,0,1,1,0.07486009968825884,-0.9643180643705515,-0.846619634958984,0,0,0,0,127,False,False,
139,5,1398.83543067646,873.4326317600203,0.503898363723629,105.41584014892578,8.326420783996582,0,3,0,2,2,0.04197265448769814,-0.9697342928496551,-0.9894083572914155,0,0,0,0,127,False,False,
139,6,1465.2205907845241,872.2168802166364,0.0,46.11634063720703,1.3044434785842896,0,1,0,0,0,-0.08847714151655357,-0.9807364351986203,-0.9237931169724989,2,0,0,0,127,False,False,
139,7,1348.079147439393,877.4386073670981,3.1770030387921993,153.64344787597656,14.820762634277344,0,5,0,4,4,-0.1020557882252231,-0.9144191205383629,-0.7251883629526237,0,0,0,0,127,False,False,
140,0,1350.982268474884,869.0905270999464,0.1269128230335629,150.19943237304688,11.272866249084473,0,4,0,3,3,1.0,-0.9841810184698504,-0.2894708045284634,0,0,0,3,128,False,False,
140,1,1446.7377601581923,867.9266506015379,-0.2856253802459738,60.92702865600586,4.358510971069336,0,2,0,1,1,0.18784662231952326,-0.935535106502876,-0.492367431278524,0,0,0,0,128,False,False,
140,2,1388.4945936711076,875.63074670132,0.20715979484626243,114.7601547241211,11.414700508117676,0,4,0,3,3,-0.11267841326824359,-0.9013333190104993,-0.7996137691880483,0,0,0,0,128,False,False,
140,3,1418.1880406741511,870.4511331705075,1.4532326357271679,84.99784088134766,8.04904842376709,0,3,0,2,2,0.1062551040429955,-0.9176199705313117,-0.7301987208711057,0,0,0,0,128,False,False,
140,4,1436.028957709379,871.0282436650497,0.27089838351404366,69.1541976928711,4.74462366104126,0,2,0,1,1,0.07717541306722447,-0.9650352248362964,-0.8458732639466569,0,0,0,0,128,False,False,
140,5,1398.2661899866746,873.4219128828406,0.5693415997758146,105.98515319824219,8.333165168762207,0,3,0,2,2,0.04613500877463694,-0.9712486853983029,-0.9852479890547498,0,0,0,0,128,False,False,
140,6,1465.357609752094,872.2017440687933,-0.13785245897500004,46.25425720214844,1.316114068031311,0,1,0,0,0,-0.08749132320026547,-0.9803721847009038,-0.9246504381175974,0,0,0,0,128,False,False,
140,7,1345.5079753601067,877.8248724016867,2.6000243341644045,156.24346923828125,14.839695930480957,0,5,0,4,4,-0.12349365550724846,-0.9212328986224904,-0.6919273641032748,0,0,0,0,128,False,False,
141,0,1350.982268474884,869.0905270999464,0.0,150.19943237304688,11.252366065979004,0,4,0,3,3,1.0,-0.9841810184698504,-0.2894708045284634,1,0,0,4,129,False,False,
141,1,1446.967650299334,867.9503567153782,-0.23110918810739695,61.158111572265625,4.36656379699707,0,2,0,1,1,0.18484104485776812,-0.9349449535732164,-0.4956096192743157,0,0,0,0,129,False,False,
141,2,1387.9824190252946,875.7119909454607,0.518578340291695,115.27876281738281,11.426002502441406,0,4,0,3,3,-0.11257246568531325,-0.9026950173013105,-0.7924793576295328,0,0,0,0,129,False,False,
141,3,1416.5444247136477,870.3484059199811,1.6468230972457758,86.64459991455078,8.06552791595459,0,3,0,2,2,0.11935878647262067,-0.9219384453447862,-0.7095796767314052,0,0,0,0,129,False,False,
141,4,1435.557464786298,871.0229017009198,0.47152318404965393,69.62566375732422,4.7617716789245605,0,2,0,1,1,0.08175423870718658,-0.9662824761224034,-0.8444240158033581,0,0,0,0,129,False,False,
141,5,1397.715025929942,873.4105615313815,0.5512809361967237,106.53653717041016,8.346898078918457,0,3,0,2,2,0.04980256163714974,-0.9727147820532502,-0.9810949317350454,0,0,0,0,129,False,False,
141,6,1465.3039982478983,872.207631500248,0.053933804160767325,46.308292388916016,1.3143023252487183,0,1,0,0,0,-0.08772574816549776,-0.9805149174199853,-0.9243135213343848,1,0,0,0,129,False,False,
141,7,1342.6989437481136,878.3381591418242,2.855542308350128,159.09893798828125,14.859109878540039,0,5,0,4,4,-0.1588185240125578,-0.9286342013014376,-0.6446619643534839,0,0,0,0,129,False,False,
142,0,1350.9362819105168,869.0908062141423,0.045987411397406856,150.24545288085938,11.227447509765625,0,4,0,3,3,1.0,-0.984170646538581,-0.28927270226241364,2,0,0,5,130,False,False,
142,1,1446.8805723091969,867.941391516552,0.08753828394671287,61.245609283447266,4.35846471786499,0,2,0,1,1,0.18539400349984717,-0.9351684816871134,-0.49438738832377815,1,0,0,0,130,False,False,
142,2,1387.3254594885548,875.8158869304756,0.6651242054050496,115.94390869140625,11.438543319702148,0,4,0,3,3,-0.11434766155908214,-0.9044407251952313,-0.7829429489486173,0,0,0,0,130,False,False,
142,3,1414.620022819112,870.2316959953145,1.9279377215585134,88.57257080078125,8.080265998840332,0,3,0,2,2,0.12645732345384253,-0.9269852106532339,-0.6858555725281268,0,0,0,0,130,False,False,
142,4,1434.8135619110353,871.0086884362789,0.7440386446387083,70.36969757080078,4.773685455322266,0,2,0,1,1,0.0921051581262178,-0.9682470439608244,-0.8414379314441524,0,0,0,0,130,False,False,
142,5,1396.8705346099305,873.3873634656567,0.8448098838367006,107.38134002685547,8.363658905029297,0,3,0,2,2,0.059044324002606646,-0.9749587007841516,-0.9740415637992779,0,0,0,0,130,False,False,
142,6,1465.219498034537,872.216834280617,0.08499986602707853,46.39326477050781,1.3126153945922852,0,1,0,0,0,-0.08817799087332534,-0.9807393635655245,-0.9238004207429138,2,0,0,0,130,False,False,
142,7,1339.701698232673,878.893716351164,3.0482986226219064,162.14730834960938,14.87462329864502,0,5,0,4,4,-0.18075489025784464,-0.9364740515080939,-0.5932800681220236,0,0,0,0,130,False,False,
143,0,1350.57612047591,869.0936553677182,0.3601727039270232,150.60557556152344,11.215546607971191,0,4,0,3,3,1.0,-0.9840581747733951,-0.28778604909528727,0,0,0,6,131,False,False,
143,1,1446.8805723091969,867.941391516552,0.0,61.245609283447266,4.347731590270996,0,2,0,1,1,0.18539400349984717,-0.9351684816871134,-0.49438738832377815,2,0,0,0,131,False,False,
143,2,1386.6781149726125,875.9211055443072,0.6558398272574434,116.59974670410156,11.45284366607666,0,4,0,3,3,-0.11924341847548653,-0.9061595812439718,-0.7724886664350042,0,0,0,0,131,False,False,
143,3,1413.2397747982043,870.1619220933621,1.382010490775398,89.95458221435547,8.098798751831055,0,3,0,2,2,0.1263874254459059,-0.9306018078272617,-0.6705107367997857,0,0,0,0,131,False,False,
143,4,1434.5930451042725,871.0045138318613,0.22055631794823136,70.59031677246094,4.777689456939697,0,2,0,1,1,0.09372245858864339,-0.9688291273099212,-0.8405669532488943,0,0,0,0,131,False,False,
143,5,1395.9719714551377,873.3606335480112,0.8989606396546472,108.2802963256836,8.379351615905762,0,3,0,2,2,0.06688453336000938,-0.9773439627815972,-0.9662923598673738,0,0,0,0,131,False,False,
143,6,1465.0607450641876,872.2339439360493,0.1596723078802022,46.55287551879883,1.328168272972107,0,1,0,0,0,-0.08943373487357273,-0.9811608914921207,-0.9228618933911369,0,0,0,0,131,False,False,
143,7,1336.53776617781,879.4163582989692,3.2068084840530733,165.3541259765625,14.895347595214844,0,5,0,4,4,-0.1940208874132736,-0.9446833300862625,-0.5466879302149463,0,0,0,0,131,False,False,
144,0,1350.5603153095733,869.0937829568987,0.015805681318126055,150.62144470214844,11.195621490478516,0,4,0,3,3,1.0,-0.9840520626951119,-0.28772756175959635,1,0,0,7,132,False,False,
144,1,1446.725167424383,867.9251290030041,0.15625347218831293,61.40185546875,4.361184120178223,0,2,0,1,1,0.1876479599048025,-0.9355672590701919,-0.4921623539831934,0,0,0,0,132,False,False,
144,2,1385.7324498769492,876.0798262679704,0.958892455531917,117.55865478515625,11.467473983764648,0,4,0,3,3,-0.12593874396489405,-0.9086681363091752,-0.7566097264153392,0,0,0,0,132,False,False,
144,3,1411.9483151443214,870.1159920520493,1.2922761339212376,91.24678039550781,8.117175102233887,0,3,0,2,2,0.12293102592642463,-0.9339867634118713,-0.6584689204701444,0,0,0,0,132,False,False,
144,4,1434.4399832605861,871.001642289432,0.15308877734383144,70.74342346191406,4.789376258850098,0,2,0,1,1,0.09485166058357335,-0.9692329390278484,-0.8399596111501217,0,0,0,0,132,False,False,
144,5,1395.451637353257,873.3439747635737,0.5206007036864938,108.80082702636719,8.395219802856445,0,3,0,2,2,0.07277674793541059,-0.9787235353098682,-0.9616628163933313,0,0,0,0,132,False,False,
144,6,1465.0607450641876,872.2339439360493,0.0,46.55287551879883,1.3269562721252441,0,1,0,0,0,-0.08943373487357273,-0.9811608914921207,-0.9228618933911369,1,0,0,0,132,False,False,
144,7,1333.5878997044006,879.8355417158576,2.97950112400373,168.33358764648438,14.914241790771484,0,5,0,4,4,-0.20918248505646994,-0.9522629474475849,-0.5113985699817838,0,0,0,0,132,False,False,
145,0,1350.5603153095733,869.0937829568987,0.0,150.62144470214844,11.17296314239502,0,4,0,3,3,1.0,-0.9840520626951119,-0.28772756175959635,2,0,0,8,133,False,False,
145,1,1446.2591372291529,867.8765093370334,0.468559510399022,61.870445251464844,4.3679609298706055,0,2,0,1,1,0.19109685498935708,-0.9367620470086137,-0.4855388776125915,0,0,0,0,133,False,False,
145,2,1384.4968335278977,876.3037458088199,1.2557419013545323,118.81437683105469,11.482213020324707,0,4,0,3,3,-0.13927126775241352,-0.9119398040722448,-0.7338857099144782,0,0,0,0,133,False,False,
145,3,1410.3670484972088,870.0754261500036,1.5817869014754782,92.82859802246094,8.13321590423584,0,3,0,2,2,0.12453399183610322,-0.9381296060403429,-0.6456143131259875,0,0,0,0,133,False,False,
145,4,1433.9745993369977,870.9938250689022,0.46544957328508835,71.20882415771484,4.805500030517578,0,2,0,1,1,0.09752032990473809,-0.9704600509937559,-0.8382250014092989,0,0,0,0,133,False,False,
145,5,1395.1159243858604,873.3330634245877,0.3358902406987922,109.1366958618164,8.4109525680542,0,3,0,2,2,0.07629114734778632,-0.9796130329364937,-0.958652833982983,0,0,0,0,133,False,False,
145,6,1465.1442879790384,872.22489327419,-0.08403173865782466,46.63685989379883,1.3207381963729858,0,1,0,0,0,-0.08873585290010624,-0.9809391291128033,-0.9233603792952316,2,0,0,0,133,False,False,
145,7,1330.4719227819046,880.1960283395018,3.1367599186666517,171.4703369140625,14.93520450592041,0,5,0,4,4,-0.23251058792575097,-0.9601694855244256,-0.4839899637332781,0,0,0,0,133,False,False,
146,0,1350.6981643015613,869.0928052793622,-0.13785245897500004,150.75926208496094,11.161710739135742,0,4,0,3,3,1.0,-0.9841030840919467,-0.2883057459490802,0,0,0,9,134,False,False,
146,1,1445.6367984368574,867.8109951066103,0.6257776656160825,62.4962043762207,4.378093242645264,0,2,0,1,1,0.19680299572241136,-0.9383536378787108,-0.47661718626632743,0,0,0,0,134,False,False,
146,2,1383.3331147232834,876.5134738174268,1.1824666142463534,119.99681854248047,11.492561340332031,0,4,0,3,3,-0.14375948579541198,-0.9150157638087729,-0.7126259921836221,0,0,0,0,134,False,False,
146,3,1409.3243585131127,870.0452850084332,1.0431255395921184,93.87175750732422,8.148452758789062,0,3,0,2,2,0.13251899855331684,-0.940853982656742,-0.6367220369646822,0,0,0,0,134,False,False,
146,4,1433.3169794548307,870.9808840911595,0.6577471994059209,71.86654663085938,4.817573070526123,0,2,0,1,1,0.10559489573239299,-0.9721913192089984,-0.8355462328381406,0,0,0,0,134,False,False,
146,5,1395.0829686344744,873.3319886090079,0.0329732736916982,109.16967010498047,8.410918235778809,0,3,0,2,2,0.07669429828835064,-0.9797003301564596,-0.958359754115353,1,0,0,0,134,False,False,
146,6,1464.9910310413857,872.2412291539061,0.15412511120772904,46.790924072265625,1.3371213674545288,0,1,0,0,0,-0.08955931416183047,-0.98134600310634,-0.9224738430684731,0,0,0,0,134,False,False,
146,7,1327.670128211951,880.5337483940993,2.8220750605714104,174.29237365722656,14.949149131774902,0,5,0,4,4,-0.2882292969896172,-0.9670729902329221,-0.45771651491404186,0,0,0,0,134,False,False,
147,0,1350.971656232725,869.0910735270609,-0.27349741384103204,151.03282165527344,11.149243354797363,0,4,0,3,3,1.0,-0.9841799808063669,-0.2894780654196001,0,0,0,10,135,False,False,
147,1,1445.469127541596,867.7931176405132,0.16862127063867693,62.664878845214844,4.388590335845947,0,2,0,1,1,0.1990827887857323,-0.9387817789026718,-0.474187417664639,0,0,0,0,135,False,False,
147,2,1381.9510946167845,876.7477178202479,1.4017310111518086,121.39861297607422,11.51021957397461,0,4,0,3,3,-0.14338617126448727,-0.9186635613596192,-0.6891477291763073,0,0,0,0,135,False,False,
147,3,1407.9870049174078,869.9985000092113,1.338171691561697,95.20985412597656,8.165160179138184,0,3,0,2,2,0.14506032445322792,-0.9443354900722231,-0.6243432752656428,0,0,0,0,135,False,False,
147,4,1432.356455010658,870.9595122265059,0.9607621789247704,72.82735443115234,4.831789016723633,0,2,0,1,1,0.11804514105273382,-0.9747135725001252,-0.8313452498849978,0,0,0,0,135,False,False,
147,5,1395.0829686344744,873.3319886090079,0.0,109.16967010498047,8.406312942504883,0,3,0,2,2,0.07669429828835064,-0.9797003301564596,-0.958359754115353,2,0,0,0,135,False,False,
147,6,1464.9910310413857,872.2412291539061,0.0,46.790924072265625,1.336382508277893,0,1,0,0,0,-0.08955931416183047,-0.98134600310634,-0.9224738430684731,1,0,0,0,135,False,False,
147,7,1324.6201468802558,880.892409686912,3.070997239766073,177.36343383789062,14.961877822875977,0,5,0,4,4,-0.3745340397711497,-0.9742008366256115,-0.43019030509807177,0,0,0,0,135,False,False,
148,0,1350.9258574685553,869.0913818676213,0.045799802110672805,151.07859802246094,11.122769355773926,0,4,0,3,3,1.0,-0.9841694529082053,-0.2892873383894291,1,0,0,11,136,False,False,
148,1,1444.9912106240952,867.7413464036092,0.48071284672245973,63.14558029174805,4.398431301116943,0,2,0,1,1,0.20436129284239984,-0.9399995099255478,-0.46716133345636823,0,0,0,0,136,False,False,
148,2,1380.2847288674645,877.0215478824496,1.688714811172042,123.08734130859375,11.524481773376465,0,4,0,3,3,-0.14832405869253634,-0.9230518209163131,-0.6618777373416653,0,0,0,0,136,False,False,
148,3,1406.447110371614,869.9424090276217,1.5409157700477139,96.75079345703125,8.182198524475098,0,3,0,2,2,0.15748511882692356,-0.9483286621554369,-0.6098337850522378,0,0,0,0,136,False,False,
148,4,1431.099223565157,870.9302487082607,1.2575719705275465,74.08489990234375,4.850138187408447,0,2,0,1,1,0.1366914228919212,-0.9780000975706116,-0.8256805970579326,0,0,0,0,136,False,False,
148,5,1394.7888872683627,873.3231937195727,0.2942128480780875,109.4638671875,8.421278953552246,0,3,0,2,2,0.07797795800699861,-0.9804792101543996,-0.955818324299527,0,0,0,0,136,False,False,
148,6,1465.123717105685,872.2269255053782,-0.1334548089073042,46.924259185791016,1.3488571643829346,0,1,0,0,0,-0.08863712265955681,-0.9809939445586126,-0.9232654088401978,0,0,0,0,136,False,False,
148,7,1321.5913255434764,881.294150440658,3.0553484782183173,180.41876220703125,14.970340728759766,0,5,0,4,4,-0.5351798400635454,-0.980359425384551,-0.39739846272641544,0,0,0,0,136,False,False,
149,0,1350.9258574685553,869.0913818676213,0.0,151.07859802246094,11.09679889678955,0,4,0,3,3,1.0,-0.9841694529082053,-0.2892873383894291,2,0,0,12,137,False,False,
149,1,1444.9912106240952,867.7413464036092,0.0,63.14558029174805,4.391867160797119,0,2,0,1,1,0.20436129284239984,-0.9399995099255478,-0.46716133345636823,1,0,0,0,137,False,False,
149,2,1378.6035657101543,877.3126804191843,1.7061851351605617,124.79351806640625,11.540761947631836,0,4,0,3,3,-0.16335299421802144,-0.9274613206685334,-0.6325867021867174,0,0,0,0,137,False,False,
149,3,1405.046307240645,869.8865484586022,1.4019164792895331,98.15278625488281,8.19884204864502,0,3,0,2,2,0.17197212864178937,-0.9519413697246674,-0.5960487545399151,0,0,0,0,137,False,False,
149,4,1429.5517675143253,870.8943750486602,1.5478718127508189,75.63280487060547,4.868780136108398,0,2,0,1,1,0.16775778386247187,-0.9820116287806199,-0.8187276934847395,0,0,0,0,137,False,False,
149,5,1394.7888872683627,873.3231937195727,0.0,109.4638671875,8.420431137084961,0,3,0,2,2,0.07797795800699861,-0.9804792101543996,-0.955818324299527,1,0,0,0,137,False,False,
149,6,1465.3913116033457,872.1978301446085,-0.2691716091949849,47.193538665771484,1.3571170568466187,0,1,0,0,0,-0.08598215826652525,-0.9802826559753072,-0.9248850663822684,0,0,0,0,137,False,False,
149,7,1319.1373396971023,881.6641790232278,2.4817267549275357,182.90048217773438,14.974772453308105,0,5,0,4,4,-0.7477273471650007,-0.9838867041969237,-0.3654925634181668,0,0,0,0,137,False,False,
150,0,1350.9920085613858,869.090941036006,-0.0661525616675765,151.14476013183594,11.077587127685547,0,4,0,3,3,1.0,-0.9841844050069368,-0.28957314307282966,3,0,0,13,138,False,False,
150,1,1444.6780187566387,867.7080991689639,0.31495162239999996,63.460575103759766,4.402238368988037,0,2,0,1,1,0.2058269788274174,-0.9407965552538134,-0.4626384271743482,0,0,0,0,138,False,False,
150,2,1377.4581060580035,877.5250466961032,1.1649795063767934,125.95841979980469,11.556309700012207,0,4,0,3,3,-0.17843482209303577,-0.9304516025110788,-0.6109461878777879,0,0,0,0,138,False,False,
150,3,1404.1802999809188,869.8494577261934,0.8668011861604367,99.01954650878906,8.215445518493652,0,3,0,2,2,0.18250489802181658,-0.9541628705920497,-0.5872296018413162,0,0,0,0,138,False,False,
150,4,1428.0183125114872,870.8751475119687,1.5335755422856174,77.16637420654297,4.883694171905518,0,2,0,1,1,0.20733114464945857,-0.9859338277417029,-0.813794775542986,0,0,0,0,138,False,False,
150,5,1394.4740747867515,873.3138328502617,0.31495162239999996,109.77882385253906,8.429826736450195,0,3,0,2,2,0.08135781557189274,-0.981312549328878,-0.9531008000072724,0,0,0,0,138,False,False,
150,6,1465.7915712970469,872.1542246533646,-0.4026279439735242,47.59617233276367,1.364134669303894,0,1,0,0,0,-0.08168311379088587,-0.9792182603140056,-0.9273190657394222,0,1,0,0,138,False,False,
150,7,1316.6512803615524,882.09906850656,2.523810587700319,185.42431640625,18.19585609436035,0,6,1,5,5,-0.16469019007408228,-0.903243106135208,-0.3259763354408213,0,0,0,0,138,False,False,
151,0,1351.0285961704774,869.0906930871962,-0.03658844923819468,151.18125915527344,11.058958053588867,0,4,0,3,3,1.0,-0.9841917942569072,-0.2897266508893791,4,0,0,14,139,False,False,
151,1,1444.3146176958883,867.6691385929813,0.3654835939347731,63.82605743408203,4.406286239624023,0,2,0,1,1,0.20988332091792283,-0.94171954787036,-0.4573467240174156,0,0,0,0,139,False,False,
151,2,1376.2699493823272,877.759974082565,1.2111594291685164,127.1696548461914,11.569565773010254,0,4,0,3,3,-0.1949152606591484,-0.9335381740461396,-0.5867506117157852,0,0,0,0,139,False,False,
151,3,1403.0277031996784,869.8029714317526,1.1535338381238722,100.1730728149414,8.229859352111816,0,3,0,2,2,0.19371974363592762,-0.9571068705033294,-0.5758257720013863,0,0,0,0,139,False,False,
151,4,1426.9676478686156,870.8589679951655,1.0507892122327416,78.21715545654297,4.892066955566406,0,2,0,1,1,0.2594735940707867,-0.9885503040790447,-0.8100550021079453,0,0,0,0,139,False,False,
151,5,1393.9805201698503,873.2981509347524,0.49380368805688335,110.2727279663086,8.446443557739258,0,3,0,2,2,0.0888998556653462,-0.9826176980562931,-0.9487277782427798,0,0,0,0,139,False,False,
151,6,1466.322407706099,872.0982984337729,-0.5337743298560269,48.1298713684082,1.3627179861068726,0,1,0,0,0,-0.07434570797953105,-0.9778054172334909,-0.9303172992274984,0,2,0,0,139,False,False,
151,7,1314.066299668095,882.542789863025,2.6227874156572026,188.04708862304688,18.21194076538086,0,6,0,5,5,-0.1751681873193345,-0.9099927207386371,-0.29355416962104897,0,0,0,0,139,False,False,
152,0,1351.0913494451804,869.0902458668924,-0.06275486827296346,151.24400329589844,11.040514945983887,0,4,0,3,3,1.0,-0.9842030831553544,-0.28999050138225646,5,0,0,15,140,False,False,
152,1,1444.3146176958883,867.6691385929813,0.0,63.82605743408203,4.394229888916016,0,2,0,1,1,0.20988332091792283,-0.94171954787036,-0.4573467240174156,1,0,0,0,140,False,False,
152,2,1374.8184156837692,878.0654211004927,1.4833232819620323,128.65298461914062,11.586410522460938,0,4,0,3,3,-0.21525063452712123,-0.9372827016959063,-0.5549634594224242,0,0,0,0,140,False,False,
152,3,1401.9298462122715,869.7519259872815,1.0990430392842372,101.27215576171875,8.239335060119629,0,3,0,2,2,0.21184648761613023,-0.9598876859926593,-0.564157491358682,0,0,0,0,140,False,False,
152,4,1425.6231754061134,870.8342405826133,1.3446998354123156,79.5618667602539,4.901715278625488,0,2,0,1,1,0.37189031924002997,-0.9917136535524209,-0.8047852674346289,0,0,0,0,140,False,False,
152,5,1393.2255507808725,873.2686925505218,0.755543893294757,111.02818298339844,8.461755752563477,0,3,0,2,2,0.10570473223015395,-0.9846077264953241,-0.9413740177357843,0,0,0,0,140,False,False,
152,6,1466.5317430990137,872.0766008172593,-0.21045686800178234,48.34034729003906,1.3697985410690308,0,1,0,0,0,-0.07146636489685913,-0.9772477809785352,-0.9314603964698119,0,0,0,0,140,False,False,
152,7,1312.030267448245,882.859519021431,2.0605204585377472,190.1075897216797,18.22903823852539,0,6,0,5,5,-0.17578675859789808,-0.9152917116193113,-0.2728226674272879,0,0,0,0,140,False,False,
153,0,1351.2616068473903,869.0887504833587,-0.17026396911620884,151.41429138183594,11.033546447753906,0,4,0,3,3,1.0,-0.9842238389837582,-0.29066936611734306,0,0,0,16,141,False,False,
153,1,1444.0671711493628,867.6431455951661,0.24880801699861535,64.07485961914062,4.407351970672607,0,2,0,1,1,0.2108769364077754,-0.9423473362437629,-0.45380455259017716,0,0,0,0,141,False,False,
153,2,1373.3263789099663,878.3844269616558,1.5257583274675361,130.17864990234375,11.601261138916016,0,4,0,3,3,-0.23202814864693613,-0.9411006676978173,-0.5217046902955502,0,0,0,0,141,False,False,
153,3,1400.985210318338,869.7077134268168,0.9456699861000489,102.2177734375,8.248621940612793,0,3,0,2,2,0.2259531184233525,-0.9622616982199858,-0.5540715704324164,0,0,0,0,141,False,False,
153,4,1424.0271542151368,870.8189454071444,1.596094478544224,81.15801239013672,4.9022088050842285,0,2,0,1,1,0.6569375770081795,-0.994746736793841,-0.8002257422488843,0,0,0,0,141,False,False,
153,5,1392.293821740667,873.2323903553056,0.9324359783598364,111.96065521240234,8.472702980041504,0,3,0,2,2,0.12587587432958697,-0.9870536117688595,-0.9323062688475868,0,0,0,0,141,False,False,
153,6,1466.8748187020851,872.0411523442915,-0.34490210735589705,48.6853141784668,1.3751850128173828,0,1,0,0,0,-0.06849738290703221,-0.9763334046082831,-0.9333155398621208,0,0,0,0,141,False,False,
153,7,1309.8652756970098,883.2072543004024,2.1927400911093424,192.30038452148438,18.23874282836914,0,6,0,5,5,-0.19198080318001176,-0.9208930667520087,-0.24946432346846936,0,0,0,0,141,False,False,
154,0,1351.1249021931874,869.08977087859,0.13670846238318882,151.55101013183594,11.03048324584961,0,4,0,3,3,1.0,-0.9842077071004546,-0.29010015799013045,0,0,0,17,142,False,False,
154,1,1443.5105270039446,867.5867752727078,0.5594911240424564,64.63434600830078,4.419997215270996,0,2,0,1,1,0.21392955647497097,-0.9437579742385451,-0.4460977169585716,0,0,0,0,142,False,False,
154,2,1371.882706109119,878.7115615293528,1.480273009038807,131.6589813232422,11.608073234558105,0,4,0,3,3,-0.2565293395716278,-0.9447523776048614,-0.48730356002064146,0,0,0,0,142,False,False,
154,3,1399.744333749912,869.6386074513543,1.2427993779825015,103.46054077148438,8.25828742980957,0,3,0,2,2,0.25325809208776556,-0.9653388031294682,-0.5395175715280677,0,0,0,0,142,False,False,
154,4,1422.3666563569768,870.815528386627,1.660501373978153,82.81841278076172,4.894904136657715,0,2,0,1,1,1.0,-0.9952011588360778,-0.7950140947046607,0,0,0,1,142,False,False,
154,5,1391.1704660700889,873.1974418606466,1.123899176927722,113.08460998535156,8.48689079284668,0,3,0,2,2,0.15684224180454356,-0.9899809960999604,-0.9224397040163477,0,0,0,0,142,False,False,
154,6,1466.8992157786831,872.0386304609423,-0.02452707161798832,48.70973587036133,1.3756012916564941,0,1,0,0,0,-0.06833722138056449,-0.9762686565656304,-0.9334470434623222,1,0,0,0,142,False,False,
154,7,1307.711816560135,883.5930397991164,2.187742376334003,194.48809814453125,18.255353927612305,0,6,0,5,5,-0.21930164102278443,-0.9264088201469022,-0.22146152476655667,0,0,0,0,142,False,False,
155,0,1350.7580926583778,869.0915882307476,0.36681403680347396,151.91783142089844,11.027355194091797,0,4,0,3,3,1.0,-0.9841205636155069,-0.2884672578975912,0,0,0,18,143,False,False,
155,1,1443.1299214983326,867.5489401639097,0.3824814326995465,65.01683807373047,4.434304237365723,0,2,0,1,1,0.21661010953588908,-0.9447205032205905,-0.44090869538023225,0,0,0,0,143,False,False,
155,2,1370.1676169191965,879.1300510078436,1.7654077073006862,133.4243927001953,11.617770195007324,0,4,0,3,3,-0.29097534548401555,-0.9490159534115888,-0.44285124103494344,0,0,0,0,143,False,False,
155,3,1398.7868243143823,869.5848960831175,0.9590147184512161,104.41956329345703,8.266471862792969,0,3,0,2,2,0.27305173447566505,-0.967680876173453,-0.5282374341131302,0,0,0,0,143,False,False,
155,4,1420.8068608384153,870.817863586013,1.559797266596207,84.37822723388672,8.115644454956055,0,3,1,2,2,0.059685298584356714,-0.9107772020298105,-0.7873964908513343,0,0,0,0,143,False,False,
155,5,1390.5766853638734,873.1830084813718,0.5939561006597668,113.67853546142578,8.500905990600586,0,3,0,2,2,0.18071423786060703,-0.9915112188675337,-0.9177011078176014,0,0,0,0,143,False,False,
155,6,1467.0018255037273,872.028075307266,-0.10315118488302796,48.81293869018555,1.386372685432434,0,1,0,0,0,-0.06724320181060647,-0.9759950004305861,-0.9339966700524145,0,0,0,0,143,False,False,
155,7,1305.3034146442494,884.0684331802998,2.454872431576642,196.94290161132812,18.268529891967773,0,6,0,5,5,-0.2523894936382147,-0.9324906142835949,-0.18489116038530973,0,0,0,0,143,False,False,
156,0,1350.2999181476382,869.0931439174577,0.4581771518228823,152.37596130371094,11.024580955505371,0,4,0,3,3,1.0,-0.9839265740360528,-0.28632861100982077,0,0,0,19,144,False,False,
156,1,1443.1299214983326,867.5489401639097,0.0,65.01683807373047,4.4291534423828125,0,2,0,1,1,0.21661010953588908,-0.9447205032205905,-0.44090869538023225,1,0,0,0,144,False,False,
156,2,1368.549343051991,879.5480877072223,1.6713961204059438,135.09579467773438,11.63199234008789,0,4,0,3,3,-0.3268958797789487,-0.9529452808784243,-0.3981351859011103,0,0,0,0,144,False,False,
156,3,1397.5330084316513,869.5132440095184,1.2558615717664214,105.6755142211914,8.279247283935547,0,3,0,2,2,0.3040556259485887,-0.9706919818640773,-0.513302638630708,0,0,0,0,144,False,False,
156,4,1419.1305162586618,870.8049933356994,1.67639398513956,86.0546646118164,8.133072853088379,0,3,0,2,2,0.06897540997130515,-0.915222805179543,-0.7773617677834375,0,0,0,0,144,False,False,
156,5,1389.7218262297138,873.1649547220437,0.855049751465901,114.53358459472656,8.510615348815918,0,3,0,2,2,0.24230694943343187,-0.993670575383939,-0.9112186542469981,0,0,0,0,144,False,False,
156,6,1467.1560835302123,872.0121782460379,-0.15507499892217677,48.968048095703125,1.3952000141143799,0,1,0,0,0,-0.06622481185529776,-0.9755836371548127,-0.9348183084913664,0,0,0,0,144,False,False,
156,7,1302.9312304108446,884.6050562698629,2.432123018571809,199.37503051757812,18.2829647064209,0,6,0,5,5,-0.2975131134297448,-0.9383441198853876,-0.14069074286691774,0,0,0,0,144,False,False,
157,0,1349.534882785591,869.0938322367545,0.7650356716951429,153.14097595214844,11.021760940551758,0,4,0,3,3,1.0,-0.9834012822971683,-0.2825343665981628,0,0,0,20,145,False,False,
157,1,1442.946589273285,867.5308690859188,0.18422070622119893,65.2010726928711,4.4365692138671875,0,2,0,1,1,0.21798158414901853,-0.9451835351423246,-0.4384277003339896,0,0,0,0,145,False,False,
157,2,1366.6846352116024,880.0219912225083,1.923985413615929,137.0196990966797,11.64063549041748,0,4,0,3,3,-0.36177625096350996,-0.9573504124082346,-0.34754787128395315,0,0,0,0,145,False,False,
157,3,1395.990440817323,869.4073191919082,1.5462001525549252,107.22162628173828,8.289169311523438,0,3,0,2,2,0.35931065362151965,-0.9742586303388054,-0.49280845894960856,0,0,0,0,145,False,False,
157,4,1417.9947191988567,870.8008824914939,1.1358044990674991,87.19041442871094,8.144757270812988,0,3,0,2,2,0.06884627657323487,-0.9182344139030043,-0.7711285214321496,0,0,0,0,145,False,False,
157,5,1389.0390669676135,873.1548890723626,0.6828334550145464,115.21640014648438,8.519187927246094,0,3,0,2,2,0.32906257762816343,-0.99531781993825,-0.9065525526148756,0,0,0,0,145,False,False,
157,6,1467.3151163733328,871.9958459793781,-0.15986928449594962,49.12782287597656,1.405199646949768,0,1,0,0,0,-0.06486717093049303,-0.97515982826352,-0.9356756296364649,0,0,0,0,145,False,False,
157,7,1300.3049145336736,885.1982316646457,2.692469523626177,202.06753540039062,18.290666580200195,0,6,0,5,5,-0.3345050817654472,-0.9446608180758546,-0.09186044956007577,0,0,0,0,145,False,False,
158,0,1348.5830190209197,869.0991642668399,0.9518786987000691,154.0928955078125,11.013660430908203,0,4,0,3,3,1.0,-0.9824468309981602,-0.2783667294304957,0,0,0,21,146,False,False,
158,1,1442.4528469259096,867.4831732320182,0.4960407242063013,65.69702911376953,4.448671340942383,0,2,0,1,1,0.2219889261730935,-0.9464283116537267,-0.43186282564382095,0,0,0,0,146,False,False,
158,2,1365.0248410220802,880.4437728888417,1.7125467951640172,138.73236083984375,11.648364067077637,0,4,0,3,3,-0.4020338179181989,-0.9611220033236038,-0.3025173109364,0,0,0,0,146,False,False,
158,3,1394.3778646229266,869.2819597161737,1.6174414922616929,108.83916473388672,8.297656059265137,0,3,0,2,2,0.4321597850297988,-0.9777586687070658,-0.46963340961271094,0,0,0,0,146,False,False,
158,4,1416.5659166344328,870.8092002509445,1.4288267750943957,88.61927032470703,8.163665771484375,0,3,0,2,2,0.06590203118281864,-0.9220252455290662,-0.7648879713104468,0,0,0,0,146,False,False,
158,5,1388.5516464203492,873.1502585757644,0.48744254163342954,115.70384979248047,8.52839469909668,0,3,0,2,2,0.4386980756145148,-0.9963945904708258,-0.9035352521410196,0,0,0,0,146,False,False,
158,6,1467.6040160924726,871.9664031964286,-0.29039615215591363,49.41825866699219,1.4146207571029663,0,1,0,0,0,-0.062431720295504395,-0.9743891664684624,-0.9371857020361254,0,0,0,0,146,False,False,
158,7,1298.2221103802608,885.6365937219375,2.128434738192999,204.1959228515625,18.305091857910156,0,6,0,5,5,-0.36017039128208683,-0.9495358677517813,-0.056977356196335815,0,0,0,0,146,False,False,
159,0,1347.8590208613246,869.1074149161401,0.724045170076479,154.8169403076172,14.22746467590332,0,5,1,4,4,0.13789819435752626,-0.9127854588125921,-0.27568574542995505,0,0,0,0,147,False,False,
159,1,1441.6934938504016,867.4071594336909,0.7631482102577393,66.46022033691406,4.459415435791016,0,2,0,1,1,0.23284671289760833,-0.9483338435113623,-0.4214479634801188,0,0,0,0,147,False,False,
159,2,1363.6851056898904,880.783144354611,1.3820505606149944,140.11439514160156,11.659253120422363,0,4,0,3,3,-0.44004636431751576,-0.964032569264643,-0.2663081044237351,0,0,0,0,147,False,False,
159,3,1392.4947129822453,869.0982775467065,1.8920885923181125,110.73116302490234,8.303184509277344,0,3,0,2,2,0.5559164868576179,-0.9813381858445807,-0.43809369934170583,0,0,0,0,147,False,False,
159,4,1414.8512682284631,870.8517409296827,1.715176045029221,90.33439636230469,8.182836532592773,0,3,0,2,2,0.05716521357503805,-0.9265815707433462,-0.7613064509987613,0,0,0,0,147,False,False,
159,5,1387.7579043493163,873.1468185561358,0.7937495253937373,116.49755859375,8.52847957611084,0,3,0,2,2,0.8158632252064814,-0.9976230764036499,-0.8990964321238747,0,0,0,0,147,False,False,
159,6,1467.7242588869053,871.9542744797352,-0.12085294941208653,49.53910827636719,1.4262701272964478,0,1,0,0,0,-0.061005614584635104,-0.9740683983432793,-0.9378010839995916,0,0,0,0,147,False,False,
159,7,1296.118632759371,886.0315055277648,2.14022742622509,206.336181640625,18.316162109375,0,6,0,5,5,-0.38744746114678225,-0.9543241013022641,-0.027463548897184942,0,0,0,0,147,False,False,
160,0,1347.1372899728633,869.114515831762,0.7217658196130878,155.5386505126953,14.236231803894043,0,5,0,4,4,0.14199739242323958,-0.9146633815224268,-0.272880468694525,0,0,0,0,148,False,False,
160,1,1441.4553836344346,867.3827549527246,0.23935758529681384,66.69950866699219,4.47237491607666,0,2,0,1,1,0.23721504867172472,-0.9489286576060545,-0.4181179587222341,0,0,0,0,148,False,False,
160,2,1362.8649102764475,880.9958085866302,0.8473172911095245,140.96170043945312,11.663703918457031,0,4,0,3,3,-0.47056346053638615,-0.9657346605690755,-0.24354749760533523,0,0,0,0,148,False,False,
160,3,1390.3433469400195,868.8381264595891,2.1670381712767344,112.89820098876953,8.305132865905762,0,3,0,2,2,0.7560780083497447,-0.9842848276409771,-0.3960433631853152,0,0,0,0,148,False,False,
160,4,1413.490951459307,870.8884078857975,1.360810853174546,91.69524383544922,8.196830749511719,0,3,0,2,2,0.05869773332577716,-0.930195842874487,-0.7588155794254017,0,0,0,0,148,False,False,
160,5,1387.48844504444,873.1457274946498,0.2694615137633205,116.76708984375,8.525166511535645,0,3,0,2,2,1.0,-0.9977217953133504,-0.8976097146378308,0,0,0,1,148,False,False,
160,6,1467.8694423710617,871.9396634025576,-0.14591685183041125,49.68498611450195,1.4352723360061646,0,1,0,0,0,-0.059959906392848615,-0.973681148361881,-0.9385415090853186,0,0,0,0,148,False,False,
160,7,1293.8630358421653,886.4591683453442,2.2957815528590024,208.63198852539062,18.319543838500977,0,6,0,5,5,-0.44339866429339675,-0.9591895490258169,0.0046906500189869416,0,0,0,0,148,False,False,
161,0,1346.113783961279,869.115885095236,1.023506927495562,156.5622100830078,14.252188682556152,0,5,0,4,4,0.15223127238429615,-0.9173176804883308,-0.26787011077604295,0,0,0,0,149,False,False,
161,1,1441.0883139209202,867.3433391447829,0.36917987552853837,67.06880950927734,4.486241817474365,0,2,0,1,1,0.24489924139971764,-0.949842817333544,-0.41276067885558754,0,0,0,0,149,False,False,
161,2,1362.0690219364592,881.201359918801,0.8220034062499133,141.78372192382812,11.665491104125977,0,4,0,3,3,-0.49870526987026864,-0.9673227310076495,-0.22156271986349985,0,0,0,0,149,False,False,
161,3,1388.0305960831192,868.5505751903327,2.3305583576782336,115.22875213623047,8.299093246459961,0,3,0,2,2,1.0,-0.9853995290136535,-0.34989113808808503,0,0,0,1,149,False,False,
161,4,1412.228831723334,870.9339444804647,1.2629409366185085,92.9581527709961,8.212666511535645,0,3,0,2,2,0.055572355117709235,-0.9335513860222124,-0.7578784670898109,0,0,0,0,149,False,False,
161,5,1386.9416553180017,873.1419878056679,0.5468025148187325,117.31385803222656,8.521904945373535,0,3,0,2,2,1.0,-0.9972701178365078,-0.8953038528575266,0,0,0,2,149,False,False,
161,6,1468.0455930941996,871.921845737603,-0.17704955929476485,49.86202621459961,1.4479005336761475,0,1,0,0,0,-0.05922493626862699,-0.9732111039612927,-0.9394435104384744,0,0,0,0,149,False,False,
161,7,1291.7230502643279,886.8711963292027,2.179290098365745,210.81130981445312,18.323253631591797,0,6,0,5,5,-0.5104662470184874,-0.9634450407901362,0.03595010132659349,0,0,0,0,149,False,False,
162,0,1345.105713777989,869.1147602935291,1.0080708108151597,157.5702667236328,14.260653495788574,0,5,0,4,4,0.15890691104715288,-0.9199251684149261,-0.26262580351479725,0,0,0,0,150,False,False,
162,1,1441.0883139209202,867.3433391447829,0.0,67.06880950927734,4.4796977043151855,0,2,0,1,1,0.24489924139971764,-0.949842817333544,-0.41276067885558754,1,0,0,0,150,False,False,
162,2,1361.1139978483911,881.4445583923125,0.9855031741747754,142.7691650390625,11.673233032226562,0,4,0,3,3,-0.5346890971272046,-0.9691354936662274,-0.19558839689014318,0,0,0,0,150,False,False,
162,3,1385.4635059775096,868.1795824019408,2.5937592909439453,117.82256317138672,8.290301322937012,0,3,0,2,2,1.0,-0.9835562022532505,-0.2956210651830208,0,0,0,2,150,False,False,
162,4,1410.9880726115214,870.9811790120431,1.2416578733771737,94.19989776611328,8.229371070861816,0,3,0,2,2,0.05715159323712271,-0.936850031977286,-0.7572630636867055,0,0,0,0,150,False,False,
162,5,1386.371758037051,873.136572078536,0.5699230131652903,117.88382720947266,11.739059448242188,0,4,1,3,3,0.040035679500571554,-0.9068761200166446,-0.8927638416311597,0,0,0,0,150,False,False,
162,6,1468.2138305602912,871.9049782717832,-0.1690809167235934,50.03120803833008,1.4519685506820679,0,1,0,0,0,-0.057691769552763755,-0.9727618419346623,-0.9402935242398848,0,0,0,0,150,False,False,
162,7,1289.641443275662,887.2445933284185,2.1148316657092137,212.9260711669922,18.327512741088867,0,6,0,5,5,-0.5801817741763065,-0.9671729600143453,0.06307187378901769,0,0,0,0,150,False,False,
163,0,1343.9618781999814,869.1032285928803,1.1438937055671345,158.71412658691406,14.27443790435791,0,5,0,4,4,0.17105247607665572,-0.9228701005110213,-0.2554548445180215,0,0,0,0,151,False,False,
163,1,1440.9480790545601,867.328122756507,0.14105798883850945,67.20977020263672,4.488910675048828,0,2,0,1,1,0.2474159607965545,-0.9501908847784047,-0.4106967562569157,0,0,0,0,151,False,False,
163,2,1360.1305289960214,881.7001399147863,1.016136259667709,143.78533935546875,11.67627239227295,0,4,0,3,3,-0.5821222946558464,-0.9708640322668595,-0.16823753473650338,0,0,0,0,151,False,False,
163,3,1383.1003884082309,867.770249493751,2.3983073355934024,120.22090911865234,11.504545211791992,0,4,1,3,3,0.2523759004117178,-0.9135551273293356,-0.23870116721969503,0,0,0,0,151,False,False,
163,4,1410.27896830421,871.0068768188978,0.70956979637304,94.90946960449219,8.247917175292969,0,3,0,2,2,0.06011310144041223,-0.9387340458260965,-0.756750027414152,0,0,0,0,151,False,False,
163,5,1386.322592164559,873.1361016808436,0.04916812272082257,117.93289947509766,11.74006175994873,0,4,0,3,3,0.04013349018543219,-0.907006723114845,-0.8925366600678316,1,0,0,0,151,False,False,
163,6,1468.5164907629148,871.8742806672979,-0.3042129865298191,50.33537292480469,1.4509408473968506,0,1,0,0,0,-0.05673881408372381,-0.9719540504582278,-0.9418620482425042,0,0,0,0,151,False,False,
163,7,1287.7092559603661,887.5943115619532,1.9635810816608283,214.8897247314453,18.32713508605957,0,6,0,5,5,-0.6696447215378688,-0.9700863516509589,0.088624150318513,0,0,0,0,151,False,False,
164,0,1343.3483592975397,869.0938118411746,0.6135911658963127,159.32772827148438,14.289383888244629,0,5,0,4,4,0.17813463760225481,-0.9244440576146988,-0.25122134477878466,0,0,0,0,152,False,False,
164,1,1440.8741940522111,867.3201084137506,0.07431839114205437,67.28417205810547,4.482430934906006,0,2,0,1,1,0.24835686722623096,-0.9503744770238286,-0.40961356851302555,1,0,0,0,152,False,False,
164,2,1359.1044468261384,881.9668760220607,1.0601852528100633,144.84544372558594,11.67812442779541,0,4,0,3,3,-0.6340690638892941,-0.972497704587751,-0.13968610996099362,0,0,0,0,152,False,False,
164,3,1381.2218430620949,867.4446918711304,1.9065467167461365,122.12744903564453,11.508910179138184,0,4,0,3,3,0.26771570253792765,-0.9182211969716018,-0.193428767742159,0,0,0,0,152,False,False,
164,4,1409.5660416176138,871.0354486047954,0.713498989074367,95.62293243408203,8.259841918945312,0,3,0,2,2,0.05951979912297942,-0.9406285598347464,-0.7565599292800638,0,0,0,0,152,False,False,
164,5,1386.1581923088318,873.134695391617,0.1644058703713133,118.09733581542969,11.752703666687012,0,4,0,3,3,0.03967524783668068,-0.9074443688413778,-0.8918266721231978,0,0,0,0,152,False,False,
164,6,1468.9367627508434,871.8304625460526,-0.4225500817500653,50.757938385009766,1.4563500881195068,0,1,0,0,0,-0.05626698265869076,-0.9708317817791863,-0.9441864588839748,0,1,0,0,152,False,False,
164,7,1285.946310114694,887.9027277118934,1.7897202508539094,216.679443359375,18.325464248657227,0,6,0,5,5,-0.7607404243077617,-0.9721693618293785,0.11066226988263539,0,0,0,0,152,False,False,
165,0,1342.4311143197253,869.0733492703696,0.9174731964093853,160.2451934814453,14.305402755737305,0,5,0,4,4,0.18858118077274386,-0.9267874578970378,-0.2441313990319346,0,0,0,0,153,False,False,
165,1,1440.4883467449638,867.2790426329901,0.388026471854027,67.6720962524414,4.496198654174805,0,2,0,1,1,0.2521941587464741,-0.9513304080481472,-0.4040291999881539,0,0,0,0,153,False,False,
165,2,1358.5896760685896,882.0986718234165,0.5313746946200197,145.3768310546875,11.679755210876465,0,4,0,3,3,-0.6599675704138911,-0.9732460617610462,-0.12560061005206913,0,0,0,0,153,False,False,
165,3,1379.2738359712184,867.1011802544833,1.9780626524142704,124.10549926757812,11.521361351013184,0,4,0,3,3,0.28751500739470104,-0.9229995545115292,-0.1457695361136715,0,0,0,0,153,False,False,
165,4,1409.0468052327576,871.0554947622579,0.5196232017409725,96.14260864257812,8.27005386352539,0,3,0,2,2,0.0618973180276015,-0.9420079543105035,-0.7563326405185397,0,0,0,0,153,False,False,
165,5,1385.8504369562966,873.1323496935354,0.3077642918103581,118.40508270263672,11.764867782592773,0,4,0,3,3,0.03943192425959599,-0.9082634659196066,-0.89051602410067,0,0,0,0,153,False,False,
165,6,1469.4872166874968,871.7739797938526,-0.5533442307219981,51.311241149902344,1.4543147087097168,0,1,0,0,0,-0.0525724667191437,-0.969361584440181,-0.9471107863625142,0,2,0,0,153,False,False,
165,7,1284.6671879895625,888.1235041351025,1.2980352999997615,217.97740173339844,21.537355422973633,0,7,1,6,6,-0.24677230049657561,-0.8930524794947314,0.12629571174056364,0,0,0,0,153,False,False,
166,0,1341.7231698318612,869.0555538014106,0.7081681132419979,160.95343017578125,14.320024490356445,0,5,0,4,4,0.19534159288704636,-0.9285900663191253,-0.23841056005711747,0,0,0,0,154,False,False,
166,1,1439.7955939298936,867.209946731219,0.6961901366933797,68.36827850341797,4.510122299194336,0,2,0,1,1,0.25753881756774416,-0.9530425428253919,-0.39455871105117923,0,0,0,0,154,False,False,
166,2,1358.5788224711262,882.1014509723123,0.011203760372522686,145.38803100585938,11.661709785461426,0,4,0,3,3,-0.6605966060057603,-0.973261340038479,-0.12530800185650126,1,0,0,0,154,False,False,
166,3,1377.3807265864734,866.7516634195571,1.9251039349880412,126.03056335449219,11.536524772644043,0,4,0,3,3,0.3126432252087928,-0.9275643856784802,-0.09757631453860238,0,0,0,0,154,False,False,
166,4,1409.0468052327576,871.0554947622579,0.0,96.14260864257812,8.270846366882324,0,3,0,2,2,0.0618973180276015,-0.9420079543105035,-0.7563326405185397,1,0,0,0,154,False,False,
166,5,1385.2330518268302,873.1294492823237,0.6173919423439743,119.02252197265625,11.782450675964355,0,4,0,3,3,0.038256104227847726,-0.909907054426315,-0.8881149989085795,0,0,0,0,154,False,False,
166,6,1470.1552223192996,871.7094348902883,-0.6711166580381968,51.982444763183594,1.4559687376022339,0,1,0,0,0,-0.046105571168719925,-0.9675766762746899,-0.9501893863380673,0,3,0,0,154,False,False,
166,7,1283.1054591350037,888.4079122128894,1.5874145551405496,219.56484985351562,21.5478572845459,0,7,0,6,6,-0.26275058272912905,-0.8969437029526639,0.14715962514591818,0,0,0,0,154,False,False,
167,0,1341.0503533585872,869.0358222444437,0.6731057428437727,161.62657165527344,14.3338041305542,0,5,0,4,4,0.20302405852039934,-0.930296830136727,-0.23264649876970778,0,0,0,0,155,False,False,
167,1,1438.8008778382286,867.1237642817385,0.9984425459763936,69.36675262451172,4.521651744842529,0,2,0,1,1,0.26380564360934944,-0.9554920395804918,-0.382526556852263,0,0,0,0,155,False,False,
167,2,1358.5788224711262,882.1014509723123,0.0,145.38803100585938,11.64595890045166,0,4,0,3,3,-0.6605966060057603,-0.973261340038479,-0.12530800185650126,2,0,0,0,155,False,False,
167,3,1375.220106289341,866.3415335593048,2.1992013483653214,128.2297821044922,11.550751686096191,0,4,0,3,3,0.34223806562337256,-0.9326640787173461,-0.041227454218366266,0,0,0,0,155,False,False,
167,4,1408.921114324176,871.0603653613853,0.1257852425203812,96.268310546875,8.281643867492676,0,3,0,2,2,0.06216434292550067,-0.9423415845274276,-0.7562814712463566,0,0,0,0,155,False,False,
167,5,1384.5428844082144,873.1300228053377,0.6901676569120434,119.71270751953125,11.800922393798828,0,4,0,3,3,0.035460832779240704,-0.9117447500460668,-0.8858822248582496,0,0,0,0,155,False,False,
167,6,1470.641453466326,871.6628350268977,-0.4884590828377793,52.47087478637695,1.4559763669967651,0,1,0,0,0,-0.04385203896078451,-0.9662774004528759,-0.9523814429403156,0,4,0,0,155,False,False,
167,7,1281.268070093661,888.7555059518958,1.869978581867388,221.43484497070312,21.55803871154785,0,7,0,6,6,-0.28022643786591617,-0.9014769070489773,0.17325423878818347,0,0,0,0,155,False,False,
168,0,1340.1911202484025,869.009530205575,0.8596352766992038,162.48609924316406,14.34714126586914,0,5,0,4,4,0.21063477353572277,-0.9324685637597107,-0.225145883880856,0,0,0,0,156,False,False,
168,1,1437.6897837591478,867.0282270674323,1.1151938898173934,70.48194122314453,4.527234077453613,0,2,0,1,1,0.2816034133711134,-0.958197807045358,-0.369162400750193,0,0,0,0,156,False,False,
168,2,1358.2739504617816,882.1804926219066,0.31495162239999996,145.70303344726562,11.64412784576416,0,4,0,3,3,-0.6800378059693906,-0.9736761533018127,-0.1168451187887507,0,0,0,0,156,False,False,
168,3,1373.0544254444035,865.9552967911033,2.1998528049029646,130.42959594726562,11.562883377075195,0,4,0,3,3,0.36528842973541487,-0.9376661191410169,0.012273421605187407,0,0,0,0,156,False,False,
168,4,1408.921114324176,871.0603653613853,0.0,96.268310546875,8.282551765441895,0,3,0,2,2,0.06216434292550067,-0.9423415845274276,-0.7562814712463566,1,0,0,0,156,False,False,
168,5,1383.5610262140003,873.1416608711618,0.9819271653851612,120.69458770751953,11.820892333984375,0,4,0,3,3,0.029313259917452053,-0.9143604081927317,-0.8840152110523798,0,0,0,0,156,False,False,
168,6,1470.8065661360151,871.6470723669829,-0.1658633628605453,52.636661529541016,1.4672021865844727,0,1,0,0,0,-0.04305327205065528,-0.9658363197794486,-0.9531218715993159,0,0,0,0,156,False,False,
168,7,1279.3668618676793,889.1184128272733,1.9355345821598335,223.37042236328125,21.569543838500977,0,7,0,6,6,-0.29624060347829045,-0.9061168438503457,0.2111240739933975,0,0,0,0,156,False,False,
169,0,1339.0334136866634,868.9649264779603,1.1585654817966806,163.64466857910156,14.359945297241211,0,5,0,4,4,0.22579135818919363,-0.9353743166110101,-0.213939470238522,0,0,0,0,157,False,False,
169,1,1436.2851291397553,866.9219437002885,1.408669852702218,71.89061737060547,4.531827449798584,0,2,0,1,1,0.30114682404538623,-0.9615768427063699,-0.3540126371522305,0,0,0,0,157,False,False,
169,2,1358.0670867931838,882.2343123425967,0.21375018063367518,145.91671752929688,11.645918846130371,0,4,0,3,3,-0.6927879683443368,-0.9739453417085363,-0.11108351591330057,0,0,0,0,157,False,False,
169,3,1371.4326877612086,865.6633281497845,1.6478103048007164,132.07737731933594,11.57054328918457,0,4,0,3,3,0.3922743232979542,-0.9413037953420808,0.052662843207173404,0,0,0,0,157,False,False,
169,4,1408.7833391468707,871.0656700142907,0.1378772599956644,96.4062271118164,8.293357849121094,0,3,0,2,2,0.06272154782806183,-0.942707599017601,-0.7562156658471579,0,0,0,0,157,False,False,
169,5,1382.2829095535376,873.1625220155402,1.2782868946746933,121.97283172607422,11.838306427001953,0,4,0,3,3,0.02756554109525919,-0.9177659995486037,-0.8822583398195388,0,0,0,0,157,False,False,
169,6,1471.0614833217624,871.6232888052879,-0.2560242750134306,52.89277648925781,1.473873257637024,0,1,0,0,0,-0.0408689082839004,-0.9651547875650912,-0.9541919061245674,0,0,0,0,157,False,False,
169,7,1277.2306414232048,889.5404707007772,2.177514784330403,225.54794311523438,21.579030990600586,0,7,0,6,6,-0.3192775656900671,-0.911250009777774,0.258066935811321,0,0,0,0,157,False,False,
170,0,1337.6784225231438,868.8919654943141,1.3569540737809842,165.00161743164062,14.368056297302246,0,5,0,4,4,0.24911821928521552,-0.9387340615481145,-0.1983454201443191,0,0,0,0,158,False,False,
170,1,1435.0086736525195,866.8212079727224,1.2804242647274842,73.17107391357422,4.534300327301025,0,2,0,1,1,0.33134786440854214,-0.9645768152209955,-0.3397555629574719,0,0,0,0,158,False,False,
170,2,1358.0670867931838,882.2343123425967,0.0,145.91671752929688,11.627275466918945,0,4,0,3,3,-0.6927879683443368,-0.9739453417085363,-0.11108351591330057,1,0,0,0,158,False,False,
170,3,1370.0530149921744,865.404829230449,1.4036803912971194,133.48114013671875,11.580763816833496,0,4,0,3,3,0.42176622944222625,-0.9443004894711751,0.08824258191342893,0,0,0,0,158,False,False,
170,4,1408.5894268562706,871.0731914912087,0.19405810743394045,96.6002197265625,8.306800842285156,0,3,0,2,2,0.06310912186786355,-0.9432223936827913,-0.7561352243209437,0,0,0,0,158,False,False,
170,5,1381.5374522067302,873.1720233925403,0.7455178952071363,122.71837615966797,11.853906631469727,0,4,0,3,3,0.030581579448579848,-0.9197518721614356,-0.8809111157725651,0,0,0,0,158,False,False,
170,6,1471.226134806238,871.6078732913575,-0.16537154957785774,53.05805206298828,1.4786309003829956,0,1,0,0,0,-0.04056021278445283,-0.9647149692121283,-0.9548958052116733,0,0,0,0,158,False,False,
170,7,1274.8312350516082,890.0100393480107,2.4449224221891153,227.9928741455078,21.586889266967773,0,7,0,6,6,-0.3420742036709852,-0.9169138284955642,0.3102501028245095,0,0,0,0,158,False,False,
171,0,1336.0357790730868,868.8043454256195,1.6449786565343425,166.6466522216797,14.367692947387695,0,5,0,4,4,0.2673883261307714,-0.9427656411423727,-0.1795280489368054,0,0,0,0,159,False,False,
171,1,1433.5429437665923,866.7092213695626,1.4700017339402656,74.64104461669922,4.54226016998291,0,2,0,1,1,0.3683009062631931,-0.9679237326141887,-0.3238224235299525,0,0,0,0,159,False,False,
171,2,1358.1703097717734,882.2074412217504,-0.10666321036076151,146.02330017089844,11.615479469299316,0,4,0,3,3,-0.6867567553859708,-0.9738122741392332,-0.11396042962978714,0,0,0,0,159,False,False,
171,3,1369.0675553933543,865.2241163599633,1.0018920912284948,134.48304748535156,11.582448959350586,0,4,0,3,3,0.43873614219401325,-0.9463883902326418,0.113184714897965,0,0,0,0,159,False,False,
171,4,1408.5894268562706,871.0731914912087,0.0,96.6002197265625,8.303535461425781,0,3,0,2,2,0.06310912186786355,-0.9432223936827913,-0.7561352243209437,1,0,0,0,159,False,False,
171,5,1380.490710423104,873.1811208460947,1.0467813168231714,123.76516723632812,11.869476318359375,0,4,0,3,3,0.03435705585027809,-0.9225393953509313,-0.8785174157905287,0,0,0,0,159,False,False,
171,6,1471.5254389748186,871.5803740797421,-0.30056478830557964,53.35862731933594,1.4817187786102295,0,1,0,0,0,-0.03858265911060085,-0.9639149380507691,-0.956105497546562,0,0,0,0,159,False,False,
171,7,1272.9838105368926,890.3947758837302,1.8870610852564595,229.8799285888672,21.58837890625,0,7,0,6,6,-0.3709752914711089,-0.9211616134078894,0.35321148071524466,0,0,0,0,159,False,False,
172,0,1334.223573366681,868.7192043763762,1.8142046523465882,168.46078491210938,14.379404067993164,0,5,0,4,4,0.28678441056359755,-0.9471594771251352,-0.16016239468992166,0,0,0,0,160,False,False,
172,1,1431.793036012865,866.5707236601031,1.7553799480682102,76.39639282226562,4.5523457527160645,0,2,0,1,1,0.42797138760641107,-0.9717189252653922,-0.3042153875320551,0,0,0,0,160,False,False,
172,2,1357.9669755890318,882.2600366148525,0.21002634417322247,146.2333526611328,11.616008758544922,0,4,0,3,3,-0.6978799517832727,-0.9740730897493624,-0.10833786996098438,0,0,0,0,160,False,False,
172,3,1368.6013040707016,865.1382039813407,0.474100445766422,134.95709228515625,11.5828857421875,0,4,0,3,3,0.4490120211494842,-0.9473571015685308,0.12502968675372195,0,0,0,0,160,False,False,
172,4,1408.4552282147229,871.078429600331,0.1343008308999605,96.7345962524414,8.313316345214844,0,3,0,2,2,0.06335267505914652,-0.9435789804046023,-0.7560834547388635,0,0,0,0,160,False,False,
172,5,1379.9725076529935,873.1830888213236,0.5182065069801829,124.28336334228516,11.883834838867188,0,4,0,3,3,0.038151415627963085,-0.9239188125644174,-0.8770311914161859,0,0,0,0,160,False,False,
172,6,1471.5063767549352,871.5821283071181,0.019142767317457367,53.37775421142578,1.4819872379302979,0,1,0,0,0,-0.03873240904707384,-0.9639658411087637,-0.9560251346323582,1,0,0,0,160,False,False,
172,7,1270.8649850184875,890.8253890005363,2.1621399662858014,232.04202270507812,21.587261199951172,0,7,0,6,6,-0.3949830109741091,-0.9259239105471735,0.40120837236776974,0,0,0,0,160,False,False,
173,0,1332.5172176980755,868.6452639200645,1.7079569253532116,170.16880798339844,14.393503189086914,0,5,0,4,4,0.31016185820187286,-0.9512273175040024,-0.14267090794184834,0,0,0,0,161,False,False,
173,1,1429.768378286329,866.3780812408797,2.0338018613686564,78.4301986694336,4.560851097106934,0,2,0,1,1,0.5284900594609389,-0.9756631154557086,-0.27764801555271446,0,0,0,0,161,False,False,
173,2,1357.9669755890318,882.2600366148525,0.0,146.2333526611328,11.597732543945312,0,4,0,3,3,-0.6978799517832727,-0.9740730897493624,-0.10833786996098438,1,0,0,0,161,False,False,
173,3,1367.8341145926765,864.9938108084557,0.7806593902388782,135.73776245117188,11.589801788330078,0,4,0,3,3,0.46833708856973494,-0.9489191412316783,0.14488416477397537,0,0,0,0,161,False,False,
173,4,1408.3255717847046,871.0834554853383,0.12975380289303753,96.86433410644531,8.330286026000977,0,3,0,2,2,0.0639157916375006,-0.9439232041603948,-0.7560322568804948,0,0,0,0,161,False,False,
173,5,1379.8617996503817,873.1834118440219,0.11070847386690985,124.39408111572266,11.897482872009277,0,4,0,3,3,0.03886269224094166,-0.9242135103568461,-0.8767015926964812,0,0,0,0,161,False,False,
173,6,1471.2554145478066,871.6055093478873,0.2520490080803714,53.629817962646484,1.4980924129486084,0,1,0,0,0,-0.0402005861229968,-0.9646366950178594,-0.9549688607821889,0,0,0,0,161,False,False,
173,7,1268.5832288147649,891.2963204317889,2.3298471594007317,234.37185668945312,21.587949752807617,0,7,0,6,6,-0.4303344915656156,-0.9308726228029001,0.4537572138668613,0,0,0,0,161,False,False,
174,0,1330.600269248646,868.5802651439907,1.9180501032716584,172.08689880371094,14.407201766967773,0,5,0,4,4,0.3379907739646544,-0.9557069413420902,-0.12518005008985778,0,0,0,0,162,False,False,
174,1,1427.5112492873945,866.1023168211432,2.273912340663885,80.70418548583984,4.565654277801514,0,2,0,1,1,0.6864074598336691,-0.9791246100263543,-0.24072466895196065,0,0,0,0,162,False,False,
174,2,1357.6622735680328,882.3397310491093,0.31495162239999996,146.5482940673828,11.600860595703125,0,4,0,3,3,-0.7182377133510537,-0.974443841607298,-0.09979443102227747,0,0,0,0,162,False,False,
174,3,1367.5819387189074,864.9464501047489,0.2565846986217085,135.99436950683594,11.592142105102539,0,4,0,3,3,0.47386754040645906,-0.9494245575809748,0.15140684625423195,0,0,0,0,162,False,False,
174,4,1408.3255717847046,871.0834554853383,0.0,96.86433410644531,8.32788372039795,0,3,0,2,2,0.0639157916375006,-0.9439232041603948,-0.7560322568804948,1,0,0,0,162,False,False,
174,5,1379.8617996503817,873.1834118440219,0.0,124.39408111572266,11.895430564880371,0,4,0,3,3,0.03886269224094166,-0.9242135103568461,-0.8767015926964812,1,0,0,0,162,False,False,
174,6,1470.6951487514525,871.6575176749602,0.5626745317225869,54.192405700683594,1.5155917406082153,0,1,0,0,0,-0.04175780672418436,-0.9661338430950371,-0.9526453005797393,0,0,0,0,162,False,False,
174,7,1266.4717374239133,891.7037518797204,2.150440949759758,236.52236938476562,21.583890914916992,0,7,0,6,6,-0.45685868497021653,-0.9352959555200683,0.4989874201344855,0,0,0,0,162,False,False,
175,0,1328.6274657170052,868.5268701253036,1.9735259822144031,174.06039428710938,14.420245170593262,0,5,0,4,4,0.3757695044413506,-0.9601760933723269,-0.1087945056893942,0,0,0,0,163,False,False,
175,1,1425.5014775674001,865.8326884127578,2.027777563022663,82.73194885253906,4.562135219573975,0,2,0,1,1,0.8563978294096374,-0.9810103784144081,-0.20496495162131123,0,0,0,0,163,False,False,
175,2,1357.6622735680328,882.3397310491093,0.0,146.5482940673828,11.585657119750977,0,4,0,3,3,-0.7182377133510537,-0.974443841607298,-0.09979443102227747,1,0,0,0,163,False,False,
175,3,1367.246719501655,864.8841287988165,0.34096314872498323,136.33531188964844,11.597888946533203,0,4,0,3,3,0.48054273348878573,-0.9500906418327277,0.15998727571707594,0,0,0,0,163,False,False,
175,4,1408.2139285279243,871.0878928900632,0.11173140715660637,96.97599792480469,8.344616889953613,0,3,0,2,2,0.0636275018436098,-0.9442194947962971,-0.7559956951491416,0,0,0,0,163,False,False,
175,5,1379.6296595587494,873.1839126620681,0.2321406318629944,124.62625885009766,11.908063888549805,0,4,0,3,3,0.03967093745034226,-0.9248314583567112,-0.8759843081279788,0,0,0,0,163,False,False,
175,6,1470.6532981845965,871.6613971931041,0.04202999651690045,54.23445129394531,1.5176219940185547,0,1,0,0,0,-0.04181313661753702,-0.9662457318716738,-0.9524772674076435,1,0,0,0,163,False,False,
175,7,1264.3712586534896,892.0598649135878,2.1304524303281096,238.65281677246094,13.584714889526367,0,7,0,6,6,-0.48076012824043407,-0.9395499392847027,0.5380845174588984,0,0,0,0,163,True,True,collision
176,0,1327.2013600966338,868.4893723601043,1.4265985149473273,175.48690795898438,14.431756019592285,0,5,0,4,4,0.41195985550494735,-0.9632772060693039,-0.09709023503904812,0,0,0,0,164,False,False,
176,1,1424.0349397853295,865.636165844265,1.4796466423332397,84.21160888671875,4.559279441833496,0,2,0,1,1,0.989534273383544,-0.9814895655865201,-0.1788881185864749,0,0,0,1,164,False,False,
176,2,1357.5811245159814,882.361048251777,0.08390227516828447,146.63209533691406,11.568891525268555,0,4,0,3,3,-0.7239709970378354,-0.9745385178584597,-0.09751782720291147,2,0,0,0,164,False,False,
176,3,1367.093564211017,864.8557666400084,0.15575928576691583,136.49111938476562,11.601823806762695,0,4,0,3,3,0.48374647934823667,-0.9503926351251951,0.16390369748589073,0,0,0,0,164,False,False,
176,4,1408.2139285279243,871.0878928900632,0.0,96.97599792480469,8.343049049377441,0,3,0,2,2,0.0636275018436098,-0.9442194947962971,-0.7559956951491416,1,0,0,0,164,False,False,
176,5,1379.1208137599012,873.186292896046,0.5088513658418591,125.13505554199219,11.92039966583252,0,4,0,3,3,0.03876575121638142,-0.9261857747677846,-0.8745785538660358,0,0,0,0,164,False,False,
176,6,1470.6532981845965,871.6613971931041,0.0,54.23445129394531,1.5158379077911377,0,1,0,0,0,-0.04181313661753702,-0.9662457318716738,-0.9524772674076435,2,0,0,0,164,False,False,
175,7,1264.3712586534896,892.0598649135878,2.1304524303281096,238.65281677246094,13.584714889526367,0,7,0,6,6,-0.48076012824043407,-0.9395499392847027,0.5380845174588984,0,0,0,0,163,True,True,collision
177,0,1326.3106676377754,868.4657400202635,0.8910059167894155,176.3779754638672,14.442160606384277,0,5,0,4,4,0.4382905225443286,-0.9651431964910996,-0.08975107492633627,0,0,0,0,165,False,False,
177,1,1422.570109341777,865.424751992743,1.4800081232796802,85.69163513183594,4.54938268661499,0,2,0,1,1,1.0,-0.9810978484750713,-0.15025928242042208,0,0,0,2,165,False,False,
177,2,1357.5811245159814,882.361048251777,0.0,146.63209533691406,11.555009841918945,0,4,0,3,3,-0.7239709970378354,-0.9745385178584597,-0.09751782720291147,3,0,0,0,165,False,False,
177,3,1367.093564211017,864.8557666400084,0.0,136.49111938476562,11.591604232788086,0,4,0,3,3,0.48374647934823667,-0.9503926351251951,0.16390369748589073,1,0,0,0,165,False,False,
177,4,1407.8992311074855,871.1005442940008,0.31495162239999996,97.29094696044922,8.35246753692627,0,3,0,2,2,0.0643050653487099,-0.945055142333462,-0.7559226002726207,0,0,0,0,165,False,False,
177,5,1378.373963537297,873.1934524388932,0.7468845386389693,125.88191986083984,11.93705940246582,0,4,0,3,3,0.03662774999964648,-0.9281742035814007,-0.8729533577505096,0,0,0,0,165,False,False,
177,6,1470.4279916860423,871.6826150115646,0.2263033674316274,54.460792541503906,1.5324561595916748,0,1,0,0,0,-0.04352186933593221,-0.9668479187222675,-0.951502206910699,0,0,0,0,165,False,False,
175,7,1264.3712586534896,892.0598649135878,2.1304524303281096,238.65281677246094,13.584714889526367,0,7,0,6,6,-0.48076012824043407,-0.9395499392847027,0.5380845174588984,0,0,0,0,163,True,True,collision
178,0,1325.8437218598235,868.4548365005156,0.46707306311750435,176.8450164794922,14.447320938110352,0,5,0,4,4,0.45107030062235304,-0.9660982742851343,-0.08607391953080235,0,0,0,0,166,False,False,
178,1,1420.8895254776462,865.1899105792559,1.6969126712547737,87.38851165771484,4.538114070892334,0,2,0,1,1,1.0,-0.979710197776557,-0.1136214546412131,0,0,0,3,166,False,False,
178,2,1357.3803655861807,882.4142330279643,0.20768429963009225,146.83982849121094,11.555742263793945,0,4,0,3,3,-0.737992277844416,-0.9747651314110832,-0.09180745077201569,0,0,0,0,166,False,False,
178,3,1367.2290871372231,864.8810022679585,-0.13785245897500004,136.62905883789062,11.592565536499023,0,4,0,3,3,0.48113989205200924,-0.9501254950547681,0.16042658821702593,0,0,0,0,166,False,False,
178,4,1407.3246473515696,871.125918684239,0.5751437665856591,97.8660888671875,8.365811347961426,0,3,0,2,2,0.06355957579675078,-0.9465814433952906,-0.7560541824848325,0,0,0,0,166,False,False,
178,5,1377.9090898154784,873.1979645104186,0.4648956184207453,126.34690856933594,11.95260238647461,0,4,0,3,3,0.037194654224940865,-0.9294120813488862,-0.8719430361936557,0,0,0,0,166,False,False,
178,6,1469.893283623785,871.7361858444664,0.537384914173035,54.998138427734375,1.5494365692138672,0,1,0,0,0,-0.04945101591303095,-0.9682767048919017,-0.9488116644043559,0,0,0,0,166,False,False,
175,7,1264.3712586534896,892.0598649135878,2.1304524303281096,238.65281677246094,13.584714889526367,0,7,0,6,6,-0.48076012824043407,-0.9395499392847027,0.5380845174588984,0,0,0,0,163,True,True,collision
179,0,1325.0899342781659,868.4424162714265,0.7538898993566456,177.59890747070312,14.454896926879883,0,5,0,4,4,0.4722056144791073,-0.9676077716028335,-0.08077844299737358,0,0,0,0,167,False,False,
179,1,1419.7436445129554,865.0380555332475,1.1558992777223014,88.54439544677734,4.5351176261901855,0,2,0,1,1,1.0,-0.9782893432767121,-0.08964084659475069,0,0,0,4,167,False,False,
179,2,1357.3803655861807,882.4142330279643,0.0,146.83982849121094,11.539322853088379,0,4,0,3,3,-0.737992277844416,-0.9747651314110832,-0.09180745077201569,1,0,0,0,167,False,False,
179,3,1367.1372675423052,864.8639875699143,0.09338274980126512,136.7225341796875,11.58256721496582,0,4,0,3,3,0.4827703332445417,-0.9503068643179238,0.16276905460796165,1,0,0,0,167,False,False,
179,4,1406.8235395117624,871.14743928007,0.5015697390803511,98.3677749633789,8.378573417663574,0,3,0,2,2,0.06598064284272248,-0.9479122720888813,-0.7560980622796935,0,0,0,0,167,False,False,
179,5,1377.7605882170503,873.1992749307574,0.14850738007636316,126.49535369873047,11.969258308410645,0,4,0,3,3,0.03796793710560501,-0.9298072362206851,-0.8716061337035359,0,0,0,0,167,False,False,
179,6,1469.5088167883002,871.7768183977398,0.38660800815961904,55.384796142578125,1.5650122165679932,0,1,0,0,0,-0.054687335399041914,-0.9693041244713386,-0.9466269115725227,0,0,0,0,167,False,False,
175,7,1264.3712586534896,892.0598649135878,2.1304524303281096,238.65281677246094,13.584714889526367,0,7,0,6,6,-0.48076012824043407,-0.9395499392847027,0.5380845174588984,0,0,0,0,163,True,True,collision
180,0,1324.0350542581577,868.4275835738288,1.0549842963429132,178.65394592285156,14.460872650146484,0,5,0,4,4,0.5104272732164999,-0.9696274723698108,-0.07365865327278098,0,0,0,0,168,False,False,
180,1,1418.6650218088275,864.9080320001073,1.0864313402283001,89.63082122802734,4.531717300415039,0,2,0,1,1,1.0,-0.9766868588163878,-0.06859769780582725,0,0,0,5,168,False,False,
180,2,1357.1232866768778,882.4823989998827,0.26596271418374606,147.1057891845703,11.54008674621582,0,4,0,3,3,-0.7547164352669142,-0.9750402223710921,-0.08448652864570205,0,0,0,0,168,False,False,
180,3,1367.1372675423052,864.8639875699143,0.0,136.7225341796875,11.567657470703125,0,4,0,3,3,0.4827703332445417,-0.9503068643179238,0.16276905460796165,2,0,0,0,168,False,False,
180,4,1406.605006665392,871.1564167855265,0.21871717021516598,98.58646392822266,8.392501831054688,0,3,0,2,2,0.06792517728564336,-0.9484921649009919,-0.7560615005483402,0,0,0,0,168,False,False,
180,5,1377.2996629806782,873.2037910755607,0.4609473604313612,126.95631408691406,11.982823371887207,0,4,0,3,3,0.03801339772219529,-0.931034309563579,-0.8706108484802955,0,0,0,0,168,False,False,
180,6,1468.818537572069,871.8559297767916,0.6947978171066578,56.079627990722656,1.5798746347427368,0,1,0,0,0,-0.06416884318520191,-0.971148159107062,-0.941957872709832,0,0,0,0,168,False,False,
175,7,1264.3712586534896,892.0598649135878,2.1304524303281096,238.65281677246094,13.584714889526367,0,7,0,6,6,-0.48076012824043407,-0.9395499392847027,0.5380845174588984,0,0,0,0,163,True,True,collision
181,0,1322.6852856523653,868.4238362616663,1.3497738075436636,180.00367736816406,14.464184761047363,0,5,0,4,4,0.5615750160110098,-0.9720422127971748,-0.06637798049575994,0,0,0,0,169,False,False,
181,1,1417.3966851941682,864.7579484510969,1.2771855150168292,90.9079818725586,7.7420196533203125,0,3,1,2,2,0.26585101235618824,-0.9165529245849063,-0.044199045381484336,0,0,0,0,169,False,False,
181,2,1356.5662520002288,882.6303202102334,0.5763404510019667,147.68209838867188,11.542533874511719,0,4,0,3,3,-0.7920981079301012,-0.9755757691200447,-0.06861490668954473,0,0,0,0,169,False,False,
181,3,1366.9760822945655,864.8341449573514,0.16392457293973922,136.88641357421875,11.569272994995117,0,4,0,3,3,0.48654573412162627,-0.9506232246017954,0.16688352147045515,0,0,0,0,169,False,False,
181,4,1406.5669432545706,871.1579831113344,0.03809562468193833,98.62458038330078,8.385089874267578,0,3,0,2,2,0.06801624723555998,-0.9485932186608943,-0.7560541824848325,1,0,0,0,169,False,False,
181,5,1376.5319205633855,873.2079810997839,0.7677538509271478,127.72415161132812,11.992168426513672,0,4,0,3,3,0.04202263274672254,-0.9330775430531292,-0.8685609616987421,0,0,0,0,169,False,False,
181,6,1468.545584860177,871.8878668685309,0.27481477536326987,56.35443878173828,1.5960298776626587,0,1,0,0,0,-0.0673827667015669,-0.9718769913175074,-0.9400296701737343,0,0,0,0,169,False,False,
175,7,1264.3712586534896,892.0598649135878,2.1304524303281096,238.65281677246094,13.584714889526367,0,7,0,6,6,-0.48076012824043407,-0.9395499392847027,0.5380845174588984,0,0,0,0,163,True,True,collision
182,0,1321.0473216704181,868.4249803661892,1.6379643815209188,181.64161682128906,14.465928077697754,0,5,0,4,4,0.643912708651558,-0.974606149722722,-0.058226057954717914,0,0,0,0,170,False,False,
182,1,1415.8422517314407,864.5595767215323,1.5670401185474485,92.47502899169922,7.756221294403076,0,3,0,2,2,0.2854978266573741,-0.920338188574714,-0.012571632693128554,0,0,0,0,170,False,False,
182,2,1356.0642074205002,882.7650863563488,0.5198179240596982,148.2019500732422,11.542231559753418,0,4,0,3,3,-0.8286610721674985,-0.9759809847144225,-0.054134345695943886,0,0,0,0,170,False,False,
182,3,1366.5076311893015,864.749159300949,0.4760976788613948,137.36245727539062,11.570637702941895,0,4,0,3,3,0.4957479545773102,-0.951534788478271,0.17863335850061102,0,0,0,0,170,False,False,
182,4,1406.5669432545706,871.1579831113344,0.0,98.62458038330078,8.382609367370605,0,3,0,2,2,0.06801624723555998,-0.9485932186608943,-0.7560541824848325,2,0,0,0,170,False,False,
182,5,1376.0380691862915,873.2091900530188,0.4938528568566362,128.21792602539062,12.004236221313477,0,4,0,3,3,0.04482095071231211,-0.9343910714699886,-0.8670601154904767,0,0,0,0,170,False,False,
182,6,1467.964544563199,871.9561119953873,0.5850343785215218,56.93936538696289,1.6119531393051147,0,1,0,0,0,-0.07162843463761419,-0.973427476686712,-0.9359102579011359,0,0,0,0,170,False,False,
175,7,1264.3712586534896,892.0598649135878,2.1304524303281096,238.65281677246094,13.584714889526367,0,7,0,6,6,-0.48076012824043407,-0.9395499392847027,0.5380845174588984,0,0,0,0,163,True,True,collision
183,0,1319.7286914952183,868.4161666448223,1.3186596303184441,182.9603729248047,14.466341018676758,0,5,0,4,4,0.7291300138814519,-0.9762604399443101,-0.05049086482701981,0,0,0,0,171,False,False,
183,1,1414.0058407560211,864.3349555263325,1.8500972817596635,94.32514190673828,7.765431880950928,0,3,0,2,2,0.3000809000901578,-0.9247653242459427,0.023634257822009452,0,0,0,0,171,False,False,
183,2,1355.267843591285,882.9825059502527,0.8255099201678338,149.02748107910156,14.755486488342285,0,5,1,4,4,-0.2738282765902808,-0.8938685276489728,-0.030729234737521094,0,0,0,0,171,False,False,
183,3,1365.81292672879,864.6290852164983,0.7050050164440153,138.0675811767578,11.575470924377441,0,4,0,3,3,0.5081423535126053,-0.9528660404176221,0.19533249335685632,0,0,0,0,171,False,False,
183,4,1406.2522830896648,871.1715295157996,0.31495162239999996,98.93944549560547,8.395869255065918,0,3,0,2,2,0.06791546374462125,-0.9494281699488859,-0.7560834547388635,0,0,0,0,171,False,False,
183,5,1375.315645683342,873.2089635639078,0.7224235384532117,128.94033813476562,12.022388458251953,0,4,0,3,3,0.047985503083446526,-0.93631220277459,-0.8646294178377569,0,0,0,0,171,False,False,
183,6,1467.900934567789,871.9635947861855,0.06404860399892694,57.0035285949707,1.6108016967773438,0,1,0,0,0,-0.07220745358108648,-0.9735974780465273,-0.9354556089126238,1,0,0,0,171,False,False,
175,7,1264.3712586534896,892.0598649135878,2.1304524303281096,238.65281677246094,13.584714889526367,0,7,0,6,6,-0.48076012824043407,-0.9395499392847027,0.5380845174588984,0,0,0,0,163,True,True,collision
184,0,1318.4723184414058,868.3911982925672,1.2566211318295297,184.2169647216797,14.46721076965332,0,5,0,4,4,0.8242514849320741,-0.9773937633770726,-0.04113729338905581,0,0,0,0,172,False,False,
184,1,1412.7092531449575,864.1796595235784,1.305854617342515,95.63103485107422,7.776381492614746,0,3,0,2,2,0.31237175563792335,-0.9278547765831213,0.04879376016167436,0,0,0,0,172,False,False,
184,2,1354.9779491335084,883.0623947577669,0.3007008783086878,149.3282012939453,14.767480850219727,0,5,0,4,4,-0.27737625384911047,-0.8945960775396667,-0.02211999039961543,0,0,0,0,172,False,False,
184,3,1365.3228003423108,864.5480086040562,0.4967869682351099,138.56434631347656,11.576626777648926,0,4,0,3,3,0.5165250883145973,-0.9537879588674807,0.20667960820460118,0,0,0,0,172,False,False,
184,4,1405.6286068932552,871.2025958511734,0.6244494496447341,99.56387329101562,8.414250373840332,0,3,0,2,2,0.06578281164615304,-0.9510847282974118,-0.7566476602836001,0,0,0,0,172,False,False,
184,5,1374.291504122189,873.2134654144227,1.0241514555662805,129.9645233154297,12.038753509521484,0,4,0,3,3,0.04700255655889755,-0.9390362178396052,-0.8617525041212704,0,0,0,0,172,False,False,
184,6,1467.7438689537557,871.9821413378464,0.15815682625207456,57.161598205566406,1.6272507905960083,0,1,0,0,0,-0.0736581516819298,-0.9740162322792727,-0.9343344301281016,0,0,0,0,172,False,False,
175,7,1264.3712586534896,892.0598649135878,2.1304524303281096,238.65281677246094,13.584714889526367,0,7,0,6,6,-0.48076012824043407,-0.9395499392847027,0.5380845174588984,0,0,0,0,163,True,True,collision
185,0,1317.7483434381234,868.3710368749641,0.7242556787058174,184.9412384033203,14.46576976776123,0,5,0,4,4,0.8828611116072125,-0.9778270826900595,-0.035065530400093414,0,0,0,0,173,False,False,
185,1,1411.875667861732,864.0757251858308,0.8400397436867385,96.47110748291016,7.779870986938477,0,3,0,2,2,0.3251144840475288,-0.9298174456786362,0.06547185558533464,0,0,0,0,173,False,False,
185,2,1354.3906381924287,883.228894689671,0.6104558696876107,149.93862915039062,14.777647018432617,0,5,0,4,4,-0.28632522151633566,-0.8960643638945671,-0.004118011549505085,0,0,0,0,173,False,False,
185,3,1365.213530344369,864.5300163250458,0.11074138591413642,138.67507934570312,11.571560859680176,0,4,0,3,3,0.5190148305244476,-0.9539908882022721,0.20919805115394996,0,0,0,0,173,False,False,
185,4,1405.5258823432587,871.2077991311153,0.10285624577110099,99.66679382324219,8.428983688354492,0,3,0,2,2,0.06561471365371384,-0.9513577373911156,-0.7567573454776597,0,0,0,0,173,False,False,
185,5,1373.3073093356484,873.2273566084549,0.9842928137122645,130.94886779785156,12.054863929748535,0,4,0,3,3,0.042650497092196815,-0.941655523377003,-0.860141929839667,0,0,0,0,173,False,False,
185,6,1467.5914559931266,872.0001154014076,0.15346914194270098,57.31512451171875,1.6425790786743164,0,1,0,0,0,-0.0747395184615559,-0.9744228515604285,-0.933234326508896,0,0,0,0,173,False,False,
175,7,1264.3712586534896,892.0598649135878,2.1304524303281096,238.65281677246094,13.584714889526367,0,7,0,6,6,-0.48076012824043407,-0.9395499392847027,0.5380845174588984,0,0,0,0,163,True,True,collision
186,0,1317.0850395238529,868.3493658821333,0.6636578294699357,185.60479736328125,14.463546752929688,0,5,0,4,4,0.9365348979788394,-0.9780732123702198,-0.029110799254883912,0,0,0,1,174,False,False,
186,1,1411.0059819528694,863.9590464410078,0.8774779254018757,97.3485336303711,7.788588047027588,0,3,0,2,2,0.34190897166691153,-0.9318380004058212,0.08384922822444452,0,0,0,0,174,False,False,
186,2,1353.890784424515,883.371811456914,0.5198836328031889,150.4585418701172,14.784070014953613,0,5,0,4,4,-0.29150573424857007,-0.8973097617195269,0.01134402753970254,0,0,0,0,174,False,False,
186,3,1364.7952900012824,864.4614081627992,0.4238302307669871,139.098876953125,11.574812889099121,0,4,0,3,3,0.5302011742377482,-0.9547588205791092,0.21881764563489514,0,0,0,0,174,False,False,
186,4,1405.2754709495255,871.2209179782873,0.25075480107571674,99.9175033569336,8.446293830871582,0,3,0,2,2,0.06540941265985604,-0.9520228213005556,-0.7570650471792124,0,0,0,0,174,False,False,
186,5,1372.2263818931112,873.2501154040392,1.081167007823664,132.02992248535156,12.067869186401367,0,4,0,3,3,0.0402189714702571,-0.9445328586139422,-0.8592779123805969,0,0,0,0,174,False,False,
186,6,1467.4220375492687,872.0202817710782,0.1706144530364916,57.48575210571289,1.6512837409973145,0,1,0,0,0,-0.07679297632420357,-0.9748746163717513,-0.9320027121429428,0,0,0,0,174,False,False,
175,7,1264.3712586534896,892.0598649135878,2.1304524303281096,238.65281677246094,13.584714889526367,0,7,0,6,6,-0.48076012824043407,-0.9395499392847027,0.5380845174588984,0,0,0,0,163,True,True,collision
187,0,1316.1607920872884,868.3114526107067,0.925024724072834,186.52989196777344,14.459905624389648,0,5,0,4,4,1.0,-0.9781596916768353,-0.019888895787688377,0,0,0,2,175,False,False,
187,1,1410.6572888146068,863.9123515682155,0.351805792755872,97.70027923583984,7.787379741668701,0,3,0,2,2,0.3462878080980608,-0.9326423327247231,0.0912102853553085,0,0,0,0,175,False,False,
187,2,1353.0986853265197,883.6045174270779,0.8255743755682226,151.28411865234375,14.793336868286133,0,5,0,4,4,-0.3023665313249593,-0.8992726058384795,0.036593747881048966,0,0,0,0,175,False,False,
187,3,1364.4617427607873,864.4070664847143,0.337944935779397,139.43678283691406,11.575862884521484,0,4,0,3,3,0.5390065367923588,-0.9553607025168811,0.22644626946276158,0,0,0,0,175,False,False,
187,4,1404.7925581348086,871.2488836431386,0.4837218881013847,100.4012222290039,8.461402893066406,0,3,0,2,2,0.06361303386667475,-0.9533064727769909,-0.7579662266795327,0,0,0,0,175,False,False,
187,5,1370.8515192213586,873.2881065797238,1.375387471081758,133.4053192138672,12.089141845703125,0,4,0,3,3,0.03858456997593925,-0.948194303465607,-0.8592486544196587,0,0,0,0,175,False,False,
187,6,1467.4079715409098,872.0219567955475,0.014165390856872583,57.49989318847656,1.645547866821289,0,1,0,0,0,-0.07694219693582656,-0.9749120409510956,-0.9319004379174941,1,0,0,0,175,False,False,
175,7,1264.3712586534896,892.0598649135878,2.1304524303281096,238.65281677246094,13.584714889526367,0,7,0,6,6,-0.48076012824043407,-0.9395499392847027,0.5380845174588984,0,0,0,0,163,True,True,collision
188,0,1315.762635218164,868.2937222058167,0.3985514517456713,186.92835998535156,14.457364082336426,0,5,0,4,4,1.0,-0.9781073887295368,-0.015750416529310085,0,0,0,3,176,False,False,
188,1,1410.1463923167296,863.8448075624635,0.5153420458843287,98.21571350097656,7.793211936950684,0,3,0,2,2,0.3520434537095563,-0.9338158225248152,0.10188974125271288,0,0,0,0,176,False,False,
188,2,1352.0220257346018,883.9314673566972,1.125207595666934,152.40933227539062,14.804574012756348,0,5,0,4,4,-0.3172086145031023,-0.9019185254810052,0.07220230146236628,0,0,0,0,176,False,False,
188,3,1364.4617427607873,864.4070664847143,0.0,139.43678283691406,11.563529014587402,0,4,0,3,3,0.5390065367923588,-0.9553607025168811,0.22644626946276158,1,0,0,0,176,False,False,
188,4,1404.0043434115514,871.3034210660206,0.7900992219043456,101.19131469726562,8.479763984680176,0,3,0,2,2,0.05912570593531478,-0.9554047010486263,-0.7605076386289928,0,0,0,0,176,False,False,
188,5,1369.3598124685834,873.3514830137087,1.4930524467210073,134.8983612060547,12.10597038269043,0,4,0,3,3,0.03156408224691758,-0.9521712488999641,-0.8618841720920388,0,0,0,0,176,False,False,
188,6,1467.4079715409098,872.0219567955475,0.0,57.49989318847656,1.6429716348648071,0,1,0,0,0,-0.07694219693582656,-0.9749120409510956,-0.9319004379174941,2,0,0,0,176,False,False,
175,7,1264.3712586534896,892.0598649135878,2.1304524303281096,238.65281677246094,13.584714889526367,0,7,0,6,6,-0.48076012824043407,-0.9395499392847027,0.5380845174588984,0,0,0,0,163,True,True,collision
189,0,1315.762635218164,868.2937222058167,0.0,186.92835998535156,14.438782691955566,0,5,0,4,4,1.0,-0.9781073887295368,-0.015750416529310085,1,0,0,4,177,False,False,
189,1,1410.1463923167296,863.8448075624635,0.0,98.21571350097656,7.78459358215332,0,3,0,2,2,0.3520434537095563,-0.9338158225248152,0.10188974125271288,1,0,0,0,177,False,False,
189,2,1350.9327374056493,884.2771156432416,1.1428131087728919,153.55209350585938,14.814805030822754,0,5,0,4,4,-0.33506841807064547,-0.9045653852543468,0.10845255773751994,0,0,0,0,177,False,False,
189,3,1364.4697582912845,864.4083720961288,-0.008121166807631048,139.44482421875,11.547015190124512,0,4,0,3,3,0.5387542442713608,-0.9553465819171548,0.22625554243259072,2,0,0,0,177,False,False,
189,4,1402.916584157841,871.3801015930721,1.0904586637106253,102.28178405761719,8.491975784301758,0,3,0,2,2,0.062358468540560034,-0.9582996005320097,-0.76419214067422,0,0,0,0,177,False,False,
189,5,1368.0303565389095,873.4315491749558,1.3318647300390989,136.23023986816406,12.126558303833008,0,4,0,3,3,0.021928815403926667,-0.9557209721493686,-0.8670527974269688,0,0,0,0,177,False,False,
189,6,1467.5448658719226,872.0057320434086,-0.13785245897500004,57.637813568115234,1.6475211381912231,0,1,0,0,0,-0.0754846589464604,-0.9745468704018605,-0.9328901059552686,0,0,0,0,177,False,False,
175,7,1264.3712586534896,892.0598649135878,2.1304524303281096,238.65281677246094,13.584714889526367,0,7,0,6,6,-0.48076012824043407,-0.9395499392847027,0.5380845174588984,0,0,0,0,163,True,True,collision
190,0,1315.6886025425777,868.290401403346,0.0741071169558139,187.00253295898438,14.421006202697754,0,5,0,4,4,1.0,-0.9780920038730226,-0.014981448137284081,2,0,0,5,178,False,False,
190,1,1409.8341009121623,863.8039590241073,0.31495162239999996,98.53062438964844,7.790485382080078,0,3,0,2,2,0.35544381933021896,-0.9345295782334544,0.10835753725666142,0,0,0,0,178,False,False,
190,2,1350.2838606215855,884.4895445239383,0.6827643153027874,154.2349090576172,14.824426651000977,0,5,0,4,4,-0.3471729118527757,-0.9061267811665801,0.130616799552409,0,0,0,0,178,False,False,
190,3,1364.5140012938953,864.4155694001938,-0.04482459666097813,139.48971557617188,11.53162956237793,0,4,0,3,3,0.5373495091383063,-0.9552671172070795,0.22524530663429343,3,0,0,0,178,False,False,
190,4,1402.3567423515067,871.4178419310335,0.5611124497184984,102.84298706054688,8.508306503295898,0,3,0,2,2,0.06670144777734208,-0.9597882283878677,-0.7658768818143035,0,0,0,0,178,False,False,
190,5,1366.4247624873942,873.552294358468,1.6101278389005855,137.84036254882812,12.145545959472656,0,4,0,3,3,0.013773324090026524,-0.9600137259453274,-0.8761744920206237,0,0,0,0,178,False,False,
190,6,1467.816471746072,871.9736215388147,-0.27349741384103204,57.911312103271484,1.6525983810424805,0,1,0,0,0,-0.07320643681193593,-0.9738224967163432,-0.9348402269491576,0,0,0,0,178,False,False,
175,7,1264.3712586534896,892.0598649135878,2.1304524303281096,238.65281677246094,13.584714889526367,0,7,0,6,6,-0.48076012824043407,-0.9395499392847027,0.5380845174588984,0,0,0,0,163,True,True,collision
191,0,1315.301208371348,868.2736707901456,0.3877552801971777,187.39035034179688,14.409162521362305,0,5,0,4,4,1.0,-0.9779841336210218,-0.010223220375592756,0,0,0,6,179,False,False,
191,1,1409.2150211459386,863.7222439201544,0.6244494496447341,99.15513610839844,7.795889854431152,0,3,0,2,2,0.3649735554562363,-0.9359349043702587,0.12128523947733938,0,0,0,0,179,False,False,
191,2,1349.3501470489593,884.8041287703396,0.9852838594993842,155.22019958496094,14.831544876098633,0,5,0,4,4,-0.36224230685161335,-0.9083509020606723,0.16357747193608407,0,0,0,0,179,False,False,
191,3,1364.5096946767655,864.4148686237986,0.004363260095099497,139.49417114257812,11.512340545654297,0,4,0,3,3,0.5375037303182731,-0.9552749754497964,0.22534810255762894,4,0,0,0,179,False,False,
191,4,1401.4928780573139,871.4788042178819,0.8660126553342559,103.70890808105469,8.521332740783691,0,3,0,2,2,0.06863416048784579,-0.9620847117325227,-0.7688064369915304,0,0,0,0,179,False,False,
191,5,1364.5375887020962,873.689290434238,1.892139746607587,139.73252868652344,12.16338062286377,0,4,0,3,3,0.01765462608510562,-0.9650578163142008,-0.8863138262346402,0,0,0,0,179,False,False,
191,6,1467.8419115025781,871.9706183491616,-0.025616408006960995,57.9368782043457,1.6503758430480957,0,1,0,0,0,-0.07290840370619536,-0.9737547660486892,-0.9350228712353565,1,0,0,0,179,False,False,
175,7,1264.3712586534896,892.0598649135878,2.1304524303281096,238.65281677246094,13.584714889526367,0,7,0,6,6,-0.48076012824043407,-0.9395499392847027,0.5380845174588984,0,0,0,0,163,True,True,collision
192,0,1314.605894831882,868.2445294458245,0.6959239442017368,188.08627319335938,14.397632598876953,0,5,0,4,4,1.0,-0.9776736347526226,-0.0008778245867038237,0,0,0,7,180,False,False,
192,1,1408.8998086753663,863.6800374935218,0.31802560282680703,99.47312927246094,7.804462909698486,0,3,0,2,2,0.370799164819645,-0.9366448101062356,0.1279285546607316,0,0,0,0,180,False,False,
192,2,1348.1395695378724,885.2247579520632,1.2815720108004107,156.5017547607422,14.839740753173828,0,5,0,4,4,-0.3816457232198104,-0.9111927893257924,0.20783288927552657,0,0,0,0,180,False,False,
192,3,1364.5096946767655,864.4148686237986,0.0,139.49417114257812,11.490710258483887,0,4,0,3,3,0.5375037303182731,-0.9552749754497964,0.22534810255762894,5,0,0,0,180,False,False,
192,4,1400.3319055798909,871.5732851944872,1.1648106061819699,104.8737564086914,8.538209915161133,0,3,0,2,2,0.06729387146559165,-0.965175053595838,-0.7742488036395474,0,0,0,0,180,False,False,
192,5,1362.4273957163134,873.8180771882985,2.1141193119755184,141.8466796875,12.184279441833496,0,4,0,3,3,0.029787275611322963,-0.9706903888808298,-0.8947182219666998,0,0,0,0,180,False,False,
192,6,1467.8850826595374,871.9655163676596,-0.04347158851999498,57.98039245605469,1.6431219577789307,0,1,0,0,0,-0.07266770029252206,-0.9736394880346921,-0.9353387128532523,2,0,0,0,180,False,False,
175,7,1264.3712586534896,892.0598649135878,2.1304524303281096,238.65281677246094,13.584714889526367,0,7,0,6,6,-0.48076012824043407,-0.9395499392847027,0.5380845174588984,0,0,0,0,163,True,True,collision
193,0,1314.040302055039,868.2226149903834,0.5660171663246988,188.65225219726562,14.393248558044434,0,5,0,4,4,1.0,-0.9773167245318347,0.0065103322480872805,0,0,0,8,181,False,False,
193,1,1408.2780220642398,863.5957920989744,0.6274678288793615,100.10052490234375,7.810763835906982,0,3,0,2,2,0.38127270350193876,-0.9380336106692767,0.14117928077843156,0,0,0,0,181,False,False,
193,2,1346.9519851130144,885.6495197499918,1.261261016263019,157.76295471191406,14.846796035766602,0,5,0,4,4,-0.4016491068319371,-0.9139305934779214,0.2527103420131285,0,0,0,0,181,False,False,
193,3,1364.2270637168824,864.3685958940713,0.28639382849660605,139.78053283691406,11.491230964660645,0,4,0,3,3,0.5463488233692178,-0.9557779604589366,0.2318343080650891,0,0,0,0,181,False,False,
193,4,1398.8810078963847,871.708567240453,1.457190900316205,106.33097839355469,8.553585052490234,0,3,0,2,2,0.06729829820312211,-0.9690416826078782,-0.7831112072369245,0,0,0,0,181,False,False,
193,5,1360.047731442621,873.9485103664255,2.3832362177184607,144.22988891601562,12.206355094909668,0,4,0,3,3,0.04306411822726943,-0.9770342306166568,-0.9024272730276875,0,0,0,0,181,False,False,
193,6,1467.7343876451273,871.9833313444839,0.15174439286930208,58.132198333740234,1.6540073156356812,0,1,0,0,0,-0.07382298369553174,-0.9740416286375917,-0.9342532239214232,0,0,0,0,181,False,False,
175,7,1264.3712586534896,892.0598649135878,2.1304524303281096,238.65281677246094,13.584714889526367,0,7,0,6,6,-0.48076012824043407,-0.9395499392847027,0.5380845174588984,0,0,0,0,163,True,True,collision
194,0,1313.3128988694543,868.1953023543564,0.7279157743074018,189.38018798828125,14.388264656066895,0,5,0,4,4,1.0,-0.9767237234786847,0.01590055117596134,0,0,0,9,182,False,False,
194,1,1407.710093115157,863.5182424260128,0.5731991303053098,100.67378234863281,7.818410396575928,0,3,0,2,2,0.3909843588525645,-0.9392892732315319,0.15333801460708352,0,0,0,0,182,False,False,
194,2,1346.2660407271849,885.8957784399834,0.7288093322998722,158.49183654785156,14.850005149841309,0,5,0,4,4,-0.41105418956198037,-0.9154910496260947,0.27873463363887385,0,0,0,0,182,False,False,
194,3,1364.2270637168824,864.3685958940713,0.0,139.78053283691406,11.47620964050293,0,4,0,3,3,0.5463488233692178,-0.9557779604589366,0.2318343080650891,1,0,0,0,182,False,False,
194,4,1397.8965616073156,871.8123027357977,0.989896736562139,107.32080841064453,8.569137573242188,0,3,0,2,2,0.06519628750064549,-0.9716685794592437,-0.7905533204969926,0,0,0,0,182,False,False,
194,5,1357.8194362674774,874.0892288661247,2.2327339930511414,146.4626007080078,12.228001594543457,0,4,0,3,3,0.05097313783340414,-0.982973997336878,-0.9118785663410471,0,0,0,0,182,False,False,
194,6,1467.2734947501808,872.0380391510173,0.46412843557335937,58.59636688232422,1.6713190078735352,0,1,0,0,0,-0.07782497588778546,-0.9752706254439186,-0.9309107627331732,0,0,0,0,182,False,False,
175,7,1264.3712586534896,892.0598649135878,2.1304524303281096,238.65281677246094,13.584714889526367,0,7,0,6,6,-0.48076012824043407,-0.9395499392847027,0.5380845174588984,0,0,0,0,163,True,True,collision
195,0,1312.2842836572365,868.151829463169,1.0295334608812365,190.40966796875,14.383978843688965,0,5,0,4,4,1.0,-0.9756327461204715,0.029759133943774163,0,0,0,10,183,False,False,
195,1,1407.3541811992955,863.470320267658,0.35912369054901083,101.03295135498047,7.823105812072754,0,3,0,2,2,0.3956426533436052,-0.940070552710541,0.1608745909173912,0,0,0,0,183,False,False,
195,2,1345.574030589202,886.1478882468508,0.7365034866106313,159.2283477783203,14.851301193237305,0,5,0,4,4,-0.42316976279221435,-0.9170455880763808,0.3054327588310446,0,0,0,0,183,False,False,
195,3,1364.2779350461865,864.3769201710365,-0.05154789745617568,139.8321075439453,11.45759391784668,0,4,0,3,3,0.5448003197038879,-0.955687852064,0.23067039293312908,2,0,0,0,183,False,False,
195,4,1397.4368518635927,871.8612925022225,0.46231271417519937,107.78312683105469,8.580008506774902,0,3,0,2,2,0.06737441694478592,-0.9728948117345335,-0.7940909896000027,0,0,0,0,183,False,False,
195,5,1355.3247261932422,874.229257882107,2.498636924366526,148.96127319335938,12.246805191040039,0,4,0,3,3,0.09089935640191098,-0.9895957470411754,-0.9203561212685452,0,0,0,0,183,False,False,
195,6,1466.9452379594718,872.0763056166628,0.33047971653273944,58.92683792114258,1.685168743133545,0,1,0,0,0,-0.07930997685670162,-0.9761452912504663,-0.928616428332203,0,0,0,0,183,False,False,
175,7,1264.3712586534896,892.0598649135878,2.1304524303281096,238.65281677246094,13.584714889526367,0,7,0,6,6,-0.48076012824043407,-0.9395499392847027,0.5380845174588984,0,0,0,0,163,True,True,collision
196,0,1311.6401494806153,868.1225215517354,0.6448005824782229,191.05450439453125,14.379759788513184,0,5,0,4,4,1.0,-0.9748157431910651,0.03869368907354809,0,0,0,11,184,False,False,
196,1,1407.03781644891,863.4287802211461,0.3190802888782218,101.3519515991211,7.828427791595459,0,3,0,2,2,0.3988513801579466,-0.9407616866270072,0.16745936159272157,0,0,0,0,184,False,False,
196,2,1344.6029051993896,886.5142932309426,1.0379485223774276,160.2662353515625,14.853924751281738,0,5,0,4,4,-0.4440814675840196,-0.9191858301272144,0.34441459665521057,0,0,0,0,184,False,False,
196,3,1364.0448712168957,864.3388210000392,0.23615735295422635,140.0682373046875,11.459290504455566,0,4,0,3,3,0.5515926623399233,-0.9560982009697172,0.23600720509090234,0,0,0,0,184,False,False,
196,4,1397.4368518635927,871.8612925022225,0.0,107.78312683105469,8.581442832946777,0,3,0,2,2,0.06737441694478592,-0.9728948117345335,-0.7940909896000027,1,0,0,0,184,False,False,
196,5,1352.8192062999794,874.3592814996683,2.508891403919085,151.4701385498047,12.263409614562988,0,4,0,3,3,0.25483695372891635,-0.9960890971449946,-0.9275965875755519,0,0,0,0,184,False,False,
196,6,1466.4793721632313,872.1313065319006,0.4691013118545589,59.39589309692383,1.6918859481811523,0,1,0,0,0,-0.08467014125625257,-0.9773856362245577,-0.9252739742904994,0,0,0,0,184,False,False,
175,7,1264.3712586534896,892.0598649135878,2.1304524303281096,238.65281677246094,13.584714889526367,0,7,0,6,6,-0.48076012824043407,-0.9395499392847027,0.5380845174588984,0,0,0,0,163,True,True,collision
197,0,1310.6929059386157,868.0829255505048,0.9480707627458778,192.00259399414062,17.58774757385254,0,6,1,5,5,0.24747197900046874,-0.9143841544904687,0.051407337936624,0,0,0,0,185,False,False,
197,1,1407.03781644891,863.4287802211461,0.0,101.3519515991211,7.814956188201904,0,3,0,2,2,0.3988513801579466,-0.9407616866270072,0.16745936159272157,1,0,0,0,185,False,False,
197,2,1344.1266146180708,886.6953088749696,0.5095285872603184,160.7758026123047,14.85197639465332,0,5,0,4,4,-0.4525998584585586,-0.9202203350484418,0.3636852304212357,0,0,0,0,185,False,False,
197,3,1363.8244824224025,864.3025863719595,0.22334764160433743,140.29164123535156,11.458925247192383,0,4,0,3,3,0.5588214418863952,-0.9564812999339393,0.241080795651881,0,0,0,0,185,False,False,
197,4,1397.2860020657547,871.8772898519896,0.15169567135323178,107.93486022949219,8.596923828125,0,3,0,2,2,0.06872148212848149,-0.9732971206615824,-0.795255362110932,0,0,0,0,185,False,False,
197,5,1350.7124546571877,874.4943560664428,2.111077360731958,153.58128356933594,15.484777450561523,0,5,1,4,4,-0.0040193348218189665,-0.9072792150759813,-0.9354411657423609,0,0,0,0,185,False,False,
197,6,1465.7088658788048,872.2213899269018,0.7757544407838466,60.17164993286133,1.701021432876587,0,1,0,0,0,-0.09237045336988609,-0.9794345593524462,-0.9198563489860995,0,0,0,0,185,False,False,
175,7,1264.3712586534896,892.0598649135878,2.1304524303281096,238.65281677246094,13.584714889526367,0,7,0,6,6,-0.48076012824043407,-0.9395499392847027,0.5380845174588984,0,0,0,0,163,True,True,collision
198,0,1309.4488117174888,868.0316754926896,1.2451493884138665,193.24766540527344,17.5960636138916,0,6,0,5,5,0.25677730462912224,-0.9174478140062075,0.06801671217015692,0,0,0,0,186,False,False,
198,1,1407.1744771234185,863.4468677994341,-0.13785245897500004,101.48973846435547,7.8161940574646,0,3,0,2,2,0.3972015725760975,-0.9404638522759174,0.1646029155851083,0,0,0,0,186,False,False,
198,2,1344.1266146180708,886.6953088749696,0.0,160.7758026123047,14.83266544342041,0,5,0,4,4,-0.4525998584585586,-0.9202203350484418,0.3636852304212357,1,0,0,0,186,False,False,
198,3,1363.3713544178338,864.226163113062,0.45952747798679466,140.7511749267578,11.460195541381836,0,4,0,3,3,0.5755405129389222,-0.9572496799331635,0.2517545343121701,0,0,0,0,186,False,False,
198,4,1397.053750548341,871.9020120768723,0.2335636010686131,108.16847229003906,8.612028121948242,0,3,0,2,2,0.07010380956519416,-0.9739163963196803,-0.7970357812141422,0,0,0,0,186,False,False,
198,5,1348.417475841268,874.638544532499,2.2995038767663663,155.88072204589844,15.504983901977539,0,5,0,4,4,-0.0034295499784115515,-0.9134109871266884,-0.941095559702077,0,0,0,0,186,False,False,
198,6,1464.6405769491578,872.3533301411308,1.076405805139173,61.24800491333008,1.7143429517745972,0,1,0,0,0,-0.11207144627405038,-0.9822666176923015,-0.9114924884651883,0,0,0,0,186,False,False,
175,7,1264.3712586534896,892.0598649135878,2.1304524303281096,238.65281677246094,13.584714889526367,0,7,0,6,6,-0.48076012824043407,-0.9395499392847027,0.5380845174588984,0,0,0,0,163,True,True,collision
199,0,1307.9508261465153,867.9861695383328,1.4986766037830155,194.74639892578125,17.605676651000977,0,6,0,5,5,0.26224135633051826,-0.9211256196215477,0.08607872200997924,0,0,0,0,187,False,False,
199,1,1407.445632017623,863.4825869641309,-0.27349741384103204,101.7633285522461,7.812098979949951,0,3,0,2,2,0.3923013190490123,-0.9398700253865239,0.1589411356696937,0,0,0,0,187,False,False,
199,2,1344.189893283931,886.6713032099977,-0.06767910684826256,160.8435516357422,14.813876152038574,0,5,0,4,4,-0.45127899517221537,-0.9200832138272909,0.3611364861151751,2,0,0,0,187,False,False,
199,3,1363.3713544178338,864.226163113062,0.0,140.7511749267578,11.442684173583984,0,4,0,3,3,0.5755405129389222,-0.9572496799331635,0.2517545343121701,1,0,0,0,187,False,False,
199,4,1396.6985330970087,871.9394790173747,0.3571879188347662,108.52566528320312,8.626389503479004,0,3,0,2,2,0.07339195184514312,-0.9748627936985441,-0.7997234400890151,0,0,0,0,187,False,False,
199,5,1346.100774808911,874.7946566291762,2.3219549220544136,158.20262145996094,15.527383804321289,0,5,0,4,4,-0.006805868178578104,-0.9196024059874961,-0.9480758166815944,0,0,0,0,187,False,False,
199,6,1463.2794462461577,872.5152681758713,1.3707299944720568,62.61880874633789,1.7250615358352661,0,1,0,0,0,-0.13732274231587857,-0.9858546576756039,-0.9015820081063561,0,0,0,0,187,False,False,
175,7,1264.3712586534896,892.0598649135878,2.1304524303281096,238.65281677246094,13.584714889526367,0,7,0,6,6,-0.48076012824043407,-0.9395499392847027,0.5380845174588984,0,0,0,0,163,True,True,collision
200,0,1306.4532049677434,867.9664836115571,1.4977505569416223,196.24407958984375,17.617788314819336,0,6,0,5,5,0.2642767425487168,-0.9247967216357115,0.10104473360705168,0,0,0,0,188,False,False,
200,1,1407.4002229632372,863.4766170685563,0.045799802110672805,101.80912780761719,7.795835971832275,0,3,0,2,2,0.39288693780978357,-0.9399696585890391,0.15989362737312507,1,0,0,0,188,False,False,
200,2,1344.3673683255229,886.604293447591,-0.18970423992591584,161.0331573486328,14.811498641967773,0,5,0,4,4,-0.44767609557491334,-0.9196982883023708,0.35400206026356695,0,0,0,0,188,False,False,
200,3,1363.060841440721,864.173473308574,0.31495162239999996,141.066162109375,11.435670852661133,0,4,0,3,3,0.5861342246272203,-0.9577633489683486,0.2591047286925148,0,0,0,0,188,False,False,
200,4,1396.3130866900237,871.9798276882557,0.3875525098610199,108.91314697265625,8.642560958862305,0,3,0,2,2,0.07705237029829119,-0.9758888303966299,-0.8026024405970488,0,0,0,0,188,False,False,
200,5,1343.5253573962439,875.0215801323448,2.5853953519256727,160.7880401611328,15.54628849029541,0,5,0,4,4,-0.02178880049657121,-0.9264931615426698,-0.9622270433777071,0,0,0,0,188,False,False,
200,6,1461.6342654532266,872.7245243962899,1.6584354094185711,64.27720642089844,1.7355536222457886,0,1,0,0,0,-0.20581865654252296,-0.9901178708158158,-0.8879840170062648,0,0,0,0,188,False,False,
175,7,1264.3712586534896,892.0598649135878,2.1304524303281096,238.65281677246094,13.584714889526367,0,7,0,6,6,-0.48076012824043407,-0.9395499392847027,0.5380845174588984,0,0,0,0,163,True,True,collision
201,0,1304.7661010528382,867.9496428528819,1.6871879654743742,197.93130493164062,17.623428344726562,0,6,0,5,5,0.27839534925893633,-0.9288967160057,0.11726522137199291,0,0,0,0,189,False,False,
201,1,1407.223658270705,863.4534218265559,0.1780817506103205,101.9872817993164,7.796389102935791,0,3,0,2,2,0.3957584565997403,-0.9403565064661659,0.1635628358090686,0,0,0,0,189,False,False,
201,2,1344.6712718843394,886.4905409278439,-0.32449500583240287,161.3577117919922,14.80602741241455,0,5,0,4,4,-0.4414674132156051,-0.9190346116392841,0.34191707879370403,0,0,0,0,189,False,False,
201,3,1362.4448711154114,864.0709175993251,0.6244494496447341,141.69061279296875,11.435708999633789,0,4,0,3,3,0.6045720022541837,-0.95875416534467,0.27344630365183953,0,0,0,0,189,False,False,
201,4,1396.3130866900237,871.9798276882557,0.0,108.91314697265625,8.637823104858398,0,3,0,2,2,0.07705237029829119,-0.9758888303966299,-0.8026024405970488,1,0,0,0,189,False,False,
201,5,1340.8337187708894,875.2719468218593,2.703257658588646,163.49130249023438,15.563068389892578,0,5,0,4,4,-0.027591019709281125,-0.9336957742825907,-0.9785900618639359,0,0,0,0,189,False,False,
201,6,1459.7107992863382,872.971557956507,1.9392647253631312,66.21646118164062,1.7446753978729248,0,1,0,0,0,-0.410115485081955,-0.9947534977489739,-0.871798604491027,0,0,0,0,189,False,False,
175,7,1264.3712586534896,892.0598649135878,2.1304524303281096,238.65281677246094,13.584714889526367,0,7,0,6,6,-0.48076012824043407,-0.9395499392847027,0.5380845174588984,0,0,0,0,163,True,True,collision
202,0,1303.07065517987,867.9294507561656,1.6955661086889464,199.62686157226562,17.635480880737305,0,6,0,5,5,0.29788388371605695,-0.9329614234144401,0.13396218367813417,0,0,0,0,190,False,False,
202,1,1407.223658270705,863.4534218265559,0.0,101.9872817993164,7.787703037261963,0,3,0,2,2,0.3957584565997403,-0.9403565064661659,0.1635628358090686,1,0,0,0,190,False,False,
202,2,1345.0351598095249,886.3540607657249,-0.3886402665034416,161.74635314941406,14.794435501098633,0,5,0,4,4,-0.4367277131824273,-0.9182353341478611,0.32740684533947406,0,1,0,0,190,False,False,
202,3,1361.8033569106499,863.9684433502767,0.6496471708771521,142.34022521972656,11.434173583984375,0,4,0,3,3,0.6225613922767643,-0.9597470997350721,0.2878609449014995,0,0,0,0,190,False,False,
202,4,1395.9997223404846,872.0114078860108,0.31495162239999996,109.22809600830078,8.65416145324707,0,3,0,2,2,0.08236939594480487,-0.9767219205615765,-0.8048069071771107,0,0,0,0,190,False,False,
202,5,1338.1156296894426,875.5031064724694,2.7279008484089924,166.21925354003906,15.588525772094727,0,5,0,4,4,-0.02533432157735294,-0.9409651809933449,-0.9925213223286238,0,0,0,0,190,False,False,
202,6,1458.3290161524333,873.1486875114251,1.3930899139573807,67.60960388183594,4.964075565338135,0,2,1,1,1,-0.09285285036764132,-0.9057735086146514,-0.8602164826116522,0,0,0,0,190,False,False,
175,7,1264.3712586534896,892.0598649135878,2.1304524303281096,238.65281677246094,13.584714889526367,0,7,0,6,6,-0.48076012824043407,-0.9395499392847027,0.5380845174588984,0,0,0,0,163,True,True,collision
203,0,1301.0958876857771,867.8764446427745,1.9754787530577202,201.60231018066406,17.644590377807617,0,6,0,5,5,0.33233672703637973,-0.9375791443319292,0.15693152682361844,0,0,0,0,191,False,False,
203,1,1406.9114140892436,863.4122138710634,0.31495162239999996,102.30224609375,7.794646263122559,0,3,0,2,2,0.4014217406811579,-0.9410369668692773,0.17008185825757138,0,0,0,0,191,False,False,
203,2,1345.2900855538958,886.258145982126,-0.2723725038541852,162.01869201660156,14.788616180419922,0,5,0,4,4,-0.433826111140774,-0.9176726426413978,0.3172034066043008,0,0,0,0,191,False,False,
203,3,1361.677258962325,863.9485231238815,0.1276616935161536,142.46788024902344,11.433467864990234,0,4,0,3,3,0.625946686776574,-0.9599368548693984,0.29066513536187766,0,0,0,0,191,False,False,
203,4,1395.6456348975255,872.0452082692935,0.35569703846297185,109.58383178710938,8.669742584228516,0,3,0,2,2,0.08935272424758378,-0.9776616047971983,-0.8070625859086342,0,0,0,0,191,False,False,
203,5,1335.147683119739,875.7669337475381,2.979649588741142,169.1988525390625,15.611894607543945,0,5,0,4,4,-0.032080307167764964,-0.9489020436684914,-0.9909030020840472,0,0,0,0,191,False,False,
203,6,1457.4771906034762,873.2526364243453,0.8581445929173499,68.46772766113281,4.979578018188477,0,2,0,1,1,-0.09119995095772487,-0.9080389689684338,-0.850725483086526,0,0,0,0,191,False,False,
175,7,1264.3712586534896,892.0598649135878,2.1304524303281096,238.65281677246094,13.584714889526367,0,7,0,6,6,-0.48076012824043407,-0.9395499392847027,0.5380845174588984,0,0,0,0,163,True,True,collision
204,0,1299.3070147445837,867.7908774142819,1.790918242222751,203.39329528808594,17.654844284057617,0,6,0,5,5,0.3725975455217969,-0.9416159794507301,0.18223361705694252,0,0,0,0,192,False,False,
204,1,1406.500939202711,863.3590453452184,0.413904004105417,102.71607208251953,7.79743766784668,0,3,0,2,2,0.40700106641781797,-0.9419262381474027,0.1785269035455217,0,0,0,0,192,False,False,
204,2,1345.5423893708746,886.1625816597083,-0.26979576679648604,162.28848266601562,14.784380912780762,0,5,0,4,4,-0.43174119264681143,-0.9171135509498212,0.3070371299103778,0,0,0,0,192,False,False,
204,3,1361.4898064085864,863.9191947917835,0.18973299915070305,142.6576690673828,11.428587913513184,0,4,0,3,3,0.6317385445731285,-0.9602157472230628,0.2948083027546906,0,0,0,0,192,False,False,
204,4,1395.2184447884192,872.0857142514591,0.429106191879654,110.01299285888672,8.680109024047852,0,3,0,2,2,0.09458673646184902,-0.9787940439008946,-0.8097508450934042,0,0,0,0,192,False,False,
204,5,1332.3595789938609,875.9906436177849,2.7970646618884034,171.9958953857422,15.634784698486328,0,5,0,4,4,-0.031157394569512085,-0.9563532105079449,-0.9782092438462232,0,0,0,0,192,False,False,
204,6,1456.4624641830474,873.3644456040178,1.0208677686044323,69.48851776123047,4.998026371002197,0,2,0,1,1,-0.08630729417813225,-0.9107368316040256,-0.8390520569304176,0,0,0,0,192,False,False,
175,7,1264.3712586534896,892.0598649135878,2.1304524303281096,238.65281677246094,13.584714889526367,0,7,0,6,6,-0.48076012824043407,-0.9395499392847027,0.5380845174588984,0,0,0,0,163,True,True,collision
205,0,1298.0616797497187,867.7103382498271,1.2479366195630917,204.64126586914062,17.66160774230957,0,6,0,5,5,0.40484051033181523,-0.9443267880231313,0.202364466319356,0,0,0,0,193,False,False,
205,1,1406.500939202711,863.3590453452184,0.0,102.71607208251953,7.7855000495910645,0,3,0,2,2,0.40700106641781797,-0.9419262381474027,0.1785269035455217,1,0,0,0,193,False,False,
205,2,1345.9064318732194,886.0250299561104,-0.3891624528087038,162.67762756347656,14.772358894348145,0,5,0,4,4,-0.4262804163815771,-0.9163024628320834,0.29240260372125815,0,1,0,0,193,False,False,
205,3,1361.0949484106354,863.8589634359184,0.39942540577096963,143.0570068359375,11.426030158996582,0,4,0,3,3,0.6437454944513604,-0.9607912474221251,0.303344823836488,0,0,0,0,193,False,False,
205,4,1394.4907807394884,872.1555543466195,0.7310079390803091,110.74400329589844,8.69600772857666,0,3,0,2,2,0.10330727487707791,-0.9807201487311605,-0.8144388937695036,0,0,0,0,193,False,False,
205,5,1330.1355170535353,876.1577655275024,2.230332093458902,174.22628784179688,15.657444953918457,0,5,0,4,4,-0.03233784292446842,-0.9622942930454745,-0.9694491966595784,0,0,0,0,193,False,False,
205,6,1455.9723207820932,873.4150254232882,0.4927462547968774,69.98135375976562,5.014502048492432,0,2,0,1,1,-0.08312635835272128,-0.9120400411538286,-0.8338264450345395,0,0,0,0,193,False,False,
175,7,1264.3712586534896,892.0598649135878,2.1304524303281096,238.65281677246094,13.584714889526367,0,7,0,6,6,-0.48076012824043407,-0.9395499392847027,0.5380845174588984,0,0,0,0,163,True,True,collision
206,0,1296.5280349328434,867.588782323227,1.5384545061912511,206.1796417236328,17.666913986206055,0,6,0,5,5,0.44423042371641686,-0.9475327270987864,0.22980937702354454,0,0,0,0,194,False,False,
206,1,1406.5139617810778,863.3607338950527,-0.013131593500511867,102.72911834716797,7.77266263961792,0,3,0,2,2,0.4068581869908857,-0.9418982759608211,0.1782636819487271,2,0,0,0,194,False,False,
206,2,1346.356134724283,885.8537036169008,-0.4812331750426359,163.1588592529297,14.756865501403809,0,5,0,4,4,-0.42201612756214596,-0.9152946768201115,0.27414952381703794,0,2,0,0,194,False,False,
206,3,1360.3954303146675,863.7538019203334,0.7073786192320541,143.7644500732422,11.421854972839355,0,4,0,3,3,0.6689628785712923,-0.961762821324035,0.3182792762846831,0,0,0,0,194,False,False,
206,4,1393.6465990875895,872.2423277085718,0.848629646988198,111.59255981445312,8.711651802062988,0,3,0,2,2,0.11210725706944073,-0.9829520422462232,-0.820554536553327,0,0,0,0,194,False,False,
206,5,1327.6477872966184,876.3644494850967,2.4963007835147164,176.7225341796875,15.679915428161621,0,5,0,4,4,-0.045361302655359106,-0.9689370241340196,-0.9572831018881405,0,0,0,0,194,False,False,
206,6,1455.4337461475916,873.4659187920223,0.5409739105628526,70.52233123779297,5.032011032104492,0,2,0,1,1,-0.07893440894494891,-0.9134717426614731,-0.8286447415197079,0,0,0,0,194,False,False,
175,7,1264.3712586534896,892.0598649135878,2.1304524303281096,238.65281677246094,13.584714889526367,0,7,0,6,6,-0.48076012824043407,-0.9395499392847027,0.5380845174588984,0,0,0,0,163,True,True,collision
207,0,1295.1607068431974,867.4606893138332,1.3733149397681281,207.5529327392578,17.671031951904297,0,6,0,5,5,0.48397514456947494,-0.9502472834846856,0.25665169093576656,0,0,0,0,195,False,False,
207,1,1406.371614051505,863.3425548569866,0.1435038450338306,102.87261199951172,7.7782745361328125,0,3,0,2,2,0.40814193380990865,-0.9422053726356943,0.18116392199264464,0,0,0,0,195,False,False,
207,2,1346.7978869197614,885.6848679244622,-0.4729170046120088,163.6317901611328,14.745779991149902,0,5,0,4,4,-0.41692049180299606,-0.9142978968814619,0.25616755529683144,0,3,0,0,195,False,False,
207,3,1359.3977045422178,863.6006768964733,1.0094077421648895,144.77381896972656,11.418745994567871,0,4,0,3,3,0.7112258340453833,-0.9630189002081163,0.33994909143382923,0,0,0,0,195,False,False,
207,4,1392.5065515211606,872.3753990203095,1.1477876230941328,112.74031829833984,8.729737281799316,0,3,0,2,2,0.12577638646816258,-0.9859638060104547,-0.8307288030861188,0,0,0,0,195,False,False,
207,5,1325.7179059539926,876.5324804655131,1.9371825951610198,178.65975952148438,15.700607299804688,0,5,0,4,4,-0.05741695018256223,-0.9740854673190918,-0.9469187372212604,0,0,0,0,195,False,False,
207,6,1454.914716582948,873.5116149707368,0.5210372632771393,71.04338073730469,5.047880172729492,0,2,0,1,1,-0.07607698650723857,-0.9148514638031898,-0.8240630620401412,0,0,0,0,195,False,False,
175,7,1264.3712586534896,892.0598649135878,2.1304524303281096,238.65281677246094,13.584714889526367,0,7,0,6,6,-0.48076012824043407,-0.9395499392847027,0.5380845174588984,0,0,0,0,163,True,True,collision
208,0,1293.509567183301,867.2803364647849,1.660960362754934,209.21400451660156,17.67423439025879,0,6,0,5,5,0.5360874021564642,-0.9533068106360321,0.2921302345450789,0,0,0,0,196,False,False,
208,1,1405.9525653843782,863.2891739946938,0.42243496763390487,103.29505920410156,7.778170108795166,0,3,0,2,2,0.4154746407453571,-0.943104501938245,0.18967482985216488,0,0,0,0,196,False,False,
208,2,1347.334819417544,885.4769489658368,-0.5757836403815683,164.2076416015625,14.734505653381348,0,5,0,4,4,-0.4128255177571614,-0.9130790448111447,0.23397404122791166,0,4,0,0,196,False,False,
208,3,1358.1084417109205,863.3974631123169,1.3051798689206844,146.07904052734375,11.413368225097656,0,4,0,3,3,0.7699217417938503,-0.96439327478199,0.3685955366901976,0,0,0,0,196,False,False,
208,4,1391.2517038501264,872.5386295214681,1.2654196434418727,114.00576782226562,8.745282173156738,0,3,0,2,2,0.15411644819610995,-0.9892632610870059,-0.8439276738631817,0,0,0,0,196,False,False,
208,5,1323.7042662873585,876.7273182122146,2.023043858788522,180.68283081054688,15.72142505645752,0,5,0,4,4,-0.08018404199347312,-0.9794464645241387,-0.9337783573531616,0,0,0,0,196,False,False,
208,6,1454.0903711331528,873.5740440230825,0.8267059980274779,71.87008666992188,5.0641608238220215,0,2,0,1,1,-0.0701041197538517,-0.9170429916588236,-0.817988440432621,0,0,0,0,196,False,False,
175,7,1264.3712586534896,892.0598649135878,2.1304524303281096,238.65281677246094,13.584714889526367,0,7,0,6,6,-0.48076012824043407,-0.9395499392847027,0.5380845174588984,0,0,0,0,163,True,True,collision
209,0,1291.895704769374,867.107687483757,1.6230710279393064,210.8369903564453,17.670652389526367,0,6,0,5,5,0.5814196132944466,-0.9560775819185734,0.32637511272962283,0,0,0,0,197,False,False,
209,1,1405.727600386532,863.2603079561896,0.22680938788964564,103.52175903320312,7.78298807144165,0,3,0,2,2,0.4202037221816536,-0.9435832355550358,0.19426782946122012,0,0,0,0,197,False,False,
209,2,1347.8805733553297,885.2647542943984,-0.5855543861978986,164.79319763183594,14.72313117980957,0,5,0,4,4,-0.4068758899813209,-0.9118306748316876,0.21131937481326069,0,5,0,0,197,False,False,
209,3,1356.5370998748647,863.1273101038706,1.5943957519110838,147.6733856201172,11.404540061950684,0,4,0,3,3,0.8529512833453433,-0.9656079578190001,0.4062031794012977,0,0,0,0,197,False,False,
209,4,1389.7094360749252,872.7414093618594,1.555541562959214,115.561279296875,8.758423805236816,0,3,0,2,2,0.24641369523520368,-0.9932191860868524,-0.8604149850843001,0,0,0,0,197,False,False,
209,5,1322.23756929354,876.8837776120128,1.4750185135994742,182.1578369140625,15.741403579711914,0,5,0,4,4,-0.1067764921704957,-0.9833350807470195,-0.9224543258502703,0,0,0,0,197,False,False,
209,6,1452.9658971038598,873.638431762036,1.1263159518899903,72.9963150024414,5.083512783050537,0,2,0,1,1,-0.06058730593446676,-0.9200331748520595,-0.8121920767555091,0,0,0,0,197,False,False,
175,7,1264.3712586534896,892.0598649135878,2.1304524303281096,238.65281677246094,13.584714889526367,0,7,0,6,6,-0.48076012824043407,-0.9395499392847027,0.5380845174588984,0,0,0,0,163,True,True,collision
210,0,1290.8013716226446,866.9967394311464,1.0999429559794556,211.93695068359375,17.6683406829834,0,6,0,5,5,0.6128035399969772,-0.9578197462849982,0.3488533452068914,0,0,0,0,198,False,False,
210,1,1405.727600386532,863.2603079561896,0.0,103.52175903320312,7.771355628967285,0,3,0,2,2,0.4202037221816536,-0.9435832355550358,0.19426782946122012,1,0,0,0,198,False,False,
210,2,1348.5440541612336,885.0026007490645,-0.7133941835577458,165.50656127929688,14.709491729736328,0,5,0,4,4,-0.4022441801026427,-0.9103027929916578,0.1832733537987552,0,6,0,0,198,False,False,
210,3,1354.6953486504974,862.7663469124558,1.876790344714709,149.5502166748047,11.39107894897461,0,4,0,3,3,0.9605633344021821,-0.9662825299273078,0.45559736380483495,0,0,0,1,198,False,False,
210,4,1387.8847695991756,872.9695709880608,1.8388761446588493,117.40019226074219,8.76384449005127,0,3,0,2,2,0.6933029396844795,-0.9970668057328373,-0.8785072391084632,0,0,0,0,198,False,False,
210,5,1321.3053504167856,876.9920111975943,0.9384809764853332,183.09634399414062,15.75849437713623,0,5,0,4,4,-0.13245479125968004,-0.9857918324289081,-0.9142073256559986,0,0,0,0,198,False,False,
210,6,1451.7905810757527,873.6817682399144,1.1761147121945128,74.17253112792969,5.103533744812012,0,2,0,1,1,-0.04957956189124641,-0.923160610665889,-0.8090157227451017,0,0,0,0,198,False,False,
175,7,1264.3712586534896,892.0598649135878,2.1304524303281096,238.65281677246094,13.584714889526367,0,7,0,6,6,-0.48076012824043407,-0.9395499392847027,0.5380845174588984,0,0,0,0,163,True,True,collision
211,0,1289.4932118329702,866.8698422560263,1.3143001667710168,213.25132751464844,17.665477752685547,0,6,0,5,5,0.6554205069877437,-0.9597325862774744,0.37505841587022704,0,0,0,0,199,False,False,
211,1,1405.4151809512744,863.2204504484183,0.31495162239999996,103.8367919921875,7.776416301727295,0,3,0,2,2,0.42561822788980647,-0.9442448844529149,0.20062539713358318,0,0,0,0,199,False,False,
211,2,1348.9481451304298,884.8420958318677,-0.4348003447908948,165.9413299560547,14.703402519226074,0,5,0,4,4,-0.39856730009450103,-0.9093659162122126,0.16608962592460585,0,7,0,0,199,False,False,
211,3,1352.9874899303484,862.3854409007463,1.7498202186925844,151.29994201660156,11.375290870666504,0,4,0,3,3,1.0,-0.9661280843016458,0.5069386104804046,0,0,0,2,199,False,False,
211,4,1385.7886468139932,873.2529256179154,2.11518807126488,119.51533508300781,11.981679916381836,0,4,1,3,3,-0.053131071151052665,-0.9084448650239498,-0.9047624642343939,0,0,0,0,199,False,False,
211,5,1320.8373780007882,877.0482069307603,0.47133442751459054,183.56761169433594,15.773357391357422,0,5,0,4,4,-0.14792411552402757,-0.9870176861059381,-0.909841607661921,0,0,0,0,199,False,False,
211,6,1450.3335598150954,873.6976409180005,1.4571077159622552,75.62952423095703,5.120811462402344,0,2,0,1,1,-0.03481089653405686,-0.9270404189118645,-0.8096084287168588,0,0,0,0,199,False,False,
175,7,1264.3712586534896,892.0598649135878,2.1304524303281096,238.65281677246094,13.584714889526367,0,7,0,6,6,-0.48076012824043407,-0.9395499392847027,0.5380845174588984,0,0,0,0,163,True,True,collision
212,0,1288.1800318812407,866.747282336275,1.3188868486545093,214.5701446533203,17.662443161010742,0,6,0,5,5,0.7028045762904829,-0.9614380245958862,0.40077866482617375,0,0,0,0,200,False,False,
212,1,1405.4151809512744,863.2204504484183,0.0,103.8367919921875,7.762731075286865,0,3,0,2,2,0.42561822788980647,-0.9442448844529149,0.20062539713358318,1,0,0,0,200,False,False,
212,2,1349.2958785946078,884.7038637385052,-0.3742013812703374,166.31558227539062,14.701355934143066,0,5,0,4,4,-0.3946722702932334,-0.908555488422419,0.15129433102780032,0,8,0,0,200,False,False,
212,3,1351.384074634911,862.0104734461403,1.6466758034463955,152.94671630859375,11.351204872131348,0,4,0,3,3,1.0,-0.9653599477251392,0.5572183949131226,0,0,0,3,200,False,False,
212,4,1384.0605206687053,873.5143788682586,1.7477922577191387,121.26315307617188,12.002470970153809,0,4,0,3,3,-0.06656506475238694,-0.9130815469834564,-0.9303491442382313,0,0,0,0,200,False,False,
212,5,1320.8373780007882,877.0482069307603,0.0,183.56761169433594,15.77259635925293,0,5,0,4,4,-0.14792411552402757,-0.9870176861059381,-0.909841607661921,1,0,0,0,200,False,False,
212,6,1449.4126387746394,873.6975895493362,0.9209210418887649,76.55054473876953,5.131899833679199,0,2,0,1,1,-0.02880964366073234,-0.9294940448460598,-0.8111893877102042,0,0,0,0,200,False,False,
175,7,1264.3712586534896,892.0598649135878,2.1304524303281096,238.65281677246094,13.584714889526367,0,7,0,6,6,-0.48076012824043407,-0.9395499392847027,0.5380845174588984,0,0,0,0,163,True,True,collision
213,0,1286.5805028302318,866.584521724286,1.6077886060787292,216.17800903320312,17.651695251464844,0,6,0,5,5,0.7746329296262577,-0.9631347817540937,0.4337107510242717,0,0,0,0,201,False,False,
213,1,1405.5519494179591,863.2377040557552,-0.13785245897500004,103.97471618652344,7.762694358825684,0,3,0,2,2,0.4221400481393314,-0.9439554977810547,0.19786397160682845,0,0,0,0,201,False,False,
213,2,1349.7655658511785,884.5160470639813,-0.5058470344028475,166.8214569091797,14.695058822631836,0,5,0,4,4,-0.3905581081924715,-0.9074557345457653,0.13117365844745232,0,9,0,0,201,False,False,
213,3,1349.8562929579086,861.6340892591469,1.5734617595616054,154.52011108398438,3.334425926208496,0,4,0,3,3,1.0,-0.9640890870078306,0.6094547322314845,0,0,0,4,201,True,True,collision
213,4,1382.0904607173397,873.8633349013631,2.000726499303379,123.26390838623047,12.023221015930176,0,4,0,3,3,-0.08796245658544612,-0.9183691616921147,-0.9656138953388852,0,0,0,0,201,False,False,
213,5,1320.8426862136357,877.0475698036275,-0.005346312244698308,183.57290649414062,15.765462875366211,0,5,0,4,4,-0.14772413963116202,-0.9870039789173641,-0.9098927912271969,2,0,0,0,201,False,False,
213,6,1448.2678646535137,873.6882062401755,1.1448125763153751,77.69535827636719,5.1523566246032715,0,2,0,1,1,-0.024697305167489327,-0.9325446787755208,-0.8142706068950109,0,0,0,0,201,False,False,
175,7,1264.3712586534896,892.0598649135878,2.1304524303281096,238.65281677246094,13.584714889526367,0,7,0,6,6,-0.48076012824043407,-0.9395499392847027,0.5380845174588984,0,0,0,0,163,True,True,collision
214,0,1284.9783708807577,866.3988274510849,1.6128574477073936,217.79078674316406,17.640913009643555,0,6,0,5,5,0.8560712636782,-0.9643377665811989,0.4694166119812937,0,0,0,0,202,False,False,
214,1,1405.6869217982464,863.2545597929941,-0.13602080472585237,104.11064910888672,7.761373996734619,0,3,0,2,2,0.4188269068742026,-0.9436691010009368,0.19516109058813558,0,0,0,0,202,False,False,
214,2,1349.935461632729,884.4481097688132,-0.18297555209207358,167.0043487548828,14.696032524108887,0,5,0,4,4,-0.3886346075718671,-0.9070565985340195,0.12389310001517351,0,0,0,0,202,False,False,
213,3,1349.8562929579086,861.6340892591469,1.5734617595616054,154.52011108398438,3.334425926208496,0,4,0,3,3,1.0,-0.9640890870078306,0.6094547322314845,0,0,0,4,201,True,True,collision
214,4,1380.0464400139667,874.2347561401764,2.0774923278941664,125.34144592285156,12.03903865814209,0,4,0,3,3,-0.09737016821884954,-0.9238489540412663,-0.9966837543538904,0,0,0,0,202,False,False,
214,5,1320.8240836503476,877.0498055343742,0.018736431166642163,183.5915985107422,15.759148597717285,0,5,0,4,4,-0.14839044504996335,-0.9870524630654681,-0.9097173149270315,3,0,0,0,202,False,False,
214,6,1447.4965533651189,873.6834608694745,0.7713258858280992,78.46661376953125,5.166785717010498,0,2,0,1,1,-0.026815639439675465,-0.9345995916326507,-0.8161662140330043,0,0,0,0,202,False,False,
175,7,1264.3712586534896,892.0598649135878,2.1304524303281096,238.65281677246094,13.584714889526367,0,7,0,6,6,-0.48076012824043407,-0.9395499392847027,0.5380845174588984,0,0,0,0,163,True,True,collision
215,0,1283.4808195589892,866.2291673991554,1.507131213448599,219.29791259765625,17.623998641967773,0,6,0,5,5,0.9258376422365769,-0.965029125368317,0.5023195402701028,0,0,0,1,203,False,False,
215,1,1405.5071946815767,863.2320004620746,0.18113740607042947,104.291748046875,7.765116214752197,0,3,0,2,2,0.4225895740436998,-0.9440502276752303,0.1987797586479787,0,0,0,0,203,False,False,
215,2,1349.8449757838973,884.4843164564829,0.09746082839166655,167.10177612304688,14.688826560974121,0,5,0,4,4,-0.38980017876639167,-0.9072693243080241,0.12776767160830338,1,0,0,0,203,False,False,
213,3,1349.8562929579086,861.6340892591469,1.5734617595616054,154.52011108398438,3.334425926208496,0,4,0,3,3,1.0,-0.9640890870078306,0.6094547322314845,0,0,0,4,201,True,True,collision
215,4,1377.7687531119288,874.6641121496484,2.3178015891323946,127.6591567993164,12.058439254760742,0,4,0,3,3,-0.11047483932356038,-0.9299441439422824,-0.9528020600748981,0,0,0,0,203,False,False,
215,5,1320.8240836503476,877.0498055343742,0.0,183.5915985107422,15.753612518310547,0,5,0,4,4,-0.14839044504996335,-0.9870524630654681,-0.9097173149270315,4,0,0,0,203,False,False,
215,6,1447.2491540982721,873.682140990199,0.24740278761088183,78.71405029296875,5.180394172668457,0,2,0,1,1,-0.027613874551223855,-0.9352588202978425,-0.816744269584653,0,0,0,0,203,False,False,
175,7,1264.3712586534896,892.0598649135878,2.1304524303281096,238.65281677246094,13.584714889526367,0,7,0,6,6,-0.48076012824043407,-0.9395499392847027,0.5380845174588984,0,0,0,0,163,True,True,collision
216,0,1281.995769292902,866.0655907956371,1.4940319936413788,220.79200744628906,17.60753059387207,0,6,0,5,5,0.9965484800568744,-0.965278446190168,0.5343933548324318,0,0,0,2,204,False,False,
216,1,1405.5071946815767,863.2320004620746,0.0,104.291748046875,7.7555766105651855,0,3,0,2,2,0.4225895740436998,-0.9440502276752303,0.1987797586479787,1,0,0,0,204,False,False,
216,2,1349.463250668537,884.636049862707,0.41077620459456293,167.51254272460938,14.691834449768066,0,5,0,4,4,-0.3926989282277797,-0.9081649856264021,0.1440137725955215,0,0,0,0,204,False,False,
213,3,1349.8562929579086,861.6340892591469,1.5734617595616054,154.52011108398438,3.334425926208496,0,4,0,3,3,1.0,-0.9640890870078306,0.6094547322314845,0,0,0,4,201,True,True,collision
216,4,1375.2269077701128,875.1140330795841,2.5813575081546687,130.24053955078125,12.078031539916992,0,4,0,3,3,-0.11458916437241114,-0.9367274596237636,-0.9073394588383512,0,0,0,0,204,False,False,
216,5,1320.6847706381407,877.066842912531,0.14035094450914143,183.73191833496094,15.768098831176758,0,5,0,4,4,-0.15412557737929167,-0.9874160492555876,-0.9083841409902689,0,0,0,0,204,False,False,
216,6,1446.745018912434,873.6783645848284,0.5041493298989863,79.21821594238281,5.19596004486084,0,2,0,1,1,-0.02679760397491956,-0.9366020938636753,-0.8180616067746058,0,0,0,0,204,False,False,
175,7,1264.3712586534896,892.0598649135878,2.1304524303281096,238.65281677246094,13.584714889526367,0,7,0,6,6,-0.48076012824043407,-0.9395499392847027,0.5380845174588984,0,0,0,0,163,True,True,collision
217,0,1280.2259499517447,865.8866770513018,1.778839685931877,222.57080078125,17.592914581298828,0,6,0,5,5,1.0,-0.9650234518582534,0.5706998687208014,0,0,0,3,205,False,False,
217,1,1405.2548010108908,863.1998690740776,0.2544307196407041,104.54622650146484,7.755778789520264,0,3,0,2,2,0.42852215310831654,-0.9445824639340767,0.20389908710588078,0,0,0,0,205,False,False,
217,2,1349.2060727603796,884.7375726093685,0.27649112921378366,167.78904724121094,14.697547912597656,0,5,0,4,4,-0.3941587635039026,-0.9087665060099338,0.15486851898288512,0,0,0,0,205,False,False,
213,3,1349.8562929579086,861.6340892591469,1.5734617595616054,154.52011108398438,3.334425926208496,0,4,0,3,3,1.0,-0.9640890870078306,0.6094547322314845,0,0,0,4,201,True,True,collision
217,4,1372.7178133598518,875.5059406745318,2.5395169467009353,132.78012084960938,12.100586891174316,0,4,0,3,3,-0.11381651065918151,-0.9434031887757156,-0.8687218876304488,0,0,0,0,205,False,False,
217,5,1320.4796274717776,877.0923766149829,0.20672611994228118,183.93870544433594,15.778483390808105,0,5,0,4,4,-0.1625288221241097,-0.9879503787694692,-0.9063697653977487,0,0,0,0,205,False,False,
217,6,1446.1906405823645,873.6712335707721,0.554424191582741,79.7725830078125,5.2117695808410645,0,2,0,1,1,-0.023935612031746385,-0.9380793872837524,-0.8198693971505062,0,0,0,0,205,False,False,
175,7,1264.3712586534896,892.0598649135878,2.1304524303281096,238.65281677246094,13.584714889526367,0,7,0,6,6,-0.48076012824043407,-0.9395499392847027,0.5380845174588984,0,0,0,0,163,True,True,collision
218,0,1278.7771725267478,865.7374778768389,1.4564396385849405,224.02719116210938,17.575496673583984,0,6,0,5,5,1.0,-0.964336167571044,0.5929537568136602,0,0,0,4,206,False,False,
218,1,1405.1695006958541,863.1889248087199,0.08599953889151203,104.63213348388672,7.746145725250244,0,3,0,2,2,0.4307954589803002,-0.9447611731896893,0.20565027683433845,1,0,0,0,206,False,False,
218,2,1348.6598123936535,884.9515677169337,0.5866807430941046,168.375732421875,14.702665328979492,0,5,0,4,4,-0.39889999914762864,-0.9100384128823884,0.17774329902648023,0,0,0,0,206,False,False,
213,3,1349.8562929579086,861.6340892591469,1.5734617595616054,154.52011108398438,3.334425926208496,0,4,0,3,3,1.0,-0.9640890870078306,0.6094547322314845,0,0,0,4,201,True,True,collision
218,4,1370.4468953444384,875.8253346448198,2.2932686587020656,135.07334899902344,12.121152877807617,0,4,0,3,3,-0.11666742833295353,-0.9494270237334708,-0.8380035585227255,0,0,0,0,206,False,False,
218,5,1320.0223653446405,877.1517638522588,0.4611024797864522,184.3998260498047,15.792497634887695,0,5,0,4,4,-0.18448300866470693,-0.9891338760429588,-0.9015647420502676,0,0,0,0,206,False,False,
218,6,1445.3329444726355,873.6505304685321,0.8579459394895543,80.63062286376953,5.229547500610352,0,2,0,1,1,-0.01740370239903339,-0.9403666631616515,-0.8238215945305708,0,0,0,0,206,False,False,
175,7,1264.3712586534896,892.0598649135878,2.1304524303281096,238.65281677246094,13.584714889526367,0,7,0,6,6,-0.48076012824043407,-0.9395499392847027,0.5380845174588984,0,0,0,0,163,True,True,collision
219,0,1277.068481287778,865.5534588081968,1.7185717231922348,225.74581909179688,9.560101509094238,0,6,0,5,5,1.0,-0.9629933747890551,0.6179400268687276,0,0,0,5,207,True,True,collision
219,1,1404.9189696982853,863.1568002368664,0.2525822021830614,104.8847885131836,7.7438178062438965,0,3,0,2,2,0.4356552929660394,-0.9452849218025969,0.21076240157347503,0,0,0,0,207,False,False,
219,2,1348.5986680394724,884.9755235854881,0.06566974711700065,168.44142150878906,14.69302749633789,0,5,0,4,4,-0.39965408433367505,-0.9101802146571475,0.18030667945955647,1,0,0,0,207,False,False,
213,3,1349.8562929579086,861.6340892591469,1.5734617595616054,154.52011108398438,3.334425926208496,0,4,0,3,3,1.0,-0.9640890870078306,0.6094547322314845,0,0,0,4,201,True,True,collision
219,4,1367.9394552898775,876.1086978612277,2.5234005507706767,137.5967559814453,12.14185905456543,0,4,0,3,3,-0.1145095664829455,-0.9560618743938009,-0.8123876205579498,0,0,0,0,207,False,False,
219,5,1319.3179662491984,877.2445774023689,0.7104874669856084,185.11026000976562,15.80378532409668,0,5,0,4,4,-0.2239337159886544,-0.990931976591147,-0.8940129507426863,0,0,0,0,207,False,False,
219,6,1444.4829235410866,873.6295482535464,0.850279858291983,81.4808578491211,5.2422614097595215,0,2,0,1,1,-0.01773149965685295,-0.942633102883662,-0.8277883994514654,0,0,0,0,207,False,False,
175,7,1264.3712586534896,892.0598649135878,2.1304524303281096,238.65281677246094,13.584714889526367,0,7,0,6,6,-0.48076012824043407,-0.9395499392847027,0.5380845174588984,0,0,0,0,163,True,True,collision
219,0,1277.068481287778,865.5534588081968,1.7185717231922348,225.74581909179688,9.560101509094238,0,6,0,5,5,1.0,-0.9629933747890551,0.6179400268687276,0,0,0,5,207,True,True,collision
220,1,1404.3600608325821,863.0874233970627,0.5631982475672049,105.44792175292969,7.749261379241943,0,3,0,2,2,0.44431761823347216,-0.946443931112028,0.22190300981661037,0,0,0,0,208,False,False,
220,2,1348.4200668764097,885.0452375390365,0.1917248308558567,168.6331329345703,14.691433906555176,0,5,0,4,4,-0.40098276632281354,-0.9105938543592684,0.18774880701271734,0,0,0,0,208,False,False,
213,3,1349.8562929579086,861.6340892591469,1.5734617595616054,154.52011108398438,3.334425926208496,0,4,0,3,3,1.0,-0.9640890870078306,0.6094547322314845,0,0,0,4,201,True,True,collision
220,4,1365.254918362762,876.3483693672017,2.6952144522881625,140.29200744628906,12.16314697265625,0,4,0,3,3,-0.11889514277158039,-0.9631444908316167,-0.7925994767813281,0,0,0,0,208,False,False,
220,5,1319.1320561661905,877.2692653786303,0.18754214229317892,185.2978057861328,15.814070701599121,0,5,0,4,4,-0.23737676923080925,-0.991399543878788,-0.8919912642332047,0,0,0,0,208,False,False,
220,6,1444.1579789589803,873.6208467143539,0.32506106845428795,81.80592346191406,5.25434684753418,0,2,0,1,1,-0.016649969087749305,-0.9434996616895034,-0.8293911125320351,0,0,0,0,208,False,False,
175,7,1264.3712586534896,892.0598649135878,2.1304524303281096,238.65281677246094,13.584714889526367,0,7,0,6,6,-0.48076012824043407,-0.9395499392847027,0.5380845174588984,0,0,0,0,163,True,True,collision
219,0,1277.068481287778,865.5534588081968,1.7185717231922348,225.74581909179688,9.560101509094238,0,6,0,5,5,1.0,-0.9629933747890551,0.6179400268687276,0,0,0,5,207,True,True,collision
221,1,1403.7235819860493,863.0100822516407,0.6411606466860384,106.08908081054688,7.751102447509766,0,3,0,2,2,0.4560231972273136,-0.947745252689801,0.23439151388208068,0,0,0,0,209,False,False,
221,2,1348.1887412157487,885.1357290038042,0.2483953833629699,168.88153076171875,14.685750961303711,0,5,0,4,4,-0.40425221780780085,-0.9111279658081999,0.19742465910687845,0,0,0,0,209,False,False,
213,3,1349.8562929579086,861.6340892591469,1.5734617595616054,154.52011108398438,3.334425926208496,0,4,0,3,3,1.0,-0.9640890870078306,0.6094547322314845,0,0,0,4,201,True,True,collision
221,4,1362.532849496262,876.5231350597459,2.7276733604409213,143.0196533203125,12.185466766357422,0,4,0,3,3,-0.1281531847678227,-0.9703000579185743,-0.7807175001083416,0,0,0,0,209,False,False,
221,5,1319.1320561661905,877.2692653786303,0.0,185.2978057861328,15.809341430664062,0,5,0,4,4,-0.23737676923080925,-0.991399543878788,-0.8919912642332047,1,0,0,0,209,False,False,
221,6,1443.5239616229044,873.5995216632738,0.6343758666976604,82.44031524658203,5.273797512054443,0,2,0,1,1,-0.01266916492140303,-0.9451910446230035,-0.8330286617674518,0,0,0,0,209,False,False,
175,7,1264.3712586534896,892.0598649135878,2.1304524303281096,238.65281677246094,13.584714889526367,0,7,0,6,6,-0.48076012824043407,-0.9395499392847027,0.5380845174588984,0,0,0,0,163,True,True,collision
219,0,1277.068481287778,865.5534588081968,1.7185717231922348,225.74581909179688,9.560101509094238,0,6,0,5,5,1.0,-0.9629933747890551,0.6179400268687276,0,0,0,5,207,True,True,collision
222,1,1403.517313079473,862.9852112660274,0.20776291234363092,106.29686737060547,7.75451135635376,0,3,0,2,2,0.45989702976866437,-0.9481622937882787,0.2384129041243348,0,0,0,0,210,False,False,
222,2,1347.6690907827083,885.3419821963722,0.5590858181026037,169.44061279296875,14.691726684570312,0,5,0,4,4,-0.4138688504005081,-0.9123193496020826,0.21950051243596258,0,0,0,0,210,False,False,
213,3,1349.8562929579086,861.6340892591469,1.5734617595616054,154.52011108398438,3.334425926208496,0,4,0,3,3,1.0,-0.9640890870078306,0.6094547322314845,0,0,0,4,201,True,True,collision
222,4,1359.8337120795277,876.6047702548732,2.700371659512653,145.71998596191406,12.204726219177246,0,4,0,3,3,-0.14035769086123967,-0.9773684034643818,-0.7799120128642409,0,0,0,0,210,False,False,
222,5,1318.819955775439,877.3115485968754,0.31495162239999996,185.61277770996094,15.819093704223633,0,5,0,4,4,-0.2641130780957989,-0.992174949689762,-0.8885120967589784,0,0,0,0,210,False,False,
222,6,1443.4114028461609,873.5955593012818,0.11262849787937025,82.55293273925781,5.285765647888184,0,2,0,1,1,-0.011736396980516083,-0.9454913107374644,-0.8336947484775855,0,0,0,0,210,False,False,
175,7,1264.3712586534896,892.0598649135878,2.1304524303281096,238.65281677246094,13.584714889526367,0,7,0,6,6,-0.48076012824043407,-0.9395499392847027,0.5380845174588984,0,0,0,0,163,True,True,collision
219,0,1277.068481287778,865.5534588081968,1.7185717231922348,225.74581909179688,9.560101509094238,0,6,0,5,5,1.0,-0.9629933747890551,0.6179400268687276,0,0,0,5,207,True,True,collision
223,1,1403.3078521563775,862.9598805977483,0.21098701632931213,106.50786590576172,7.755959510803223,0,3,0,2,2,0.4647291845890992,-0.9485829399735501,0.24250747500166647,0,0,0,0,211,False,False,
223,2,1346.8724214470453,885.6682372114204,0.8608858026648603,170.30145263671875,14.69602108001709,0,5,0,4,4,-0.4312238708504689,-0.9141199404025876,0.2545492341589366,0,0,0,0,211,False,False,
213,3,1349.8562929579086,861.6340892591469,1.5734617595616054,154.52011108398438,3.334425926208496,0,4,0,3,3,1.0,-0.9640890870078306,0.6094547322314845,0,0,0,4,201,True,True,collision
223,4,1357.6687456426337,876.6675946747436,2.165877785243007,147.8859405517578,12.215944290161133,0,4,0,3,3,-0.18655031804951377,-0.9829596510466236,-0.7795974504781497,0,0,0,0,211,False,False,
223,5,1318.819955775439,877.3115485968754,0.0,185.61277770996094,15.816081047058105,0,5,0,4,4,-0.2641130780957989,-0.992174949689762,-0.8885120967589784,1,0,0,0,211,False,False,
223,6,1443.4114028461609,873.5955593012818,0.0,82.55293273925781,5.282309055328369,0,2,0,1,1,-0.011736396980516083,-0.9454913107374644,-0.8336947484775855,1,0,0,0,211,False,False,
175,7,1264.3712586534896,892.0598649135878,2.1304524303281096,238.65281677246094,13.584714889526367,0,7,0,6,6,-0.48076012824043407,-0.9395499392847027,0.5380845174588984,0,0,0,0,163,True,True,collision
219,0,1277.068481287778,865.5534588081968,1.7185717231922348,225.74581909179688,9.560101509094238,0,6,0,5,5,1.0,-0.9629933747890551,0.6179400268687276,0,0,0,5,207,True,True,collision
224,1,1403.2367324734084,862.9512383554408,0.07164284791741957,106.57955932617188,7.73848295211792,0,3,0,2,2,0.4666801245988533,-0.9487251378667937,0.24390648292381334,1,0,0,0,212,False,False,
224,2,1346.5622204336362,885.7960234104532,0.3354906576692646,170.63693237304688,14.69581413269043,0,5,0,4,4,-0.4367450167530099,-0.9148139821386184,0.26828981315268696,0,0,0,0,212,False,False,
213,3,1349.8562929579086,861.6340892591469,1.5734617595616054,154.52011108398438,3.334425926208496,0,4,0,3,3,1.0,-0.9640890870078306,0.6094547322314845,0,0,0,4,201,True,True,collision
224,4,1356.054572389801,876.7055309007166,1.6146189790168204,149.50051879882812,12.228006362915039,0,4,0,3,3,-0.2430584557400607,-0.9870308907667121,-0.7804244917061757,0,0,0,0,212,False,False,
224,5,1318.907082556981,877.2997871393087,-0.08791705150864758,185.70071411132812,15.810345649719238,0,5,0,4,4,-0.25634116061966095,-0.9919596820110894,-0.8894717707415359,2,0,0,0,212,False,False,
224,6,1443.3994003177684,873.5951361779023,0.012009984230058397,82.56490325927734,5.280343532562256,0,2,0,1,1,-0.011711132372146141,-0.945523226986888,-0.8337679148195702,2,0,0,0,212,False,False,
175,7,1264.3712586534896,892.0598649135878,2.1304524303281096,238.65281677246094,13.584714889526367,0,7,0,6,6,-0.48076012824043407,-0.9395499392847027,0.5380845174588984,0,0,0,0,163,True,True,collision
219,0,1277.068481287778,865.5534588081968,1.7185717231922348,225.74581909179688,9.560101509094238,0,6,0,5,5,1.0,-0.9629933747890551,0.6179400268687276,0,0,0,5,207,True,True,collision
225,1,1403.2367324734084,862.9512383554408,0.0,106.57955932617188,7.721958637237549,0,3,0,2,2,0.4666801245988533,-0.9487251378667937,0.24390648292381334,2,0,0,0,213,False,False,
225,2,1345.966349432352,886.0419251808019,0.6446161112104171,171.2816162109375,14.699468612670898,0,5,0,4,4,-0.44541546574399593,-0.9161364875695679,0.29473146308785925,0,0,0,0,213,False,False,
213,3,1349.8562929579086,861.6340892591469,1.5734617595616054,154.52011108398438,3.334425926208496,0,4,0,3,3,1.0,-0.9640890870078306,0.6094547322314845,0,0,0,4,201,True,True,collision
225,4,1354.5907738675116,876.7413811440828,1.4642374649647223,150.96470642089844,12.239676475524902,0,4,0,3,3,-0.3422248765398245,-0.9905396740795445,-0.7809954864699868,0,0,0,0,213,False,False,
225,5,1318.7001258042746,877.3281847445284,0.20889595848891093,185.90968322753906,15.819055557250977,0,5,0,4,4,-0.27628069493726143,-0.9924687140849483,-0.8871204354865249,0,0,0,0,213,False,False,
225,6,1443.3994003177684,873.5951361779023,0.0,82.56490325927734,5.274384498596191,0,2,0,1,1,-0.011711132372146141,-0.945523226986888,-0.8337679148195702,3,0,0,0,213,False,False,
175,7,1264.3712586534896,892.0598649135878,2.1304524303281096,238.65281677246094,13.584714889526367,0,7,0,6,6,-0.48076012824043407,-0.9395499392847027,0.5380845174588984,0,0,0,0,163,True,True,collision
219,0,1277.068481287778,865.5534588081968,1.7185717231922348,225.74581909179688,9.560101509094238,0,6,0,5,5,1.0,-0.9629933747890551,0.6179400268687276,0,0,0,5,207,True,True,collision
226,1,1403.2759017965766,862.9559842873751,-0.03945579485172573,106.61903381347656,7.707661151885986,0,3,0,2,2,0.46558590028254737,-0.9486468657083447,0.24313751453178734,3,0,0,0,214,False,False,
226,2,1345.6891339650049,886.1558695846188,0.2997194396392711,171.5813446044922,14.701776504516602,0,5,0,4,4,-0.44844982831639996,-0.9167471119576872,0.3069785854023157,0,0,0,0,214,False,False,
213,3,1349.8562929579086,861.6340892591469,1.5734617595616054,154.52011108398438,3.334425926208496,0,4,0,3,3,1.0,-0.9640890870078306,0.6094547322314845,0,0,0,4,201,True,True,collision
226,4,1353.6630849282728,876.7616944400326,0.9279113093276926,151.89266967773438,12.247723579406738,0,4,0,3,3,-0.449059720317629,-0.9925607198785011,-0.7816546696163036,0,0,0,0,214,False,False,
226,5,1318.7001258042746,877.3281847445284,0.0,185.90968322753906,15.809253692626953,0,5,0,4,4,-0.27628069493726143,-0.9924687140849483,-0.8871204354865249,1,0,0,0,214,False,False,
226,6,1443.4927020682571,873.5983155651041,-0.09335590579743075,82.65821838378906,5.271012306213379,0,2,0,1,1,-0.012402411634960546,-0.945274432754097,-0.8332262208959756,4,0,0,0,214,False,False,
175,7,1264.3712586534896,892.0598649135878,2.1304524303281096,238.65281677246094,13.584714889526367,0,7,0,6,6,-0.48076012824043407,-0.9395499392847027,0.5380845174588984,0,0,0,0,163,True,True,collision
219,0,1277.068481287778,865.5534588081968,1.7185717231922348,225.74581909179688,9.560101509094238,0,6,0,5,5,1.0,-0.9629933747890551,0.6179400268687276,0,0,0,5,207,True,True,collision
227,1,1403.2037354158088,862.9472303410369,0.07269537873630702,106.69171142578125,7.6943745613098145,0,3,0,2,2,0.46728262809491905,-0.9487908625951668,0.24455104423620733,4,0,0,0,215,False,False,
227,2,1345.4360417314579,886.2599683093732,0.27366443535337187,171.85496520996094,14.70096492767334,0,5,0,4,4,-0.45223808469463744,-0.9173016505899991,0.31816310202649767,0,0,0,0,215,False,False,
213,3,1349.8562929579086,861.6340892591469,1.5734617595616054,154.52011108398438,3.334425926208496,0,4,0,3,3,1.0,-0.9640890870078306,0.6094547322314845,0,0,0,4,201,True,True,collision
227,4,1353.2617636770233,876.7690714207727,0.401389046374509,152.29409790039062,12.251847267150879,0,4,0,3,3,-0.5130214613302838,-0.9933423175313472,-0.7821086182432692,0,0,0,0,215,False,False,
227,5,1318.8157891130415,877.3123920130283,-0.11673650398720023,186.02647399902344,15.813674926757812,0,5,0,4,4,-0.26520398543063445,-0.9921849537976254,-0.8884316766724033,0,0,0,0,215,False,False,
227,6,1443.6272244689671,873.6026305399464,-0.134591587035334,82.79280853271484,5.285517692565918,0,2,0,1,1,-0.013583950228522844,-0.9449156126004402,-0.8324871679471563,0,0,0,0,215,False,False,
175,7,1264.3712586534896,892.0598649135878,2.1304524303281096,238.65281677246094,13.584714889526367,0,7,0,6,6,-0.48076012824043407,-0.9395499392847027,0.5380845174588984,0,0,0,0,163,True,True,collision
219,0,1277.068481287778,865.5534588081968,1.7185717231922348,225.74581909179688,9.560101509094238,0,6,0,5,5,1.0,-0.9629933747890551,0.6179400268687276,0,0,0,5,207,True,True,collision
228,1,1403.2037354158088,862.9472303410369,0.0,106.69171142578125,7.680234432220459,0,3,0,2,2,0.46728262809491905,-0.9487908625951668,0.24455104423620733,5,0,0,0,216,False,False,
228,2,1345.3277297291147,886.3044223158906,0.11707966752189089,171.97203063964844,14.699021339416504,0,5,0,4,4,-0.4533287020592594,-0.9175381226860261,0.32294614259726995,0,0,0,0,216,False,False,
213,3,1349.8562929579086,861.6340892591469,1.5734617595616054,154.52011108398438,3.334425926208496,0,4,0,3,3,1.0,-0.9640890870078306,0.6094547322314845,0,0,0,4,201,True,True,collision
228,4,1353.2617636770233,876.7690714207727,0.0,152.29409790039062,12.234691619873047,0,4,0,3,3,-0.5130214613302838,-0.9933423175313472,-0.7821086182432692,1,0,0,0,216,False,False,
228,5,1319.05373423954,877.2805191603932,-0.2400703271117451,186.26651000976562,15.820182800292969,0,5,0,4,4,-0.2440779253078328,-0.9915949821634638,-0.8910468338341061,0,0,0,0,216,False,False,
228,6,1443.6589638924313,873.6036320294836,-0.03175521977761528,82.8245620727539,5.2873687744140625,0,2,0,1,1,-0.013896169570278656,-0.9448309501200408,-0.8323040305492562,1,0,0,0,216,False,False,
175,7,1264.3712586534896,892.0598649135878,2.1304524303281096,238.65281677246094,13.584714889526367,0,7,0,6,6,-0.48076012824043407,-0.9395499392847027,0.5380845174588984,0,0,0,0,163,True,True,collision
219,0,1277.068481287778,865.5534588081968,1.7185717231922348,225.74581909179688,9.560101509094238,0,6,0,5,5,1.0,-0.9629933747890551,0.6179400268687276,0,0,0,5,207,True,True,collision
229,1,1402.8909647466076,862.9102298959068,0.31495162239999996,107.00663757324219,7.682449817657471,0,3,0,2,2,0.4724536750312609,-0.9494129825267759,0.2505643198894789,0,0,0,0,217,False,False,
229,2,1345.1690611039792,886.3696416632656,0.17154968922845568,172.14358520507812,14.692431449890137,0,5,0,4,4,-0.45598240878126906,-0.9178838084238565,0.32994838592676934,0,0,0,0,217,False,False,
213,3,1349.8562929579086,861.6340892591469,1.5734617595616054,154.52011108398438,3.334425926208496,0,4,0,3,3,1.0,-0.9640890870078306,0.6094547322314845,0,0,0,4,201,True,True,collision
229,4,1353.2084548107878,876.7700739718135,0.053318292619952704,152.3473358154297,12.225998878479004,0,4,0,3,3,-0.5232406465201784,-0.9934397050939306,-0.7821598161016379,2,0,0,0,217,False,False,
229,5,1318.975718832463,877.2909921697479,0.07871523147618327,186.34521484375,15.813502311706543,0,5,0,4,4,-0.2503576422273783,-0.9917892021806497,-0.8901822232116854,1,0,0,0,217,False,False,
229,6,1443.3753987745058,873.5942712457704,0.2837195805293923,83.10828399658203,5.301148891448975,0,2,0,1,1,-0.013150244523272174,-0.9455873845200533,-0.8339142617966326,0,0,0,0,217,False,False,
175,7,1264.3712586534896,892.0598649135878,2.1304524303281096,238.65281677246094,13.584714889526367,0,7,0,6,6,-0.48076012824043407,-0.9395499392847027,0.5380845174588984,0,0,0,0,163,True,True,collision
219,0,1277.068481287778,865.5534588081968,1.7185717231922348,225.74581909179688,9.560101509094238,0,6,0,5,5,1.0,-0.9629933747890551,0.6179400268687276,0,0,0,5,207,True,True,collision
230,1,1402.8909647466076,862.9102298959068,0.0,107.00663757324219,7.667381286621094,0,3,0,2,2,0.4724536750312609,-0.9494129825267759,0.2505643198894789,1,0,0,0,218,False,False,
230,2,1345.1690611039792,886.3696416632656,0.0,172.14358520507812,14.673470497131348,0,5,0,4,4,-0.45598240878126906,-0.9178838084238565,0.32994838592676934,1,0,0,0,218,False,False,
213,3,1349.8562929579086,861.6340892591469,1.5734617595616054,154.52011108398438,3.334425926208496,0,4,0,3,3,1.0,-0.9640890870078306,0.6094547322314845,0,0,0,4,201,True,True,collision
230,4,1353.0301966673305,876.7733622816022,0.1782884704350333,152.5257110595703,12.227208137512207,0,4,0,3,3,-0.5585295911759128,-0.9937539474979586,-0.7823646504143911,0,0,0,0,218,False,False,
230,5,1318.681168354543,877.3310962181271,0.2972680923665422,186.64248657226562,15.823769569396973,0,5,0,4,4,-0.2775107424535703,-0.9925146276049742,-0.886864531953238,0,0,0,0,218,False,False,
230,6,1443.1465231737548,873.5867919811305,0.22899777295575516,83.33728790283203,5.319400787353516,0,2,0,1,1,-0.013512631371878886,-0.9461979298535315,-0.8352023124394616,0,0,0,0,218,False,False,
175,7,1264.3712586534896,892.0598649135878,2.1304524303281096,238.65281677246094,13.584714889526367,0,7,0,6,6,-0.48076012824043407,-0.9395499392847027,0.5380845174588984,0,0,0,0,163,True,True,collision
219,0,1277.068481287778,865.5534588081968,1.7185717231922348,225.74581909179688,9.560101509094238,0,6,0,5,5,1.0,-0.9629933747890551,0.6179400268687276,0,0,0,5,207,True,True,collision
231,1,1403.002017645623,862.9233022521427,-0.11181964441581504,107.11848449707031,7.666278839111328,0,3,0,2,2,0.46956175953084134,-0.949192610321322,0.248440366301095,0,0,0,0,219,False,False,
231,2,1345.2416389659477,886.3398012242374,-0.07847291156400536,172.22210693359375,14.658203125,0,5,0,4,4,-0.4549783204836211,-0.917725735755468,0.32674032983655676,2,0,0,0,219,False,False,
213,3,1349.8562929579086,861.6340892591469,1.5734617595616054,154.52011108398438,3.334425926208496,0,4,0,3,3,1.0,-0.9640890870078306,0.6094547322314845,0,0,0,4,201,True,True,collision
231,4,1353.0301966673305,876.7733622816022,0.0,152.5257110595703,12.217680931091309,0,4,0,3,3,-0.5585295911759128,-0.9937539474979586,-0.7823646504143911,1,0,0,0,219,False,False,
231,5,1318.2507238324686,877.3891039105052,0.43433556032052995,187.07679748535156,15.830942153930664,0,5,0,4,4,-0.32478231985544803,-0.9935467252443381,-0.8821033812540714,0,0,0,0,219,False,False,
231,6,1442.606754500679,873.5699377374589,0.5400317453295591,83.8772201538086,5.337623596191406,0,2,0,1,1,-0.014834045261297509,-0.9476373776616552,-0.8381445027107136,0,0,0,0,219,False,False,
175,7,1264.3712586534896,892.0598649135878,2.1304524303281096,238.65281677246094,13.584714889526367,0,7,0,6,6,-0.48076012824043407,-0.9395499392847027,0.5380845174588984,0,0,0,0,163,True,True,collision
219,0,1277.068481287778,865.5534588081968,1.7185717231922348,225.74581909179688,9.560101509094238,0,6,0,5,5,1.0,-0.9629933747890551,0.6179400268687276,0,0,0,5,207,True,True,collision
232,1,1403.0195467318686,862.9253656657071,-0.017650114451219844,107.13606262207031,7.649860858917236,0,3,0,2,2,0.46916703258990666,-0.9491579432773031,0.24810339234551138,1,0,0,0,220,False,False,
232,2,1345.1288919069125,886.3862575639375,0.12194298183752864,172.34408569335938,14.654248237609863,0,5,0,4,4,-0.45711820523537894,-0.9179710302792957,0.33173547990431174,0,0,0,0,220,False,False,
213,3,1349.8562929579086,861.6340892591469,1.5734617595616054,154.52011108398438,3.334425926208496,0,4,0,3,3,1.0,-0.9640890870078306,0.6094547322314845,0,0,0,4,201,True,True,collision
232,4,1352.715304005871,876.7794562303582,0.31495162239999996,152.84059143066406,12.219364166259766,0,4,0,3,3,-0.6308528800205339,-0.9942536080826259,-0.7826796130070803,0,0,0,0,220,False,False,
232,5,1317.9408510410335,877.4307924203332,0.3126644826701087,187.3895263671875,15.838168144226074,0,5,0,4,4,-0.36982384078320557,-0.9942601268031488,-0.8786754116382137,0,0,0,0,220,False,False,
232,6,1442.0413947427787,873.5550599650148,0.5655554826592673,84.4428482055664,5.353418350219727,0,2,0,1,1,-0.01848893568418172,-0.9491450962972806,-0.8409037556873645,0,0,0,0,220,False,False,
175,7,1264.3712586534896,892.0598649135878,2.1304524303281096,238.65281677246094,13.584714889526367,0,7,0,6,6,-0.48076012824043407,-0.9395499392847027,0.5380845174588984,0,0,0,0,163,True,True,collision
219,0,1277.068481287778,865.5534588081968,1.7185717231922348,225.74581909179688,9.560101509094238,0,6,0,5,5,1.0,-0.9629933747890551,0.6179400268687276,0,0,0,5,207,True,True,collision
233,1,1402.856783491041,862.9063485435969,0.16387044729934722,107.29988861083984,7.6527628898620605,0,3,0,2,2,0.47231330125814186,-0.9494808997487546,0.2512016774831076,0,0,0,0,221,False,False,
233,2,1344.7273092400665,886.5530426564899,0.43484009176801725,172.77896118164062,14.652409553527832,0,5,0,4,4,-0.46490465533448994,-0.9188386045686817,0.34968085810697924,0,0,0,0,221,False,False,
213,3,1349.8562929579086,861.6340892591469,1.5734617595616054,154.52011108398438,3.334425926208496,0,4,0,3,3,1.0,-0.9640890870078306,0.6094547322314845,0,0,0,4,201,True,True,collision
233,4,1352.715304005871,876.7794562303582,0.0,152.84059143066406,12.209440231323242,0,4,0,3,3,-0.6308528800205339,-0.9942536080826259,-0.7826796130070803,1,0,0,0,221,False,False,
233,5,1317.323826441156,877.5109049928255,0.6222036492383533,188.01165771484375,15.842915534973145,0,5,0,4,4,-0.4973770852347741,-0.9955581341312792,-0.8722002689845718,0,0,0,0,221,False,False,
233,6,1441.1711513342254,873.540215668537,0.8703700036583852,85.31321716308594,5.371490478515625,0,2,0,1,1,-0.025545920344736336,-0.9514642868896063,-0.8441679121667722,0,0,0,0,221,False,False,
175,7,1264.3712586534896,892.0598649135878,2.1304524303281096,238.65281677246094,13.584714889526367,0,7,0,6,6,-0.48076012824043407,-0.9395499392847027,0.5380845174588984,0,0,0,0,163,True,True,collision
219,0,1277.068481287778,865.5534588081968,1.7185717231922348,225.74581909179688,9.560101509094238,0,6,0,5,5,1.0,-0.9629933747890551,0.6179400268687276,0,0,0,5,207,True,True,collision
234,1,1402.5293400266128,862.8676783882114,0.3297189762724909,107.62968444824219,7.647557258605957,0,3,0,2,2,0.4806991978301552,-0.950124891476177,0.2574934969286431,0,0,0,0,222,False,False,
234,2,1344.7032278632798,886.5630522914904,0.026078832427481165,172.8050079345703,14.63404369354248,0,5,0,4,4,-0.46545286277702064,-0.9188903029149036,0.35075752820055794,1,0,0,0,222,False,False,
213,3,1349.8562929579086,861.6340892591469,1.5734617595616054,154.52011108398438,3.334425926208496,0,4,0,3,3,1.0,-0.9640890870078306,0.6094547322314845,0,0,0,4,201,True,True,collision
234,4,1352.8531330559445,876.7769158757972,-0.13785245897500004,152.9784393310547,12.211247444152832,0,4,0,3,3,-0.5974008559424117,-0.9940440457587717,-0.7825255763460978,0,0,0,0,222,False,False,
234,5,1317.2240044566256,877.5237517581018,0.10064525807828559,188.11233520507812,15.84954833984375,0,5,0,4,4,-0.5249144748701825,-0.995744829925871,-0.8711674786858542,0,0,0,0,222,False,False,
234,6,1440.0022602238523,873.5193417080286,1.1690774782437365,86.48222351074219,5.382671356201172,0,2,0,1,1,-0.02675444172850613,-0.9545790702426232,-0.8486762109079624,0,0,0,0,222,False,False,
175,7,1264.3712586534896,892.0598649135878,2.1304524303281096,238.65281677246094,13.584714889526367,0,7,0,6,6,-0.48076012824043407,-0.9395499392847027,0.5380845174588984,0,0,0,0,163,True,True,collision
219,0,1277.068481287778,865.5534588081968,1.7185717231922348,225.74581909179688,9.560101509094238,0,6,0,5,5,1.0,-0.9629933747890551,0.6179400268687276,0,0,0,5,207,True,True,collision
235,1,1402.178671170195,862.825088349881,0.35324574764083005,107.98284912109375,7.64847993850708,0,3,0,2,2,0.4911882991063989,-0.9508042608653215,0.26437133317851047,0,0,0,0,223,False,False,
235,2,1344.7032278632798,886.5630522914904,0.0,172.8050079345703,14.614487648010254,0,5,0,4,4,-0.46545286277702064,-0.9188903029149036,0.35075752820055794,2,0,0,0,223,False,False,
213,3,1349.8562929579086,861.6340892591469,1.5734617595616054,154.52011108398438,3.334425926208496,0,4,0,3,3,1.0,-0.9640890870078306,0.6094547322314845,0,0,0,4,201,True,True,collision
235,4,1352.862321824961,876.776747360949,-0.009190314102105296,152.9875946044922,12.200727462768555,0,4,0,3,3,-0.5952396685231899,-0.9940296104690146,-0.78251825828259,1,0,0,0,223,False,False,
235,5,1317.2240044566256,877.5237517581018,0.0,188.11233520507812,15.839258193969727,0,5,0,4,4,-0.5249144748701825,-0.995744829925871,-0.8711674786858542,1,0,0,0,223,False,False,
235,6,1438.541493885369,873.4775865241797,1.4613629908494132,87.94363403320312,5.404029846191406,0,2,0,1,1,-0.021799846843330153,-0.9584740791531482,-0.8561781407613507,0,0,0,0,223,False,False,
175,7,1264.3712586534896,892.0598649135878,2.1304524303281096,238.65281677246094,13.584714889526367,0,7,0,6,6,-0.48076012824043407,-0.9395499392847027,0.5380845174588984,0,0,0,0,163,True,True,collision
219,0,1277.068481287778,865.5534588081968,1.7185717231922348,225.74581909179688,9.560101509094238,0,6,0,5,5,1.0,-0.9629933747890551,0.6179400268687276,0,0,0,5,207,True,True,collision
236,1,1401.708799068844,862.7674121536845,0.47339870641531845,108.45634460449219,7.646283149719238,0,3,0,2,2,0.5036202860734023,-0.9517002166136757,0.2736590992172758,0,0,0,0,224,False,False,
236,2,1344.7955925608114,886.5247808758011,-0.09997969098261453,172.9049072265625,14.594586372375488,0,5,0,4,4,-0.4633511902136389,-0.9186916368060806,0.34664100313270296,3,0,0,0,224,False,False,
213,3,1349.8562929579086,861.6340892591469,1.5734617595616054,154.52011108398438,3.334425926208496,0,4,0,3,3,1.0,-0.9640890870078306,0.6094547322314845,0,0,0,4,201,True,True,collision
236,4,1352.5564781269159,876.7832691309953,0.3059132248178733,153.29345703125,12.204668998718262,0,4,0,3,3,-0.6730710856072657,-0.9944726859912392,-0.7827527650559724,0,0,0,0,224,False,False,
236,5,1317.0730536865215,877.5431275085591,0.15218920691297141,188.2645721435547,15.837924003601074,0,5,0,4,4,-0.5722926053387305,-0.9960093526209037,-0.869607659176743,0,0,0,0,224,False,False,
236,6,1436.796620952309,873.3925133432995,1.7469456198262057,89.69058227539062,5.426550388336182,0,2,0,1,1,-0.010111697981165296,-0.9631320810507542,-0.8693664489428429,0,0,0,0,224,False,False,
175,7,1264.3712586534896,892.0598649135878,2.1304524303281096,238.65281677246094,13.584714889526367,0,7,0,6,6,-0.48076012824043407,-0.9395499392847027,0.5380845174588984,0,0,0,0,163,True,True,collision
219,0,1277.068481287778,865.5534588081968,1.7185717231922348,225.74581909179688,9.560101509094238,0,6,0,5,5,1.0,-0.9629933747890551,0.6179400268687276,0,0,0,5,207,True,True,collision
237,1,1400.93466745625,862.6721503113966,0.7799708790804377,109.2362289428711,7.648526191711426,0,3,0,2,2,0.5239127776514996,-0.9531386566216544,0.28898198075509374,0,0,0,0,225,False,False,
237,2,1344.9767490355298,886.4501885883205,-0.19591242350589066,173.10092163085938,14.589655876159668,0,5,0,4,4,-0.4592378630579131,-0.9182997691897152,0.3386279522811948,0,0,0,0,225,False,False,
213,3,1349.8562929579086,861.6340892591469,1.5734617595616054,154.52011108398438,3.334425926208496,0,4,0,3,3,1.0,-0.9640890870078306,0.6094547322314845,0,0,0,4,201,True,True,collision
237,4,1352.5564781269159,876.7832691309953,0.0,153.29345703125,12.19132137298584,0,4,0,3,3,-0.6730710856072657,-0.9944726859912392,-0.7827527650559724,1,0,0,0,225,False,False,
237,5,1316.7035926702679,877.5913373970357,0.3725931237664475,188.6370849609375,15.839029312133789,0,5,0,4,4,-0.7180305452484763,-0.9965374115307569,-0.8657111190999971,0,0,0,0,225,False,False,
237,6,1435.2389953788565,873.3168738074851,1.5594610499949377,91.25003051757812,5.434232711791992,0,2,0,1,1,-0.011537841994447717,-0.9672900126881476,-0.8811059306272735,0,0,0,0,225,False,False,
175,7,1264.3712586534896,892.0598649135878,2.1304524303281096,238.65281677246094,13.584714889526367,0,7,0,6,6,-0.48076012824043407,-0.9395499392847027,0.5380845174588984,0,0,0,0,163,True,True,collision
219,0,1277.068481287778,865.5534588081968,1.7185717231922348,225.74581909179688,9.560101509094238,0,6,0,5,5,1.0,-0.9629933747890551,0.6179400268687276,0,0,0,5,207,True,True,collision
238,1,1399.8624165307313,862.5385944488053,1.0805365406633172,110.31678771972656,7.649720191955566,0,3,0,2,2,0.5548238263741799,-0.955045197905738,0.3104138444954956,0,0,0,0,226,False,False,
238,2,1345.0234497599306,886.4309984839898,-0.050489778805058956,173.1513671875,14.571844100952148,0,5,0,4,4,-0.45808909250957175,-0.9181987634180686,0.33656242885613064,1,0,0,0,226,False,False,
213,3,1349.8562929579086,861.6340892591469,1.5734617595616054,154.52011108398438,3.334425926208496,0,4,0,3,3,1.0,-0.9640890870078306,0.6094547322314845,0,0,0,4,201,True,True,collision
238,4,1352.5771147895741,876.782835652881,-0.020641214812657377,153.3140869140625,12.179163932800293,0,4,0,3,3,-0.6673771473189137,-0.9944454183277089,-0.7827381289289568,2,0,0,0,226,False,False,
238,5,1316.073902904569,877.6739972688522,0.6350920054878739,189.27224731445312,19.051414489746094,0,6,1,5,5,-0.05937591209631958,-0.9050705157826057,-0.8589867620804934,0,0,0,0,226,False,False,
238,6,1433.3996437768146,873.205818964726,1.8427011407264928,93.09273529052734,5.447749137878418,0,2,0,1,1,-0.004749660388759165,-0.9722037816455509,-0.8975732386650342,0,0,0,0,226,False,False,
175,7,1264.3712586534896,892.0598649135878,2.1304524303281096,238.65281677246094,13.584714889526367,0,7,0,6,6,-0.48076012824043407,-0.9395499392847027,0.5380845174588984,0,0,0,0,163,True,True,collision
219,0,1277.068481287778,865.5534588081968,1.7185717231922348,225.74581909179688,9.560101509094238,0,6,0,5,5,1.0,-0.9629933747890551,0.6179400268687276,0,0,0,5,207,True,True,collision
239,1,1398.8435078148398,862.4041245402369,1.0277437071711575,111.34454345703125,7.648406982421875,0,3,0,2,2,0.5905386297302724,-0.9567424496382352,0.3316842534597575,0,0,0,0,227,False,False,
239,2,1345.1013758227791,886.3990044488403,-0.08423829032114824,173.23556518554688,14.549440383911133,0,5,0,4,4,-0.4567509093362705,-0.9180297432698331,0.3331198516994429,2,0,0,0,227,False,False,
213,3,1349.8562929579086,861.6340892591469,1.5734617595616054,154.52011108398438,3.334425926208496,0,4,0,3,3,1.0,-0.9640890870078306,0.6094547322314845,0,0,0,4,201,True,True,collision
239,4,1352.2825629759973,876.7904816667611,0.29465103497120926,153.60873413085938,15.397404670715332,0,5,1,4,4,-0.021618203920748633,-0.9032433188189571,-0.7828039772074338,0,0,0,0,227,False,False,
239,5,1315.388337134042,877.7610007109383,0.6910644142574235,189.96328735351562,19.065799713134766,0,6,0,5,5,-0.05776299843732791,-0.906905867396226,-0.8543328167237876,0,0,0,0,227,False,False,
239,6,1431.3708028082497,873.0381178905606,2.035760134692635,95.12846374511719,5.471581935882568,0,2,0,1,1,0.011631813204156868,-0.9776316532617954,-0.9211471296096511,0,0,0,0,227,False,False,
175,7,1264.3712586534896,892.0598649135878,2.1304524303281096,238.65281677246094,13.584714889526367,0,7,0,6,6,-0.48076012824043407,-0.9395499392847027,0.5380845174588984,0,0,0,0,163,True,True,collision
219,0,1277.068481287778,865.5534588081968,1.7185717231922348,225.74581909179688,9.560101509094238,0,6,0,5,5,1.0,-0.9629933747890551,0.6179400268687276,0,0,0,5,207,True,True,collision
240,1,1398.3482129551148,862.339429236339,0.49950223264400767,111.843994140625,7.64030122756958,0,3,0,2,2,0.6056518608738227,-0.9575292752768466,0.34193903298422734,0,0,0,0,228,True,False,max_steps
240,2,1344.8865784396114,886.4869138738394,0.2320904625773077,173.4676055908203,14.550429344177246,0,5,0,4,4,-0.4592156970260981,-0.9184952884090926,0.3425683864458944,0,0,0,0,228,True,False,max_steps
213,3,1349.8562929579086,861.6340892591469,1.5734617595616054,154.52011108398438,3.334425926208496,0,4,0,3,3,1.0,-0.9640890870078306,0.6094547322314845,0,0,0,4,201,True,True,collision
240,4,1351.6783399503522,876.8092646880618,0.6045149018915817,154.21327209472656,15.410758018493652,0,5,0,4,4,-0.02530191881277738,-0.9048541731220835,-0.7825621523705437,0,0,0,0,228,True,False,max_steps
240,5,1314.8191481747588,877.832452514832,0.5736561963839693,190.53697204589844,19.078323364257812,0,6,0,5,5,-0.05785114476249286,-0.9084294772349121,-0.8505840243471973,0,0,0,0,228,True,False,max_steps
240,6,1429.0899809214684,872.851842918396,2.2884157936169958,97.41693878173828,5.487377166748047,0,2,0,1,1,0.015135730742153441,-0.9837330066581799,-0.9473851458518643,0,0,0,0,228,True,False,max_steps
175,7,1264.3712586534896,892.0598649135878,2.1304524303281096,238.65281677246094,13.584714889526367,0,7,0,6,6,-0.48076012824043407,-0.9395499392847027,0.5380845174588984,0,0,0,0,163,True,True,collision
