step,car_index,x,y,speed,distance_travelled,total_reward,lap_count,next_goal_idx,progress_delta,checkpoints_reached,checkpoint_streak,heading_error_norm,goal_distance_norm,lateral_offset_norm,no_progress_steps,reverse_speed_steps,reverse_progress_events,heading_away_steps,wall_hugging_steps,done,collided,terminated_reason
1,0,1510.0279952039107,875.3568895214345,0.05505474849793552,0.055082157254219055,0.0025598302017897367,0,1,0,0,0,-0.02075234900902798,-0.8609703059344629,-0.29776594385924715,1,0,0,0,0,False,False,
1,1,1506.4516449037208,868.780925682902,0.027680371670089025,0.027670206502079964,0.002220601076260209,0,1,0,0,0,-0.03516145069326247,-0.8705107280120284,-0.9137858938151272,1,0,0,0,0,False,False,
1,2,1504.0459852540182,860.87550647278,0.0,0.0,-0.001392123638652265,0,1,0,0,0,0.18531981358975586,-0.8736779209069417,0.03407164589994638,1,0,0,0,0,False,False,
1,3,1493.3947980630874,865.1637733169696,0.05653234901805901,0.0565391480922699,0.0010493804002180696,0,1,0,0,0,0.1044359564335085,-0.9038695575515587,-0.42803667904905884,1,0,0,0,0,False,False,
1,4,1502.4349595467752,870.5726446854467,0.027797187161155427,0.027851833030581474,0.0020649584475904703,0,1,0,0,0,-0.044293947491756414,-0.881445717225337,-0.871392351914697,1,0,0,0,0,False,False,
1,5,1509.083990401402,861.544503536695,0.028095151003221946,0.028076238930225372,0.000429055915446952,0,1,0,0,0,0.1292562730384955,-0.8609520357174172,-0.04614164820856659,1,0,0,0,0,False,False,
1,6,1505.7793987716648,875.075596955635,0.05668463400637421,0.05668562650680542,0.0018459996208548546,0,1,0,0,0,-0.06586945122501094,-0.8723245133386228,-0.33148758050298655,1,0,0,0,0,False,False,
1,7,1498.697579380201,871.9182571338348,0.05648687761461953,0.056466326117515564,0.0025430130772292614,0,1,0,0,0,-0.030148220208458712,-0.8914727629491093,-0.7265609286531116,1,0,0,0,0,False,False,
2,0,1509.9185174553718,875.3534110652979,0.10953299540424845,0.16463448107242584,0.02045232243835926,0,1,0,0,0,-0.020841361717743388,-0.8612622892546852,-0.29818307347918915,0,0,0,0,0,False,False,
2,1,1506.3971410938168,868.7875828370773,0.05490886081277213,0.08263970911502838,0.0046782707795500755,0,1,0,0,0,-0.035179839380906706,-0.8706570915767102,-0.9145835627374725,2,0,0,0,0,False,False,
2,2,1504.0459852540182,860.87550647278,0.0,0.0,-0.0028702470008283854,0,1,0,0,0,0.18531981358975586,-0.8736779209069417,0.03407164589994638,2,0,0,0,0,False,False,
2,3,1493.282799565409,865.1667711016812,0.11203861028855426,0.1685175597667694,0.017255328595638275,0,1,0,0,0,0.10475098023027776,-0.9041641435524087,-0.42761857749880705,0,0,0,0,0,False,False,
2,4,1502.3801059078444,870.5782404149335,0.05513831601012099,0.08294828981161118,0.0043381378054618835,0,1,0,0,0,-0.044331326553407595,-0.8815922810393454,-0.8707190900719834,2,0,0,0,0,False,False,
2,5,1509.028371966166,861.5444405035323,0.05561847095401409,0.08374033868312836,0.0009614878799766302,0,1,0,0,0,0.12938238551334078,-0.8610974226546619,-0.046134330145058855,2,0,0,0,0,False,False,
2,6,1505.6671573075919,875.0799965713778,0.11232765855264237,0.16907626390457153,0.018839702010154724,0,1,0,0,0,-0.06601947874382354,-0.8726226174078558,-0.3309606799304281,0,0,0,0,0,False,False,
2,7,1498.5856811317287,871.9237839258254,0.11203465285726741,0.16853949427604675,0.020276237279176712,0,1,0,0,0,-0.030222127403909362,-0.8917712934554589,-0.7266851070432587,0,0,0,0,0,False,False,
3,0,1509.7554401846019,875.3482500008224,0.1631589189356642,0.32767897844314575,0.03854065388441086,0,1,0,0,0,-0.020987124764334907,-0.8616968363979618,-0.2987977908138407,0,0,0,0,0,False,False,
3,1,1506.3160237084662,868.7974855463024,0.08171960509019628,0.1642952561378479,0.0072251008823513985,0,1,0,0,0,-0.03519987676974602,-0.8708745085807764,-0.9157690890257291,3,0,0,0,0,False,False,
3,2,1504.0459852540182,860.87550647278,0.0,0.0,-0.004258076194673777,0,1,0,0,0,0.18531981358975586,-0.8736779209069417,0.03407164589994638,3,0,0,0,0,False,False,
3,3,1493.1161861778237,865.1712354578067,0.16667318740073275,0.33520472049713135,0.03362537920475006,0,1,0,0,0,0.10521779628856506,-0.9046026360631169,-0.4269959132045651,0,0,0,0,0,False,False,
3,4,1502.2984687721128,870.5865641194906,0.08206038013582444,0.16503411531448364,0.006699982099235058,0,1,0,0,0,-0.044380035347041116,-0.8818106506042273,-0.8697238334349287,3,0,0,0,0,False,False,
3,5,1508.945652654631,861.5443495693373,0.08271936151766167,0.16638195514678955,0.0015992466360330582,0,1,0,0,0,0.12956452727073106,-0.8613132751811801,-0.04612701208155112,3,0,0,0,0,False,False,
3,6,1505.5001880218147,875.0865387319283,0.16709740350363123,0.3360741138458252,0.036011308431625366,0,1,0,0,0,-0.0662404045168311,-0.8730655470340986,-0.33017764713509823,0,0,0,0,0,False,False,
3,7,1498.419173763457,871.9320035573918,0.16671012576290697,0.3352471590042114,0.038183875381946564,0,1,0,0,0,-0.03033030572030763,-0.8922153422876324,-0.7268539942276487,0,0,0,0,0,False,False,
4,0,1509.539614127361,875.341458579022,0.21593288400399366,0.5436075329780579,0.05678906291723251,0,1,0,0,0,-0.021189807299223023,-0.8622723321841876,-0.2996174139267094,0,0,0,0,0,False,False,
4,1,1506.208704405876,868.8105770865501,0.108114851590773,0.2723871171474457,0.024852391332387924,0,1,0,0,0,-0.03522043002718931,-0.8711623175558533,-0.9173351546163888,0,0,0,0,0,False,False,
4,2,1504.0459852540182,860.87550647278,0.0,0.0,-0.0056459056213498116,0,1,0,0,0,0.18531981358975586,-0.8736779209069417,0.03407164589994638,4,0,0,0,0,False,False,
4,3,1492.8958306273134,865.1771494045831,0.22043489607389216,0.5556195378303528,0.05013557896018028,0,1,0,0,0,0.10584018651926404,-0.9051823303686519,-0.4261669709951983,0,0,0,0,0,False,False,
4,4,1502.1904615721778,870.5975681898354,0.10856631522697763,0.27362972497940063,0.02414117008447647,0,1,0,0,0,-0.04444087998596981,-0.8820995277695689,-0.8683992639400249,0,0,0,0,0,False,False,
4,5,1508.8362520093256,861.5442349395703,0.10940070535979315,0.2757570147514343,0.017306048423051834,0,1,0,0,0,0.12980291912401754,-0.8615989088587012,-0.046112375954535656,0,0,0,0,0,False,False,
4,6,1505.2793711838794,875.0951850623909,0.22098605147426767,0.5570693016052246,0.053336165845394135,0,1,0,0,0,-0.06653266840103242,-0.8736516614508999,-0.3291384821169968,0,0,0,0,0,False,False,
4,7,1498.198929227915,871.9428672473176,0.2205123016860725,0.555729866027832,0.05625457689166069,0,1,0,0,0,-0.030471477415773683,-0.8928026261231415,-0.7270886296388661,0,0,0,0,0,False,False,
5,0,1509.271888702752,875.3330970427797,0.26785596553060353,0.8115602731704712,0.0751936063170433,0,1,0,0,0,-0.021450788063763247,-0.8629864691723257,-0.3006199886272719,0,0,0,0,0,False,False,
5,1,1506.075592183303,868.8267988925019,0.1340970200515873,0.4065517783164978,0.04255884885787964,0,1,0,0,0,-0.035242300799400696,-0.871519542637275,-0.9192817595094519,0,0,0,0,0,False,False,
5,2,1504.0459852540182,860.87550647278,0.0,0.0,-0.007033734582364559,0,1,0,0,0,0.18531981358975586,-0.8736779209069417,0.03407164589994638,5,0,0,0,0,False,False,
5,3,1492.622606117867,865.1844982288485,0.27332332095949247,0.829034686088562,0.0667799860239029,0,1,0,0,0,0.10661842682950022,-0.9059013292385953,-0.4251480449964856,0,0,0,0,0,False,False,
5,4,1502.0564944810578,870.6112035371854,0.13465921505970996,0.4082307815551758,0.04166021570563316,0,1,0,0,0,-0.044512104895106736,-0.8824575930662318,-0.8667673357777952,0,0,0,0,0,False,False,
5,5,1508.7005865513256,861.5441021178802,0.13566552301881218,0.4114992618560791,0.033079568296670914,0,1,0,0,0,0.13009691238726317,-0.8619533814180332,-0.04609773982752008,0,0,0,0,0,False,False,
5,6,1505.0055825090524,875.1058958521721,0.2739981012366589,0.8310812711715698,0.0708114430308342,0,1,0,0,0,-0.06689587737682055,-0.8743783612836449,-0.32785782100313954,0,0,0,0,0,False,False,
5,7,1497.9258197677555,871.956324221424,0.27344079319052716,0.8292530179023743,0.07448489218950272,0,1,0,0,0,-0.030646119215313346,-0.8935311862219334,-0.7273817237995889,0,0,0,0,0,False,False,
6,0,1508.9531114643555,875.3232327642371,0.31892982254848595,1.1304373741149902,0.09375035762786865,0,1,0,0,0,-0.021769258518260573,-0.8638363106413812,-0.3017981968520206,0,0,0,0,0,False,False,
6,1,1505.9170931706162,868.8460907710628,0.1596687621329699,0.5661686062812805,0.060343220829963684,0,1,0,0,0,-0.03526527209585121,-0.8719445365322258,-0.9215942675779027,0,0,0,0,0,False,False,
6,2,1504.0459852540182,860.87550647278,0.0,0.0,-0.008421563543379307,0,1,0,0,0,0.18531981358975586,-0.8736779209069417,0.03407164589994638,6,0,0,0,0,False,False,
6,3,1492.2973856778394,865.1932692905013,0.32533869449266944,1.1543487310409546,0.08355244249105453,0,1,0,0,0,0.10755857640595126,-0.9067566027393716,-0.4239392495531693,0,0,0,0,0,False,False,
6,4,1501.8969743433056,870.6274197790767,0.1603422615829618,0.568600594997406,0.05925561115145683,0,1,0,0,0,-0.04459574452720037,-0.8828841978446036,-0.8648207308847322,0,0,0,0,0,False,False,
6,5,1508.5390696773284,861.5439577743035,0.16151693849528118,0.5729984045028687,0.04891745746135712,0,1,0,0,0,0.13044714973381955,-0.8623750431416188,-0.04607578563699688,0,0,0,0,0,False,False,
6,6,1504.6796938952268,875.1186302484019,0.32613732302287507,1.1572585105895996,0.08843252807855606,0,1,0,0,0,-0.06733306587279028,-0.8752433346592543,-0.32632834573001857,0,0,0,0,0,False,False,
6,7,1497.6007172307939,871.97232192447,0.32549590787231947,1.1547223329544067,0.0928713008761406,0,1,0,0,0,-0.030857166183080962,-0.8943980862401317,-0.7277259300601235,0,0,0,0,0,False,False,
7,0,1508.5841275632242,875.311939417696,0.3691566862054829,1.4996286630630493,0.11245538294315338,0,1,0,0,0,-0.02214402806259904,-0.8648202292004044,-0.3031520386009555,0,0,0,0,0,False,False,
7,1,1505.7336104892881,868.8683910842649,0.18483289295004687,0.7509952187538147,0.0782042145729065,0,1,0,0,0,-0.03529050606414362,-0.8724366475209103,-0.9242726788217415,0,0,0,0,0,False,False,
7,2,1504.0459852540182,860.87550647278,0.0,0.0,-0.009809392504394054,0,1,0,0,0,0.18531981358975586,-0.8736779209069417,0.03407164589994638,7,0,0,0,0,False,False,
7,3,1491.921041459337,865.203451854488,0.3764819456621747,1.5308278799057007,0.10044656693935394,0,1,0,0,0,0.10866853817587822,-0.9077460897578604,-0.42253137991349365,0,0,0,0,0,False,False,
7,4,1501.712304558882,870.6461654158917,0.18561877108389144,0.7542410492897034,0.0769258514046669,0,1,0,0,0,-0.04469144789169409,-0.8833780267713442,-0.8625740853878511,0,0,0,0,0,False,False,
7,5,1508.3521115413757,861.5438096256703,0.18695819465021749,0.7600101828575134,0.06481737643480301,0,1,0,0,0,0.13085319920348235,-0.8628632954485178,-0.0460611495099813,0,0,0,0,0,False,False,
7,6,1504.302577329615,875.1333462320996,0.37740358270034796,1.5346205234527588,0.10619492828845978,0,1,0,0,0,-0.06784517562062496,-0.8762439715494476,-0.32456469242464936,0,0,0,0,0,False,False,
7,7,1497.224492401895,871.9908062119048,0.37667863061487444,1.5313942432403564,0.11141031235456467,0,1,0,0,0,-0.031103028878169424,-0.8954013643001764,-0.7281367421330531,0,0,0,0,0,False,False,
8,0,1508.1657792213416,875.2992962347539,0.41853934729102926,1.9181543588638306,0.13130474090576172,0,1,0,0,0,-0.022575319748845697,-0.8659356010834307,-0.3046668777470609,0,0,0,0,0,False,False,
8,1,1505.52554404649,868.8936369076904,0.20959245267679488,0.9606460332870483,0.09614058583974838,0,1,0,0,0,-0.03531682537314143,-0.8729948667989388,-0.9272950390504446,0,0,0,0,0,False,False,
8,2,1504.0459852540182,860.87550647278,0.0,0.0,-0.011197221465408802,0,1,0,0,0,0.18531981358975586,-0.8736779209069417,0.03407164589994638,8,0,0,0,0,False,False,
8,3,1491.4944421573352,865.2150369200936,0.426756579578466,1.9576212167739868,0.11745601892471313,0,1,0,0,0,0.10995430844206737,-0.908867484172416,-0.4209482769562298,0,0,0,0,0,False,False,
8,4,1501.5028850034091,870.667387978378,0.2104921551337691,0.9646602272987366,0.09466943889856339,0,1,0,0,0,-0.04479978455270397,-0.8839377691819493,-0.8600347173506597,0,0,0,0,0,False,False,
8,5,1508.140118229423,861.543666319142,0.21199336038988625,0.9719243049621582,0.08077686280012131,0,1,0,0,0,0.13131685973851037,-0.8634164474709978,-0.046039195319458104,0,0,0,0,0,False,False,
8,6,1503.875103057842,875.1500008081257,0.42779858336663396,1.9624353647232056,0.12409418076276779,0,1,0,0,0,-0.06843554935344148,-0.8773782842135951,-0.32256686108703203,0,0,0,0,0,False,False,
8,7,1496.7980143890347,872.0117215055827,0.4269905677681974,1.9584213495254517,0.13009831309318542,0,1,0,0,0,-0.03138833976704139,-0.8965387322597071,-0.7285987234781658,0,0,0,0,0,False,False,
9,0,1507.698893592322,875.2853863054614,0.46709279240623697,2.3852806091308594,0.15029314160346985,0,1,0,0,0,-0.023062134638024014,-0.8671804619613195,-0.30633539622682937,0,0,0,0,0,False,False,
9,1,1505.2932904101938,868.9217641505636,0.2339506216372111,1.194522500038147,0.11415104568004608,0,1,0,0,0,-0.03534646310011043,-0.8736175782475125,-0.9306686663275201,0,0,0,0,0,False,False,
9,2,1504.0459852540182,860.87550647278,0.0,0.0,-0.01258505042642355,0,1,0,0,0,0.18531981358975586,-0.8736779209069417,0.03407164589994638,9,0,0,0,0,False,False,
9,3,1491.0184540399857,865.228017032028,0.47616506713927587,2.433750867843628,0.13457372784614563,0,1,0,0,0,0.1114265146900051,-0.9101180426004467,-0.4191962868145762,0,0,0,0,0,False,False,
9,4,1501.2691124310788,870.6910340894152,0.23496543180038054,1.199621319770813,0.11248494684696198,0,1,0,0,0,-0.044922984733214676,-0.8845627745199217,-0.8571953087096504,0,0,0,0,0,False,False,
9,5,1507.9034919767307,861.5435373341116,0.23662628784712314,1.2086186408996582,0.0967935100197792,0,1,0,0,0,0.13183835557653903,-0.8640342114642786,-0.04602455919244253,0,0,0,0,0,False,False,
9,6,1503.3981389712214,875.1685501210743,0.477324645222211,2.439724922180176,0.14212578535079956,0,1,0,0,0,-0.06910702008322005,-0.8786436401683245,-0.3203421697806742,0,0,0,0,0,False,False,
9,7,1496.3221499934043,872.0350109224102,0.47643396180887904,2.4348223209381104,0.14893166720867157,0,1,0,0,0,-0.03171415047797836,-0.8978075744830868,-0.7291191349865982,0,0,0,0,0,False,False,
10,0,1507.1843092734625,875.2702976807336,0.5148054854139286,2.9000277519226074,0.1694197803735733,0,1,0,0,0,-0.02360579732741365,-0.8685521862153266,-0.3081429579132451,0,0,0,0,0,False,False,
10,1,1505.0372426254937,868.9527076650196,0.25791077747298286,1.4524887800216675,0.1322343349456787,0,1,0,0,0,-0.03537875804491427,-0.8743044328752944,-0.9343789245259524,0,0,0,0,0,False,False,
10,2,1504.0459852540182,860.87550647278,0.0,0.0,-0.013972879387438297,0,1,0,0,0,0.18531981358975586,-0.8736779209069417,0.03407164589994638,10,0,0,0,0,False,False,
10,3,1490.4939361215727,865.242385962954,0.5247146966803767,2.9584829807281494,0.15179197490215302,0,1,0,0,0,0.11309914548163502,-0.9114956326995033,-0.417260773361517,0,0,0,0,0,False,False,
10,4,1501.0113801385637,870.7170495865772,0.25904196705888494,1.4587416648864746,0.13037079572677612,0,1,0,0,0,-0.04505976814862057,-0.8852520464555822,-0.854241926946745,0,0,0,0,0,False,False,
10,5,1507.642631557168,861.5434329101836,0.26086044046343565,1.4694828987121582,0.11286503076553345,0,1,0,0,0,0.1324182598198023,-0.8647149549858774,-0.046017241128934794,0,0,0,0,0,False,False,
10,6,1502.8725500168148,875.1889495498208,0.5259846819894233,2.965754747390747,0.1602851152420044,0,1,0,0,0,-0.06986323387213057,-0.88003805013554,-0.3178979365690837,0,0,0,0,0,False,False,
10,7,1495.797763125682,872.0606163787434,0.5250116440933891,2.959859609603882,0.16790670156478882,0,1,0,0,0,-0.032081848890596926,-0.899205925109473,-0.7297052661356725,0,0,0,0,0,False,False,
11,0,1506.622857089406,875.2541220096136,0.5616851496329875,3.4617841243743896,0.18867845833301544,0,1,0,0,0,-0.02420703391147059,-0.8700491322791195,-0.31008224474280033,0,0,0,0,0,False,False,
11,1,1504.7577900833296,868.9864013375665,0.2814764410953375,1.733931541442871,0.1503891795873642,0,1,0,0,0,-0.03541427034268547,-0.8750537927635045,-0.9384184955822337,0,0,0,0,0,False,False,
11,2,1504.0459852540182,860.87550647278,0.0,0.0,-0.015360708348453045,0,1,0,0,0,0.18531981358975586,-0.8736779209069417,0.03407164589994638,11,0,0,0,0,False,False,
11,3,1489.9217471063293,865.2581386300819,0.5724058138128645,3.5308432579040527,0.16910402476787567,0,1,0,0,0,0.11498492410409981,-0.912997520857693,-0.415164548373143,0,0,0,0,0,False,False,
11,4,1500.730078193512,870.7453795610543,0.28272490471063255,1.741413950920105,0.14832539856433868,0,1,0,0,0,-0.04521163056882263,-0.8860039523119192,-0.8528122031681955,0,0,0,0,0,False,False,
11,5,1507.3579332282434,861.5433640315214,0.2846983372567003,1.7541508674621582,0.12898913025856018,0,1,0,0,0,0.13305929275603162,-0.8654576114383681,-0.04600260500191933,0,0,0,0,0,False,False,
11,6,1502.299201413083,875.2111533037439,0.5737783788969256,3.5395493507385254,0.17856697738170624,0,1,0,0,0,-0.07070873783586017,-0.8815588568078814,-0.3152341614522606,0,0,0,0,0,False,False,
11,7,1495.225714235877,872.0884786790816,0.572727020584183,3.5325608253479004,0.18701961636543274,0,1,0,0,0,-0.032496321876399434,-0.9007311647747676,-0.7303507422060052,0,0,0,0,0,False,False,
12,0,1506.0153624957743,875.2369540274001,0.6077371314184945,4.0694499015808105,0.20806549489498138,0,1,0,0,0,-0.02486635683089844,-0.8716683582512348,-0.3121459386519876,0,0,0,0,0,False,False,
12,1,1504.4553183925957,869.0227781748674,0.30465127274869364,2.0386011600494385,0.16861431300640106,0,1,0,0,0,-0.03545324699241645,-0.8758649942563271,-0.9427800614328563,0,0,0,0,0,False,False,
12,2,1504.0459852540182,860.87550647278,0.0,0.0,-0.016748538240790367,0,1,0,0,0,0.18531981358975586,-0.8736779209069417,0.03407164589994638,12,0,0,0,0,False,False,
12,3,1489.3027420325297,865.2752711143808,0.6192421201824113,4.150099277496338,0.18650150299072266,0,1,0,0,0,0.11710124631325255,-0.9146215455807,-0.41290669709151573,0,0,0,0,0,False,False,
12,4,1500.4255936231864,870.7759683739831,0.3060172038346914,2.0475106239318848,0.16634708642959595,0,1,0,0,0,-0.04537893726498952,-0.8868181554552615,-0.8512729085403288,0,0,0,0,0,False,False,
12,5,1507.0497898046253,861.5433423886943,0.30814342437803277,2.062256336212158,0.1451631337404251,0,1,0,0,0,0.13376056202646458,-0.8662612780448604,-0.04600260500191933,0,0,0,0,0,False,False,
12,6,1501.6789525295412,875.2351148475905,0.6207115538785847,4.160249710083008,0.19696718454360962,0,1,0,0,0,-0.0716474416743962,-0.8832037432335609,-0.31236548055722024,0,0,0,0,0,False,False,
12,7,1494.6068595061163,872.1185376336094,0.6195843100777246,4.152185440063477,0.2062666267156601,0,1,0,0,0,-0.03295887636167865,-0.902381324215289,-0.7310610803314121,0,0,0,0,0,False,False,
13,0,1505.3626315614936,875.2188890210538,0.6529808703333584,4.722409725189209,0.22757527232170105,0,1,0,0,0,-0.02558504435785696,-0.8734081980666999,-0.31431208545028333,0,0,0,0,1,False,False,
13,1,1504.1302101368383,869.0617702302305,0.32743817484081844,2.3660056591033936,0.1869082748889923,0,1,0,0,0,-0.03549607432336946,-0.8767367237609424,-0.9474563040143122,0,0,0,0,1,False,False,
13,2,1504.0459852540182,860.87550647278,0.0,0.0,-0.018136367201805115,0,1,0,0,0,0.18531981358975586,-0.8736779209069417,0.03407164589994638,13,0,0,0,1,False,False,
13,3,1488.6377710299678,865.293780554696,0.6652285574364163,4.815273284912109,0.20397576689720154,0,1,0,0,0,0.11946884488862237,-0.9163648354947526,-0.4104946519248851,0,0,0,0,1,False,False,
13,4,1500.0983094203857,870.8087598328603,0.32892283164629865,2.3764243125915527,0.18443450331687927,0,1,0,0,0,-0.04556329078840804,-0.8876930218553118,-0.8496167249996369,0,0,0,0,1,False,False,
13,5,1506.7185902034566,861.5433803248238,0.3311996033412363,2.393433094024658,0.16138462722301483,0,1,0,0,0,0.13452437223159816,-0.8671249134724507,-0.04600992306542706,0,0,0,0,1,False,False,
13,6,1501.0126510284624,875.260788007299,0.6667959219050876,4.827004909515381,0.21548034250736237,0,1,0,0,0,-0.07268753395231013,-0.8849703483033942,-0.3103611887416624,0,0,0,0,1,False,False,
13,7,1493.9420504923971,872.1507321341746,0.6655880937855044,4.817760944366455,0.22564375400543213,0,1,0,0,0,-0.033475574342756116,-0.9041537792777312,-0.7318315923774593,0,0,0,0,1,False,False,
14,0,1504.6654807378,875.2000251725901,0.6974059906219623,5.419808387756348,0.24720722436904907,0,1,0,0,0,-0.0263651579347153,-0.8752663560910212,-0.31657336707417993,0,0,0,0,2,False,False,
14,1,1503.782841018569,869.1033093253187,0.34984396628787395,2.715895414352417,0.2052706778049469,0,1,0,0,0,-0.0355433350730389,-0.8776683171514195,-0.9524399052630941,0,0,0,0,2,False,False,
14,2,1504.0459852540182,860.87550647278,0.0,0.0,-0.019524196162819862,0,1,0,0,0,0.18531981358975586,-0.8736779209069417,0.03407164589994638,14,0,0,0,2,False,False,
14,3,1487.9276296905707,865.3136597306149,0.7104195264460943,5.5257568359375,0.2215118706226349,0,1,0,0,0,0.1221172621828354,-0.9182254970334018,-0.40793647417758405,0,0,0,0,2,False,False,
14,4,1499.7486033096127,870.8436974700417,0.35144701222771474,2.7277724742889404,0.20258617401123047,0,1,0,0,0,-0.045763673633270385,-0.8886275538426801,-0.8478720100422127,0,0,0,0,2,False,False,
14,5,1506.3647195217275,861.5434907921764,0.35387069897130563,2.747314929962158,0.1776510626077652,0,1,0,0,0,0.13535246798442668,-0.8680475054065161,-0.04602455919244253,0,0,0,0,2,False,False,
14,6,1500.301141419416,875.288126443572,0.7120346296797908,5.5390777587890625,0.23410165309906006,0,1,0,0,0,-0.07383523862916819,-0.8868566616240713,-0.3120401125929808,0,0,0,0,2,False,False,
14,7,1493.2321516748946,872.1849968847162,0.7107252663449946,5.528425216674805,0.2451448291540146,0,1,0,0,0,-0.034046695560525427,-0.9060462308672743,-0.7326742845420888,0,0,0,0,2,False,False,
15,0,1503.924717564894,875.1804620525435,0.7410214531305135,6.160910606384277,0.2669549882411957,0,1,0,0,0,-0.02720951559791855,-0.8772408484122597,-0.3189151473966618,0,0,0,0,3,False,False,
15,1,1503.4135785895935,869.1473275787437,0.3718767915418205,3.087770938873291,0.2236991971731186,0,1,0,0,0,-0.03559549025827001,-0.8786584501284463,-0.9577162290521861,0,0,0,0,3,False,False,
15,2,1504.0459852540182,860.87550647278,0.0,0.0,-0.02091202512383461,0,1,0,0,0,0.18531981358975586,-0.8736779209069417,0.03407164589994638,15,0,0,0,3,False,False,
15,3,1487.1731618554222,865.3349022482297,0.7547668241438995,6.280450344085693,0.2391113042831421,0,1,0,0,0,0.1250723322797553,-0.9202002419577854,-0.4052239882005374,0,0,0,0,3,False,False,
15,4,1499.3768490786586,870.8807244704386,0.37359363885207747,3.1014397144317627,0.22080042958259583,0,1,0,0,0,-0.045982706244589625,-0.8896214224614046,-0.8460241704203186,0,0,0,0,3,False,False,
15,5,1505.9885589685873,861.5436873106541,0.3761606044740636,3.123535633087158,0.19395984709262848,0,1,0,0,0,0.13624679517564572,-0.8690280368092378,-0.04604651338296584,0,0,0,0,3,False,False,
15,6,1499.5452646833523,875.3170834090158,0.756431190505706,6.295490741729736,0.2528257369995117,0,1,0,0,0,-0.07509810229081496,-0.8888600012815369,-0.31383601111568105,0,0,0,0,3,False,False,
15,7,1492.4779940245844,872.2212689707762,0.7550294204522228,6.283446311950684,0.26476940512657166,0,1,0,0,0,-0.034680649808021574,-0.9080567006742206,-0.7335827535197312,0,0,0,0,3,False,False,
16,0,1503.1411465876085,875.1603008345672,0.7838303076268148,6.944740295410156,0.2868150770664215,0,1,0,0,0,-0.028119867517902877,-0.879329061811664,-0.321337426417729,0,0,0,0,4,False,False,
16,1,1503.0227883638406,869.1937565652685,0.3935386274989314,3.481268882751465,0.24219338595867157,0,1,0,0,0,-0.03565419616132254,-0.8797061435623276,-0.9632852753815884,0,0,0,0,4,False,False,
16,2,1504.0459852540182,860.87550647278,0.0,0.0,-0.022299854084849358,0,1,0,0,0,0.18531981358975586,-0.8736779209069417,0.03407164589994638,16,0,0,0,4,False,False,
16,3,1486.3752053405694,865.3575036980417,0.7982765342472058,7.0787434577941895,0.25675761699676514,0,1,0,0,0,0.1283667615008009,-0.922287023210726,-0.4023800057698357,0,0,0,0,4,False,False,
16,4,1498.9834165710538,870.9197837283106,0.39536661931126804,3.4968068599700928,0.23907573521137238,0,1,0,0,0,-0.04622050327825933,-0.8906729829483402,-0.8440895145528269,0,0,0,0,4,False,False,
16,5,1505.590485809708,861.5439839277917,0.398073269388683,3.521606922149658,0.21030840277671814,0,1,0,0,0,0.1372083925301322,-0.8700652026803657,-0.04608310370050461,0,0,0,0,4,False,False,
16,6,1498.7458590247252,875.3476112155664,0.7999883461763098,7.095511436462402,0.2716464102268219,0,1,0,0,0,-0.07648567478537795,-0.8909783090577414,-0.31574957037821694,0,0,0,0,4,False,False,
16,7,1491.6804089554407,872.2594850451608,0.798500100727829,7.081968307495117,0.28451240062713623,0,1,0,0,0,-0.03538432044810457,-0.9101828818755289,-0.7345578283097687,0,0,0,0,4,False,False,
17,0,1502.3154105175377,875.1396111988837,0.8259952290666902,7.770683288574219,0.3067653775215149,0,1,0,0,0,-0.029079165727617037,-0.8815293208724615,-0.32381824994685826,0,0,0,0,5,False,False,
17,1,1502.6108304680488,869.2425279098095,0.41483484901058365,3.896132469177246,0.2607511878013611,0,1,0,0,0,-0.03571949536275617,-0.8808107225821449,-0.9691324081242854,0,0,0,0,5,False,False,
17,2,1504.0459852540182,860.87550647278,0.0,0.0,-0.023687683045864105,0,1,0,0,0,0.18531981358975586,-0.8736779209069417,0.03407164589994638,17,0,0,0,5,False,False,
17,3,1485.534588362342,865.3814608680709,0.840958292711459,7.919783592224121,0.2744392454624176,0,1,0,0,0,0.13203797871729187,-0.9244831186701583,-0.3993964084087751,0,0,0,0,5,False,False,
17,4,1498.568671552541,870.960817923261,0.4167700031629155,3.9135031700134277,0.2574104964733124,0,1,0,0,0,-0.046478088293246046,-0.8917812454047874,-0.8420663272686025,0,0,0,0,5,False,False,
17,5,1505.170871989885,861.5443950565198,0.41961402123064045,3.9411628246307373,0.22669392824172974,0,1,0,0,0,0.1382405856696961,-0.8711579418676394,-0.04612701208155112,0,0,0,0,5,False,False,
17,6,1497.90374873396,875.3796631787004,0.8427200425724691,7.938161849975586,0.2905579209327698,0,1,0,0,0,-0.0780089115313975,-0.8932088760129796,-0.31777272907625576,0,0,0,0,5,False,False,
17,7,1490.840221381848,872.2995816952322,0.841143804688947,7.923134803771973,0.3043685555458069,0,1,0,0,0,-0.036165590971856745,-0.9124224634869947,-0.73560591221777,0,0,0,0,5,False,False,
18,0,1501.4483485120224,875.1184831039017,0.8673193862734765,8.638006210327148,0.32683607935905457,0,1,0,0,0,-0.030104884636805055,-0.8838396447183374,-0.3263502999205419,0,0,0,0,6,False,False,
18,1,1502.1780601156768,869.2935733768471,0.43577037255559725,4.331869602203369,0.279371440410614,0,1,0,0,0,-0.035792594100682765,-0.8819708725829437,-0.9752503092167694,0,0,0,0,6,False,False,
18,2,1504.0459852540182,860.87550647278,0.0,0.0,-0.025075512006878853,0,1,0,0,0,0.18531981358975586,-0.8736779209069417,0.03407164589994638,18,0,0,0,6,False,False,
18,3,1484.6521323840664,865.4067714901001,0.8828188835667081,8.802593231201172,0.2921430766582489,0,1,0,0,0,0.13613302467509747,-0.9267853222321127,-0.39628857548519614,0,0,0,0,6,False,False,
18,4,1498.1329756628545,871.0037695869785,0.43780789589240454,4.351407527923584,0.2758030891418457,0,1,0,0,0,-0.04675745965152613,-0.8929458742691966,-0.8399546371538313,0,0,0,0,6,False,False,
18,5,1504.73008440503,861.5449353425427,0.4407879159769353,4.381958961486816,0.24311363697052002,0,1,0,0,0,0.1393450451579257,-0.8723056108940336,-0.04619287465312094,0,0,0,0,6,False,False,
18,6,1497.0197530220385,875.4131928792368,0.884631369279676,8.822832107543945,0.30955442786216736,0,1,0,0,0,-0.079681397969307,-0.8955499358714505,-0.3199054872097973,0,0,0,0,6,False,False,
18,7,1489.958249338708,872.3414954984185,0.8829674126368123,8.806089401245117,0.32433316111564636,0,1,0,0,0,-0.03703360305761912,-0.9147731295588564,-0.7367206305243519,0,0,0,0,6,False,False,
19,0,1500.540747563179,875.097007562139,0.9078549891010942,9.545853614807129,0.3470090329647064,0,1,0,0,0,-0.031203743848094077,-0.8862577243459441,-0.3332542639440269,0,0,0,0,7,False,False,
19,1,1501.7248275723816,869.3468250256225,0.45635016861956756,4.788230895996094,0.2980528473854065,0,1,0,0,0,-0.03587459505176014,-0.8831859285226621,-0.9816316605955325,0,0,0,0,7,False,False,
19,2,1504.0459852540182,860.87550647278,0.0,0.0,-0.0264633409678936,0,1,0,0,0,0.18531981358975586,-0.8736779209069417,0.03407164589994638,19,0,0,0,7,False,False,
19,3,1483.728651717167,865.4334341048334,0.9238654865084012,9.726438522338867,0.30985474586486816,0,1,0,0,0,0.14070971236998875,-0.9291909412740614,-0.393048388522395,0,0,0,0,7,False,False,
19,4,1497.6766862821064,871.0485811882246,0.45848454563898355,4.809900283813477,0.2942518889904022,0,1,0,0,0,-0.04705902892362164,-0.8941652234008157,-0.837770738334292,0,0,0,0,7,False,False,
19,5,1504.2684888971498,861.5456199864093,0.46159601561589736,4.843629360198975,0.25956520438194275,0,1,0,0,0,0.14052515011229996,-0.8735071374282147,-0.046273373351706226,0,0,0,0,7,False,False,
19,6,1496.0946838509713,875.448154284625,0.9257295885547083,9.748541831970215,0.32862916588783264,0,1,0,0,0,-0.08151616008769401,-0.8979987574757676,-0.3221560204279169,0,0,0,0,7,False,False,
19,7,1489.0353036153922,872.3851630850972,0.9239781741541807,9.730096817016602,0.3444012701511383,0,1,0,0,0,-0.03799909250097799,-0.9172328836541275,-0.7379157331847767,0,0,0,0,7,False,False,
20,0,1499.593379412469,875.0752747216228,0.9476173960710653,10.493490219116211,0.36727648973464966,0,1,0,0,0,-0.0323821109286055,-0.8887815594306037,-0.3424462090887376,0,0,0,0,8,False,False,
20,1,1501.2514792297811,869.4022151015042,0.47657812995224635,5.264852523803711,0.31679436564445496,0,1,0,0,0,-0.03596753664364327,-0.8844549099782426,-0.988276462260575,0,0,0,0,8,False,False,
20,2,1504.0459852540182,860.87550647278,0.0,0.0,-0.027851169928908348,0,1,0,0,0,0.18531981358975586,-0.8736779209069417,0.03407164589994638,20,0,0,0,8,False,False,
20,3,1482.764955207427,865.4614484048934,0.9641036064101209,10.690468788146973,0.32755815982818604,0,1,0,0,0,0.14583221734315038,-0.9316969418168872,-0.38969865929646197,0,0,0,0,8,False,False,
20,4,1497.200155005975,871.0951955404756,0.4788057591208981,5.288617134094238,0.31275486946105957,0,1,0,0,0,-0.047385432332192244,-0.8954383049115683,-0.8354983080980204,0,0,0,0,8,False,False,
20,5,1503.786446560966,861.5464646081649,0.48204307614513786,5.325563907623291,0.2760457396507263,0,1,0,0,0,0.14178241404259717,-0.8747608794555863,-0.04637582624081482,0,0,0,0,8,False,False,
20,6,1495.1293481142873,875.4845010648693,0.9660197580552937,10.714556694030762,0.34777548909187317,0,1,0,0,0,-0.08352929506815801,-0.9005532224320885,-0.32453073203618366,0,0,0,0,8,False,False,
20,7,1488.0721810037946,872.4305231331512,0.9641901777814087,10.69429874420166,0.3645668923854828,0,1,0,0,0,-0.03907449534806347,-0.9197993988659483,-0.7391911630266733,0,0,0,0,8,False,False,
21,0,1498.6070172510042,875.0533761139013,0.9866052212457518,11.480060577392578,0.3876357078552246,0,1,0,0,0,-0.033648532213219874,-0.8914088194634994,-0.35192481650241614,0,0,0,0,9,False,False,
21,1,1500.7583572783385,869.459676141853,0.4964584878442481,5.761349678039551,0.3355945944786072,0,1,0,0,0,-0.036070815427517444,-0.8857768068837136,-0.993490427072467,0,0,0,0,9,False,False,
21,2,1504.0459852540182,860.87550647278,0.0,0.0,-0.029238998889923096,0,1,0,0,0,0.18531981358975586,-0.8736779209069417,0.03407164589994638,21,0,0,0,9,False,False,
21,3,1481.7618507898474,865.4908168039335,1.0035342422807814,11.694073677062988,0.34523457288742065,0,1,0,0,0,0.1515823034652259,-0.9343006615805425,-0.3862384730494588,0,0,0,0,9,False,False,
21,4,1496.7037296331794,871.1435555825597,0.49877534464489304,5.7874250411987305,0.33131086826324463,0,1,0,0,0,-0.047737251266502134,-0.8967647733253088,-0.8331666044059545,0,0,0,0,9,False,False,
21,5,1503.351508956519,861.547332341299,0.4349384700424581,5.760501384735107,0.2923728823661804,0,1,0,0,0,0.1429406254774016,-0.8758918575785801,-0.04647827912992342,0,0,0,0,9,False,False,
21,6,1494.1245473178028,875.5221860230976,1.0055072335356865,11.720145225524902,0.3669854402542114,0,1,0,0,0,-0.08574031187923513,-0.9032111694918683,-0.3270158434931495,0,0,0,0,9,False,False,
21,7,1487.0696704023715,872.4775159431963,1.0036113939976554,11.69784164428711,0.3848251402378082,0,1,0,0,0,-0.04027685833377619,-0.9224703353551218,-0.7405396591589053,0,0,0,0,9,False,False,
22,0,1497.5824247993098,875.0314031712255,1.024828035466965,12.50495433807373,0.4080805778503418,0,1,0,0,0,-0.03501021596299046,-0.8941378413914123,-0.3616891714271242,0,0,0,0,10,False,False,
22,1,1500.2458020669626,869.51914041963,0.5159930668528345,6.277244567871094,0.3544527590274811,0,1,0,0,0,-0.0361871397496682,-0.887150322953957,-0.9970455951643122,0,0,0,0,10,False,False,
22,2,1504.0459852540182,860.87550647278,0.0,0.0,-0.030626827850937843,0,1,0,0,0,0.18531981358975586,-0.8736779209069417,0.03407164589994638,22,0,0,0,10,False,False,
22,3,1480.7201362816668,865.5215437444289,1.0421675783797624,12.736273765563965,0.3628644049167633,0,1,0,0,0,0.15806161464897173,-0.9369981734582229,-0.38266136930344496,0,0,0,0,10,False,False,
22,4,1496.1877536927768,871.1936044775091,0.51839759158375,6.305837631225586,0.34991806745529175,0,1,0,0,0,-0.048117319143782485,-0.8981433136533108,-0.8307699814864428,0,0,0,0,10,False,False,
22,5,1502.962873845091,861.5481921311058,0.3886360624969343,6.149174213409424,0.3085514307022095,0,1,0,0,0,0.143993880021212,-0.8769021697797954,-0.046588050082539745,0,0,0,0,10,False,False,
22,6,1493.0810678418516,875.5611636917118,1.0442071994493978,12.764330863952637,0.38625097274780273,0,1,0,0,0,-0.08817305683226727,-0.9059697546992349,-0.3296032363221105,0,0,0,0,10,False,False,
22,7,1486.0285530262397,872.5260832139245,1.0422495721608787,12.74010944366455,0.4051700234413147,0,1,0,0,0,-0.04162345038432073,-0.9252439978933226,-0.7419766867078696,0,0,0,0,10,False,False,
23,0,1496.5203445712314,875.0094424671989,1.062307245290471,13.567193031311035,0.42860472202301025,0,1,0,0,0,-0.03647445509302795,-0.8969659570416816,-0.37170920119563433,0,0,0,0,11,False,False,
23,1,1499.714148176085,869.5805407623509,0.5351876883593577,6.812516212463379,0.3733665943145752,0,1,0,0,0,-0.036315638231811755,-0.8885754228488439,-0.9993033987650753,0,0,0,0,11,False,False,
23,2,1504.0459852540182,860.87550647278,0.0,0.0,-0.03201465681195259,0,1,0,0,0,0.18531981358975586,-0.8736779209069417,0.03407164589994638,23,0,0,0,11,False,False,
23,3,1479.6406011421525,865.5536354982089,1.0800120360934855,13.816219329833984,0.3804238438606262,0,1,0,0,0,0.16538987340657027,-0.9397857407823074,-0.37898844466337656,0,0,0,0,11,False,False,
23,4,1495.652566410201,871.2452856722605,0.5376768298168971,6.843484878540039,0.36857470870018005,0,1,0,0,0,-0.04852760280065651,-0.8995729316166989,-0.8283067670476291,0,0,0,0,11,False,False,
23,5,1502.6197631353539,861.5490170818381,0.3431117014618563,6.49231481552124,0.32458603382110596,0,1,0,0,0,0.14494019852992482,-0.877793752668257,-0.04668318490814061,0,0,0,0,11,False,False,
23,6,1491.999689243472,875.6013893149634,1.0821265054510107,13.8464994430542,0.4055638611316681,0,1,0,0,0,-0.09085320349431387,-0.9088270983208535,-0.3323157222991572,0,0,0,0,11,False,False,
23,7,1484.9496016391233,872.5761680769311,1.0801132298341638,13.82025146484375,0.4255948066711426,0,1,0,0,0,-0.043139270757647966,-0.9281180175332394,-0.7434867519609838,0,0,0,0,11,False,False,
24,0,1495.4215116853263,874.9875765573198,1.0990504215736154,14.666288375854492,0.44920453429222107,0,1,0,0,0,-0.03805045603383645,-0.8998918001165073,-0.38197936008794486,0,0,0,0,12,False,False,
24,1,1499.1637257194109,869.6438104990815,0.554046875631613,7.366551399230957,0.39233508706092834,0,1,0,0,0,-0.03645788285625144,-0.8900504656808439,-0.995564740302937,0,0,0,0,12,False,False,
24,2,1504.0459852540182,860.87550647278,0.0,0.0,-0.03340248763561249,0,1,0,0,0,0.18531981358975586,-0.8736779209069417,0.03407164589994638,24,0,0,0,12,False,False,
24,3,1478.5240222542325,865.5870988830375,1.1170802169374272,14.933297157287598,0.39788582921028137,0,1,0,0,0,0.17372462402207262,-0.942659729849333,-0.3752205567148207,0,0,0,0,12,False,False,
24,4,1495.0985031201542,871.2985428402837,0.5566169736212887,7.400112152099609,0.3872791528701782,0,1,0,0,0,-0.048969078630657095,-0.9010529544330671,-0.825792397629725,0,0,0,0,12,False,False,
24,5,1502.3214219484505,861.5497842444222,0.2983421732531422,6.790655612945557,0.34048137068748474,0,1,0,0,0,0.1457741994960565,-0.8785687115736803,-0.04677831973374136,0,0,0,0,12,False,False,
24,6,1490.8811823738274,875.6428188854002,1.1192738837070606,14.965675354003906,0.42491447925567627,0,1,0,0,0,-0.09381260294377651,-0.9117802682654123,-0.33513780771170676,0,0,0,0,12,False,False,
24,7,1483.8335802933295,872.6277151360463,1.117211145473779,14.937406539916992,0.44609227776527405,0,1,0,0,0,-0.04484852086014194,-0.9310900198633435,-0.7450918091087708,0,0,0,0,12,False,False,
25,0,1494.286653877711,874.9658844066579,1.1350651051397393,15.801383018493652,0.4698745012283325,0,1,0,0,0,-0.03975147094726342,-0.9029129939782164,-0.3924695182644572,0,0,0,0,13,False,False,
25,1,1498.5948616613196,869.7088831640532,0.5725738103639321,7.939107894897461,0.41135716438293457,0,1,0,0,0,-0.03661592806057759,-0.8915747943217026,-0.9917384119179009,0,0,0,0,13,False,False,
25,2,1504.0459852540182,860.87550647278,0.0,0.0,-0.034790318459272385,0,1,0,0,0,0.18531981358975586,-0.8736779209069417,0.03407164589994638,25,0,0,0,13,False,False,
25,3,1477.3711653124028,865.6219405895292,1.1533833156571254,16.08665657043457,0.4152178466320038,0,1,0,0,0,0.18325856538524002,-0.9456154566675855,-0.37137228441242187,0,0,0,0,13,False,False,
25,4,1494.5258959369712,871.3533196824519,0.5752212519288511,7.975360870361328,0.40602973103523254,0,1,0,0,0,-0.04944589547514511,-0.9025823923301352,-0.8232122942780862,0,0,0,0,13,False,False,
25,5,1502.067117728045,861.5504744213993,0.25430515696739664,7.044929027557373,0.35624203085899353,0,1,0,0,0,0.14649451495216934,-0.8792289877016513,-0.046858818432326754,0,0,0,0,13,False,False,
25,6,1489.7263091045327,875.685409144133,1.1556583397659936,16.121368408203125,0.44429242610931396,0,1,0,0,0,-0.09708880232279726,-0.9148275836980521,-0.3380775538640919,0,0,0,0,13,False,False,
25,7,1482.6812441319335,872.6806705006607,1.1535522959547213,16.090967178344727,0.4666542708873749,0,1,0,0,0,-0.04678750971114722,-0.9341582443723615,-0.7467634720689527,0,0,0,0,13,False,False,
26,0,1493.1164908156095,874.9444414938084,1.170359513319748,16.971744537353516,0.49060872197151184,0,1,0,0,0,-0.04159039343703594,-0.9060275122923502,-0.4031788753119754,0,0,0,0,14,False,False,
26,1,1498.0078784565758,869.7756927931185,0.5907730606478264,8.529814720153809,0.4304311275482178,0,1,0,0,0,-0.03679122993150688,-0.8931474167648633,-0.9878244110416772,0,0,0,0,14,False,False,
26,2,1504.0459852540182,860.87550647278,0.0,0.0,-0.03617814928293228,0,1,0,0,0,0.18531981358975586,-0.8736779209069417,0.03407164589994638,26,0,0,0,14,False,False,
26,3,1476.182787789151,865.6581677071048,1.1889295781576024,17.275684356689453,0.4323808550834656,0,1,0,0,0,0.19424319119289224,-0.9486480609530952,-0.36743556645184716,0,0,0,0,14,False,False,
26,4,1493.9350722767251,871.4095602348406,0.5934943952890676,8.568849563598633,0.42482423782348633,0,1,0,0,0,-0.049958392257321786,-0.9041602421749564,-0.8205956434881869,0,0,0,0,14,False,False,
26,5,1501.856139392761,861.5510719832147,0.21097918153088244,7.2559895515441895,0.37187257409095764,0,1,0,0,0,0.1470984338111467,-0.8797769341696602,-0.046931999067404306,0,0,0,0,14,False,False,
26,6,1488.5358221309002,875.7291175834541,1.1912890757731551,17.312721252441406,0.4636862277984619,0,1,0,0,0,-0.10072581781678941,-0.9179663192208177,-0.34113427468785884,0,0,0,0,14,False,False,
26,7,1481.4933391639677,872.7349818353262,1.1891458842341016,17.280197143554688,0.4872716963291168,0,1,0,0,0,-0.04899627041605502,-0.9373205858760864,-0.7485300983376219,0,0,0,0,14,False,False,
27,0,1491.9117354732161,874.9233205214804,1.2049404676155795,18.1766414642334,0.5114011168479919,0,1,0,0,0,-0.04358440531910869,-0.9092333006628084,-0.41408633462554323,0,0,0,0,15,False,False,
27,1,1497.4030943233886,869.8441739562373,0.6086489279190409,9.138537406921387,0.4495556354522705,0,1,0,0,0,-0.03698417667682748,-0.8947679817697094,-0.9838365041559168,0,0,0,0,15,False,False,
27,2,1504.0459852540182,860.87550647278,0.0,0.0,-0.03756598010659218,0,1,0,0,0,0.18531981358975586,-0.8736779209069417,0.03407164589994638,27,0,0,0,15,False,False,
27,3,1474.9596430220815,865.6957897750164,1.2237232290037816,18.499408721923828,0.44932782649993896,0,1,0,0,0,0.20699187168571218,-0.9517509585713505,-0.3634338435052701,0,0,0,0,15,False,False,
27,4,1493.326353955557,871.4672092805132,0.6114420716575867,9.180340766906738,0.44366052746772766,0,1,0,0,0,-0.05051168317482898,-0.9057858366279505,-0.8179343410764163,0,0,0,0,15,False,False,
27,5,1501.6877965285992,861.5515646950788,0.16834358520360776,7.424324989318848,0.38737744092941284,0,1,0,0,0,0.1475844714588675,-0.8802138622986015,-0.04699054357546628,0,0,0,0,15,False,False,
27,6,1487.310464770905,875.7739024508363,1.2261754947972245,18.538881301879883,0.48308300971984863,0,1,0,0,0,-0.10477789678787985,-0.9211936373450356,-0.34429407729681716,0,0,0,0,15,False,False,
27,7,1480.2706021004944,872.7905983956944,1.2240012778499851,18.504117965698242,0.5079340934753418,0,1,0,0,0,-0.05152686871343298,-0.9405742451427617,-0.7503843984374562,0,0,0,0,15,False,False,
28,0,1490.6730794942953,874.9025857245017,1.238829514470054,19.415462493896484,0.5322432518005371,0,1,0,0,0,-0.04575160556255248,-0.912528609912564,-0.4251927537907283,0,0,0,0,16,False,False,
28,1,1496.7808232533107,869.9142618132017,0.6262057108888616,9.764662742614746,0.4687292277812958,0,1,0,0,0,-0.03719665951595282,-0.8964348469122912,-0.9797755399130043,0,0,0,0,16,False,False,
28,2,1504.0459852540182,860.87550647278,0.0,0.0,-0.038953810930252075,0,1,0,0,0,0.18531981358975586,-0.8736779209069417,0.03407164589994638,28,0,0,0,16,False,False,
28,3,1473.7024677403192,865.7348158120107,1.257780871470806,19.75709342956543,0.4660030007362366,0,1,0,0,0,0.22192917811281349,-0.9549166366882212,-0.3593501353784576,0,0,0,0,16,False,False,
28,4,1492.700058317489,871.5262122781169,0.6290688197559436,9.809330940246582,0.46253693103790283,0,1,0,0,0,-0.0511068779521319,-0.9074578453950207,-0.8152291588697845,0,0,0,0,16,False,False,
28,5,1501.561418619094,861.5519435525506,0.1263784773760434,7.550668239593506,0.40276098251342773,0,1,0,0,0,0.1479518581620381,-0.8805417375677883,-0.0470344519565129,0,0,0,0,16,False,False,
28,6,1486.0509889612138,875.819714192919,1.2603087046077075,19.79911231994629,0.5024667978286743,0,1,0,0,0,-0.10930444936793719,-0.9245069468994597,-0.3475853763594303,0,0,0,0,16,False,False,
28,7,1479.0137707570855,872.8474659847778,1.2581172236572893,19.76224136352539,0.5286299586296082,0,1,0,0,0,-0.05444594132895494,-0.943917663912549,-0.7523199118905154,0,0,0,0,16,False,False,
29,0,1489.4012345360907,874.882307157661,1.2720066108254768,20.687475204467773,0.5531325340270996,0,1,0,0,0,-0.048122577619742264,-0.9159113277413871,-0.4364663449691687,0,0,0,0,17,False,False,
29,1,1496.1413750094493,869.9858921659899,0.6434477166156032,10.408190727233887,0.48795047402381897,0,1,0,0,0,-0.03743119063502844,-0.8981480031068065,-0.97564797343097,0,0,0,0,17,False,False,
29,2,1504.0459852540182,860.87550647278,0.0,0.0,-0.04034164175391197,0,1,0,0,0,0.18531981358975586,-0.8736779209069417,0.03407164589994638,29,0,0,0,17,False,False,
29,3,1472.4119991453751,865.7752587136372,1.2911021736596493,21.048255920410156,0.48233315348625183,0,1,0,0,0,0.23961245690905142,-0.9581365046095566,-0.3552161155650294,0,0,0,0,17,False,False,
29,4,1492.0565065934795,871.5865126859924,0.6463706062820651,10.455704689025879,0.48145097494125366,0,1,0,0,0,-0.051747794658187254,-0.9091759229486892,-0.8124947901676786,0,0,0,0,17,False,False,
29,5,1501.4763543111017,861.552202625153,0.08506470250817151,7.635751724243164,0.4030275046825409,0,1,0,0,0,0.14820058286632995,-0.8807625086510686,-0.047063724210543834,1,0,0,0,17,False,False,
29,6,1484.758112767336,875.8665096467373,1.293722793798664,21.092927932739258,0.521823525428772,0,1,0,0,0,-0.1143909539166998,-0.9279040865001673,-0.3509789567940387,0,0,0,0,17,False,False,
29,7,1477.723646092255,872.9054917186278,1.2914289127137293,21.053707122802734,0.5493358373641968,0,1,0,0,0,-0.05782074871634046,-0.9473482449189607,-0.7543503886520618,0,0,0,0,17,False,False,
30,0,1488.0968953132608,874.8625542619164,1.3044887830497072,21.991947174072266,0.5740564465522766,0,1,0,0,0,-0.050727730681743174,-0.9193793405155292,-0.4479169418087029,0,0,0,0,18,False,False,
30,1,1495.4850536776387,870.0590020253011,0.660380755411789,11.068501472473145,0.507217526435852,0,1,0,0,0,-0.03768932275344304,-0.8999057980438876,-0.9714628129315442,0,0,0,0,18,False,False,
30,2,1504.0459852540182,860.87550647278,0.0,0.0,-0.04172947257757187,0,1,0,0,0,0.18531981358975586,-0.8736779209069417,0.03407164589994638,30,0,0,0,18,False,False,
30,3,1471.088962149471,865.8171337406095,1.3236995166635979,22.371915817260742,0.4982294738292694,0,1,0,0,0,0.26079838835197444,-0.9613978087904426,-0.3510154899392063,0,0,0,0,18,False,False,
30,4,1491.3960050178455,871.6480567521212,0.6633626485494822,11.119091987609863,0.5004008412361145,0,1,0,0,0,-0.052439547745966784,-0.9109390656969896,-0.8097165702568971,0,0,0,0,18,False,False,
30,5,1501.4319707142604,861.5523389073669,0.04438380607173405,7.680063724517822,0.40318116545677185,0,1,0,0,0,0.14832972010727652,-0.8808775127854256,-0.047085678401067144,2,0,0,0,18,False,False,
30,6,1483.432557572364,875.9142430368958,1.3264143588837622,22.419225692749023,0.5411337018013,0,1,0,0,0,-0.1201319696026543,-0.9313811513725481,-0.35449031231322503,0,0,0,0,18,False,False,
30,7,1476.4009071976382,872.9646138523076,1.3240595190635445,22.377779006958008,0.5700489282608032,0,1,0,0,0,-0.061777883452812904,-0.9508636149710167,-0.7564831467856035,0,0,0,0,18,False,False,
31,0,1486.7607469569184,874.8433952260898,1.3362857100223995,23.328266143798828,0.5950065851211548,0,1,0,0,0,-0.05360664788099427,-0.922930790235835,-0.4595063531653998,0,0,0,0,19,False,False,
31,1,1494.812158580408,870.1335296184108,0.6770097296284403,11.745589256286621,0.5265290141105652,0,1,0,0,0,-0.03797326088839365,-0.9017082131189659,-0.9672256630937365,0,0,0,0,19,False,False,
31,2,1504.0459852540182,860.87550647278,0.0,0.0,-0.043117303401231766,0,1,0,0,0,0.18531981358975586,-0.8736779209069417,0.03407164589994638,31,0,0,0,19,False,False,
31,3,1469.7340716437645,865.8604582164335,1.355583008398431,23.727466583251953,0.5135750770568848,0,1,0,0,0,0.28653284258610084,-0.964684672659574,-0.346779188753783,0,0,0,0,19,False,False,
31,4,1490.7188579381736,871.7107913820014,0.6800469110982574,11.799117088317871,0.519385039806366,0,1,0,0,0,-0.05318548121015188,-0.9127462666158649,-0.8069164533279637,0,0,0,0,19,False,False,
31,5,1501.4276527322813,861.5523521764429,0.004318002366790537,7.684458255767822,0.40322601795196533,0,1,0,0,0,0.14834282368123392,-0.8808889064902505,-0.047085678401067144,3,0,0,0,19,False,False,
31,6,1482.0750354143513,875.9628666290238,1.3583926763666472,23.77764129638672,0.5603746771812439,0,1,0,0,0,-0.1266524421426867,-0.9349358659660981,-0.35811206768111037,0,0,0,0,19,False,False,
31,7,1475.0462566238996,873.0247716083699,1.3559856682666582,23.73373031616211,0.5907468795776367,0,1,0,0,0,-0.06647868865467596,-0.9544612252681576,-0.7587117258131998,0,0,0,0,19,False,False,
32,0,1485.3934649213406,874.8248964743557,1.3674071700226769,24.695701599121094,0.6159725189208984,0,1,0,0,0,-0.05680616146649413,-0.9265634590581296,-0.47123463621163064,0,0,0,0,20,False,False,
32,1,1494.122987129461,870.209413421627,0.6933365996331388,12.43883991241455,0.5458840727806091,0,1,0,0,0,-0.03828527456230846,-0.9035536037043997,-0.9629446745537096,0,0,0,0,20,False,False,
32,2,1504.0459852540182,860.87550647278,0.0,0.0,-0.04450513422489166,0,1,0,0,0,0.18531981358975586,-0.8736779209069417,0.03407164589994638,32,0,0,0,20,False,False,
32,3,1468.3480323838792,865.9052513822294,1.3867628700125214,25.11429786682129,0.5282161831855774,0,1,0,0,0,0.318289068710997,-0.9679747587634769,-0.34249091788298025,0,0,0,0,20,False,False,
32,4,1490.0253653996426,871.7746643359857,0.6964277817899985,12.49553108215332,0.5384006500244141,0,1,0,0,0,-0.05399041873567272,-0.9145968442483974,-0.8041017002720148,0,0,0,0,20,False,False,
32,5,1501.4276527322813,861.5523521764429,0.0,7.684458255767822,0.40325915813446045,0,1,0,0,0,0.14834282368123392,-0.8808889064902505,-0.047085678401067144,4,0,0,0,20,False,False,
32,6,1480.6862471381482,876.0123317578713,1.3896689084421883,25.167314529418945,0.5795206427574158,0,1,0,0,0,-0.1341063042285858,-0.9385643720794556,-0.36185720102594676,0,0,0,0,20,False,False,
32,7,1473.6603807521046,873.0859095665369,1.3872237678011428,25.120943069458008,0.6113986968994141,0,1,0,0,0,-0.07214080922405704,-0.9581386499640248,-0.761035296735469,0,0,0,0,20,False,False,
33,0,1483.9957148875496,874.8071223148615,1.3978630396817626,26.09351921081543,0.6369423270225525,0,1,0,0,0,-0.06038456545282524,-0.9302750637060053,-0.4830878980612049,0,0,0,0,21,False,False,
33,1,1493.4178397830347,870.2865897018104,0.7093581312673821,13.148247718811035,0.5652804970741272,0,1,0,0,0,-0.038625600270645086,-0.905441950016021,-0.9586198562446465,0,0,0,0,21,False,False,
33,2,1504.0459852540182,860.87550647278,0.0,0.0,-0.04589296504855156,0,1,0,0,0,0.18531981358975586,-0.8736779209069417,0.03407164589994638,33,0,0,0,21,False,False,
33,3,1466.9315313283964,865.9515305453879,1.4172568578512663,26.531557083129883,0.5419470071792603,0,1,0,0,0,0.35816390043193025,-0.9712350935764701,-0.3381725743449504,0,0,0,0,21,False,False,
33,4,1489.3158231598816,871.8396242201277,0.7125096326036653,13.208091735839844,0.5574452877044678,0,1,0,0,0,-0.054860918057980254,-0.9164901155109129,-0.8012723396752358,0,0,0,0,21,False,False,
33,5,1501.4276527322813,861.5523521764429,0.0,7.684458255767822,0.40329229831695557,0,1,0,0,0,0.14834282368123392,-0.8808889064902505,-0.047085678401067144,5,0,0,0,21,False,False,
33,6,1479.2668844106458,876.0625882923547,1.4202521858744197,26.587636947631836,0.5985400676727295,0,1,0,0,0,-0.14269633724598457,-0.9422629329413712,-0.36572822793206505,0,0,0,0,21,False,False,
33,7,1472.2439532702967,873.147977768474,1.4177867515645888,26.538803100585938,0.6319704055786133,0,1,0,0,0,-0.07907503911696444,-0.9618931211140578,-0.7634692960926229,0,0,0,0,21,False,False,
34,0,1482.5681526880896,874.7901347067125,1.4276632698775429,27.52123260498047,0.6579023003578186,0,1,0,0,0,-0.0644161786656342,-0.9340638808641597,-0.4950516169318493,0,0,0,0,22,False,False,
34,1,1492.6970006675222,870.364998778438,0.7250910382499173,13.873327255249023,0.5847156643867493,0,1,0,0,0,-0.03900002147307096,-0.9073719387151342,-0.9542438936763127,0,0,0,0,22,False,False,
34,2,1504.0459852540182,860.87550647278,0.0,0.0,-0.047280795872211456,0,1,0,0,0,0.18531981358975586,-0.8736779209069417,0.03407164589994638,34,0,0,0,22,False,False,
34,3,1465.4852505926588,865.9993146832511,1.4470698982417562,27.978635787963867,0.5544829368591309,0,1,0,0,0,0.40917467454291656,-0.9744171282797469,-0.33382581613845685,0,0,0,0,22,False,False,
34,4,1488.5905226890982,871.9056204948108,0.7282968359060886,13.936311721801758,0.576516330242157,0,1,0,0,0,-0.05580426908296595,-0.9184247421212869,-0.798413763996797,0,0,0,0,22,False,False,
34,5,1501.4276527322813,861.5523521764429,0.0,7.684458255767822,0.4033254384994507,0,1,0,0,0,0.14834282368123392,-0.8808889064902505,-0.047085678401067144,6,0,0,0,22,False,False,
34,6,1477.8176347753608,876.1135810826892,1.4501464650303886,28.03775405883789,0.6173943877220154,0,1,0,0,0,-0.15268488079399908,-0.946026513087465,-0.3697006786246111,0,0,0,0,22,False,False,
34,7,1470.7976469375903,873.2109247641101,1.4476754927422015,27.98646354675293,0.6524173617362976,0,1,0,0,0,-0.08774939700314109,-0.9657206119226573,-0.7659909549878492,0,0,0,0,22,False,False,
35,0,1481.1114242392223,874.7739931059377,1.45681787640554,28.97798728942871,0.6788363456726074,0,1,0,0,0,-0.06899353873428614,-0.9379271176481205,-0.5071240776524293,0,0,0,0,23,False,False,
35,1,1491.9607524539604,870.4445820950065,0.7405369242981694,14.613944053649902,0.6041894555091858,0,1,0,0,0,-0.03941082553096654,-0.9093432152607654,-0.949845169357713,0,0,0,0,23,False,False,
35,2,1504.0459852540182,860.87550647278,0.0,0.0,-0.04866862669587135,0,1,0,0,0,0.18531981358975586,-0.8736779209069417,0.03407164589994638,35,0,0,0,23,False,False,
35,3,1464.0098653819582,866.0486263158919,1.4762090492432147,29.454801559448242,0.5654323697090149,0,1,0,0,0,0.4756149533470632,-0.9774453944646815,-0.3294644218049477,0,0,0,0,23,False,False,
35,4,1487.84975118294,871.9726034910221,0.7437937524053745,14.68017578125,0.595611035823822,0,1,0,0,0,-0.05682465239500516,-0.9204006825990394,-0.7955543307327908,0,0,0,0,23,False,False,
35,5,1501.4276527322813,861.5523521764429,0.0,7.684458255767822,0.4033585786819458,0,1,0,0,0,0.14834282368123392,-0.8808889064902505,-0.047085678401067144,7,0,0,0,23,False,False,
35,6,1476.3391671282893,876.1652563874345,1.4793704473720464,29.517173767089844,0.6360384225845337,0,1,0,0,0,-0.1644226456585607,-0.9498501737435975,-0.37380634094194687,0,0,0,0,23,False,False,
35,7,1469.3221136841648,873.2747053990821,1.4769110844469024,29.46330451965332,0.6726731657981873,0,1,0,0,0,-0.09887523699924385,-0.9696168650512943,-0.7686295170889932,0,0,0,0,23,False,False,
36,0,1479.6261654854109,874.7587543618193,1.4853369264566787,30.463294982910156,0.6997250914573669,0,1,0,0,0,-0.07424205713587355,-0.9418627522890264,-0.5192858987891235,0,0,0,0,24,False,False,
36,1,1491.2093738238755,870.525282358481,0.7556999260771234,15.369606971740723,0.6236994862556458,0,1,0,0,0,-0.03986183483154188,-0.9113544566845436,-0.9454107623329666,0,0,0,0,24,False,False,
36,2,1504.0459852540182,860.87550647278,0.0,0.0,-0.05005645751953125,0,1,0,0,0,0.18531981358975586,-0.8736779209069417,0.03407164589994638,36,0,0,0,24,False,False,
36,3,1462.5060377688792,866.0994894556715,1.5046875253178715,30.959566116333008,0.5742565393447876,0,1,0,0,0,0.563281719864177,-0.9802019226337649,-0.32508118762565774,0,0,0,0,24,False,False,
36,4,1487.0937916031012,872.04052442194,0.7590047030201735,15.439203262329102,0.6147265434265137,0,1,0,0,0,-0.057932204796971594,-0.922416591394381,-0.7926811475135221,0,0,0,0,24,False,False,
36,5,1501.4276527322813,861.5523521764429,0.0,7.684458255767822,0.4033917188644409,0,1,0,0,0,0.14834282368123392,-0.8808889064902505,-0.047085678401067144,8,0,0,0,24,False,False,
36,6,1474.8321567333935,876.2175498904065,1.5079174184208473,31.02503776550293,0.6544102430343628,0,1,0,0,0,-0.17837801270097264,-0.9537266910613516,-0.3780361244770586,0,0,0,0,24,False,False,
36,7,1467.818007165812,873.3392711246245,1.5054916643627667,30.968839645385742,0.6926465630531311,0,1,0,0,0,-0.11362096268179459,-0.9735762128242925,-0.7713638857910993,0,0,0,0,24,False,False,
37,0,1478.11299105373,874.7444655591949,1.5132418942697436,31.976545333862305,0.7205438017845154,0,1,0,0,0,-0.08032290072806063,-0.9458682269836349,-0.5315272466940935,0,0,0,0,25,False,False,
37,1,1490.4431394073217,870.6070434856339,0.7705842348663873,16.140193939208984,0.6432438492774963,0,1,0,0,0,-0.04035803376413267,-0.913405321383552,-0.9409535899846813,0,0,0,0,25,False,False,
37,2,1504.0459852540182,860.87550647278,0.0,0.0,-0.05144428834319115,0,1,0,0,0,0.18531981358975586,-0.8736779209069417,0.03407164589994638,37,0,0,0,25,False,False,
37,3,1460.9744079182965,866.1519228892341,1.5325270843125012,32.49208068847656,0.580249547958374,0,1,0,0,0,0.6786799381374395,-0.9825039577047217,-0.3206970958608004,0,0,0,0,25,False,False,
37,4,1486.322922680826,872.1093354067988,0.7739340068552308,16.2131404876709,0.6338598132133484,0,1,0,0,0,-0.059134189254989956,-0.9244717681922068,-0.7898144247721939,0,0,0,0,25,False,False,
37,5,1501.4276527322813,861.5523521764429,0.0,7.684458255767822,0.40342485904693604,0,1,0,0,0,0.14834282368123392,-0.8808889064902505,-0.047085678401067144,9,0,0,0,25,False,False,
37,6,1473.29724607809,876.2704046858863,1.5358204156637116,32.56085968017578,0.6724384427070618,0,1,0,0,0,-0.19522045556916762,-0.9576476760241848,-0.38239020074706,0,0,0,0,25,False,False,
37,7,1466.2859731685498,873.4045698811301,1.5334249562232556,32.50221252441406,0.7121910452842712,0,1,0,0,0,-0.13401351618736423,-0.9775887790828145,-0.7742160152846904,0,0,0,0,25,False,False,
38,0,1476.572520562547,874.7311757062366,1.5405278168203367,33.517127990722656,0.7412663698196411,0,1,0,0,0,-0.08746053282784266,-0.9499406518381862,-0.5438351718252725,0,0,0,0,26,False,False,
38,1,1489.6623236798312,870.6898088065686,0.7851899761497751,16.925329208374023,0.6628215312957764,0,1,0,0,0,-0.0409015659772567,-0.9154948015896608,-0.9364818029490195,0,0,0,0,26,False,False,
38,2,1504.0459852540182,860.87550647278,0.0,0.0,-0.052832119166851044,0,1,0,0,0,0.18531981358975586,-0.8736779209069417,0.03407164589994638,38,0,0,0,26,False,False,
38,3,1459.415605325145,866.2059417355322,1.559738298616592,34.05173110961914,0.5826079845428467,0,1,0,0,0,0.8253924724413003,-0.9840946622292778,-0.3163211225726469,0,0,0,0,26,False,False,
38,4,1485.5374189502104,872.1789894864079,0.7885859506846117,17.00162696838379,0.653007447719574,0,1,0,0,0,-0.060443104347230776,-0.9265651801190299,-0.7869339234894174,0,0,0,0,26,False,False,
38,5,1501.4276527322813,861.5523521764429,0.0,7.684458255767822,0.40345799922943115,0,1,0,0,0,0.14834282368123392,-0.8808889064902505,-0.047085678401067144,10,0,0,0,26,False,False,
38,6,1471.7350640658055,876.3237703994819,1.563093259819265,34.123905181884766,0.6900200247764587,0,1,0,0,0,-0.2158938408082741,-0.9616010788244417,-0.38686925582040466,0,0,0,0,26,False,False,
38,7,1464.7266513349748,873.4705442356191,1.5607168853172182,34.06293487548828,0.7310631275177002,0,1,0,0,0,-0.16393496800985632,-0.9816385496701963,-0.7771695685647093,0,0,0,0,26,False,False,
39,0,1475.0052897521111,874.7188846992643,1.5672790058032466,35.08443832397461,0.7618460059165955,0,1,0,0,0,-0.0959386595868286,-0.9540767202345208,-0.5562161918329724,0,0,0,0,27,False,False,
39,1,1488.8671976937085,870.773521517187,0.7995205761746591,17.724885940551758,0.6824297308921814,0,1,0,0,0,-0.041496141917560354,-0.9176225459106283,-0.9320027121429428,0,0,0,0,27,False,False,
39,2,1504.0459852540182,860.87550647278,0.0,0.0,-0.05421994999051094,0,1,0,0,0,0.18531981358975586,-0.8736779209069417,0.03407164589994638,39,0,0,0,27,False,False,
39,3,1457.8302499016022,866.2615593235299,1.5863307142747498,35.63815689086914,0.5806953310966492,0,1,0,0,0,0.9965071349040695,-0.9846907307363224,-0.3119442916989261,0,0,0,1,27,False,False,
39,4,1484.7375507650443,872.2494406454794,0.8029648058635931,17.804649353027344,0.6721659302711487,0,1,0,0,0,-0.06186739790683507,-0.9286967668251257,-0.7840680297474708,0,0,0,0,27,False,False,
39,5,1501.4276527322813,861.5523521764429,0.0,7.684458255767822,0.40349113941192627,0,1,0,0,0,0.14834282368123392,-0.8808889064902505,-0.047085678401067144,11,0,0,0,27,False,False,
39,6,1470.1462346864942,876.3775970108827,1.5897408910442308,35.71368408203125,0.7070193290710449,0,1,0,0,0,-0.24177772215074228,-0.965570581241244,-0.3914871825832833,0,0,0,0,27,False,False,
39,7,1463.1406618823485,873.5371396169551,1.5873870002798451,35.650390625,0.7488110065460205,0,1,0,0,0,-0.21168589111544456,-0.9856919651175928,-0.7802408683431207,0,0,0,0,27,False,False,
40,0,1473.4119143983748,874.7076187097119,1.5934151814309088,36.677860260009766,0.7822526097297668,0,1,0,0,0,-0.10621385992519031,-0.9582722548537904,-0.5686483239404845,0,0,0,0,28,False,False,
40,1,1488.0580233482808,870.8581274672849,0.8135854522360652,18.53850555419922,0.7020648121833801,0,1,0,0,0,-0.04215058224824967,-0.9197875630550756,-0.9274943991086598,0,0,0,0,28,False,False,
40,2,1504.0459852540182,860.87550647278,0.0,0.0,-0.05560778081417084,0,1,0,0,0,0.18531981358975586,-0.8736779209069417,0.03407164589994638,40,0,0,0,28,False,False,
40,3,1456.2189510591645,866.3187878611151,1.612314815771165,37.25038146972656,0.5786952376365662,0,1,0,0,0,1.0,-0.984123103056542,-0.3158448767209312,0,0,0,2,28,False,False,
40,4,1483.9235843424456,872.3206438235428,0.8170748005442807,18.621719360351562,0.6913313865661621,0,1,0,0,0,-0.06342124440521704,-0.930865155797212,-0.7812159145469724,0,0,0,0,28,False,False,
40,5,1501.4276527322813,861.5523521764429,0.0,7.684458255767822,0.4035242795944214,0,1,0,0,0,0.14834282368123392,-0.8808889064902505,-0.047085678401067144,12,0,0,0,28,False,False,
40,6,1468.5313622508745,876.4318416564007,1.6157832357377666,37.32946014404297,0.7232470512390137,0,1,0,0,0,-0.2749585113841249,-0.9695309720230828,-0.39623746338538424,0,0,0,0,28,False,False,
40,7,1461.5286144486656,873.6043033157084,1.6134459677577406,37.263851165771484,0.7644505500793457,0,1,0,0,0,-0.29817025958575794,-0.9896635876482166,-0.7834152784929088,0,0,0,0,28,False,False,
41,0,1471.7929834032434,874.6974081914015,1.6189631934301452,38.296791076660156,0.8024111986160278,0,1,0,0,0,-0.11893220094206387,-0.9625220052885738,-0.5811470618603912,0,0,0,0,29,False,False,
41,1,1487.2350585337026,870.943574312428,0.827388813907148,19.365806579589844,0.7217256426811218,0,1,0,0,0,-0.04286905908087767,-0.9219888336425488,-0.9229942474303592,0,0,0,0,29,False,False,
41,2,1504.0459852540182,860.87550647278,0.0,0.0,-0.056995611637830734,0,1,0,0,0,0.18531981358975586,-0.8736779209069417,0.03407164589994638,41,0,0,0,29,False,False,
41,3,1454.5823077623884,866.377638865489,1.6377010476879779,38.88815689086914,0.5766951441764832,0,1,0,0,0,1.0,-0.9824542355577947,-0.3200970718255355,0,0,0,3,29,False,False,
41,4,1483.095781787059,872.3925549293174,0.830920139266383,19.452600479125977,0.7104995846748352,0,1,0,0,0,-0.06512253061092427,-0.9330696117610524,-0.7783646426389486,0,0,0,0,29,False,False,
41,5,1501.4276527322813,861.5523521764429,0.0,7.684458255767822,0.4035574197769165,0,1,0,0,0,0.14834282368123392,-0.8808889064902505,-0.047085678401067144,13,0,0,0,29,False,False,
41,6,1466.891043176061,876.486464374725,1.641228292637661,38.97074890136719,0.7384305000305176,0,1,0,0,0,-0.3187005242787974,-0.9734431648380911,-0.4011119225776324,0,0,0,0,29,False,False,
41,7,1459.8911087084427,873.6719836106644,1.6389038018102966,38.90270233154297,0.7753806114196777,0,1,0,0,0,-0.487197192902903,-0.9932686425892459,-0.7867066061417076,0,0,0,0,29,False,False,
42,0,1470.1490676107412,874.6882797181617,1.6439411369821086,39.940738677978516,0.8222309947013855,0,1,0,0,0,-0.13509982131345388,-0.9668188770763271,-0.5936750434481435,0,0,0,0,30,False,False,
42,1,1486.3985576677806,871.0298110678578,0.8409342879650648,20.2067813873291,0.741409957408905,0,1,0,0,0,-0.04365836151033749,-0.9242263251805867,-0.9185005490834526,0,0,0,0,30,False,False,
42,2,1504.0459852540182,860.87550647278,0.0,0.0,-0.05838344246149063,0,1,0,0,0,0.18531981358975586,-0.8736779209069417,0.03407164589994638,42,0,0,0,30,False,False,
42,3,1452.9209209547887,866.4381319481604,1.6624877555991295,40.550636291503906,3.097351312637329,0,2,1,1,1,0.10408509032713072,-0.9185899085953034,-0.3245031177809161,0,0,0,0,30,False,False,
42,4,1482.2544011033517,872.4651308607006,0.8445050152201654,20.297155380249023,0.7296658754348755,0,1,0,0,0,-0.06698559571474966,-0.9353097215560141,-0.7755352963352624,0,0,0,0,30,False,False,
42,5,1501.4276527322813,861.5523521764429,0.0,7.684458255767822,0.4035905599594116,0,1,0,0,0,0.14834282368123392,-0.8808889064902505,-0.047085678401067144,14,0,0,0,30,False,False,
42,6,1465.225871787657,876.5414207932482,1.6660780175897443,40.636817932128906,0.7521616220474243,0,1,0,0,0,-0.37821870765076127,-0.9772413906038029,-0.4061186786367317,0,0,0,0,30,False,False,
42,7,1458.2287337946495,873.7401296443303,1.6637710887960724,40.56645202636719,3.297447919845581,0,2,1,1,1,-0.04848331514844833,-0.9059984532268214,-0.7901229554731283,0,0,0,0,30,False,False,
43,0,1468.4807379527535,874.6802638002579,1.6683489151436912,41.609092712402344,0.8415818810462952,0,1,0,0,0,-0.1563283127479524,-0.9711520137933437,-0.6062468190721999,0,0,0,0,31,False,False,
43,1,1485.5487712919505,871.1167880551827,0.8542258956917969,21.06095314025879,0.7611148953437805,0,1,0,0,0,-0.044529331040255395,-0.9264987114363658,-0.9140068435899995,0,0,0,0,31,False,False,
43,2,1504.0459852540182,860.87550647278,0.0,0.0,-0.05977127328515053,0,1,0,0,0,0.18531981358975586,-0.8736779209069417,0.03407164589994638,43,0,0,0,31,False,False,
43,3,1451.2353612762656,866.5002786409094,1.686704965689698,42.23733139038086,3.1179311275482178,0,2,0,1,1,0.10983045017575345,-0.9230246716192847,-0.3290699896163539,0,0,0,0,31,False,False,
43,4,1481.3996962574483,872.538329505996,0.8578335591964358,21.155017852783203,0.748825192451477,0,1,0,0,0,-0.06903211146997516,-0.9375844006224319,-0.7727205432793134,0,0,0,0,31,False,False,
43,5,1501.4276527322813,861.5523521764429,0.0,7.684458255767822,0.40362370014190674,0,1,0,0,0,0.14834282368123392,-0.8808889064902505,-0.047085678401067144,15,0,0,0,31,False,False,
43,6,1463.5364210725002,876.5966725807364,1.6903539507938967,42.32717514038086,0.7638159990310669,0,1,0,0,0,-0.46194350982588933,-0.9808109412810888,-0.41126424921299376,0,0,0,0,31,False,False,
43,7,1456.5418275118484,873.8089744904267,1.6883105223233774,42.25474548339844,3.319488763809204,0,2,0,1,1,-0.050798141041900634,-0.9104869299817636,-0.7856247762416324,0,0,0,0,31,False,False,
44,0,1466.7885468155957,874.6733861333493,1.6922051137428398,43.301246643066406,0.8602577447891235,0,1,0,0,0,-0.18540437951903577,-0.9755034900905363,-0.6188396913012123,0,0,0,0,32,False,False,
44,1,1484.6859460901815,871.2044568420216,0.8672676316994146,21.928314208984375,0.7808375954627991,0,1,0,0,0,-0.045490960729432255,-0.928805951372138,-0.9095131452430929,0,0,0,0,32,False,False,
44,2,1504.0459852540182,860.87550647278,0.0,0.0,-0.061159104108810425,0,1,0,0,0,0.18531981358975586,-0.8736779209069417,0.03407164589994638,44,0,0,0,32,False,False,
44,3,1449.526163271625,866.5640660636521,1.7103878666454724,43.947750091552734,3.1384079456329346,0,2,0,1,1,0.11640367173590707,-0.9275142181329082,-0.33379071230256807,0,0,0,0,32,False,False,
44,4,1480.5319171959611,872.612109753789,0.8709098831222747,22.02594757080078,0.7679718732833862,0,1,0,0,0,-0.07128753510526167,-0.9398928705292291,-0.7699277158277021,0,0,0,0,32,False,False,
44,5,1501.4276527322813,861.5523521764429,0.0,7.684458255767822,0.40365684032440186,0,1,0,0,0,0.14834282368123392,-0.8808889064902505,-0.047085678401067144,16,0,0,0,32,False,False,
44,6,1461.8232562959627,876.6521832705818,1.714063881031192,44.04120635986328,0.7724379301071167,0,1,0,0,0,-0.5826866370168204,-0.9839423749951912,-0.4165422310008492,0,0,0,0,32,False,False,
44,7,1454.83093821926,873.8786259563075,1.7123064848890313,43.967098236083984,3.3415729999542236,0,2,0,1,1,-0.05345776956322905,-0.91503794050616,-0.7802087088843463,0,0,0,0,32,False,False,
45,0,1465.0730180536943,874.6676535628807,1.715538339785857,45.01683044433594,0.8779207468032837,0,1,0,0,0,-0.22747882226623264,-0.9798417407601089,-0.6314634937830192,0,0,0,0,33,False,False,
45,1,1483.8103249253973,871.2927701991533,0.8800634484319546,22.808366775512695,0.8005750179290771,0,1,0,0,0,-0.046552454274085005,-0.9311466935510165,-0.9050340472904699,0,0,0,0,33,False,False,
45,2,1504.0459852540182,860.87550647278,0.0,0.0,-0.06254693120718002,0,1,0,0,0,0.18531981358975586,-0.8736779209069417,0.03407164589994638,45,0,0,0,33,False,False,
45,3,1447.7938971002145,866.6294982018643,1.7335015008138617,45.6811637878418,3.1587588787078857,0,2,0,1,1,0.12397205520286403,-0.9320548038102304,-0.3386724323859528,0,0,0,0,33,False,False,
45,4,1479.6513098802784,872.6864315000429,0.8837380643607743,22.909568786621094,0.7870996594429016,0,1,0,0,0,-0.07377823411223088,-0.9422340139805544,-0.7671641177508435,0,0,0,0,33,False,False,
45,5,1501.4276527322813,861.5523521764429,0.0,7.684458255767822,0.403689980506897,0,1,0,0,0,0.14834282368123392,-0.8808889064902505,-0.047085678401067144,17,0,0,0,33,False,False,
45,6,1460.0870253444307,876.7078377568698,1.7371227184345077,45.77830505371094,3.2935972213745117,0,2,1,1,1,-0.09232182767180146,-0.9004667233621365,-0.4219672029549426,0,0,0,0,33,False,False,
45,7,1453.096642672622,873.9491491024505,1.735728825948944,45.70278549194336,3.3636527061462402,0,2,0,1,1,-0.056502801331449366,-0.919649205270579,-0.7747196752883746,0,0,0,0,33,False,False,
46,0,1463.3346722725387,874.6630643561645,1.73835183886353,46.75511932373047,0.8939657211303711,0,1,0,0,0,-0.29307855776771674,-0.9841000394100569,-0.6441083356974109,0,0,0,0,34,False,False,
46,1,1482.9221468712356,871.381682069299,0.8926172620711768,23.700984954833984,0.8203237056732178,0,1,0,0,0,-0.0477257420388254,-0.9335205628755134,-0.9005777253812054,0,0,0,0,34,False,False,
46,2,1504.0459852540182,860.87550647278,0.0,0.0,-0.06393475830554962,0,1,0,0,0,0.18531981358975586,-0.8736779209069417,0.03407164589994638,46,0,0,0,34,False,False,
46,3,1446.0390749690475,866.6965546815147,1.7561028681420807,47.43732452392578,3.1789450645446777,0,2,0,1,1,0.13277915319764114,-0.9366433094163199,-0.343700227877637,0,0,0,0,34,False,False,
46,4,1478.758121344488,872.761252960152,0.8963169145788332,23.805885314941406,0.8062023520469666,0,1,0,0,0,-0.07653999865902834,-0.9446076488090103,-0.7644224309852298,0,0,0,0,34,False,False,
46,5,1501.4276527322813,861.5523521764429,0.0,7.684458255767822,0.4037231206893921,0,1,0,0,0,0.14834282368123392,-0.8808889064902505,-0.047085678401067144,18,0,0,0,34,False,False,
46,6,1458.3281066040984,876.7639924674806,1.7598149012371458,47.53811264038086,3.3146564960479736,0,2,0,1,1,-0.09678545035869648,-0.9051079521868645,-0.42747976298164436,0,0,0,0,34,False,False,
46,7,1451.3394709609297,874.0205470386951,1.758621644831914,47.4614372253418,3.385708808898926,0,2,0,1,1,-0.059978536573215835,-0.9243193555673437,-0.7691647934139259,0,0,0,0,34,False,False,
47,0,1461.574032394673,874.659619697823,1.7606432475667813,48.515865325927734,0.9071704149246216,0,1,0,0,0,-0.4060336582628101,-0.9881200662778722,-0.6567823926934624,0,0,0,0,35,False,False,
47,1,1482.0216472481582,871.4711475435691,0.9049329490347956,24.605932235717773,0.8400799036026001,0,1,0,0,0,-0.04902806810456405,-0.9359268596098846,-0.8961351677202963,0,0,0,0,35,False,False,
47,2,1504.0459852540182,860.87550647278,0.0,0.0,-0.06532258540391922,0,1,0,0,0,0.18531981358975586,-0.8736779209069417,0.03407164589994638,47,0,0,0,35,False,False,
47,3,1444.262260867125,866.7652458013988,1.778141395598783,49.21550750732422,3.198927640914917,0,2,0,1,1,0.14311590177197503,-0.9412746533105599,-0.34889679620896863,0,0,0,0,35,False,False,
47,4,1477.8525886100003,872.8365350575233,0.9086566609084721,24.714651107788086,0.8252697587013245,0,1,0,0,0,-0.07961447359793081,-0.9470129159864755,-0.7617099735943687,0,0,0,0,35,False,False,
47,5,1501.4276527322813,861.5523521764429,0.0,7.684458255767822,0.4037562608718872,0,1,0,0,0,0.14834282368123392,-0.8808889064902505,-0.047085678401067144,19,0,0,0,35,False,False,
47,6,1456.5469866842843,876.8208149761905,1.7820260846166363,49.32014846801758,3.335705280303955,0,2,0,1,1,-0.10184967642579876,-0.9098023767023422,-0.42453647214224766,0,0,0,0,35,False,False,
47,7,1449.5599755670473,874.0928301338178,1.7809628583125487,49.24244689941406,3.4077308177948,0,2,0,1,1,-0.06397854001427529,-0.9290462510689581,-0.7635511526350232,0,0,0,0,35,False,False,
48,0,1459.7916132494986,874.6573229467219,1.7824206249227237,50.298213958740234,3.429903984069824,0,2,1,1,1,-0.03646642362942695,-0.9017204750114037,-0.6694564782756995,0,0,0,0,36,False,False,
48,1,1481.109057647381,871.5611228462963,0.9170143589647505,25.522953033447266,0.8598395586013794,0,1,0,0,0,-0.05047459086526626,-0.9383648629062983,-0.8917153718096531,0,0,0,0,36,False,False,
48,2,1504.0459852540182,860.87550647278,0.0,0.0,-0.06671041250228882,0,1,0,0,0,0.18531981358975586,-0.8736779209069417,0.03407164589994638,48,0,0,0,36,False,False,
48,3,1442.4639944661028,866.8355920537475,1.7996418099901268,51.015098571777344,3.2186543941497803,0,2,0,1,1,0.1553988390807051,-0.9459427378208275,-0.3542467580121075,0,0,0,0,36,False,False,
48,4,1476.9349482068926,872.9122386268062,0.9207578073618035,25.6353702545166,0.8442946672439575,0,1,0,0,0,-0.08304807841132691,-0.9494482716079513,-0.7590340350555824,0,0,0,0,36,False,False,
48,5,1501.4276527322813,861.5523521764429,0.0,7.684458255767822,0.4037894010543823,0,1,0,0,0,0.14834282368123392,-0.8808889064902505,-0.047085678401067144,20,0,0,0,36,False,False,
48,6,1454.7442020453855,876.8784068784615,1.8037043220707971,51.123802185058594,3.356674909591675,0,2,0,1,1,-0.10758764042595632,-0.9145472186847566,-0.4207162714740855,0,0,0,0,36,False,False,
48,7,1447.7586960246288,874.166002153626,1.8027651356785621,51.045204162597656,3.4297001361846924,0,2,0,1,1,-0.06862050316008587,-0.9338275814802826,-0.7578645456174348,0,0,0,0,36,False,False,
49,0,1457.9883277170106,874.6565329842024,1.8032857055166907,52.101558685302734,3.4525938034057617,0,2,0,1,1,-0.03891055371061643,-0.9065208546587715,-0.6815365715078286,0,0,0,0,37,False,False,
49,1,1480.184605972197,871.6515653167172,0.9288652971266806,26.451807022094727,0.8795980215072632,0,1,0,0,0,-0.05208678120273949,-0.9408338488872138,-0.8873239476881951,0,0,0,0,37,False,False,
49,2,1504.0459852540182,860.87550647278,0.0,0.0,-0.06809823960065842,0,1,0,0,0,0.18531981358975586,-0.8736779209069417,0.03407164589994638,49,0,0,0,37,False,False,
49,3,1440.6448054129596,866.9076205999047,1.8206144354412768,52.83573913574219,3.23805570602417,0,2,0,1,1,0.17020369578011918,-0.950640502997462,-0.3597650924482959,0,0,0,0,37,False,False,
49,4,1476.0054321861796,872.9883252640814,0.9326249026987383,26.56792449951172,0.8632654547691345,0,1,0,0,0,-0.08690510362100667,-0.9519130709704479,-0.7563954729544383,0,0,0,0,37,False,False,
49,5,1501.4276527322813,861.5523521764429,0.0,7.684458255767822,0.40382254123687744,0,1,0,0,0,0.14834282368123392,-0.8808889064902505,-0.047085678401067144,21,0,0,0,37,False,False,
49,6,1452.9202760525766,876.9368292377288,1.824861419205906,52.94871139526367,3.3775365352630615,0,2,0,1,1,-0.1141049568869183,-0.9193400956095396,-0.4168372404360057,0,0,0,0,37,False,False,
49,7,1445.9361525552206,874.2400560865175,1.8240473356957838,52.86921691894531,3.4515926837921143,0,2,0,1,1,-0.07405784575170553,-0.9386611546394399,-0.7521118902180703,0,0,0,0,37,False,False,
50,0,1456.164615726727,874.6574408718624,1.8237122162676689,53.925167083740234,3.475313901901245,0,2,0,1,1,-0.04167285525485088,-0.9113739359055233,-0.6845446100575577,0,0,0,0,38,False,False,
50,1,1479.248521370299,871.7424304483814,0.9404843720462205,27.392244338989258,0.8993513584136963,0,1,0,0,0,-0.0538867361068046,-0.9433330768478813,-0.8829626033805108,0,0,0,0,38,False,False,
50,2,1504.0459852540182,860.87550647278,0.0,0.0,-0.06948606669902802,0,1,0,0,0,0.18531981358975586,-0.8736779209069417,0.03407164589994638,50,0,0,0,38,False,False,
50,3,1438.8052066231787,866.9813577914974,1.8410760116811113,54.67681884765625,3.257042407989502,0,2,0,1,1,0.18835604381092172,-0.955357522890667,-0.3654592319257839,0,0,0,0,38,False,False,
50,4,1475.0642661750248,873.0647588427813,0.944264556417269,27.512306213378906,0.882169246673584,0,1,0,0,0,-0.0912595213545703,-0.9544069448952092,-0.7538007620619696,0,0,0,0,38,False,False,
50,5,1501.4276527322813,861.5523521764429,0.0,7.684458255767822,0.40385568141937256,0,1,0,0,0,0.14834282368123392,-0.8808889064902505,-0.047085678401067144,22,0,0,0,38,False,False,
50,6,1451.0757200339674,876.996117377617,1.845508599090886,54.79426574707031,3.398263931274414,0,2,0,1,1,-0.12154650148096127,-0.9241775703304317,-0.412892346826356,0,0,0,0,38,False,False,
50,7,1444.0928677588697,874.3149889044188,1.8448072440385381,54.7140007019043,3.4733786582946777,0,2,0,1,1,-0.08051077173111656,-0.9435444261338453,-0.7462787361201205,0,0,0,0,38,False,False,
51,0,1454.320958664844,874.660176453922,1.84365909138344,55.7689208984375,3.4980204105377197,0,2,0,1,1,-0.04478187909177096,-0.9162791311486209,-0.6873843617327939,0,0,0,0,39,False,False,
51,1,1478.301022769359,871.8336770820845,0.951882107692563,28.34413719177246,0.919090986251831,0,1,0,0,0,-0.05590415913873825,-0.9458621154938074,-0.8786304741544864,0,0,0,0,39,False,False,
51,2,1504.0459852540182,860.87550647278,0.0,0.0,-0.07087389379739761,0,1,0,0,0,0.18531981358975586,-0.8736779209069417,0.03407164589994638,51,0,0,0,39,False,False,
51,3,1436.945704238303,867.0568324515584,1.8610334611902777,56.537845611572266,3.275491237640381,0,2,0,1,1,0.21107837982092154,-0.960079178578045,-0.3713214581744656,0,0,0,0,39,False,False,
51,4,1474.1116730574013,873.141504342098,0.9556796112761546,28.467905044555664,0.9009922742843628,0,1,0,0,0,-0.09620655224457045,-0.9569277881955212,-0.751242555728483,0,0,0,0,39,False,False,
51,5,1501.4276527322813,861.5523521764429,0.0,7.684458255767822,0.4038888216018677,0,1,0,0,0,0.14834282368123392,-0.8808889064902505,-0.047085678401067144,23,0,0,0,39,False,False,
51,6,1449.21102441087,877.0562818858835,1.8656659762274868,56.65986251831055,3.4188246726989746,0,2,0,1,1,-0.13010235024420352,-0.9290556760226557,-0.40887432975399984,0,0,0,0,39,False,False,
51,7,1442.229350658509,874.3907981786314,1.865058452004529,56.57906723022461,3.4950225353240967,0,2,0,1,1,-0.0882816108242461,-0.9484743805414224,-0.7403799195539,0,0,0,0,39,False,False,
52,0,1452.4578276897328,874.6648299833818,1.8631367866464459,57.63196563720703,3.5206949710845947,0,2,0,1,1,-0.048291223581064614,-0.9212337970406329,-0.6900116894630062,0,0,0,0,40,False,False,
52,1,1477.3423270609937,871.9252652667786,0.9630606714083986,29.3072452545166,0.9388121366500854,0,1,0,0,0,-0.05817606409103525,-0.9484201881899977,-0.8743348709270832,0,0,0,0,40,False,False,
52,2,1504.0459852540182,860.87550647278,0.0,0.0,-0.07226172089576721,0,1,0,0,0,0.18531981358975586,-0.8736779209069417,0.03407164589994638,52,0,0,0,40,False,False,
52,3,1435.0667996220297,867.1340799553717,1.8804918861559323,58.418338775634766,3.293231248855591,0,2,0,1,1,0.2402187916131854,-0.9647838479212041,-0.3773668075279547,0,0,0,0,40,False,False,
52,4,1473.147874916565,873.2185260796992,0.9668708312606951,29.434844970703125,0.91971755027771,0,1,0,0,0,-0.10186773359080487,-0.9594753146200583,-0.7487355186671794,0,0,0,0,40,False,False,
52,5,1501.4276527322813,861.5523521764429,0.0,7.684458255767822,0.4039219617843628,0,1,0,0,0,0.14834282368123392,-0.8808889064902505,-0.047085678401067144,24,0,0,0,40,False,False,
52,6,1447.326672124559,877.1173200978257,1.8853406064271399,58.545249938964844,3.4391820430755615,0,2,0,1,1,-0.14002711263561626,-0.9339707301522441,-0.40478307487419507,0,0,0,0,40,False,False,
52,7,1440.3460998012752,874.4674820321422,1.8848114506925424,58.46392822265625,3.5164761543273926,0,2,0,1,1,-0.09780908393356513,-0.9534472206616172,-0.7344150688989962,0,0,0,0,40,False,False,
53,0,1450.5756842431117,874.6714659267162,1.8821551448811251,59.51417922973633,3.543323516845703,0,2,0,1,1,-0.05227194890995608,-0.9262372084880823,-0.6924416867541793,0,0,0,0,41,False,False,
53,1,1476.3726503322873,872.0171545520215,0.9740208411206066,30.281190872192383,0.9585075378417969,0,1,0,0,0,-0.060742543657432986,-0.9510061635487337,-0.8700904226787702,0,0,0,0,41,False,False,
53,2,1504.0459852540182,860.87550647278,0.0,0.0,-0.07364954799413681,0,1,0,0,0,0.18531981358975586,-0.8736779209069417,0.03407164589994638,53,0,0,0,41,False,False,
53,3,1433.1689633457438,867.2131219281898,1.899481551648668,60.31781005859375,3.3100154399871826,0,2,0,1,1,0.2787239316513333,-0.9694368829076545,-0.38358779040562996,0,0,0,0,41,False,False,
53,4,1472.1730891938491,873.2957889268639,0.9778429080186289,30.412633895874023,0.9383231401443481,0,1,0,0,0,-0.10839573684934672,-0.9620474515494283,-0.7462649861648579,0,0,0,0,41,False,False,
53,5,1501.4276527322813,861.5523521764429,0.0,7.684458255767822,0.4039551019668579,0,1,0,0,0,0.14834282368123392,-0.8808889064902505,-0.047085678401067144,25,0,0,0,41,False,False,
53,6,1445.4231251230399,877.1792110976305,1.90455288266024,60.44982147216797,3.459287643432617,0,2,0,1,1,-0.1516602963792454,-0.9389170253949813,-0.4006186965316838,0,0,0,0,41,False,False,
53,7,1438.443603361608,874.5450391585864,1.9040766294475113,60.36797332763672,3.5376739501953125,0,2,0,1,1,-0.1097517129848787,-0.9584575531209217,-0.7283770090228292,0,0,0,0,41,False,False,
54,0,1448.674980333243,874.6801316923671,1.9007236644196461,61.414955139160156,3.565889358520508,0,2,0,1,1,-0.056829914649538044,-0.931287147476852,-0.6946592315141428,0,0,0,0,42,False,False,
54,1,1475.3922042994604,872.1093051449077,0.9847670562398522,31.265981674194336,0.9781674146652222,0,1,0,0,0,-0.06366088256062438,-0.9536198521543966,-0.8658824932825322,0,0,0,0,42,False,False,
54,2,1504.0459852540182,860.87550647278,0.0,0.0,-0.07503737509250641,0,1,0,0,0,0.18531981358975586,-0.8736779209069417,0.03407164589994638,54,0,0,0,42,False,False,
54,3,1431.2526569052193,867.2939715188433,1.9180112174605493,62.23577117919922,3.3254663944244385,0,2,0,1,1,0.33143476325246296,-0.9739798609080714,-0.38999921445162034,0,0,0,0,42,False,False,
54,4,1471.1875335460454,873.373255888342,0.9885955012229911,31.401268005371094,0.9567835927009583,0,1,0,0,0,-0.11599102724487567,-0.9646431859827204,-0.7438529124120417,0,0,0,0,42,False,False,
54,5,1501.4276527322813,861.5523521764429,0.0,7.684458255767822,0.403988242149353,0,1,0,0,0,0.14834282368123392,-0.8808889064902505,-0.047085678401067144,26,0,0,0,42,False,False,
54,6,1443.5008333494675,877.2419198376497,1.9233143395759857,62.373085021972656,3.4790830612182617,0,2,0,1,1,-0.1654685896404443,-0.9438876643083662,-0.396388512789974,0,0,0,0,42,False,False,
54,7,1436.522321164966,874.6234523386162,1.9228816671693443,62.290836334228516,3.5585227012634277,0,2,0,1,1,-0.12512939057683575,-0.9634985257374623,-0.7222657970977704,0,0,0,0,42,False,False,
55,0,1446.7561554135184,874.690859922364,1.9188549104804484,63.33380889892578,3.588371515274048,0,2,0,1,1,-0.06210465436208526,-0.936381564748793,-0.6966572915412448,0,0,0,0,43,False,False,
55,1,1474.401194716425,872.2016795437991,0.9953054924186345,32.2612419128418,0.9977807998657227,0,1,0,0,0,-0.0669970077102827,-0.9562600404846858,-0.8617265478647663,0,0,0,0,43,False,False,
55,2,1504.0459852540182,860.87550647278,0.0,0.0,-0.07642520219087601,0,1,0,0,0,0.18531981358975586,-0.8736779209069417,0.03407164589994638,55,0,0,0,43,False,False,
55,3,1429.31833434312,867.3766385194258,1.936088222998188,64.17186737060547,3.3389906883239746,0,2,0,1,1,0.4065590554691416,-0.9783079489946067,-0.39660067945932775,0,0,0,0,43,False,False,
55,4,1470.1914151096667,873.4508935224206,0.999139400443658,32.40038299560547,0.9750657677650452,0,1,0,0,0,-0.12492590239922569,-0.9672601743810858,-0.7414928083446048,0,0,0,0,43,False,False,
55,5,1501.4276527322813,861.5523521764429,0.0,7.684458255767822,0.40402138233184814,0,1,0,0,0,0.14834282368123392,-0.8808889064902505,-0.047085678401067144,27,0,0,0,43,False,False,
55,6,1441.560230525857,877.3053955471347,1.9416406682751073,64.3147964477539,3.498490810394287,0,2,0,1,1,-0.1821016491146098,-0.9488741949456221,-0.3921069882589675,0,0,0,0,43,False,False,
55,7,1434.5827108358594,874.7027009555225,1.9412286243660946,64.23202514648438,3.5788867473602295,0,2,0,1,1,-0.14563416619343267,-0.9685590736157321,-0.7160887226011416,0,0,0,0,43,False,False,
56,0,1444.8196364736366,874.7036696795757,1.9365613066466985,65.27037811279297,3.6107442378997803,0,2,0,1,1,-0.0682893808119401,-0.9415184584317183,-0.698435809663114,0,0,0,0,44,False,False,
56,1,1473.3998242339276,872.2942417204921,1.0056393984780099,33.2669792175293,1.0173357725143433,0,1,0,0,0,-0.0708422162831438,-0.9589264234540549,-0.8576062922996934,0,0,0,0,44,False,False,
56,2,1504.0459852540182,860.87550647278,0.0,0.0,-0.0778130292892456,0,1,0,0,0,0.18531981358975586,-0.8736779209069417,0.03407164589994638,56,0,0,0,44,False,False,
56,3,1427.3664401031908,867.4611304869153,1.9537220929392403,66.12559509277344,3.3496294021606445,0,2,0,1,1,0.5178968665334174,-0.982219864167115,-0.40338526757184257,0,0,0,0,44,False,False,
56,4,1469.1849374808262,873.5286706716855,1.0094783317654217,33.40985870361328,0.993129551410675,0,1,0,0,0,-0.13557161722609534,-0.969896216551372,-0.7391838735493511,0,0,0,0,44,False,False,
56,5,1501.4276527322813,861.5523521764429,0.0,7.684458255767822,0.40405452251434326,0,1,0,0,0,0.14834282368123392,-0.8808889064902505,-0.047085678401067144,28,0,0,0,44,False,False,
56,6,1439.601757784761,877.3695927843692,1.9595246267613728,66.27422332763672,3.5174121856689453,0,2,0,1,1,-0.20249635961698814,-0.9538633777678021,-0.3877668048751567,0,0,0,0,44,False,False,
56,7,1432.6252136762134,874.7827561864195,1.9591334742726998,66.1911849975586,3.5985474586486816,0,2,0,1,1,-0.17426644555727963,-0.9736206962632594,-0.709838496055621,0,0,0,0,44,False,False,
57,0,1442.8658512166796,874.7185800927954,1.9538421509233173,67.22416687011719,3.6329760551452637,0,2,0,1,1,-0.0756610012761055,-0.9466950858540273,-0.7000019324261451,0,0,0,0,45,False,False,
57,1,1472.3882951713892,872.3869548794935,1.0157690555494387,34.28269577026367,1.0368177890777588,0,1,0,0,0,-0.07530502013395461,-0.9616173112945755,-0.8535526425470155,0,0,0,0,45,False,False,
57,2,1504.0459852540182,860.87550647278,0.0,0.0,-0.0792008563876152,0,1,0,0,0,0.18531981358975586,-0.8736779209069417,0.03407164589994638,57,0,0,0,45,False,False,
57,3,1425.3974047066488,867.5474491450705,1.9709265089244612,68.09648132324219,3.3559014797210693,0,2,0,1,1,0.6851000771409237,-0.9853270740995987,-0.410360125335559,0,0,0,0,45,False,False,
57,4,1468.1683013217428,873.6065576252682,1.0196153478122016,34.429439544677734,1.0109223127365112,0,1,0,0,0,-0.14843731886426212,-0.9725480823245568,-0.7369333689174171,0,0,0,0,45,False,False,
57,5,1501.4276527322813,861.5523521764429,0.0,7.684458255767822,0.4040876626968384,0,1,0,0,0,0.14834282368123392,-0.8808889064902505,-0.047085678401067144,29,0,0,0,45,False,False,
57,6,1437.625857029096,877.4344791720328,1.9769658670652703,68.2512435913086,3.5357069969177246,0,2,0,1,1,-0.22804839310996006,-0.9588377733948691,-0.3833682485003973,0,0,0,0,45,False,False,
57,7,1430.650271562022,874.8635468294655,1.9765939093324871,68.16780853271484,3.6171321868896484,0,2,0,1,1,-0.21678781840777597,-0.978647864746947,-0.7035443325428681,0,0,0,0,45,False,False,
58,0,1440.8952085957133,874.7355995479286,1.9707161138586797,69.19482421875,3.6550211906433105,0,2,0,1,1,-0.0846189129308262,-0.9519083578499911,-0.7013341058464124,0,0,0,0,46,False,False,
58,1,1471.3668096150711,872.4797799721905,1.0256945157311357,35.30839157104492,1.056207537651062,0,1,0,0,0,-0.08053430070475669,-0.9643321877434026,-0.8495501191872421,0,0,0,0,46,False,False,
58,2,1504.0459852540182,860.87550647278,0.0,0.0,-0.0805886834859848,0,1,0,0,0,0.18531981358975586,-0.8736779209069417,0.03407164589994638,58,0,0,0,46,False,False,
58,3,1423.411680792934,867.6356224865419,1.9876805577467915,70.08428192138672,3.3560571670532227,0,2,0,1,1,0.9180079521735113,-0.9869819616240286,-0.41753257081398476,0,0,0,1,46,False,False,
58,4,1467.1417038777392,873.6845259338412,1.0295539661310293,35.459007263183594,1.0283735990524292,0,1,0,0,0,-0.1642636662245069,-0.9752116611667961,-0.7347486125123106,0,0,0,0,46,False,False,
58,5,1501.4276527322813,861.5523521764429,0.0,7.684458255767822,0.4041208028793335,0,1,0,0,0,0.14834282368123392,-0.8808889064902505,-0.047085678401067144,30,0,0,0,46,False,False,
58,6,1435.6329578411505,877.5000275355815,1.993976870798207,70.2452392578125,3.5531790256500244,0,2,0,1,1,-0.26085600365537026,-0.9637695243462098,-0.3789257837445914,0,0,0,0,46,False,False,
58,7,1428.6583138158226,874.9450249370199,1.993623420973644,70.16141510009766,3.6339492797851562,0,2,0,1,1,-0.2856872316271127,-0.9835627080183537,-0.697184134941432,0,0,0,0,46,False,False,
59,0,1438.9080423774806,874.7546599170522,1.9872576271223812,71.18209838867188,3.676814079284668,0,2,0,1,1,-0.09573671402368847,-0.9571545048957871,-0.7024538553216557,0,0,0,0,47,False,False,
59,1,1470.3355616434812,872.5726800688348,1.0354239744494618,36.34381866455078,1.0754809379577637,0,1,0,0,0,-0.0867301681139515,-0.9670697117572806,-0.8456068978694488,0,0,0,0,47,False,False,
59,2,1504.0459852540182,860.87550647278,0.0,0.0,-0.0819765105843544,0,1,0,0,0,0.18531981358975586,-0.8736779209069417,0.03407164589994638,59,0,0,0,47,False,False,
59,3,1421.4097038631694,867.7256881908972,2.004001860879986,72.08826446533203,3.354055166244507,0,2,0,1,1,1.0,-0.9865808044629167,-0.4200239712317776,0,0,0,2,47,False,False,
59,4,1466.0776672935644,873.7646111307014,1.067046152337597,36.52610397338867,1.0454460382461548,0,1,0,0,0,-0.18474607883890964,-0.9779516517265681,-0.7325711741707119,0,0,0,0,47,False,False,
59,5,1501.4276527322813,861.5523521764429,0.0,7.684458255767822,0.4041539430618286,0,1,0,0,0,0.14834282368123392,-0.8808889064902505,-0.047085678401067144,31,0,0,0,47,False,False,
59,6,1433.6234687082283,877.5661666691367,2.0105772704176132,72.25585174560547,3.569539785385132,0,2,0,1,1,-0.30423291261001595,-0.9686144657114002,-0.3744392390906254,0,0,0,0,47,False,False,
59,7,1426.6497710201445,875.0271453064445,2.0102208627771594,72.17163848876953,3.6474809646606445,0,2,0,1,1,-0.41156171082896614,-0.9881618509051409,-0.6907729109987407,0,0,0,0,47,False,False,
60,0,1436.9047564524103,874.7757237429487,2.0033966612594787,73.18550109863281,3.698287010192871,0,2,0,1,1,-0.1099689429336498,-0.9624272589004172,-0.7033612094380608,0,0,0,0,48,False,False,
60,1,1469.2947411907357,872.6656202097906,1.0449617622927732,37.38873291015625,1.0946083068847656,0,1,0,0,0,-0.0941719352267152,-0.9698282732175629,-0.8417212634225005,0,0,0,0,48,False,False,
60,2,1504.0459852540182,860.87550647278,0.0,0.0,-0.083364337682724,0,1,0,0,0,0.18531981358975586,-0.8736779209069417,0.03407164589994638,60,0,0,0,48,False,False,
60,3,1419.3918926667836,867.8176825426967,2.0199071723777,74.10818481445312,5.876026153564453,0,3,1,2,2,0.09289422244178903,-0.9133718730137074,-0.4208294727689711,0,0,0,0,48,False,False,
60,4,1464.976939269829,873.8466872570204,1.1037837980093825,37.62986755371094,1.0619699954986572,0,1,0,0,0,-0.21210756775923933,-0.980754173188955,-0.7304018828920027,0,0,0,0,48,False,False,
60,5,1501.4276527322813,861.5523521764429,0.0,7.684458255767822,0.40418708324432373,0,1,0,0,0,0.14834282368123392,-0.8808889064902505,-0.047085678401067144,32,0,0,0,48,False,False,
60,6,1431.5977899212342,877.6328627222857,2.0267764828869987,74.28258514404297,3.5843703746795654,0,2,0,1,1,-0.3635888839733171,-0.9732975995721542,-0.36990895757272635,0,0,0,0,48,False,False,
60,7,1424.625045294144,875.1098872686828,2.026415677456907,74.19810485839844,6.170736312866211,0,3,1,2,2,-0.045027762034485226,-0.9009557702750959,-0.6843250967385106,0,0,0,0,48,False,False,
61,0,1434.885722724704,874.7987471764562,2.0191649937799747,75.20467376708984,3.719302177429199,0,2,0,1,1,-0.1288832664716842,-0.9677173375757405,-0.7040492503387177,0,0,0,0,49,False,False,
61,1,1468.2445333375733,872.7585681175728,1.0543129745977062,38.4431266784668,1.1135501861572266,0,1,0,0,0,-0.10324921234753093,-0.9726065298019063,-0.8379095528514549,0,0,0,0,49,False,False,
61,2,1504.0459852540182,860.87550647278,0.0,0.0,-0.0847521647810936,0,1,0,0,0,0.18531981358975586,-0.8736779209069417,0.03407164589994638,61,0,0,0,49,False,False,
61,3,1417.358166768552,867.9111472217363,2.03587246048605,76.1440200805664,5.897832870483398,0,3,0,2,2,0.09883080807144513,-0.9187395438350974,-0.4217306236831059,0,0,0,0,49,False,False,
61,4,1463.8403309220646,873.9305987455062,1.1397015723897406,38.76955795288086,1.0776783227920532,0,1,0,0,0,-0.25015880681270475,-0.9835969203358917,-0.7282682671728937,0,0,0,0,49,False,False,
61,5,1501.4276527322813,861.5523521764429,0.0,7.684458255767822,0.40422022342681885,0,1,0,0,0,0.14834282368123392,-0.8808889064902505,-0.047085678401067144,33,0,0,0,49,False,False,
61,6,1429.556327119029,877.700089497874,2.042569414277958,76.3251953125,3.5970020294189453,0,2,0,1,1,-0.44784009346699727,-0.9776850032024731,-0.36534946097316756,0,0,0,0,49,False,False,
61,7,1422.5846180048295,875.1931396959502,2.0421249936342414,76.2402114868164,6.193963050842285,0,3,0,2,2,-0.04760169056568581,-0.906386997632845,-0.6794907153784416,0,0,0,0,49,False,False,
62,0,1432.851283640329,874.8236579144408,2.034591588722306,77.23925018310547,3.739659309387207,0,2,0,1,1,-0.15526133122284463,-0.9730089182723047,-0.7045470215881731,0,0,0,0,50,False,False,
62,1,1467.1851207070558,872.8514929539435,1.0634802052292958,39.50652313232422,1.1322542428970337,0,1,0,0,0,-0.11454652456080415,-0.9754011601247576,-0.8341562724437289,0,0,0,0,50,False,False,
62,2,1504.0459852540182,860.87550647278,0.0,0.0,-0.0861399918794632,0,1,0,0,0,0.18531981358975586,-0.8736779209069417,0.03407164589994638,62,0,0,0,50,False,False,
62,3,1415.3089750359538,868.0058451528429,2.0513786717972438,78.19540405273438,5.9195475578308105,0,3,0,2,2,0.10575498922811416,-0.9241396381792008,-0.4227049552323182,0,0,0,0,50,False,False,
62,4,1462.6685466597319,874.0162149577168,1.174907865853325,39.944435119628906,1.0921496152877808,0,1,0,0,0,-0.30596793376819403,-0.9864390532430318,-0.7261720421845197,0,0,0,0,50,False,False,
62,5,1501.4276527322813,861.5523521764429,0.0,7.684458255767822,0.40425336360931396,0,1,0,0,0,0.14834282368123392,-0.8808889064902505,-0.047085678401067144,34,0,0,0,50,False,False,
62,6,1427.4994772845178,877.7678256932029,2.057964876737746,78.38307189941406,3.6063928604125977,0,2,0,1,1,-0.5709319862830367,-0.9815256464365671,-0.3607531453665852,0,0,0,0,50,False,False,
62,7,1420.5288632297434,875.2768509427971,2.057458448702753,78.29769897460938,6.217166423797607,0,3,0,2,2,-0.05050785885429529,-0.911857385984933,-0.6798642510653785,0,0,0,0,50,False,False,
63,0,1430.8018318694174,874.850427169883,2.0496265889986867,79.28886413574219,3.759019374847412,0,2,0,1,1,-0.1945982898590728,-0.9782713750411176,-0.7048543516693131,0,0,0,0,51,False,False,
63,1,1466.1166848873181,872.9443635813327,1.072464476954961,40.57902908325195,1.1506472826004028,0,1,0,0,0,-0.1289334662626642,-0.9782094696905267,-0.8304842053892278,0,0,0,0,51,False,False,
63,2,1504.0459852540182,860.87550647278,0.0,0.0,-0.0875278189778328,0,1,0,0,0,0.18531981358975586,-0.8736779209069417,0.03407164589994638,63,0,0,0,51,False,False,
63,3,1413.2447128093213,868.1016394367095,2.066483749058552,80.26183319091797,5.94109582901001,0,3,0,2,2,0.11385945805288283,-0.9295685399704561,-0.42373039888134256,0,0,0,0,51,False,False,
63,4,1461.4623044327234,874.1034083242234,1.2093895126803895,41.15387725830078,1.1046124696731567,0,1,0,0,0,-0.39348696292043994,-0.9891969883581009,-0.7241342473594654,0,0,0,0,51,False,False,
63,5,1501.4276527322813,861.5523521764429,0.0,7.684458255767822,0.4042865037918091,0,1,0,0,0,0.14834282368123392,-0.8808889064902505,-0.047085678401067144,35,0,0,0,51,False,False,
63,6,1425.4276645352443,877.8360091820457,2.0729344071153957,80.45609283447266,6.128720283508301,0,3,1,2,2,-0.08511314957918835,-0.8983437195286818,-0.3561277861954566,0,0,0,0,51,False,False,
63,7,1418.4582120928535,875.3609245952616,2.072357235068798,80.36996459960938,6.240324020385742,0,3,0,2,2,-0.05380148496810509,-0.9173649344187859,-0.6802743198974831,0,0,0,0,51,False,False,
64,0,1428.7377406844998,874.8790408381569,2.064289505293887,81.3531494140625,3.7767043113708496,0,2,0,1,1,-0.25904779030583996,-0.9834361477586164,-0.7049568045584218,0,0,0,0,52,False,False,
64,1,1465.0394035914833,873.0371495824681,1.0812697315482729,41.66029357910156,1.1686217784881592,0,1,0,0,0,-0.14782474732369338,-0.9810255321892556,-0.8268624357282497,0,0,0,0,52,False,False,
64,2,1504.0459852540182,860.87550647278,0.0,0.0,-0.08891564607620239,0,1,0,0,0,0.18531981358975586,-0.8736779209069417,0.03407164589994638,64,0,0,0,52,False,False,
64,3,1411.1657761905522,868.1984608550279,2.0811900086019106,82.34307098388672,5.962430000305176,0,3,0,2,2,0.12341755777447772,-0.9350226678384608,-0.4248143870384289,0,0,0,0,52,False,False,
64,4,1460.2223130934503,874.1920552842281,1.2431559857839243,42.39703369140625,1.1136049032211304,0,1,0,0,0,-0.5410776138474703,-0.9916759935359654,-0.7221475932204088,0,0,0,0,52,False,False,
64,5,1501.4276527322813,861.5523521764429,0.0,7.684458255767822,0.4043196439743042,0,1,0,0,0,0.14834282368123392,-0.8808889064902505,-0.047085678401067144,36,0,0,0,52,False,False,
64,6,1423.3412391000388,877.9046596191571,2.087554545200684,82.54364776611328,6.1509575843811035,0,3,0,2,2,-0.09002250008605743,-0.9038579922462834,-0.35146555084493336,0,0,0,0,52,False,False,
64,7,1416.3730291767863,875.4453071076074,2.0868895998227233,82.45687866210938,6.263428688049316,0,3,0,2,2,-0.05758949083015447,-0.9229088037160672,-0.6807209218747552,0,0,0,0,52,False,False,
65,0,1426.6593747901907,874.9094927878155,2.0785889713615617,83.4317398071289,3.791203498840332,0,2,0,1,1,-0.38001833817504826,-0.9883161649948184,-0.7048689877963287,0,0,0,0,53,False,False,
65,1,1463.95348356986,873.1297965801684,1.089865018956533,42.75017547607422,1.1860088109970093,0,1,0,0,0,-0.17357752534287305,-0.9838406700144905,-0.8233291831909113,0,0,0,0,53,False,False,
65,2,1504.0459852540182,860.87550647278,0.0,0.0,-0.09030347317457199,0,1,0,0,0,0.18531981358975586,-0.8736779209069417,0.03407164589994638,65,0,0,0,53,False,False,
65,3,1409.0725321694981,868.2962589506617,2.095527379727683,84.43861389160156,5.983501434326172,0,3,0,2,2,0.13483388358895418,-0.9404965271124509,-0.4259275902771751,0,0,0,0,53,False,False,
65,4,1458.9492722245263,874.2820358448563,1.2762168919278518,43.67327880859375,3.6338248252868652,0,2,1,1,1,-0.07645474319126606,-0.9040177050542026,-0.7202421524345768,0,0,0,0,53,False,False,
65,5,1501.4276527322813,861.5523521764429,0.0,7.684458255767822,0.4043527841567993,0,1,0,0,0,0.14834282368123392,-0.8808889064902505,-0.047085678401067144,37,0,0,0,53,False,False,
65,6,1421.2405687814767,877.9737801260038,2.101807182344515,84.64537048339844,6.173094272613525,0,3,0,2,2,-0.09557305121533975,-0.9094032090529199,-0.353194214659156,0,0,0,0,53,False,False,
65,7,1414.2736766992327,875.5299639991064,2.1010586889205034,84.55795288085938,6.286458969116211,0,3,0,2,2,-0.06199773111596111,-0.9284870383042921,-0.6812041141695662,0,0,0,0,53,False,False,
66,0,1424.5670911469385,874.9417816474551,2.092532774958859,85.52427673339844,6.3151679039001465,0,3,1,2,2,-0.025995012408002872,-0.9011223982783404,-0.704576293842204,0,0,0,0,54,False,False,
66,1,1462.8590830495652,873.2222708349688,1.098300499236229,43.84843444824219,1.2025529146194458,0,1,0,0,0,-0.21054902564633646,-0.9866386572469522,-0.8198771440067976,0,0,0,0,54,False,False,
66,2,1504.0459852540182,860.87550647278,0.0,0.0,-0.09169130027294159,0,1,0,0,0,0.18531981358975586,-0.8736779209069417,0.03407164589994638,66,0,0,0,54,False,False,
66,3,1406.9652639447313,868.3948883948195,2.1095751084913905,86.5482177734375,6.00423002243042,0,3,0,2,2,0.14871416437790874,-0.9459836026017261,-0.4270773266610889,0,0,0,0,54,False,False,
66,4,1457.6435026940699,874.373435608906,1.3089644699291847,44.98213577270508,3.6540369987487793,0,2,0,1,1,-0.07888169027018219,-0.9074822084915031,-0.7160667684106183,0,0,0,0,54,False,False,
66,5,1501.4276527322813,861.5523521764429,0.0,7.684458255767822,0.40438592433929443,0,1,0,0,0,0.14834282368123392,-0.8808889064902505,-0.047085678401067144,38,0,0,0,54,False,False,
66,6,1419.1260076260712,878.0433585491554,2.1157055647981617,86.76113891601562,6.195101261138916,0,3,0,2,2,-0.10189181007654421,-0.9149776102214894,-0.3555601788946362,0,0,0,0,54,False,False,
66,7,1412.1605112693208,875.6148701730516,2.1148704907273994,86.67281341552734,6.309391498565674,0,3,0,2,2,-0.06719432081243516,-0.9340977603626595,-0.6817317865691352,0,0,0,0,54,False,False,
67,0,1422.4611425964463,874.9757985798906,2.1062232666581906,87.63050842285156,6.339108467102051,0,3,0,2,2,-0.0280457788326948,-0.9067338776500423,-0.7061517071155475,0,0,0,0,55,False,False,
67,1,1461.7563681690024,873.3145415253207,1.106568564578331,44.9550666809082,1.2177820205688477,0,1,0,0,0,-0.26744845843286763,-0.9893874388247834,-0.8165119210682817,0,0,0,0,55,False,False,
67,2,1504.0459852540182,860.87550647278,0.0,0.0,-0.09307912737131119,0,1,0,0,0,0.18531981358975586,-0.8736779209069417,0.03407164589994638,67,0,0,0,55,False,False,
67,3,1404.8443398048112,868.4942918833708,2.1232522838399697,88.67139434814453,6.024543762207031,0,3,0,2,2,0.16586639465142494,-0.951473994745684,-0.42824964613160876,0,0,0,0,55,False,False,
67,4,1456.3057446012715,874.4662387323715,1.3409732042708775,46.3231201171875,3.674318790435791,0,2,0,1,1,-0.0816330753001959,-0.9110299318492608,-0.7072328938264474,0,0,0,0,55,False,False,
67,5,1501.4276527322813,861.5523521764429,0.0,7.684458255767822,0.40441906452178955,0,1,0,0,0,0.14834282368123392,-0.8808889064902505,-0.047085678401067144,39,0,0,0,55,False,False,
67,6,1416.9979338225203,878.1133520711243,2.1292245552025357,88.89034271240234,6.2169508934021,0,3,0,2,2,-0.10913598650941164,-0.9205777684619011,-0.35794804014826853,0,0,0,0,55,False,False,
67,7,1410.033881550701,875.7000066512426,2.128333192908402,88.80110168457031,6.332197666168213,0,3,0,2,2,-0.07340978928591539,-0.9397387440343434,-0.6822959921138718,0,0,0,0,55,False,False,
68,0,1420.3418830743321,875.0114896307624,2.119560042363509,89.75006866455078,6.363040924072266,0,3,0,2,2,-0.030321078908526842,-0.9123800237532453,-0.7125976061013439,0,0,0,0,56,False,False,
68,1,1460.6455022750895,873.4065804948034,1.11467224158598,46.0697135925293,1.2307630777359009,0,1,0,0,0,-0.36372081008380264,-0.9920101802335375,-0.8132279114829907,0,0,0,0,56,False,False,
68,2,1504.0459852540182,860.87550647278,0.0,0.0,-0.09446695446968079,0,1,0,0,0,0.18531981358975586,-0.8736779209069417,0.03407164589994638,68,0,0,0,56,False,False,
68,3,1402.710115272377,868.5944376512492,2.1365728467964353,90.80802154541016,6.044315338134766,0,3,0,2,2,0.18753742548999905,-0.9569544402394002,-0.4294432908965691,0,0,0,0,56,False,False,
68,4,1454.9366779649786,874.5604104603558,1.3723016319169705,47.69549560546875,3.6946187019348145,0,2,0,1,1,-0.08473656784385386,-0.9146585555243482,-0.6982821303294512,0,0,0,0,56,False,False,
68,5,1501.4276527322813,861.5523521764429,0.0,7.684458255767822,0.40445220470428467,0,1,0,0,0,0.14834282368123392,-0.8808889064902505,-0.047085678401067144,40,0,0,0,56,False,False,
68,6,1414.85672323301,878.1836899248982,2.142365562247765,91.0327377319336,6.238612174987793,0,3,0,2,2,-0.11751621945983036,-0.9262006595199669,-0.3603505947012875,0,0,0,0,56,False,False,
68,7,1407.8941206519933,875.7853686849645,2.1414629066223627,90.94257354736328,6.354838848114014,0,3,0,2,2,-0.08097242374963874,-0.9454075688271095,-0.6829034771435722,0,0,0,0,56,False,False,
69,0,1418.2096249343836,875.0487955375071,2.1325844663354454,91.88272094726562,6.3869428634643555,0,3,0,2,2,-0.03286997145588783,-0.9180600058827456,-0.7189258729334904,0,0,0,0,57,False,False,
69,1,1459.5266459118986,873.4983615169936,1.1226145008357322,47.19236755371094,1.2394598722457886,0,1,0,0,0,-0.5461588125032879,-0.9942958254567831,-0.8100251152509244,0,0,0,0,57,False,False,
69,2,1504.0459852540182,860.87550647278,0.0,0.0,-0.09585478156805038,0,1,0,0,0,0.18531981358975586,-0.8736779209069417,0.03407164589994638,69,0,0,0,57,False,False,
69,3,1400.5629577024245,868.6953313336097,2.1495267305490247,92.95748901367188,6.063363075256348,0,3,0,2,2,0.2156781292613854,-0.9624027072077452,-0.4306594615757643,0,0,0,0,57,False,False,
69,4,1453.5369724427392,874.6559026113738,1.4029591226738387,49.09840393066406,3.7149224281311035,0,2,0,1,1,-0.08823526685558565,-0.9183653481610837,-0.6892360604897408,0,0,0,0,57,False,False,
69,5,1501.4276527322813,861.5523521764429,0.0,7.684458255767822,0.4044853448867798,0,1,0,0,0,0.14834282368123392,-0.8808889064902505,-0.047085678401067144,41,0,0,0,57,False,False,
69,6,1412.7027174158231,878.254316458964,2.155163373804487,93.18782806396484,6.260049343109131,0,3,0,2,2,-0.12732682516597277,-0.931841836014522,-0.36279694329061074,0,0,0,0,57,False,False,
69,7,1405.7415753001965,875.8709324591832,2.154245262499156,93.09686279296875,6.377265453338623,0,3,0,2,2,-0.09035846387876821,-0.9511006153365892,-0.6835481242145232,0,0,0,0,57,False,False,
70,0,1416.0647031527144,875.0876877227604,2.1452743534457834,94.02796936035156,6.41080904006958,0,3,0,2,2,-0.03577203113210948,-0.9237722692617047,-0.7251152394899172,0,0,0,0,58,False,False,
70,1,1458.399956842825,873.5898598246283,1.1303982478178387,48.322784423828125,3.759376049041748,0,2,1,1,1,-0.0711798116370561,-0.9055555341882667,-0.8069164533279637,0,0,0,0,58,False,False,
70,2,1504.0459852540182,860.87550647278,0.0,0.0,-0.09724260866641998,0,1,0,0,0,0.18531981358975586,-0.8736779209069417,0.03407164589994638,70,0,0,0,58,False,False,
70,3,1398.4032261294578,868.7970018395775,2.162123345013657,95.11967468261719,6.081425666809082,0,3,0,2,2,0.25350247925910435,-0.9677839547063445,-0.43191159367641563,0,0,0,0,58,False,False,
70,4,1452.1072874792399,874.7526593938138,1.4329553272185391,50.53136444091797,3.7352161407470703,0,2,0,1,1,-0.09219046954576444,-0.9221484263900167,-0.6800802196974141,0,0,0,0,58,False,False,
70,5,1501.4276527322813,861.5523521764429,0.0,7.684458255767822,0.4045184850692749,0,1,0,0,0,0.14834282368123392,-0.8808889064902505,-0.047085678401067144,42,0,0,0,58,False,False,
70,6,1410.5362661081997,878.3251633583913,2.167609409340562,95.3554916381836,6.281205654144287,0,3,0,2,2,-0.13896318760640092,-0.9374966197938515,-0.36527988219747265,0,0,0,0,58,False,False,
70,7,1403.5765979598048,875.956643564,2.1666733205304918,95.26359558105469,6.399405479431152,0,3,0,2,2,-0.10229387668372789,-0.9568128731193657,-0.6842293330168271,0,0,0,0,58,False,False,
71,0,1413.9074276231372,875.1281354182736,2.157654681960289,96.18557739257812,6.434621810913086,0,3,0,2,2,-0.03911438697075103,-0.9295158509275201,-0.7311949494384702,0,0,0,0,59,False,False,
71,1,1457.2654256189956,873.6811873091135,1.1382011277742416,49.46097946166992,3.779229164123535,0,2,0,1,1,-0.07307353862917251,-0.9085713746557762,-0.7997062169122049,0,0,0,0,59,False,False,
71,2,1504.0459852540182,860.87550647278,0.0,0.0,-0.09863043576478958,0,1,0,0,0,0.18531981358975586,-0.8736779209069417,0.03407164589994638,71,0,0,0,59,False,False,
71,3,1396.2312705774693,868.8994916086891,2.1743723399146813,97.2939682006836,6.098089218139648,0,3,0,2,2,0.3065586531671695,-0.9730348228064921,-0.4331935697548094,0,0,0,0,59,False,False,
71,4,1450.6482723680062,874.8506211664275,1.462300107263023,51.99363327026367,3.755484104156494,0,2,0,1,1,-0.09667538895344276,-0.9260051707613359,-0.6708365621429943,0,0,0,0,59,False,False,
71,5,1501.4276527322813,861.5523521764429,0.0,7.684458255767822,0.40455162525177,0,1,0,0,0,0.14834282368123392,-0.8808889064902505,-0.047085678401067144,43,0,0,0,59,False,False,
71,6,1408.3577031837128,878.3961642631989,2.179719602249905,97.53524017333984,6.302018642425537,0,3,0,2,2,-0.1529855514389889,-0.943157535549806,-0.36779998314558493,0,0,0,0,59,False,False,
71,7,1401.3995091899487,876.0424600058493,2.1787794687679805,97.44229125976562,6.421160697937012,0,3,0,2,2,-0.11796523012273687,-0.9625365286133494,-0.684969029154822,0,0,0,0,59,False,False,
72,0,1411.738087185597,875.1700890767878,2.169746078095475,98.35541534423828,6.458364486694336,0,3,0,2,2,-0.04301962404746418,-0.9352899615642823,-0.7371497377560507,0,0,0,0,60,False,False,
72,1,1456.1232340620652,873.7723803006475,1.1458262147584453,50.60670471191406,3.799093723297119,0,2,0,1,1,-0.07516349413387818,-0.9116060772640102,-0.7907259953509714,0,0,0,0,60,False,False,
72,2,1504.0459852540182,860.87550647278,0.0,0.0,-0.10001826286315918,0,1,0,0,0,0.18531981358975586,-0.8736779209069417,0.03407164589994638,72,0,0,0,60,False,False,
72,3,1394.04743315891,869.0028519538408,2.18628205674593,99.48025512695312,6.112667083740234,0,3,0,2,2,0.38490672138565,-0.9780358455846858,-0.4345267722777576,0,0,0,0,60,False,False,
72,4,1449.1605717750838,874.9497230696827,1.490997733536424,53.48472213745117,3.7757086753845215,0,2,0,1,1,-0.10178593065767877,-0.9299334157961452,-0.6615050878264814,0,0,0,0,60,False,False,
72,5,1501.4276527322813,861.5523521764429,0.0,7.684458255767822,0.40458476543426514,0,1,0,0,0,0.14834282368123392,-0.8808889064902505,-0.047085678401067144,44,0,0,0,60,False,False,
72,6,1406.167355442746,878.4672523942294,2.191501026404522,99.72669982910156,6.322399139404297,0,3,0,2,2,-0.17018956167374882,-0.9488148381970767,-0.3703706816421689,0,0,0,0,60,False,False,
72,7,1399.2106429867467,876.1283181734609,2.190549447162946,99.6328125,6.442368030548096,0,3,0,2,2,-0.13940840760711556,-0.9682599466623857,-0.6857678415245905,0,0,0,0,60,False,False,
73,0,1409.5569677178366,875.2134914645782,2.181551259977424,100.53688049316406,6.482018947601318,0,3,0,2,2,-0.047655876087935665,-0.9410923654716173,-0.7429875514022496,0,0,0,0,61,False,False,
73,1,1454.9735374027734,873.8634559639842,1.153298393668773,51.76008605957031,3.8189287185668945,0,2,0,1,1,-0.07745738820680244,-0.9146598159321033,-0.7817750317506763,0,0,0,0,61,False,False,
73,2,1504.0459852540182,860.87550647278,0.0,0.0,-0.10140608996152878,0,1,0,0,0,0.18531981358975586,-0.8736779209069417,0.03407164589994638,73,0,0,0,61,False,False,
73,3,1391.8520366929183,869.1071269141512,2.1978714498888916,101.67816162109375,6.123973846435547,0,3,0,2,2,0.5069852417707909,-0.9825377811265796,-0.4358965079458733,0,0,0,0,61,False,False,
73,4,1447.6448191734562,875.0498985108035,1.5190592708465005,55.003780364990234,3.795867919921875,0,2,0,1,1,-0.10764856308270762,-0.9339297569471433,-0.652085625230762,0,0,0,0,61,False,False,
73,5,1501.4276527322813,861.5523521764429,0.0,7.684458255767822,0.40461790561676025,0,1,0,0,0,0.14834282368123392,-0.8808889064902505,-0.047085678401067144,45,0,0,0,61,False,False,
73,6,1403.9655378498098,878.5383659558474,2.2029656945146754,101.92963409423828,6.342227458953857,0,3,0,2,2,-0.19177367137491375,-0.9544544424359138,-0.37299254941093596,0,0,0,0,61,False,False,
73,7,1397.0102946883542,876.2141835310908,2.2020230457194807,101.83493041992188,6.462769985198975,0,3,0,2,2,-0.17045385867853863,-0.9739610563633743,-0.6866245409201528,0,0,0,0,61,False,False,
74,0,1407.3643578452322,875.2582916237632,2.1930675109775852,102.72996520996094,6.505557537078857,0,3,0,2,2,-0.05327842840458364,-0.9469221513298879,-0.7487223690218139,0,0,0,0,62,False,False,
74,1,1453.8164873838696,873.9544186149557,1.1606200713917023,52.92063903808594,3.8387258052825928,0,2,0,1,1,-0.07996919549435562,-0.9177311197844216,-0.77286065846792,0,0,0,0,62,False,False,
74,2,1504.0459852540182,860.87550647278,0.0,0.0,-0.10279391705989838,0,1,0,0,0,0.18531981358975586,-0.8736779209069417,0.03407164589994638,74,0,0,0,62,False,False,
74,3,1389.6454107732206,869.2123733967525,2.209134394187292,103.88733673095703,6.130040168762207,0,3,0,2,2,0.7014614205589453,-0.9860098393176634,-0.43733930990432435,0,0,0,0,62,False,False,
74,4,1446.101632392862,875.1510845046399,1.5465005803908993,56.5501823425293,3.8159356117248535,0,2,0,1,1,-0.1144210726836036,-0.9379912000638652,-0.6426078182302796,0,0,0,0,62,False,False,
74,5,1501.4276527322813,861.5523521764429,0.0,7.684458255767822,0.40465104579925537,0,1,0,0,0,0.14834282368123392,-0.8808889064902505,-0.047085678401067144,46,0,0,0,62,False,False,
74,6,1401.7526021673393,878.6093842254915,2.2140749601977974,104.14378356933594,6.361327648162842,0,3,0,2,2,-0.219552011122596,-0.9600549796917752,-0.3756881123661209,0,0,0,0,62,False,False,
74,7,1394.7987558947204,876.3000351746359,2.2132045410324284,104.04814147949219,6.4818878173828125,0,3,0,2,2,-0.21904839630950113,-0.9795932325500489,-0.6875256918342875,0,0,0,0,62,False,False,
75,0,1405.160498013235,875.3043907079992,2.2043419164591485,104.9343032836914,6.528937339782715,0,3,0,2,2,-0.06024916351922734,-0.9527769949214665,-0.7543548195108263,0,0,0,0,63,False,False,
75,1,1452.65223257021,874.0452647803254,1.1677937732716457,54.08848571777344,3.8584787845611572,0,2,0,1,1,-0.08272129179888199,-0.9208201073421123,-0.7639538176450632,0,0,0,0,63,False,False,
75,2,1504.0459852540182,860.87550647278,0.0,0.0,-0.10418174415826797,0,1,0,0,0,0.18531981358975586,-0.8736779209069417,0.03407164589994638,75,0,0,0,63,False,False,
75,3,1387.427858087643,869.3186341480837,2.2200971286377804,106.10740661621094,6.128598690032959,0,3,0,2,2,0.9793278541721463,-0.9875149564947223,-0.4388479744343451,0,0,0,1,63,False,False,
75,4,1444.5316322801384,875.2532112502257,1.5733182215038637,58.123573303222656,3.8358829021453857,0,2,0,1,1,-0.1223179633789818,-0.9421148540186693,-0.6330495125312119,0,0,0,0,63,False,False,
75,5,1501.4276527322813,861.5523521764429,0.0,7.684458255767822,0.4046841859817505,0,1,0,0,0,0.14834282368123392,-0.8808889064902505,-0.047085678401067144,47,0,0,0,63,False,False,
75,6,1399.5288256690242,878.6802412597759,2.2249050842150555,106.36866760253906,6.379459857940674,0,3,0,2,2,-0.256503524203582,-0.9655806924630086,-0.3784567987840123,0,0,0,0,63,False,False,
75,7,1392.5763257213603,876.3858407279233,2.2240859849468757,106.27220916748047,6.498724460601807,0,3,0,2,2,-0.3042734331991988,-0.985042612592735,-0.6884999947973143,0,0,0,0,63,False,False,
76,0,1402.9456888500795,875.3517417109889,2.2153152702677894,107.14965057373047,6.552114009857178,0,3,0,2,2,-0.06918128406836356,-0.9586540916312974,-0.7598922209327947,0,0,0,0,64,False,False,
76,1,1451.4809185570205,874.1359863345187,1.1748220792483184,55.26325607299805,3.878180742263794,0,2,0,1,1,-0.08573793854996742,-0.9239255866202702,-0.7550906565137683,0,0,0,0,64,False,False,
76,2,1504.0459852540182,860.87550647278,0.0,0.0,-0.10556957125663757,0,1,0,0,0,0.18531981358975586,-0.8736779209069417,0.03407164589994638,76,0,0,0,64,False,False,
76,3,1385.1996674968566,869.4259355842845,2.230772715244584,108.338134765625,6.126598358154297,0,3,0,2,2,1.0,-0.986346992238381,-0.44413224518302763,0,0,0,2,64,False,False,
76,4,1442.9354309160713,875.3562041082628,1.5995206542762148,59.72308349609375,3.8556699752807617,0,2,0,1,1,-0.1316139017636576,-0.9462960181222156,-0.6234324908069686,0,0,0,0,64,False,False,
76,5,1501.4276527322813,861.5523521764429,0.0,7.684458255767822,0.4047173261642456,0,1,0,0,0,0.14834282368123392,-0.8808889064902505,-0.047085678401067144,48,0,0,0,64,False,False,
76,6,1397.294482328027,878.7509001533891,2.235460320539172,108.60415649414062,6.396230697631836,0,3,0,2,2,-0.3076401931937249,-0.9709710179737915,-0.38129866583698124,0,0,0,0,64,False,False,
76,7,1390.3432921790402,876.4715663608719,2.2346784299470515,108.50688171386719,6.51082181930542,0,3,0,2,2,-0.47997660054604885,-0.98995380120306,-0.6895321561999492,0,0,0,0,64,False,False,
77,0,1400.720182931564,875.4002778121518,2.2260351179762314,109.37564086914062,6.574997901916504,0,3,0,2,2,-0.0810613422407275,-0.9645488923812435,-0.7653419056443195,0,0,0,0,65,False,False,
77,1,1450.3026881152618,874.226572436105,1.1817075846788387,56.44495391845703,3.8978240489959717,0,2,0,1,1,-0.0890540960454296,-0.9270472750986674,-0.7462494638660895,0,0,0,0,65,False,False,
77,2,1504.0459852540182,860.87550647278,0.0,0.0,-0.10695739835500717,0,1,0,0,0,0.18531981358975586,-0.8736779209069417,0.03407164589994638,77,0,0,0,65,False,False,
77,3,1382.9611402079777,869.5343179631941,2.24114951824151,110.57927703857422,8.649591445922852,0,4,1,3,3,0.07870687219081245,-0.9148468649497733,-0.4496597271986007,0,0,0,0,65,False,False,
77,4,1441.3136339161788,875.4599823479534,1.625113975047092,61.34822463989258,3.8752481937408447,0,2,0,1,1,-0.1426939887381296,-0.9505299721799398,-0.6137717322187923,0,0,0,0,65,False,False,
77,5,1501.4276527322813,861.5523521764429,0.0,7.684458255767822,0.4047504663467407,0,1,0,0,0,0.14834282368123392,-0.8808889064902505,-0.047085678401067144,49,0,0,0,65,False,False,
77,6,1395.0498438312252,878.8213366811856,2.245743370417186,110.84989166259766,6.411012172698975,0,3,0,2,2,-0.3817765433333673,-0.9761121185411042,-0.3842288070310125,0,0,0,0,65,False,False,
77,7,1388.0999798203388,876.557114077264,2.244942928112579,110.75180053710938,9.034564971923828,0,4,1,3,3,-0.05133382089411498,-0.9023117752731218,-0.6906386702712703,0,0,0,0,65,False,False,
78,0,1398.4842649401937,875.4499675568003,2.2364700612475077,111.61215209960938,6.597464084625244,0,3,0,2,2,-0.09769801826479604,-0.970454564306729,-0.7707111488296301,0,0,0,0,66,False,False,
78,1,1449.1176838772303,874.3170084302809,1.1884501307145658,57.633460998535156,3.917400598526001,0,2,0,1,1,-0.09270955977275813,-0.9301845206571318,-0.737430425512233,0,0,0,0,66,False,False,
78,2,1504.0459852540182,860.87550647278,0.0,0.0,-0.10834522545337677,0,1,0,0,0,0.18531981358975586,-0.8736779209069417,0.03407164589994638,78,0,0,0,66,False,False,
78,3,1380.7124614373106,869.6433702380612,2.2513215257494625,112.83069610595703,8.672417640686035,0,4,0,3,3,0.08460384525472761,-0.9208014402509711,-0.4552456965498647,0,0,0,0,66,False,False,
78,4,1439.6668305386847,875.5644662638381,1.6501146180809474,62.99826431274414,3.894556999206543,0,2,0,1,1,-0.1560963818096765,-0.9548099965855952,-0.604067093835755,0,0,0,0,66,False,False,
78,5,1501.4276527322813,861.5523521764429,0.0,7.684458255767822,0.40478360652923584,0,1,0,0,0,0.14834282368123392,-0.8808889064902505,-0.047085678401067144,50,0,0,0,66,False,False,
78,6,1392.7951935760302,878.8915086048091,2.255741978178272,113.10562133789062,6.422746181488037,0,3,0,2,2,-0.4945918413005731,-0.9807768001728429,-0.387239446923629,0,0,0,0,66,False,False,
78,7,1385.8466014523544,876.6424966019999,2.2549953979622144,113.0068359375,9.05825138092041,0,4,0,3,3,-0.05453173970097017,-0.9083045084819461,-0.6887892869953551,0,0,0,0,66,False,False,
79,0,1396.2382089597138,875.5007961640174,2.246631036632759,113.85881805419922,6.61928129196167,0,3,0,2,2,-0.12268836485892254,-0.9763570549907016,-0.7759847283449067,0,0,0,0,67,False,False,
79,1,1447.9260455012425,874.4072777251849,1.1950525363888531,58.82852554321289,3.9368999004364014,0,2,0,1,1,-0.09675153633869134,-0.9333362940521837,-0.7286477487864307,0,0,0,0,67,False,False,
79,2,1504.0459852540182,860.87550647278,0.0,0.0,-0.10973305255174637,0,1,0,0,0,0.18531981358975586,-0.8736779209069417,0.03407164589994638,79,0,0,0,67,False,False,
79,3,1378.4538430847135,869.7528978588947,2.26127246531997,115.0918960571289,8.695116996765137,0,4,0,3,3,0.09155290362197471,-0.9267737597828235,-0.46085327705742496,0,0,0,0,67,False,False,
79,4,1437.99559715582,875.6695790043734,1.674535669439362,64.6728286743164,3.913513422012329,0,2,0,1,1,-0.17259548855459772,-0.9591282316196297,-0.5943256650318799,0,0,0,0,67,False,False,
79,5,1501.4276527322813,861.5523521764429,0.0,7.684458255767822,0.40481674671173096,0,1,0,0,0,0.14834282368123392,-0.8808889064902505,-0.047085678401067144,51,0,0,0,67,False,False,
79,6,1390.5307848302193,878.9613961735533,2.265486976429169,115.37110900878906,8.945667266845703,0,4,1,3,3,-0.08403527199950278,-0.895383255911963,-0.39031520614699045,0,0,0,0,67,False,False,
79,7,1383.5834172139034,876.7277192279607,2.2647882446595755,115.27162170410156,9.081872940063477,0,4,0,3,3,-0.058210815605032926,-0.9143203729599372,-0.686117193298529,0,0,0,0,67,False,False,
80,0,1393.9822816478406,875.5527575862105,2.2565256537100673,116.11527252197266,6.6399946212768555,0,3,0,2,2,-0.16433320342583152,-0.9822248723492062,-0.781185184397477,0,0,0,0,68,False,False,
80,1,1446.727906561723,874.4973657144866,1.2015210211265965,60.030029296875,3.9563100337982178,0,2,0,1,1,-0.10124104525752196,-0.9365018006900894,-0.7199018910676518,0,0,0,0,68,False,False,
80,2,1504.0459852540182,860.87550647278,0.0,0.0,-0.11112087965011597,0,1,0,0,0,0.18531981358975586,-0.8736779209069417,0.03407164589994638,80,0,0,0,68,False,False,
80,3,1376.1855433578921,869.8627708752704,2.2709592093265814,117.36286926269531,8.71762466430664,0,4,0,3,3,0.09980715344689801,-0.9327615390168992,-0.4664758367262277,0,0,0,0,68,False,False,
80,4,1436.3005024978706,875.7752435735546,1.6983847916736396,66.3711929321289,3.9320054054260254,0,2,0,1,1,-0.19334263168040655,-0.9634723438471251,-0.5845551640772728,0,0,0,0,68,False,False,
80,5,1501.4276527322813,861.5523521764429,0.0,7.684458255767822,0.4048498868942261,0,1,0,0,0,0.14834282368123392,-0.8808889064902505,-0.047085678401067144,52,0,0,0,68,False,False,
80,6,1388.256710029013,879.0312207377099,2.2751465164339306,117.64622497558594,8.968459129333496,0,4,0,3,3,-0.08908361504775762,-0.9013943615449711,-0.39346540379759476,0,0,0,0,68,False,False,
80,7,1381.3106745942298,876.8127934801574,2.274334329791529,117.5459213256836,9.105406761169434,0,4,0,3,3,-0.06248472391601278,-0.9203580347104542,-0.6834816613330561,0,0,0,0,68,False,False,
81,0,1391.7167434178962,875.6058511512903,2.2661602763248143,118.38140106201172,6.658495903015137,0,3,0,2,2,-0.24655850387253825,-0.9879674273756891,-0.7862905913830031,0,0,0,0,69,False,False,
81,1,1445.49561860006,874.5893157435811,1.2357137323467644,61.265750885009766,3.9756953716278076,0,2,0,1,1,-0.10637235166434998,-0.9397535481314943,-0.7109948358484031,0,0,0,0,69,False,False,
81,2,1504.0459852540182,860.87550647278,0.0,0.0,-0.11250870674848557,0,1,0,0,0,0.18531981358975586,-0.8736779209069417,0.03407164589994638,81,0,0,0,69,False,False,
81,3,1373.9077880130276,869.9729428436751,2.2804182234145287,119.64324188232422,8.739886283874512,0,4,0,3,3,0.10972644935320974,-0.9387605198080611,-0.4720979961884324,0,0,0,0,69,False,False,
81,4,1434.5820995999386,875.8813881094216,1.7216780134844187,68.09284973144531,3.9498751163482666,0,2,0,1,1,-0.22010877007234816,-0.9678249012476577,-0.5747771163696733,0,0,0,0,69,False,False,
81,5,1501.4276527322813,861.5523521764429,0.0,7.684458255767822,0.4048830270767212,0,1,0,0,0,0.14834282368123392,-0.8808889064902505,-0.047085678401067144,53,0,0,0,69,False,False,
81,6,1385.9732507084457,879.1010752814757,2.2845275498382756,119.93074035644531,8.991138458251953,0,4,0,3,3,-0.09484960675353402,-0.9074230681027777,-0.39370627099726796,0,0,0,0,69,False,False,
81,7,1379.0286238516119,876.8977219379718,2.2836305381627406,119.82960510253906,9.12883186340332,0,4,0,3,3,-0.06749802401856818,-0.9264162749678545,-0.6809046738756452,0,0,0,0,69,False,False,
82,0,1389.4418484804955,875.6600794896401,2.275541185936,120.65695190429688,6.671056747436523,0,3,0,2,2,-0.4654684083769174,-0.9931872691758401,-0.791307652762003,0,0,0,0,70,False,False,
82,1,1444.2298921704032,874.6830248069859,1.2691906016417605,62.53496551513672,3.9950337409973145,0,2,0,1,1,-0.11228049399798769,-0.943088524375842,-0.7019194937546617,0,0,0,0,70,False,False,
82,2,1504.0459852540182,860.87550647278,0.0,0.0,-0.11389653384685516,0,1,0,0,0,0.18531981358975586,-0.8736779209069417,0.03407164589994638,82,0,0,0,70,False,False,
82,3,1371.6207993683438,870.0834183599923,2.2896554108899565,121.93289947509766,8.76184368133545,0,4,0,3,3,0.1218407866376484,-0.9447657948279695,-0.4777206130296062,0,0,0,0,70,False,False,
82,4,1432.8409714324798,875.9879074879003,1.7443834651559649,69.83731842041016,3.966886520385742,0,2,0,1,1,-0.25574111063990335,-0.9721579440987012,-0.5649917791847517,0,0,0,0,70,False,False,
82,5,1501.4276527322813,861.5523521764429,0.0,7.684458255767822,0.4049161672592163,0,1,0,0,0,0.14834282368123392,-0.8808889064902505,-0.047085678401067144,54,0,0,0,70,False,False,
82,6,1383.6806683915834,879.1709943751083,2.293648264063989,122.22441101074219,9.013665199279785,0,4,0,3,3,-0.10146609351014983,-0.9134670754368126,-0.3929519959046287,0,0,0,0,70,False,False,
82,7,1376.737511409315,876.9824983723164,2.2926803674014886,122.1221923828125,9.152121543884277,0,4,0,3,3,-0.07345151018725524,-0.932492549384179,-0.6783715662130954,0,0,0,0,70,False,False,
83,0,1387.157833582076,875.7154323009856,2.2846855341438776,122.94168090820312,9.195556640625,0,4,1,3,3,-0.02819707786971372,-0.9048932965854056,-0.795534920712784,0,0,0,0,71,False,False,
83,1,1442.9314271128044,874.7783930762183,1.301962600300515,63.83692169189453,4.014298915863037,0,2,0,1,1,-0.11913220133119466,-0.9465034771716755,-0.6927124265177806,0,0,0,0,71,False,False,
83,2,1504.0459852540182,860.87550647278,0.0,0.0,-0.11528436094522476,0,1,0,0,0,0.18531981358975586,-0.8736779209069417,0.03407164589994638,83,0,0,0,71,False,False,
83,3,1369.3248056645705,870.1942184559216,2.2986656453310195,124.2315902709961,8.783414840698242,0,4,0,3,3,0.13695567397381928,-0.9507698294598937,-0.48335780882542456,0,0,0,0,71,False,False,
83,4,1431.077625925092,876.0947354235204,1.7665784970539613,71.6038589477539,3.9826879501342773,0,2,0,1,1,-0.3050778366970096,-0.9764229453888569,-0.5552066421031292,0,0,0,0,71,False,False,
83,5,1501.4276527322813,861.5523521764429,0.0,7.684458255767822,0.4049493074417114,0,1,0,0,0,0.14834282368123392,-0.8808889064902505,-0.047085678401067144,55,0,0,0,71,False,False,
83,6,1381.379210478875,879.2409866294829,2.3025219737585334,124.52698516845703,9.036008834838867,0,4,0,3,3,-0.10911553890168256,-0.9195236657588649,-0.39223465416375514,0,0,0,0,71,False,False,
83,7,1374.4375664228296,877.0671281113915,2.3015014954578508,124.42367553710938,9.175240516662598,0,4,0,3,3,-0.08063237679512111,-0.9385851226982764,-0.675882366931592,0,0,0,0,71,False,False,
84,0,1384.8649313886774,875.7718935481266,2.2935972490652903,125.23522186279297,9.220024108886719,0,4,0,3,3,-0.03039899795880198,-0.9110028846054198,-0.7964062562353618,0,0,0,0,72,False,False,
84,1,1441.6009185484636,874.8753208395697,1.3340344939665736,65.17089080810547,4.0334601402282715,0,2,0,1,1,-0.12715355364527264,-0.9499946672705806,-0.6833736341377601,0,0,0,0,72,False,False,
84,2,1504.0459852540182,860.87550647278,0.0,0.0,-0.11667218804359436,0,1,0,0,0,0.18531981358975586,-0.8736779209069417,0.03407164589994638,84,0,0,0,72,False,False,
84,3,1367.0200408196793,870.3053899098155,2.3074444917283743,126.53907775878906,8.804479598999023,0,4,0,3,3,0.15631391961400268,-0.9567613269102508,-0.48900964074825826,0,0,0,0,72,False,False,
84,4,1429.2925825229918,876.201809798656,1.788251903170174,73.39209747314453,3.9967005252838135,0,2,0,1,1,-0.37666636108436363,-0.9805314999278875,-0.5454286229817152,0,0,0,0,72,False,False,
84,5,1501.4276527322813,861.5523521764429,0.0,7.684458255767822,0.40498244762420654,0,1,0,0,0,0.14834282368123392,-0.8808889064902505,-0.047085678401067144,56,0,0,0,72,False,False,
84,6,1379.0691089674274,879.3110580384953,2.3111639914885562,126.83810424804688,9.058133125305176,0,4,0,3,3,-0.11805425181930154,-0.9255890165037831,-0.3915246876587605,0,0,0,0,72,False,False,
84,7,1372.129019528967,877.1516130493775,2.3100923067939063,126.73381042480469,9.19814395904541,0,4,0,3,3,-0.08944805696630359,-0.9446908492523419,-0.6734443655084573,0,0,0,0,72,False,False,
85,0,1382.563353912442,875.8294237127946,2.3022963751352834,127.5375747680664,9.244447708129883,0,4,0,3,3,-0.03290363792952778,-0.9171348658615378,-0.7971747529553256,0,0,0,0,73,False,False,
85,1,1440.2390589379152,874.9737050702191,1.3654087504054235,66.536376953125,4.052477836608887,0,2,0,1,1,-0.13664300517793132,-0.9535584283063527,-0.6739104632642932,0,0,0,0,73,False,False,
85,2,1504.0459852540182,860.87550647278,0.0,0.0,-0.11806001514196396,0,1,0,0,0,0.18531981358975586,-0.8736779209069417,0.03407164589994638,85,0,0,0,73,False,False,
85,3,1364.7067649690903,870.4169908309648,2.3159663051347126,128.85499572753906,8.824865341186523,0,4,0,3,3,0.18195261452582276,-0.9627216417756085,-0.4946830266550172,0,0,0,0,73,False,False,
85,4,1427.4863911160123,876.3090329922936,1.809371220037647,75.20143127441406,4.007938385009766,0,2,0,1,1,-0.48587527356298527,-0.9843058394318956,-0.5356654400906159,0,0,0,0,73,False,False,
85,5,1501.4276527322813,861.5523521764429,0.0,7.684458255767822,0.40501558780670166,0,1,0,0,0,0.14834282368123392,-0.8808889064902505,-0.047085678401067144,57,0,0,0,73,False,False,
85,6,1376.7506033672637,879.38119269126,2.3195661420853115,129.15765380859375,9.07999038696289,0,4,0,3,3,-0.12862116086368536,-0.9316590026569074,-0.39083627513769104,0,0,0,0,73,False,False,
85,7,1369.812086763911,877.2359669585761,2.318467817285053,129.05224609375,9.220767974853516,0,4,0,3,3,-0.10051768661972903,-0.9508049672180678,-0.6710506440867817,0,0,0,0,73,False,False,
86,0,1380.253309443601,875.887970862079,2.310786276727486,129.84837341308594,9.268818855285645,0,4,0,3,3,-0.035786175920074784,-0.9232879869809033,-0.7978408539585521,0,0,0,0,74,False,False,
86,1,1438.84652072168,875.0734472929058,1.3961057247435396,67.93240356445312,4.071301460266113,0,2,0,1,1,-0.14801100438689144,-0.9571889188962932,-0.6643373213349109,0,0,0,0,74,False,False,
86,2,1504.0459852540182,860.87550647278,0.0,0.0,-0.11944784224033356,0,1,0,0,0,0.18531981358975586,-0.8736779209069417,0.03407164589994638,86,0,0,0,74,False,False,
86,3,1362.3852138411849,870.5290640144844,2.3242547274219243,131.17922973632812,8.844304084777832,0,4,0,3,3,0.2173980287608714,-0.9686195393215,-0.5003860850224053,0,0,0,0,74,False,False,
86,4,1425.659543954256,876.4163317552922,1.8299955128246106,77.03148651123047,6.529755592346191,0,3,1,2,2,-0.07760655776981037,-0.8980374081882185,-0.525931300764063,0,0,0,0,74,False,False,
86,5,1501.4276527322813,861.5523521764429,0.0,7.684458255767822,0.4050487279891968,0,1,0,0,0,0.14834282368123392,-0.8808889064902505,-0.047085678401067144,58,0,0,0,74,False,False,
86,6,1374.4239793550469,879.4512808523376,2.3276794548535378,131.48536682128906,9.101516723632812,0,4,0,3,3,-0.14126922643524975,-0.9377276798943511,-0.39017747790487955,0,0,0,0,74,False,False,
86,7,1367.4869991723272,877.3201797609399,2.326612151739043,131.37896728515625,9.243023872375488,0,4,0,3,3,-0.11480004131715052,-0.9569215301636935,-0.6686931127760468,0,0,0,0,74,False,False,
87,0,1377.9350224728487,875.9475042920657,2.319051251707363,132.16737365722656,9.293126106262207,0,4,0,3,3,-0.039153303451646734,-0.9294612429250566,-0.7984268850559769,0,0,0,0,75,False,False,
87,1,1437.4239755502813,875.1744464527367,1.4261260796143957,69.35858917236328,4.08986759185791,0,2,0,1,1,-0.16183793546016684,-0.9608805398445089,-0.6546692446832267,0,0,0,0,75,False,False,
87,2,1504.0459852540182,860.87550647278,0.0,0.0,-0.12083566933870316,0,1,0,0,0,0.18531981358975586,-0.8736779209069417,0.03407164589994638,87,0,0,0,75,False,False,
87,3,1360.0556228632709,870.6416505796916,2.332309983480736,133.51153564453125,8.86234188079834,0,4,0,3,3,0.26919823410352645,-0.9743952098282949,-0.506125676534961,0,0,0,0,75,False,False,
87,4,1423.8125566970837,876.523613898042,1.8501003719553837,78.88164520263672,6.551539897918701,0,3,0,2,2,-0.0811088479056707,-0.9029331019339628,-0.5162266623810257,0,0,0,0,75,False,False,
87,5,1501.4276527322813,861.5523521764429,0.0,7.684458255767822,0.4050818681716919,0,1,0,0,0,0.14834282368123392,-0.8808889064902505,-0.047085678401067144,59,0,0,0,75,False,False,
87,6,1372.0894520513032,879.521250752083,2.335575629003617,133.82089233398438,9.122650146484375,0,4,0,3,3,-0.15668603442506865,-0.9437865529040689,-0.3895699071166224,0,0,0,0,75,False,False,
87,7,1365.1539602725707,877.4042605259474,2.334553508236971,133.71348571777344,9.264778137207031,0,4,0,3,3,-0.1338942696316571,-0.9630293644400385,-0.6663871795302787,0,0,0,0,75,False,False,
88,0,1375.608592978454,876.0078442596703,2.3272118734830674,134.49456787109375,9.317336082458496,0,4,0,3,3,-0.04310684349682232,-0.935654131458319,-0.7989393496048188,0,0,0,0,76,False,False,
88,1,1435.972075617185,875.2766066926184,1.4554896531193364,70.8140869140625,4.108089923858643,0,2,0,1,1,-0.17896098515533998,-0.9646243227052619,-0.644905890275014,0,0,0,0,76,False,False,
88,2,1504.0459852540182,860.87550647278,0.0,0.0,-0.12222349643707275,0,1,0,0,0,0.18531981358975586,-0.8736779209069417,0.03407164589994638,88,0,0,0,76,False,False,
88,3,1357.7182284856115,870.7548002569438,2.3401314762584358,135.85166931152344,8.878164291381836,0,4,0,3,3,0.3505525945281537,-0.9799222281988842,-0.5119018583650554,0,0,0,0,76,False,False,
88,4,1421.9459052175291,876.6308065111936,1.8697267186509816,80.75129699707031,6.573281288146973,0,3,0,2,2,-0.08504529617641639,-0.9078766932228295,-0.5104973618952778,0,0,0,0,76,False,False,
88,5,1501.4276527322813,861.5523521764429,0.0,7.684458255767822,0.405115008354187,0,1,0,0,0,0.14834282368123392,-0.8808889064902505,-0.047085678401067144,60,0,0,0,76,False,False,
88,6,1369.747239663617,879.5910402167844,2.3432518939317344,136.16421508789062,9.14327621459961,0,4,0,3,3,-0.17588225625857173,-0.9498242801405129,-0.38899892664590396,0,0,0,0,76,False,False,
88,7,1362.813193124839,877.4881917073385,2.342271393991077,136.05569458007812,9.285819053649902,0,4,0,3,3,-0.16064015692096392,-0.9691103218771294,-0.6641178366020493,0,0,0,0,76,False,False,
89,0,1373.2742346183009,876.0688789550256,2.3351561377462438,136.8297119140625,9.341452598571777,0,4,0,3,3,-0.04786827309464646,-0.9418652992484,-0.7993928980251863,0,0,0,0,77,False,False,
89,1,1434.4914646865082,875.3798348003454,1.4842050971024514,72.29827117919922,4.125851631164551,0,2,0,1,1,-0.20063438954319332,-0.9684085059794799,-0.6350695267488371,0,0,0,0,77,False,False,
89,2,1504.0459852540182,860.87550647278,0.0,0.0,-0.12361132353544235,0,1,0,0,0,0.18531981358975586,-0.8736779209069417,0.03407164589994638,89,0,0,0,77,False,False,
89,3,1355.3732399981361,870.8685402483394,2.3477452570572837,138.19940185546875,8.890183448791504,0,4,0,3,3,0.4896718106172901,-0.9848982295917689,-0.5177292666397042,0,0,0,0,77,False,False,
89,4,1420.0600597393038,876.7378447643077,1.8888807149664468,82.64019775390625,6.594963073730469,0,3,0,2,2,-0.08950037556619464,-0.9128667631655668,-0.50721623951473,0,0,0,0,77,False,False,
89,5,1501.4276527322813,861.5523521764429,0.0,7.684458255767822,0.40514814853668213,0,1,0,0,0,0.14834282368123392,-0.8808889064902505,-0.047085678401067144,61,0,0,0,77,False,False,
89,6,1367.3975433734543,879.6606111675741,2.3507260098101277,138.5148468017578,9.163249015808105,0,4,0,3,3,-0.20039035582047846,-0.9558222431823957,-0.3884864335108764,0,0,0,0,77,False,False,
89,7,1360.4649973347887,877.571809125064,2.3496840938640426,138.40545654296875,9.305773735046387,0,4,0,3,3,-0.20051488532936143,-0.9751291385405385,-0.6619142990730187,0,0,0,0,77,False,False,
90,0,1370.9321198635303,876.1304887599129,2.3429249438623487,139.1726837158203,9.36542797088623,0,4,0,3,3,-0.053737160452695006,-0.9480933728145978,-0.7998102706277057,0,0,0,0,78,False,False,
90,1,1432.9828139894207,875.4840132961449,1.5122433946984961,73.81053161621094,4.142982482910156,0,2,0,1,1,-0.228805005753697,-0.9722153850505475,-0.6251597824842836,0,0,0,0,78,False,False,
90,2,1504.0459852540182,860.87550647278,0.0,0.0,-0.12499915063381195,0,1,0,0,0,0.18531981358975586,-0.8736779209069417,0.03407164589994638,90,0,0,0,78,False,False,
90,3,1353.0208469499767,870.9828652508331,2.3551694756905333,140.55459594726562,8.895366668701172,0,4,0,3,3,0.7386802328369353,-0.9885455696360651,-0.5235932652318918,0,0,0,0,78,False,False,
90,4,1418.1554878177303,876.8446624454989,1.9075649979651152,84.5477294921875,6.6165666580200195,0,3,0,2,2,-0.09457354185826843,-0.9179007481990433,-0.5040667279325797,0,0,0,0,78,False,False,
90,5,1501.4276527322813,861.5523521764429,0.0,7.684458255767822,0.40518128871917725,0,1,0,0,0,0.14834282368123392,-0.8808889064902505,-0.047085678401067144,62,0,0,0,78,False,False,
90,6,1365.0405571443703,879.7299440459815,2.3580057531989755,140.8729248046875,9.182352066040039,0,4,0,3,3,-0.23266704107179648,-0.9617523374859641,-0.3880251668204032,0,0,0,0,78,False,False,
90,7,1358.1095463759239,877.6550434752269,2.356921122283077,140.76239013671875,9.323965072631836,0,4,0,3,3,-0.26565665911253467,-0.9810058007283423,-0.6597839707652511,0,0,0,0,78,False,False,
91,0,1368.5824655236029,876.1926157732761,2.3504755439972227,141.5231170654297,9.3892240524292,0,4,0,3,3,-0.06120289996267603,-0.9543357308592485,-0.8001910814988721,0,0,0,0,79,False,False,
91,1,1431.4467342809578,875.5890456191148,1.539666411798364,75.35012817382812,4.159239768981934,0,2,0,1,1,-0.26666072762114307,-0.9760162604406137,-0.6151988117751759,0,0,0,0,79,False,False,
91,2,1504.0459852540182,860.87550647278,0.0,0.0,-0.12638698518276215,0,1,0,0,0,0.18531981358975586,-0.8736779209069417,0.03407164589994638,91,0,0,0,79,False,False,
91,3,1350.6612484205893,871.0977701337071,2.3623946224107546,142.91700744628906,8.893366813659668,0,4,0,3,3,1.0,-0.9893564158387534,-0.5282959214488211,0,0,0,1,79,False,False,
91,4,1416.2326600387973,876.9511790928317,1.925775808238164,86.47352600097656,6.638069152832031,0,3,0,2,2,-0.10038967754229462,-0.9229764590420713,-0.5010415090853186,0,0,0,0,79,False,False,
91,5,1501.4276527322813,861.5523521764429,0.0,7.684458255767822,0.40521442890167236,0,1,0,0,0,0.14834282368123392,-0.8808889064902505,-0.047085678401067144,63,0,0,0,79,False,False,
91,6,1362.6764902499078,879.7989991834087,2.3650752405574456,143.23794555664062,9.20025634765625,0,4,0,3,3,-0.276789357810901,-0.9675646320174729,-0.3876150694021131,0,0,0,0,79,False,False,
91,7,1355.747053185082,877.7378136024519,2.3639426750102635,143.1262664794922,9.338838577270508,0,4,0,3,3,-0.38681802385743697,-0.9865252521728004,-0.6577267659201899,0,0,0,0,79,False,False,
92,0,1366.225481692931,876.2552373849776,2.357815566218224,143.88101196289062,9.412771224975586,0,4,0,3,3,-0.0710468555415092,-0.9605896856172287,-0.8005279839889918,0,0,0,0,80,False,False,
92,1,1429.8838378837913,875.6948392134208,1.5664729275897955,76.91669464111328,4.174237251281738,0,2,0,1,1,-0.3196543926211701,-0.9797625730848202,-0.6051941613745062,0,0,0,0,80,False,False,
92,2,1504.0459852540182,860.87550647278,0.0,0.0,-0.12777481973171234,0,1,0,0,0,0.18531981358975586,-0.8736779209069417,0.03407164589994638,92,0,0,0,80,False,False,
92,3,1348.2946573731215,871.2132757809846,2.369408099190147,145.28640747070312,11.416913986206055,0,5,1,4,4,0.07225373080743888,-0.9127345459417114,-0.5301567677851526,0,0,0,0,80,False,False,
92,4,1414.2919971841818,877.0573502666942,1.9435649290527994,88.41710662841797,6.659445285797119,0,3,0,2,2,-0.10712903968158242,-0.9280910019378965,-0.4981405829729473,0,0,0,0,80,False,False,
92,5,1501.4276527322813,861.5523521764429,0.0,7.684458255767822,0.4052475690841675,0,1,0,0,0,0.14834282368123392,-0.8808889064902505,-0.047085678401067144,64,0,0,0,80,False,False,
92,6,1360.3055232975717,879.8677614536836,2.3719638569934665,145.6099090576172,9.216438293457031,0,4,0,3,3,-0.3399466350249554,-0.9731695123344142,-0.38727129193436205,0,0,0,0,80,False,False,
92,7,1353.3776835298058,877.8200986328422,2.3707980490900904,145.49708557128906,9.346528053283691,0,4,0,3,3,-0.6481349664347477,-0.990965355149774,-0.6557573206648506,0,0,0,0,80,False,False,
93,0,1363.8613709513984,876.3183486772467,2.3649529875754642,146.24598693847656,9.435965538024902,0,4,0,3,3,-0.08463192477590964,-0.9668495143572422,-0.8008352283115753,0,0,0,0,81,False,False,
93,1,1428.2947600918042,875.8012794655053,1.5926386144541629,78.50924682617188,4.1873369216918945,0,2,0,1,1,-0.39750363318913995,-0.9833609219294543,-0.5951527205529986,0,0,0,0,81,False,False,
93,2,1504.0459852540182,860.87550647278,0.0,0.0,-0.12916265428066254,0,1,0,0,0,0.18531981358975586,-0.8736779209069417,0.03407164589994638,93,0,0,0,81,False,False,
93,3,1345.9212665669315,871.3291216898709,2.3762163608375864,147.6626434326172,11.440306663513184,0,5,0,4,4,0.0778936176666172,-0.9190272355774846,-0.5320169566392159,0,0,0,0,81,False,False,
93,4,1412.3339242081806,877.1631402544696,1.9609286832669774,90.37796783447266,6.680665016174316,0,3,0,2,2,-0.11501469040860128,-0.9332410090638342,-0.49537915744619254,0,0,0,0,81,False,False,
93,5,1501.4276527322813,861.5523521764429,0.0,7.684458255767822,0.4052807092666626,0,1,0,0,0,0.14834282368123392,-0.8808889064902505,-0.047085678401067144,65,0,0,0,81,False,False,
93,6,1357.9278492556728,879.9362039546628,2.378658913224091,147.98858642578125,9.23000717163086,0,4,0,3,3,-0.43523320899473045,-0.9783878899447356,-0.386978283532196,0,0,0,0,81,False,False,
93,7,1351.0016108876669,877.9018964372927,2.377480195823875,147.8745880126953,11.870784759521484,0,5,1,4,4,-0.047392259194150986,-0.9065875970590973,-0.654894703928874,0,0,0,0,81,False,False,
94,0,1361.4903310411803,876.3819555788668,2.3718929347212097,148.61781311035156,9.458630561828613,0,4,0,3,3,-0.10458200921083163,-0.973105370404434,-0.8011062968163107,0,0,0,0,82,False,False,
94,1,1426.6800814506048,875.9082730674708,1.618219622055945,80.12753295898438,4.1974639892578125,0,2,0,1,1,-0.5177246611871176,-0.9866243179461524,-0.5850892969547823,0,0,0,0,82,False,False,
94,2,1504.0459852540182,860.87550647278,0.0,0.0,-0.13055048882961273,0,1,0,0,0,0.18531981358975586,-0.8736779209069417,0.03407164589994638,94,0,0,0,82,False,False,
94,3,1343.541231145582,871.4451794496966,2.3828634057564937,150.04547119140625,11.463554382324219,0,5,0,4,4,0.08453756183519437,-0.9253299005898729,-0.5338778315617331,0,0,0,0,82,False,False,
94,4,1410.3588784199703,877.2684957808251,1.9778537995667163,92.35587310791016,6.701687812805176,0,3,0,2,2,-0.12434193220464951,-0.9384229911432778,-0.4927572896774255,0,0,0,0,82,False,False,
94,5,1501.4276527322813,861.5523521764429,0.0,7.684458255767822,0.4053138494491577,0,1,0,0,0,0.14834282368123392,-0.8808889064902505,-0.047085678401067144,66,0,0,0,82,False,False,
94,6,1355.5436418353754,880.0043155911709,2.3851801227640714,150.37371826171875,9.239441871643066,0,4,0,3,3,-0.5855197399177768,-0.982842974014244,-0.38675148073582666,0,0,0,0,82,False,False,
94,7,1348.6188566971023,877.983457237625,2.384149680033626,150.2586669921875,11.894951820373535,0,5,0,4,4,-0.05071535167970372,-0.9129263684310899,-0.6571869443917506,0,0,0,0,82,False,False,
95,0,1359.1125547816873,876.4460706282194,2.3786405108299764,150.99649047851562,9.480430603027344,0,4,0,3,3,-0.13666741858140388,-0.9793368698808005,-0.8013403890900023,0,0,0,0,83,False,False,
95,1,1425.0403828588478,876.0157314152442,1.64321598346537,81.77069854736328,6.71877908706665,0,3,1,2,2,-0.0758123302415533,-0.8997480413501916,-0.575011265815736,0,0,0,0,83,False,False,
95,2,1504.0459852540182,860.87550647278,0.0,0.0,-0.13193832337856293,0,1,0,0,0,0.18531981358975586,-0.8736779209069417,0.03407164589994638,95,0,0,0,83,False,False,
95,3,1341.154721243668,871.561374073803,2.3893368750774777,152.4348907470703,11.486604690551758,0,5,0,4,4,0.09244605945470552,-0.9316403325449585,-0.5357161233976442,0,0,0,0,83,False,False,
95,4,1408.3672724044181,877.3733711906299,1.9943654060290728,94.35021209716797,6.722462177276611,0,3,0,2,2,-0.13552416161477746,-0.9436314279675939,-0.49027440794293464,0,0,0,0,83,False,False,
95,5,1501.4276527322813,861.5523521764429,0.0,7.684458255767822,0.40534698963165283,0,1,0,0,0,0.14834282368123392,-0.8808889064902505,-0.047085678401067144,67,0,0,0,83,False,False,
95,6,1353.1530845555912,880.0720721741841,2.391517313855585,152.7653045654297,11.762866973876953,0,5,1,4,4,-0.0790594043153116,-0.9004682664094806,-0.3865901403044292,0,0,0,0,83,False,False,
95,7,1346.229623082642,878.0648964239554,2.390621175664625,152.6493377685547,11.919048309326172,0,5,0,4,4,-0.054617528836310054,-0.9192797564698322,-0.6595309544367075,0,0,0,0,83,False,False,
96,0,1356.7282186869459,876.5106941329846,2.3852116908263823,153.3816375732422,9.500602722167969,0,4,0,3,3,-0.1963210606742627,-0.9854876040092309,-0.8015305729826472,0,0,0,0,84,False,False,
96,1,1423.3762687398996,876.1235415477066,1.6676027181388426,83.43836975097656,6.740087032318115,0,3,0,2,2,-0.07882404046278377,-0.9041626335550419,-0.5649405527401974,0,0,0,0,84,False,False,
96,2,1504.0459852540182,860.87550647278,0.0,0.0,-0.13332615792751312,0,1,0,0,0,0.18531981358975586,-0.8736779209069417,0.03407164589994638,96,0,0,0,84,False,False,
96,3,1338.7619242101077,871.6776295327575,2.395619538981995,154.83041381835938,11.509407043457031,0,5,0,4,4,0.10200377602845188,-0.937954145832871,-0.5375251429795245,0,0,0,0,84,False,False,
96,4,1406.3595051954228,877.4777315774091,2.010477618837387,96.36073303222656,6.742920398712158,0,3,0,2,2,-0.14915029755165835,-0.9488600921238247,-0.4879376587891143,0,0,0,0,84,False,False,
96,5,1501.4276527322813,861.5523521764429,0.0,7.684458255767822,0.40538012981414795,0,1,0,0,0,0.14834282368123392,-0.8808889064902505,-0.047085678401067144,68,0,0,0,84,False,False,
96,6,1350.7563321847174,880.1398647878368,2.3977109429110848,155.16299438476562,11.786131858825684,0,5,0,4,4,-0.08443059976980041,-0.9068095371448142,-0.3880449484608226,0,0,0,0,84,False,False,
96,7,1343.8340907375969,878.1462740615316,2.3969141695219305,155.04623413085938,11.943037986755371,0,5,0,4,4,-0.059228305995791035,-0.9256459979955804,-0.6618969186721877,0,0,0,0,84,False,False,
97,0,1354.3374974749875,876.5758229499886,2.3916081777983997,155.7732696533203,9.516822814941406,0,4,0,3,3,-0.34006532787036703,-0.9913447425698295,-0.8016919277071375,0,0,0,0,85,False,False,
97,1,1421.6882805054813,876.2316205393504,1.6914447516751063,85.12981414794922,6.761379718780518,0,3,0,2,2,-0.08220243560858888,-0.9086373613329862,-0.5596162899178925,0,0,0,0,85,False,False,
97,2,1504.0459852540182,860.87550647278,0.0,0.0,-0.13471399247646332,0,1,0,0,0,0.18531981358975586,-0.8736779209069417,0.03407164589994638,97,0,0,0,85,False,False,
97,3,1336.3629689929637,871.7939607334254,2.4017741530192924,157.23228454589844,11.531900405883789,0,5,0,4,4,0.11374295050769724,-0.9442676070503693,-0.5393195550205746,0,0,0,0,85,False,False,
97,4,1404.3359667464795,877.581550339281,2.02619993822636,98.38695526123047,6.762973785400391,0,3,0,2,2,-0.16607371749136696,-0.9540995286170196,-0.4857404673932818,0,0,0,0,85,False,False,
97,5,1501.4276527322813,861.5523521764429,0.0,7.684458255767822,0.40541326999664307,0,1,0,0,0,0.14834282368123392,-0.8808889064902505,-0.047085678401067144,69,0,0,0,85,False,False,
97,6,1348.3534580526837,880.2077049701242,2.403831604902894,157.56678771972656,11.809257507324219,0,5,0,4,4,-0.09060840594342431,-0.913159270911932,-0.39208103200246347,0,0,0,0,85,False,False,
97,7,1341.4324162345365,878.227646790392,2.403052629397171,157.4493408203125,11.96689224243164,0,5,0,4,4,-0.06474173267665972,-0.9320240350039846,-0.6643067341163433,0,0,0,0,85,False,False,
98,0,1351.9405728974286,876.6414685178376,2.397823340257503,158.171142578125,12.041900634765625,0,5,1,4,4,-0.019937044650756283,-0.9041577860725862,-0.8017943377169677,0,0,0,0,86,False,False,
98,1,1419.9769576240856,876.3398975697743,1.7147448555706624,86.84454345703125,6.782644271850586,0,3,0,2,2,-0.08601411996747098,-0.9131703664348458,-0.5553090949922377,0,0,0,0,86,False,False,
98,2,1504.0459852540182,860.87550647278,0.0,0.0,-0.1361018270254135,0,1,0,0,0,0.18531981358975586,-0.8736779209069417,0.03407164589994638,98,0,0,0,86,False,False,
98,3,1333.957997508149,871.9104132150151,2.4077892397882175,159.6400146484375,11.554004669189453,0,5,0,4,4,0.12849156168534345,-0.9505727402845984,-0.5410993595207949,0,0,0,0,86,False,False,
98,4,1402.297078158334,877.6847583950072,2.0414991005720786,100.42838287353516,6.782496452331543,0,3,0,2,2,-0.18756797620051707,-0.9593359876177182,-0.48369689815874095,0,0,0,0,86,False,False,
98,5,1501.4276527322813,861.5523521764429,0.0,7.684458255767822,0.4054464101791382,0,1,0,0,0,0.14834282368123392,-0.8808889064902505,-0.047085678401067144,70,0,0,0,86,False,False,
98,6,1345.9446039498835,880.2756422275176,2.409811934471173,159.9766845703125,11.832215309143066,0,5,0,4,4,-0.09779829833928867,-0.9195155426929641,-0.3961383836661737,0,0,0,0,86,False,False,
98,7,1339.0247752215637,878.3090307382741,2.409016105035752,159.85830688476562,11.990580558776855,0,5,0,4,4,-0.07142673940636415,-0.9384113682291207,-0.6667531112918521,0,0,0,0,86,False,False,
99,0,1349.5377168025482,876.7077878039975,2.4037711331200398,160.57489013671875,12.06694221496582,0,5,0,4,4,-0.021510128987771774,-0.9105643646383663,-0.8053565194741102,0,0,0,0,87,False,False,
99,1,1418.2428361774348,876.448305492634,1.7375066818498894,88.58206176757812,6.803865432739258,0,3,0,2,2,-0.0903388327725957,-0.9177596451191355,-0.5511048103346607,0,0,0,0,87,False,False,
99,2,1504.0459852540182,860.87550647278,0.0,0.0,-0.1374896615743637,0,1,0,0,0,0.18531981358975586,-0.8736779209069417,0.03407164589994638,99,0,0,0,87,False,False,
99,3,1331.547165338346,872.027023903101,2.4136507211137443,162.05372619628906,11.57559871673584,0,5,0,4,4,0.14757229492738935,-0.9568592754409528,-0.5428645278939996,0,0,0,0,87,False,False,
99,4,1400.2431987984032,877.7873252244581,2.05643876146445,102.48490142822266,6.80131196975708,0,3,0,2,2,-0.2156796487543943,-0.9645491486915085,-0.4817994615048705,0,0,0,0,87,False,False,
99,5,1501.4276527322813,861.5523521764429,0.0,7.684458255767822,0.4054795503616333,0,1,0,0,0,0.14834282368123392,-0.8808889064902505,-0.047085678401067144,71,0,0,0,87,False,False,
99,6,1343.5299373023192,880.3437121160247,2.4156259082440785,162.39231872558594,11.854958534240723,0,5,0,4,4,-0.10625479167107035,-0.9258748332190428,-0.40021105752535335,0,0,0,0,87,False,False,
99,7,1336.611315702624,878.3904551341159,2.41483266124142,162.27313232421875,12.014056205749512,0,5,0,4,4,-0.07969685323577601,-0.9448057576185976,-0.6692141245943763,0,0,0,0,87,False,False,
100,0,1347.129067427499,876.7748416454746,2.4095825425956887,162.98451232910156,12.091960906982422,0,5,0,4,4,-0.02333877033637969,-0.9169860224069661,-0.8095095776871328,0,0,0,0,88,False,False,
100,1,1416.4864605638668,876.5567637215748,1.7597211379537052,90.34175872802734,6.825024604797363,0,3,0,2,2,-0.09527053161409388,-0.9224026882295883,-0.5470029785661924,0,0,0,0,88,False,False,
100,2,1504.0459852540182,860.87550647278,0.0,0.0,-0.1388774961233139,0,1,0,0,0,0.18531981358975586,-0.8736779209069417,0.03407164589994638,100,0,0,0,88,False,False,
100,3,1329.130618356193,872.1438357476226,2.419368579603629,164.47305297851562,11.596498489379883,0,5,0,4,4,0.17317850570705579,-0.9631084218392272,-0.5446302965771015,0,0,0,0,88,False,False,
100,4,1398.1746932606627,877.8892282716313,2.071014097172285,104.55589294433594,6.819152355194092,0,3,0,2,2,-0.25376760703804724,-0.969703698449012,-0.48007085486301904,0,0,0,0,88,False,False,
100,5,1501.4276527322813,861.5523521764429,0.0,7.684458255767822,0.4055126905441284,0,1,0,0,0,0.14834282368123392,-0.8808889064902505,-0.047085678401067144,72,0,0,0,88,False,False,
100,6,1341.1096142225822,880.4119117541493,2.421283750606002,164.81356811523438,11.87743854522705,0,5,0,4,4,-0.11632441491364161,-0.9322332816907629,-0.4042836742121618,0,0,0,0,88,False,False,
100,7,1334.192187615238,878.4719477465785,2.420500309660469,164.69369506835938,12.037259101867676,0,5,0,4,4,-0.09017513295582123,-0.9512034687541988,-0.6716970349150527,0,0,0,0,88,False,False,
101,0,1344.7147614056003,876.8426355493511,2.4152576634344856,165.39976501464844,12.116938591003418,0,5,0,4,4,-0.025468029302865288,-0.9234219572589241,-0.8136108377318897,0,0,0,0,89,False,False,
101,1,1414.7083330410128,876.6652142977595,1.7814317317835435,92.12313842773438,6.846098899841309,0,3,0,2,2,-0.1009427018272883,-0.9270970678252776,-0.5430113751293096,0,0,0,0,89,False,False,
101,2,1504.0459852540182,860.87550647278,0.0,0.0,-0.1402653306722641,0,1,0,0,0,0.18531981358975586,-0.8736779209069417,0.03407164589994638,101,0,0,0,89,False,False,
101,3,1326.7085446418714,872.2609168734181,2.4249018676279657,166.8979949951172,11.616412162780762,0,5,0,4,4,0.20921329606935615,-0.9692879590215722,-0.5463954935364919,0,0,0,0,89,False,False,
101,4,1396.091918749644,877.9904505418137,2.085232747615857,106.64111328125,6.83558988571167,0,3,0,2,2,-0.3077185797977917,-0.9747376447025421,-0.47848180597915513,0,0,0,0,89,False,False,
101,5,1501.4276527322813,861.5523521764429,0.0,7.684458255767822,0.40554583072662354,0,1,0,0,0,0.14834282368123392,-0.8808889064902505,-0.047085678401067144,73,0,0,0,89,False,False,
101,6,1338.683801725789,880.4802140571742,2.426773881966965,167.2403106689453,11.899596214294434,0,5,0,4,4,-0.12849918900563528,-0.938585636749743,-0.4083855059806303,0,0,0,0,89,False,False,
101,7,1331.7675374023072,878.5535351152031,2.426022496553689,167.11962890625,12.060098648071289,0,5,0,4,4,-0.10386124077861798,-0.9575980296906513,-0.6741946099489302,0,0,0,0,89,False,False,
102,0,1342.29491457625,876.9111175115321,2.4208156593720203,167.82052612304688,12.141861915588379,0,5,0,4,4,-0.02796463283007774,-0.9298716378643027,-0.8176542250439456,0,0,0,0,90,False,False,
102,1,1412.9089547425967,876.7736061320123,1.8026400224512928,93.92584228515625,6.8670654296875,0,3,0,2,2,-0.10752161011973081,-0.9318403454944422,-0.5391294568864864,0,0,0,0,90,False,False,
102,2,1504.0459852540182,860.87550647278,0.0,0.0,-0.1416531652212143,0,1,0,0,0,0.18531981358975586,-0.8736779209069417,0.03407164589994638,102,0,0,0,90,False,False,
102,3,1324.2810843975524,872.3782906708234,2.4302962465647777,169.3282012939453,11.634842872619629,0,5,0,4,4,0.2632480739679816,-0.9753328973748525,-0.5481679799732044,0,0,0,0,90,False,False,
102,4,1393.995242024834,878.0909567737989,2.099084274398753,108.74019622802734,6.849907875061035,0,3,0,2,2,-0.38831857626654925,-0.9795301513707868,-0.4770608438664852,0,0,0,0,90,False,False,
102,5,1501.4276527322813,861.5523521764429,0.0,7.684458255767822,0.40557897090911865,0,1,0,0,0,0.14834282368123392,-0.8808889064902505,-0.047085678401067144,74,0,0,0,90,False,False,
102,6,1336.2526607104867,880.5485796360304,2.4321020720063293,169.67242431640625,11.92135238647461,0,5,0,4,4,-0.14350440954150626,-0.9449243071714484,-0.4125014021524026,0,0,0,0,90,False,False,
102,7,1329.3375296502068,878.6352061781889,2.4313798217879543,169.55105590820312,12.082436561584473,0,5,0,4,4,-0.12244675789568696,-0.963980389924501,-0.6767074214197204,0,0,0,0,90,False,False,
103,0,1339.8696759974966,876.9802546143482,2.4262238360999624,170.24679565429688,12.16672420501709,0,5,0,4,4,-0.03094962313178813,-0.9363347755948331,-0.8216537325611404,0,0,0,0,91,False,False,
103,1,1411.0888328393671,876.8818785265574,1.82333942370494,95.74913024902344,6.887894153594971,0,3,0,2,2,-0.11521912358017138,-0.9366286438150895,-0.5353718599647384,0,0,0,0,91,False,False,
103,2,1504.0459852540182,860.87550647278,0.0,0.0,-0.1430409997701645,0,1,0,0,0,0.18531981358975586,-0.8736779209069417,0.03407164589994638,103,0,0,0,91,False,False,
103,3,1321.848407809348,872.4960017068819,2.435522792093726,171.76377868652344,11.650837898254395,0,5,0,4,4,0.351408690962226,-0.9810993911261523,-0.5499477558872392,0,0,0,0,91,False,False,
103,4,1391.8849995914647,878.1907293974147,2.1125997500746396,110.852783203125,6.860848426818848,0,3,0,2,2,-0.5156575768863617,-0.9838252719834214,-0.47578618585159904,0,0,0,0,91,False,False,
103,5,1501.4276527322813,861.5523521764429,0.0,7.684458255767822,0.40561211109161377,0,1,0,0,0,0.14834282368123392,-0.8808889064902505,-0.047085678401067144,75,0,0,0,91,False,False,
103,6,1333.8163585377772,880.6169432243789,2.4372611384423024,172.1096649169922,11.942596435546875,0,5,0,4,4,-0.16242913394732517,-0.9512376426208838,-0.41663982423840973,0,0,0,0,91,False,False,
103,7,1326.9023178327748,878.7169377471396,2.4365829854786583,171.98760986328125,12.10405158996582,0,5,0,4,4,-0.14906963949416271,-0.9703321104248157,-0.6792488476622732,0,0,0,0,91,False,False,
104,0,1337.4392045710233,877.0500457979764,2.4314732497428504,172.67822265625,12.191499710083008,0,5,0,4,4,-0.03460523395061728,-0.9428099629134024,-0.8255941381396545,0,0,0,0,92,False,False,
104,1,1409.2484642618867,876.9899659610475,1.8435399085649578,97.59275817871094,6.908544063568115,0,3,0,2,2,-0.12432444448022327,-0.941458708917051,-0.5317385271916943,0,0,0,0,92,False,False,
104,2,1504.0459852540182,860.87550647278,0.0,0.0,-0.14442883431911469,0,1,0,0,0,0.18531981358975586,-0.8736779209069417,0.03407164589994638,104,0,0,0,92,False,False,
104,3,1319.4106503422172,872.6140646580775,2.4406147440751313,174.20437622070312,11.66242504119873,0,5,0,4,4,0.5106013212465137,-0.9862122988135194,-0.5517567754691193,0,0,0,0,92,False,False,
104,4,1389.7615330952906,878.2897456040378,2.125773781367305,112.97862243652344,9.383356094360352,0,4,1,3,3,-0.08426626755996645,-0.897592958980637,-0.47467298261285285,0,0,0,0,92,False,False,
104,5,1501.4276527322813,861.5523521764429,0.0,7.684458255767822,0.4056452512741089,0,1,0,0,0,0.14834282368123392,-0.8808889064902505,-0.047085678401067144,76,0,0,0,92,False,False,
104,6,1331.3750225955896,880.6852828684391,2.442292261292167,174.55203247070312,11.96317195892334,0,5,0,4,4,-0.18701369208944116,-0.9575080758331455,-0.4208075185784479,0,0,0,0,92,False,False,
104,7,1324.4620686807007,878.798669236171,2.4416174885714215,174.42929077148438,12.124536514282227,0,5,0,4,4,-0.19017250670623678,-0.9766168418536243,-0.681804881445656,0,0,0,0,92,False,False,
105,0,1335.003649223741,877.120500207044,2.4365741674392867,175.1147918701172,12.216163635253906,0,5,0,4,4,-0.0391893705066031,-0.9492965625910366,-0.8294833601528926,0,0,0,0,93,False,False,
105,1,1407.3883187031886,877.0978183679761,1.8632696104494708,99.45598602294922,6.928964138031006,0,3,0,2,2,-0.13524094514186294,-0.9463250069657861,-0.5282374341131302,0,0,0,0,93,False,False,
105,2,1504.0459852540182,860.87550647278,0.0,0.0,-0.14581666886806488,0,1,0,0,0,0.18531981358975586,-0.8736779209069417,0.03407164589994638,105,0,0,0,93,False,False,
105,3,1316.967946088473,872.7324796429373,2.4455727713359297,176.64999389648438,11.665728569030762,0,5,0,4,4,0.809073707554557,-0.9896270413996363,-0.5535804597642006,0,0,0,0,93,False,False,
105,4,1387.6250542583525,878.3881435428079,2.1387435505544827,115.11736297607422,9.40576457977295,0,4,0,3,3,-0.08883322623675112,-0.9032439034558135,-0.4736543996483671,0,0,0,0,93,False,False,
105,5,1501.4276527322813,861.5523521764429,0.0,7.684458255767822,0.405678391456604,0,1,0,0,0,0.14834282368123392,-0.8808889064902505,-0.047085678401067144,77,0,0,0,93,False,False,
105,6,1328.9287869617983,880.7535865808986,2.4471890350288708,176.9991455078125,11.982841491699219,0,5,0,4,4,-0.22011845486433307,-0.9637051242020159,-0.4250124321321075,0,0,0,0,93,False,False,
105,7,1322.0169125132613,878.8803709251979,2.446520764096684,176.87571716308594,12.14306640625,0,5,0,4,4,-0.261088730039579,-0.9827447774902304,-0.6843908163791526,0,0,0,0,93,False,False,
106,0,1332.5631550943972,877.1916330008911,2.4415305588343563,177.55638122558594,12.240678787231445,0,5,0,4,4,-0.04511907025844266,-0.9557932128062055,-0.8333067910600249,0,0,0,0,94,False,False,
106,1,1405.508866108993,877.2053861536305,1.8825283217893944,101.33845520019531,6.949092864990234,0,3,0,2,2,-0.14853314167248755,-0.9512214719519088,-0.5248685521428604,0,0,0,0,94,False,False,
106,2,1504.0459852540182,860.87550647278,0.0,0.0,-0.14720450341701508,0,1,0,0,0,0.18531981358975586,-0.8736779209069417,0.03407164589994638,106,0,0,0,94,False,False,
106,3,1314.5204447704966,872.8512660762769,2.450382198401041,179.1003875732422,11.663726806640625,0,5,0,4,4,1.0,-0.9895004486136929,-0.5511357691736408,0,0,0,1,94,False,False,
106,4,1385.4759251593441,878.4859564752255,2.15135381886683,117.26863861083984,9.428081512451172,0,4,0,3,3,-0.09404435641092858,-0.9089218258179702,-0.4690820964376696,0,0,0,0,94,False,False,
106,5,1501.4276527322813,861.5523521764429,0.0,7.684458255767822,0.4057115316390991,0,1,0,0,0,0.14834282368123392,-0.8808889064902505,-0.047085678401067144,78,0,0,0,94,False,False,
106,6,1326.477789951166,880.8218357858998,2.45194704268096,179.45114135742188,12.001225471496582,0,5,0,4,4,-0.266777877998129,-0.9697756856877616,-0.42924587469897313,0,0,0,0,94,False,False,
106,7,1319.5669742125149,878.9620356116752,2.4512990022602703,179.3270263671875,12.157583236694336,0,5,0,4,4,-0.40581640459784013,-0.9884421518788401,-0.687012655561734,0,0,0,0,94,False,False,
107,0,1330.1178635354886,877.2634628868285,2.44634632474285,180.00262451171875,12.264986991882324,0,5,0,4,4,-0.053089703166625035,-0.9622972017051088,-0.8370790241087885,0,0,0,0,95,False,False,
107,1,1403.6105584745712,877.312630423115,1.9013345860845492,103.23979949951172,6.968841552734375,0,3,0,2,2,-0.16502833605484032,-0.9561396349904009,-0.521630680661091,0,0,0,0,95,False,False,
107,2,1504.0459852540182,860.87550647278,0.0,0.0,-0.14859233796596527,0,1,0,0,0,0.18531981358975586,-0.8736779209069417,0.03407164589994638,107,0,0,0,95,False,False,
107,3,1312.0683083937276,872.9704781978085,2.455032451963402,181.55531311035156,14.187053680419922,0,6,1,5,5,0.08922167510016582,-0.9142959436826366,-0.5447383237723977,0,0,0,0,95,False,False,
107,4,1383.3144883726482,878.5831693631809,2.1636218080956313,119.43231964111328,9.450274467468262,0,4,0,3,3,-0.10001353523462057,-0.9146250649409482,-0.46462350907319816,0,0,0,0,95,False,False,
107,5,1501.4276527322813,861.5523521764429,0.0,7.684458255767822,0.40574467182159424,0,1,0,0,0,0.14834282368123392,-0.8808889064902505,-0.047085678401067144,79,0,0,0,95,False,False,
107,6,1324.022170872966,880.8899999518969,2.456564961637639,181.90765380859375,12.017682075500488,0,5,0,4,4,-0.33643253394449807,-0.9756137465390123,-0.4335012714563621,0,0,0,0,95,False,False,
107,7,1317.1123917348186,879.0436424023005,2.4559386816631625,181.78297424316406,14.68278694152832,0,6,1,5,5,-0.021916537214574167,-0.9023667926234488,-0.6896643673082437,0,0,0,0,95,False,False,
108,0,1327.667900709879,877.3359935482872,2.451036218361814,182.45376586914062,12.288995742797852,0,5,0,4,4,-0.06437734292080677,-0.9688059789556207,-0.8407927698218611,0,0,0,0,96,False,False,
108,1,1401.6938807824802,877.4194737367684,1.919653320011714,105.1595230102539,6.988091468811035,0,3,0,2,2,-0.18595362729622342,-0.9610668260454447,-0.5185249917014303,0,0,0,0,96,False,False,
108,2,1504.0459852540182,860.87550647278,0.0,0.0,-0.14998017251491547,0,1,0,0,0,0.18531981358975586,-0.8736779209069417,0.03407164589994638,108,0,0,0,96,False,False,
108,3,1309.611834216027,873.0895903304679,2.4593603001301583,184.01473999023438,14.210147857666016,0,6,0,5,5,0.09667105456304942,-0.9207847068749999,-0.5382970557486648,0,0,0,0,96,False,False,
108,4,1381.141065905579,878.679752725224,2.175567412466205,121.60780334472656,9.472317695617676,0,4,0,3,3,-0.10690159974272623,-0.9203502714426274,-0.46028961465021434,0,0,0,0,96,False,False,
108,5,1501.4276527322813,861.5523521764429,0.0,7.684458255767822,0.40577781200408936,0,1,0,0,0,0.14834282368123392,-0.8808889064902505,-0.047085678401067144,80,0,0,0,96,False,False,
108,6,1321.562059851083,880.9580503731552,2.4610520311084585,184.36880493164062,12.031050682067871,0,5,0,4,4,-0.4477487729839469,-0.9809916318385906,-0.4378078946583053,0,0,0,0,96,False,False,
108,7,1314.6533330914258,879.1251037686241,2.460407560923354,184.24342346191406,14.707958221435547,0,6,0,5,5,-0.023413899456065538,-0.9089238679823638,-0.6973671151153116,0,0,0,0,96,False,False,
109,0,1325.21340389214,877.4092413120246,2.4555895143902204,184.90933227539062,12.312538146972656,0,5,0,4,4,-0.08161586619765886,-0.9753116391526524,-0.8444474135962531,0,0,0,0,97,False,False,
109,1,1399.7592561449255,877.5258724532272,1.9375482381344018,107.09701538085938,7.006673336029053,0,3,0,2,2,-0.2132626995085439,-0.965983355388932,-0.5155735252129585,0,0,0,0,97,False,False,
109,2,1504.0459852540182,860.87550647278,0.0,0.0,-0.15136800706386566,0,1,0,0,0,0.18531981358975586,-0.8736779209069417,0.03407164589994638,109,0,0,0,97,False,False,
109,3,1307.1510591851545,873.208405415675,2.4636417712482563,186.47842407226562,14.233040809631348,0,6,0,5,5,0.10551221485839556,-0.9272719242952148,-0.5317900966704755,0,0,0,0,97,False,False,
109,4,1378.9559653387669,878.7756770872822,2.1872050590464456,123.79508972167969,9.494178771972656,0,4,0,3,3,-0.11493045617998834,-0.9260951186860864,-0.4560654340074757,0,0,0,0,97,False,False,
109,5,1501.4276527322813,861.5523521764429,0.0,7.684458255767822,0.4058109521865845,0,1,0,0,0,0.14834282368123392,-0.8808889064902505,-0.047085678401067144,81,0,0,0,97,False,False,
109,6,1319.097585099846,881.0259567427026,2.465410122983691,186.83421325683594,12.039200782775879,0,5,0,4,4,-0.6354528920693705,-0.98537488301189,-0.44215167990149884,0,0,0,0,97,False,False,
109,7,1312.1899118759545,879.2063764552312,2.464761516744036,186.70814514160156,14.733099937438965,0,6,0,5,5,-0.025141121533588124,-0.9154916978921381,-0.7084007824382026,0,0,0,0,97,False,False,
110,0,1322.7544946716341,877.48321201481,2.4600215892465993,187.3693084716797,12.335271835327148,0,5,0,4,4,-0.11116816880388317,-0.9817981281724617,-0.8480295485109284,0,0,0,0,98,False,False,
110,1,1397.8071116587018,877.6317900540946,1.9550157629203608,109.05203247070312,7.024332523345947,0,3,0,2,2,-0.25017612345164936,-0.9708579942450263,-0.5127683056498995,0,0,0,0,98,False,False,
110,2,1504.0459852540182,860.87550647278,0.0,0.0,-0.15275584161281586,0,1,0,0,0,0.18531981358975586,-0.8736779209069417,0.03407164589994638,110,0,0,0,98,False,False,
110,3,1304.686154489865,873.3266903432575,2.4677411697650116,188.94610595703125,14.25564956665039,0,6,0,5,5,0.11615338232887022,-0.9337529479668687,-0.5251653053353371,0,0,0,0,98,False,False,
110,4,1376.7594730969,878.8709326693743,2.1985567526224523,125.99356079101562,9.515813827514648,0,4,0,3,3,-0.12439715460564381,-0.9318549325257726,-0.4519656604443688,0,0,0,0,98,False,False,
110,5,1501.4276527322813,861.5523521764429,0.0,7.684458255767822,0.4058440923690796,0,1,0,0,0,0.14834282368123392,-0.8808889064902505,-0.047085678401067144,82,0,0,0,98,False,False,
110,6,1316.6288700597959,881.0936900759033,2.469644053987561,189.30377197265625,14.563545227050781,0,6,1,5,5,-0.05431358196092585,-0.9034946117685194,-0.44653199828986,0,0,0,0,98,False,False,
110,7,1309.7222848582717,879.2873641495852,2.468955670933527,189.1771240234375,14.758194923400879,0,6,0,5,5,-0.02714632346290576,-0.9220701257832957,-0.719501169918231,0,0,0,0,98,False,False,
111,0,1320.2912987425284,877.557916184419,2.464328488274224,189.8336944580078,12.356290817260742,0,5,0,4,4,-0.17317875929472848,-0.9882140241219615,-0.8515452634234153,0,0,0,0,99,False,False,
111,1,1395.8378870115223,877.7371712908762,1.9720423210785545,111.02409362792969,7.040663719177246,0,3,0,2,2,-0.3022881414108522,-0.9756343478203093,-0.5101092186675109,0,0,0,0,99,False,False,
111,2,1504.0459852540182,860.87550647278,0.0,0.0,-0.15414367616176605,0,1,0,0,0,0.18531981358975586,-0.8736779209069417,0.03407164589994638,111,0,0,0,99,False,False,
111,3,1302.217210966064,873.4443286937571,2.471744506462521,191.41790771484375,14.277914047241211,0,6,0,5,5,0.1291298157788993,-0.9402226010348952,-0.5184456364502681,0,0,0,0,99,False,False,
111,4,1374.551875890421,878.9655127188431,2.209622323342012,128.20323181152344,9.537175178527832,0,4,0,3,3,-0.13571146415773555,-0.9376253911242775,-0.4479760008681053,0,0,0,0,99,False,False,
111,5,1501.4276527322813,861.5523521764429,0.0,7.684458255767822,0.4058772325515747,0,1,0,0,0,0.14834282368123392,-0.8808889064902505,-0.047085678401067144,83,0,0,0,99,False,False,
111,6,1314.1559975940186,881.161286443058,2.473796172050525,191.77760314941406,14.587789535522461,0,6,0,5,5,-0.0582240567504818,-0.9100657813968533,-0.45802478833930615,0,0,0,0,99,False,False,
111,7,1307.2505420342452,879.3680463982919,2.4730592822216875,191.65023803710938,14.78323745727539,0,6,0,5,5,-0.029531339907240786,-0.9286586133795384,-0.7306662479362203,0,0,0,0,99,False,False,
112,0,1317.8239237960886,877.6333450667963,2.468527626463838,192.30213928222656,12.371743202209473,0,5,0,4,4,-0.3734062655767932,-0.9942735592547274,-0.8550024910002112,0,0,0,0,100,False,False,
112,1,1393.8519983571982,877.8419662925904,1.9886517391833507,113.0126953125,7.054989814758301,0,3,0,2,2,-0.37986611431158884,-0.9802038191251564,-0.5076117008060046,0,0,0,0,100,False,False,
112,2,1504.0459852540182,860.87550647278,0.0,0.0,-0.15553151071071625,0,1,0,0,0,0.18531981358975586,-0.8736779209069417,0.03407164589994638,112,0,0,0,100,False,False,
112,3,1299.744299469833,873.5613097191938,2.4756768425023794,193.89356994628906,14.299736976623535,0,6,0,5,5,0.14525267304360784,-0.9466719116197154,-0.5116008458309278,0,0,0,0,100,False,False,
112,4,1372.333496803633,879.0593513136789,2.2203629105575247,130.42359924316406,9.558191299438477,0,4,0,3,3,-0.1494212581269393,-0.943399242190674,-0.44411760905601216,0,0,0,0,100,False,False,
112,5,1501.4276527322813,861.5523521764429,0.0,7.684458255767822,0.4059103727340698,0,1,0,0,0,0.14834282368123392,-0.8808889064902505,-0.047085678401067144,84,0,0,0,100,False,False,
112,6,1311.6790932926792,881.228745136712,2.4778227526081613,194.2554473876953,14.611922264099121,0,6,0,5,5,-0.06276403487444591,-0.9166436417122581,-0.4708187072114828,0,0,0,0,100,False,False,
112,7,1304.7747860364088,879.4484237470983,2.4770604108546572,194.12725830078125,14.80821418762207,0,6,0,5,5,-0.032419968402853605,-0.9352562085994247,-0.7419053355886691,0,0,0,0,100,False,False,
113,0,1315.3524691374082,877.7094701103993,2.47262677170996,194.77487182617188,14.897499084472656,0,6,1,5,5,0.0039594288090304035,-0.9069965283889142,-0.8607959817656726,0,0,0,0,101,False,False,
113,1,1391.8498556701188,877.9461256267748,2.004850245360853,115.0176010131836,7.066123008728027,0,3,0,2,2,-0.5021310639038764,-0.9843384739596367,-0.5052676335886765,0,0,0,0,101,False,False,
113,2,1504.0459852540182,860.87550647278,0.0,0.0,-0.15691934525966644,0,1,0,0,0,0.18531981358975586,-0.8736779209069417,0.03407164589994638,113,0,0,0,101,False,False,
113,3,1297.2675133203018,873.6776474836897,2.479516909794849,196.37310791015625,14.321001052856445,0,6,0,5,5,0.1657911483546305,-0.9530882819757386,-0.5046610919031002,0,0,0,0,101,False,False,
113,4,1370.1045906245747,879.1524323656877,2.2308489050778806,132.6544189453125,9.578778266906738,0,4,0,3,3,-0.16636765551347835,-0.9491670002419311,-0.4403840245301489,0,0,0,0,101,False,False,
113,5,1501.4276527322813,861.5523521764429,0.0,7.684458255767822,0.40594351291656494,0,1,0,0,0,0.14834282368123392,-0.8808889064902505,-0.047085678401067144,85,0,0,0,101,False,False,
113,6,1309.198279849843,881.296042191323,2.481726058959003,196.73719787597656,14.635917663574219,0,6,0,5,5,-0.06809025666949411,-0.9232268188110944,-0.48367197100491766,0,0,0,0,101,False,False,
113,7,1302.295167758971,879.5284212218633,2.480908381575657,196.60816955566406,14.833099365234375,0,6,0,5,5,-0.035963879038211466,-0.9418624764200924,-0.7532257795252704,0,0,0,0,101,False,False,
114,0,1312.8770078199698,877.7858934860432,2.4766407221232827,197.2515106201172,14.923233985900879,0,6,0,5,5,0.004213855688453489,-0.9136007753131277,-0.8725116297178783,0,0,0,0,102,False,False,
114,1,1389.831860400738,878.0496004350348,2.02064641716165,117.03820037841797,9.588354110717773,0,4,1,3,3,-0.0831567092942502,-0.8974585888521034,-0.5030851354922307,0,0,0,0,102,False,False,
114,2,1504.0459852540182,860.87550647278,0.0,0.0,-0.15830717980861664,0,1,0,0,0,0.18531981358975586,-0.8736779209069417,0.03407164589994638,114,0,0,0,102,False,False,
114,3,1294.7869356748183,873.7933872687021,2.483276294153853,198.8562774658203,14.341520309448242,0,6,0,5,5,0.19279839838638205,-0.9594502900190411,-0.49761088095420225,0,0,0,0,102,False,False,
114,4,1367.865421139107,879.2447491242149,2.2410717008954637,134.8954620361328,9.5988130569458,0,4,0,3,3,-0.1877931283530011,-0.9549146549241228,-0.4367674146756674,0,0,0,0,102,False,False,
114,5,1501.4276527322813,861.5523521764429,0.0,7.684458255767822,0.40597665309906006,0,1,0,0,0,0.14834282368123392,-0.8808889064902505,-0.047085678401067144,86,0,0,0,102,False,False,
114,6,1306.7137107350004,881.3630796957667,2.4854733379038687,199.22259521484375,14.659743309020996,0,6,0,5,5,-0.07440765925329439,-0.929813218545709,-0.4965764040705356,0,0,0,0,102,False,False,
114,7,1299.811788130289,879.607997183939,2.484654244335309,199.09283447265625,14.857876777648926,0,6,0,5,5,-0.04042787793566731,-0.948476439325176,-0.7646254786613844,0,0,0,0,102,False,False,
115,0,1310.3976059721608,877.8624359763783,2.480583051571683,199.7320556640625,14.948994636535645,0,6,0,5,5,0.004563994830291702,-0.9202154214805167,-0.8842345885870455,0,0,0,0,103,False,False,
115,1,1387.7982878597552,878.1524865410124,2.0361735756664254,119.07437133789062,9.610505104064941,0,4,0,3,3,-0.08733280843164772,-0.9028400625347401,-0.501056088039963,0,0,0,0,103,False,False,
115,2,1504.0459852540182,860.87550647278,0.0,0.0,-0.15969501435756683,0,1,0,0,0,0.18531981358975586,-0.8736779209069417,0.03407164589994638,115,0,0,0,103,False,False,
115,3,1292.302667963957,873.908557579821,2.4869359179102184,201.34332275390625,14.361019134521484,0,6,0,5,5,0.22977953467132547,-0.9657227696260333,-0.4904574167029997,0,0,0,0,103,False,False,
115,4,1365.6162464852362,879.336300790915,2.2510371679051615,137.14659118652344,9.618117332458496,0,4,0,3,3,-0.21563491735059998,-0.9606207327098932,-0.4332829301709237,0,0,0,0,103,False,False,
115,5,1501.4276527322813,861.5523521764429,0.0,7.684458255767822,0.4060097932815552,0,1,0,0,0,0.14834282368123392,-0.8808889064902505,-0.047085678401067144,87,0,0,0,103,False,False,
115,6,1304.2254835860929,881.4298033310541,2.4891216097382465,201.71177673339844,14.683372497558594,0,6,0,5,5,-0.08203932061855741,-0.9364011678507669,-0.5095538462541177,0,0,0,0,103,False,False,
115,7,1297.3247765650694,879.6870753704746,2.4882684511767637,201.58102416992188,14.882500648498535,0,6,0,5,5,-0.04621854221570124,-0.9550963941450127,-0.7761137949727877,0,0,0,0,103,False,False,
116,0,1307.9143612883793,877.9389987762652,2.4844246862917196,202.2165069580078,14.974759101867676,0,6,0,5,5,0.0050039436172154535,-0.9268404544247466,-0.8959950668247826,0,0,0,0,104,False,False,
116,1,1385.749551137715,878.2547965922292,2.051289716938167,121.1257553100586,9.632586479187012,0,4,0,3,3,-0.09208371858267633,-0.9082564766212022,-0.49587661424760643,0,0,0,0,104,False,False,
116,2,1504.0459852540182,860.87550647278,0.0,0.0,-0.16108284890651703,0,1,0,0,0,0.18531981358975586,-0.8736779209069417,0.03407164589994638,116,0,0,0,104,False,False,
116,3,1289.814818559463,874.0231592025528,2.490487540899129,203.83375549316406,14.379037857055664,0,6,0,5,5,0.28308842682510005,-0.9718372891300551,-0.4832100182459905,0,0,0,0,104,False,False,
116,4,1363.3573364318574,879.4270645135241,2.2607327755835365,139.40731811523438,9.636427879333496,0,4,0,3,3,-0.2530515188372773,-0.966248548174323,-0.42992971343035025,0,0,0,0,104,False,False,
116,5,1501.4276527322813,861.5523521764429,0.0,7.684458255767822,0.4060429334640503,0,1,0,0,0,0.14834282368123392,-0.8808889064902505,-0.047085678401067144,88,0,0,0,104,False,False,
116,6,1301.7336888672444,881.4961933577513,2.4926789918732175,204.20448303222656,14.706748008728027,0,6,0,5,5,-0.09145648376035322,-0.9429870239763525,-0.5225979800086513,0,0,0,0,104,False,False,
116,7,1294.834238390919,879.7655943369152,2.491775596837009,204.07286071777344,14.906919479370117,0,6,0,5,5,-0.0540323888776508,-0.9617209130193709,-0.7877053502934028,0,0,0,0,104,False,False,
117,0,1305.4273761278807,878.0155219885096,2.488162171272606,204.70462036132812,15.000520706176758,0,6,0,5,5,0.0055477249260093234,-0.9334751953058419,-0.907791020518821,0,0,0,0,105,False,False,
117,1,1383.686046212964,878.3565038896464,2.0660099101454668,123.19173431396484,9.65456771850586,0,4,0,3,3,-0.09750323303328515,-0.9137051259329463,-0.49055438104447746,0,0,0,0,105,False,False,
117,2,1504.0459852540182,860.87550647278,0.0,0.0,-0.16247068345546722,0,1,0,0,0,0.18531981358975586,-0.8736779209069417,0.03407164589994638,117,0,0,0,105,False,False,
117,3,1287.323471624874,874.1372141508806,2.493956310708695,206.32769775390625,14.394773483276367,0,6,0,5,5,0.3650508223892697,-0.9776561463780054,-0.47586576979224593,0,0,0,0,105,False,False,
117,4,1361.0889317922438,879.5170371560059,2.270188248893916,141.6774139404297,9.653332710266113,0,4,0,3,3,-0.305497747584276,-0.9717343064011374,-0.4266939287401279,0,0,0,0,105,False,False,
117,5,1501.4276527322813,861.5523521764429,0.0,7.684458255767822,0.4060760736465454,0,1,0,0,0,0.14834282368123392,-0.8808889064902505,-0.047085678401067144,89,0,0,0,105,False,False,
117,6,1299.2384214983329,881.5622398451736,2.4961412982551927,206.70059204101562,14.729802131652832,0,6,0,5,5,-0.10336028812700483,-0.9495659434934528,-0.535715122881149,0,0,0,0,105,False,False,
117,7,1292.3402591375525,879.8435316290391,2.495196733271007,206.56809997558594,14.931036949157715,0,6,0,5,5,-0.06516480706011912,-0.9683460854808892,-0.7993844936866266,0,0,0,0,105,False,False,
118,0,1302.936738154983,878.0919916028622,2.4918116128549865,207.19639587402344,15.026273727416992,0,6,0,5,5,0.0062101794542627434,-0.9401196428594829,-0.9196245007279757,0,0,0,0,106,False,False,
118,1,1381.6081376680581,878.4575845398938,2.080365645468839,125.2720718383789,9.676424980163574,0,4,0,3,3,-0.1037339249601132,-0.9191839039778118,-0.48536381581211696,0,0,0,0,106,False,False,
118,2,1504.0459852540182,860.87550647278,0.0,0.0,-0.16385851800441742,0,1,0,0,0,0.18531981358975586,-0.8736779209069417,0.03407164589994638,118,0,0,0,106,False,False,
118,3,1284.8287173762776,874.2507426428584,2.497336076578474,208.8250274658203,14.406731605529785,0,6,0,5,5,0.5005192951093881,-0.9828639966236136,-0.4684348480238313,0,0,0,0,106,False,False,
118,4,1358.8112809477534,879.6062080819919,2.2793957145367356,143.9568634033203,9.668152809143066,0,4,0,3,3,-0.3828163239614431,-0.9769565597950004,-0.42358981202067403,0,0,0,0,106,False,False,
118,5,1501.4276527322813,861.5523521764429,0.0,7.684458255767822,0.4061092138290405,0,1,0,0,0,0.14834282368123392,-0.8808889064902505,-0.047085678401067144,90,0,0,0,106,False,False,
118,6,1296.7397821264121,881.6279247298643,2.4995025935151323,209.2001190185547,14.752431869506836,0,6,0,5,5,-0.11886478919967279,-0.9561306693711092,-0.5489052748716108,0,0,0,0,106,False,False,
118,7,1289.8429407384176,879.9208562207045,2.4985152149093985,209.0666046142578,14.954687118530273,0,6,0,5,5,-0.08224875301896696,-0.9749648939121851,-0.8111741798594772,0,0,0,0,106,False,False,
119,0,1300.4425368264272,878.1684153622415,2.495371887789033,209.69183349609375,15.052016258239746,0,6,0,5,5,0.007031428548126605,-0.9467737697933517,-0.9314944854961127,0,0,0,0,107,False,False,
119,1,1379.5161720020074,878.5580291712972,2.094375675926627,127.36652374267578,9.698127746582031,0,4,0,3,3,-0.11096365221010526,-0.9246902794019017,-0.4802829643600016,0,0,0,0,107,False,False,
119,2,1504.0459852540182,860.87550647278,0.0,0.0,-0.16524635255336761,0,1,0,0,0,0.18531981358975586,-0.8736779209069417,0.03407164589994638,119,0,0,0,107,False,False,
119,3,1282.3306231927615,874.3638016686831,2.500651293770646,211.3257598876953,14.412225723266602,0,6,0,5,5,0.7318039187260316,-0.986708053463262,-0.46092268431600636,0,0,0,0,107,False,False,
119,4,1356.5246203827598,879.6945712379664,2.2883672316371784,146.2451934814453,9.67971134185791,0,4,0,3,3,-0.5029764498630975,-0.9816626628045939,-0.42061050258745003,0,0,0,0,107,False,False,
119,5,1501.4276527322813,861.5523521764429,0.0,7.684458255767822,0.40614235401153564,0,1,0,0,0,0.14834282368123392,-0.8808889064902505,-0.047085678401067144,91,0,0,0,107,False,False,
119,6,1294.2378791367607,881.6932065974576,2.5027545408734286,211.7028045654297,14.774482727050781,0,6,0,5,5,-0.1398473017947645,-0.9626682373626351,-0.5621767545600398,0,0,0,0,107,False,False,
119,7,1287.3423619384923,879.9975683533984,2.5017552010415,211.56826782226562,14.977522850036621,0,6,0,5,5,-0.11168779486418871,-0.9815606874455295,-0.8230587721684439,0,0,0,0,107,False,False,
120,0,1297.9448804057183,878.2447775105899,2.49882347788088,212.190673828125,15.077739715576172,0,6,0,5,5,0.008086707096407825,-0.9534368925733028,-0.9433936603329971,0,0,0,0,108,False,False,
120,1,1377.4104996363508,878.6578232517669,2.108035808516172,129.47447204589844,9.719644546508789,0,4,0,3,3,-0.11943155006545238,-0.9302201585256474,-0.4753341810852528,0,0,0,0,108,False,False,
120,2,1504.0459852540182,860.87550647278,0.0,0.0,-0.1666341871023178,0,1,0,0,0,0.18531981358975586,-0.8736779209069417,0.03407164589994638,120,0,0,0,108,False,False,
120,3,1279.8292561736835,874.4764691286347,2.5039031372365446,213.8296356201172,14.410222053527832,0,6,0,5,5,1.0,-0.9878052741102268,-0.45653453331279703,0,0,0,1,108,False,False,
120,4,1354.229189133333,879.7821110339651,2.2970998752185023,148.54226684570312,12.202868461608887,0,5,1,4,4,-0.07878888304119426,-0.8976803226092434,-0.4177624609183964,0,0,0,0,108,False,False,
120,5,1501.4276527322813,861.5523521764429,0.0,7.684458255767822,0.40617549419403076,0,1,0,0,0,0.14834282368123392,-0.8808889064902505,-0.047085678401067144,92,0,0,0,108,False,False,
120,6,1291.7328480851556,881.7579763880715,2.505868251780544,214.20877075195312,14.79570198059082,0,6,0,5,5,-0.16973434875603996,-0.9691562137567471,-0.5755285328437549,0,0,0,0,108,False,False,
120,7,1284.838609074446,880.0736706026744,2.504909171320505,214.07321166992188,14.998631477355957,0,6,0,5,5,-0.1737844030535901,-0.9880813375857088,-0.8350455457977564,0,0,0,0,108,False,False,
121,0,1295.4438504787247,878.3210899422037,2.502193893953275,214.69281005859375,15.103434562683105,0,6,0,5,5,0.009482779341762655,-0.9601086382042617,-0.9553303688315442,0,0,0,0,109,False,False,
121,1,1375.2914542162223,878.756961521133,2.1213632147796635,131.59580993652344,9.74092960357666,0,4,0,3,3,-0.12946859116607862,-0.9357698365580739,-0.47050940468353775,0,0,0,0,109,False,False,
121,2,1504.0459852540182,860.87550647278,0.0,0.0,-0.168022021651268,0,1,0,0,0,0.18531981358975586,-0.8736779209069417,0.03407164589994638,121,0,0,0,109,False,False,
121,3,1277.3246858530051,874.5888292241823,2.5070894045275636,216.336669921875,16.934267044067383,0,7,1,6,6,0.06893342851800525,-0.9141295320661628,-0.4657196177729692,0,0,0,0,109,False,False,
121,4,1351.9249707344059,879.8691881430632,2.305863147041366,150.84823608398438,12.225889205932617,0,5,0,4,4,-0.08357755628954035,-0.9037798124251906,-0.41499520380978383,0,0,0,0,109,False,False,
121,5,1501.4276527322813,861.5523521764429,0.0,7.684458255767822,0.4062086343765259,0,1,0,0,0,0.14834282368123392,-0.8808889064902505,-0.047085678401067144,93,0,0,0,109,False,False,
121,6,1289.2247649016185,881.8221814353087,2.5089048494577577,216.7176513671875,14.815654754638672,0,6,0,5,5,-0.21545933655687197,-0.9755471206818215,-0.5889678992000784,0,0,0,0,109,False,False,
121,7,1282.3317706880475,880.1491592507232,2.5079747270466077,216.5811767578125,15.014094352722168,0,6,0,5,5,-0.37585441609299436,-0.994233561916876,-0.8471282546658658,0,0,0,0,109,False,False,
122,0,1292.9395363940525,878.3973640947613,2.5054753602930186,217.1982421875,15.1290864944458,0,6,0,5,5,0.01143467271190938,-0.9667888927302032,-0.9673025492131195,0,0,0,0,110,False,False,
122,1,1373.1594139870697,878.8553757142288,2.134310402009871,133.73016357421875,9.761924743652344,0,4,0,3,3,-0.1415081896644943,-0.9413336764502805,-0.46581703949341624,0,0,0,0,110,False,False,
122,2,1504.0459852540182,860.87550647278,0.0,0.0,-0.1694098562002182,0,1,0,0,0,0.18531981358975586,-0.8736779209069417,0.03407164589994638,122,0,0,0,110,False,False,
122,3,1274.81698217149,874.7011371774545,2.510217287537445,218.8468780517578,16.958145141601562,0,7,0,6,6,0.07479986824312511,-0.9207808418418202,-0.47488280521498927,0,0,0,0,110,False,False,
122,4,1349.6122523978277,879.9559373405386,2.3143447296389876,153.16249084472656,12.248808860778809,0,5,0,4,4,-0.08909462143437723,-0.9098946593109352,-0.4158709130187549,0,0,0,0,110,False,False,
122,5,1501.4276527322813,861.5523521764429,0.0,7.684458255767822,0.406241774559021,0,1,0,0,0,0.14834282368123392,-0.8808889064902505,-0.047085678401067144,94,0,0,0,110,False,False,
122,6,1286.7137227943128,881.8857695360422,2.5118471114334584,219.2294464111328,14.833446502685547,0,6,0,5,5,-0.2929040857755189,-0.9817302900142775,-0.602517808336029,0,0,0,0,110,False,False,
122,7,1279.8219330442155,880.2240265478208,2.5109540239859323,219.09217834472656,17.53917694091797,0,7,1,6,6,-0.032411549165457625,-0.9084545740845335,-0.8544215625369119,0,0,0,0,110,False,False,
123,0,1290.4320314837648,878.4736000153,2.508663546731134,219.70697021484375,15.15466594696045,0,6,0,5,5,0.014362091107206097,-0.9734774713506215,-0.9793049559126694,0,0,0,0,111,False,False,
123,1,1371.014683193997,878.953045514809,2.1469535543882388,135.87716674804688,9.782561302185059,0,4,0,3,3,-0.1562090260674495,-0.9469039800881046,-0.4612413631128206,0,0,0,0,111,False,False,
123,2,1504.0459852540182,860.87550647278,0.0,0.0,-0.1707976907491684,0,1,0,0,0,0.18531981358975586,-0.8736779209069417,0.03407164589994638,123,0,0,0,111,False,False,
123,3,1272.3062516194454,874.8135653256257,2.513246504716877,221.36013793945312,16.981853485107422,0,7,0,6,6,0.0816965915381903,-0.9274323964385403,-0.4840676609856769,0,0,0,0,111,False,False,
123,4,1347.2912799274902,880.0424086407475,2.322582720555772,155.4851531982422,12.271581649780273,0,5,0,4,4,-0.09547213765796667,-0.9160236362073941,-0.4172626028773939,0,0,0,0,111,False,False,
123,5,1501.4276527322813,861.5523521764429,0.0,7.684458255767822,0.4062749147415161,0,1,0,0,0,0.14834282368123392,-0.8808889064902505,-0.047085678401067144,95,0,0,0,111,False,False,
123,6,1284.1998070327238,881.9486986853044,2.5147032696111786,221.74415588378906,14.847005844116211,0,6,0,5,5,-0.44430998582671527,-0.9873837109004084,-0.6161709421880988,0,0,0,0,111,False,False,
123,7,1277.309247758455,880.2989218257213,2.513801234769407,221.60598754882812,17.564149856567383,0,7,0,6,6,-0.03495661060774687,-0.91514870369135,-0.8497374301682366,0,0,0,0,111,False,False,
124,0,1287.9214432952137,878.5497607297904,2.5117431212056274,222.21875,15.180115699768066,0,6,0,5,5,0.019270053711239004,-0.9801732460691732,-0.9913428327086108,0,0,0,0,112,False,False,
124,1,1368.8575750013122,879.0499591050859,2.159284140387207,138.0364532470703,9.802741050720215,0,4,0,3,3,-0.17451244838192806,-0.9524699499638555,-0.456811990830009,0,0,0,0,112,False,False,
124,2,1504.0459852540182,860.87550647278,0.0,0.0,-0.1721855252981186,0,1,0,0,0,0.18531981358975586,-0.8736779209069417,0.03407164589994638,124,0,0,0,112,False,False,
124,3,1269.792593156395,874.9262333802303,2.516182219036109,223.87632751464844,17.005338668823242,0,7,0,6,6,0.08995960046505679,-0.9340815260779629,-0.4932674387452357,0,0,0,0,112,False,False,
124,4,1344.962367462248,880.128480403945,2.330502439213558,157.8155975341797,12.294164657592773,0,5,0,4,4,-0.10286129167994128,-0.9221631742383859,-0.41874199515338373,0,0,0,0,112,False,False,
124,5,1501.4276527322813,861.5523521764429,0.0,7.684458255767822,0.40630805492401123,0,1,0,0,0,0.14834282368123392,-0.8808889064902505,-0.047085678401067144,96,0,0,0,112,False,False,
124,6,1281.6830957773245,882.0109417548463,2.5174808326499254,224.2616424560547,17.371339797973633,0,7,1,6,6,-0.05984910667795273,-0.9032796703547734,-0.6299189535900991,0,0,0,0,112,False,False,
124,7,1274.7936634674986,880.3740154968207,2.5167048663572786,224.1226043701172,17.58907699584961,0,7,0,6,6,-0.037987253242537614,-0.9218487007997022,-0.8450462084255381,0,0,0,0,112,False,False,
125,0,1285.407953713299,878.6256474558634,2.514634898665773,224.7333221435547,15.205286026000977,0,6,0,5,5,0.02924613686839766,-0.9868740979933491,-0.9965671495162846,0,0,0,0,113,False,False,
125,1,1366.6883960264831,879.1461103857195,2.171308935552055,140.20777893066406,9.822324752807617,0,4,0,3,3,-0.19785152954257482,-0.9580157567748643,-0.45250736866105623,0,0,0,0,113,False,False,
125,2,1504.0459852540182,860.87550647278,0.0,0.0,-0.1735733598470688,0,1,0,0,0,0.18531981358975586,-0.8736779209069417,0.03407164589994638,125,0,0,0,113,False,False,
125,3,1267.2761059495592,875.0392357235195,2.5190231026645185,226.3953399658203,17.028549194335938,0,7,0,6,6,0.10006152290067469,-0.9407245007124059,-0.502511124885841,0,0,0,0,113,False,False,
125,4,1342.625702477766,880.2141074038718,2.3382333572209713,160.15383911132812,12.316540718078613,0,5,0,4,4,-0.1115533048709267,-0.9283105834578573,-0.420309718742807,0,0,0,0,113,False,False,
125,5,1501.4276527322813,861.5523521764429,0.0,7.684458255767822,0.40634119510650635,0,1,0,0,0,0.14834282368123392,-0.8808889064902505,-0.047085678401067144,97,0,0,0,113,False,False,
125,6,1279.1637619216895,882.0732428685811,2.5201040662879555,226.78170776367188,17.3955020904541,0,7,0,6,6,-0.06430827816697299,-0.909967936895999,-0.6338473243844851,0,0,0,0,113,False,False,
125,7,1272.2753014385116,880.4494674744337,2.5194920738056585,226.6421661376953,17.613922119140625,0,7,0,6,6,-0.041633256563261514,-0.9285544067907427,-0.8403181676758162,0,0,0,0,113,False,False,
126,0,1282.8916171011817,878.7011795972506,2.5174699700026837,227.2508087158203,15.229612350463867,0,6,0,5,5,0.06003136038570586,-0.9935728042917374,-0.984403119873425,0,0,0,0,114,False,False,
126,1,1364.5074634790094,879.2414730298624,2.1830164476082388,142.39077758789062,9.841113090515137,0,4,0,3,3,-0.2284862107269166,-0.9635159846125484,-0.4483417896987508,0,0,0,0,114,False,False,
126,2,1504.0459852540182,860.87550647278,0.0,0.0,-0.17496119439601898,0,1,0,0,0,0.18531981358975586,-0.8736779209069417,0.03407164589994638,126,0,0,0,114,False,False,
126,3,1264.7568689745312,875.1526259423342,2.5217875164397126,228.91717529296875,17.051414489746094,0,7,0,6,6,0.11271655239940168,-0.9473561101277616,-0.5117915156887276,0,0,0,0,114,False,False,
126,4,1340.2814836996736,880.2992657624352,2.345765040577358,162.49961853027344,12.338655471801758,0,5,0,4,4,-0.12192521328167913,-0.9344615302615976,-0.4219725199854599,0,0,0,0,114,False,False,
126,5,1501.4276527322813,861.5523521764429,0.0,7.684458255767822,0.40637433528900146,0,1,0,0,0,0.14834282368123392,-0.8808889064902505,-0.047085678401067144,98,0,0,0,114,False,False,
126,6,1276.6418148471175,882.1359336776724,2.5227261413966864,229.30445861816406,17.419570922851562,0,7,0,6,6,-0.069578887046853,-0.9166581271171228,-0.6306490161835544,0,0,0,0,114,False,False,
126,7,1269.7542302744403,880.5253570599906,2.522213124124998,229.164306640625,17.638654708862305,0,7,0,6,6,-0.046054386369702466,-0.9352641726054259,-0.8355389147746328,0,0,0,0,114,False,False,
127,0,1280.3725095005252,878.7763075463961,2.5202276310739977,229.77096557617188,17.755470275878906,0,7,1,6,6,-0.005770862642528603,-0.9069864879336709,-0.9729643952340883,0,0,0,0,115,False,False,
127,1,1362.31506490839,879.3360394321865,2.1944371253017776,144.585205078125,9.858802795410156,0,4,0,3,3,-0.27018970052813024,-0.9689282395478539,-0.4443082217414407,0,0,0,0,115,False,False,
127,2,1504.0459852540182,860.87550647278,0.0,0.0,-0.17634902894496918,0,1,0,0,0,0.18531981358975586,-0.8736779209069417,0.03407164589994638,127,0,0,0,115,False,False,
127,3,1262.2349428774476,875.2664095564572,2.524491622088471,231.44158935546875,17.073827743530273,0,7,0,6,6,0.12903790132670345,-0.953967513122107,-0.5211083824644105,0,0,0,0,115,False,False,
127,4,1337.9299021593577,880.3839501939917,2.3531058611339577,164.8527069091797,12.360444068908691,0,5,0,4,4,-0.13450928328400855,-0.9406100859104299,-0.42373039888134256,0,0,0,0,115,False,False,
127,5,1501.4276527322813,861.5523521764429,0.0,7.684458255767822,0.4064074754714966,0,1,0,0,0,0.14834282368123392,-0.8808889064902505,-0.047085678401067144,99,0,0,0,115,False,False,
127,6,1274.1173170868667,882.1991894526672,2.5252901287934506,231.8297882080078,17.443479537963867,0,7,0,6,6,-0.07581791388711534,-0.9233484680954553,-0.6273846738939404,0,0,0,0,115,False,False,
127,7,1267.2305132093336,880.6017107760905,2.5248718214342474,231.68927001953125,17.66324234008789,0,7,0,6,6,-0.0515022615595424,-0.9419776606400793,-0.8307086498252869,0,0,0,0,115,False,False,
128,0,1277.8507665263473,878.8515199528399,2.5228643510697717,232.29393005371094,17.781286239624023,0,7,0,6,6,-0.00622201948693228,-0.9137141140849933,-0.9776629493333873,0,0,0,0,116,False,False,
128,1,1360.1114877243876,879.429804798977,2.205571207162753,146.7908172607422,9.874916076660156,0,4,0,3,3,-0.329536179713761,-0.9741759406175019,-0.4404059787206721,0,0,0,0,116,False,False,
128,2,1504.0459852540182,860.87550647278,0.0,0.0,-0.17773686349391937,0,1,0,0,0,0.18531981358975586,-0.8736779209069417,0.03407164589994638,128,0,0,0,116,False,False,
128,3,1259.7104105676763,875.3806011715875,2.5271135922322423,233.9687042236328,17.095638275146484,0,7,0,6,6,0.15084618721155987,-0.9605453894228656,-0.5304764185122766,0,0,0,0,116,False,False,
128,4,1335.571146797244,880.4681632035147,2.3602581827573155,167.2129669189453,12.381824493408203,0,5,0,4,4,-0.15007021012163477,-0.9467482818001169,-0.4255832982580836,0,0,0,0,116,False,False,
128,5,1501.4276527322813,861.5523521764429,0.0,7.684458255767822,0.4064406156539917,0,1,0,0,0,0.14834282368123392,-0.8808889064902505,-0.047085678401067144,100,0,0,0,116,False,False,
128,6,1271.5903366089212,882.26310694459,2.527788713815046,234.35757446289062,17.467185974121094,0,7,0,6,6,-0.08327070308007478,-0.9300366942258861,-0.6240546405498701,0,0,0,0,116,False,False,
128,7,1264.7042123942524,880.6785257239637,2.5274683666657647,234.21669006347656,17.687646865844727,0,7,0,6,6,-0.058370409608465304,-0.9486923954909037,-0.82581964026458,0,0,0,0,116,False,False,
129,0,1275.326445246034,878.9270731904339,2.5254516859275,234.81935119628906,17.807126998901367,0,7,0,6,6,-0.006821064256205823,-0.9204482178801353,-0.9823982992134339,0,0,0,0,117,False,False,
129,1,1357.8970225993178,879.5227525560235,2.2164149150578822,149.0072479248047,9.888647079467773,0,4,0,3,3,-0.41849346343212485,-0.9791084625353381,-0.436635746704899,0,0,0,0,117,False,False,
129,2,1504.0459852540182,860.87550647278,0.0,0.0,-0.17912469804286957,0,1,0,0,0,0.18531981358975586,-0.8736779209069417,0.03407164589994638,129,0,0,0,117,False,False,
129,3,1257.1833659660538,875.4952413930673,2.529643611058637,236.49839782714844,17.11659812927246,0,7,0,6,6,0.1813663800845679,-0.9670649105248738,-0.5398883629411892,0,0,0,0,117,False,False,
129,4,1333.205419796236,880.5518836948263,2.3672079257987084,169.58016967773438,12.402681350708008,0,5,0,4,4,-0.16976087565294998,-0.9528636930400141,-0.4275319041841371,0,0,0,0,117,False,False,
129,5,1501.4276527322813,861.5523521764429,0.0,7.684458255767822,0.4064737558364868,0,1,0,0,0,0.14834282368123392,-0.8808889064902505,-0.047085678401067144,101,0,0,0,117,False,False,
129,6,1269.060947829104,882.3277507130441,2.5302146976622013,236.8878173828125,17.490646362304688,0,7,0,6,6,-0.0923093770383452,-0.9367200030783975,-0.620636847616078,0,0,0,0,117,False,False,
129,7,1262.1753909569818,880.7557863036616,2.5300013950143025,236.74667358398438,17.711809158325195,0,7,0,6,6,-0.06729643739317402,-0.9554063086717637,-0.8208867223228266,0,0,0,0,117,False,False,
130,0,1272.7996336796018,879.0031400538702,2.527956261482355,237.34722900390625,17.832956314086914,0,7,0,6,6,-0.007572977226959981,-0.9271887887560321,-0.9871846584616881,0,0,0,0,118,False,False,
130,1,1355.671940217782,879.6148778857731,2.226988702486422,151.234130859375,9.898606300354004,0,4,0,3,3,-0.558402448553909,-0.9834102965853049,-0.4330045578957732,0,0,0,0,118,False,False,
130,2,1504.0459852540182,860.87550647278,0.0,0.0,-0.18051253259181976,0,1,0,0,0,0.18531981358975586,-0.8736779209069417,0.03407164589994638,130,0,0,0,118,False,False,
130,3,1254.653906012993,875.6103942757197,2.532079746082383,239.0304412841797,17.136287689208984,0,7,0,6,6,0.22682780042192816,-0.9734772769270745,-0.5493661699416716,0,0,0,0,118,False,False,
130,4,1330.8328954030032,880.6351126158715,2.3739837930748733,171.95419311523438,12.422849655151367,0,5,0,4,4,-0.19540676601126405,-0.9589373322517238,-0.4295682125275414,0,0,0,0,118,False,False,
130,5,1501.4276527322813,861.5523521764429,0.0,7.684458255767822,0.40650689601898193,0,1,0,0,0,0.14834282368123392,-0.8808889064902505,-0.047085678401067144,102,0,0,0,118,False,False,
130,6,1266.5292181804327,882.3931588060121,2.5325744278474236,239.42039489746094,17.51380157470703,0,7,0,6,6,-0.10348319236821782,-0.9433939629429577,-0.6171310092307081,0,0,0,0,118,False,False,
130,7,1259.64413161852,880.8335033716049,2.5324521281159953,239.27911376953125,17.735637664794922,0,7,0,6,6,-0.07938286653105706,-0.9621149700409336,-0.8159098960000265,0,0,0,0,118,False,False,
131,0,1270.2704142426192,879.0798407167701,2.530382175107215,239.877685546875,17.858768463134766,0,7,0,6,6,-0.008502519065719917,-0.9339361359869298,-0.9920517209784182,0,0,0,0,119,False,False,
131,1,1353.4365236514527,879.7061564520216,2.237279374972206,153.47146606445312,12.421545028686523,0,5,1,4,4,-0.08036992491555439,-0.8998038241940205,-0.4295054372640139,0,0,0,0,119,False,False,
131,2,1504.0459852540182,860.87550647278,0.0,0.0,-0.18190036714076996,0,1,0,0,0,0.18531981358975586,-0.8736779209069417,0.03407164589994638,131,0,0,0,119,False,False,
131,3,1252.1221218721619,875.7261323006456,2.534428185247611,241.56494140625,17.153911590576172,0,7,0,6,6,0.30067856062975346,-0.9796748439882653,-0.5589027501397007,0,0,0,0,119,False,False,
131,4,1328.453749354836,880.7178552082918,2.3805844356188914,174.33477783203125,12.4420804977417,0,5,0,4,4,-0.23002302146023038,-0.9649370697204281,-0.4316995413518041,0,0,0,0,119,False,False,
131,5,1501.4276527322813,861.5523521764429,0.0,7.684458255767822,0.40654003620147705,0,1,0,0,0,0.14834282368123392,-0.8808889064902505,-0.047085678401067144,103,0,0,0,119,False,False,
131,6,1263.9950972287122,882.45916801702,2.5349805154845932,241.95530700683594,17.53655433654785,0,7,0,6,6,-0.11758038668261356,-0.9500523985168939,-0.6135595083770673,0,0,0,0,119,False,False,
131,7,1257.1105086809725,880.9116935778118,2.5348291654495316,241.8140106201172,17.758989334106445,0,7,0,6,6,-0.09666707935341998,-0.9688107204273938,-0.8108745394622573,0,0,0,0,119,False,False,
132,0,1267.738865385692,879.1572622501463,2.532732458993707,242.41036987304688,17.88455581665039,0,7,0,6,6,-0.00965361696301904,-0.9406892476553149,-0.9969992725905619,0,0,0,0,120,False,False,
132,1,1351.190816398636,879.7968921620345,2.247539551248307,155.71902465820312,12.444355010986328,0,5,0,4,4,-0.0851766463034955,-0.9057469505080481,-0.42693839779918386,0,0,0,0,120,False,False,
132,2,1504.0459852540182,860.87550647278,0.0,0.0,-0.18328820168972015,0,1,0,0,0,0.18531981358975586,-0.8736779209069417,0.03407164589994638,132,0,0,0,120,False,False,
132,3,1249.5880977795441,875.8425256875694,2.5366957883211483,244.10154724121094,17.16775894165039,0,7,0,6,6,0.43541882899898876,-0.9853721877553132,-0.5685195717606448,0,0,0,0,120,False,False,
132,4,1326.06816444638,880.800101020231,2.3870022473878745,176.72181701660156,12.459978103637695,0,5,0,4,4,-0.2789107822514779,-0.9708054325651494,-0.43391868693815994,0,0,0,0,120,False,False,
132,5,1501.4276527322813,861.5523521764429,0.0,7.684458255767822,0.40657317638397217,0,1,0,0,0,0.14834282368123392,-0.8808889064902505,-0.047085678401067144,104,0,0,0,120,False,False,
132,6,1261.4586826410705,882.5257323451699,2.537287876884357,244.4925537109375,17.558805465698242,0,7,0,6,6,-0.13598967202002288,-0.9566852064851551,-0.609922002020929,0,0,0,0,120,False,False,
132,7,1254.5745943326397,880.9903766341491,2.5371347235484953,244.3511199951172,17.781597137451172,0,7,0,6,6,-0.12337594494259621,-0.9754769217741717,-0.8057806384164259,0,0,0,0,120,False,False,
133,0,1265.2050622889285,879.2354708005171,2.535009804817221,244.9453887939453,17.910308837890625,0,7,0,6,6,-0.011098070502550348,-0.9474483904473975,-0.9979653677450548,0,0,0,0,121,False,False,
133,1,1348.9351402937248,879.88718880322,2.2574827072818717,157.9764404296875,12.467065811157227,0,5,0,4,4,-0.09071438720581884,-0.9117095984843154,-0.4275319041841371,0,0,0,0,121,False,False,
133,2,1504.0459852540182,860.87550647278,0.0,0.0,-0.18467603623867035,0,1,0,0,0,0.18531981358975586,-0.8736779209069417,0.03407164589994638,133,0,0,0,121,False,False,
133,3,1247.0519236742616,875.9596554614646,2.5388774047280203,246.6405029296875,17.173965454101562,0,7,0,6,6,0.7076212889570027,-0.9896919040245198,-0.5782168920801745,0,0,0,0,121,False,False,
133,4,1323.6763173723837,880.8818322046144,2.39324307413311,179.11505126953125,12.475872993469238,0,5,0,4,4,-0.35195608944442003,-0.9764296834359352,-0.4362334247290859,0,0,0,0,121,False,False,
133,5,1501.4276527322813,861.5523521764429,0.0,7.684458255767822,0.4066063165664673,0,1,0,0,0,0.14834282368123392,-0.8808889064902505,-0.047085678401067144,105,0,0,0,121,False,False,
133,6,1258.9200379586987,882.592825246561,2.539531114349911,247.03213500976562,17.580364227294922,0,7,0,6,6,-0.1610210863975049,-0.9632751293891703,-0.606226122673842,0,0,0,0,121,False,False,
133,7,1252.0364479719342,881.069556800776,2.5393811149863246,246.89044189453125,17.802906036376953,0,7,0,6,6,-0.16988172254880282,-0.9820738500423948,-0.8006355109260404,0,0,0,0,121,False,False,
134,0,1262.6690756511207,879.3145165368966,2.537218251467541,247.48263549804688,17.936017990112305,0,7,0,6,6,-0.01295932559020893,-0.9542131485313503,-0.9928348833049015,0,0,0,0,122,False,False,
134,1,1346.6697687017986,879.9770885449408,2.267154695442661,160.2436065673828,12.489635467529297,0,5,0,4,4,-0.09711888271784674,-0.9176899335809487,-0.42822769194108545,0,0,0,0,122,False,False,
134,2,1504.0459852540182,860.87550647278,0.0,0.0,-0.18606387078762054,0,1,0,0,0,0.18531981358975586,-0.8736779209069417,0.03407164589994638,134,0,0,0,122,False,False,
134,3,1244.5136851224863,876.0776058104296,2.5409776131519934,249.1814422607422,17.17196273803711,0,7,0,6,6,1.0,-0.990502086733343,-0.5864896770138368,0,0,0,1,122,False,False,
134,4,1321.2783818085904,880.9630237016139,2.399309698077546,181.51425170898438,12.488563537597656,0,5,0,4,4,-0.4683813247916305,-0.9815670948703735,-0.43865055823674914,0,0,0,0,122,False,False,
134,5,1501.4276527322813,861.5523521764429,0.0,7.684458255767822,0.4066394567489624,0,1,0,0,0,0.14834282368123392,-0.8808889064902505,-0.047085678401067144,106,0,0,0,122,False,False,
134,6,1256.3792252811945,882.6604313937826,2.5417119532527277,249.5738067626953,17.600919723510742,0,7,0,6,6,-0.19692123582841783,-0.9697892339186425,-0.6024714987153941,0,0,0,0,122,False,False,
134,7,1249.496103633321,881.1491915096176,2.5415922264551156,249.43209838867188,17.821430206298828,0,7,0,6,6,-0.26912488296111403,-0.9884719390270696,-0.795439185577286,0,0,0,0,122,False,False,
135,0,1260.1309479139447,879.394398546818,2.5393844816670614,250.02197265625,17.96166229248047,0,7,0,6,6,-0.01543523819065121,-0.9609830334364902,-0.9876019560254705,0,0,0,0,123,False,False,
135,1,1344.3950445158637,880.0664788081135,2.2764799013448385,162.5201416015625,12.512019157409668,0,5,0,4,4,-0.10454858270792708,-0.9236850119010586,-0.4290405115417868,0,0,0,0,123,False,False,
135,2,1504.0459852540182,860.87550647278,0.0,0.0,-0.18745170533657074,0,1,0,0,0,0.18531981358975586,-0.8736779209069417,0.03407164589994638,135,0,0,0,123,False,False,
135,3,1241.9733506854411,876.1962859755911,2.543105195158166,251.72450256347656,19.69648551940918,0,8,1,7,7,0.05545871108944501,-0.9139687080806796,-0.592141480350485,0,0,0,0,123,False,False,
135,4,1318.874526566326,881.0436465373656,2.405206865823982,183.91954040527344,12.495903015136719,0,5,0,4,4,-0.6622403372682356,-0.9856624853693889,-0.4411554513341345,0,0,0,0,123,False,False,
135,5,1501.4276527322813,861.5523521764429,0.0,7.684458255767822,0.4066725969314575,0,1,0,0,0,0.14834282368123392,-0.8808889064902505,-0.047085678401067144,107,0,0,0,123,False,False,
135,6,1253.8362834959012,882.728507315995,2.5438528366585507,252.11769104003906,17.619924545288086,0,7,0,6,6,-0.25226725204945777,-0.976160943687304,-0.5986656483123917,0,0,0,0,123,False,False,
135,7,1246.9536351765123,881.2292758465863,2.543729418569151,251.97584533691406,17.83136749267578,0,7,0,6,6,-0.5750399041946151,-0.9939758764191237,-0.7901989232612996,0,0,0,0,123,False,False,
136,0,1257.5907277815195,879.4750979647995,2.541501665795479,252.56353759765625,17.98721694946289,0,7,0,6,6,-0.018906566211099277,-0.9677580696348114,-0.9822812209171294,0,0,0,0,124,False,False,
136,1,1342.1111756720627,880.1553382630996,2.285596836370191,164.80567932128906,12.534196853637695,0,5,0,4,4,-0.11330237084427053,-0.929691142243519,-0.4299563557553082,0,0,0,0,124,False,False,
136,2,1504.0459852540182,860.87550647278,0.0,0.0,-0.18883953988552094,0,1,0,0,0,0.18531981358975586,-0.8736779209069417,0.03407164589994638,136,0,0,0,124,False,False,
136,3,1239.430958661173,876.3152445943908,2.5451735418334596,254.26976013183594,19.720867156982422,0,8,0,7,7,0.06015187469900462,-0.9207281798667688,-0.5978152950500275,0,0,0,0,124,False,False,
136,4,1316.464933051284,881.1236411468534,2.4109209952378845,186.33041381835938,15.01994800567627,0,6,1,5,5,-0.0586744776664836,-0.9039263731793745,-0.44377062993547645,0,0,0,0,124,False,False,
136,5,1501.4276527322813,861.5523521764429,0.0,7.684458255767822,0.40670573711395264,0,1,0,0,0,0.14834282368123392,-0.8808889064902505,-0.047085678401067144,108,0,0,0,124,False,False,
136,6,1251.2912685493882,882.7970221714622,2.5459370305241817,254.6636505126953,17.63628578186035,0,7,0,6,6,-0.34661337412585896,-0.9822293366637466,-0.5948161182178274,0,0,0,0,124,False,False,
136,7,1244.4091086277926,881.3098179330578,2.545800931894038,254.5216827392578,20.35647964477539,0,8,1,7,7,-0.035124277462172254,-0.9082171046464715,-0.7867769424513202,0,0,0,0,124,False,False,
137,0,1255.0484622127724,879.5565851159388,2.5435711859190264,255.10708618164062,18.012630462646484,0,7,0,6,6,-0.024170826107744386,-0.9745369878818653,-0.9768651517732068,0,0,0,0,125,False,False,
137,1,1339.8183920228184,880.2436608900169,2.294484201006312,167.1002197265625,12.556117057800293,0,5,0,4,4,-0.12376054420591724,-0.9357046163087885,-0.43098179940433246,0,0,0,0,125,False,False,
137,2,1504.0459852540182,860.87550647278,0.0,0.0,-0.19022737443447113,0,1,0,0,0,0.18531981358975586,-0.8736779209069417,0.03407164589994638,137,0,0,0,125,False,False,
137,3,1236.8865326349428,876.4342488733774,2.547207455503929,256.8169860839844,19.745121002197266,0,8,0,7,7,0.06579146500081473,-0.9274876149417369,-0.6034890811633846,0,0,0,0,125,False,False,
137,4,1314.0497268212007,881.2030137310659,2.4165101160472826,188.7469940185547,15.043898582458496,0,6,0,5,5,-0.06265715592546586,-0.9103415101374961,-0.453930846358057,0,0,0,0,125,False,False,
137,5,1501.4276527322813,861.5523521764429,0.0,7.684458255767822,0.40673887729644775,0,1,0,0,0,0.14834282368123392,-0.8808889064902505,-0.047085678401067144,109,0,0,0,125,False,False,
137,6,1248.744233898453,882.8659511369209,2.5479671731290394,257.2115783691406,17.647525787353516,0,7,0,6,6,-0.5289440660234681,-0.987533519312942,-0.5909078435119021,0,0,0,0,125,False,False,
137,7,1241.8626053176886,881.3908605455152,2.5477925766052216,257.0694885253906,20.381513595581055,0,8,0,7,7,-0.03804872276775895,-0.9149999982995924,-0.7856568928211284,0,0,0,0,125,False,False,
138,0,1252.5041861882696,879.6388071315877,2.545604240395013,257.6527404785156,18.037796020507812,0,7,0,6,6,-0.033179724699138866,-0.9813185988717243,-0.9713614856234927,0,0,0,0,126,False,False,
138,1,1337.5169197793086,880.3314485496836,2.303145926951983,169.40328979492188,12.577714920043945,0,5,0,4,4,-0.13645548450565584,-0.9417188613997209,-0.43211695683360196,0,0,0,0,126,False,False,
138,2,1504.0459852540182,860.87550647278,0.0,0.0,-0.19161520898342133,0,1,0,0,0,0.18531981358975586,-0.8736779209069417,0.03407164589994638,138,0,0,0,126,False,False,
138,3,1234.3401124427207,876.5531756744703,2.5491958299382818,259.36614990234375,19.769189834594727,0,8,0,7,7,0.07262876982837585,-0.9342453091241532,-0.6091409130862183,0,0,0,0,126,False,False,
138,4,1311.629065713251,881.2817524165085,2.42194136595529,191.16893005371094,15.067739486694336,0,6,0,5,5,-0.0672810441844149,-0.9167665565612395,-0.46490611210381405,0,0,0,0,126,False,False,
138,5,1501.4276527322813,861.5523521764429,0.0,7.684458255767822,0.40677201747894287,0,1,0,0,0,0.14834282368123392,-0.8808889064902505,-0.047085678401067144,110,0,0,0,126,False,False,
138,6,1246.1951933567636,882.9352111824958,2.5499813013215635,259.7615966796875,20.171945571899414,0,8,1,7,7,-0.06006119583973183,-0.903261278813039,-0.5869702679657601,0,0,0,0,126,False,False,
138,7,1239.3141673401956,881.4724074218072,2.549742343485122,259.619140625,20.40645980834961,0,8,0,7,7,-0.04147433568017884,-0.9217857786757957,-0.7844852308328768,0,0,0,0,126,False,False,
139,0,1249.9579746689444,879.7217629554177,2.547562515396143,260.2002258300781,18.062427520751953,0,7,0,6,6,-0.05237310988253638,-0.9880972824453065,-0.9657846441986109,0,0,0,0,127,False,False,
139,1,1335.2069801718603,880.418707674996,2.3115871484779658,171.71487426757812,12.598906517028809,0,5,0,4,4,-0.15216461511026738,-0.9477261046962704,-0.43334776363981264,0,0,0,0,127,False,False,
139,2,1504.0459852540182,860.87550647278,0.0,0.0,-0.19300304353237152,0,1,0,0,0,0.18531981358975586,-0.8736779209069417,0.03407164589994638,139,0,0,0,127,False,False,
139,3,1231.7917592796425,876.6719308099924,2.5511187008807137,261.9172668457031,19.793025970458984,0,8,0,7,7,0.08105730808914018,-0.9409988711726871,-0.6147707908185288,0,0,0,0,127,False,False,
139,4,1309.203094255108,881.3598500593232,2.427228204668379,193.59608459472656,15.091446876525879,0,6,0,5,5,-0.07271022424212738,-0.9232000768763432,-0.47599086294033155,0,0,0,0,127,False,False,
139,5,1501.4276527322813,861.5523521764429,0.0,7.684458255767822,0.406805157661438,0,1,0,0,0,0.14834282368123392,-0.8808889064902505,-0.047085678401067144,111,0,0,0,127,False,False,
139,6,1243.6442917514855,883.0048976370028,2.551853287662179,262.3134460449219,20.19623565673828,0,8,0,7,7,-0.06469738298645401,-0.9100335867904308,-0.5861970688182688,0,0,0,0,127,False,False,
139,7,1236.7638219818057,881.554417443543,2.551663592781337,262.1708679199219,20.43129539489746,0,8,0,7,7,-0.045533033915573166,-0.928574513498878,-0.7832627854859474,0,0,0,0,127,False,False,
140,0,1247.4098793258652,879.8054479988122,2.5494691729672034,262.74969482421875,18.085113525390625,0,7,0,6,6,-0.12184959861481653,-0.9948421912702972,-0.9601124696314658,0,0,0,0,128,False,False,
140,1,1332.888806840167,880.5054203031732,2.319794533069573,174.03472900390625,12.619575500488281,0,5,0,4,4,-0.17204706061164643,-0.953713944699107,-0.4346949162213225,0,0,0,0,128,False,False,
140,2,1504.0459852540182,860.87550647278,0.0,0.0,-0.19439087808132172,0,1,0,0,0,0.18531981358975586,-0.8736779209069417,0.03407164589994638,140,0,0,0,128,True,False,no_progress
140,3,1229.2414919317791,876.7905178189674,2.5530229972084717,264.4703063964844,19.816566467285156,0,8,0,7,7,0.09166217462467993,-0.9477446419777498,-0.6203714248829939,0,0,0,0,128,False,False,
140,4,1306.7719808036497,881.4372560516731,2.4323454321935936,196.02847290039062,15.11498737335205,0,6,0,5,5,-0.07915373358419199,-0.9296405792014337,-0.48721534305195036,0,0,0,0,128,False,False,
140,5,1501.4276527322813,861.5523521764429,0.0,7.684458255767822,0.4068382978439331,0,1,0,0,0,0.14834282368123392,-0.8808889064902505,-0.047085678401067144,112,0,0,0,128,False,False,
140,6,1241.0915588515848,883.075030774053,2.5536961281930046,264.8671569824219,20.220386505126953,0,8,0,7,7,-0.07009092522572599,-0.9168053275508782,-0.586409206901437,0,0,0,0,128,False,False,
140,7,1234.211612516225,881.6368504245447,2.553540356555361,264.7243347167969,20.45600128173828,0,8,0,7,7,-0.05042489450166588,-0.9353644133818774,-0.7820037355283864,0,0,0,0,128,False,False,
141,0,1244.8599538260803,879.8898606984718,2.5513223156467904,265.301025390625,20.610952377319336,0,8,1,7,7,-0.009925082871780294,-0.9070258001184947,-0.9554371668208606,0,0,0,0,129,False,False,
141,1,1330.5626049547952,880.5915885262923,2.327797279443229,176.3625030517578,12.639555931091309,0,5,0,4,4,-0.19794453194198114,-0.9596626435239088,-0.4361457223117351,0,0,0,0,129,False,False,
140,2,1504.0459852540182,860.87550647278,0.0,0.0,-0.19439087808132172,0,1,0,0,0,0.18531981358975586,-0.8736779209069417,0.03407164589994638,140,0,0,0,128,True,False,no_progress
141,3,1226.6893435961033,876.9089743399381,2.5548959028997382,267.0251770019531,19.83972930908203,0,8,0,7,7,0.1053957193043579,-0.9544765495077873,-0.6259570226138453,0,0,0,0,129,False,False,
141,4,1304.335846034573,881.5139655668896,2.4373421923949845,198.46583557128906,15.138327598571777,0,6,0,5,5,-0.08693671961404638,-0.9360852691472294,-0.49855668349020865,0,0,0,0,129,False,False,
141,5,1501.4276527322813,861.5523521764429,0.0,7.684458255767822,0.4068714380264282,0,1,0,0,0,0.14834282368123392,-0.8808889064902505,-0.047085678401067144,113,0,0,0,129,False,False,
141,6,1238.537054359236,883.1456356807665,2.555480043804248,267.4225769042969,20.244365692138672,0,8,0,7,7,-0.07644307456152369,-0.9235747118543702,-0.5865705473328345,0,0,0,0,129,False,False,
141,7,1231.6575887800966,881.7196794699936,2.555366489464282,267.2797546386719,20.48054313659668,0,8,0,7,7,-0.056452806108973165,-0.9421549097836173,-0.7807004198624593,0,0,0,0,129,False,False,
142,0,1242.3082076045255,879.9749329725461,2.5531639334433116,267.85418701171875,20.63676643371582,0,8,0,7,7,-0.010870637505184454,-0.9138333487991837,-0.9538558576467417,0,0,0,0,130,False,False,
142,1,1328.2285804739479,880.6772179000445,2.3355947137387014,178.69805908203125,12.658597946166992,0,5,0,4,4,-0.23290025252496838,-0.9655402106347092,-0.4376982380504313,0,0,0,0,130,False,False,
140,2,1504.0459852540182,860.87550647278,0.0,0.0,-0.19439087808132172,0,1,0,0,0,0.18531981358975586,-0.8736779209069417,0.03407164589994638,140,0,0,0,128,True,False,no_progress
142,3,1224.1353496741967,877.0273549992767,2.556735992166713,269.5818786621094,19.862377166748047,0,8,0,7,7,0.12387501973043066,-0.9611848189671955,-0.6315210949469572,0,0,0,0,130,False,False,
142,4,1301.894818859875,881.5899830064161,2.4422105393939884,200.90805053710938,15.161417007446289,0,6,0,5,5,-0.09651239619951815,-0.9425307448709375,-0.5100303779676891,0,0,0,0,130,False,False,
142,5,1501.4276527322813,861.5523521764429,0.0,7.684458255767822,0.40690457820892334,0,1,0,0,0,0.14834282368123392,-0.8808889064902505,-0.047085678401067144,114,0,0,0,130,False,False,
142,6,1235.9808186539535,883.2167119935783,2.5572236552956515,269.9798278808594,20.268136978149414,0,8,0,7,7,-0.08402501624416345,-0.9303400289589002,-0.5866802896992653,0,0,0,0,130,False,False,
142,7,1229.1017962054568,881.8028805652618,2.557146477391976,269.8368835449219,20.5048770904541,0,8,0,7,7,-0.06407125684732415,-0.9489435030594248,-0.7793609140855914,0,0,0,0,130,False,False,
143,0,1239.7547057823479,880.0606474906186,2.554940025611697,270.4090881347656,20.66255760192871,0,8,0,7,7,-0.011962623872472654,-0.9206453228218554,-0.9522013928504578,0,0,0,0,131,False,False,
143,1,1325.8869458036966,880.7622983707819,2.343179808598438,181.04127502441406,12.67630386352539,0,5,0,4,4,-0.2822413743430881,-0.9712891547527339,-0.43936835735659197,0,0,0,0,131,False,False,
140,2,1504.0459852540182,860.87550647278,0.0,0.0,-0.19439087808132172,0,1,0,0,0,0.18531981358975586,-0.8736779209069417,0.03407164589994638,140,0,0,0,128,True,False,no_progress
143,3,1221.5795561654525,877.145737757191,2.558533747424526,272.1404113769531,19.884292602539062,0,8,0,7,7,0.15002948745574102,-0.9678516902497116,-0.6370851386938834,0,0,0,0,131,False,False,
143,4,1299.4490273613537,881.6653147442173,2.4469513532063716,203.35501098632812,15.184185981750488,0,6,0,5,5,-0.1085647165845368,-0.9489719764204263,-0.5216146438109822,0,0,0,0,131,False,False,
143,5,1501.4276527322813,861.5523521764429,0.0,7.684458255767822,0.40693771839141846,0,1,0,0,0,0.14834282368123392,-0.8808889064902505,-0.047085678401067144,115,0,0,0,131,False,False,
143,6,1233.4229013159643,883.288261163009,2.558917816506014,272.538818359375,20.291654586791992,0,8,0,7,7,-0.09323127465590283,-0.9370980632228998,-0.5867461236846496,0,0,0,0,131,False,False,
143,7,1226.5442950907805,881.886457184665,2.5588663511175627,272.395751953125,20.528934478759766,0,8,0,7,7,-0.0740234302001252,-0.9557271847140091,-0.7779771140141717,0,0,0,0,131,False,False,
144,0,1237.1994945726674,880.1469895413508,2.55666956719115,272.9658508300781,20.68832015991211,0,8,0,7,7,-0.013241211892315303,-0.9274619898643086,-0.9504810940687896,0,0,0,0,132,False,False,
144,1,1323.5379083499347,880.8468096928734,2.350557194100453,183.3917999267578,12.692002296447754,0,5,0,4,4,-0.3558948855050251,-0.9767960792914843,-0.44113349714361116,0,0,0,0,132,False,False,
140,2,1504.0459852540182,860.87550647278,0.0,0.0,-0.19439087808132172,0,1,0,0,0,0.18531981358975586,-0.8736779209069417,0.03407164589994638,140,0,0,0,128,True,False,no_progress
144,3,1219.0220320222693,877.2641948920523,2.560265969731373,274.7007751464844,19.90509605407715,0,8,0,7,7,0.18976404430407,-0.9744408304626976,-0.6426487822342116,0,0,0,0,132,False,False,
144,4,1296.9986032205834,881.7399567674597,2.4515607072442442,205.80645751953125,15.206534385681152,0,6,0,5,5,-0.12415317922456476,-0.9554010142778941,-0.5333302917631879,0,0,0,0,132,False,False,
144,5,1501.4276527322813,861.5523521764429,0.0,7.684458255767822,0.4069708585739136,0,1,0,0,0,0.14834282368123392,-0.8808889064902505,-0.047085678401067144,116,0,0,0,132,False,False,
144,6,1230.8633438075099,883.3602748568883,2.560570368334242,275.0992736816406,20.314855575561523,0,8,0,7,7,-0.10464405323969762,-0.9438438456519702,-0.5867534417481572,0,0,0,0,132,False,False,
144,7,1223.9851320889975,881.9704095167517,2.560539643074876,274.9563293457031,20.552616119384766,0,8,0,7,7,-0.08756592916974013,-0.9625008160344362,-0.7765567379183059,0,0,0,0,132,False,False,
145,0,1234.6426338810768,880.2339695277595,2.5583397183011276,275.5242004394531,20.71404266357422,0,8,0,7,7,-0.014775393834689668,-0.9342826285535802,-0.9486872323118117,0,0,0,0,133,False,False,
145,1,1321.1816726122695,880.9307214405718,2.3577294231637342,185.74961853027344,12.704493522644043,0,5,0,4,4,-0.473030352677441,-0.9818195270649166,-0.4430083507108755,0,0,0,0,133,False,False,
140,2,1504.0459852540182,860.87550647278,0.0,0.0,-0.19439087808132172,0,1,0,0,0,0.18531981358975586,-0.8736779209069417,0.03407164589994638,140,0,0,0,128,True,False,no_progress
145,3,1216.462855627199,877.3828138157452,2.5619239391799344,277.2626037597656,19.924020767211914,0,8,0,7,7,0.25661335747543695,-0.9808657025765087,-0.6482201726308312,0,0,0,0,133,False,False,
145,4,1294.543686061179,881.8138792061316,2.4560298830586955,208.2625274658203,15.228312492370605,0,6,0,5,5,-0.14505506622249792,-0.9618057738163182,-0.5451637719723428,0,0,0,0,133,False,False,
145,5,1501.4276527322813,861.5523521764429,0.0,7.684458255767822,0.4070039987564087,0,1,0,0,0,0.14834282368123392,-0.8808889064902505,-0.047085678401067144,117,0,0,0,133,False,False,
145,6,1228.3021859815778,883.4327382531851,2.562182732190647,277.6614685058594,20.3376522064209,0,8,0,7,7,-0.11915883505730815,-0.9505713949391514,-0.5867168514306185,0,0,0,0,133,False,False,
145,7,1221.4243017629792,882.054653874593,2.562215656513561,277.51849365234375,20.575748443603516,0,8,0,7,7,-0.10703815395447691,-0.9692543777228194,-0.7751070895684092,0,0,0,0,133,False,False,
146,0,1232.0841756818616,880.3216023437086,2.559958567547998,278.08404541015625,20.73971939086914,0,8,0,7,7,-0.01665433215041345,-0.9411068023398342,-0.9468206294323596,0,0,0,0,134,False,False,
146,1,1318.818444314907,881.0139864686638,2.3646947055291307,188.11424255371094,12.711654663085938,0,5,0,4,4,-0.6670851596910489,-0.9858089664684458,-0.44499348978209663,0,0,0,0,134,False,False,
140,2,1504.0459852540182,860.87550647278,0.0,0.0,-0.19439087808132172,0,1,0,0,0,0.18531981358975586,-0.8736779209069417,0.03407164589994638,140,0,0,0,128,True,False,no_progress
146,3,1213.9020443230347,877.5015985376491,2.563564773063565,279.8261413574219,19.939260482788086,0,8,0,7,7,0.3875916444983362,-0.9868771649687951,-0.6538061419820952,0,0,0,0,134,False,False,
146,4,1292.084394630671,881.8870654213257,2.460380166206761,210.72296142578125,15.249286651611328,0,6,0,5,5,-0.17443215423813097,-0.9681634800260713,-0.5571213448130881,0,0,0,0,134,False,False,
146,5,1501.4276527322813,861.5523521764429,0.0,7.684458255767822,0.4070371389389038,0,1,0,0,0,0.14834282368123392,-0.8808889064902505,-0.047085678401067144,118,0,0,0,134,False,False,
146,6,1225.7394590702677,883.5056205537403,2.563763064654698,280.2252502441406,20.35991668701172,0,8,0,7,7,-0.13822289937736262,-0.9572695772457009,-0.5866363813182187,0,0,0,0,134,False,False,
146,7,1218.8618712796372,882.1391745608491,2.5638240439557083,280.0823974609375,20.598033905029297,0,8,0,7,7,-0.13742984004448366,-0.9759676313039203,-0.773628197550667,0,0,0,0,134,False,False,
147,0,1229.524128961976,880.4098386672315,2.5615668753296177,280.6456298828125,20.765331268310547,0,8,0,7,7,-0.018994047702521596,-0.9479349918852591,-0.9448877780678323,0,0,0,0,135,False,False,
147,1,1316.448427298509,881.0965415828665,2.371454407088097,190.4856719970703,15.235565185546875,0,6,1,5,5,-0.05925289495008883,-0.9039744766105057,-0.44709560352469957,0,0,0,0,135,False,False,
140,2,1504.0459852540182,860.87550647278,0.0,0.0,-0.19439087808132172,0,1,0,0,0,0.18531981358975586,-0.8736779209069417,0.03407164589994638,140,0,0,0,128,True,False,no_progress
147,3,1211.3396255886928,877.6205004968035,2.5651759093670212,282.3913879394531,19.945894241333008,0,8,0,7,7,0.693273460703877,-0.9915310163917245,-0.6594067760465603,0,0,0,0,135,False,False,
147,4,1289.620847282157,881.9595022446886,2.464612065163479,213.18753051757812,15.269046783447266,0,6,0,5,5,-0.21845638364109668,-0.9744294091147329,-0.5692186755151203,0,0,0,0,135,False,False,
147,5,1501.4276527322813,861.5523521764429,0.0,7.684458255767822,0.4070702791213989,0,1,0,0,0,0.14834282368123392,-0.8808889064902505,-0.047085678401067144,119,0,0,0,135,False,False,
147,6,1223.1752090591942,883.5789071113096,2.5652970663864436,282.7906188964844,20.381450653076172,0,8,0,7,7,-0.16433920053787762,-0.9639196090616812,-0.5865047133474504,0,0,0,0,135,False,False,
147,7,1216.2978927789748,882.223974780811,2.565380445307161,282.64776611328125,20.618812561035156,0,8,0,7,7,-0.1911513061767462,-0.9825878495682845,-0.772113129715077,0,0,0,0,135,False,False,
148,0,1226.962529000959,880.4986344815306,2.56313851692003,283.20880126953125,20.79086685180664,0,8,0,7,7,-0.022008687154169277,-0.9547666014207726,-0.9428964036348821,0,0,0,0,136,False,False,
148,1,1314.071772782102,881.1783899151274,2.378063464218634,192.86378479003906,15.259387016296387,0,6,0,5,5,-0.06316670465726272,-0.9102869885049585,-0.45668901305965603,0,0,0,0,136,False,False,
140,2,1504.0459852540182,860.87550647278,0.0,0.0,-0.19439087808132172,0,1,0,0,0,0.18531981358975586,-0.8736779209069417,0.03407164589994638,140,0,0,0,128,True,False,no_progress
148,3,1208.7756455342221,877.7395147889712,2.566740758523081,284.9580993652344,22.470705032348633,0,9,1,8,8,0.04807872445588102,-0.9065716058592865,-0.6631941883598653,0,0,0,0,136,False,False,
148,4,1287.1532211109402,882.031072283999,2.4686638473881573,215.65621948242188,15.286799430847168,0,6,0,5,5,-0.29060443542736925,-0.9805036913590345,-0.5814338098879159,0,0,0,0,136,False,False,
148,5,1501.4276527322813,861.5523521764429,0.0,7.684458255767822,0.40710341930389404,0,1,0,0,0,0.14834282368123392,-0.8808889064902505,-0.047085678401067144,120,0,0,0,136,False,False,
148,6,1220.6094718966372,883.6525785247477,2.5667946284196717,285.35736083984375,20.40192222595215,0,8,0,7,7,-0.2021545569578494,-0.9704853797743909,-0.586336054852545,0,0,0,0,136,False,False,
148,7,1213.7323842090752,882.3089038735643,2.566913939543753,285.214599609375,20.63628387451172,0,8,0,7,7,-0.3083660676768659,-0.9889395717578038,-0.7705976616728887,0,0,0,0,136,False,False,
149,0,1224.399372768641,880.5878894120972,2.56470979136067,285.7734680175781,20.816287994384766,0,8,0,7,7,-0.02604532326859675,-0.9616008472218197,-0.9408538277702901,0,0,0,0,137,False,False,
149,1,1311.6886625733687,881.2595205399049,2.384490814670148,195.2482147216797,15.283105850219727,0,6,0,5,5,-0.06770531999271473,-0.9166121037747238,-0.46706259677138473,0,0,0,0,137,False,False,
140,2,1504.0459852540182,860.87550647278,0.0,0.0,-0.19439087808132172,0,1,0,0,0,0.18531981358975586,-0.8736779209069417,0.03407164589994638,140,0,0,0,128,True,False,no_progress
149,3,1206.2103229352006,877.858265270401,2.568069647398746,287.5261535644531,22.49538803100586,0,9,0,8,8,0.051963686717122766,-0.9133986276871384,-0.6646150933001642,0,0,0,0,137,False,False,
149,4,1284.6816249455314,882.1017026375532,2.4726051548328787,218.1287841796875,15.300837516784668,0,6,0,5,5,-0.424473810755852,-0.9861162757502681,-0.5938095414512841,0,0,0,0,137,False,False,
149,5,1501.4276527322813,861.5523521764429,0.0,7.684458255767822,0.40713655948638916,0,1,0,0,0,0.14834282368123392,-0.8808889064902505,-0.047085678401067144,121,0,0,0,137,False,False,
149,6,1218.0422360497573,883.726536678303,2.5683009368027574,287.9256896972656,20.42072868347168,0,8,0,7,7,-0.26123233593705464,-0.9768924030618008,-0.5861385528963923,0,0,0,0,137,False,False,
149,7,1211.165359698668,882.3939181167852,2.56843186761525,287.78302001953125,20.643579483032227,0,8,0,7,7,-0.6699018882990515,-0.9940699749622298,-0.7690748755671928,0,0,0,0,137,False,False,
150,0,1221.8346494508219,880.6774248235548,2.566285698605883,288.33984375,20.841550827026367,0,8,0,7,7,-0.03175935785297952,-0.9684375341379919,-0.9387819903714867,0,0,0,0,138,False,False,
150,1,1309.2992559505951,881.3399436036827,2.390759686405567,197.63897705078125,15.306694984436035,0,6,0,5,5,-0.07303182464936779,-0.9229487413092341,-0.4775603017008895,0,0,0,0,138,False,False,
140,2,1504.0459852540182,860.87550647278,0.0,0.0,-0.19439087808132172,0,1,0,0,0,0.18531981358975586,-0.8736779209069417,0.03407164589994638,140,0,0,0,128,True,False,no_progress
150,3,1203.6436313259167,877.9766338691493,2.5694195730433864,290.09552001953125,22.51996421813965,0,9,0,8,8,0.05654187166457108,-0.9202254229346704,-0.6659848289682799,0,0,0,0,138,False,False,
150,4,1282.2061768262754,882.1713264897936,2.476427037473252,220.605224609375,15.307097434997559,0,6,0,5,5,-0.7036751261506133,-0.9903969094899348,-0.606333349455942,0,0,0,0,138,False,False,
150,5,1501.4276527322813,861.5523521764429,0.0,7.684458255767822,0.4071696996688843,0,1,0,0,0,0.14834282368123392,-0.8808889064902505,-0.047085678401067144,122,0,0,0,138,False,False,
150,6,1215.4735345772096,883.8007098854006,2.56977215326967,290.4954833984375,20.43665313720703,0,8,0,7,7,-0.36383844406289223,-0.9829554155814253,-0.5859259860204404,0,0,0,0,138,False,False,
150,7,1208.5968841197453,882.4789455185911,2.569882576807803,290.3529052734375,23.16891098022461,0,9,1,8,8,-0.02987960220152546,-0.9077326965477521,-0.7699330900305906,0,0,0,0,138,False,False,
151,0,1219.2683938217676,880.7671564599266,2.567823927028272,290.9075622558594,20.866575241088867,0,8,0,7,7,-0.04059565010548896,-0.9752739147696371,-0.936688202355433,0,0,0,0,139,False,False,
151,1,1306.9037491139754,881.4196154638124,2.3968313686172635,200.0358123779297,15.33012580871582,0,6,0,5,5,-0.07934212131454059,-0.9292948203952202,-0.4882132867904494,0,0,0,0,139,False,False,
140,2,1504.0459852540182,860.87550647278,0.0,0.0,-0.19439087808132172,0,1,0,0,0,0.18531981358975586,-0.8736779209069417,0.03407164589994638,140,0,0,0,128,True,False,no_progress
151,3,1201.0755936985724,878.0945687847322,2.5707442307179673,292.6663513183594,22.544395446777344,0,9,0,8,8,0.06198314918500532,-0.9270512570761102,-0.6672887306510116,0,0,0,0,139,False,False,
151,4,1279.7269871267786,882.2398889810651,2.4801375730593214,223.08541870117188,17.831079483032227,0,7,1,6,6,-0.06845438427225063,-0.9084362215608022,-0.6129080577939492,0,0,0,0,139,False,False,
151,5,1501.4276527322813,861.5523521764429,0.0,7.684458255767822,0.4072028398513794,0,1,0,0,0,0.14834282368123392,-0.8808889064902505,-0.047085678401067144,123,0,0,0,139,False,False,
151,6,1212.9033914730462,883.8750290713346,2.5712173998472148,293.0666198730469,20.44687843322754,0,8,0,7,7,-0.5661288615709124,-0.9881279105513068,-0.5856992118102569,0,0,0,0,139,False,False,
151,7,1206.0269913307754,882.5639521530738,2.571298324719561,292.92425537109375,23.194183349609375,0,9,0,8,8,-0.032259479313379164,-0.9145814864040416,-0.7725768834036953,0,0,0,0,139,False,False,
152,0,1216.7006633601325,880.8570597176996,2.5693038589017796,293.4768981933594,20.89116668701172,0,8,0,7,7,-0.05617185241344613,-0.9821061600924584,-0.9345871034224181,0,0,0,0,140,False,False,
152,1,1304.5022869038776,881.4985350121641,2.402758631581577,202.4385986328125,15.353364944458008,0,6,0,5,5,-0.08694526856486139,-0.935647967543445,-0.4990040001221202,0,0,0,0,140,False,False,
140,2,1504.0459852540182,860.87550647278,0.0,0.0,-0.19439087808132172,0,1,0,0,0,0.18531981358975586,-0.8736779209069417,0.03407164589994638,140,0,0,0,128,True,False,no_progress
152,3,1198.506233518506,878.2120608462367,2.5720451239097724,295.2383728027344,22.568645477294922,0,9,0,8,8,0.06853944771869497,-0.9338739916568455,-0.6685408913378483,0,0,0,0,140,False,False,
152,4,1277.244043504435,882.3081299524491,2.4838812092996445,225.5692596435547,17.85487174987793,0,7,0,6,6,-0.07366215709531995,-0.9150187191195522,-0.6089778574836862,0,0,0,0,140,False,False,
152,5,1501.4276527322813,861.5523521764429,0.0,7.684458255767822,0.4072359800338745,0,1,0,0,0,0.14834282368123392,-0.8808889064902505,-0.047085678401067144,124,0,0,0,140,False,False,
152,6,1210.3318464061922,883.9494494656165,2.5726217028445637,295.63934326171875,22.971582412719727,0,9,1,8,8,-0.052545130210429156,-0.9029758642582717,-0.5854574012664595,0,0,0,0,140,False,False,
152,7,1203.4557343791366,882.6488896794558,2.5726594595356547,295.4969482421875,23.219379425048828,0,9,0,8,8,-0.03504362602422033,-0.9214324416812234,-0.7752432312772205,0,0,0,0,140,False,False,
153,0,1214.1315123682477,880.9471418058612,2.570729779986463,296.0476989746094,20.91478157043457,0,8,0,7,7,-0.09094602294761671,-0.9889184102351891,-0.9324640574454264,0,0,0,0,141,False,False,
153,1,1302.095021796496,881.5767088473681,2.4085340864781504,204.8472137451172,15.376364707946777,0,6,0,5,5,-0.0962707045051641,-0.9420049196405492,-0.5099282109404364,0,0,0,0,141,False,False,
140,2,1504.0459852540182,860.87550647278,0.0,0.0,-0.19439087808132172,0,1,0,0,0,0.18531981358975586,-0.8736779209069417,0.03407164589994638,140,0,0,0,128,True,False,no_progress
153,3,1195.9355594581205,878.3291564066132,2.573339560765161,297.81170654296875,22.592670440673828,0,9,0,8,8,0.076579640768882,-0.9406917947477893,-0.669742425890028,0,0,0,0,141,False,False,
153,4,1274.757404313018,882.3764059417656,2.4875763463677383,228.0567626953125,17.878551483154297,0,7,0,6,6,-0.07986323423849247,-0.9216039972797946,-0.605047800104351,0,0,0,0,141,False,False,
153,5,1501.4276527322813,861.5523521764429,0.0,7.684458255767822,0.40726912021636963,0,1,0,0,0,0.14834282368123392,-0.8808889064902505,-0.047085678401067144,125,0,0,0,141,False,False,
153,6,1207.7590414777248,884.0241177229195,2.573888216025366,298.2131652832031,22.996164321899414,0,9,0,8,8,-0.056595391846504604,-0.9098142424806325,-0.5890125222357645,0,0,0,0,141,False,False,
153,7,1200.8831402974697,882.7337473425505,2.573993226877971,298.07086181640625,23.24448585510254,0,9,0,8,8,-0.03836339863548296,-0.9282848246940534,-0.7779089645477557,0,0,0,0,141,False,False,
154,0,1211.5609932060374,881.0374272408053,2.572104240316467,298.6197204589844,20.934385299682617,0,8,0,7,7,-0.23342829657661796,-0.9955974591914296,-0.9303190644244578,0,0,0,0,142,False,False,
154,1,1299.6821040221766,881.6541461767964,2.4141600455677343,207.26129150390625,15.399057388305664,0,6,0,5,5,-0.10795533356340203,-0.9483603106459242,-0.5209837752814797,0,0,0,0,142,False,False,
140,2,1504.0459852540182,860.87550647278,0.0,0.0,-0.19439087808132172,0,1,0,0,0,0.18531981358975586,-0.8736779209069417,0.03407164589994638,140,0,0,0,128,True,False,no_progress
154,3,1193.3635879166952,878.4459222845531,2.574620725495735,300.3862609863281,22.616416931152344,0,9,0,8,8,0.08667906775591266,-0.9475010395112594,-0.670892219446313,0,0,0,0,142,False,False,
154,4,1272.2671836567297,882.4449414362499,2.4911635897728224,230.54794311523438,17.902040481567383,0,7,0,6,6,-0.08727729152442407,-0.928190061112639,-0.6010956456035648,0,0,0,0,142,False,False,
154,5,1501.4276527322813,861.5523521764429,0.0,7.684458255767822,0.40730226039886475,0,1,0,0,0,0.14834282368123392,-0.8808889064902505,-0.047085678401067144,126,0,0,0,142,False,False,
154,6,1205.1849440512447,884.0988866163948,2.575183090276067,300.7883605957031,23.020614624023438,0,9,0,8,8,-0.06126912793528668,-0.9166520311332917,-0.5929090480194176,0,0,0,0,142,False,False,
154,7,1198.3092419824932,882.8185253525515,2.5752941282150803,300.646240234375,23.26948356628418,0,9,0,8,8,-0.04238938614807163,-0.9351387167239018,-0.7806045560891263,0,0,0,0,142,False,False,
155,0,1208.9891454610324,881.1279320577792,2.573439710850625,301.1932067871094,23.460390090942383,0,9,1,8,8,-0.006529932151085897,-0.9066666618432319,-0.9298245591467047,0,0,0,0,143,False,False,
155,1,1297.263688926811,881.7308431378173,2.4196309630442094,209.68096923828125,15.42134952545166,0,6,0,5,5,-0.12298640877039967,-0.9547076142329287,-0.5321863583749462,0,0,0,0,143,False,False,
140,2,1504.0459852540182,860.87550647278,0.0,0.0,-0.19439087808132172,0,1,0,0,0,0.18531981358975586,-0.8736779209069417,0.03407164589994638,140,0,0,0,128,True,False,no_progress
155,3,1190.790339045578,878.5624309158769,2.575885093298731,302.9622497558594,22.63979721069336,0,9,0,8,8,0.09975733071485864,-0.9542971580043182,-0.6720054226850593,0,0,0,0,143,False,False,
155,4,1269.7734865467753,882.5138762196541,2.4946497310358673,233.04266357421875,17.925289154052734,0,7,0,6,6,-0.09623592509565873,-0.9347737972265228,-0.597106872199054,0,0,0,0,143,False,False,
155,5,1501.4276527322813,861.5523521764429,0.0,7.684458255767822,0.40733540058135986,0,1,0,0,0,0.14834282368123392,-0.8808889064902505,-0.047085678401067144,127,0,0,0,143,False,False,
155,6,1202.6095566557021,884.1737371328246,2.5764748857555757,303.3648986816406,23.044925689697266,0,9,0,8,8,-0.06677537432505384,-0.9234881058610748,-0.5967909948484263,0,0,0,0,143,False,False,
155,7,1195.7340716302963,882.90323069009,2.5765630861752897,303.22271728515625,23.29434585571289,0,9,0,8,8,-0.04737522391315881,-0.9419922873152862,-0.7833074514009117,0,0,0,0,143,False,False,
156,0,1206.415963250258,881.2185955278632,2.5747789331616184,303.7679138183594,23.486377716064453,0,9,0,8,8,-0.007077745374203283,-0.9135321786065872,-0.9318096910713793,0,0,0,0,144,False,False,
156,1,1294.8399365620935,881.8067732492032,2.4249414234758815,212.10586547851562,15.443100929260254,0,6,0,5,5,-0.1429872076352227,-0.9610344848479898,-0.5435203521635111,0,0,0,0,144,False,False,
140,2,1504.0459852540182,860.87550647278,0.0,0.0,-0.19439087808132172,0,1,0,0,0,0.18531981358975586,-0.8736779209069417,0.03407164589994638,140,0,0,0,128,True,False,no_progress
156,3,1188.215826219944,878.6787709119099,2.5771401366693096,305.5393371582031,22.66268539428711,0,9,0,8,8,0.11736334829223109,-0.9610703104201067,-0.67308938225596,0,0,0,0,144,False,False,
156,4,1267.2764125289011,882.5832969032533,2.498038807155346,235.5406951904297,17.948240280151367,0,7,0,6,6,-0.1072376834940125,-0.9413504881524664,-0.5930522362229735,0,0,0,0,144,False,False,
156,5,1501.4276527322813,861.5523521764429,0.0,7.684458255767822,0.407368540763855,0,1,0,0,0,0.14834282368123392,-0.8808889064902505,-0.047085678401067144,128,0,0,0,144,False,False,
156,6,1200.0329114849364,884.2486513815854,2.5777339817556806,305.9425354003906,23.06905746459961,0,9,0,8,8,-0.0733574437771002,-0.9303202799952188,-0.6006802025685717,0,0,0,0,144,False,False,
156,7,1193.1576743361006,882.9878485601804,2.577786492608955,305.800537109375,23.319032669067383,0,9,0,8,8,-0.05369909981262961,-0.9488448881794919,-0.7860316720071379,0,0,0,0,144,False,False,
157,0,1203.8415029615865,881.3094129671456,2.576061642357421,306.3439636230469,23.512353897094727,0,9,0,8,8,-0.007717839863606299,-0.9204012187417344,-0.933780194015585,0,0,0,0,145,False,False,
157,1,1292.4109887870788,881.8819193097822,2.430109920182413,214.53598022460938,15.464096069335938,0,6,0,5,5,-0.1708165513314245,-0.9673208179554004,-0.5549940752271773,0,0,0,0,145,False,False,
140,2,1504.0459852540182,860.87550647278,0.0,0.0,-0.19439087808132172,0,1,0,0,0,0.18531981358975586,-0.8736779209069417,0.03407164589994638,140,0,0,0,128,True,False,no_progress
157,3,1185.640081298598,878.7950046842773,2.5783661861105003,308.1176452636719,22.684873580932617,0,9,0,8,8,0.14234075987561742,-0.9678044952893654,-0.6741587056998453,0,0,0,0,145,False,False,
157,4,1264.776046546939,882.6532407600808,2.5013440760643206,238.0420379638672,17.970813751220703,0,7,0,6,6,-0.12103077289023961,-0.9479141046027602,-0.5889536918658467,0,0,0,0,145,False,False,
157,5,1501.4276527322813,861.5523521764429,0.0,7.684458255767822,0.4074016809463501,0,1,0,0,0,0.14834282368123392,-0.8808889064902505,-0.047085678401067144,129,0,0,0,145,False,False,
157,6,1197.4550592326639,884.3235866242954,2.5789411635682615,308.5215148925781,23.092966079711914,0,9,0,8,8,-0.08136307520814955,-0.9371469525765721,-0.6045694388749026,0,0,0,0,145,False,False,
157,7,1190.5800687992466,883.072398277199,2.578991849205373,308.3795471191406,23.343488693237305,0,9,0,8,8,-0.06199353523249758,-0.9556940731529187,-0.7887711290502766,0,0,0,0,145,False,False,
158,0,1201.2657815505427,881.4003277065282,2.5773254115743502,308.92138671875,23.538312911987305,0,9,0,8,8,-0.008462051787257488,-0.9272737581017412,-0.9357427785863857,0,0,0,0,146,False,False,
158,1,1289.9769845023086,881.9562686221929,2.4351395603816743,216.97119140625,15.483963012695312,0,6,0,5,5,-0.2119418756966613,-0.9735271200504378,-0.5665929486113003,0,0,0,0,146,False,False,
140,2,1504.0459852540182,860.87550647278,0.0,0.0,-0.19439087808132172,0,1,0,0,0,0.18531981358975586,-0.8736779209069417,0.03407164589994638,140,0,0,0,128,True,False,no_progress
158,3,1183.0631913645561,878.9110684988127,2.5795023824781786,310.6971740722656,22.705984115600586,0,9,0,8,8,0.18045830490084047,-0.9744662441117439,-0.6751988140620706,0,0,0,0,146,False,False,
158,4,1262.2724812947897,882.723731949176,2.5045574418466305,240.54656982421875,17.992900848388672,0,7,0,6,6,-0.13880753909328405,-0.9544547664983932,-0.5847893135233354,0,0,0,0,146,False,False,
158,5,1501.4276527322813,861.5523521764429,0.0,7.684458255767822,0.4074348211288452,0,1,0,0,0,0.14834282368123392,-0.8808889064902505,-0.047085678401067144,130,0,0,0,146,False,False,
158,6,1194.8760312132229,884.3985199003458,2.580116377398752,311.1017150878906,23.116600036621094,0,9,0,8,8,-0.09131538003311637,-0.9439645069518766,-0.6084659646585557,0,0,0,0,146,False,False,
158,7,1188.0013247927648,883.1568224461823,2.580125596027118,310.95965576171875,23.367626190185547,0,9,0,8,8,-0.07331323834136912,-0.9625358687341632,-0.7915325259908458,0,0,0,0,146,False,False,
159,0,1198.68884140222,881.4912886531268,2.5785450203250804,311.4999084472656,23.564252853393555,0,9,0,8,8,-0.009346040712900579,-0.9341491105698905,-0.937713295823684,0,0,0,0,147,False,False,
159,1,1287.538118293161,882.029711452291,2.4399717693888894,219.4111328125,15.502002716064453,0,6,0,5,5,-0.277950593549834,-0.9795666709013907,-0.5783523905998103,0,0,0,0,147,False,False,
140,2,1504.0459852540182,860.87550647278,0.0,0.0,-0.19439087808132172,0,1,0,0,0,0.18531981358975586,-0.8736779209069417,0.03407164589994638,140,0,0,0,128,True,False,no_progress
159,3,1180.4851673989033,879.0269620730786,2.580627615142669,313.27789306640625,22.725278854370117,0,9,0,8,8,0.24505083544902487,-0.9809757150144705,-0.6762169396475872,0,0,0,0,147,False,False,
159,4,1259.7657038013676,882.7946261377422,2.5077797725278574,243.05429077148438,18.01432228088379,0,7,0,6,6,-0.1624908992078531,-0.9609566815008855,-0.5805883162770998,0,0,0,0,147,False,False,
159,5,1501.4276527322813,861.5523521764429,0.0,7.684458255767822,0.40746796131134033,0,1,0,0,0,0.14834282368123392,-0.8808889064902505,-0.047085678401067144,131,0,0,0,147,False,False,
159,6,1192.2958542735169,884.4734472051086,2.581264639898469,313.6828918457031,23.139877319335938,0,9,0,8,8,-0.10402890563595722,-0.9507671038186122,-0.6123698085057165,0,0,0,0,147,False,False,
159,7,1185.421450800782,883.2411285686707,2.581251118508033,313.5408630371094,23.391305923461914,0,9,0,8,8,-0.08970596365434555,-0.9693633403504921,-0.7943085447653377,0,0,0,0,147,False,False,
160,0,1196.110761962051,881.5821757111827,2.5796809991053125,314.0796203613281,23.59016227722168,0,9,0,8,8,-0.010404605097081937,-0.9410275582972322,-0.9396905022284076,0,0,0,0,148,False,False,
160,1,1285.0945291753285,882.1021625510534,2.4446629498770456,221.85580444335938,15.516753196716309,0,6,0,5,5,-0.3969480810975938,-0.9852167674259091,-0.5902734588815735,0,0,0,0,148,False,False,
140,2,1504.0459852540182,860.87550647278,0.0,0.0,-0.19439087808132172,0,1,0,0,0,0.18531981358975586,-0.8736779209069417,0.03407164589994638,140,0,0,0,128,True,False,no_progress
160,3,1177.906035701135,879.1426937493412,2.5817269676177492,315.8595886230469,22.74095344543457,0,9,0,8,8,0.3735193110939431,-0.9870945885052919,-0.6772058787376295,0,0,0,0,148,False,False,
160,4,1257.2558306025373,882.8658818463196,2.510884475680204,245.565185546875,18.034833908081055,0,7,0,6,6,-0.1955948047066247,-0.9673913929571774,-0.5763361211724956,0,0,0,0,148,False,False,
160,5,1501.4276527322813,861.5523521764429,0.0,7.684458255767822,0.40750110149383545,0,1,0,0,0,0.14834282368123392,-0.8808889064902505,-0.047085678401067144,132,0,0,0,148,False,False,
160,6,1189.7145572609836,884.5483713245483,2.582384148531421,316.2652893066406,23.16268539428711,0,9,0,8,8,-0.12082137940282488,-0.9575469524362566,-0.6162742526627746,0,0,0,0,148,False,False,
160,7,1182.8404694363633,883.325336997207,2.582354712837318,316.123291015625,23.414262771606445,0,9,0,8,8,-0.11549673122035276,-0.9761620142704754,-0.7971064891441674,0,0,0,0,148,False,False,
161,0,1193.531556722713,881.6729470709399,2.580802027738696,316.6603088378906,23.61604118347168,0,9,0,8,8,-0.011737452879431013,-0.9479083898890124,-0.9416829450700436,0,0,0,0,149,False,False,
161,1,1282.6463488781694,882.1735573648585,2.449221097989317,224.30496215820312,15.524758338928223,0,6,0,5,5,-0.6399898236341345,-0.9897833229324285,-0.6023488639792679,0,0,0,0,149,False,False,
140,2,1504.0459852540182,860.87550647278,0.0,0.0,-0.19439087808132172,0,1,0,0,0,0.18531981358975586,-0.8736779209069417,0.03407164589994638,140,0,0,0,128,True,False,no_progress
161,3,1175.325797924982,879.2583249309171,2.5828274335772257,318.4423828125,22.747844696044922,0,9,0,8,8,0.6847444482745927,-0.9918788395947029,-0.6781728350509628,0,0,0,0,149,False,False,
161,4,1254.7429313753848,882.9374506246033,2.513918180022703,248.0791473388672,18.053977966308594,0,7,0,6,6,-0.24479474025388298,-0.9737028866382849,-0.5720690898375766,0,0,0,0,149,False,False,
161,5,1501.4276527322813,861.5523521764429,0.0,7.684458255767822,0.40753424167633057,0,1,0,0,0,0.14834282368123392,-0.8808889064902505,-0.047085678401067144,133,0,0,0,149,False,False,
161,6,1187.1321886720946,884.6232608134665,2.5834542698547858,318.8487854003906,23.18484115600586,0,9,0,8,8,-0.1439761027561518,-0.9642889234468173,-0.620192732636951,0,0,0,0,149,False,False,
161,7,1180.258421130975,883.4094415347943,2.583417702308495,318.7066955566406,23.435916900634766,0,9,0,8,8,-0.16174610573316892,-0.9828928953828476,-0.7999190696500125,0,0,0,0,149,False,False,
162,0,1190.9512546126707,881.7635793185877,2.5818933330798775,319.2422180175781,23.641876220703125,0,9,0,8,8,-0.013472361714451292,-0.9547921520979965,-0.9437119496430328,0,0,0,0,150,False,False,
162,1,1280.193709366071,882.2438381706977,2.4536462597480373,226.75860595703125,18.048660278320312,0,7,1,6,6,-0.0684814590408324,-0.9071945124992287,-0.611634686157414,0,0,0,0,150,False,False,
140,2,1504.0459852540182,860.87550647278,0.0,0.0,-0.19439087808132172,0,1,0,0,0,0.18531981358975586,-0.8736779209069417,0.03407164589994638,140,0,0,0,128,True,False,no_progress
162,3,1172.7444844019024,879.373930728409,2.5839009665324766,321.0262756347656,25.273231506347656,0,10,1,9,9,0.029462466652777644,-0.9083016058359962,-0.6830451788654783,0,0,0,0,150,False,False,
162,4,1252.2270744153102,883.0092800203458,2.5168821398009373,250.59603881835938,18.07090187072754,0,7,0,6,6,-0.32427701134457465,-0.9797670034621994,-0.5677656682884181,0,0,0,0,150,False,False,
162,5,1501.4276527322813,861.5523521764429,0.0,7.684458255767822,0.4075673818588257,0,1,0,0,0,0.14834282368123392,-0.8808889064902505,-0.047085678401067144,134,0,0,0,150,False,False,
162,6,1184.5487891203727,884.6980752240687,2.5844826251825976,321.4332275390625,23.206043243408203,0,9,0,8,8,-0.1778410776223571,-0.9709642613936644,-0.6241331382154651,0,0,0,0,150,False,False,
162,7,1177.6753442717056,883.4934212083036,2.584441650812596,321.29119873046875,23.454620361328125,0,9,0,8,8,-0.26639834600463624,-0.9894210115275216,-0.8027535757601953,0,0,0,0,150,False,False,
163,0,1188.369869434009,881.8540886067948,2.582971422967447,321.8252258300781,23.667646408081055,0,9,0,8,8,-0.01584715971260506,-0.9616783625100846,-0.9457555724766716,0,0,0,0,151,False,False,
163,1,1277.7365659774691,882.3137292910134,2.458137181047709,229.2167510986328,18.07238006591797,0,7,0,6,6,-0.07352909755474128,-0.9137089734287692,-0.6074629611652096,0,0,0,0,151,False,False,
140,2,1504.0459852540182,860.87550647278,0.0,0.0,-0.19439087808132172,0,1,0,0,0,0.18531981358975586,-0.8736779209069417,0.03407164589994638,140,0,0,0,128,True,False,no_progress
163,3,1170.1622076465446,879.4893613229904,2.58485540474241,323.61114501953125,25.298542022705078,0,10,0,9,9,0.03191321237566456,-0.9151865531170262,-0.6925303039294686,0,0,0,0,151,False,False,
163,4,1249.7083229486338,883.0813101766207,2.5197811996872552,253.11573791503906,18.083831787109375,0,7,0,6,6,-0.46706266340883773,-0.985264135790836,-0.5634402925487363,0,0,0,0,151,False,False,
163,5,1501.4276527322813,861.5523521764429,0.0,7.684458255767822,0.4076005220413208,0,1,0,0,0,0.14834282368123392,-0.8808889064902505,-0.047085678401067144,135,0,0,0,151,False,False,
163,6,1181.9643977400813,884.7727688859203,2.5854705470465347,324.0187683105469,23.22572898864746,0,9,0,8,8,-0.2316766576327925,-0.9775114148538014,-0.6280808618574869,0,0,0,0,151,False,False,
163,7,1175.0912853801863,883.5772280414927,2.585417556242901,323.8765563964844,23.46291160583496,0,9,0,8,8,-0.6353033566477545,-0.9948854583488138,-0.8056100217678086,0,0,0,0,151,False,False,
164,0,1185.7874184671723,881.9445087811026,2.584033437097331,324.4092102050781,23.693323135375977,0,9,0,8,8,-0.019284666008191367,-0.9685663835911604,-0.947806509800545,0,0,0,0,152,False,False,
164,1,1275.2750029132676,882.3835875740768,2.4625541412838325,231.67929077148438,18.095996856689453,0,7,0,6,6,-0.07952489140650666,-0.9202284478588315,-0.6032985542365128,0,0,0,0,152,False,False,
140,2,1504.0459852540182,860.87550647278,0.0,0.0,-0.19439087808132172,0,1,0,0,0,0.18531981358975586,-0.8736779209069417,0.03407164589994638,140,0,0,0,128,True,False,no_progress
164,3,1167.5789474223238,879.6046128691385,2.5858299064189993,326.19696044921875,25.323781967163086,0,10,0,9,9,0.03479598978469135,-0.9220726124011733,-0.7019788386759199,0,0,0,0,152,False,False,
164,4,1247.1867555500028,883.1534787795441,2.5225999391673852,255.6383819580078,18.08903694152832,0,7,0,6,6,-0.7428592036861498,-0.9892691026904432,-0.5591003092682245,0,0,0,0,152,False,False,
164,5,1501.4276527322813,861.5523521764429,0.0,7.684458255767822,0.4076336622238159,0,1,0,0,0,0.14834282368123392,-0.8808889064902505,-0.047085678401067144,136,0,0,0,152,False,False,
164,6,1179.3790795484654,884.8472417315919,2.5863906040353752,326.60516357421875,23.242687225341797,0,9,0,8,8,-0.3282576476322813,-0.9837703900403882,-0.6320651472308619,0,0,0,0,152,False,False,
164,7,1172.5062627814602,883.6608482767751,2.586374717567667,326.4629821777344,25.987945556640625,0,10,1,9,9,-0.042309230693813836,-0.9092639128743599,-0.8034100289257895,0,0,0,0,152,False,False,
165,0,1183.2039195999967,882.0348831344029,2.5850790936510597,326.9942932128906,23.71885108947754,0,9,0,8,8,-0.024675545524531925,-0.9754558781188034,-0.949878772418859,0,0,0,0,153,False,False,
165,1,1272.809152887994,882.4536362250154,2.466844778383919,234.14610290527344,18.11943244934082,0,7,0,6,6,-0.0866666109756491,-0.9267507653093735,-0.5991268578304938,0,0,0,0,153,False,False,
140,2,1504.0459852540182,860.87550647278,0.0,0.0,-0.19439087808132172,0,1,0,0,0,0.18531981358975586,-0.8736779209069417,0.03407164589994638,140,0,0,0,128,True,False,no_progress
165,3,1164.9947145183232,879.7197130322725,2.586794879705857,328.78375244140625,25.34893226623535,0,10,0,9,9,0.03822528389080162,-0.9289593919096433,-0.7114200839450491,0,0,0,0,153,False,False,
165,4,1244.6624803951772,883.2256903712924,2.5253078171288266,258.1636962890625,20.613157272338867,0,8,1,7,7,-0.06816496551718071,-0.9072813882612005,-0.55629803408228,0,0,0,0,153,False,False,
165,5,1501.4276527322813,861.5523521764429,0.0,7.684458255767822,0.40766680240631104,0,1,0,0,0,0.14834282368123392,-0.8808889064902505,-0.047085678401067144,137,0,0,0,153,False,False,
165,6,1176.7928492078454,884.9214514738006,2.5872948151653334,329.1924133300781,23.253881454467773,0,9,0,8,8,-0.5325870749144592,-0.989222294763299,-0.6360865946454872,0,0,0,0,153,False,False,
165,7,1169.9203454143483,883.7445225966669,2.587270766916465,329.0502624511719,26.012868881225586,0,10,0,9,9,-0.04579466877351403,-0.9161468669883984,-0.7977451759954253,0,0,0,0,153,False,False,
166,0,1180.619408975196,882.1252593814224,2.5860902992226844,329.5804748535156,23.744110107421875,0,9,0,8,8,-0.034296445507516184,-0.982345147946466,-0.951958956983851,0,0,0,0,154,False,False,
166,1,1270.3391403920875,882.5240150012901,2.4710149538367348,236.61720275878906,18.142641067504883,0,7,0,6,6,-0.09525892111801491,-0.9332733098032193,-0.5949258891704438,0,0,0,0,154,False,False,
140,2,1504.0459852540182,860.87550647278,0.0,0.0,-0.19439087808132172,0,1,0,0,0,0.18531981358975586,-0.8736779209069417,0.03407164589994638,140,0,0,0,128,True,False,no_progress
166,3,1162.4095178233263,879.8347142040698,2.58775331539507,331.37152099609375,25.37396812438965,0,10,0,9,9,0.04237346901751696,-0.9358462890517969,-0.7208393464374695,0,0,0,0,154,False,False,
166,4,1242.1356181652152,883.298095336635,2.5278993667103116,260.69158935546875,20.637123107910156,0,8,0,7,7,-0.07352874740234559,-0.913980780653829,-0.556151729984496,0,0,0,0,154,False,False,
166,5,1501.4276527322813,861.5523521764429,0.0,7.684458255767822,0.40769994258880615,0,1,0,0,0,0.14834282368123392,-0.8808889064902505,-0.047085678401067144,138,0,0,0,154,False,False,
166,6,1174.2057242736228,884.9953852106518,2.5881811417908502,331.7806396484375,25.77834701538086,0,10,1,9,9,-0.0626072791557691,-0.9045525897356346,-0.6401439748953832,0,0,0,0,154,False,False,
166,7,1167.3335559405446,883.8283845794698,2.5881484914783184,331.638427734375,26.03769302368164,0,10,0,9,9,-0.04994013009781434,-0.9230291224336749,-0.7920585832709297,0,0,0,0,154,False,False,
167,0,1178.033928866967,882.215687348775,2.587060997991056,332.1675109863281,23.76875114440918,0,9,0,8,8,-0.05626515891877438,-0.9892274714069457,-0.9540245197149203,0,0,0,0,155,False,False,
167,1,1267.8650839250245,882.5948112872775,2.475069194250225,239.0922088623047,18.16556739807129,0,7,0,6,6,-0.10574900792118266,-0.9397914168584125,-0.5906736940658395,0,0,0,0,155,False,False,
140,2,1504.0459852540182,860.87550647278,0.0,0.0,-0.19439087808132172,0,1,0,0,0,0.18531981358975586,-0.8736779209069417,0.03407164589994638,140,0,0,0,128,True,False,no_progress
167,3,1159.8233821291753,879.9496879116347,2.588690167245385,333.96026611328125,25.398860931396484,0,10,0,9,9,0.04749627664551023,-0.9427324496771127,-0.7302586089298899,0,0,0,0,155,False,False,
167,4,1239.6062325147143,883.3707680335162,2.5304294279492354,263.2220458984375,20.660934448242188,0,8,0,7,7,-0.07982387372857905,-0.9206798408757175,-0.555976153632681,0,0,0,0,155,False,False,
167,5,1501.4276527322813,861.5523521764429,0.0,7.684458255767822,0.40773308277130127,0,1,0,0,0,0.14834282368123392,-0.8808889064902505,-0.047085678401067144,139,0,0,0,155,False,False,
167,6,1171.6177961270123,885.0693892903819,2.588986036237927,334.3695983886719,25.802654266357422,0,10,0,9,9,-0.06749223417444025,-0.91142048050746,-0.6360439726427918,0,0,0,0,155,False,False,
167,7,1164.7459200021167,883.9125118155667,2.5890031173593235,334.2273254394531,26.062379837036133,0,10,0,9,9,-0.05491933631360047,-0.9299094534005549,-0.7863351715394107,0,0,0,0,155,False,False,
168,0,1175.4475167842868,882.3062123025446,2.5879957937928983,334.7555236816406,23.79060935974121,0,9,0,8,8,-0.15498976361248726,-0.9960545486961416,-0.9560900788727164,0,0,0,0,156,False,False,
168,1,1265.3870900047193,882.6660686868466,2.479018250449589,241.57125854492188,18.188140869140625,0,7,0,6,6,-0.11880972581135817,-0.9462999150235122,-0.5863700724133818,0,0,0,0,156,False,False,
140,2,1504.0459852540182,860.87550647278,0.0,0.0,-0.19439087808132172,0,1,0,0,0,0.18531981358975586,-0.8736779209069417,0.03407164589994638,140,0,0,0,128,True,False,no_progress
168,3,1157.2363374225288,880.0646797346155,2.5895990874150603,336.54986572265625,25.423574447631836,0,10,0,9,9,0.05400642703721985,-0.9496161795976723,-0.7396780715256093,0,0,0,0,156,False,False,
168,4,1237.0743975544178,883.4437574839973,2.5328868364104746,265.75494384765625,20.68454360961914,0,8,0,7,7,-0.08729648351233486,-0.927376242122997,-0.5557782514699303,0,0,0,0,156,False,False,
168,5,1501.4276527322813,861.5523521764429,0.0,7.684458255767822,0.4077662229537964,0,1,0,0,0,0.14834282368123392,-0.8808889064902505,-0.047085678401067144,140,0,0,0,156,True,False,no_progress
168,6,1169.029073795131,885.1436404939744,2.589786970547234,336.95941162109375,25.826824188232422,0,10,0,9,9,-0.0732448092449431,-0.9182845363766381,-0.6315134910215936,0,0,0,0,156,False,False,
168,7,1162.157417301193,883.9968757056289,2.5898771203738793,336.81719970703125,26.08689308166504,0,10,0,9,9,-0.060968657974497846,-0.9367872535284337,-0.7805973523703608,0,0,0,0,156,False,False,
169,0,1172.8601854370875,882.3968380024756,2.588918020658139,337.3443908691406,26.316268920898438,0,10,1,9,9,-0.020378455550078594,-0.908372308482355,-0.9543453782083848,0,0,0,0,157,False,False,
169,1,1262.9052651126196,882.7378096087143,2.482861565797835,244.05410766601562,18.21026039123535,0,7,0,6,6,-0.13548533028649798,-0.9527896925196199,-0.5820227424831768,0,0,0,0,157,False,False,
140,2,1504.0459852540182,860.87550647278,0.0,0.0,-0.19439087808132172,0,1,0,0,0,0.18531981358975586,-0.8736779209069417,0.03407164589994638,140,0,0,0,128,True,False,no_progress
169,3,1154.648398882711,880.1796985081718,2.590493235687868,339.14031982421875,25.448047637939453,0,10,0,9,9,0.0625764090624977,-0.9564952409212509,-0.7490900445407075,0,0,0,0,157,False,False,
169,4,1234.5401729635878,883.5170785741941,2.535285044928022,268.2901916503906,20.70790672302246,0,8,0,7,7,-0.09629216436723785,-0.934066843839825,-0.5555441591962388,0,0,0,0,157,False,False,
168,5,1501.4276527322813,861.5523521764429,0.0,7.684458255767822,0.4077662229537964,0,1,0,0,0,0.14834282368123392,-0.8808889064902505,-0.047085678401067144,140,0,0,0,156,True,False,no_progress
169,6,1166.4395693436466,885.2182224914006,2.590578271081163,339.5499572753906,25.85080337524414,0,10,0,9,9,-0.08007213788283833,-0.9251426968372105,-0.6269466477723414,0,0,0,0,157,False,False,
169,7,1159.5680434116748,884.081411623354,2.5907534543263853,339.4080505371094,26.11119842529297,0,10,0,9,9,-0.0684734660709738,-0.9436606328742051,-0.7748300608439809,0,0,0,0,157,False,False,
170,0,1170.272024361694,882.4876703420799,2.5897544798878736,339.9342346191406,26.34187889099121,0,10,0,9,9,-0.022086168084437457,-0.9152747332042629,-0.9478317085231314,0,0,0,0,158,False,False,
170,1,1260.4196149938728,882.8098940798768,2.4866951328638347,246.54086303710938,18.231767654418945,0,7,0,6,6,-0.15743896644613642,-0.9592472241088578,-0.5776388222354328,0,0,0,0,158,False,False,
140,2,1504.0459852540182,860.87550647278,0.0,0.0,-0.19439087808132172,0,1,0,0,0,0.18531981358975586,-0.8736779209069417,0.03407164589994638,140,0,0,0,128,True,False,no_progress
170,3,1152.059648882728,880.2946345862892,2.5913002266170424,341.73162841796875,25.472183227539062,0,10,0,9,9,0.07439644078907134,-0.9633656896198363,-0.7585019889696201,0,0,0,0,158,False,False,
170,4,1232.0036185052868,883.5907290502178,2.537623477300182,270.8277587890625,20.730966567993164,0,8,0,7,7,-0.10732143680559274,-0.9407475344117525,-0.5552804230481039,0,0,0,0,158,False,False,
168,5,1501.4276527322813,861.5523521764429,0.0,7.684458255767822,0.4077662229537964,0,1,0,0,0,0.14834282368123392,-0.8808889064902505,-0.047085678401067144,140,0,0,0,156,True,False,no_progress
170,6,1163.849302836813,885.2931794543738,2.5913508297259713,342.1413879394531,25.874553680419922,0,10,0,9,9,-0.08828257581245932,-0.931992898343202,-0.6223359247282283,0,0,0,0,158,False,False,
170,7,1156.9778460182722,884.1661203398872,2.591582162202597,341.99951171875,26.135236740112305,0,10,0,9,9,-0.0780609944232285,-0.9505256790745747,-0.7690483332938844,0,0,0,0,158,False,False,
171,0,1167.682993623808,882.5786668969838,2.590629370389337,342.5248107910156,26.367433547973633,0,10,0,9,9,-0.02408229900662617,-0.9221784281408792,-0.9412887737303932,0,0,0,0,159,False,False,
171,1,1257.9302729456522,882.8822826723708,2.49039433451057,249.0311737060547,18.25244903564453,0,7,0,6,6,-0.18763588743866472,-0.9656473701944963,-0.5732254296303589,0,0,0,0,159,False,False,
140,2,1504.0459852540182,860.87550647278,0.0,0.0,-0.19439087808132172,0,1,0,0,0,0.18531981358975586,-0.8736779209069417,0.03407164589994638,140,0,0,0,128,True,False,no_progress
171,3,1149.470082413453,880.4094719992413,2.5921115196317457,344.3237609863281,25.495838165283203,0,10,0,9,9,0.09166687815476912,-0.9702199841510765,-0.7678992972715172,0,0,0,0,159,False,False,
171,4,1229.46479552331,883.6647019522884,2.5399004161689263,273.3676452636719,20.753644943237305,0,8,0,7,7,-0.12115016091100111,-0.9474121909205003,-0.554995104329858,0,0,0,0,159,False,False,
168,5,1501.4276527322813,861.5523521764429,0.0,7.684458255767822,0.4077662229537964,0,1,0,0,0,0.14834282368123392,-0.8808889064902505,-0.047085678401067144,140,0,0,0,156,True,False,no_progress
171,6,1161.2583040724662,885.3685501145667,2.5920947770605154,344.7334289550781,25.89802360534668,0,10,0,9,9,-0.09833438337693678,-0.9388310190226322,-0.6176737465500761,0,0,0,0,159,False,False,
171,7,1154.3868571899002,884.2510172663273,2.592379331206659,344.59197998046875,26.158920288085938,0,10,0,9,9,-0.09073791102498616,-0.9573785369525131,-0.7632444514499657,0,0,0,0,159,False,False,
172,0,1165.0931303791006,882.6698230071679,2.5914669711787366,345.11627197265625,26.39293098449707,0,10,0,9,9,-0.02646285485916072,-0.929083515367693,-0.9347383100510286,0,0,0,0,160,False,False,
172,1,1255.4373312581695,882.954938574048,2.494000227994722,251.525146484375,18.271915435791016,0,7,0,6,6,-0.23156184101537242,-0.9719444105524114,-0.5687756753972308,0,0,0,0,160,False,False,
140,2,1504.0459852540182,860.87550647278,0.0,0.0,-0.19439087808132172,0,1,0,0,0,0.18531981358975586,-0.8736779209069417,0.03407164589994638,140,0,0,0,128,True,False,no_progress
172,3,1146.8796944009637,880.5242537393688,2.592929791397135,346.916748046875,25.51871681213379,0,10,0,9,9,0.11922064898825195,-0.9770415629517901,-0.7772819837394915,0,0,0,0,160,False,False,
172,4,1226.9237554756353,883.7389745346374,2.542125280228058,275.9098815917969,20.775827407836914,0,8,0,7,7,-0.13898667442289758,-0.9540510319161501,-0.554672823673661,0,0,0,0,160,False,False,
168,5,1501.4276527322813,861.5523521764429,0.0,7.684458255767822,0.4077662229537964,0,1,0,0,0,0.14834282368123392,-0.8808889064902505,-0.047085678401067144,140,0,0,0,156,True,False,no_progress
172,6,1158.6665585110024,885.4442980103893,2.5928522516888837,347.3263244628906,25.9211368560791,0,10,0,9,9,-0.11089425206974081,-0.9456525329138846,-0.6129678886803622,0,0,0,0,160,False,False,
172,7,1151.7951081674616,884.3361259529551,2.593146059104689,347.18505859375,26.182111740112305,0,10,0,9,9,-0.10826534131927272,-0.964209719182911,-0.7574261192892376,0,0,0,0,160,False,False,
173,0,1162.5024377886614,882.7611030150434,2.5923001635601555,347.7085876464844,26.41834831237793,0,10,0,9,9,-0.029346411993760233,-0.935989702436425,-0.9281661101508059,0,0,0,0,161,False,False,
173,1,1252.940864113905,883.0278016391105,2.4975302257713916,254.02267456054688,18.28946304321289,0,7,0,6,6,-0.3004222289241183,-0.9780403830742369,-0.5643186031005949,0,0,0,0,161,False,False,
140,2,1504.0459852540182,860.87550647278,0.0,0.0,-0.19439087808132172,0,1,0,0,0,0.18531981358975586,-0.8736779209069417,0.03407164589994638,140,0,0,0,128,True,False,no_progress
173,3,1144.2885205914572,880.6390440205284,2.5937151963392293,349.5103454589844,25.54016876220703,0,10,0,9,9,0.16983827672146073,-0.9837857082012319,-0.7866719882709737,0,0,0,0,161,False,False,
173,4,1224.3805587761021,883.8135314241921,2.5442893275522347,278.4540710449219,20.797348022460938,0,8,0,7,7,-0.16282962446913415,-0.9606468636580484,-0.5543143814927088,0,0,0,0,161,False,False,
168,5,1501.4276527322813,861.5523521764429,0.0,7.684458255767822,0.4077662229537964,0,1,0,0,0,0.14834282368123392,-0.8808889064902505,-0.047085678401067144,140,0,0,0,156,True,False,no_progress
173,6,1156.0740874058527,885.520401763944,2.5935879033381632,349.91986083984375,25.94379997253418,0,10,0,9,9,-0.12703761383869377,-0.9524486445281745,-0.6082178651539314,0,0,0,0,161,False,False,
173,7,1149.2026137277674,884.4214488646195,2.593898112706162,349.77899169921875,26.20457649230957,0,10,0,9,9,-0.13403239522367458,-0.9710033388337942,-0.7515710395869502,0,0,0,0,161,False,False,
174,0,1159.9109459913493,882.8524974010643,2.5931029037298394,350.3017578125,26.443668365478516,0,10,0,9,9,-0.03292187255402218,-0.9428965604785026,-0.9215865850405289,0,0,0,0,162,False,False,
174,1,1250.4409721177185,883.1008115533481,2.5009579045187773,256.52374267578125,18.30368995666504,0,7,0,6,6,-0.4195176246419395,-0.9836965121385755,-0.5598466659874589,0,0,0,0,162,False,False,
140,2,1504.0459852540182,860.87550647278,0.0,0.0,-0.19439087808132172,0,1,0,0,0,0.18531981358975586,-0.8736779209069417,0.03407164589994638,140,0,0,0,128,True,False,no_progress
174,3,1141.6965997244129,880.7539056314145,2.5944646790186083,352.10479736328125,25.558225631713867,0,10,0,9,9,0.29007848749420695,-0.9902867976870937,-0.796061978509363,0,0,0,0,162,False,False,
174,4,1221.8352542422192,883.888345723278,2.546403807245132,281.0005798339844,20.817934036254883,0,8,0,7,7,-0.1962199567249652,-0.9671714911830558,-0.5539409029781431,0,0,0,0,162,False,False,
168,5,1501.4276527322813,861.5523521764429,0.0,7.684458255767822,0.4077662229537964,0,1,0,0,0,0.14834282368123392,-0.8808889064902505,-0.047085678401067144,140,0,0,0,156,True,False,no_progress
174,6,1153.480892353325,885.5968175905149,2.5943207124416214,352.5142517089844,25.965856552124023,0,10,0,9,9,-0.14852698303128212,-0.9592064844147199,-0.6034386265458409,0,0,0,0,162,False,False,
174,7,1146.609358093208,884.5069265257398,2.594663989175772,352.3736572265625,26.225872039794922,0,10,0,9,9,-0.17542299472093975,-0.9777226216025543,-0.7457086132349694,0,0,0,0,162,False,False,
175,0,1157.3186889061978,882.9440195677672,2.593872221701835,352.8955383300781,26.468860626220703,0,10,0,9,9,-0.037485506430728795,-0.9498027644145893,-0.9149922236999375,0,0,0,0,163,False,False,
175,1,1247.9377618258115,883.1739067638589,2.5042772760436014,259.0279846191406,18.311599731445312,0,7,0,6,6,-0.645633734446813,-0.9882424316780828,-0.5553749575638075,0,0,0,0,163,False,False,
140,2,1504.0459852540182,860.87550647278,0.0,0.0,-0.19439087808132172,0,1,0,0,0,0.18531981358975586,-0.8736779209069417,0.03407164589994638,140,0,0,0,128,True,False,no_progress
175,3,1139.103939585392,880.8688525673182,2.5952070041793207,354.7001037597656,25.563400268554688,0,10,0,9,9,0.746067869679165,-0.9953617083117926,-0.8054666191678608,0,0,0,0,163,False,False,
175,4,1219.2878798521958,883.9633684837162,2.5484788987808065,283.5490417480469,20.837125778198242,0,8,0,7,7,-0.2459678481832144,-0.9735664860950045,-0.5535527883365619,0,0,0,0,163,False,False,
168,5,1501.4276527322813,861.5523521764429,0.0,7.684458255767822,0.4077662229537964,0,1,0,0,0,0.14834282368123392,-0.8808889064902505,-0.047085678401067144,140,0,0,0,156,True,False,no_progress
175,6,1150.8869509862443,885.6734089971776,2.5950718794336627,355.1092529296875,25.987064361572266,0,10,0,9,9,-0.1784530030433378,-0.9659013381515643,-0.5986303157870183,0,0,0,0,163,False,False,
175,7,1144.0153536597763,884.5925036347354,2.5954156588582222,354.96905517578125,26.245012283325195,0,10,0,9,9,-0.25184679326444365,-0.9842693550585582,-0.7398171147322566,0,0,0,0,163,False,False,
176,0,1154.7257031428878,883.0357019346443,2.5946061021135836,355.49017333984375,26.493885040283203,0,10,0,9,9,-0.043511036430860864,-0.9567078693682163,-0.9083761082721218,0,0,0,0,164,False,False,
176,1,1245.4313543085825,883.2469939923819,2.507472908207681,261.535400390625,20.835676193237305,0,8,1,7,7,-0.06781749798356537,-0.905232732634464,-0.5511440305812727,0,0,0,0,164,False,False,
140,2,1504.0459852540182,860.87550647278,0.0,0.0,-0.19439087808132172,0,1,0,0,0,0.18531981358975586,-0.8736779209069417,0.03407164589994638,140,0,0,0,128,True,False,no_progress
176,3,1136.5105968037512,880.9839497311732,2.595895633536917,357.2959289550781,28.088308334350586,0,11,1,10,10,0.047697225683416236,-0.9099989003017583,-0.8019226325178381,0,0,0,0,164,False,False,
176,4,1216.7385067753055,884.0384788878151,2.5504792996566414,286.0994567871094,20.854053497314453,0,8,0,7,7,-0.32657657087253633,-0.9797038165738802,-0.5531573556314728,0,0,0,0,164,False,False,
168,5,1501.4276527322813,861.5523521764429,0.0,7.684458255767822,0.4077662229537964,0,1,0,0,0,0.14834282368123392,-0.8808889064902505,-0.047085678401067144,140,0,0,0,156,True,False,no_progress
176,6,1148.292271276604,885.7501155142925,2.595813299408627,357.7051086425781,26.00702476501465,0,10,0,9,9,-0.22283069953641896,-0.9724866176202316,-0.5938144868613888,0,0,0,0,164,False,False,
176,7,1141.4206245439086,884.6781383624632,2.5961418473043385,357.565185546875,26.2591495513916,0,10,0,9,9,-0.42894506466566074,-0.9902841766378216,-0.7339327341897526,0,0,0,0,164,False,False,
177,0,1152.1320226163864,883.1275849541663,2.5953075276022464,358.0854187011719,26.5186767578125,0,10,0,9,9,-0.05182990347161902,-0.9636092863446581,-0.9017451566139915,0,0,0,0,165,False,False,
177,1,1242.921854340821,883.3202260427623,2.510568266627727,264.0459899902344,20.859607696533203,0,8,0,7,7,-0.07297571696603376,-0.9118867931466715,-0.5508441329083825,0,0,0,0,165,False,False,
140,2,1504.0459852540182,860.87550647278,0.0,0.0,-0.19439087808132172,0,1,0,0,0,0.18531981358975586,-0.8736779209069417,0.03407164589994638,140,0,0,0,128,True,False,no_progress
177,3,1133.916644495344,881.0989413929005,2.5964998864931075,359.8924560546875,28.113088607788086,0,11,0,10,10,0.051703118331748656,-0.9169019408021718,-0.7938233514375364,0,0,0,0,165,False,False,
177,4,1214.1871902876912,884.1136000139566,2.5524221836454357,288.6519470214844,20.866901397705078,0,8,0,7,7,-0.4720159118091146,-0.98525111620667,-0.5527696697826752,0,0,0,0,165,False,False,
168,5,1501.4276527322813,861.5523521764429,0.0,7.684458255767822,0.4077662229537964,0,1,0,0,0,0.14834282368123392,-0.8808889064902505,-0.047085678401067144,140,0,0,0,156,True,False,no_progress
177,6,1145.696889102987,885.826866949984,2.59651678408021,360.30157470703125,26.024961471557617,0,10,0,9,9,-0.2944790760912257,-0.9788569742917242,-0.588998829452873,0,0,0,0,165,False,False,
177,7,1138.8251868879736,884.7638117412206,2.596851276772117,360.16204833984375,28.784936904907227,0,11,1,10,10,-0.0168093354886259,-0.9044640693545334,-0.7280483536472485,0,0,0,0,165,False,False,
178,0,1149.5376686587706,883.2196944465775,2.5959885623764674,360.6814270019531,26.543127059936523,0,10,0,9,9,-0.06404224611107515,-0.9705035836170313,-0.8950851470982221,0,0,0,0,166,False,False,
178,1,1240.4093393473736,883.3936784465894,2.513588440442419,266.55963134765625,20.883392333984375,0,8,0,7,7,-0.07900339453341555,-0.9185422154945072,-0.5505218236659999,0,0,0,0,166,False,False,
140,2,1504.0459852540182,860.87550647278,0.0,0.0,-0.19439087808132172,0,1,0,0,0,0.18531981358975586,-0.8736779209069417,0.03407164589994638,140,0,0,0,128,True,False,no_progress
178,3,1131.3220599776937,881.2137404034247,2.5971229528166395,362.4895935058594,28.137752532958984,0,11,0,10,10,0.05645616591738442,-0.9238027062831572,-0.7857021733390825,0,0,0,0,166,False,False,
178,4,1211.633974209838,884.1887007463554,2.5543203519165303,291.2061462402344,20.871841430664062,0,8,0,7,7,-0.7532487693078944,-0.9892414871132309,-0.5523815265549084,0,0,0,0,166,False,False,
168,5,1501.4276527322813,861.5523521764429,0.0,7.684458255767822,0.4077662229537964,0,1,0,0,0,0.14834282368123392,-0.8808889064902505,-0.047085678401067144,140,0,0,0,156,True,False,no_progress
178,6,1143.100817123722,885.9036321582929,2.5972066954193593,362.8987731933594,26.03923225402832,0,10,0,9,9,-0.42430235920699033,-0.984738765712417,-0.5841830005272436,0,0,0,0,166,False,False,
178,7,1136.22907797625,884.8495509821593,2.5975243403994766,362.759521484375,28.810686111450195,0,11,0,10,10,-0.018134995298095508,-0.9113880891329617,-0.7381127491757745,0,0,0,0,166,False,False,
179,0,1146.9426648342785,883.3120523212691,2.5966468427852765,363.2781677246094,26.5670223236084,0,10,0,9,9,-0.08369502792648972,-0.977382419891339,-0.8883885472649138,0,0,0,0,167,False,False,
179,1,1237.8938971164125,883.4674013280387,2.5165223385758044,269.0760803222656,20.906986236572266,0,8,0,7,7,-0.0861238233710512,-0.925196490694963,-0.5501780176120632,0,0,0,0,167,False,False,
140,2,1504.0459852540182,860.87550647278,0.0,0.0,-0.19439087808132172,0,1,0,0,0,0.18531981358975586,-0.8736779209069417,0.03407164589994638,140,0,0,0,128,True,False,no_progress
179,3,1128.7268500672876,881.3283093589906,2.5977375780953937,365.08734130859375,28.162260055541992,0,11,0,10,10,0.062161805817837354,-0.9307000130810352,-0.7775444906816468,0,0,0,0,167,False,False,
179,4,1209.0789081268103,884.2637659319025,2.5561685137563397,293.7624206542969,23.39629364013672,0,9,1,8,8,-0.059724848940949316,-0.9062617924054988,-0.5537164156628056,0,0,0,0,167,False,False,
168,5,1501.4276527322813,861.5523521764429,0.0,7.684458255767822,0.4077662229537964,0,1,0,0,0,0.14834282368123392,-0.8808889064902505,-0.047085678401067144,140,0,0,0,156,True,False,no_progress
179,6,1140.504075408319,885.980389433503,2.5978759046211874,365.4967041015625,26.046100616455078,0,10,0,9,9,-0.6862184614540998,-0.9892902976922267,-0.5793598535381065,0,0,0,0,167,False,False,
179,7,1133.6323073114922,884.9353563350832,2.5981879154395906,365.35772705078125,28.836395263671875,0,11,0,10,10,-0.019684932026970615,-0.918313620234573,-0.7497262015145418,0,0,0,0,167,False,False,
180,0,1144.347045306683,883.4046967663274,2.5972723625440843,365.8753967285156,26.589879989624023,0,10,0,9,9,-0.12044329214254125,-0.9842223288075334,-0.8816624679277291,0,0,0,0,168,False,False,
180,1,1235.3756006351362,883.5414108852628,2.519383770323586,271.5954895019531,20.930349349975586,0,8,0,7,7,-0.094643587770151,-0.9318474075915564,-0.5498118571610053,0,0,0,0,168,False,False,
140,2,1504.0459852540182,860.87550647278,0.0,0.0,-0.19439087808132172,0,1,0,0,0,0.18531981358975586,-0.8736779209069417,0.03407164589994638,140,0,0,0,128,True,False,no_progress
180,3,1126.1310369729329,881.4426132108574,2.598328499511692,367.6856689453125,28.186573028564453,0,11,0,10,10,0.06913148261497623,-0.9375921825057563,-0.7693576072356438,0,0,0,0,168,False,False,
180,4,1206.5220955231796,884.3389548761603,2.557917916474982,296.3202819824219,23.420608520507812,0,9,0,8,8,-0.06442168357967577,-0.9130504215328143,-0.5574734122746565,0,0,0,0,168,False,False,
168,5,1501.4276527322813,861.5523521764429,0.0,7.684458255767822,0.4077662229537964,0,1,0,0,0,0.14834282368123392,-0.8808889064902505,-0.047085678401067144,140,0,0,0,156,True,False,no_progress
180,6,1137.9066832285164,886.0571236400348,2.5985254037920185,368.0951232910156,28.571292877197266,0,11,1,10,10,-0.03807579815694453,-0.9068726883756273,-0.5795557546678669,0,0,0,0,168,False,False,
180,7,1131.0349336452744,885.0211115703651,2.5987889337805234,367.95654296875,28.862049102783203,0,11,0,10,10,-0.021490644449829687,-0.9252402131644566,-0.7613469576237242,0,0,0,0,168,False,False,
181,0,1141.750797367161,883.4975999738236,2.597909615331952,368.4732360839844,26.61014175415039,0,10,0,9,9,-0.2123282012589938,-0.9909320393655299,-0.8749073378794516,0,0,0,0,169,False,False,
181,1,1232.854524975135,883.6157099464589,2.5221702626793467,274.1177062988281,20.95343017578125,0,8,0,7,7,-0.10501427551409076,-0.9384909450094931,-0.5494164244559163,0,0,0,0,169,False,False,
140,2,1504.0459852540182,860.87550647278,0.0,0.0,-0.19439087808132172,0,1,0,0,0,0.18531981358975586,-0.8736779209069417,0.03407164589994638,140,0,0,0,128,True,False,no_progress
181,3,1123.534648665949,881.5566062041274,2.598889501913893,370.28448486328125,28.21063995361328,0,11,0,10,10,0.07783702633217615,-0.9444763284782419,-0.761111293109826,0,0,0,0,169,False,False,
181,4,1203.9635621164696,884.4143224614053,2.5596432302485774,298.8798522949219,23.444782257080078,0,9,0,8,8,-0.0699325026780558,-0.9198380491410518,-0.5612164016555747,0,0,0,0,169,False,False,
168,5,1501.4276527322813,861.5523521764429,0.0,7.684458255767822,0.4077662229537964,0,1,0,0,0,0.14834282368123392,-0.8808889064902505,-0.047085678401067144,140,0,0,0,156,True,False,no_progress
181,6,1135.3086958810834,886.1339366265773,2.599122638954137,370.69427490234375,28.596391677856445,0,11,0,10,10,-0.04115076541322019,-0.9137903796071273,-0.5922547674039272,0,0,0,0,169,False,False,
181,7,1128.4369406743585,885.1068069724963,2.59940592806789,370.55596923828125,28.88764762878418,0,11,0,10,10,-0.02366464169027217,-0.9321676962600227,-0.7729739884006407,0,0,0,0,169,False,False,
182,0,1139.153922494357,883.5907186585266,2.5985438604038853,371.07183837890625,26.61721420288086,0,10,0,9,9,-0.6789859832893083,-0.9966087716088189,-0.8681373430146739,0,0,0,0,170,False,False,
182,1,1230.3307495877993,883.6903038347499,2.524877512651225,276.6424865722656,20.976158142089844,0,8,0,7,7,-0.11790097699424172,-0.9451210677016587,-0.5489990661464896,0,0,0,0,170,False,False,
140,2,1504.0459852540182,860.87550647278,0.0,0.0,-0.19439087808132172,0,1,0,0,0,0.18531981358975586,-0.8736779209069417,0.03407164589994638,140,0,0,0,128,True,False,no_progress
182,3,1120.9376890283781,881.6702819256724,2.599446388914436,372.8839111328125,28.234394073486328,0,11,0,10,10,0.08899454302030026,-0.9513488867750396,-0.7528441253616296,0,0,0,0,170,False,False,
182,4,1201.4033423732344,884.4897490234795,2.5613305721669812,301.4412536621094,23.468769073486328,0,9,0,8,8,-0.07643213887089359,-0.9266234890863928,-0.5649593910364927,0,0,0,0,170,False,False,
168,5,1501.4276527322813,861.5523521764429,0.0,7.684458255767822,0.4077662229537964,0,1,0,0,0,0.14834282368123392,-0.8808889064902505,-0.047085678401067144,140,0,0,0,156,True,False,no_progress
182,6,1132.710121624278,886.2108729716493,2.599712939792636,373.2940368652344,28.621397018432617,0,11,0,10,10,-0.044774971959676196,-0.9207073379707035,-0.6049318259494645,0,0,0,0,170,False,False,
182,7,1125.8383360505384,885.1924538395072,2.600015649331494,373.1558837890625,28.91317367553711,0,11,0,10,10,-0.026338870478691156,-0.9390954941597581,-0.7846239310052973,0,0,0,0,170,False,False,
183,0,1136.556427023501,883.6839371549453,2.599167637762447,373.6710510253906,29.14341926574707,0,11,1,10,10,0.0021175384649543124,-0.9104474845507066,-0.8747640353311532,0,0,0,0,171,False,False,
183,1,1227.8043323280215,883.7651687011382,2.527526244912757,279.1700744628906,20.998432159423828,0,8,0,7,7,-0.13432816385832086,-0.9517299910596401,-0.5485524069968463,0,0,0,0,171,False,False,
140,2,1504.0459852540182,860.87550647278,0.0,0.0,-0.19439087808132172,0,1,0,0,0,0.18531981358975586,-0.8736779209069417,0.03407164589994638,140,0,0,0,128,True,False,no_progress
183,3,1118.3401934612739,881.7835962201784,2.5999660287138244,375.4839172363281,28.257728576660156,0,11,0,10,10,0.10382145597164177,-0.9582032458155587,-0.7445102231632033,0,0,0,0,171,False,False,
183,4,1198.8414780274795,884.565167206183,2.56297421530783,304.0042419433594,23.492551803588867,0,9,0,8,8,-0.08424260711944953,-0.9334039384907047,-0.5687090981710216,0,0,0,0,171,False,False,
168,5,1501.4276527322813,861.5523521764429,0.0,7.684458255767822,0.4077662229537964,0,1,0,0,0,0.14834282368123392,-0.8808889064902505,-0.047085678401067144,140,0,0,0,156,True,False,no_progress
183,6,1130.110987127645,886.2879748019647,2.6002778358907523,375.894287109375,28.646282196044922,0,11,0,10,10,-0.04910067625800644,-0.9276225642612504,-0.6176089416673727,0,0,0,0,171,False,False,
183,7,1123.239127833991,885.2780762265427,2.6006181084750915,375.75653076171875,28.93860626220703,0,11,0,10,10,-0.02971007378017071,-0.9460238774140972,-0.7962738879030467,0,0,0,0,171,False,False,
184,0,1133.9583669593856,883.7771056799938,2.5997300765294993,376.270751953125,29.169620513916016,0,11,0,10,10,0.0023144123496450673,-0.9173799526059281,-0.8855109546265197,0,0,0,0,172,False,False,
184,1,1225.2753416497314,883.8402828235901,2.5301059231323775,281.70013427734375,21.02010726928711,0,8,0,7,7,-0.15595524823254436,-0.9583031069360002,-0.5480915690991567,0,0,0,0,172,False,False,
140,2,1504.0459852540182,860.87550647278,0.0,0.0,-0.19439087808132172,0,1,0,0,0,0.18531981358975586,-0.8736779209069417,0.03407164589994638,140,0,0,0,128,True,False,no_progress
184,3,1115.7421408847051,881.8965912130197,2.600508615448766,378.08441162109375,28.280481338500977,0,11,0,10,10,0.12441882235637788,-0.9650275644959131,-0.736147105883117,0,0,0,0,172,False,False,
184,4,1196.278009352296,884.6405434643078,2.5645766178720777,306.5688171386719,23.516069412231445,0,9,0,8,8,-0.09382070975565285,-0.9401762697694854,-0.5724740131562773,0,0,0,0,172,False,False,
168,5,1501.4276527322813,861.5523521764429,0.0,7.684458255767822,0.4077662229537964,0,1,0,0,0,0.14834282368123392,-0.8808889064902505,-0.047085678401067144,140,0,0,0,156,True,False,no_progress
184,6,1127.511276415274,886.3652132535706,2.6008578520217362,378.49517822265625,28.671018600463867,0,11,0,10,10,-0.05433071987440346,-0.9345354089132359,-0.6302630740920769,0,0,0,0,172,False,False,
184,7,1120.6393455150098,885.3636645610161,2.6011907790634115,378.357666015625,28.963918685913086,0,11,0,10,10,-0.03407327323176206,-0.9529515938407104,-0.807931148571211,0,0,0,0,172,False,False,
185,0,1131.359738477891,883.8701667635538,2.60029428144361,378.8710632324219,29.195819854736328,0,11,0,10,10,0.0025602024239731237,-0.9243140327088347,-0.8962661925018892,0,0,0,0,173,False,False,
185,1,1222.743846013372,883.9156288824263,2.5326166676956325,284.2327575683594,21.040956497192383,0,8,0,7,7,-0.18565254738168102,-0.9648168162871458,-0.5476010301546523,0,0,0,0,173,False,False,
140,2,1504.0459852540182,860.87550647278,0.0,0.0,-0.19439087808132172,0,1,0,0,0,0.18531981358975586,-0.8736779209069417,0.03407164589994638,140,0,0,0,128,True,False,no_progress
185,3,1113.1435268326466,882.0093319078677,2.601058526029642,380.68548583984375,28.3023738861084,0,11,0,10,10,0.1549230775197101,-0.9717993527412108,-0.727746454941368,0,0,0,0,173,False,False,
185,4,1193.7129814685309,884.7158545529339,2.566133239830482,309.1348571777344,23.53925323486328,0,9,0,8,8,-0.1058453039132928,-0.9469354183980749,-0.5762535642685487,0,0,0,0,173,False,False,
168,5,1501.4276527322813,861.5523521764429,0.0,7.684458255767822,0.4077662229537964,0,1,0,0,0,0.14834282368123392,-0.8808889064902505,-0.047085678401067144,140,0,0,0,156,True,False,no_progress
185,6,1124.9109960662624,886.4425551317446,2.601430310343768,381.0965576171875,28.695575714111328,0,11,0,10,10,-0.0607828717974649,-0.9414441417267958,-0.6429109747283255,0,0,0,0,173,False,False,
185,7,1118.0390129191933,885.44919762511,2.601738940385634,380.95941162109375,28.98906707763672,0,11,0,10,10,-0.039943128999839754,-0.9598779463590402,-0.8196029881940197,0,0,0,0,173,False,False,
186,0,1128.7605540371153,883.9630892191292,2.6008449280800803,381.4719543457031,29.222013473510742,0,11,0,10,10,0.002861893039979514,-0.931249709135536,-0.9070433345419573,0,0,0,0,174,False,False,
186,1,1220.2098871503842,883.9911526208424,2.5350840921710174,286.7679443359375,21.06060028076172,0,8,0,7,7,-0.2287196993437356,-0.9712260689176001,-0.5471104912101481,0,0,0,0,174,False,False,
140,2,1504.0459852540182,860.87550647278,0.0,0.0,-0.19439087808132172,0,1,0,0,0,0.18531981358975586,-0.8736779209069417,0.03407164589994638,140,0,0,0,128,True,False,no_progress
186,3,1110.544360708351,882.1218715588469,2.601601375062708,383.28717041015625,28.32286834716797,0,11,0,10,10,0.20447009923495676,-0.9784675674720145,-0.7193103571295033,0,0,0,0,174,False,False,
186,4,1191.1464413251474,884.7910781228901,2.5676422829272334,311.7024841308594,23.56200408935547,0,9,0,8,8,-0.12138049470036094,-0.953674232917451,-0.5800550695713433,0,0,0,0,174,False,False,
168,5,1501.4276527322813,861.5523521764429,0.0,7.684458255767822,0.4077662229537964,0,1,0,0,0,0.14834282368123392,-0.8808889064902505,-0.047085678401067144,140,0,0,0,156,True,False,no_progress
186,6,1122.3102018136042,886.519871568842,2.6019432307614205,383.69854736328125,28.719898223876953,0,11,0,10,10,-0.06892488901038657,-0.9483469237266422,-0.6555734829054038,0,0,0,0,174,False,False,
186,7,1115.4381624956843,885.5346286785324,2.6022531372553575,383.561767578125,29.013980865478516,0,11,0,10,10,-0.048249712956732714,-0.9668010823532689,-0.8312967534211662,0,0,0,0,174,False,False,
187,0,1126.1608118221882,884.0558861624905,2.6013978659119816,384.0733337402344,29.248197555541992,0,11,0,10,10,0.0032215939038283954,-0.9381866655799264,-0.9178423807467238,0,0,0,0,175,False,False,
187,1,1217.673568636601,884.0667331707314,2.537444388135703,289.3053283691406,21.078359603881836,0,8,0,7,7,-0.2959561831503657,-0.9774346859591897,-0.5466199808518295,0,0,0,0,175,False,False,
140,2,1504.0459852540182,860.87550647278,0.0,0.0,-0.19439087808132172,0,1,0,0,0,0.18531981358975586,-0.8736779209069417,0.03407164589994638,140,0,0,0,128,True,False,no_progress
187,3,1107.9446576948794,882.2342443067354,2.602130548746684,385.88922119140625,28.340744018554688,0,11,0,10,10,0.2971638756599905,-0.9848916361780153,-0.7108586226741279,0,0,0,0,175,False,False,
187,4,1188.5784448786296,884.8661731898002,2.5690942019324043,314.2715759277344,23.584171295166016,0,9,0,8,8,-0.1421952409194243,-0.9603798281455217,-0.5838778715823929,0,0,0,0,175,False,False,
168,5,1501.4276527322813,861.5523521764429,0.0,7.684458255767822,0.4077662229537964,0,1,0,0,0,0.14834282368123392,-0.8808889064902505,-0.047085678401067144,140,0,0,0,156,True,False,no_progress
187,6,1119.7088897995322,886.5971163028593,2.6024586343471143,386.301025390625,28.743927001953125,0,11,0,10,10,-0.07956519335516027,-0.9552399519353378,-0.6682505700371266,0,0,0,0,175,False,False,
187,7,1112.8368063027544,885.6199325027065,2.602754461126308,386.16448974609375,29.038537979125977,0,11,0,10,10,-0.06093664067927875,-0.9737165136811212,-0.8429977938325419,0,0,0,0,175,False,False,
188,0,1123.5605149694686,884.1485892918097,2.601948806654223,386.6752014160156,29.274372100830078,0,11,0,10,10,0.003661732626657176,-0.9451248827177359,-0.9286560201992274,0,0,0,0,176,False,False,
188,1,1215.134956360245,884.1422923073118,2.5397364967228944,291.84503173828125,21.092878341674805,0,8,0,7,7,-0.41170001743760926,-0.9832117548998011,-0.5461294419073253,0,0,0,0,176,False,False,
140,2,1504.0459852540182,860.87550647278,0.0,0.0,-0.19439087808132172,0,1,0,0,0,0.18531981358975586,-0.8736779209069417,0.03407164589994638,140,0,0,0,128,True,False,no_progress
188,3,1105.3444070574244,882.346522708798,2.6026735902059457,388.4919738769531,28.35254669189453,0,11,0,10,10,0.5118559625526811,-0.9905579264623259,-0.7023776731370925,0,0,0,0,176,False,False,
188,4,1186.0090427969576,884.9410940872519,2.57049415447222,316.8421325683594,23.60551643371582,0,9,0,8,8,-0.17146114506796897,-0.9670294996227067,-0.5877305461573706,0,0,0,0,176,False,False,
168,5,1501.4276527322813,861.5523521764429,0.0,7.684458255767822,0.4077662229537964,0,1,0,0,0,0.14834282368123392,-0.8808889064902505,-0.047085678401067144,140,0,0,0,156,True,False,no_progress
188,6,1117.10707295737,886.6742622473126,2.6029603102821843,388.9039611816406,28.767547607421875,0,11,0,10,10,-0.0940743681067728,-0.9621171724104414,-0.6809349466461715,0,0,0,0,176,False,False,
188,7,1110.234955843765,885.7050975791118,2.603243918879452,388.7677001953125,29.062482833862305,0,11,0,10,10,-0.08267655646048347,-0.980615305336485,-0.8547290784282584,0,0,0,0,176,False,False,
189,0,1120.9596672491539,884.2412410133841,2.602497493904182,389.2776794433594,29.3005313873291,0,11,0,10,10,0.004211738838540353,-0.9520646963212328,-0.9394842600460146,0,0,0,0,177,False,False,
189,1,1212.594103915918,884.2177972702408,2.5419740642402613,294.3870544433594,21.101240158081055,0,8,0,7,7,-0.6310700235958708,-0.9879110619531764,-0.5456608571533441,0,0,0,0,177,False,False,
140,2,1504.0459852540182,860.87550647278,0.0,0.0,-0.19439087808132172,0,1,0,0,0,0.18531981358975586,-0.8736779209069417,0.03407164589994638,140,0,0,0,128,True,False,no_progress
189,3,1102.7436250404016,882.4587552693699,2.603202498408734,391.0950927734375,28.35054588317871,0,11,0,10,10,1.0,-0.9931889160570275,-0.694551175732661,0,0,0,1,177,False,False,
189,4,1183.4382798476386,885.0158004620137,2.5718482039229498,319.4140319824219,23.625627517700195,0,9,0,8,8,-0.21538712298208668,-0.9735777427454849,-0.5916124358140082,0,0,0,0,177,False,False,
168,5,1501.4276527322813,861.5523521764429,0.0,7.684458255767822,0.4077662229537964,0,1,0,0,0,0.14834282368123392,-0.8808889064902505,-0.047085678401067144,140,0,0,0,156,True,False,no_progress
189,6,1114.5047995943964,886.751226155616,2.603411242739599,391.50738525390625,28.79057502746582,0,11,0,10,10,-0.11498914352064654,-0.9689672524296133,-0.6936485383368762,0,0,0,0,177,False,False,
189,7,1107.6326422660927,885.7900824880761,2.603700902809179,391.37139892578125,29.08513641357422,0,11,0,10,10,-0.1283230648619969,-0.9874677791184101,-0.8664812309394461,0,0,0,0,177,False,False,
190,0,1118.358283753797,884.333869805359,2.603032113328139,391.8807678222656,29.32667350769043,0,11,0,10,10,0.004936072889345964,-0.959006091084431,-0.950312503466075,0,0,0,0,178,False,False,
190,1,1210.051069683564,884.2932324856372,2.5441528214015254,296.9312744140625,23.625667572021484,0,9,1,8,8,-0.05931983851384833,-0.9036696330024512,-0.5453371757740539,0,0,0,0,178,False,False,
140,2,1504.0459852540182,860.87550647278,0.0,0.0,-0.19439087808132172,0,1,0,0,0,0.18531981358975586,-0.8736779209069417,0.03407164589994638,140,0,0,0,128,True,False,no_progress
190,3,1100.1423270124865,882.5709676794646,2.6037171611014167,393.6988220214844,30.87569236755371,0,12,1,11,11,0.040215208648628376,-0.9138007358435841,-0.6990976084454112,0,0,0,0,178,False,False,
190,4,1180.86618345729,885.0902853452984,2.5731746615965894,321.98712158203125,23.643705368041992,0,9,0,8,8,-0.2876644847597542,-0.9799211107049033,-0.5955315446842673,0,0,0,0,178,False,False,
168,5,1501.4276527322813,861.5523521764429,0.0,7.684458255767822,0.4077662229537964,0,1,0,0,0,0.14834282368123392,-0.8808889064902505,-0.047085678401067144,140,0,0,0,156,True,False,no_progress
190,6,1111.9020844059817,886.8279517120577,2.6038458408699445,394.1111755371094,28.812681198120117,0,11,0,10,10,-0.14769179542164593,-0.9757657727409235,-0.706391345109241,0,0,0,0,178,False,False,
190,7,1105.0298886440069,885.8748410537037,2.6041333360118397,393.9755554199219,29.10350799560547,0,11,0,10,10,-0.27977196912232405,-0.9941056242566503,-0.8782709171122967,0,0,0,0,178,False,False,
191,0,1115.756385600471,884.4265017440147,2.60354655735983,394.4843444824219,29.3527889251709,0,11,0,10,10,0.0059460536544725705,-0.9659487140165793,-0.9611480435100039,0,0,0,0,179,False,False,
191,1,1207.5059619202639,884.3687832961659,2.5462288686963896,299.4774475097656,23.649961471557617,0,9,0,8,8,-0.06382471951540589,-0.9104277072666045,-0.5489845157780308,0,0,0,0,179,False,False,
140,2,1504.0459852540182,860.87550647278,0.0,0.0,-0.19439087808132172,0,1,0,0,0,0.18531981358975586,-0.8736779209069417,0.03407164589994638,140,0,0,0,128,True,False,no_progress
191,3,1097.5405717132728,882.6832480838898,2.6041769383442177,396.30303955078125,30.90073585510254,0,12,0,11,11,0.04372404124254293,-0.9207302782622054,-0.703636694508468,0,0,0,0,179,False,False,
191,4,1178.292835720644,885.1644588008169,2.5744164921791897,324.5615539550781,23.657974243164062,0,9,0,8,8,-0.4227381136405244,-0.9857783534800635,-0.5994865578036113,0,0,0,0,179,False,False,
168,5,1501.4276527322813,861.5523521764429,0.0,7.684458255767822,0.4077662229537964,0,1,0,0,0,0.14834282368123392,-0.8808889064902505,-0.047085678401067144,140,0,0,0,156,True,False,no_progress
191,6,1109.2989502178268,886.9043825871539,2.6042559936014276,396.7154541015625,28.83315086364746,0,11,0,10,10,-0.20559327520804674,-0.9824519245523995,-0.7191779459179098,0,0,0,0,179,False,False,
191,7,1102.4267427446903,885.9592748249029,2.6045148559467317,396.580078125,31.629228591918945,0,12,1,11,11,-0.01988888768255303,-0.90819524831194,-0.8869920692201906,0,0,0,0,179,False,False,
192,0,1113.1539915328156,884.5191235018835,2.604041795632135,397.0884094238281,29.378860473632812,0,11,0,10,10,0.00747980351541331,-0.9728925012241642,-0.9719908837510747,0,0,0,0,180,False,False,
192,1,1204.9587958053603,884.4444884984772,2.5482908967716758,302.02581787109375,23.674123764038086,0,9,0,8,8,-0.06907814464438818,-0.9171864113414995,-0.5526397741554125,0,0,0,0,180,False,False,
140,2,1504.0459852540182,860.87550647278,0.0,0.0,-0.19439087808132172,0,1,0,0,0,0.18531981358975586,-0.8736779209069417,0.03407164589994638,140,0,0,0,128,True,False,no_progress
192,3,1094.9383582577207,882.7956242584297,2.6046387989240185,398.90765380859375,30.92566680908203,0,12,0,11,11,0.047897182628658976,-0.9276579593993144,-0.7082050814117413,0,0,0,0,180,False,False,
192,4,1175.7182580464644,885.2382887596959,2.575636050223826,327.13720703125,23.664215087890625,0,9,0,8,8,-0.707686251556096,-0.9902242426695974,-0.6034927687813241,0,0,0,0,180,False,False,
168,5,1501.4276527322813,861.5523521764429,0.0,7.684458255767822,0.4077662229537964,0,1,0,0,0,0.14834282368123392,-0.8808889064902505,-0.047085678401067144,140,0,0,0,156,True,False,no_progress
192,6,1106.6954056476463,886.9804886151062,2.604656686860379,399.320068359375,28.850051879882812,0,11,0,10,10,-0.3318029071701327,-0.988819543039929,-0.732002051802056,0,0,0,0,180,False,False,
192,7,1099.823208084609,886.0436816371802,2.6049025387149047,399.1849670410156,31.654884338378906,0,12,0,11,11,-0.021506275623356587,-0.9151379408167002,-0.8857915637706917,0,0,0,0,180,False,False,
193,0,1110.5511240380906,884.6117095496667,2.604513653513865,399.6928405761719,29.404861450195312,0,11,0,10,10,0.010072818131153047,-0.9798370003526916,-0.9828410259759238,0,0,0,0,181,False,False,
193,1,1202.409637190591,884.5202267135464,2.550283498059541,304.5760192871094,23.69811248779297,0,9,0,8,8,-0.07523575969346943,-0.9239433822390015,-0.5562870855732038,0,0,0,0,181,False,False,
140,2,1504.0459852540182,860.87550647278,0.0,0.0,-0.19439087808132172,0,1,0,0,0,0.18531981358975586,-0.8736779209069417,0.03407164589994638,140,0,0,0,128,True,False,no_progress
193,3,1092.3357288371797,882.9081586658021,2.60506120724796,401.51275634765625,30.950454711914062,0,12,0,11,11,0.05294222346952956,-0.9345831523369298,-0.7127734397288292,0,0,0,0,181,False,False,
193,4,1173.1424771083334,885.3117677071731,2.576828786893128,329.71405029296875,26.188447952270508,0,10,1,9,9,-0.0697142954959064,-0.9073163258421909,-0.6044120433371147,0,0,0,0,181,False,False,
168,5,1501.4276527322813,861.5523521764429,0.0,7.684458255767822,0.4077662229537964,0,1,0,0,0,0.14834282368123392,-0.8808889064902505,-0.047085678401067144,140,0,0,0,156,True,False,no_progress
193,6,1104.0914694278656,887.0562360418502,2.6050377174513533,401.9251708984375,28.85631561279297,0,11,0,10,10,-0.7078559874385311,-0.9937922002586429,-0.7448772697860141,0,0,0,0,181,False,False,
193,7,1097.219299272462,886.1282365031343,2.605281295241112,401.79034423828125,31.680509567260742,0,12,0,11,11,-0.023459160288842262,-0.922081280872192,-0.8845764221941773,0,0,0,0,181,False,False,
194,0,1107.9478014387057,884.7042334815985,2.6049662635911828,402.2978820800781,29.430713653564453,0,11,0,10,10,0.01539544740948189,-0.9867824352886996,-0.9937057677017381,0,0,0,0,182,False,False,
194,1,1199.858523059382,884.5959538447656,2.552237823725889,307.1282958984375,23.721908569335938,0,9,0,8,8,-0.08258894088496492,-0.9306973388327473,-0.5599490617041963,0,0,0,0,182,False,False,
140,2,1504.0459852540182,860.87550647278,0.0,0.0,-0.19439087808132172,0,1,0,0,0,0.18531981358975586,-0.8736779209069417,0.03407164589994638,140,0,0,0,128,True,False,no_progress
194,3,1089.732648974565,883.020779413523,2.6055149594592857,404.11822509765625,30.97506332397461,0,12,0,11,11,0.05920534235332424,-0.941504206961738,-0.7173560339663344,0,0,0,0,182,False,False,
194,4,1170.5655734133736,885.3852696149106,2.5779517418947377,332.2919921875,26.212501525878906,0,10,0,9,9,-0.07528271284191355,-0.914146406807393,-0.5999476529769711,0,0,0,0,182,False,False,
168,5,1501.4276527322813,861.5523521764429,0.0,7.684458255767822,0.4077662229537964,0,1,0,0,0,0.14834282368123392,-0.8808889064902505,-0.047085678401067144,140,0,0,0,156,True,False,no_progress
194,6,1101.4871393775904,887.1316281748238,2.6054210762333607,404.530517578125,31.381473541259766,0,12,1,11,11,-0.03992970639562954,-0.910649870722457,-0.7497008169817494,0,0,0,0,182,False,False,
194,7,1094.615041537902,886.2130630242667,2.6056388634465146,404.3959655761719,31.70606803894043,0,12,0,11,11,-0.025825334895704245,-0.9290244183165072,-0.883324290093526,0,0,0,0,182,False,False,
195,0,1105.3440624488342,884.7966274275702,2.605377778486091,404.9031677246094,29.456079483032227,0,11,0,10,10,0.03251240501111031,-0.9937255425348723,-0.9954221899286466,0,0,0,0,183,False,False,
195,1,1197.3055193256528,884.671618970349,2.5541247572631374,309.6824035644531,23.745458602905273,0,9,0,8,8,-0.09152414575344589,-0.9374448709484574,-0.5636262456859158,0,0,0,0,183,False,False,
140,2,1504.0459852540182,860.87550647278,0.0,0.0,-0.19439087808132172,0,1,0,0,0,0.18531981358975586,-0.8736779209069417,0.03407164589994638,140,0,0,0,128,True,False,no_progress
195,3,1087.1291280277328,883.1334718877198,2.605958732277924,406.72418212890625,30.999452590942383,0,12,0,11,11,0.06715464204266526,-0.9484193793983412,-0.7219536645374532,0,0,0,0,183,False,False,
195,4,1167.9875590725364,885.4589776349953,2.5790678187646505,334.8710632324219,26.23639488220215,0,10,0,9,9,-0.08186633147983002,-0.9209716281867756,-0.5954613084263042,0,0,0,0,183,False,False,
168,5,1501.4276527322813,861.5523521764429,0.0,7.684458255767822,0.4077662229537964,0,1,0,0,0,0.14834282368123392,-0.8808889064902505,-0.047085678401067144,140,0,0,0,156,True,False,no_progress
195,6,1098.8825440764592,887.2071391555189,2.6056896574382944,407.13623046875,31.40650749206543,0,12,0,11,11,-0.04332320939173163,-0.9175835939693683,-0.7495686916320117,0,0,0,0,183,False,False,
195,7,1092.0104575256908,886.2982524911845,2.6059768076367775,407.0018615722656,31.73154640197754,0,12,0,11,11,-0.028723054469451705,-0.9359670647685243,-0.8820286855511582,0,0,0,0,183,False,False,
196,0,1102.7399450665084,884.8887965968053,2.6057479725961623,407.5089111328125,31.9823055267334,0,12,1,11,11,-0.0021666706360898994,-0.9073126468986863,-0.9857824131540248,0,0,0,0,184,False,False,
196,1,1194.7506743311185,884.7471964828236,2.5559626183667516,312.23834228515625,23.76870346069336,0,9,0,8,8,-0.1026219041901767,-0.944181885088883,-0.5673247263758903,0,0,0,0,184,False,False,
140,2,1504.0459852540182,860.87550647278,0.0,0.0,-0.19439087808132172,0,1,0,0,0,0.18531981358975586,-0.8736779209069417,0.03407164589994638,140,0,0,0,128,True,False,no_progress
196,3,1084.5251803436233,883.2462308404539,2.6063879456060777,409.33062744140625,31.023550033569336,0,12,0,11,11,0.07757127686539572,-0.9553252708857876,-0.7265439770450643,0,0,0,0,184,False,False,
196,4,1165.4084475014497,885.5329670316479,2.5801726544808066,337.45123291015625,26.26007080078125,0,10,0,9,9,-0.08971269110096879,-0.9277897699116895,-0.5909527809956294,0,0,0,0,184,False,False,
168,5,1501.4276527322813,861.5523521764429,0.0,7.684458255767822,0.4077662229537964,0,1,0,0,0,0.14834282368123392,-0.8808889064902505,-0.047085678401067144,140,0,0,0,156,True,False,no_progress
196,6,1096.277676590638,887.283017259308,2.605972391511932,409.7421875,31.431455612182617,0,12,0,11,11,-0.04740407993541946,-0.9245151955362707,-0.74940046192989,0,0,0,0,184,False,False,
196,7,1089.4055679475694,886.3838754899729,2.606296416781362,409.6082458496094,31.75692367553711,0,12,0,11,11,-0.03233305982203976,-0.9429094427774485,-0.8806960904846536,0,0,0,0,184,False,False,
197,0,1100.1354538198498,884.9809628705519,2.6061215006093024,410.1150207519531,32.008514404296875,0,12,0,11,11,-0.0023379744045813468,-0.9142622631180519,-0.98790545734438,0,0,0,0,185,False,False,
197,1,1192.1940399016792,884.8226676119642,2.557748130119279,314.7961120605469,23.791555404663086,0,9,0,8,8,-0.11677354803347144,-0.9509019975888486,-0.5710385006751486,0,0,0,0,185,False,False,
140,2,1504.0459852540182,860.87550647278,0.0,0.0,-0.19439087808132172,0,1,0,0,0,0.18531981358975586,-0.8736779209069417,0.03407164589994638,140,0,0,0,128,True,False,no_progress
197,3,1081.9208418268358,883.3590920395006,2.606782837190946,411.93731689453125,31.047245025634766,0,12,0,11,11,0.09178341582846107,-0.962215495192349,-0.7311562437431987,0,0,0,0,185,False,False,
197,4,1162.8282809353577,885.6072992978915,2.5812370667151354,340.0325012207031,26.283483505249023,0,10,0,9,9,-0.09920908212952528,-0.9345976463847021,-0.586393255809885,0,0,0,0,185,False,False,
168,5,1501.4276527322813,861.5523521764429,0.0,7.684458255767822,0.4077662229537964,0,1,0,0,0,0.14834282368123392,-0.8808889064902505,-0.047085678401067144,140,0,0,0,156,True,False,no_progress
197,6,1093.672504608542,887.3593363549497,2.6062896348367106,412.3485412597656,31.456262588500977,0,12,0,11,11,-0.05232106122821531,-0.9314441417778356,-0.7491736877197063,0,0,0,0,185,False,False,
197,7,1086.8003805209494,886.469970054661,2.6066096374193997,412.21478271484375,31.78217124938965,0,12,0,11,11,-0.03694178562248251,-0.9498498979744259,-0.879297647139672,0,0,0,0,185,False,False,
198,0,1097.5305826025049,885.0732239170464,2.6065045865395375,412.7215270996094,32.034732818603516,0,12,0,11,11,-0.002566362589549461,-0.9212128579880579,-0.9900508648650395,0,0,0,0,186,False,False,
198,1,1189.6356802216496,884.8979924479733,2.5594683204370927,317.3556823730469,23.813886642456055,0,9,0,8,8,-0.13540971164516502,-0.9575948783067585,-0.5747887795333888,0,0,0,0,186,False,False,
140,2,1504.0459852540182,860.87550647278,0.0,0.0,-0.19439087808132172,0,1,0,0,0,0.18531981358975586,-0.8736779209069417,0.03407164589994638,140,0,0,0,128,True,False,no_progress
198,3,1079.3161141057835,883.4720605575635,2.607176324472945,414.54449462890625,31.07036018371582,0,12,0,11,11,0.1123259401857041,-0.9690797640572163,-0.7357758285048408,0,0,0,0,186,False,False,
198,4,1160.2470935499725,885.6820170965095,2.58226858941929,342.61474609375,26.306570053100586,0,10,0,9,9,-0.11091627555872492,-0.9413903164811959,-0.5817971403066017,0,0,0,0,186,False,False,
168,5,1501.4276527322813,861.5523521764429,0.0,7.684458255767822,0.4077662229537964,0,1,0,0,0,0.14834282368123392,-0.8808889064902505,-0.047085678401067144,140,0,0,0,156,True,False,no_progress
198,6,1091.0670588642786,887.436174353429,2.606578524485875,414.95513916015625,31.48090362548828,0,12,0,11,11,-0.05835429182875739,-0.9383688504456871,-0.748887997381048,0,0,0,0,186,False,False,
198,7,1084.1949043575817,886.5565581228482,2.606914561589877,414.8216857910156,31.807249069213867,0,12,0,11,11,-0.043019482632174304,-0.9567879797673163,-0.877841123812144,0,0,0,0,186,False,False,
199,0,1094.9253636271137,885.1656699558657,2.606858680448752,415.3283996582031,32.060943603515625,0,12,0,11,11,-0.002860011927449414,-0.9281644289449349,-0.992203170589606,0,0,0,0,187,False,False,
199,1,1187.0756531703234,884.9731262934727,2.5611293599234606,319.9167175292969,23.83550262451172,0,9,0,8,8,-0.1610130506101364,-0.9642414924648939,-0.578567730335763,0,0,0,0,187,False,False,
140,2,1504.0459852540182,860.87550647278,0.0,0.0,-0.19439087808132172,0,1,0,0,0,0.18531981358975586,-0.8736779209069417,0.03407164589994638,140,0,0,0,128,True,False,no_progress
199,3,1076.7110405573237,883.5851914260094,2.6075288658576463,417.15203857421875,31.09256362915039,0,12,0,11,11,0.14452543962469677,-0.9758944847838052,-0.7404173388708205,0,0,0,0,187,False,False,
199,4,1157.6648614015082,885.7570578944069,2.583322277593713,345.197998046875,26.32923698425293,0,10,0,9,9,-0.12566488925805414,-0.948160753506659,-0.5771569163189729,0,0,0,0,187,False,False,
168,5,1501.4276527322813,861.5523521764429,0.0,7.684458255767822,0.4077662229537964,0,1,0,0,0,0.14834282368123392,-0.8808889064902505,-0.047085678401067144,140,0,0,0,156,True,False,no_progress
199,6,1088.4613459058342,887.5135732882471,2.6068622167112654,417.56201171875,31.505332946777344,0,12,0,11,11,-0.0659103106325991,-0.9452874480336858,-0.74853644447082,0,0,0,0,187,False,False,
199,7,1081.5891353111726,886.6436308986779,2.6072234256991593,417.4289855957031,31.832088470458984,0,12,0,11,11,-0.051394438191837505,-0.9637217481360403,-0.8763329595403707,0,0,0,0,187,False,False,
200,0,1092.319823406157,885.2583796897057,2.60718908746033,417.9356384277344,32.0871467590332,0,12,0,11,11,-0.0032346662239948246,-0.9351169872064765,-0.9943920518919596,0,0,0,0,188,False,False,
200,1,1184.5140142402176,885.0480227400234,2.562733596365221,322.4794616699219,23.8560733795166,0,9,0,8,8,-0.19824077094024992,-0.9708081579481532,-0.5823765251158799,0,0,0,0,188,False,False,
140,2,1504.0459852540182,860.87550647278,0.0,0.0,-0.19439087808132172,0,1,0,0,0,0.18531981358975586,-0.8736779209069417,0.03407164589994638,140,0,0,0,128,True,False,no_progress
200,3,1074.105647482203,883.6985426590362,2.6078576605933077,419.7599792480469,31.113149642944336,0,12,0,11,11,0.20180404420120385,-0.9826001433458484,-0.7450812322201072,0,0,0,0,188,False,False,
200,4,1155.081606214277,885.832372286903,2.584352843571206,347.7823486328125,26.35137176513672,0,10,0,9,9,-0.1448141382023045,-0.9548981211877658,-0.5724876487667977,0,0,0,0,188,False,False,
168,5,1501.4276527322813,861.5523521764429,0.0,7.684458255767822,0.4077662229537964,0,1,0,0,0,0.14834282368123392,-0.8808889064902505,-0.047085678401067144,140,0,0,0,156,True,False,no_progress
200,6,1085.855334498404,887.5914913055145,2.6071759957990883,420.16912841796875,31.529483795166016,0,12,0,11,11,-0.07562279732534813,-0.9521969781797187,-0.7481194863679914,0,0,0,0,188,False,False,
200,7,1078.983060981591,886.7311480399534,2.607543415040496,420.0365295410156,31.85658073425293,0,12,0,11,11,-0.06368824536061513,-0.9706470898309879,-0.874766279346721,0,0,0,0,188,False,False,
201,0,1089.713986085667,885.3514223907813,2.607497859075019,420.5431213378906,32.113338470458984,0,12,0,11,11,-0.0037120813131985464,-0.9420702059229382,-0.9966248174557655,0,0,0,0,189,False,False,
201,1,1181.9507964729207,885.1226731367714,2.564304584935583,325.0437927246094,23.875,0,9,0,8,8,-0.2567846971120161,-0.9772212269982349,-0.5862291996908575,0,0,0,0,189,False,False,
140,2,1504.0459852540182,860.87550647278,0.0,0.0,-0.19439087808132172,0,1,0,0,0,0.18531981358975586,-0.8736779209069417,0.03407164589994638,140,0,0,0,128,True,False,no_progress
201,3,1071.4999671389237,883.8121842984766,2.608157294636883,422.3680419921875,31.13016700744629,0,12,0,11,11,0.32790794447400373,-0.9889932573433916,-0.7497739404444557,0,0,0,0,189,False,False,
201,4,1152.4973408158357,885.9079055062351,2.5853690097939896,350.3677978515625,26.372779846191406,0,10,0,9,9,-0.17064039160068836,-0.9615834683426163,-0.5678035163981223,0,0,0,0,189,False,False,
168,5,1501.4276527322813,861.5523521764429,0.0,7.684458255767822,0.4077662229537964,0,1,0,0,0,0.14834282368123392,-0.8808889064902505,-0.047085678401067144,140,0,0,0,156,True,False,no_progress
201,6,1083.2490208739505,887.6698827041968,2.6074922666039897,422.7766418457031,31.553272247314453,0,12,0,11,11,-0.08857922717643557,-0.9590928508484022,-0.7476509016140103,0,0,0,0,189,False,False,
201,7,1076.376681006239,886.819070682978,2.6078625284075856,422.64434814453125,31.88051414489746,0,12,0,11,11,-0.0835200725915734,-0.977555573456103,-0.873147972501919,0,0,0,0,189,False,False,
202,0,1087.1078629752012,885.4448417259871,2.607796932104604,423.15087890625,32.1395149230957,0,12,0,11,11,-0.0043189320537205984,-0.9490240701201983,-0.9988945848218518,0,0,0,0,190,False,False,
202,1,1179.3860389489246,885.1970794662496,2.5658366001679243,327.60968017578125,23.89103889465332,0,9,0,8,8,-0.3594978497026369,-0.9832975987645812,-0.5901184359971885,0,0,0,0,190,False,False,
140,2,1504.0459852540182,860.87550647278,0.0,0.0,-0.19439087808132172,0,1,0,0,0,0.18531981358975586,-0.8736779209069417,0.03407164589994638,140,0,0,0,128,True,False,no_progress
202,3,1068.8940316121946,883.9261942602706,2.608428308552431,424.97650146484375,31.13628578186035,0,12,0,11,11,0.713036601674573,-0.9939778636309651,-0.7545178751133585,0,0,0,0,190,False,False,
202,4,1149.9120902277857,885.9835378473767,2.58635667571969,352.9541015625,26.39315414428711,0,10,0,9,9,-0.20722688401405345,-0.9681814974285924,-0.5630976299422228,0,0,0,0,190,False,False,
168,5,1501.4276527322813,861.5523521764429,0.0,7.684458255767822,0.4077662229537964,0,1,0,0,0,0.14834282368123392,-0.8808889064902505,-0.047085678401067144,140,0,0,0,156,True,False,no_progress
202,6,1080.642408547429,887.7487121614693,2.6078040386707593,425.3843994140625,31.576547622680664,0,12,0,11,11,-0.10674956198548798,-0.9659657990939364,-0.7471238009381529,0,0,0,0,190,False,False,
202,7,1073.7700064194623,886.9073800022686,2.6081700361021443,425.2525329589844,31.903392791748047,0,12,0,11,11,-0.12086257749168806,-0.9844241742413377,-0.8714862003619468,0,0,0,0,190,False,False,
203,0,1084.5014745963508,885.5386823240202,2.608077153622084,425.7590026855469,32.16566848754883,0,12,0,11,11,-0.0051187337307352565,-0.9559789025849758,-0.9987848488203138,0,0,0,0,191,False,False,
203,1,1176.8198371368428,885.2711435508753,2.567270384856822,330.1769104003906,23.901273727416992,0,9,0,8,8,-0.5654514183307658,-0.9884833268174348,-0.5940588415757025,0,0,0,0,191,False,False,
140,2,1504.0459852540182,860.87550647278,0.0,0.0,-0.19439087808132172,0,1,0,0,0,0.18531981358975586,-0.8736779209069417,0.03407164589994638,140,0,0,0,128,True,False,no_progress
203,3,1066.2878502915266,884.0406192693692,2.6086920398746423,427.585205078125,33.66180419921875,0,13,1,12,12,0.027684210050021977,-0.9095541508921295,-0.7593890754804509,0,0,0,0,191,False,False,
203,4,1147.325859894464,886.0592348555598,2.5873378932874544,355.54150390625,26.411968231201172,0,10,0,9,9,-0.2626636455017787,-0.9746227448911682,-0.5583842253195164,0,0,0,0,191,False,False,
168,5,1501.4276527322813,861.5523521764429,0.0,7.684458255767822,0.4077662229537964,0,1,0,0,0,0.14834282368123392,-0.8808889064902505,-0.047085678401067144,140,0,0,0,156,True,False,no_progress
203,6,1078.0355075187786,887.8279614691319,2.608105332601556,427.9925231933594,31.59905242919922,0,12,0,11,11,-0.13404817776225728,-0.9727982899055534,-0.7465523916746508,0,0,0,0,191,False,False,
203,7,1071.1629706695385,886.9959404786814,2.608539506958426,427.861083984375,31.92357635498047,0,12,0,11,11,-0.21581149543430658,-0.9911572036852992,-0.8698097778018664,0,0,0,0,191,False,False,
204,0,1081.8948351582728,885.6329799575303,2.6083445331912727,428.3674011230469,32.19179153442383,0,12,0,11,11,-0.006209073535918226,-0.9629343429028111,-0.9964053704656021,0,0,0,0,192,False,False,
204,1,1174.2522081829895,885.3448458098384,2.568686525763963,332.74560546875,26.425504684448242,0,10,1,9,9,-0.06881892637704065,-0.9043594591561822,-0.5980437272589747,0,0,0,0,192,False,False,
140,2,1504.0459852540182,860.87550647278,0.0,0.0,-0.19439087808132172,0,1,0,0,0,0.18531981358975586,-0.8736779209069417,0.03407164589994638,140,0,0,0,128,True,False,no_progress
204,3,1063.681484715154,884.1549691262665,2.608872823169404,430.19403076171875,33.68722152709961,0,13,0,12,12,0.030012704621755246,-0.9165038899655522,-0.7642870468103362,0,0,0,0,192,False,False,
204,4,1144.7387043823546,886.1349222957114,2.588262396364555,358.1297607421875,26.428192138671875,0,10,0,9,9,-0.35447707296244113,-0.9807457111197418,-0.5536783674498024,0,0,0,0,192,False,False,
168,5,1501.4276527322813,861.5523521764429,0.0,7.684458255767822,0.4077662229537964,0,1,0,0,0,0.14834282368123392,-0.8808889064902505,-0.047085678401067144,140,0,0,0,156,True,False,no_progress
204,6,1075.4283198774147,887.9076095410335,2.6084039588679255,430.6009216308594,31.620271682739258,0,12,0,11,11,-0.17946788713523523,-0.9795483502533988,-0.7459375028228858,0,0,0,0,192,False,False,
204,7,1068.5556141279847,887.0847237212851,2.6088676852135193,430.46990966796875,31.929489135742188,0,12,0,11,11,-0.72028539802636,-0.9967499764598167,-0.8680968078035256,0,0,0,0,192,False,False,
205,0,1079.2879088260015,885.7276832130456,2.6086459339078942,430.9759216308594,32.21786880493164,0,12,0,11,11,-0.007760256467267368,-0.969890003523317,-0.9939893033566585,0,0,0,0,193,False,False,
205,1,1171.6832220087854,885.4185524600892,2.5700433135539518,335.3156433105469,26.449567794799805,0,10,0,9,9,-0.07410939952678493,-0.9111697871665017,-0.5940705904979748,0,0,0,0,193,False,False,
140,2,1504.0459852540182,860.87550647278,0.0,0.0,-0.19439087808132172,0,1,0,0,0,0.18531981358975586,-0.8736779209069417,0.03407164589994638,140,0,0,0,128,True,False,no_progress
205,3,1061.0749025317548,884.269000705612,2.609075292110763,432.8031005859375,33.712589263916016,0,13,0,12,12,0.03282714584840012,-0.9234529027868311,-0.7691553313864997,0,0,0,0,193,False,False,
205,4,1142.1506349330698,886.2105808247181,2.589175097851326,360.7188720703125,26.439638137817383,0,10,0,9,9,-0.5237887552528592,-0.9861191166510472,-0.5489869170176193,0,0,0,0,193,False,False,
168,5,1501.4276527322813,861.5523521764429,0.0,7.684458255767822,0.4077662229537964,0,1,0,0,0,0.14834282368123392,-0.8808889064902505,-0.047085678401067144,140,0,0,0,156,True,False,no_progress
205,6,1072.820845215599,887.9876294777575,2.6087022256829684,433.2096862792969,31.638973236083984,0,12,0,11,11,-0.26848966341327823,-0.9860947426368007,-0.7452787341762599,0,0,0,0,193,False,False,
205,7,1065.9479563121574,887.1737313267002,2.609176429118345,433.0791015625,34.455081939697266,0,13,1,12,12,-0.025027550983175693,-0.9108041357356494,-0.8662607171039038,0,0,0,0,193,False,False,
206,0,1076.6807086818533,885.8227697451656,2.608933506288925,433.5849609375,32.24388122558594,0,12,0,11,11,-0.010210700028711193,-0.9768467375382632,-0.9915147151892583,0,0,0,0,194,False,False,
206,1,1169.112900666584,885.4924478589479,2.5713833499011405,337.88702392578125,26.47348403930664,0,10,0,9,9,-0.08033035084005051,-0.9179764710477597,-0.5895549736932768,0,0,0,0,194,False,False,
140,2,1504.0459852540182,860.87550647278,0.0,0.0,-0.19439087808132172,0,1,0,0,0,0.18531981358975586,-0.8736779209069417,0.03407164589994638,140,0,0,0,128,True,False,no_progress
206,3,1058.4680910386787,884.3825912029977,2.609285143775934,435.4123840332031,33.73786544799805,0,13,0,12,12,0.036228593306697435,-0.9304007547834492,-0.7739651000407868,0,0,0,0,194,False,False,
206,4,1139.5616815534024,886.2861888770328,2.590057176910613,363.3089599609375,26.442028045654297,0,10,0,9,9,-0.8445482817416544,-0.9895140796921541,-0.5442883486252275,0,0,0,0,194,False,False,
168,5,1501.4276527322813,861.5523521764429,0.0,7.684458255767822,0.4077662229537964,0,1,0,0,0,0.14834282368123392,-0.8808889064902505,-0.047085678401067144,140,0,0,0,156,True,False,no_progress
206,6,1070.2130822966571,888.0679896761404,2.6090008054603695,435.818603515625,31.65117835998535,0,12,0,11,11,-0.4980368795460865,-0.9919227898248952,-0.7445687390850797,0,0,0,0,194,False,False,
206,7,1063.3400078556788,887.2627752543317,2.6094681398125843,435.68865966796875,34.4806022644043,0,13,0,12,12,-0.0271517157163569,-0.9177571062897214,-0.8643863780879798,0,0,0,0,194,False,False,
207,0,1074.0732044599667,885.9181636592134,2.609248601799538,436.1941223144531,32.2697639465332,0,12,0,11,11,-0.014700847807975492,-0.9838032168270817,-0.9890112871338839,0,0,0,0,195,False,False,
207,1,1166.5412655737855,885.5666111632505,2.572704267151092,340.4597473144531,26.497196197509766,0,10,0,9,9,-0.08769947488376476,-0.9247774870806076,-0.5850027379848546,0,0,0,0,195,False,False,
140,2,1504.0459852540182,860.87550647278,0.0,0.0,-0.19439087808132172,0,1,0,0,0,0.18531981358975586,-0.8736779209069417,0.03407164589994638,140,0,0,0,128,True,False,no_progress
207,3,1055.8610691412296,884.4956341275226,2.6094715703690565,438.0218811035156,33.763023376464844,0,13,0,12,12,0.04040117866047663,-0.9373468248909892,-0.7787163527731973,0,0,0,0,195,False,False,
207,4,1136.9718767795657,886.3617174294363,2.5909058896099175,365.8997802734375,28.967025756835938,0,11,1,10,10,-0.044064926436659685,-0.9093354580622116,-0.5510033579620474,0,0,0,0,195,False,False,
168,5,1501.4276527322813,861.5523521764429,0.0,7.684458255767822,0.4077662229537964,0,1,0,0,0,0.14834282368123392,-0.8808889064902505,-0.047085678401067144,140,0,0,0,156,True,False,no_progress
207,6,1067.6049995317023,888.1486050647761,2.6093283713897533,438.4280090332031,34.17633056640625,0,13,1,12,12,-0.04049405423797528,-0.9063366222923672,-0.7438173797833694,0,0,0,0,195,False,False,
207,7,1060.7317501903406,887.3517873229256,2.60977608180291,438.2984619140625,34.506065368652344,0,13,0,12,12,-0.029650277945697526,-0.9247096496764655,-0.8625197716352544,0,0,0,0,195,False,False,
208,0,1071.465400810062,886.0138144019426,2.6095572308422126,438.80364990234375,32.29533386230469,0,12,0,11,11,-0.025873894664419417,-0.9907587158552884,-0.9864781812579706,0,0,0,0,196,False,False,
208,1,1163.9683577312453,885.6410942003031,2.5739857204369763,343.03369140625,26.52066421508789,0,10,0,9,9,-0.09654657843356441,-0.9315697186991281,-0.5804137404417801,0,0,0,0,196,False,False,
140,2,1504.0459852540182,860.87550647278,0.0,0.0,-0.19439087808132172,0,1,0,0,0,0.18531981358975586,-0.8736779209069417,0.03407164589994638,140,0,0,0,128,True,False,no_progress
208,3,1053.2538069625052,884.6081306691457,2.6096880159289966,440.6316223144531,33.78803253173828,0,13,0,12,12,0.045595848313697236,-0.9442902452654488,-0.7834017715202236,0,0,0,0,196,False,False,
208,4,1134.3812578452207,886.4372836840573,2.5917208032163135,368.4915771484375,28.991914749145508,0,11,0,10,10,-0.04770115645722955,-0.9162290095852776,-0.5637826407072085,0,0,0,0,196,False,False,
168,5,1501.4276527322813,861.5523521764429,0.0,7.684458255767822,0.4077662229537964,0,1,0,0,0,0.14834282368123392,-0.8808889064902505,-0.047085678401067144,140,0,0,0,156,True,False,no_progress
208,6,1064.9965946354569,888.2293445031348,2.609654183922524,441.03765869140625,34.20138931274414,0,13,0,12,12,-0.04377168846992592,-0.9132804594272607,-0.7429460442607916,0,0,0,0,196,False,False,
208,7,1058.1231911123919,887.4407247894051,2.610074775958003,440.90850830078125,34.53144454956055,0,13,0,12,12,-0.032646002711880506,-0.9316614423320161,-0.8606673868098538,0,0,0,0,196,False,False,
209,0,1068.8573031884425,886.1096880566143,2.6098591842390535,441.41357421875,32.31868362426758,0,12,0,11,11,-0.10439863337830704,-0.9976952336211691,-0.9839158129545275,0,0,0,0,197,False,False,
209,1,1161.3942191066162,885.7159368721843,2.5752264141898458,345.6090087890625,26.54383087158203,0,10,0,9,9,-0.10734904618870662,-0.9383495111241285,-0.5757883812706514,0,0,0,0,197,False,False,
140,2,1504.0459852540182,860.87550647278,0.0,0.0,-0.19439087808132172,0,1,0,0,0,0.18531981358975586,-0.8736779209069417,0.03407164589994638,140,0,0,0,128,True,False,no_progress
209,3,1050.6463015461375,884.7200986105008,2.6099082965267013,443.241455078125,33.81285858154297,0,13,0,12,12,0.052247850751644224,-0.9512292661997863,-0.7880140239252652,0,0,0,0,197,False,False,
209,4,1131.7898502500707,886.5129592346848,2.592512316877876,371.0841064453125,29.016695022583008,0,11,0,10,10,-0.052010012735859666,-0.9231212775024655,-0.576562981141236,0,0,0,0,197,False,False,
168,5,1501.4276527322813,861.5523521764429,0.0,7.684458255767822,0.4077662229537964,0,1,0,0,0,0.14834282368123392,-0.8808889064902505,-0.047085678401067144,140,0,0,0,156,True,False,no_progress
209,6,1062.3878602429686,888.3101561990318,2.6099857587244477,443.6476745605469,34.22634506225586,0,13,0,12,12,-0.047603892185731585,-0.9202226118906329,-0.7420678194674897,0,0,0,0,197,False,False,
209,7,1055.5143253816925,887.5295867040332,2.610378677642235,443.5189208984375,34.55672073364258,0,13,0,12,12,-0.03632308957122758,-0.9386123333567655,-0.8588296381114685,0,0,0,0,197,False,False,
210,0,1066.2489392124837,886.2057970130537,2.6101340123808803,444.02374267578125,34.84474563598633,0,13,1,12,12,-0.008468206053917508,-0.9099780143247127,-0.9812437192577014,0,0,0,0,198,False,False,
210,1,1158.8188758154645,885.7911481525156,2.5764413061371685,348.1854248046875,26.566621780395508,0,10,0,9,9,-0.12081520096043935,-0.9451102336252479,-0.5711262030924993,0,0,0,0,198,False,False,
140,2,1504.0459852540182,860.87550647278,0.0,0.0,-0.19439087808132172,0,1,0,0,0,0.18531981358975586,-0.8736779209069417,0.03407164589994638,140,0,0,0,128,True,False,no_progress
210,3,1048.038559362477,884.8315486877192,2.6101226822038197,445.85162353515625,33.837432861328125,0,13,0,12,12,0.06108080251749028,-0.9581622609790439,-0.7925677747015231,0,0,0,0,198,False,False,
210,4,1129.197664651827,886.588765890593,2.5932938176809563,373.6773681640625,29.041330337524414,0,11,0,10,10,-0.05717252648301812,-0.9300113012369079,-0.5893276563455672,0,0,0,0,198,False,False,
168,5,1501.4276527322813,861.5523521764429,0.0,7.684458255767822,0.4077662229537964,0,1,0,0,0,0.14834282368123392,-0.8808889064902505,-0.047085678401067144,140,0,0,0,156,True,False,no_progress
210,6,1059.7788047866377,888.3910210563064,2.610308314998782,446.2579345703125,34.25117492675781,0,13,0,12,12,-0.05215922312882968,-0.9271619999130684,-0.7411891658814042,0,0,0,0,198,False,False,
210,7,1052.9051636084023,887.6183679060682,2.6106718026275004,446.1295471191406,34.58186721801758,0,13,0,12,12,-0.04093961942549211,-0.945561284656322,-0.8569996076831892,0,0,0,0,198,False,False,
211,0,1063.640346310954,886.301880787824,2.610361855698295,446.634033203125,34.87077331542969,0,13,0,12,12,-0.009168719893826468,-0.9169381192704588,-0.9785350477497927,0,0,0,0,199,False,False,
211,1,1156.242302637365,885.8666359891487,2.5776787533711993,350.7630615234375,26.588924407958984,0,10,0,9,9,-0.13802676413725976,-0.9518429383289841,-0.5664276347001075,0,0,0,0,199,False,False,
140,2,1504.0459852540182,860.87550647278,0.0,0.0,-0.19439087808132172,0,1,0,0,0,0.18531981358975586,-0.8736779209069417,0.03407164589994638,140,0,0,0,128,True,False,no_progress
211,3,1045.4305594618238,884.9425416384771,2.610360687131958,448.4620056152344,33.861656188964844,0,13,0,12,12,0.07337588151869896,-0.9650847933834742,-0.7970702990332266,0,0,0,0,199,False,False,
211,4,1126.6046909164472,886.6646583917632,2.5940841281852243,376.2713623046875,29.06578826904297,0,11,0,10,10,-0.06344962054383814,-0.9368977006752138,-0.6020850420725762,0,0,0,0,199,False,False,
168,5,1501.4276527322813,861.5523521764429,0.0,7.684458255767822,0.4077662229537964,0,1,0,0,0,0.14834282368123392,-0.8808889064902505,-0.047085678401067144,140,0,0,0,156,True,False,no_progress
211,6,1057.169444473453,888.471900227214,2.6106134689590226,448.8685607910156,34.275848388671875,0,13,0,12,12,-0.057665723076770016,-0.9340978495799319,-0.7403032228179964,0,0,0,0,199,False,False,
211,7,1050.295734916397,887.7070241598419,2.61093432127156,448.74041748046875,34.60684585571289,0,13,0,12,12,-0.046900851703554104,-0.952507157052921,-0.8551837988822344,0,0,0,0,199,False,False,
212,0,1061.0314941728363,886.3978446596063,2.610616506354286,449.24468994140625,34.896793365478516,0,13,0,12,12,-0.009972617732649762,-0.9238990719267137,-0.9758483232858608,0,0,0,0,200,False,False,
212,1,1153.664528658867,885.9423377359433,2.5788853093320565,353.3419189453125,26.610593795776367,0,10,0,9,9,-0.16079357460725988,-0.9585324176207531,-0.5616995939503856,0,0,0,0,200,False,False,
140,2,1504.0459852540182,860.87550647278,0.0,0.0,-0.19439087808132172,0,1,0,0,0,0.18531981358975586,-0.8736779209069417,0.03407164589994638,140,0,0,0,128,True,False,no_progress
212,3,1042.822292772972,885.0531474889025,2.610610804835048,451.0726318359375,33.8853645324707,0,13,0,12,12,0.09169579356086154,-0.971988656607992,-0.8015139072364557,0,0,0,0,200,False,False,
212,4,1124.010956606449,886.7405966607247,2.594845716329536,378.8662109375,29.090030670166016,0,11,0,10,10,-0.07125232344755608,-0.9437787711502862,-0.6148497172769074,0,0,0,0,200,False,False,
168,5,1501.4276527322813,861.5523521764429,0.0,7.684458255767822,0.4077662229537964,0,1,0,0,0,0.14834282368123392,-0.8808889064902505,-0.047085678401067144,140,0,0,0,156,True,False,no_progress
212,6,1054.5598013486167,888.5527428609429,2.6108950132922315,451.47943115234375,34.300331115722656,0,13,0,12,12,-0.06445144051275899,-0.9410282841282563,-0.739424969438509,0,0,0,0,200,False,False,
212,7,1047.686049122421,887.7955227191159,2.6111859256422454,451.3516540527344,34.63159942626953,0,13,0,12,12,-0.05489987367763863,-0.9594483782231653,-0.8533830264148933,0,0,0,0,200,False,False,
213,0,1058.4223854648117,886.4936355047873,2.610866548927883,451.8555908203125,34.92279052734375,0,13,0,12,12,-0.010928708604002522,-0.9308605116962161,-0.9731685005991093,0,0,0,0,201,False,False,
213,1,1151.085580680643,886.0182061143506,2.580063697901218,355.9220275878906,26.631378173828125,0,10,0,9,9,-0.19225488906419438,-0.9651518336062853,-0.5569644638266406,0,0,0,0,201,False,False,
140,2,1504.0459852540182,860.87550647278,0.0,0.0,-0.19439087808132172,0,1,0,0,0,0.18531981358975586,-0.8736779209069417,0.03407164589994638,140,0,0,0,128,True,False,no_progress
213,3,1040.213755427105,885.1634328810405,2.610867662770759,453.6834716796875,33.90821838378906,0,13,0,12,12,0.12190159685409614,-0.9788550363453274,-0.8059286433922518,0,0,0,0,201,False,False,
213,4,1121.4165270868743,886.8164710050385,2.59553875874866,381.4617919921875,29.113988876342773,0,11,0,10,10,-0.08120171302048095,-0.950651017290992,-0.6276300577109348,0,0,0,0,201,False,False,
168,5,1501.4276527322813,861.5523521764429,0.0,7.684458255767822,0.4077662229537964,0,1,0,0,0,0.14834282368123392,-0.8808889064902505,-0.047085678401067144,140,0,0,0,156,True,False,no_progress
213,6,1051.9498972770648,888.6334896861962,2.6111528703796862,454.0905456542969,34.32456970214844,0,13,0,12,12,-0.07303052925728429,-0.9479508696917833,-0.7385609519794389,0,0,0,0,201,False,False,
213,7,1045.0761301118825,887.8838097130397,2.6114118470410856,453.9630126953125,34.65603256225586,0,13,0,12,12,-0.06619198919219116,-0.9663808327541527,-0.8516188442650909,0,0,0,0,201,False,False,
214,0,1055.813010319401,886.5892521051987,2.6111264204863494,454.4667053222656,34.948753356933594,0,13,0,12,12,-0.012101680173144145,-0.9378223819160247,-0.970525666649858,0,0,0,0,202,False,False,
214,1,1148.5055008988634,886.0941405116114,2.5811969535537544,358.50323486328125,26.650863647460938,0,10,0,9,9,-0.23827556554296558,-0.9716494872732926,-0.5522144688863955,0,0,0,0,202,False,False,
140,2,1504.0459852540182,860.87550647278,0.0,0.0,-0.19439087808132172,0,1,0,0,0,0.18531981358975586,-0.8736779209069417,0.03407164589994638,140,0,0,0,128,True,False,no_progress
214,3,1037.6049510169844,885.2734478592241,2.6111230812984263,456.2945556640625,33.92940902709961,0,13,0,12,12,0.18079280645056062,-0.9856292040204432,-0.8103064176100966,0,0,0,0,202,False,False,
214,4,1118.8214057634445,886.8922428698143,2.5962272741060453,384.0579833984375,29.13758087158203,0,11,0,10,10,-0.09436367235390182,-0.9575088822125258,-0.6404166585196038,0,0,0,0,202,False,False,
168,5,1501.4276527322813,861.5523521764429,0.0,7.684458255767822,0.4077662229537964,0,1,0,0,0,0.14834282368123392,-0.8808889064902505,-0.047085678401067144,140,0,0,0,156,True,False,no_progress
214,6,1049.3397467366335,888.7140891313902,2.611394668425056,456.7020263671875,34.34849166870117,0,13,0,12,12,-0.08423103823459112,-0.9548620363659606,-0.7377115706473845,0,0,0,0,202,False,False,
214,7,1042.465998034128,887.9718240283462,2.6116155886771955,456.5747375488281,34.67998123168945,0,13,0,12,12,-0.08334144935420985,-0.9732981024415915,-0.8498835055765359,0,0,0,0,202,False,False,
215,0,1053.2033644959326,886.6847157807333,2.6113913221293696,457.07806396484375,34.97467803955078,0,13,0,12,12,-0.01358303712326195,-0.9447846132448852,-0.9678901489774778,0,0,0,0,203,False,False,
215,1,1145.9243283612047,886.1700627366544,2.5822888787699574,361.0855407714844,26.668304443359375,0,10,0,9,9,-0.31099175875638263,-0.9779149608551128,-0.5474720206991426,0,0,0,0,203,False,False,
140,2,1504.0459852540182,860.87550647278,0.0,0.0,-0.19439087808132172,0,1,0,0,0,0.18531981358975586,-0.8736779209069417,0.03407164589994638,140,0,0,0,128,True,False,no_progress
215,3,1034.9958875274706,885.3832230457697,2.6113718394543413,458.906005859375,33.94611740112305,0,13,0,12,12,0.3391674024785301,-0.9920700045156338,-0.8146549195739103,0,0,0,0,203,False,False,
215,4,1116.2256284023752,886.9678556549004,2.5968783955952004,386.6549072265625,29.160659790039062,0,11,0,10,10,-0.11257172000949822,-0.9643435158807355,-0.6532480538810721,0,0,0,0,203,False,False,
168,5,1501.4276527322813,861.5523521764429,0.0,7.684458255767822,0.4077662229537964,0,1,0,0,0,0.14834282368123392,-0.8808889064902505,-0.047085678401067144,140,0,0,0,156,True,False,no_progress
215,6,1046.729354508489,888.7945123245408,2.6116308075134467,459.3136291503906,34.371986389160156,0,13,0,12,12,-0.09947111972372669,-0.9617544601962453,-0.7368845437124514,0,0,0,0,203,False,False,
215,7,1039.8556810205357,888.0594830956959,2.6117884722041627,459.1864318847656,34.70310592651367,0,13,0,12,12,-0.11244246079080288,-0.9801823294046355,-0.848185143119025,0,0,0,0,203,False,False,
216,0,1050.5934603184235,886.7800301752366,2.6116440510872603,459.6896667480469,35.00054931640625,0,13,0,12,12,-0.01549991033022214,-0.9517470854660546,-0.9652765747758014,0,0,0,0,204,False,False,
216,1,1143.3420858982686,886.2459372267202,2.583356939262105,363.6689453125,26.682167053222656,0,10,0,9,9,-0.4378820145492505,-0.9836750317466919,-0.542736661885913,0,0,0,0,204,False,False,
140,2,1504.0459852540182,860.87550647278,0.0,0.0,-0.19439087808132172,0,1,0,0,0,0.18531981358975586,-0.8736779209069417,0.03407164589994638,140,0,0,0,128,True,False,no_progress
216,3,1032.3865803138553,885.49276152114,2.6116054090560774,461.5175476074219,33.944114685058594,0,13,0,12,12,1.0,-0.9959692712606609,-0.8188704100162335,0,0,0,1,204,False,False,
216,4,1113.6292398781943,887.0432225795273,2.597482154284367,389.2523193359375,29.182981491088867,0,11,0,10,10,-0.13937394672162656,-0.9711363478753089,-0.6661003743303828,0,0,0,0,204,False,False,
168,5,1501.4276527322813,861.5523521764429,0.0,7.684458255767822,0.4077662229537964,0,1,0,0,0,0.14834282368123392,-0.8808889064902505,-0.047085678401067144,140,0,0,0,156,True,False,no_progress
216,6,1044.1187254333574,888.8747442161875,2.61186165873288,461.9254455566406,34.394859313964844,0,13,0,12,12,-0.1214033810095518,-0.9686158564121297,-0.7360790421752578,0,0,0,0,204,False,False,
216,7,1037.245174285083,888.1467534590194,2.61196507100665,461.7984924316406,34.72454071044922,0,13,0,12,12,-0.17222897610878868,-0.9869820982304027,-0.8465453251695761,0,0,0,0,204,False,False,
217,0,1047.9832908263627,886.8752252248001,2.6119048364644364,462.3016357421875,35.02634811401367,0,13,0,12,12,-0.018078339350299504,-0.958709922755679,-0.9626776331278672,0,0,0,0,205,False,False,
217,1,1140.7588035516587,886.3217402844193,2.584394278329582,366.2532958984375,26.689231872558594,0,10,0,9,9,-0.6788442359276461,-0.9881617888521795,-0.5380086497223766,0,0,0,0,205,False,False,
140,2,1504.0459852540182,860.87550647278,0.0,0.0,-0.19439087808132172,0,1,0,0,0,0.18531981358975586,-0.8736779209069417,0.03407164589994638,140,0,0,0,128,True,False,no_progress
217,3,1029.7770541307423,885.6020291268584,2.611812839774648,464.12933349609375,36.46958923339844,0,14,1,13,13,0.029498667351365762,-0.9122534409775327,-0.818752806448769,0,0,0,0,205,False,False,
217,4,1111.0322577721322,887.1182875661968,2.5980667449914767,391.8504638671875,29.20408821105957,0,11,0,10,10,-0.18255019645867177,-0.977848393135097,-0.6789901712689854,0,0,0,0,205,False,False,
168,5,1501.4276527322813,861.5523521764429,0.0,7.684458255767822,0.4077662229537964,0,1,0,0,0,0.14834282368123392,-0.8808889064902505,-0.047085678401067144,140,0,0,0,156,True,False,no_progress
217,6,1041.5078623172164,888.954782209403,2.6120896408015613,464.5376281738281,34.41676712036133,0,13,0,12,12,-0.15555256677190274,-0.9754200698573413,-0.7353032416848789,0,0,0,0,205,False,False,
217,7,1034.6344702946149,888.2336378908815,2.6121493506969644,464.4105224609375,34.740806579589844,0,13,0,12,12,-0.3547976284611574,-0.9934256763543433,-0.8449420689514804,0,0,0,0,205,False,False,
218,0,1045.3729177637504,886.9702126711511,2.6121007141717745,464.9137268066406,35.052040100097656,0,13,0,12,12,-0.02168239679738709,-0.9656721086324336,-0.9601079494408714,0,0,0,0,206,False,False,
218,1,1138.174514934631,886.3974475318213,2.585397308617862,368.838623046875,29.214218139648438,0,11,1,10,10,-0.043923738049274005,-0.9061271741892805,-0.536595234362699,0,0,0,0,206,False,False,
140,2,1504.0459852540182,860.87550647278,0.0,0.0,-0.19439087808132172,0,1,0,0,0,0.18531981358975586,-0.8736779209069417,0.03407164589994638,140,0,0,0,128,True,False,no_progress
218,3,1027.167304805492,885.7110240103884,2.612024392167819,466.7413330078125,36.494991302490234,0,14,0,13,13,0.03211661828163383,-0.9192106479222503,-0.8185992557529412,0,0,0,0,206,False,False,
218,4,1108.4346958885822,887.1930196977935,2.598636686873492,394.4490661621094,29.222936630249023,0,11,0,10,10,-0.26247651380070036,-0.984372081890059,-0.6919383983709075,0,0,0,0,206,False,False,
168,5,1501.4276527322813,861.5523521764429,0.0,7.684458255767822,0.4077662229537964,0,1,0,0,0,0.14834282368123392,-0.8808889064902505,-0.047085678401067144,140,0,0,0,156,True,False,no_progress
218,6,1038.8967957210277,889.0345776421387,2.6122856047563934,467.1498107910156,34.436973571777344,0,13,0,12,12,-0.21549364172317886,-0.9820996689703038,-0.7345489380060541,0,0,0,0,206,False,False,
218,7,1032.0235619986713,888.3201616940823,2.6123415738274107,467.0229187011719,37.2666130065918,0,14,1,13,13,-0.017821095268241216,-0.9066026103069759,-0.8442646192325798,0,0,0,0,206,False,False,
219,0,1042.7623739803962,887.0648832956591,2.6122598209124877,467.5260314941406,35.077579498291016,0,13,0,12,12,-0.02710149751316193,-0.9726332421534505,-0.9575748417783214,0,0,0,0,207,False,False,
219,1,1135.58925872055,886.4731845197168,2.5863653616183324,371.425048828125,29.239099502563477,0,11,0,10,10,-0.0474039118690876,-0.9130066273527573,-0.5493088260534038,0,0,0,0,207,False,False,
140,2,1504.0459852540182,860.87550647278,0.0,0.0,-0.19439087808132172,0,1,0,0,0,0.18531981358975586,-0.8736779209069417,0.03407164589994638,140,0,0,0,128,True,False,no_progress
219,3,1024.557300644332,885.8198195280002,2.612270695376867,469.35369873046875,36.520301818847656,0,14,0,13,13,0.035201001293981134,-0.9261672557505563,-0.818423164849786,0,0,0,0,207,False,False,
219,4,1105.836576158618,887.2673876641107,2.5991838576066213,397.04827880859375,29.236555099487305,0,11,0,10,10,-0.447518573890477,-0.9903162600837904,-0.7049241591344926,0,0,0,0,207,False,False,
168,5,1501.4276527322813,861.5523521764429,0.0,7.684458255767822,0.4077662229537964,0,1,0,0,0,0.14834282368123392,-0.8808889064902505,-0.047085678401067144,140,0,0,0,156,True,False,no_progress
219,6,1036.2855149758818,889.11413134582,2.612492281661189,469.7623596191406,34.453556060791016,0,13,0,12,12,-0.3436383455740207,-0.9884376856638376,-0.7338389715010595,0,0,0,0,207,False,False,
219,7,1029.4125452576905,888.4067387196552,2.612451722623748,469.63531494140625,37.292354583740234,0,14,0,13,13,-0.019269774782138902,-0.9135660484578323,-0.8471137471766854,0,0,0,0,207,False,False,
220,0,1040.1516608321863,887.1591737149097,2.612415324062806,470.1384582519531,35.102867126464844,0,13,0,12,12,-0.03622459298530253,-0.9795912882933275,-0.955086039130143,0,0,0,0,208,False,False,
220,1,1133.0030541248627,886.5490101179745,2.5873159320241497,374.0123291015625,29.26387596130371,0,11,0,10,10,-0.05149841286291424,-0.9198853021968975,-0.5620224177441087,0,0,0,0,208,False,False,
140,2,1504.0459852540182,860.87550647278,0.0,0.0,-0.19439087808132172,0,1,0,0,0,0.18531981358975586,-0.8736779209069417,0.03407164589994638,140,0,0,0,128,True,False,no_progress
220,3,1021.9470418769736,885.9284753851817,2.612519268420949,471.9661865234375,36.54551315307617,0,14,0,13,13,0.03890672314429114,-0.9331221125290237,-0.8182254342041486,0,0,0,0,208,False,False,
220,4,1103.237912136441,887.3413748719472,2.5997170628898494,399.64794921875,31.761629104614258,0,12,1,11,11,-0.04234239461546092,-0.9059641702789017,-0.7179599743090233,0,0,0,0,208,False,False,
168,5,1501.4276527322813,861.5523521764429,0.0,7.684458255767822,0.4077662229537964,0,1,0,0,0,0.14834282368123392,-0.8808889064902505,-0.047085678401067144,140,0,0,0,156,True,False,no_progress
220,6,1033.6740633954134,889.1933707560806,2.6126534866433686,472.375,34.459861755371094,0,13,0,12,12,-0.7064280276536837,-0.9933658011779044,-0.7331582486639103,0,0,0,0,208,False,False,
220,7,1026.801401367408,888.4935686851204,2.612587196374739,472.2479553222656,37.31806945800781,0,14,0,13,13,-0.021025205756348617,-0.9205296205582759,-0.8499263276825305,0,0,0,0,208,False,False,
221,0,1037.5407633582834,887.2530811287618,2.6125857347863746,472.7509765625,35.12762451171875,0,13,0,12,12,-0.054819886661226114,-0.9865410154321093,-0.9526553450506965,0,0,0,0,209,False,False,
221,1,1130.4159242957128,886.6249520857427,2.5882441800080307,376.6005859375,29.28851890563965,0,11,0,10,10,-0.05637015329398941,-0.9267626496727166,-0.5747360094348134,0,0,0,0,209,False,False,
140,2,1504.0459852540182,860.87550647278,0.0,0.0,-0.19439087808132172,0,1,0,0,0,0.18531981358975586,-0.8736779209069417,0.03407164589994638,140,0,0,0,128,True,False,no_progress
221,3,1019.3365392118837,886.0370225356502,2.612758436655757,474.57891845703125,36.570594787597656,0,14,0,13,13,0.04345878007191004,-0.9400748614690833,-0.8180204140811891,0,0,0,0,209,False,False,
221,4,1100.6388405547254,887.4154952677841,2.600128250675393,402.2481384277344,31.78657341003418,0,12,0,11,11,-0.04574160680226037,-0.9128814074157012,-0.7185935299399702,0,0,0,0,209,False,False,
168,5,1501.4276527322813,861.5523521764429,0.0,7.684458255767822,0.4077662229537964,0,1,0,0,0,0.14834282368123392,-0.8808889064902505,-0.047085678401067144,140,0,0,0,156,True,False,no_progress
221,6,1031.0624234268862,889.2722932938364,2.612832197477498,474.9878845214844,36.9852180480957,0,14,1,13,13,-0.033663761165500246,-0.9091436492713291,-0.7350768676812933,0,0,0,0,209,False,False,
221,7,1024.190142416944,888.5807779964983,2.6127148276018435,474.8606262207031,37.343727111816406,0,14,0,13,13,-0.023144188307158704,-0.9274925187954477,-0.8527023464570225,0,0,0,0,209,False,False,
222,0,1034.9296870626065,887.3466018440287,2.612750570955666,475.3637390136719,35.15073776245117,0,13,0,12,12,-0.11300334443881815,-0.9934552340367812,-0.9502539125054614,0,0,0,0,210,False,False,
222,1,1127.82786873251,886.700966396767,2.589171638517705,379.1897277832031,29.31299591064453,0,11,0,10,10,-0.06224047322841418,-0.9336371171606622,-0.5874350221708737,0,0,0,0,210,False,False,
140,2,1504.0459852540182,860.87550647278,0.0,0.0,-0.19439087808132172,0,1,0,0,0,0.18531981358975586,-0.8736779209069417,0.03407164589994638,140,0,0,0,128,True,False,no_progress
222,3,1016.7257864812383,886.1455105474828,2.6130058303195436,477.19195556640625,36.59551239013672,0,14,0,13,13,0.049190828348169346,-0.9470245609749798,-0.8177934540607992,0,0,0,0,210,False,False,
222,4,1098.0393317854462,887.4899757125056,2.600575547490493,404.84869384765625,31.811433792114258,0,12,0,11,11,-0.04978661766295242,-0.9197967021194308,-0.7185642576859391,0,0,0,0,210,False,False,
168,5,1501.4276527322813,861.5523521764429,0.0,7.684458255767822,0.4077662229537964,0,1,0,0,0,0.14834282368123392,-0.8808889064902505,-0.047085678401067144,140,0,0,0,156,True,False,no_progress
222,6,1028.4507342018762,889.3513705657158,2.6128861098335054,477.60076904296875,37.010467529296875,0,14,0,13,13,-0.036499098798007404,-0.9161007865850626,-0.7388198570622114,0,0,0,0,210,False,False,
222,7,1021.5787597610642,888.6684178713259,2.6128528705400003,477.4735412597656,37.36931228637695,0,14,0,13,13,-0.025718997322332546,-0.934455167441248,-0.8554198636027307,0,0,0,0,210,False,False,
223,0,1032.318419520425,887.4397669705223,2.612928992078527,477.9767150878906,37.67694854736328,0,14,1,13,13,-0.0035984594583317805,-0.9057752805671732,-0.948237285750827,0,0,0,0,211,False,False,
223,1,1125.2389187743834,886.7770138902308,2.590066622105754,381.77984619140625,29.3372745513916,0,11,0,10,10,-0.0694570030889281,-0.9405072603788591,-0.6001486138615786,0,0,0,0,211,False,False,
140,2,1504.0459852540182,860.87550647278,0.0,0.0,-0.19439087808132172,0,1,0,0,0,0.18531981358975586,-0.8736779209069417,0.03407164589994638,140,0,0,0,128,True,False,no_progress
223,3,1014.1148071253633,886.2539937362031,2.613232059928939,479.80517578125,36.62022018432617,0,14,0,13,13,0.05663538563549335,-0.9539691862806231,-0.8175737978108242,0,0,0,0,211,False,False,
223,4,1095.4394137098761,887.5649706671707,2.600999469992382,407.4496154785156,31.836164474487305,0,12,0,11,11,-0.05462703044632033,-0.9267092181922959,-0.7184838161597249,0,0,0,0,211,False,False,
168,5,1501.4276527322813,861.5523521764429,0.0,7.684458255767822,0.4077662229537964,0,1,0,0,0,0.14834282368123392,-0.8808889064902505,-0.047085678401067144,140,0,0,0,156,True,False,no_progress
223,6,1025.8389314933675,889.4307628463744,2.61300909344043,480.21368408203125,37.03564453125,0,14,0,13,13,-0.0398856385878187,-0.9230559839080786,-0.7425256844018793,0,0,0,0,211,False,False,
223,7,1018.96722681413,888.7564661637327,2.613016807201743,480.0865478515625,37.394805908203125,0,14,0,13,13,-0.028887887654872834,-0.9414167433972542,-0.8580858970282145,0,0,0,0,211,False,False,
224,0,1029.7070211048397,887.53292327377,2.613059467703983,480.5896911621094,37.70313262939453,0,14,0,13,13,-0.0038819933994969033,-0.9127431304887266,-0.9503028484818963,0,0,0,0,212,False,False,
224,1,1122.6491028226192,886.8530629483574,2.5909322884348596,384.3708190917969,29.361299514770508,0,11,0,10,10,-0.07855087291298003,-0.9473700368897949,-0.6128694950296056,0,0,0,0,212,False,False,
140,2,1504.0459852540182,860.87550647278,0.0,0.0,-0.19439087808132172,0,1,0,0,0,0.18531981358975586,-0.8736779209069417,0.03407164589994638,140,0,0,0,128,True,False,no_progress
224,3,1011.5036328787511,886.3625443499704,2.6134295823534446,482.4185791015625,36.64464569091797,0,14,0,13,13,0.06670013258718181,-0.9609058197367711,-0.8173611451763156,0,0,0,0,212,False,False,
224,4,1092.8390543555915,887.6404951889945,2.601455885617074,410.0510559082031,31.860727310180664,0,12,0,11,11,-0.06046938755741722,-0.9336180639600307,-0.7183297652056496,0,0,0,0,212,False,False,
168,5,1501.4276527322813,861.5523521764429,0.0,7.684458255767822,0.4077662229537964,0,1,0,0,0,0.14834282368123392,-0.8808889064902505,-0.047085678401067144,140,0,0,0,156,True,False,no_progress
224,6,1023.2270174265047,889.5105578495339,2.6131326669736277,482.826904296875,37.06071472167969,0,14,0,13,13,-0.04396057361586574,-0.9300094624401913,-0.7461882608427688,0,0,0,0,212,False,False,
224,7,1016.3555375089003,888.8448918709097,2.6131858205533476,482.6997375488281,37.420188903808594,0,14,0,13,13,-0.03288940039229197,-0.9483770596425277,-0.8607083793999714,0,0,0,0,212,False,False,
225,0,1027.0954838875916,887.6262481675386,2.613204196550331,483.20294189453125,37.72932434082031,0,14,0,13,13,-0.004262155335833187,-0.9197116245640129,-0.9523391639718469,0,0,0,0,213,False,False,
225,1,1120.0584835804846,886.929019919089,2.5917325323268106,386.9624938964844,29.38498878479004,0,11,0,10,10,-0.09034642938014233,-0.9542208152716058,-0.6256049837384625,0,0,0,0,213,False,False,
140,2,1504.0459852540182,860.87550647278,0.0,0.0,-0.19439087808132172,0,1,0,0,0,0.18531981358975586,-0.8736779209069417,0.03407164589994638,140,0,0,0,128,True,False,no_progress
225,3,1008.8922693716448,886.4712034236013,2.613623186407818,485.0322265625,36.66866683959961,0,14,0,13,13,0.08109648997139042,-0.9678290985631031,-0.8171561107602633,0,0,0,0,213,False,False,
225,4,1090.238280065137,887.7165796394958,2.60188696016905,412.6529846191406,31.88509178161621,0,12,0,11,11,-0.06766156182093634,-0.9405215135068752,-0.7181176271224814,0,0,0,0,213,False,False,
168,5,1501.4276527322813,861.5523521764429,0.0,7.684458255767822,0.4077662229537964,0,1,0,0,0,0.14834282368123392,-0.8808889064902505,-0.047085678401067144,140,0,0,0,156,True,False,no_progress
225,6,1020.6149728176543,889.5907673089171,2.6132758361869795,485.44012451171875,37.08563995361328,0,14,0,13,13,-0.04892700587813705,-0.9369595533252859,-0.7498066144545704,0,0,0,0,213,False,False,
225,7,1013.7436426829212,888.9335032306578,2.6133975118709105,485.3131103515625,37.44541549682617,0,14,0,13,13,-0.03806964218946531,-0.9553352960094326,-0.8633159111966715,0,0,0,0,213,False,False,
226,0,1024.4838212387624,887.7198568358514,2.613339697412701,485.8163146972656,37.7555046081543,0,14,0,13,13,-0.004742143591186871,-0.9266804398191563,-0.9543456140444159,0,0,0,0,214,False,False,
226,1,1117.4670846157555,887.0048234803515,2.592507429940943,389.5550231933594,29.408235549926758,0,11,0,10,10,-0.10628061795718698,-0.9610525517726086,-0.6383623694654714,0,0,0,0,214,False,False,
140,2,1504.0459852540182,860.87550647278,0.0,0.0,-0.19439087808132172,0,1,0,0,0,0.18531981358975586,-0.8736779209069417,0.03407164589994638,140,0,0,0,128,True,False,no_progress
226,3,1006.2807152492089,886.579982689242,2.613818636218948,487.64605712890625,36.692054748535156,0,14,0,13,13,0.1033733814116712,-0.9747273746438192,-0.8169656981781338,0,0,0,0,214,False,False,
226,4,1087.6370824783667,887.793207292917,2.6023260139128688,415.25531005859375,31.90920066833496,0,12,0,11,11,-0.07672235478602007,-0.9474165573514209,-0.7178392548473309,0,0,0,0,214,False,False,
168,5,1501.4276527322813,861.5523521764429,0.0,7.684458255767822,0.4077662229537964,0,1,0,0,0,0.14834282368123392,-0.8808889064902505,-0.047085678401067144,140,0,0,0,156,True,False,no_progress
226,6,1018.002811695667,889.671414183325,2.6134057560152884,488.0535583496094,37.11039352416992,0,14,0,13,13,-0.055117877640327606,-0.9439054718676045,-0.753366223455011,0,0,0,0,214,False,False,
226,7,1011.131525171543,889.0222362975987,2.613624198391469,487.9267272949219,37.47045135498047,0,14,0,13,13,-0.04513247977167667,-0.9622901960708862,-0.8659161535160493,0,0,0,0,214,False,False,
227,0,1021.8720548568593,887.8138440131099,2.613456948780275,488.4296875,37.78166580200195,0,14,0,13,13,-0.005341286105542053,-0.9336492448542943,-0.9563015023012451,0,0,0,0,215,False,False,
227,1,1114.8749573038774,887.080377827878,2.59322819289303,392.1481628417969,29.43083953857422,0,11,0,10,10,-0.1289597834489718,-0.9678510555566355,-0.6511572602679578,0,0,0,0,215,False,False,
140,2,1504.0459852540182,860.87550647278,0.0,0.0,-0.19439087808132172,0,1,0,0,0,0.18531981358975586,-0.8736779209069417,0.03407164589994638,140,0,0,0,128,True,False,no_progress
227,3,1003.6689588212303,886.6888603444289,2.6140248627140017,490.26007080078125,36.71434020996094,0,14,0,13,13,0.14229801537077802,-0.9815719784230992,-0.816789907429927,0,0,0,0,215,False,False,
227,4,1085.0354350380799,887.870303229509,2.602789501091039,417.8581237792969,31.93297576904297,0,12,0,11,11,-0.08847482065736156,-0.9542993010776686,-0.7175100563342243,0,0,0,0,215,False,False,
168,5,1501.4276527322813,861.5523521764429,0.0,7.684458255767822,0.4077662229537964,0,1,0,0,0,0.14834282368123392,-0.8808889064902505,-0.047085678401067144,140,0,0,0,156,True,False,no_progress
227,6,1015.3905382038492,889.7525124159863,2.6135320390985366,490.66705322265625,37.134925842285156,0,14,0,13,13,-0.0630481564999425,-0.9508448909178674,-0.7568746345970828,0,0,0,0,215,False,False,
227,7,1008.5191908786284,889.111053649008,2.6138437175640368,490.5406188964844,37.495201110839844,0,14,0,13,13,-0.05537687172571471,-0.9692390334689496,-0.8684941271968627,0,0,0,0,215,False,False,
228,0,1019.2600794562813,887.9080832868231,2.613674909764852,491.04339599609375,37.80780029296875,0,14,0,13,13,-0.006034679640452762,-0.9406188285677548,-0.9582351469324222,0,0,0,0,216,False,False,
228,1,1112.2821238722354,887.1556185007976,2.5939248954242915,394.7421569824219,29.45246696472168,0,11,0,10,10,-0.16373966015326005,-0.9745889968052783,-0.6639949731764386,0,0,0,0,216,False,False,
140,2,1504.0459852540182,860.87550647278,0.0,0.0,-0.19439087808132172,0,1,0,0,0,0.18531981358975586,-0.8736779209069417,0.03407164589994638,140,0,0,0,128,True,False,no_progress
228,3,1001.0570092635108,886.7978293013343,2.6142216290206703,492.8742980957031,36.734249114990234,0,14,0,13,13,0.22635444705066005,-0.9882676928418048,-0.8166287528087357,0,0,0,0,216,False,False,
228,4,1082.4333479269324,887.9478192797603,2.603241454811108,420.4613342285156,31.95630645751953,0,12,0,11,11,-0.10435669205199044,-0.961162166075513,-0.7171292597561507,0,0,0,0,216,False,False,
168,5,1501.4276527322813,861.5523521764429,0.0,7.684458255767822,0.4077662229537964,0,1,0,0,0,0.14834282368123392,-0.8808889064902505,-0.047085678401067144,140,0,0,0,156,True,False,no_progress
228,6,1012.7781336430879,889.8340325055915,2.613676168559454,493.28076171875,37.159156799316406,0,14,0,13,13,-0.07355792017252219,-0.9577748434430416,-0.760331847880786,0,0,0,0,216,False,False,
228,7,1005.9066616418422,889.1999601980102,2.614041581061404,493.1546325683594,37.51948928833008,0,14,0,13,13,-0.07158391972684007,-0.9761756305962386,-0.8710651258483951,0,0,0,0,216,False,False,
229,0,1016.6478925707769,888.0024868654489,2.6138921860816837,493.65728759765625,37.83392333984375,0,14,0,13,13,-0.006881030358769635,-0.947588838244202,-0.9601468588127151,0,0,0,0,217,False,False,
229,1,1109.6885935050968,887.2305239549152,2.5946118384695236,397.33673095703125,29.472412109375,0,11,0,10,10,-0.22329968180317286,-0.9811980871340377,-0.6768847987012268,0,0,0,0,217,False,False,
140,2,1504.0459852540182,860.87550647278,0.0,0.0,-0.19439087808132172,0,1,0,0,0,0.18531981358975586,-0.8736779209069417,0.03407164589994638,140,0,0,0,128,True,False,no_progress
229,3,998.4449019862319,886.9069346014952,2.6143848979323128,495.48870849609375,36.746280670166016,0,14,0,13,13,0.5044544562786766,-0.9942647489315521,-0.8164749019579594,0,0,0,0,217,False,False,
229,4,1079.8308435259082,888.0257440662539,2.603670760618493,423.0650329589844,31.97899627685547,0,12,0,11,11,-0.12701580146618754,-0.9679920266650786,-0.7166972653197085,0,0,0,0,217,False,False,
168,5,1501.4276527322813,861.5523521764429,0.0,7.684458255767822,0.4077662229537964,0,1,0,0,0,0.14834282368123392,-0.8808889064902505,-0.047085678401067144,140,0,0,0,156,True,False,no_progress
229,6,1010.1655974021742,889.9159493785752,2.6138201897160376,495.89459228515625,37.18297576904297,0,14,0,13,13,-0.08816093964675373,-0.9646893008583476,-0.763737891892306,0,0,0,0,217,False,False,
229,7,1003.2939549387036,889.2889788721698,2.61422276039643,495.7688903808594,37.54294204711914,0,14,0,13,13,-0.101073910342873,-0.9830847822028373,-0.873628792143327,0,0,0,0,217,False,False,
230,0,1014.035493894298,888.096994428111,2.614107596153793,496.2713623046875,37.860015869140625,0,14,0,13,13,-0.0079627444170187,-0.954559229527852,-0.9620512562027734,0,0,0,0,218,False,False,
230,1,1107.0943976506533,887.3050567016272,2.5952663180384308,399.9320373535156,29.488927841186523,0,11,0,10,10,-0.3447160337649286,-0.9874703383253965,-0.6898257363258267,0,0,0,0,218,False,False,
140,2,1504.0459852540182,860.87550647278,0.0,0.0,-0.19439087808132172,0,1,0,0,0,0.18531981358975586,-0.8736779209069417,0.03407164589994638,140,0,0,0,128,True,False,no_progress
230,3,995.8326635662457,887.0162380791946,2.6145242039593346,498.1032409667969,39.27206802368164,0,15,1,14,14,0.018695443095170263,-0.9068771131500659,-0.8182808485248899,0,0,0,0,218,False,False,
230,4,1077.227929603098,888.1040640718849,2.6040919555273865,425.66912841796875,32.000701904296875,0,12,0,11,11,-0.1618662355096578,-0.9747606902699508,-0.7162286805657274,0,0,0,0,218,False,False,
168,5,1501.4276527322813,861.5523521764429,0.0,7.684458255767822,0.4077662229537964,0,1,0,0,0,0.14834282368123392,-0.8808889064902505,-0.047085678401067144,140,0,0,0,156,True,False,no_progress
230,6,1007.5528548091457,889.9980990820129,2.6140337471425243,498.50860595703125,37.206172943115234,0,14,0,13,13,-0.10978609811936874,-0.9715768974759886,-0.7671220102994883,0,0,0,0,218,False,False,
230,7,1000.6810879230165,889.378142954864,2.6143879351213104,498.3832702636719,37.564422607421875,0,14,0,13,13,-0.1707938148533458,-0.9899083258785587,-0.8761778366043362,0,0,0,0,218,False,False,
231,0,1011.422888238921,888.1915697630972,2.6143168906036918,498.88568115234375,37.88606643676758,0,14,0,13,13,-0.009424326901056664,-0.9615301075944972,-0.9639410317589091,0,0,0,0,219,False,False,
231,1,1104.49955810283,887.3791862808868,2.595898201676864,402.5279541015625,29.496530532836914,0,11,0,10,10,-0.6601663127288677,-0.9925004616897132,-0.7028114685032262,0,0,0,0,219,False,False,
140,2,1504.0459852540182,860.87550647278,0.0,0.0,-0.19439087808132172,0,1,0,0,0,0.18531981358975586,-0.8736779209069417,0.03407164589994638,140,0,0,0,128,True,False,no_progress
231,3,993.2202998025684,887.125528205141,2.6146488799461385,500.7178955078125,39.29779815673828,0,15,0,14,14,0.02021266806773288,-0.9138462689266413,-0.8226807770365571,0,0,0,0,219,False,False,
231,4,1074.6246008377482,888.1827428367233,2.604517423350071,428.2735900878906,32.02070999145508,0,12,0,11,11,-0.22186148519030996,-0.9814000958651389,-0.7157161874306999,0,0,0,0,219,False,False,
168,5,1501.4276527322813,861.5523521764429,0.0,7.684458255767822,0.4077662229537964,0,1,0,0,0,0.14834282368123392,-0.8808889064902505,-0.047085678401067144,140,0,0,0,156,True,False,no_progress
231,6,1004.9399356642766,890.0804444960028,2.6142163691685103,501.122802734375,37.22837829589844,0,14,0,13,13,-0.14514046092386176,-0.9784114476699763,-0.7704838743611988,0,0,0,0,219,False,False,
231,7,998.0680656763354,889.4674722060947,2.6145487137890555,500.9978332519531,37.57685470581055,0,14,0,13,13,-0.4903219427615315,-0.9961570986794738,-0.8786973372425514,0,0,0,0,219,False,False,
232,0,1008.8100804254962,888.2861906548306,2.6145205646631027,501.500244140625,37.91205978393555,0,14,0,13,13,-0.011520705184397191,-0.9685013499200192,-0.9658308073150448,0,0,0,0,220,False,False,
232,1,1101.9040812257729,887.4529147271766,2.596523849905816,405.12445068359375,32.02151107788086,0,12,1,11,11,-0.045344637336175865,-0.9095062106208961,-0.709764457834976,0,0,0,0,220,False,False,
140,2,1504.0459852540182,860.87550647278,0.0,0.0,-0.19439087808132172,0,1,0,0,0,0.18531981358975586,-0.8736779209069417,0.03407164589994638,140,0,0,0,128,True,False,no_progress
232,3,990.6077799371784,887.2347360416834,2.614801407109085,503.3326721191406,39.323490142822266,0,15,0,14,14,0.022016042148671193,-0.9208151523934273,-0.8270733731916236,0,0,0,0,220,False,False,
232,4,1072.0208726435783,888.2617650452634,2.6049270658805788,430.8785400390625,32.03722381591797,0,12,0,11,11,-0.3455171003941372,-0.9876977109385225,-0.715159843086997,0,0,0,0,220,False,False,
168,5,1501.4276527322813,861.5523521764429,0.0,7.684458255767822,0.4077662229537964,0,1,0,0,0,0.14834282368123392,-0.8808889064902505,-0.047085678401067144,140,0,0,0,156,True,False,no_progress
232,6,1002.3268524896177,890.1629773424477,2.61438622786068,503.7372131347656,37.24867248535156,0,14,0,13,13,-0.21274076103919065,-0.985118970654841,-0.7738237985254788,0,0,0,0,220,False,False,
232,7,995.4549075128094,889.5570024360849,2.614691425328205,503.6125183105469,40.10252380371094,0,15,1,14,14,-0.022856209835269207,-0.9081201541882487,-0.8784586854722604,0,0,0,0,220,False,False,
233,0,1006.1970886853896,888.3808652906791,2.6147063163074225,504.11492919921875,37.937957763671875,0,14,0,13,13,-0.014809673875654362,-0.9754723888760851,-0.9677205828711805,0,0,0,0,221,False,False,
233,1,1099.3080923523721,887.5267391847892,2.597038367325811,407.721435546875,32.04635238647461,0,12,0,11,11,-0.04911930864265691,-0.9164125099030391,-0.7098156556933448,0,0,0,0,221,False,False,
140,2,1504.0459852540182,860.87550647278,0.0,0.0,-0.19439087808132172,0,1,0,0,0,0.18531981358975586,-0.8736779209069417,0.03407164589994638,140,0,0,0,128,True,False,no_progress
233,3,988.0230582580825,887.342649717155,2.5869734284955817,505.9196472167969,39.34904098510742,0,15,0,14,14,0.024152247268209078,-0.927709202797848,-0.8313999352580069,0,0,0,0,221,False,False,
233,4,1069.4167434459791,888.3411001652323,2.605337394474834,433.48388671875,32.04447555541992,0,12,0,11,11,-0.67293853530116,-0.9927028560447477,-0.7145669084257553,0,0,0,0,221,False,False,
168,5,1501.4276527322813,861.5523521764429,0.0,7.684458255767822,0.4077662229537964,0,1,0,0,0,0.14834282368123392,-0.8808889064902505,-0.047085678401067144,140,0,0,0,156,True,False,no_progress
233,6,999.71360646278,890.2456870000464,2.614554586204496,506.35174560546875,37.26411437988281,0,14,0,13,13,-0.3840653849666296,-0.9913956696862242,-0.7771491151489289,0,0,0,0,221,False,False,
233,7,992.8415669039586,889.6466699124484,2.6148784664275144,506.2273864746094,40.128135681152344,0,15,0,14,14,-0.02476713020613867,-0.9150882919467443,-0.8764161024611219,0,0,0,0,221,False,False,
234,0,1003.5839357193398,888.4756275196999,2.6148706094229146,506.72979736328125,37.963687896728516,0,14,0,13,13,-0.02072122916157247,-0.9824427509894936,-0.969588425676432,0,0,0,0,222,False,False,
234,1,1096.7115889420731,887.6009173003138,2.5975627716219685,410.3190612792969,32.07109832763672,0,12,0,11,11,-0.05364206887678746,-0.9233169486545029,-0.7098156556933448,0,0,0,0,222,False,False,
140,2,1504.0459852540182,860.87550647278,0.0,0.0,-0.19439087808132172,0,1,0,0,0,0.18531981358975586,-0.8736779209069417,0.03407164589994638,140,0,0,0,128,True,False,no_progress
234,3,985.4653512111737,887.4493235916781,2.559930595409361,508.4796142578125,39.37443161010742,0,15,0,14,14,0.026700360901170308,-0.9345303368250991,-0.8356752851729287,0,0,0,0,222,False,False,
234,4,1066.8122345989207,888.420746972116,2.605726376320493,436.089599609375,34.5694694519043,0,13,1,12,12,-0.04580762169277174,-0.9084222440343936,-0.7138748654591176,0,0,0,0,222,False,False,
168,5,1501.4276527322813,861.5523521764429,0.0,7.684458255767822,0.4077662229537964,0,1,0,0,0,0.14834282368123392,-0.8808889064902505,-0.047085678401067144,140,0,0,0,156,True,False,no_progress
234,6,997.1001915154902,890.3285492420438,2.6147282531587184,508.9664611816406,39.78944778442383,0,15,1,14,14,-0.0347870047044277,-0.9037073954377952,-0.780445488259482,0,0,0,0,222,False,False,
234,7,990.2280427670894,889.7364169412369,2.6150646154873614,508.8424377441406,40.153690338134766,0,15,0,14,14,-0.027001310826595827,-0.9220560446478152,-0.8743588976160608,0,0,0,0,222,False,False,
235,0,1000.9706299851865,888.5705031267601,2.615027388187992,509.34478759765625,37.98903274536133,0,14,0,13,13,-0.03440371552095611,-0.9894099524337137,-0.9714559558202789,0,0,0,0,223,False,False,
235,1,1094.1145956628504,887.6756125813056,2.5980672580459663,412.91705322265625,32.09569549560547,0,12,0,11,11,-0.05909720030853502,-0.9302178008294083,-0.7097571111852827,0,0,0,0,223,False,False,
140,2,1504.0459852540182,860.87550647278,0.0,0.0,-0.19439087808132172,0,1,0,0,0,0.18531981358975586,-0.8736779209069417,0.03407164589994638,140,0,0,0,128,True,False,no_progress
235,3,982.9339082836669,887.5548213472152,2.5336402806332177,511.01324462890625,39.399654388427734,0,15,0,14,14,0.029795048930608914,-0.9412800431187481,-0.8398848011024662,0,0,0,0,223,False,False,
235,4,1064.2073138142036,888.5005348833777,2.606142437671892,438.69580078125,34.5943489074707,0,13,0,12,12,-0.04959898955248845,-0.9153526337610847,-0.7131132723029705,0,0,0,0,223,False,False,
168,5,1501.4276527322813,861.5523521764429,0.0,7.684458255767822,0.4077662229537964,0,1,0,0,0,0.14834282368123392,-0.8808889064902505,-0.047085678401067144,140,0,0,0,156,True,False,no_progress
235,6,994.4866137595772,890.4115521581524,2.6148954415589962,511.58135986328125,39.81470489501953,0,15,0,14,14,-0.03753673642362274,-0.9106692318154784,-0.7792605479880299,0,0,0,0,223,False,False,
235,7,987.642319756064,889.8252389272754,2.587248120097929,511.4296569824219,40.17908477783203,0,15,0,14,14,-0.02963151382344904,-0.9289484818233142,-0.8723165147082214,0,0,0,0,223,False,False,
236,0,998.3571941967017,888.6655370667221,2.6151631058650464,511.9599914550781,38.012508392333984,0,14,0,13,13,-0.10040293236264689,-0.9963540408201593,-0.9733018623013732,0,0,0,0,224,False,False,
236,1,1091.5170826636072,887.7508451330204,2.598602262385575,415.51568603515625,32.12010192871094,0,12,0,11,11,-0.06574271220108206,-0.9371141983919381,-0.7096323324852384,0,0,0,0,224,False,False,
140,2,1504.0459852540182,860.87550647278,0.0,0.0,-0.19439087808132172,0,1,0,0,0,0.18531981358975586,-0.8736779209069417,0.03407164589994638,140,0,0,0,128,True,False,no_progress
236,3,980.4280075334229,887.6591946379069,2.508073434707102,513.5213623046875,39.4246940612793,0,15,0,14,14,0.033640272388330714,-0.9479600175163408,-0.8440504229440501,0,0,0,0,224,False,False,
236,4,1061.6019645145414,888.5804089697812,2.606573391049872,441.3023681640625,34.619110107421875,0,13,0,12,12,-0.05404898282918869,-0.9222805105032434,-0.7123374432264061,0,0,0,0,224,False,False,
168,5,1501.4276527322813,861.5523521764429,0.0,7.684458255767822,0.4077662229537964,0,1,0,0,0,0.14834282368123392,-0.8808889064902505,-0.047085678401067144,140,0,0,0,156,True,False,no_progress
236,6,991.8728504323406,890.4946415382809,2.615083665181156,514.1964721679688,39.83987045288086,0,15,0,14,14,-0.04073364791657923,-0.9176296491748236,-0.7780088160939768,0,0,0,0,224,False,False,
236,7,985.0836247179952,889.9131584291225,2.5602050965972585,513.9898681640625,40.204307556152344,0,15,0,14,14,-0.032786277083505413,-0.9357675690473556,-0.8703032039511139,0,0,0,0,224,False,False,
237,0,995.7436472099647,888.760779967767,2.6152818322470766,514.5752563476562,40.53855514526367,0,15,1,14,14,-0.009646930200060272,-0.9073292935150511,-0.9729273064449385,0,0,0,0,225,False,False,
237,1,1088.9190611140896,887.8266192115959,2.5991263306622607,418.11480712890625,32.14427947998047,0,12,0,11,11,-0.07400980356769019,-0.944003565541076,-0.7094494666561012,0,0,0,0,225,False,False,
140,2,1504.0459852540182,860.87550647278,0.0,0.0,-0.19439087808132172,0,1,0,0,0,0.18531981358975586,-0.8736779209069417,0.03407164589994638,140,0,0,0,128,True,False,no_progress
237,3,977.9469515400718,887.7624811525814,2.483204974676272,516.0045166015625,39.449520111083984,0,15,0,14,14,0.038557250883043695,-0.9545711950881869,-0.8481721506976801,0,0,0,0,225,False,False,
237,4,1058.9962000391236,888.660331119861,2.6069898449022118,443.9093017578125,34.64372634887695,0,13,0,12,12,-0.059360408283305334,-0.9292048373493395,-0.7115538958797358,0,0,0,0,225,False,False,
168,5,1501.4276527322813,861.5523521764429,0.0,7.684458255767822,0.4077662229537964,0,1,0,0,0,0.14834282368123392,-0.8808889064902505,-0.047085678401067144,140,0,0,0,156,True,False,no_progress
237,6,989.2589197191994,890.5778091227922,2.615253452385889,516.811767578125,39.86492919921875,0,15,0,14,14,-0.04451801356875144,-0.9245881115656726,-0.7767422765557945,0,0,0,0,225,False,False,
237,7,982.5512123275176,890.0001741794969,2.533906915468197,516.5238037109375,40.229339599609375,0,15,0,14,14,-0.0366388594694955,-0.9425146343937187,-0.8683045150279293,0,0,0,0,225,False,False,
238,0,993.12993458697,888.8561647584864,2.6154525294684454,517.190673828125,40.5645751953125,0,15,0,14,14,-0.010466813856925543,-0.9143029481776819,-0.9701966896796895,0,0,0,0,226,False,False,
238,1,1086.3205219107936,887.9028974111341,2.599658507341102,420.7144470214844,32.168155670166016,0,12,0,11,11,-0.08456938145646972,-0.9508823599810848,-0.7092007668415798,0,0,0,0,226,False,False,
140,2,1504.0459852540182,860.87550647278,0.0,0.0,-0.19439087808132172,0,1,0,0,0,0.18531981358975586,-0.8736779209069417,0.03407164589994638,140,0,0,0,128,True,False,no_progress
238,3,975.4900651719051,887.864708532262,2.4590122129097933,518.4635620117188,39.474090576171875,0,15,0,14,14,0.04507123413617238,-0.9611145645544951,-0.8522424804896425,0,0,0,0,226,False,False,
238,4,1056.3900561909277,888.7402303377888,2.6073683365635376,446.5167236328125,34.668155670166016,0,13,0,12,12,-0.06580329795573839,-0.9361244980039041,-0.7107780668031713,0,0,0,0,226,False,False,
168,5,1501.4276527322813,861.5523521764429,0.0,7.684458255767822,0.4077662229537964,0,1,0,0,0,0.14834282368123392,-0.8808889064902505,-0.047085678401067144,140,0,0,0,156,True,False,no_progress
238,6,986.6728078165996,890.6601775738045,2.587423300213976,519.399169921875,39.88977813720703,0,15,0,14,14,-0.049019039783079026,-0.9314693574595534,-0.7754830407880273,0,0,0,0,226,False,False,
238,7,980.0443567668193,890.0863159389935,2.508335146054713,519.0321044921875,40.25415802001953,0,15,0,14,14,-0.041460136560762195,-0.9491909454654143,-0.8663279803985668,0,0,0,0,226,False,False,
239,0,990.5160612279446,888.9516526007797,2.615616918634749,519.8063354492188,40.590572357177734,0,15,0,14,14,-0.011420565979817512,-0.9212769460042102,-0.9674514403606982,0,0,0,0,227,False,False,
239,1,1083.7214510420051,887.9796096672826,2.6002027134876444,423.314697265625,32.1916389465332,0,12,0,11,11,-0.09852685574448843,-0.9577451197704614,-0.7089077584394138,0,0,0,0,227,False,False,
140,2,1504.0459852540182,860.87550647278,0.0,0.0,-0.19439087808132172,0,1,0,0,0,0.18531981358975586,-0.8736779209069417,0.03407164589994638,140,0,0,0,128,True,False,no_progress
239,3,973.056695486854,887.9658942940918,2.4354725583596415,520.8989868164062,39.49833679199219,0,15,0,14,14,0.054114748707128985,-0.9675895682130738,-0.8562691162969501,0,0,0,0,227,False,False,
239,4,1053.783558613044,888.8200327650823,2.6077189363340176,449.1243896484375,34.69236373901367,0,13,0,12,12,-0.07379184634005469,-0.9430366823476882,-0.7100164736470245,0,0,0,0,227,False,False,
168,5,1501.4276527322813,861.5523521764429,0.0,7.684458255767822,0.4077662229537964,0,1,0,0,0,0.14834282368123392,-0.8808889064902505,-0.047085678401067144,140,0,0,0,156,True,False,no_progress
239,6,984.1137434734387,890.7417795773598,2.560365051984138,521.95947265625,39.914390563964844,0,15,0,14,14,-0.05446210199527539,-0.9382743958490455,-0.7742164869567524,0,0,0,0,227,False,False,
239,7,977.5623573099713,890.1716065702378,2.4834644743929344,521.5155639648438,40.27872848510742,0,15,0,14,14,-0.04766980309745526,-0.9557973594999222,-0.8643658674998282,0,0,0,0,227,False,False,
240,0,987.9300001849358,889.046183779443,2.587788218132931,522.3941040039062,40.616451263427734,0,15,0,14,14,-0.0125340743404981,-0.9281764910450572,-0.9647352524726193,0,0,0,0,228,True,False,max_steps
240,1,1081.1218756922462,888.0567353397677,2.600719202149771,425.91546630859375,32.21458053588867,0,12,0,11,11,-0.11786279084579594,-0.9645812258326449,-0.7085635235926935,0,0,0,0,228,True,False,max_steps
140,2,1504.0459852540182,860.87550647278,0.0,0.0,-0.19439087808132172,0,1,0,0,0,0.18531981358975586,-0.8736779209069417,0.03407164589994638,140,0,0,0,128,True,False,no_progress
240,3,970.6462009817149,888.0660816065055,2.412575647907177,523.3115844726562,39.52214431762695,0,15,0,14,14,0.06750064285621768,-0.9739942106585241,-0.8602589616834199,0,0,0,0,228,True,False,max_steps
240,4,1051.176719693557,888.899686653696,2.608055577268858,451.732421875,34.716285705566406,0,13,0,12,12,-0.08397655336552816,-0.9499383502788471,-0.7092699168244909,0,0,0,0,228,True,False,max_steps
168,5,1501.4276527322813,861.5523521764429,0.0,7.684458255767822,0.4077662229537964,0,1,0,0,0,0.14834282368123392,-0.8808889064902505,-0.047085678401067144,140,0,0,0,156,True,False,no_progress
240,6,981.5809704405013,890.8226143932745,2.5340626479704444,524.4935302734375,39.93873596191406,0,15,0,14,14,-0.06116717859086975,-0.9450041356097874,-0.7729574512922843,0,0,0,0,228,True,False,max_steps
240,7,975.104544958058,890.2560922894054,2.459263994361084,523.974853515625,40.30299377441406,0,15,0,14,14,-0.05596945695743266,-0.9623338535363749,-0.862418590831404,0,0,0,0,228,True,False,max_steps
