step,car_index,x,y,speed,distance_travelled,total_reward,lap_count,next_goal_idx,progress_delta,checkpoints_reached,checkpoint_streak,heading_error_norm,goal_distance_norm,lateral_offset_norm,no_progress_steps,reverse_speed_steps,reverse_progress_events,heading_away_steps,wall_hugging_steps,done,collided,terminated_reason
1,0,1510.0279952039107,875.3568895214345,0.05505474849793552,0.055082157254219055,0.0025598302017897367,0,1,0,0,0,-0.02075234900902798,-0.8609703059344629,-0.29776594385924715,1,0,0,0,0,False,False,
1,1,1506.4516449037208,868.780925682902,0.027680371670089025,0.027670206502079964,0.002220601076260209,0,1,0,0,0,-0.03516145069326247,-0.8705107280120284,-0.9137858938151272,1,0,0,0,0,False,False,
1,2,1504.0459852540182,860.87550647278,0.0,0.0,-0.001392123638652265,0,1,0,0,0,0.18531981358975586,-0.8736779209069417,0.03407164589994638,1,0,0,0,0,False,False,
1,3,1493.3947980630874,865.1637733169696,0.05653234901805901,0.0565391480922699,0.0010493804002180696,0,1,0,0,0,0.1044359564335085,-0.9038695575515587,-0.42803667904905884,1,0,0,0,0,False,False,
1,4,1502.4349595467752,870.5726446854467,0.027797187161155427,0.027851833030581474,0.0020649584475904703,0,1,0,0,0,-0.044293947491756414,-0.881445717225337,-0.871392351914697,1,0,0,0,0,False,False,
1,5,1509.083990401402,861.544503536695,0.028095151003221946,0.028076238930225372,0.000429055915446952,0,1,0,0,0,0.1292562730384955,-0.8609520357174172,-0.04614164820856659,1,0,0,0,0,False,False,
1,6,1505.7793987716648,875.075596955635,0.05668463400637421,0.05668562650680542,0.0018459996208548546,0,1,0,0,0,-0.06586945122501094,-0.8723245133386228,-0.33148758050298655,1,0,0,0,0,False,False,
1,7,1498.697579380201,871.9182571338348,0.05648687761461953,0.056466326117515564,0.0025430130772292614,0,1,0,0,0,-0.030148220208458712,-0.8914727629491093,-0.7265609286531116,1,0,0,0,0,False,False,
2,0,1509.9185174553718,875.3534110652979,0.10953299540424845,0.16463448107242584,0.02045232243835926,0,1,0,0,0,-0.020841361717743388,-0.8612622892546852,-0.29818307347918915,0,0,0,0,0,False,False,
2,1,1506.3971410938168,868.7875828370773,0.05490886081277213,0.08263970911502838,0.0046782707795500755,0,1,0,0,0,-0.035179839380906706,-0.8706570915767102,-0.9145835627374725,2,0,0,0,0,False,False,
2,2,1504.0459852540182,860.87550647278,0.0,0.0,-0.0028702470008283854,0,1,0,0,0,0.18531981358975586,-0.8736779209069417,0.03407164589994638,2,0,0,0,0,False,False,
2,3,1493.282799565409,865.1667711016812,0.11203861028855426,0.1685175597667694,0.017255328595638275,0,1,0,0,0,0.10475098023027776,-0.9041641435524087,-0.42761857749880705,0,0,0,0,0,False,False,
2,4,1502.3801059078444,870.5782404149335,0.05513831601012099,0.08294828981161118,0.0043381378054618835,0,1,0,0,0,-0.044331326553407595,-0.8815922810393454,-0.8707190900719834,2,0,0,0,0,False,False,
2,5,1509.028371966166,861.5444405035323,0.05561847095401409,0.08374033868312836,0.0009614878799766302,0,1,0,0,0,0.12938238551334078,-0.8610974226546619,-0.046134330145058855,2,0,0,0,0,False,False,
2,6,1505.6671573075919,875.0799965713778,0.11232765855264237,0.16907626390457153,0.018839702010154724,0,1,0,0,0,-0.06601947874382354,-0.8726226174078558,-0.3309606799304281,0,0,0,0,0,False,False,
2,7,1498.5856811317287,871.9237839258254,0.11203465285726741,0.16853949427604675,0.020276237279176712,0,1,0,0,0,-0.030222127403909362,-0.8917712934554589,-0.7266851070432587,0,0,0,0,0,False,False,
3,0,1509.7554401846019,875.3482500008224,0.1631589189356642,0.32767897844314575,0.03854065388441086,0,1,0,0,0,-0.020987124764334907,-0.8616968363979618,-0.2987977908138407,0,0,0,0,0,False,False,
3,1,1506.3160237084662,868.7974855463024,0.08171960509019628,0.1642952561378479,0.0072251008823513985,0,1,0,0,0,-0.03519987676974602,-0.8708745085807764,-0.9157690890257291,3,0,0,0,0,False,False,
3,2,1504.0459852540182,860.87550647278,0.0,0.0,-0.004258076194673777,0,1,0,0,0,0.18531981358975586,-0.8736779209069417,0.03407164589994638,3,0,0,0,0,False,False,
3,3,1493.1161861778237,865.1712354578067,0.16667318740073275,0.33520472049713135,0.03362537920475006,0,1,0,0,0,0.10521779628856506,-0.9046026360631169,-0.4269959132045651,0,0,0,0,0,False,False,
3,4,1502.2984687721128,870.5865641194906,0.08206038013582444,0.16503411531448364,0.006699982099235058,0,1,0,0,0,-0.044380035347041116,-0.8818106506042273,-0.8697238334349287,3,0,0,0,0,False,False,
3,5,1508.945652654631,861.5443495693373,0.08271936151766167,0.16638195514678955,0.0015992466360330582,0,1,0,0,0,0.12956452727073106,-0.8613132751811801,-0.04612701208155112,3,0,0,0,0,False,False,
3,6,1505.5001880218147,875.0865387319283,0.16709740350363123,0.3360741138458252,0.036011308431625366,0,1,0,0,0,-0.0662404045168311,-0.8730655470340986,-0.33017764713509823,0,0,0,0,0,False,False,
3,7,1498.419173763457,871.9320035573918,0.16671012576290697,0.3352471590042114,0.038183875381946564,0,1,0,0,0,-0.03033030572030763,-0.8922153422876324,-0.7268539942276487,0,0,0,0,0,False,False,
4,0,1509.539614127361,875.341458579022,0.21593288400399366,0.5436075329780579,0.05678906291723251,0,1,0,0,0,-0.021189807299223023,-0.8622723321841876,-0.2996174139267094,0,0,0,0,0,False,False,
4,1,1506.208704405876,868.8105770865501,0.108114851590773,0.2723871171474457,0.024852391332387924,0,1,0,0,0,-0.03522043002718931,-0.8711623175558533,-0.9173351546163888,0,0,0,0,0,False,False,
4,2,1504.0459852540182,860.87550647278,0.0,0.0,-0.0056459056213498116,0,1,0,0,0,0.18531981358975586,-0.8736779209069417,0.03407164589994638,4,0,0,0,0,False,False,
4,3,1492.8958306273134,865.1771494045831,0.22043489607389216,0.5556195378303528,0.05013557896018028,0,1,0,0,0,0.10584018651926404,-0.9051823303686519,-0.4261669709951983,0,0,0,0,0,False,False,
4,4,1502.1904615721778,870.5975681898354,0.10856631522697763,0.27362972497940063,0.02414117008447647,0,1,0,0,0,-0.04444087998596981,-0.8820995277695689,-0.8683992639400249,0,0,0,0,0,False,False,
4,5,1508.8362520093256,861.5442349395703,0.10940070535979315,0.2757570147514343,0.017306048423051834,0,1,0,0,0,0.12980291912401754,-0.8615989088587012,-0.046112375954535656,0,0,0,0,0,False,False,
4,6,1505.2793711838794,875.0951850623909,0.22098605147426767,0.5570693016052246,0.053336165845394135,0,1,0,0,0,-0.06653266840103242,-0.8736516614508999,-0.3291384821169968,0,0,0,0,0,False,False,
4,7,1498.198929227915,871.9428672473176,0.2205123016860725,0.555729866027832,0.05625457689166069,0,1,0,0,0,-0.030471477415773683,-0.8928026261231415,-0.7270886296388661,0,0,0,0,0,False,False,
5,0,1509.271888702752,875.3330970427797,0.26785596553060353,0.8115602731704712,0.0751936063170433,0,1,0,0,0,-0.021450788063763247,-0.8629864691723257,-0.3006199886272719,0,0,0,0,0,False,False,
5,1,1506.075592183303,868.8267988925019,0.1340970200515873,0.4065517783164978,0.04255884885787964,0,1,0,0,0,-0.035242300799400696,-0.871519542637275,-0.9192817595094519,0,0,0,0,0,False,False,
5,2,1504.0459852540182,860.87550647278,0.0,0.0,-0.007033734582364559,0,1,0,0,0,0.18531981358975586,-0.8736779209069417,0.03407164589994638,5,0,0,0,0,False,False,
5,3,1492.622606117867,865.1844982288485,0.27332332095949247,0.829034686088562,0.0667799860239029,0,1,0,0,0,0.10661842682950022,-0.9059013292385953,-0.4251480449964856,0,0,0,0,0,False,False,
5,4,1502.0564944810578,870.6112035371854,0.13465921505970996,0.4082307815551758,0.04166021570563316,0,1,0,0,0,-0.044512104895106736,-0.8824575930662318,-0.8667673357777952,0,0,0,0,0,False,False,
5,5,1508.7005865513256,861.5441021178802,0.13566552301881218,0.4114992618560791,0.033079568296670914,0,1,0,0,0,0.13009691238726317,-0.8619533814180332,-0.04609773982752008,0,0,0,0,0,False,False,
5,6,1505.0055825090524,875.1058958521721,0.2739981012366589,0.8310812711715698,0.0708114430308342,0,1,0,0,0,-0.06689587737682055,-0.8743783612836449,-0.32785782100313954,0,0,0,0,0,False,False,
5,7,1497.9258197677555,871.956324221424,0.27344079319052716,0.8292530179023743,0.07448489218950272,0,1,0,0,0,-0.030646119215313346,-0.8935311862219334,-0.7273817237995889,0,0,0,0,0,False,False,
6,0,1508.9531114643555,875.3232327642371,0.31892982254848595,1.1304373741149902,0.09375035762786865,0,1,0,0,0,-0.021769258518260573,-0.8638363106413812,-0.3017981968520206,0,0,0,0,0,False,False,
6,1,1505.9170931706162,868.8460907710628,0.1596687621329699,0.5661686062812805,0.060343220829963684,0,1,0,0,0,-0.03526527209585121,-0.8719445365322258,-0.9215942675779027,0,0,0,0,0,False,False,
6,2,1504.0459852540182,860.87550647278,0.0,0.0,-0.008421563543379307,0,1,0,0,0,0.18531981358975586,-0.8736779209069417,0.03407164589994638,6,0,0,0,0,False,False,
6,3,1492.2973856778394,865.1932692905013,0.32533869449266944,1.1543487310409546,0.08355244249105453,0,1,0,0,0,0.10755857640595126,-0.9067566027393716,-0.4239392495531693,0,0,0,0,0,False,False,
6,4,1501.8969743433056,870.6274197790767,0.1603422615829618,0.568600594997406,0.05925561115145683,0,1,0,0,0,-0.04459574452720037,-0.8828841978446036,-0.8648207308847322,0,0,0,0,0,False,False,
6,5,1508.5390696773284,861.5439577743035,0.16151693849528118,0.5729984045028687,0.04891745746135712,0,1,0,0,0,0.13044714973381955,-0.8623750431416188,-0.04607578563699688,0,0,0,0,0,False,False,
6,6,1504.6796938952268,875.1186302484019,0.32613732302287507,1.1572585105895996,0.08843252807855606,0,1,0,0,0,-0.06733306587279028,-0.8752433346592543,-0.32632834573001857,0,0,0,0,0,False,False,
6,7,1497.6007172307939,871.97232192447,0.32549590787231947,1.1547223329544067,0.0928713008761406,0,1,0,0,0,-0.030857166183080962,-0.8943980862401317,-0.7277259300601235,0,0,0,0,0,False,False,
7,0,1508.5841275632242,875.311939417696,0.3691566862054829,1.4996286630630493,0.11245538294315338,0,1,0,0,0,-0.02214402806259904,-0.8648202292004044,-0.3031520386009555,0,0,0,0,0,False,False,
7,1,1505.7336104892881,868.8683910842649,0.18483289295004687,0.7509952187538147,0.0782042145729065,0,1,0,0,0,-0.03529050606414362,-0.8724366475209103,-0.9242726788217415,0,0,0,0,0,False,False,
7,2,1504.0459852540182,860.87550647278,0.0,0.0,-0.009809392504394054,0,1,0,0,0,0.18531981358975586,-0.8736779209069417,0.03407164589994638,7,0,0,0,0,False,False,
7,3,1491.921041459337,865.203451854488,0.3764819456621747,1.5308278799057007,0.10044656693935394,0,1,0,0,0,0.10866853817587822,-0.9077460897578604,-0.42253137991349365,0,0,0,0,0,False,False,
7,4,1501.712304558882,870.6461654158917,0.18561877108389144,0.7542410492897034,0.0769258514046669,0,1,0,0,0,-0.04469144789169409,-0.8833780267713442,-0.8625740853878511,0,0,0,0,0,False,False,
7,5,1508.3521115413757,861.5438096256703,0.18695819465021749,0.7600101828575134,0.06481737643480301,0,1,0,0,0,0.13085319920348235,-0.8628632954485178,-0.0460611495099813,0,0,0,0,0,False,False,
7,6,1504.302577329615,875.1333462320996,0.37740358270034796,1.5346205234527588,0.10619492828845978,0,1,0,0,0,-0.06784517562062496,-0.8762439715494476,-0.32456469242464936,0,0,0,0,0,False,False,
7,7,1497.224492401895,871.9908062119048,0.37667863061487444,1.5313942432403564,0.11141031235456467,0,1,0,0,0,-0.031103028878169424,-0.8954013643001764,-0.7281367421330531,0,0,0,0,0,False,False,
8,0,1508.1657792213416,875.2992962347539,0.41853934729102926,1.9181543588638306,0.13130474090576172,0,1,0,0,0,-0.022575319748845697,-0.8659356010834307,-0.3046668777470609,0,0,0,0,0,False,False,
8,1,1505.52554404649,868.8936369076904,0.20959245267679488,0.9606460332870483,0.09614058583974838,0,1,0,0,0,-0.03531682537314143,-0.8729948667989388,-0.9272950390504446,0,0,0,0,0,False,False,
8,2,1504.0459852540182,860.87550647278,0.0,0.0,-0.011197221465408802,0,1,0,0,0,0.18531981358975586,-0.8736779209069417,0.03407164589994638,8,0,0,0,0,False,False,
8,3,1491.4944421573352,865.2150369200936,0.426756579578466,1.9576212167739868,0.11745601892471313,0,1,0,0,0,0.10995430844206737,-0.908867484172416,-0.4209482769562298,0,0,0,0,0,False,False,
8,4,1501.5028850034091,870.667387978378,0.2104921551337691,0.9646602272987366,0.09466943889856339,0,1,0,0,0,-0.04479978455270397,-0.8839377691819493,-0.8600347173506597,0,0,0,0,0,False,False,
8,5,1508.140118229423,861.543666319142,0.21199336038988625,0.9719243049621582,0.08077686280012131,0,1,0,0,0,0.13131685973851037,-0.8634164474709978,-0.046039195319458104,0,0,0,0,0,False,False,
8,6,1503.875103057842,875.1500008081257,0.42779858336663396,1.9624353647232056,0.12409418076276779,0,1,0,0,0,-0.06843554935344148,-0.8773782842135951,-0.32256686108703203,0,0,0,0,0,False,False,
8,7,1496.7980143890347,872.0117215055827,0.4269905677681974,1.9584213495254517,0.13009831309318542,0,1,0,0,0,-0.03138833976704139,-0.8965387322597071,-0.7285987234781658,0,0,0,0,0,False,False,
9,0,1507.698893592322,875.2853863054614,0.46709279240623697,2.3852806091308594,0.15029314160346985,0,1,0,0,0,-0.023062134638024014,-0.8671804619613195,-0.30633539622682937,0,0,0,0,0,False,False,
9,1,1505.2932904101938,868.9217641505636,0.2339506216372111,1.194522500038147,0.11415104568004608,0,1,0,0,0,-0.03534646310011043,-0.8736175782475125,-0.9306686663275201,0,0,0,0,0,False,False,
9,2,1504.0459852540182,860.87550647278,0.0,0.0,-0.01258505042642355,0,1,0,0,0,0.18531981358975586,-0.8736779209069417,0.03407164589994638,9,0,0,0,0,False,False,
9,3,1491.0184540399857,865.228017032028,0.47616506713927587,2.433750867843628,0.13457372784614563,0,1,0,0,0,0.1114265146900051,-0.9101180426004467,-0.4191962868145762,0,0,0,0,0,False,False,
9,4,1501.2691124310788,870.6910340894152,0.23496543180038054,1.199621319770813,0.11248494684696198,0,1,0,0,0,-0.044922984733214676,-0.8845627745199217,-0.8571953087096504,0,0,0,0,0,False,False,
9,5,1507.9034919767307,861.5435373341116,0.23662628784712314,1.2086186408996582,0.0967935100197792,0,1,0,0,0,0.13183835557653903,-0.8640342114642786,-0.04602455919244253,0,0,0,0,0,False,False,
9,6,1503.3981389712214,875.1685501210743,0.477324645222211,2.439724922180176,0.14212578535079956,0,1,0,0,0,-0.06910702008322005,-0.8786436401683245,-0.3203421697806742,0,0,0,0,0,False,False,
9,7,1496.3221499934043,872.0350109224102,0.47643396180887904,2.4348223209381104,0.14893166720867157,0,1,0,0,0,-0.03171415047797836,-0.8978075744830868,-0.7291191349865982,0,0,0,0,0,False,False,
10,0,1507.1843092734625,875.2702976807336,0.5148054854139286,2.9000277519226074,0.1694197803735733,0,1,0,0,0,-0.02360579732741365,-0.8685521862153266,-0.3081429579132451,0,0,0,0,0,False,False,
10,1,1505.0372426254937,868.9527076650196,0.25791077747298286,1.4524887800216675,0.1322343349456787,0,1,0,0,0,-0.03537875804491427,-0.8743044328752944,-0.9343789245259524,0,0,0,0,0,False,False,
10,2,1504.0459852540182,860.87550647278,0.0,0.0,-0.013972879387438297,0,1,0,0,0,0.18531981358975586,-0.8736779209069417,0.03407164589994638,10,0,0,0,0,False,False,
10,3,1490.4939361215727,865.242385962954,0.5247146966803767,2.9584829807281494,0.15179197490215302,0,1,0,0,0,0.11309914548163502,-0.9114956326995033,-0.417260773361517,0,0,0,0,0,False,False,
10,4,1501.0113801385637,870.7170495865772,0.25904196705888494,1.4587416648864746,0.13037079572677612,0,1,0,0,0,-0.04505976814862057,-0.8852520464555822,-0.854241926946745,0,0,0,0,0,False,False,
10,5,1507.642631557168,861.5434329101836,0.26086044046343565,1.4694828987121582,0.11286503076553345,0,1,0,0,0,0.1324182598198023,-0.8647149549858774,-0.046017241128934794,0,0,0,0,0,False,False,
10,6,1502.8725500168148,875.1889495498208,0.5259846819894233,2.965754747390747,0.1602851152420044,0,1,0,0,0,-0.06986323387213057,-0.88003805013554,-0.3178979365690837,0,0,0,0,0,False,False,
10,7,1495.797763125682,872.0606163787434,0.5250116440933891,2.959859609603882,0.16790670156478882,0,1,0,0,0,-0.032081848890596926,-0.899205925109473,-0.7297052661356725,0,0,0,0,0,False,False,
11,0,1506.622857089406,875.2541220096136,0.5616851496329875,3.4617841243743896,0.18867845833301544,0,1,0,0,0,-0.02420703391147059,-0.8700491322791195,-0.31008224474280033,0,0,0,0,0,False,False,
11,1,1504.7577900833296,868.9864013375665,0.2814764410953375,1.733931541442871,0.1503891795873642,0,1,0,0,0,-0.03541427034268547,-0.8750537927635045,-0.9384184955822337,0,0,0,0,0,False,False,
11,2,1504.0459852540182,860.87550647278,0.0,0.0,-0.015360708348453045,0,1,0,0,0,0.18531981358975586,-0.8736779209069417,0.03407164589994638,11,0,0,0,0,False,False,
11,3,1489.9217471063293,865.2581386300819,0.5724058138128645,3.5308432579040527,0.16910402476787567,0,1,0,0,0,0.11498492410409981,-0.912997520857693,-0.415164548373143,0,0,0,0,0,False,False,
11,4,1500.730078193512,870.7453795610543,0.28272490471063255,1.741413950920105,0.14832539856433868,0,1,0,0,0,-0.04521163056882263,-0.8860039523119192,-0.8528122031681955,0,0,0,0,0,False,False,
11,5,1507.3579332282434,861.5433640315214,0.2846983372567003,1.7541508674621582,0.12898913025856018,0,1,0,0,0,0.13305929275603162,-0.8654576114383681,-0.04600260500191933,0,0,0,0,0,False,False,
11,6,1502.299201413083,875.2111533037439,0.5737783788969256,3.5395493507385254,0.17856697738170624,0,1,0,0,0,-0.07070873783586017,-0.8815588568078814,-0.3152341614522606,0,0,0,0,0,False,False,
11,7,1495.225714235877,872.0884786790816,0.572727020584183,3.5325608253479004,0.18701961636543274,0,1,0,0,0,-0.032496321876399434,-0.9007311647747676,-0.7303507422060052,0,0,0,0,0,False,False,
12,0,1506.0153624957743,875.2369540274001,0.6077371314184945,4.0694499015808105,0.20806549489498138,0,1,0,0,0,-0.02486635683089844,-0.8716683582512348,-0.3121459386519876,0,0,0,0,0,False,False,
12,1,1504.4553183925957,869.0227781748674,0.30465127274869364,2.0386011600494385,0.16861431300640106,0,1,0,0,0,-0.03545324699241645,-0.8758649942563271,-0.9427800614328563,0,0,0,0,0,False,False,
12,2,1504.0459852540182,860.87550647278,0.0,0.0,-0.016748538240790367,0,1,0,0,0,0.18531981358975586,-0.8736779209069417,0.03407164589994638,12,0,0,0,0,False,False,
12,3,1489.3027420325297,865.2752711143808,0.6192421201824113,4.150099277496338,0.18650150299072266,0,1,0,0,0,0.11710124631325255,-0.9146215455807,-0.41290669709151573,0,0,0,0,0,False,False,
12,4,1500.4255936231864,870.7759683739831,0.3060172038346914,2.0475106239318848,0.16634708642959595,0,1,0,0,0,-0.04537893726498952,-0.8868181554552615,-0.8512729085403288,0,0,0,0,0,False,False,
12,5,1507.0497898046253,861.5433423886943,0.30814342437803277,2.062256336212158,0.1451631337404251,0,1,0,0,0,0.13376056202646458,-0.8662612780448604,-0.04600260500191933,0,0,0,0,0,False,False,
12,6,1501.6789525295412,875.2351148475905,0.6207115538785847,4.160249710083008,0.19696718454360962,0,1,0,0,0,-0.0716474416743962,-0.8832037432335609,-0.31236548055722024,0,0,0,0,0,False,False,
12,7,1494.6068595061163,872.1185376336094,0.6195843100777246,4.152185440063477,0.2062666267156601,0,1,0,0,0,-0.03295887636167865,-0.902381324215289,-0.7310610803314121,0,0,0,0,0,False,False,
13,0,1505.3626315614936,875.2188890210538,0.6529808703333584,4.722409725189209,0.22757527232170105,0,1,0,0,0,-0.02558504435785696,-0.8734081980666999,-0.31431208545028333,0,0,0,0,1,False,False,
13,1,1504.1302101368383,869.0617702302305,0.32743817484081844,2.3660056591033936,0.1869082748889923,0,1,0,0,0,-0.03549607432336946,-0.8767367237609424,-0.9474563040143122,0,0,0,0,1,False,False,
13,2,1504.0459852540182,860.87550647278,0.0,0.0,-0.018136367201805115,0,1,0,0,0,0.18531981358975586,-0.8736779209069417,0.03407164589994638,13,0,0,0,1,False,False,
13,3,1488.6377710299678,865.293780554696,0.6652285574364163,4.815273284912109,0.20397576689720154,0,1,0,0,0,0.11946884488862237,-0.9163648354947526,-0.4104946519248851,0,0,0,0,1,False,False,
13,4,1500.0983094203857,870.8087598328603,0.32892283164629865,2.3764243125915527,0.18443450331687927,0,1,0,0,0,-0.04556329078840804,-0.8876930218553118,-0.8496167249996369,0,0,0,0,1,False,False,
13,5,1506.7185902034566,861.5433803248238,0.3311996033412363,2.393433094024658,0.16138462722301483,0,1,0,0,0,0.13452437223159816,-0.8671249134724507,-0.04600992306542706,0,0,0,0,1,False,False,
13,6,1501.0126510284624,875.260788007299,0.6667959219050876,4.827004909515381,0.21548034250736237,0,1,0,0,0,-0.07268753395231013,-0.8849703483033942,-0.3103611887416624,0,0,0,0,1,False,False,
13,7,1493.9420504923971,872.1507321341746,0.6655880937855044,4.817760944366455,0.22564375400543213,0,1,0,0,0,-0.033475574342756116,-0.9041537792777312,-0.7318315923774593,0,0,0,0,1,False,False,
14,0,1504.6654807378,875.2000251725901,0.6974059906219623,5.419808387756348,0.24720722436904907,0,1,0,0,0,-0.0263651579347153,-0.8752663560910212,-0.31657336707417993,0,0,0,0,2,False,False,
14,1,1503.782841018569,869.1033093253187,0.34984396628787395,2.715895414352417,0.2052706778049469,0,1,0,0,0,-0.0355433350730389,-0.8776683171514195,-0.9524399052630941,0,0,0,0,2,False,False,
14,2,1504.0459852540182,860.87550647278,0.0,0.0,-0.019524196162819862,0,1,0,0,0,0.18531981358975586,-0.8736779209069417,0.03407164589994638,14,0,0,0,2,False,False,
14,3,1487.9276296905707,865.3136597306149,0.7104195264460943,5.5257568359375,0.2215118706226349,0,1,0,0,0,0.1221172621828354,-0.9182254970334018,-0.40793647417758405,0,0,0,0,2,False,False,
14,4,1499.7486033096127,870.8436974700417,0.35144701222771474,2.7277724742889404,0.20258617401123047,0,1,0,0,0,-0.045763673633270385,-0.8886275538426801,-0.8478720100422127,0,0,0,0,2,False,False,
14,5,1506.3647195217275,861.5434907921764,0.35387069897130563,2.747314929962158,0.1776510626077652,0,1,0,0,0,0.13535246798442668,-0.8680475054065161,-0.04602455919244253,0,0,0,0,2,False,False,
14,6,1500.301141419416,875.288126443572,0.7120346296797908,5.5390777587890625,0.23410165309906006,0,1,0,0,0,-0.07383523862916819,-0.8868566616240713,-0.3120401125929808,0,0,0,0,2,False,False,
14,7,1493.2321516748946,872.1849968847162,0.7107252663449946,5.528425216674805,0.2451448291540146,0,1,0,0,0,-0.034046695560525427,-0.9060462308672743,-0.7326742845420888,0,0,0,0,2,False,False,
15,0,1503.924717564894,875.1804620525435,0.7410214531305135,6.160910606384277,0.2669549882411957,0,1,0,0,0,-0.02720951559791855,-0.8772408484122597,-0.3189151473966618,0,0,0,0,3,False,False,
15,1,1503.4135785895935,869.1473275787437,0.3718767915418205,3.087770938873291,0.2236991971731186,0,1,0,0,0,-0.03559549025827001,-0.8786584501284463,-0.9577162290521861,0,0,0,0,3,False,False,
15,2,1504.0459852540182,860.87550647278,0.0,0.0,-0.02091202512383461,0,1,0,0,0,0.18531981358975586,-0.8736779209069417,0.03407164589994638,15,0,0,0,3,False,False,
15,3,1487.1731618554222,865.3349022482297,0.7547668241438995,6.280450344085693,0.2391113042831421,0,1,0,0,0,0.1250723322797553,-0.9202002419577854,-0.4052239882005374,0,0,0,0,3,False,False,
15,4,1499.3768490786586,870.8807244704386,0.37359363885207747,3.1014397144317627,0.22080042958259583,0,1,0,0,0,-0.045982706244589625,-0.8896214224614046,-0.8460241704203186,0,0,0,0,3,False,False,
15,5,1505.9885589685873,861.5436873106541,0.3761606044740636,3.123535633087158,0.19395984709262848,0,1,0,0,0,0.13624679517564572,-0.8690280368092378,-0.04604651338296584,0,0,0,0,3,False,False,
15,6,1499.5452646833523,875.3170834090158,0.756431190505706,6.295490741729736,0.2528257369995117,0,1,0,0,0,-0.07509810229081496,-0.8888600012815369,-0.31383601111568105,0,0,0,0,3,False,False,
15,7,1492.4779940245844,872.2212689707762,0.7550294204522228,6.283446311950684,0.26476940512657166,0,1,0,0,0,-0.034680649808021574,-0.9080567006742206,-0.7335827535197312,0,0,0,0,3,False,False,
16,0,1503.1411465876085,875.1603008345672,0.7838303076268148,6.944740295410156,0.2868150770664215,0,1,0,0,0,-0.028119867517902877,-0.879329061811664,-0.321337426417729,0,0,0,0,4,False,False,
16,1,1503.0227883638406,869.1937565652685,0.3935386274989314,3.481268882751465,0.24219338595867157,0,1,0,0,0,-0.03565419616132254,-0.8797061435623276,-0.9632852753815884,0,0,0,0,4,False,False,
16,2,1504.0459852540182,860.87550647278,0.0,0.0,-0.022299854084849358,0,1,0,0,0,0.18531981358975586,-0.8736779209069417,0.03407164589994638,16,0,0,0,4,False,False,
16,3,1486.3752053405694,865.3575036980417,0.7982765342472058,7.0787434577941895,0.25675761699676514,0,1,0,0,0,0.1283667615008009,-0.922287023210726,-0.4023800057698357,0,0,0,0,4,False,False,
16,4,1498.9834165710538,870.9197837283106,0.39536661931126804,3.4968068599700928,0.23907573521137238,0,1,0,0,0,-0.04622050327825933,-0.8906729829483402,-0.8440895145528269,0,0,0,0,4,False,False,
16,5,1505.590485809708,861.5439839277917,0.398073269388683,3.521606922149658,0.21030840277671814,0,1,0,0,0,0.1372083925301322,-0.8700652026803657,-0.04608310370050461,0,0,0,0,4,False,False,
16,6,1498.7458590247252,875.3476112155664,0.7999883461763098,7.095511436462402,0.2716464102268219,0,1,0,0,0,-0.07648567478537795,-0.8909783090577414,-0.31574957037821694,0,0,0,0,4,False,False,
16,7,1491.6804089554407,872.2594850451608,0.798500100727829,7.081968307495117,0.28451240062713623,0,1,0,0,0,-0.03538432044810457,-0.9101828818755289,-0.7345578283097687,0,0,0,0,4,False,False,
17,0,1502.3154105175377,875.1396111988837,0.8259952290666902,7.770683288574219,0.3067653775215149,0,1,0,0,0,-0.029079165727617037,-0.8815293208724615,-0.32381824994685826,0,0,0,0,5,False,False,
17,1,1502.6108304680488,869.2425279098095,0.41483484901058365,3.896132469177246,0.2607511878013611,0,1,0,0,0,-0.03571949536275617,-0.8808107225821449,-0.9691324081242854,0,0,0,0,5,False,False,
17,2,1504.0459852540182,860.87550647278,0.0,0.0,-0.023687683045864105,0,1,0,0,0,0.18531981358975586,-0.8736779209069417,0.03407164589994638,17,0,0,0,5,False,False,
17,3,1485.534588362342,865.3814608680709,0.840958292711459,7.919783592224121,0.2744392454624176,0,1,0,0,0,0.13203797871729187,-0.9244831186701583,-0.3993964084087751,0,0,0,0,5,False,False,
17,4,1498.568671552541,870.960817923261,0.4167700031629155,3.9135031700134277,0.2574104964733124,0,1,0,0,0,-0.046478088293246046,-0.8917812454047874,-0.8420663272686025,0,0,0,0,5,False,False,
17,5,1505.170871989885,861.5443950565198,0.41961402123064045,3.9411628246307373,0.22669392824172974,0,1,0,0,0,0.1382405856696961,-0.8711579418676394,-0.04612701208155112,0,0,0,0,5,False,False,
17,6,1497.90374873396,875.3796631787004,0.8427200425724691,7.938161849975586,0.2905579209327698,0,1,0,0,0,-0.0780089115313975,-0.8932088760129796,-0.31777272907625576,0,0,0,0,5,False,False,
17,7,1490.840221381848,872.2995816952322,0.841143804688947,7.923134803771973,0.3043685555458069,0,1,0,0,0,-0.036165590971856745,-0.9124224634869947,-0.73560591221777,0,0,0,0,5,False,False,
18,0,1501.4483485120224,875.1184831039017,0.8673193862734765,8.638006210327148,0.32683607935905457,0,1,0,0,0,-0.030104884636805055,-0.8838396447183374,-0.3263502999205419,0,0,0,0,6,False,False,
18,1,1502.1780601156768,869.2935733768471,0.43577037255559725,4.331869602203369,0.279371440410614,0,1,0,0,0,-0.035792594100682765,-0.8819708725829437,-0.9752503092167694,0,0,0,0,6,False,False,
18,2,1504.0459852540182,860.87550647278,0.0,0.0,-0.025075512006878853,0,1,0,0,0,0.18531981358975586,-0.8736779209069417,0.03407164589994638,18,0,0,0,6,False,False,
18,3,1484.6521323840664,865.4067714901001,0.8828188835667081,8.802593231201172,0.2921430766582489,0,1,0,0,0,0.13613302467509747,-0.9267853222321127,-0.39628857548519614,0,0,0,0,6,False,False,
18,4,1498.1329756628545,871.0037695869785,0.43780789589240454,4.351407527923584,0.2758030891418457,0,1,0,0,0,-0.04675745965152613,-0.8929458742691966,-0.8399546371538313,0,0,0,0,6,False,False,
18,5,1504.73008440503,861.5449353425427,0.4407879159769353,4.381958961486816,0.24311363697052002,0,1,0,0,0,0.1393450451579257,-0.8723056108940336,-0.04619287465312094,0,0,0,0,6,False,False,
18,6,1497.0197530220385,875.4131928792368,0.884631369279676,8.822832107543945,0.30955442786216736,0,1,0,0,0,-0.079681397969307,-0.8955499358714505,-0.3199054872097973,0,0,0,0,6,False,False,
18,7,1489.958249338708,872.3414954984185,0.8829674126368123,8.806089401245117,0.32433316111564636,0,1,0,0,0,-0.03703360305761912,-0.9147731295588564,-0.7367206305243519,0,0,0,0,6,False,False,
19,0,1500.540747563179,875.097007562139,0.9078549891010942,9.545853614807129,0.3470090329647064,0,1,0,0,0,-0.031203743848094077,-0.8862577243459441,-0.3332542639440269,0,0,0,0,7,False,False,
19,1,1501.7248275723816,869.3468250256225,0.45635016861956756,4.788230895996094,0.2980528473854065,0,1,0,0,0,-0.03587459505176014,-0.8831859285226621,-0.9816316605955325,0,0,0,0,7,False,False,
19,2,1504.0459852540182,860.87550647278,0.0,0.0,-0.0264633409678936,0,1,0,0,0,0.18531981358975586,-0.8736779209069417,0.03407164589994638,19,0,0,0,7,False,False,
19,3,1483.728651717167,865.4334341048334,0.9238654865084012,9.726438522338867,0.30985474586486816,0,1,0,0,0,0.14070971236998875,-0.9291909412740614,-0.393048388522395,0,0,0,0,7,False,False,
19,4,1497.6766862821064,871.0485811882246,0.45848454563898355,4.809900283813477,0.2942518889904022,0,1,0,0,0,-0.04705902892362164,-0.8941652234008157,-0.837770738334292,0,0,0,0,7,False,False,
19,5,1504.2684888971498,861.5456199864093,0.46159601561589736,4.843629360198975,0.25956520438194275,0,1,0,0,0,0.14052515011229996,-0.8735071374282147,-0.046273373351706226,0,0,0,0,7,False,False,
19,6,1496.0946838509713,875.448154284625,0.9257295885547083,9.748541831970215,0.32862916588783264,0,1,0,0,0,-0.08151616008769401,-0.8979987574757676,-0.3221560204279169,0,0,0,0,7,False,False,
19,7,1489.0353036153922,872.3851630850972,0.9239781741541807,9.730096817016602,0.3444012701511383,0,1,0,0,0,-0.03799909250097799,-0.9172328836541275,-0.7379157331847767,0,0,0,0,7,False,False,
20,0,1499.593379412469,875.0752747216228,0.9476173960710653,10.493490219116211,0.36727648973464966,0,1,0,0,0,-0.0323821109286055,-0.8887815594306037,-0.3424462090887376,0,0,0,0,8,False,False,
20,1,1501.2514792297811,869.4022151015042,0.47657812995224635,5.264852523803711,0.31679436564445496,0,1,0,0,0,-0.03596753664364327,-0.8844549099782426,-0.988276462260575,0,0,0,0,8,False,False,
20,2,1504.0459852540182,860.87550647278,0.0,0.0,-0.027851169928908348,0,1,0,0,0,0.18531981358975586,-0.8736779209069417,0.03407164589994638,20,0,0,0,8,False,False,
20,3,1482.764955207427,865.4614484048934,0.9641036064101209,10.690468788146973,0.32755815982818604,0,1,0,0,0,0.14583221734315038,-0.9316969418168872,-0.38969865929646197,0,0,0,0,8,False,False,
20,4,1497.200155005975,871.0951955404756,0.4788057591208981,5.288617134094238,0.31275486946105957,0,1,0,0,0,-0.047385432332192244,-0.8954383049115683,-0.8354983080980204,0,0,0,0,8,False,False,
20,5,1503.786446560966,861.5464646081649,0.48204307614513786,5.325563907623291,0.2760457396507263,0,1,0,0,0,0.14178241404259717,-0.8747608794555863,-0.04637582624081482,0,0,0,0,8,False,False,
20,6,1495.1293481142873,875.4845010648693,0.9660197580552937,10.714556694030762,0.34777548909187317,0,1,0,0,0,-0.08352929506815801,-0.9005532224320885,-0.32453073203618366,0,0,0,0,8,False,False,
20,7,1488.0721810037946,872.4305231331512,0.9641901777814087,10.69429874420166,0.3645668923854828,0,1,0,0,0,-0.03907449534806347,-0.9197993988659483,-0.7391911630266733,0,0,0,0,8,False,False,
21,0,1498.6070172510042,875.0533761139013,0.9866052212457518,11.480060577392578,0.3876357078552246,0,1,0,0,0,-0.033648532213219874,-0.8914088194634994,-0.35192481650241614,0,0,0,0,9,False,False,
21,1,1500.7583572783385,869.459676141853,0.4964584878442481,5.761349678039551,0.3355945944786072,0,1,0,0,0,-0.036070815427517444,-0.8857768068837136,-0.993490427072467,0,0,0,0,9,False,False,
21,2,1504.0459852540182,860.87550647278,0.0,0.0,-0.029238998889923096,0,1,0,0,0,0.18531981358975586,-0.8736779209069417,0.03407164589994638,21,0,0,0,9,False,False,
21,3,1481.7618507898474,865.4908168039335,1.0035342422807814,11.694073677062988,0.34523457288742065,0,1,0,0,0,0.1515823034652259,-0.9343006615805425,-0.3862384730494588,0,0,0,0,9,False,False,
21,4,1496.7037296331794,871.1435555825597,0.49877534464489304,5.7874250411987305,0.33131086826324463,0,1,0,0,0,-0.047737251266502134,-0.8967647733253088,-0.8331666044059545,0,0,0,0,9,False,False,
21,5,1503.351508956519,861.547332341299,0.4349384700424581,5.760501384735107,0.2923728823661804,0,1,0,0,0,0.1429406254774016,-0.8758918575785801,-0.04647827912992342,0,0,0,0,9,False,False,
21,6,1494.1245473178028,875.5221860230976,1.0055072335356865,11.720145225524902,0.3669854402542114,0,1,0,0,0,-0.08574031187923513,-0.9032111694918683,-0.3270158434931495,0,0,0,0,9,False,False,
21,7,1487.0696704023715,872.4775159431963,1.0036113939976554,11.69784164428711,0.3848251402378082,0,1,0,0,0,-0.04027685833377619,-0.9224703353551218,-0.7405396591589053,0,0,0,0,9,False,False,
22,0,1497.5824247993098,875.0314031712255,1.024828035466965,12.50495433807373,0.4080805778503418,0,1,0,0,0,-0.03501021596299046,-0.8941378413914123,-0.3616891714271242,0,0,0,0,10,False,False,
22,1,1500.2458020669626,869.51914041963,0.5159930668528345,6.277244567871094,0.3544527590274811,0,1,0,0,0,-0.0361871397496682,-0.887150322953957,-0.9970455951643122,0,0,0,0,10,False,False,
22,2,1504.0459852540182,860.87550647278,0.0,0.0,-0.030626827850937843,0,1,0,0,0,0.18531981358975586,-0.8736779209069417,0.03407164589994638,22,0,0,0,10,False,False,
22,3,1480.7201362816668,865.5215437444289,1.0421675783797624,12.736273765563965,0.3628644049167633,0,1,0,0,0,0.15806161464897173,-0.9369981734582229,-0.38266136930344496,0,0,0,0,10,False,False,
22,4,1496.1877536927768,871.1936044775091,0.51839759158375,6.305837631225586,0.34991806745529175,0,1,0,0,0,-0.048117319143782485,-0.8981433136533108,-0.8307699814864428,0,0,0,0,10,False,False,
22,5,1502.962873845091,861.5481921311058,0.3886360624969343,6.149174213409424,0.3085514307022095,0,1,0,0,0,0.143993880021212,-0.8769021697797954,-0.046588050082539745,0,0,0,0,10,False,False,
22,6,1493.0810678418516,875.5611636917118,1.0442071994493978,12.764330863952637,0.38625097274780273,0,1,0,0,0,-0.08817305683226727,-0.9059697546992349,-0.3296032363221105,0,0,0,0,10,False,False,
22,7,1486.0285530262397,872.5260832139245,1.0422495721608787,12.74010944366455,0.4051700234413147,0,1,0,0,0,-0.04162345038432073,-0.9252439978933226,-0.7419766867078696,0,0,0,0,10,False,False,
23,0,1496.5203445712314,875.0094424671989,1.062307245290471,13.567193031311035,0.42860472202301025,0,1,0,0,0,-0.03647445509302795,-0.8969659570416816,-0.37170920119563433,0,0,0,0,11,False,False,
23,1,1499.714148176085,869.5805407623509,0.5351876883593577,6.812516212463379,0.3733665943145752,0,1,0,0,0,-0.036315638231811755,-0.8885754228488439,-0.9993033987650753,0,0,0,0,11,False,False,
23,2,1504.0459852540182,860.87550647278,0.0,0.0,-0.03201465681195259,0,1,0,0,0,0.18531981358975586,-0.8736779209069417,0.03407164589994638,23,0,0,0,11,False,False,
23,3,1479.6406011421525,865.5536354982089,1.0800120360934855,13.816219329833984,0.3804238438606262,0,1,0,0,0,0.16538987340657027,-0.9397857407823074,-0.37898844466337656,0,0,0,0,11,False,False,
23,4,1495.652566410201,871.2452856722605,0.5376768298168971,6.843484878540039,0.36857470870018005,0,1,0,0,0,-0.04852760280065651,-0.8995729316166989,-0.8283067670476291,0,0,0,0,11,False,False,
23,5,1502.6197631353539,861.5490170818381,0.3431117014618563,6.49231481552124,0.32458603382110596,0,1,0,0,0,0.14494019852992482,-0.877793752668257,-0.04668318490814061,0,0,0,0,11,False,False,
23,6,1491.999689243472,875.6013893149634,1.0821265054510107,13.8464994430542,0.4055638611316681,0,1,0,0,0,-0.09085320349431387,-0.9088270983208535,-0.3323157222991572,0,0,0,0,11,False,False,
23,7,1484.9496016391233,872.5761680769311,1.0801132298341638,13.82025146484375,0.4255948066711426,0,1,0,0,0,-0.043139270757647966,-0.9281180175332394,-0.7434867519609838,0,0,0,0,11,False,False,
24,0,1495.4215116853263,874.9875765573198,1.0990504215736154,14.666288375854492,0.44920453429222107,0,1,0,0,0,-0.03805045603383645,-0.8998918001165073,-0.38197936008794486,0,0,0,0,12,False,False,
24,1,1499.1637257194109,869.6438104990815,0.554046875631613,7.366551399230957,0.39233508706092834,0,1,0,0,0,-0.03645788285625144,-0.8900504656808439,-0.995564740302937,0,0,0,0,12,False,False,
24,2,1504.0459852540182,860.87550647278,0.0,0.0,-0.03340248763561249,0,1,0,0,0,0.18531981358975586,-0.8736779209069417,0.03407164589994638,24,0,0,0,12,False,False,
24,3,1478.5240222542325,865.5870988830375,1.1170802169374272,14.933297157287598,0.39788582921028137,0,1,0,0,0,0.17372462402207262,-0.942659729849333,-0.3752205567148207,0,0,0,0,12,False,False,
24,4,1495.0985031201542,871.2985428402837,0.5566169736212887,7.400112152099609,0.3872791528701782,0,1,0,0,0,-0.048969078630657095,-0.9010529544330671,-0.825792397629725,0,0,0,0,12,False,False,
24,5,1502.3214219484505,861.5497842444222,0.2983421732531422,6.790655612945557,0.34048137068748474,0,1,0,0,0,0.1457741994960565,-0.8785687115736803,-0.04677831973374136,0,0,0,0,12,False,False,
24,6,1490.8811823738274,875.6428188854002,1.1192738837070606,14.965675354003906,0.42491447925567627,0,1,0,0,0,-0.09381260294377651,-0.9117802682654123,-0.33513780771170676,0,0,0,0,12,False,False,
24,7,1483.8335802933295,872.6277151360463,1.117211145473779,14.937406539916992,0.44609227776527405,0,1,0,0,0,-0.04484852086014194,-0.9310900198633435,-0.7450918091087708,0,0,0,0,12,False,False,
25,0,1494.286653877711,874.9658844066579,1.1350651051397393,15.801383018493652,0.4698745012283325,0,1,0,0,0,-0.03975147094726342,-0.9029129939782164,-0.3924695182644572,0,0,0,0,13,False,False,
25,1,1498.5948616613196,869.7088831640532,0.5725738103639321,7.939107894897461,0.41135716438293457,0,1,0,0,0,-0.03661592806057759,-0.8915747943217026,-0.9917384119179009,0,0,0,0,13,False,False,
25,2,1504.0459852540182,860.87550647278,0.0,0.0,-0.034790318459272385,0,1,0,0,0,0.18531981358975586,-0.8736779209069417,0.03407164589994638,25,0,0,0,13,False,False,
25,3,1477.3711653124028,865.6219405895292,1.1533833156571254,16.08665657043457,0.4152178466320038,0,1,0,0,0,0.18325856538524002,-0.9456154566675855,-0.37137228441242187,0,0,0,0,13,False,False,
25,4,1494.5258959369712,871.3533196824519,0.5752212519288511,7.975360870361328,0.40602973103523254,0,1,0,0,0,-0.04944589547514511,-0.9025823923301352,-0.8232122942780862,0,0,0,0,13,False,False,
25,5,1502.067117728045,861.5504744213993,0.25430515696739664,7.044929027557373,0.35624203085899353,0,1,0,0,0,0.14649451495216934,-0.8792289877016513,-0.046858818432326754,0,0,0,0,13,False,False,
25,6,1489.7263091045327,875.685409144133,1.1556583397659936,16.121368408203125,0.44429242610931396,0,1,0,0,0,-0.09708880232279726,-0.9148275836980521,-0.3380775538640919,0,0,0,0,13,False,False,
25,7,1482.6812441319335,872.6806705006607,1.1535522959547213,16.090967178344727,0.4666542708873749,0,1,0,0,0,-0.04678750971114722,-0.9341582443723615,-0.7467634720689527,0,0,0,0,13,False,False,
26,0,1493.1164908156095,874.9444414938084,1.170359513319748,16.971744537353516,0.49060872197151184,0,1,0,0,0,-0.04159039343703594,-0.9060275122923502,-0.4031788753119754,0,0,0,0,14,False,False,
26,1,1498.0078784565758,869.7756927931185,0.5907730606478264,8.529814720153809,0.4304311275482178,0,1,0,0,0,-0.03679122993150688,-0.8931474167648633,-0.9878244110416772,0,0,0,0,14,False,False,
26,2,1504.0459852540182,860.87550647278,0.0,0.0,-0.03617814928293228,0,1,0,0,0,0.18531981358975586,-0.8736779209069417,0.03407164589994638,26,0,0,0,14,False,False,
26,3,1476.182787789151,865.6581677071048,1.1889295781576024,17.275684356689453,0.4323808550834656,0,1,0,0,0,0.19424319119289224,-0.9486480609530952,-0.36743556645184716,0,0,0,0,14,False,False,
26,4,1493.9350722767251,871.4095602348406,0.5934943952890676,8.568849563598633,0.42482423782348633,0,1,0,0,0,-0.049958392257321786,-0.9041602421749564,-0.8205956434881869,0,0,0,0,14,False,False,
26,5,1501.856139392761,861.5510719832147,0.21097918153088244,7.2559895515441895,0.37187257409095764,0,1,0,0,0,0.1470984338111467,-0.8797769341696602,-0.046931999067404306,0,0,0,0,14,False,False,
26,6,1488.5358221309002,875.7291175834541,1.1912890757731551,17.312721252441406,0.4636862277984619,0,1,0,0,0,-0.10072581781678941,-0.9179663192208177,-0.34113427468785884,0,0,0,0,14,False,False,
26,7,1481.4933391639677,872.7349818353262,1.1891458842341016,17.280197143554688,0.4872716963291168,0,1,0,0,0,-0.04899627041605502,-0.9373205858760864,-0.7485300983376219,0,0,0,0,14,False,False,
27,0,1491.9117354732161,874.9233205214804,1.2049404676155795,18.1766414642334,0.5114011168479919,0,1,0,0,0,-0.04358440531910869,-0.9092333006628084,-0.41408633462554323,0,0,0,0,15,False,False,
27,1,1497.4030943233886,869.8441739562373,0.6086489279190409,9.138537406921387,0.4495556354522705,0,1,0,0,0,-0.03698417667682748,-0.8947679817697094,-0.9838365041559168,0,0,0,0,15,False,False,
27,2,1504.0459852540182,860.87550647278,0.0,0.0,-0.03756598010659218,0,1,0,0,0,0.18531981358975586,-0.8736779209069417,0.03407164589994638,27,0,0,0,15,False,False,
27,3,1474.9596430220815,865.6957897750164,1.2237232290037816,18.499408721923828,0.44932782649993896,0,1,0,0,0,0.20699187168571218,-0.9517509585713505,-0.3634338435052701,0,0,0,0,15,False,False,
27,4,1493.326353955557,871.4672092805132,0.6114420716575867,9.180340766906738,0.44366052746772766,0,1,0,0,0,-0.05051168317482898,-0.9057858366279505,-0.8179343410764163,0,0,0,0,15,False,False,
27,5,1501.6877965285992,861.5515646950788,0.16834358520360776,7.424324989318848,0.38737744092941284,0,1,0,0,0,0.1475844714588675,-0.8802138622986015,-0.04699054357546628,0,0,0,0,15,False,False,
27,6,1487.310464770905,875.7739024508363,1.2261754947972245,18.538881301879883,0.48308300971984863,0,1,0,0,0,-0.10477789678787985,-0.9211936373450356,-0.34429407729681716,0,0,0,0,15,False,False,
27,7,1480.2706021004944,872.7905983956944,1.2240012778499851,18.504117965698242,0.5079340934753418,0,1,0,0,0,-0.05152686871343298,-0.9405742451427617,-0.7503843984374562,0,0,0,0,15,False,False,
28,0,1490.6730794942953,874.9025857245017,1.238829514470054,19.415462493896484,0.5322432518005371,0,1,0,0,0,-0.04575160556255248,-0.912528609912564,-0.4251927537907283,0,0,0,0,16,False,False,
28,1,1496.7808232533107,869.9142618132017,0.6262057108888616,9.764662742614746,0.4687292277812958,0,1,0,0,0,-0.03719665951595282,-0.8964348469122912,-0.9797755399130043,0,0,0,0,16,False,False,
28,2,1504.0459852540182,860.87550647278,0.0,0.0,-0.038953810930252075,0,1,0,0,0,0.18531981358975586,-0.8736779209069417,0.03407164589994638,28,0,0,0,16,False,False,
28,3,1473.7024677403192,865.7348158120107,1.257780871470806,19.75709342956543,0.4660030007362366,0,1,0,0,0,0.22192917811281349,-0.9549166366882212,-0.3593501353784576,0,0,0,0,16,False,False,
28,4,1492.700058317489,871.5262122781169,0.6290688197559436,9.809330940246582,0.46253693103790283,0,1,0,0,0,-0.0511068779521319,-0.9074578453950207,-0.8152291588697845,0,0,0,0,16,False,False,
28,5,1501.561418619094,861.5519435525506,0.1263784773760434,7.550668239593506,0.40276098251342773,0,1,0,0,0,0.1479518581620381,-0.8805417375677883,-0.0470344519565129,0,0,0,0,16,False,False,
28,6,1486.0509889612138,875.819714192919,1.2603087046077075,19.79911231994629,0.5024667978286743,0,1,0,0,0,-0.10930444936793719,-0.9245069468994597,-0.3475853763594303,0,0,0,0,16,False,False,
28,7,1479.0137707570855,872.8474659847778,1.2581172236572893,19.76224136352539,0.5286299586296082,0,1,0,0,0,-0.05444594132895494,-0.943917663912549,-0.7523199118905154,0,0,0,0,16,False,False,
29,0,1489.4012345360907,874.882307157661,1.2720066108254768,20.687475204467773,0.5531325340270996,0,1,0,0,0,-0.048122577619742264,-0.9159113277413871,-0.4364663449691687,0,0,0,0,17,False,False,
29,1,1496.1413750094493,869.9858921659899,0.6434477166156032,10.408190727233887,0.48795047402381897,0,1,0,0,0,-0.03743119063502844,-0.8981480031068065,-0.97564797343097,0,0,0,0,17,False,False,
29,2,1504.0459852540182,860.87550647278,0.0,0.0,-0.04034164175391197,0,1,0,0,0,0.18531981358975586,-0.8736779209069417,0.03407164589994638,29,0,0,0,17,False,False,
29,3,1472.4119991453751,865.7752587136372,1.2911021736596493,21.048255920410156,0.48233315348625183,0,1,0,0,0,0.23961245690905142,-0.9581365046095566,-0.3552161155650294,0,0,0,0,17,False,False,
29,4,1492.0565065934795,871.5865126859924,0.6463706062820651,10.455704689025879,0.48145097494125366,0,1,0,0,0,-0.051747794658187254,-0.9091759229486892,-0.8124947901676786,0,0,0,0,17,False,False,
29,5,1501.4763543111017,861.552202625153,0.08506470250817151,7.635751724243164,0.4030275046825409,0,1,0,0,0,0.14820058286632995,-0.8807625086510686,-0.047063724210543834,1,0,0,0,17,False,False,
29,6,1484.758112767336,875.8665096467373,1.293722793798664,21.092927932739258,0.521823525428772,0,1,0,0,0,-0.1143909539166998,-0.9279040865001673,-0.3509789567940387,0,0,0,0,17,False,False,
29,7,1477.723646092255,872.9054917186278,1.2914289127137293,21.053707122802734,0.5493358373641968,0,1,0,0,0,-0.05782074871634046,-0.9473482449189607,-0.7543503886520618,0,0,0,0,17,False,False,
30,0,1488.0968953132608,874.8625542619164,1.3044887830497072,21.991947174072266,0.5740564465522766,0,1,0,0,0,-0.050727730681743174,-0.9193793405155292,-0.4479169418087029,0,0,0,0,18,False,False,
30,1,1495.4850536776387,870.0590020253011,0.660380755411789,11.068501472473145,0.507217526435852,0,1,0,0,0,-0.03768932275344304,-0.8999057980438876,-0.9714628129315442,0,0,0,0,18,False,False,
30,2,1504.0459852540182,860.87550647278,0.0,0.0,-0.04172947257757187,0,1,0,0,0,0.18531981358975586,-0.8736779209069417,0.03407164589994638,30,0,0,0,18,False,False,
30,3,1471.088962149471,865.8171337406095,1.3236995166635979,22.371915817260742,0.4982294738292694,0,1,0,0,0,0.26079838835197444,-0.9613978087904426,-0.3510154899392063,0,0,0,0,18,False,False,
30,4,1491.3960050178455,871.6480567521212,0.6633626485494822,11.119091987609863,0.5004008412361145,0,1,0,0,0,-0.052439547745966784,-0.9109390656969896,-0.8097165702568971,0,0,0,0,18,False,False,
30,5,1501.4319707142604,861.5523389073669,0.04438380607173405,7.680063724517822,0.40318116545677185,0,1,0,0,0,0.14832972010727652,-0.8808775127854256,-0.047085678401067144,2,0,0,0,18,False,False,
30,6,1483.432557572364,875.9142430368958,1.3264143588837622,22.419225692749023,0.5411337018013,0,1,0,0,0,-0.1201319696026543,-0.9313811513725481,-0.35449031231322503,0,0,0,0,18,False,False,
30,7,1476.4009071976382,872.9646138523076,1.3240595190635445,22.377779006958008,0.5700489282608032,0,1,0,0,0,-0.061777883452812904,-0.9508636149710167,-0.7564831467856035,0,0,0,0,18,False,False,
31,0,1486.7607469569184,874.8433952260898,1.3362857100223995,23.328266143798828,0.5950065851211548,0,1,0,0,0,-0.05360664788099427,-0.922930790235835,-0.4595063531653998,0,0,0,0,19,False,False,
31,1,1494.812158580408,870.1335296184108,0.6770097296284403,11.745589256286621,0.5265290141105652,0,1,0,0,0,-0.03797326088839365,-0.9017082131189659,-0.9672256630937365,0,0,0,0,19,False,False,
31,2,1504.0459852540182,860.87550647278,0.0,0.0,-0.043117303401231766,0,1,0,0,0,0.18531981358975586,-0.8736779209069417,0.03407164589994638,31,0,0,0,19,False,False,
31,3,1469.7340716437645,865.8604582164335,1.355583008398431,23.727466583251953,0.5135750770568848,0,1,0,0,0,0.28653284258610084,-0.964684672659574,-0.346779188753783,0,0,0,0,19,False,False,
31,4,1490.7188579381736,871.7107913820014,0.6800469110982574,11.799117088317871,0.519385039806366,0,1,0,0,0,-0.05318548121015188,-0.9127462666158649,-0.8069164533279637,0,0,0,0,19,False,False,
31,5,1501.4276527322813,861.5523521764429,0.004318002366790537,7.684458255767822,0.40322601795196533,0,1,0,0,0,0.14834282368123392,-0.8808889064902505,-0.047085678401067144,3,0,0,0,19,False,False,
31,6,1482.0750354143513,875.9628666290238,1.3583926763666472,23.77764129638672,0.5603746771812439,0,1,0,0,0,-0.1266524421426867,-0.9349358659660981,-0.35811206768111037,0,0,0,0,19,False,False,
31,7,1475.0462566238996,873.0247716083699,1.3559856682666582,23.73373031616211,0.5907468795776367,0,1,0,0,0,-0.06647868865467596,-0.9544612252681576,-0.7587117258131998,0,0,0,0,19,False,False,
32,0,1485.3934649213406,874.8248964743557,1.3674071700226769,24.695701599121094,0.6159725189208984,0,1,0,0,0,-0.05680616146649413,-0.9265634590581296,-0.47123463621163064,0,0,0,0,20,False,False,
32,1,1494.122987129461,870.209413421627,0.6933365996331388,12.43883991241455,0.5458840727806091,0,1,0,0,0,-0.03828527456230846,-0.9035536037043997,-0.9629446745537096,0,0,0,0,20,False,False,
32,2,1504.0459852540182,860.87550647278,0.0,0.0,-0.04450513422489166,0,1,0,0,0,0.18531981358975586,-0.8736779209069417,0.03407164589994638,32,0,0,0,20,False,False,
32,3,1468.3480323838792,865.9052513822294,1.3867628700125214,25.11429786682129,0.5282161831855774,0,1,0,0,0,0.318289068710997,-0.9679747587634769,-0.34249091788298025,0,0,0,0,20,False,False,
32,4,1490.0253653996426,871.7746643359857,0.6964277817899985,12.49553108215332,0.5384006500244141,0,1,0,0,0,-0.05399041873567272,-0.9145968442483974,-0.8041017002720148,0,0,0,0,20,False,False,
32,5,1501.4276527322813,861.5523521764429,0.0,7.684458255767822,0.40325915813446045,0,1,0,0,0,0.14834282368123392,-0.8808889064902505,-0.047085678401067144,4,0,0,0,20,False,False,
32,6,1480.6862471381482,876.0123317578713,1.3896689084421883,25.167314529418945,0.5795206427574158,0,1,0,0,0,-0.1341063042285858,-0.9385643720794556,-0.36185720102594676,0,0,0,0,20,False,False,
32,7,1473.6603807521046,873.0859095665369,1.3872237678011428,25.120943069458008,0.6113986968994141,0,1,0,0,0,-0.07214080922405704,-0.9581386499640248,-0.761035296735469,0,0,0,0,20,False,False,
33,0,1483.9957148875496,874.8071223148615,1.3978630396817626,26.09351921081543,0.6369423270225525,0,1,0,0,0,-0.06038456545282524,-0.9302750637060053,-0.4830878980612049,0,0,0,0,21,False,False,
33,1,1493.4178397830347,870.2865897018104,0.7093581312673821,13.148247718811035,0.5652804970741272,0,1,0,0,0,-0.038625600270645086,-0.905441950016021,-0.9586198562446465,0,0,0,0,21,False,False,
33,2,1504.0459852540182,860.87550647278,0.0,0.0,-0.04589296504855156,0,1,0,0,0,0.18531981358975586,-0.8736779209069417,0.03407164589994638,33,0,0,0,21,False,False,
33,3,1466.9315313283964,865.9515305453879,1.4172568578512663,26.531557083129883,0.5419470071792603,0,1,0,0,0,0.35816390043193025,-0.9712350935764701,-0.3381725743449504,0,0,0,0,21,False,False,
33,4,1489.3158231598816,871.8396242201277,0.7125096326036653,13.208091735839844,0.5574452877044678,0,1,0,0,0,-0.054860918057980254,-0.9164901155109129,-0.8012723396752358,0,0,0,0,21,False,False,
33,5,1501.4276527322813,861.5523521764429,0.0,7.684458255767822,0.40329229831695557,0,1,0,0,0,0.14834282368123392,-0.8808889064902505,-0.047085678401067144,5,0,0,0,21,False,False,
33,6,1479.2668844106458,876.0625882923547,1.4202521858744197,26.587636947631836,0.5985400676727295,0,1,0,0,0,-0.14269633724598457,-0.9422629329413712,-0.36572822793206505,0,0,0,0,21,False,False,
33,7,1472.2439532702967,873.147977768474,1.4177867515645888,26.538803100585938,0.6319704055786133,0,1,0,0,0,-0.07907503911696444,-0.9618931211140578,-0.7634692960926229,0,0,0,0,21,False,False,
34,0,1482.5681526880896,874.7901347067125,1.4276632698775429,27.52123260498047,0.6579023003578186,0,1,0,0,0,-0.0644161786656342,-0.9340638808641597,-0.4950516169318493,0,0,0,0,22,False,False,
34,1,1492.6970006675222,870.364998778438,0.7250910382499173,13.873327255249023,0.5847156643867493,0,1,0,0,0,-0.03900002147307096,-0.9073719387151342,-0.9542438936763127,0,0,0,0,22,False,False,
34,2,1504.0459852540182,860.87550647278,0.0,0.0,-0.047280795872211456,0,1,0,0,0,0.18531981358975586,-0.8736779209069417,0.03407164589994638,34,0,0,0,22,False,False,
34,3,1465.4852505926588,865.9993146832511,1.4470698982417562,27.978635787963867,0.5544829368591309,0,1,0,0,0,0.40917467454291656,-0.9744171282797469,-0.33382581613845685,0,0,0,0,22,False,False,
34,4,1488.5905226890982,871.9056204948108,0.7282968359060886,13.936311721801758,0.576516330242157,0,1,0,0,0,-0.05580426908296595,-0.9184247421212869,-0.798413763996797,0,0,0,0,22,False,False,
34,5,1501.4276527322813,861.5523521764429,0.0,7.684458255767822,0.4033254384994507,0,1,0,0,0,0.14834282368123392,-0.8808889064902505,-0.047085678401067144,6,0,0,0,22,False,False,
34,6,1477.8176347753608,876.1135810826892,1.4501464650303886,28.03775405883789,0.6173943877220154,0,1,0,0,0,-0.15268488079399908,-0.946026513087465,-0.3697006786246111,0,0,0,0,22,False,False,
34,7,1470.7976469375903,873.2109247641101,1.4476754927422015,27.98646354675293,0.6524173617362976,0,1,0,0,0,-0.08774939700314109,-0.9657206119226573,-0.7659909549878492,0,0,0,0,22,False,False,
35,0,1481.1114242392223,874.7739931059377,1.45681787640554,28.97798728942871,0.6788363456726074,0,1,0,0,0,-0.06899353873428614,-0.9379271176481205,-0.5071240776524293,0,0,0,0,23,False,False,
35,1,1491.9607524539604,870.4445820950065,0.7405369242981694,14.613944053649902,0.6041894555091858,0,1,0,0,0,-0.03941082553096654,-0.9093432152607654,-0.949845169357713,0,0,0,0,23,False,False,
35,2,1504.0459852540182,860.87550647278,0.0,0.0,-0.04866862669587135,0,1,0,0,0,0.18531981358975586,-0.8736779209069417,0.03407164589994638,35,0,0,0,23,False,False,
35,3,1464.0098653819582,866.0486263158919,1.4762090492432147,29.454801559448242,0.5654323697090149,0,1,0,0,0,0.4756149533470632,-0.9774453944646815,-0.3294644218049477,0,0,0,0,23,False,False,
35,4,1487.84975118294,871.9726034910221,0.7437937524053745,14.68017578125,0.595611035823822,0,1,0,0,0,-0.05682465239500516,-0.9204006825990394,-0.7955543307327908,0,0,0,0,23,False,False,
35,5,1501.4276527322813,861.5523521764429,0.0,7.684458255767822,0.4033585786819458,0,1,0,0,0,0.14834282368123392,-0.8808889064902505,-0.047085678401067144,7,0,0,0,23,False,False,
35,6,1476.3391671282893,876.1652563874345,1.4793704473720464,29.517173767089844,0.6360384225845337,0,1,0,0,0,-0.1644226456585607,-0.9498501737435975,-0.37380634094194687,0,0,0,0,23,False,False,
35,7,1469.3221136841648,873.2747053990821,1.4769110844469024,29.46330451965332,0.6726731657981873,0,1,0,0,0,-0.09887523699924385,-0.9696168650512943,-0.7686295170889932,0,0,0,0,23,False,False,
36,0,1479.6261654854109,874.7587543618193,1.4853369264566787,30.463294982910156,0.6997250914573669,0,1,0,0,0,-0.07424205713587355,-0.9418627522890264,-0.5192858987891235,0,0,0,0,24,False,False,
36,1,1491.2093738238755,870.525282358481,0.7556999260771234,15.369606971740723,0.6236994862556458,0,1,0,0,0,-0.03986183483154188,-0.9113544566845436,-0.9454107623329666,0,0,0,0,24,False,False,
36,2,1504.0459852540182,860.87550647278,0.0,0.0,-0.05005645751953125,0,1,0,0,0,0.18531981358975586,-0.8736779209069417,0.03407164589994638,36,0,0,0,24,False,False,
36,3,1462.5060377688792,866.0994894556715,1.5046875253178715,30.959566116333008,0.5742565393447876,0,1,0,0,0,0.563281719864177,-0.9802019226337649,-0.32508118762565774,0,0,0,0,24,False,False,
36,4,1487.0937916031012,872.04052442194,0.7590047030201735,15.439203262329102,0.6147265434265137,0,1,0,0,0,-0.057932204796971594,-0.922416591394381,-0.7926811475135221,0,0,0,0,24,False,False,
36,5,1501.4276527322813,861.5523521764429,0.0,7.684458255767822,0.4033917188644409,0,1,0,0,0,0.14834282368123392,-0.8808889064902505,-0.047085678401067144,8,0,0,0,24,False,False,
36,6,1474.8321567333935,876.2175498904065,1.5079174184208473,31.02503776550293,0.6544102430343628,0,1,0,0,0,-0.17837801270097264,-0.9537266910613516,-0.3780361244770586,0,0,0,0,24,False,False,
36,7,1467.818007165812,873.3392711246245,1.5054916643627667,30.968839645385742,0.6926465630531311,0,1,0,0,0,-0.11362096268179459,-0.9735762128242925,-0.7713638857910993,0,0,0,0,24,False,False,
37,0,1478.11299105373,874.7444655591949,1.5132418942697436,31.976545333862305,0.7205438017845154,0,1,0,0,0,-0.08032290072806063,-0.9458682269836349,-0.5315272466940935,0,0,0,0,25,False,False,
37,1,1490.4431394073217,870.6070434856339,0.7705842348663873,16.140193939208984,0.6432438492774963,0,1,0,0,0,-0.04035803376413267,-0.913405321383552,-0.9409535899846813,0,0,0,0,25,False,False,
37,2,1504.0459852540182,860.87550647278,0.0,0.0,-0.05144428834319115,0,1,0,0,0,0.18531981358975586,-0.8736779209069417,0.03407164589994638,37,0,0,0,25,False,False,
37,3,1460.9744079182965,866.1519228892341,1.5325270843125012,32.49208068847656,0.580249547958374,0,1,0,0,0,0.6786799381374395,-0.9825039577047217,-0.3206970958608004,0,0,0,0,25,False,False,
37,4,1486.322922680826,872.1093354067988,0.7739340068552308,16.2131404876709,0.6338598132133484,0,1,0,0,0,-0.059134189254989956,-0.9244717681922068,-0.7898144247721939,0,0,0,0,25,False,False,
37,5,1501.4276527322813,861.5523521764429,0.0,7.684458255767822,0.40342485904693604,0,1,0,0,0,0.14834282368123392,-0.8808889064902505,-0.047085678401067144,9,0,0,0,25,False,False,
37,6,1473.29724607809,876.2704046858863,1.5358204156637116,32.56085968017578,0.6724384427070618,0,1,0,0,0,-0.19522045556916762,-0.9576476760241848,-0.38239020074706,0,0,0,0,25,False,False,
37,7,1466.2859731685498,873.4045698811301,1.5334249562232556,32.50221252441406,0.7121910452842712,0,1,0,0,0,-0.13401351618736423,-0.9775887790828145,-0.7742160152846904,0,0,0,0,25,False,False,
38,0,1476.572520562547,874.7311757062366,1.5405278168203367,33.517127990722656,0.7412663698196411,0,1,0,0,0,-0.08746053282784266,-0.9499406518381862,-0.5438351718252725,0,0,0,0,26,False,False,
38,1,1489.6623236798312,870.6898088065686,0.7851899761497751,16.925329208374023,0.6628215312957764,0,1,0,0,0,-0.0409015659772567,-0.9154948015896608,-0.9364818029490195,0,0,0,0,26,False,False,
38,2,1504.0459852540182,860.87550647278,0.0,0.0,-0.052832119166851044,0,1,0,0,0,0.18531981358975586,-0.8736779209069417,0.03407164589994638,38,0,0,0,26,False,False,
38,3,1459.415605325145,866.2059417355322,1.559738298616592,34.05173110961914,0.5826079845428467,0,1,0,0,0,0.8253924724413003,-0.9840946622292778,-0.3163211225726469,0,0,0,0,26,False,False,
38,4,1485.5374189502104,872.1789894864079,0.7885859506846117,17.00162696838379,0.653007447719574,0,1,0,0,0,-0.060443104347230776,-0.9265651801190299,-0.7869339234894174,0,0,0,0,26,False,False,
38,5,1501.4276527322813,861.5523521764429,0.0,7.684458255767822,0.40345799922943115,0,1,0,0,0,0.14834282368123392,-0.8808889064902505,-0.047085678401067144,10,0,0,0,26,False,False,
38,6,1471.7350640658055,876.3237703994819,1.563093259819265,34.123905181884766,0.6900200247764587,0,1,0,0,0,-0.2158938408082741,-0.9616010788244417,-0.38686925582040466,0,0,0,0,26,False,False,
38,7,1464.7266513349748,873.4705442356191,1.5607168853172182,34.06293487548828,0.7310631275177002,0,1,0,0,0,-0.16393496800985632,-0.9816385496701963,-0.7771695685647093,0,0,0,0,26,False,False,
39,0,1475.0052897521111,874.7188846992643,1.5672790058032466,35.08443832397461,0.7618460059165955,0,1,0,0,0,-0.0959386595868286,-0.9540767202345208,-0.5562161918329724,0,0,0,0,27,False,False,
39,1,1488.8671976937085,870.773521517187,0.7995205761746591,17.724885940551758,0.6824297308921814,0,1,0,0,0,-0.041496141917560354,-0.9176225459106283,-0.9320027121429428,0,0,0,0,27,False,False,
39,2,1504.0459852540182,860.87550647278,0.0,0.0,-0.05421994999051094,0,1,0,0,0,0.18531981358975586,-0.8736779209069417,0.03407164589994638,39,0,0,0,27,False,False,
39,3,1457.8302499016022,866.2615593235299,1.5863307142747498,35.63815689086914,0.5806953310966492,0,1,0,0,0,0.9965071349040695,-0.9846907307363224,-0.3119442916989261,0,0,0,1,27,False,False,
39,4,1484.7375507650443,872.2494406454794,0.8029648058635931,17.804649353027344,0.6721659302711487,0,1,0,0,0,-0.06186739790683507,-0.9286967668251257,-0.7840680297474708,0,0,0,0,27,False,False,
39,5,1501.4276527322813,861.5523521764429,0.0,7.684458255767822,0.40349113941192627,0,1,0,0,0,0.14834282368123392,-0.8808889064902505,-0.047085678401067144,11,0,0,0,27,False,False,
39,6,1470.1462346864942,876.3775970108827,1.5897408910442308,35.71368408203125,0.7070193290710449,0,1,0,0,0,-0.24177772215074228,-0.965570581241244,-0.3914871825832833,0,0,0,0,27,False,False,
39,7,1463.1406618823485,873.5371396169551,1.5873870002798451,35.650390625,0.7488110065460205,0,1,0,0,0,-0.21168589111544456,-0.9856919651175928,-0.7802408683431207,0,0,0,0,27,False,False,
40,0,1473.4119143983748,874.7076187097119,1.5934151814309088,36.677860260009766,0.7822526097297668,0,1,0,0,0,-0.10621385992519031,-0.9582722548537904,-0.5686483239404845,0,0,0,0,28,False,False,
40,1,1488.0580233482808,870.8581274672849,0.8135854522360652,18.53850555419922,0.7020648121833801,0,1,0,0,0,-0.04215058224824967,-0.9197875630550756,-0.9274943991086598,0,0,0,0,28,False,False,
40,2,1504.0459852540182,860.87550647278,0.0,0.0,-0.05560778081417084,0,1,0,0,0,0.18531981358975586,-0.8736779209069417,0.03407164589994638,40,0,0,0,28,False,False,
40,3,1456.2189510591645,866.3187878611151,1.612314815771165,37.25038146972656,0.5786952376365662,0,1,0,0,0,1.0,-0.984123103056542,-0.3158448767209312,0,0,0,2,28,False,False,
40,4,1483.9235843424456,872.3206438235428,0.8170748005442807,18.621719360351562,0.6913313865661621,0,1,0,0,0,-0.06342124440521704,-0.930865155797212,-0.7812159145469724,0,0,0,0,28,False,False,
40,5,1501.4276527322813,861.5523521764429,0.0,7.684458255767822,0.4035242795944214,0,1,0,0,0,0.14834282368123392,-0.8808889064902505,-0.047085678401067144,12,0,0,0,28,False,False,
40,6,1468.5313622508745,876.4318416564007,1.6157832357377666,37.32946014404297,0.7232470512390137,0,1,0,0,0,-0.2749585113841249,-0.9695309720230828,-0.39623746338538424,0,0,0,0,28,False,False,
40,7,1461.5286144486656,873.6043033157084,1.6134459677577406,37.263851165771484,0.7644505500793457,0,1,0,0,0,-0.29817025958575794,-0.9896635876482166,-0.7834152784929088,0,0,0,0,28,False,False,
41,0,1471.7929834032434,874.6974081914015,1.6189631934301452,38.296791076660156,0.8024111986160278,0,1,0,0,0,-0.11893220094206387,-0.9625220052885738,-0.5811470618603912,0,0,0,0,29,False,False,
41,1,1487.2350585337026,870.943574312428,0.827388813907148,19.365806579589844,0.7217256426811218,0,1,0,0,0,-0.04286905908087767,-0.9219888336425488,-0.9229942474303592,0,0,0,0,29,False,False,
41,2,1504.0459852540182,860.87550647278,0.0,0.0,-0.056995611637830734,0,1,0,0,0,0.18531981358975586,-0.8736779209069417,0.03407164589994638,41,0,0,0,29,False,False,
41,3,1454.5823077623884,866.377638865489,1.6377010476879779,38.88815689086914,0.5766951441764832,0,1,0,0,0,1.0,-0.9824542355577947,-0.3200970718255355,0,0,0,3,29,False,False,
41,4,1483.095781787059,872.3925549293174,0.830920139266383,19.452600479125977,0.7104995846748352,0,1,0,0,0,-0.06512253061092427,-0.9330696117610524,-0.7783646426389486,0,0,0,0,29,False,False,
41,5,1501.4276527322813,861.5523521764429,0.0,7.684458255767822,0.4035574197769165,0,1,0,0,0,0.14834282368123392,-0.8808889064902505,-0.047085678401067144,13,0,0,0,29,False,False,
41,6,1466.891043176061,876.486464374725,1.641228292637661,38.97074890136719,0.7384305000305176,0,1,0,0,0,-0.3187005242787974,-0.9734431648380911,-0.4011119225776324,0,0,0,0,29,False,False,
41,7,1459.8911087084427,873.6719836106644,1.6389038018102966,38.90270233154297,0.7753806114196777,0,1,0,0,0,-0.487197192902903,-0.9932686425892459,-0.7867066061417076,0,0,0,0,29,False,False,
42,0,1470.1490676107412,874.6882797181617,1.6439411369821086,39.940738677978516,0.8222309947013855,0,1,0,0,0,-0.13509982131345388,-0.9668188770763271,-0.5936750434481435,0,0,0,0,30,False,False,
42,1,1486.3985576677806,871.0298110678578,0.8409342879650648,20.2067813873291,0.741409957408905,0,1,0,0,0,-0.04365836151033749,-0.9242263251805867,-0.9185005490834526,0,0,0,0,30,False,False,
42,2,1504.0459852540182,860.87550647278,0.0,0.0,-0.05838344246149063,0,1,0,0,0,0.18531981358975586,-0.8736779209069417,0.03407164589994638,42,0,0,0,30,False,False,
42,3,1452.9209209547887,866.4381319481604,1.6624877555991295,40.550636291503906,3.097351312637329,0,2,1,1,1,0.10408509032713072,-0.9185899085953034,-0.3245031177809161,0,0,0,0,30,False,False,
42,4,1482.2544011033517,872.4651308607006,0.8445050152201654,20.297155380249023,0.7296658754348755,0,1,0,0,0,-0.06698559571474966,-0.9353097215560141,-0.7755352963352624,0,0,0,0,30,False,False,
42,5,1501.4276527322813,861.5523521764429,0.0,7.684458255767822,0.4035905599594116,0,1,0,0,0,0.14834282368123392,-0.8808889064902505,-0.047085678401067144,14,0,0,0,30,False,False,
42,6,1465.225871787657,876.5414207932482,1.6660780175897443,40.636817932128906,0.7521616220474243,0,1,0,0,0,-0.37821870765076127,-0.9772413906038029,-0.4061186786367317,0,0,0,0,30,False,False,
42,7,1458.2287337946495,873.7401296443303,1.6637710887960724,40.56645202636719,3.297447919845581,0,2,1,1,1,-0.04848331514844833,-0.9059984532268214,-0.7901229554731283,0,0,0,0,30,False,False,
43,0,1468.4807379527535,874.6802638002579,1.6683489151436912,41.609092712402344,0.8415818810462952,0,1,0,0,0,-0.1563283127479524,-0.9711520137933437,-0.6062468190721999,0,0,0,0,31,False,False,
43,1,1485.5487712919505,871.1167880551827,0.8542258956917969,21.06095314025879,0.7611148953437805,0,1,0,0,0,-0.044529331040255395,-0.9264987114363658,-0.9140068435899995,0,0,0,0,31,False,False,
43,2,1504.0459852540182,860.87550647278,0.0,0.0,-0.05977127328515053,0,1,0,0,0,0.18531981358975586,-0.8736779209069417,0.03407164589994638,43,0,0,0,31,False,False,
43,3,1451.2353612762656,866.5002786409094,1.686704965689698,42.23733139038086,3.1179311275482178,0,2,0,1,1,0.10983045017575345,-0.9230246716192847,-0.3290699896163539,0,0,0,0,31,False,False,
43,4,1481.3996962574483,872.538329505996,0.8578335591964358,21.155017852783203,0.748825192451477,0,1,0,0,0,-0.06903211146997516,-0.9375844006224319,-0.7727205432793134,0,0,0,0,31,False,False,
43,5,1501.4276527322813,861.5523521764429,0.0,7.684458255767822,0.40362370014190674,0,1,0,0,0,0.14834282368123392,-0.8808889064902505,-0.047085678401067144,15,0,0,0,31,False,False,
43,6,1463.5364210725002,876.5966725807364,1.6903539507938967,42.32717514038086,0.7638159990310669,0,1,0,0,0,-0.46194350982588933,-0.9808109412810888,-0.41126424921299376,0,0,0,0,31,False,False,
43,7,1456.5418275118484,873.8089744904267,1.6883105223233774,42.25474548339844,3.319488763809204,0,2,0,1,1,-0.050798141041900634,-0.9104869299817636,-0.7856247762416324,0,0,0,0,31,False,False,
44,0,1466.7885468155957,874.6733861333493,1.6922051137428398,43.301246643066406,0.8602577447891235,0,1,0,0,0,-0.18540437951903577,-0.9755034900905363,-0.6188396913012123,0,0,0,0,32,False,False,
44,1,1484.6859460901815,871.2044568420216,0.8672676316994146,21.928314208984375,0.7808375954627991,0,1,0,0,0,-0.045490960729432255,-0.928805951372138,-0.9095131452430929,0,0,0,0,32,False,False,
44,2,1504.0459852540182,860.87550647278,0.0,0.0,-0.061159104108810425,0,1,0,0,0,0.18531981358975586,-0.8736779209069417,0.03407164589994638,44,0,0,0,32,False,False,
44,3,1449.526163271625,866.5640660636521,1.7103878666454724,43.947750091552734,3.1384079456329346,0,2,0,1,1,0.11640367173590707,-0.9275142181329082,-0.33379071230256807,0,0,0,0,32,False,False,
44,4,1480.5319171959611,872.612109753789,0.8709098831222747,22.02594757080078,0.7679718732833862,0,1,0,0,0,-0.07128753510526167,-0.9398928705292291,-0.7699277158277021,0,0,0,0,32,False,False,
44,5,1501.4276527322813,861.5523521764429,0.0,7.684458255767822,0.40365684032440186,0,1,0,0,0,0.14834282368123392,-0.8808889064902505,-0.047085678401067144,16,0,0,0,32,False,False,
44,6,1461.8232562959627,876.6521832705818,1.714063881031192,44.04120635986328,0.7724379301071167,0,1,0,0,0,-0.5826866370168204,-0.9839423749951912,-0.4165422310008492,0,0,0,0,32,False,False,
44,7,1454.83093821926,873.8786259563075,1.7123064848890313,43.967098236083984,3.3415729999542236,0,2,0,1,1,-0.05345776956322905,-0.91503794050616,-0.7802087088843463,0,0,0,0,32,False,False,
45,0,1465.0730180536943,874.6676535628807,1.715538339785857,45.01683044433594,0.8779207468032837,0,1,0,0,0,-0.22747882226623264,-0.9798417407601089,-0.6314634937830192,0,0,0,0,33,False,False,
45,1,1483.8103249253973,871.2927701991533,0.8800634484319546,22.808366775512695,0.8005750179290771,0,1,0,0,0,-0.046552454274085005,-0.9311466935510165,-0.9050340472904699,0,0,0,0,33,False,False,
45,2,1504.0459852540182,860.87550647278,0.0,0.0,-0.06254693120718002,0,1,0,0,0,0.18531981358975586,-0.8736779209069417,0.03407164589994638,45,0,0,0,33,False,False,
45,3,1447.7938971002145,866.6294982018643,1.7335015008138617,45.6811637878418,3.1587588787078857,0,2,0,1,1,0.12397205520286403,-0.9320548038102304,-0.3386724323859528,0,0,0,0,33,False,False,
45,4,1479.6513098802784,872.6864315000429,0.8837380643607743,22.909568786621094,0.7870996594429016,0,1,0,0,0,-0.07377823411223088,-0.9422340139805544,-0.7671641177508435,0,0,0,0,33,False,False,
45,5,1501.4276527322813,861.5523521764429,0.0,7.684458255767822,0.403689980506897,0,1,0,0,0,0.14834282368123392,-0.8808889064902505,-0.047085678401067144,17,0,0,0,33,False,False,
45,6,1460.0870253444307,876.7078377568698,1.7371227184345077,45.77830505371094,3.2935972213745117,0,2,1,1,1,-0.09232182767180146,-0.9004667233621365,-0.4219672029549426,0,0,0,0,33,False,False,
45,7,1453.096642672622,873.9491491024505,1.735728825948944,45.70278549194336,3.3636527061462402,0,2,0,1,1,-0.056502801331449366,-0.919649205270579,-0.7747196752883746,0,0,0,0,33,False,False,
46,0,1463.3346722725387,874.6630643561645,1.73835183886353,46.75511932373047,0.8939657211303711,0,1,0,0,0,-0.29307855776771674,-0.9841000394100569,-0.6441083356974109,0,0,0,0,34,False,False,
46,1,1482.9221468712356,871.381682069299,0.8926172620711768,23.700984954833984,0.8203237056732178,0,1,0,0,0,-0.0477257420388254,-0.9335205628755134,-0.9005777253812054,0,0,0,0,34,False,False,
46,2,1504.0459852540182,860.87550647278,0.0,0.0,-0.06393475830554962,0,1,0,0,0,0.18531981358975586,-0.8736779209069417,0.03407164589994638,46,0,0,0,34,False,False,
46,3,1446.0390749690475,866.6965546815147,1.7561028681420807,47.43732452392578,3.1789450645446777,0,2,0,1,1,0.13277915319764114,-0.9366433094163199,-0.343700227877637,0,0,0,0,34,False,False,
46,4,1478.758121344488,872.761252960152,0.8963169145788332,23.805885314941406,0.8062023520469666,0,1,0,0,0,-0.07653999865902834,-0.9446076488090103,-0.7644224309852298,0,0,0,0,34,False,False,
46,5,1501.4276527322813,861.5523521764429,0.0,7.684458255767822,0.4037231206893921,0,1,0,0,0,0.14834282368123392,-0.8808889064902505,-0.047085678401067144,18,0,0,0,34,False,False,
46,6,1458.3281066040984,876.7639924674806,1.7598149012371458,47.53811264038086,3.3146564960479736,0,2,0,1,1,-0.09678545035869648,-0.9051079521868645,-0.42747976298164436,0,0,0,0,34,False,False,
46,7,1451.3394709609297,874.0205470386951,1.758621644831914,47.4614372253418,3.385708808898926,0,2,0,1,1,-0.059978536573215835,-0.9243193555673437,-0.7691647934139259,0,0,0,0,34,False,False,
47,0,1461.574032394673,874.659619697823,1.7606432475667813,48.515865325927734,0.9071704149246216,0,1,0,0,0,-0.4060336582628101,-0.9881200662778722,-0.6567823926934624,0,0,0,0,35,False,False,
47,1,1482.0216472481582,871.4711475435691,0.9049329490347956,24.605932235717773,0.8400799036026001,0,1,0,0,0,-0.04902806810456405,-0.9359268596098846,-0.8961351677202963,0,0,0,0,35,False,False,
47,2,1504.0459852540182,860.87550647278,0.0,0.0,-0.06532258540391922,0,1,0,0,0,0.18531981358975586,-0.8736779209069417,0.03407164589994638,47,0,0,0,35,False,False,
47,3,1444.262260867125,866.7652458013988,1.778141395598783,49.21550750732422,3.198927640914917,0,2,0,1,1,0.14311590177197503,-0.9412746533105599,-0.34889679620896863,0,0,0,0,35,False,False,
47,4,1477.8525886100003,872.8365350575233,0.9086566609084721,24.714651107788086,0.8252697587013245,0,1,0,0,0,-0.07961447359793081,-0.9470129159864755,-0.7617099735943687,0,0,0,0,35,False,False,
47,5,1501.4276527322813,861.5523521764429,0.0,7.684458255767822,0.4037562608718872,0,1,0,0,0,0.14834282368123392,-0.8808889064902505,-0.047085678401067144,19,0,0,0,35,False,False,
47,6,1456.5469866842843,876.8208149761905,1.7820260846166363,49.32014846801758,3.335705280303955,0,2,0,1,1,-0.10184967642579876,-0.9098023767023422,-0.42453647214224766,0,0,0,0,35,False,False,
47,7,1449.5599755670473,874.0928301338178,1.7809628583125487,49.24244689941406,3.4077308177948,0,2,0,1,1,-0.06397854001427529,-0.9290462510689581,-0.7635511526350232,0,0,0,0,35,False,False,
48,0,1459.7916132494986,874.6573229467219,1.7824206249227237,50.298213958740234,3.429903984069824,0,2,1,1,1,-0.03646642362942695,-0.9017204750114037,-0.6694564782756995,0,0,0,0,36,False,False,
48,1,1481.109057647381,871.5611228462963,0.9170143589647505,25.522953033447266,0.8598395586013794,0,1,0,0,0,-0.05047459086526626,-0.9383648629062983,-0.8917153718096531,0,0,0,0,36,False,False,
48,2,1504.0459852540182,860.87550647278,0.0,0.0,-0.06671041250228882,0,1,0,0,0,0.18531981358975586,-0.8736779209069417,0.03407164589994638,48,0,0,0,36,False,False,
48,3,1442.4639944661028,866.8355920537475,1.7996418099901268,51.015098571777344,3.2186543941497803,0,2,0,1,1,0.1553988390807051,-0.9459427378208275,-0.3542467580121075,0,0,0,0,36,False,False,
48,4,1476.9349482068926,872.9122386268062,0.9207578073618035,25.6353702545166,0.8442946672439575,0,1,0,0,0,-0.08304807841132691,-0.9494482716079513,-0.7590340350555824,0,0,0,0,36,False,False,
48,5,1501.4276527322813,861.5523521764429,0.0,7.684458255767822,0.4037894010543823,0,1,0,0,0,0.14834282368123392,-0.8808889064902505,-0.047085678401067144,20,0,0,0,36,False,False,
48,6,1454.7442020453855,876.8784068784615,1.8037043220707971,51.123802185058594,3.356674909591675,0,2,0,1,1,-0.10758764042595632,-0.9145472186847566,-0.4207162714740855,0,0,0,0,36,False,False,
48,7,1447.7586960246288,874.166002153626,1.8027651356785621,51.045204162597656,3.4297001361846924,0,2,0,1,1,-0.06862050316008587,-0.9338275814802826,-0.7578645456174348,0,0,0,0,36,False,False,
49,0,1457.9883277170106,874.6565329842024,1.8032857055166907,52.101558685302734,3.4525938034057617,0,2,0,1,1,-0.03891055371061643,-0.9065208546587715,-0.6815365715078286,0,0,0,0,37,False,False,
49,1,1480.184605972197,871.6515653167172,0.9288652971266806,26.451807022094727,0.8795980215072632,0,1,0,0,0,-0.05208678120273949,-0.9408338488872138,-0.8873239476881951,0,0,0,0,37,False,False,
49,2,1504.0459852540182,860.87550647278,0.0,0.0,-0.06809823960065842,0,1,0,0,0,0.18531981358975586,-0.8736779209069417,0.03407164589994638,49,0,0,0,37,False,False,
49,3,1440.6448054129596,866.9076205999047,1.8206144354412768,52.83573913574219,3.23805570602417,0,2,0,1,1,0.17020369578011918,-0.950640502997462,-0.3597650924482959,0,0,0,0,37,False,False,
49,4,1476.0054321861796,872.9883252640814,0.9326249026987383,26.56792449951172,0.8632654547691345,0,1,0,0,0,-0.08690510362100667,-0.9519130709704479,-0.7563954729544383,0,0,0,0,37,False,False,
49,5,1501.4276527322813,861.5523521764429,0.0,7.684458255767822,0.40382254123687744,0,1,0,0,0,0.14834282368123392,-0.8808889064902505,-0.047085678401067144,21,0,0,0,37,False,False,
49,6,1452.9202760525766,876.9368292377288,1.824861419205906,52.94871139526367,3.3775365352630615,0,2,0,1,1,-0.1141049568869183,-0.9193400956095396,-0.4168372404360057,0,0,0,0,37,False,False,
49,7,1445.9361525552206,874.2400560865175,1.8240473356957838,52.86921691894531,3.4515926837921143,0,2,0,1,1,-0.07405784575170553,-0.9386611546394399,-0.7521118902180703,0,0,0,0,37,False,False,
50,0,1456.164615726727,874.6574408718624,1.8237122162676689,53.925167083740234,3.475313901901245,0,2,0,1,1,-0.04167285525485088,-0.9113739359055233,-0.6845446100575577,0,0,0,0,38,False,False,
50,1,1479.248521370299,871.7424304483814,0.9404843720462205,27.392244338989258,0.8993513584136963,0,1,0,0,0,-0.0538867361068046,-0.9433330768478813,-0.8829626033805108,0,0,0,0,38,False,False,
50,2,1504.0459852540182,860.87550647278,0.0,0.0,-0.06948606669902802,0,1,0,0,0,0.18531981358975586,-0.8736779209069417,0.03407164589994638,50,0,0,0,38,False,False,
50,3,1438.8052066231787,866.9813577914974,1.8410760116811113,54.67681884765625,3.257042407989502,0,2,0,1,1,0.18835604381092172,-0.955357522890667,-0.3654592319257839,0,0,0,0,38,False,False,
50,4,1475.0642661750248,873.0647588427813,0.944264556417269,27.512306213378906,0.882169246673584,0,1,0,0,0,-0.0912595213545703,-0.9544069448952092,-0.7538007620619696,0,0,0,0,38,False,False,
50,5,1501.4276527322813,861.5523521764429,0.0,7.684458255767822,0.40385568141937256,0,1,0,0,0,0.14834282368123392,-0.8808889064902505,-0.047085678401067144,22,0,0,0,38,False,False,
50,6,1451.0757200339674,876.996117377617,1.845508599090886,54.79426574707031,3.398263931274414,0,2,0,1,1,-0.12154650148096127,-0.9241775703304317,-0.412892346826356,0,0,0,0,38,False,False,
50,7,1444.0928677588697,874.3149889044188,1.8448072440385381,54.7140007019043,3.4733786582946777,0,2,0,1,1,-0.08051077173111656,-0.9435444261338453,-0.7462787361201205,0,0,0,0,38,False,False,
51,0,1454.320958664844,874.660176453922,1.84365909138344,55.7689208984375,3.4980204105377197,0,2,0,1,1,-0.04478187909177096,-0.9162791311486209,-0.6873843617327939,0,0,0,0,39,False,False,
51,1,1478.301022769359,871.8336770820845,0.951882107692563,28.34413719177246,0.919090986251831,0,1,0,0,0,-0.05590415913873825,-0.9458621154938074,-0.8786304741544864,0,0,0,0,39,False,False,
51,2,1504.0459852540182,860.87550647278,0.0,0.0,-0.07087389379739761,0,1,0,0,0,0.18531981358975586,-0.8736779209069417,0.03407164589994638,51,0,0,0,39,False,False,
51,3,1436.945704238303,867.0568324515584,1.8610334611902777,56.537845611572266,3.275491237640381,0,2,0,1,1,0.21107837982092154,-0.960079178578045,-0.3713214581744656,0,0,0,0,39,False,False,
51,4,1474.1116730574013,873.141504342098,0.9556796112761546,28.467905044555664,0.9009922742843628,0,1,0,0,0,-0.09620655224457045,-0.9569277881955212,-0.751242555728483,0,0,0,0,39,False,False,
51,5,1501.4276527322813,861.5523521764429,0.0,7.684458255767822,0.4038888216018677,0,1,0,0,0,0.14834282368123392,-0.8808889064902505,-0.047085678401067144,23,0,0,0,39,False,False,
51,6,1449.21102441087,877.0562818858835,1.8656659762274868,56.65986251831055,3.4188246726989746,0,2,0,1,1,-0.13010235024420352,-0.9290556760226557,-0.40887432975399984,0,0,0,0,39,False,False,
51,7,1442.229350658509,874.3907981786314,1.865058452004529,56.57906723022461,3.4950225353240967,0,2,0,1,1,-0.0882816108242461,-0.9484743805414224,-0.7403799195539,0,0,0,0,39,False,False,
52,0,1452.4578276897328,874.6648299833818,1.8631367866464459,57.63196563720703,3.5206949710845947,0,2,0,1,1,-0.048291223581064614,-0.9212337970406329,-0.6900116894630062,0,0,0,0,40,False,False,
52,1,1477.3423270609937,871.9252652667786,0.9630606714083986,29.3072452545166,0.9388121366500854,0,1,0,0,0,-0.05817606409103525,-0.9484201881899977,-0.8743348709270832,0,0,0,0,40,False,False,
52,2,1504.0459852540182,860.87550647278,0.0,0.0,-0.07226172089576721,0,1,0,0,0,0.18531981358975586,-0.8736779209069417,0.03407164589994638,52,0,0,0,40,False,False,
52,3,1435.0667996220297,867.1340799553717,1.8804918861559323,58.418338775634766,3.293231248855591,0,2,0,1,1,0.2402187916131854,-0.9647838479212041,-0.3773668075279547,0,0,0,0,40,False,False,
52,4,1473.147874916565,873.2185260796992,0.9668708312606951,29.434844970703125,0.91971755027771,0,1,0,0,0,-0.10186773359080487,-0.9594753146200583,-0.7487355186671794,0,0,0,0,40,False,False,
52,5,1501.4276527322813,861.5523521764429,0.0,7.684458255767822,0.4039219617843628,0,1,0,0,0,0.14834282368123392,-0.8808889064902505,-0.047085678401067144,24,0,0,0,40,False,False,
52,6,1447.326672124559,877.1173200978257,1.8853406064271399,58.545249938964844,3.4391820430755615,0,2,0,1,1,-0.14002711263561626,-0.9339707301522441,-0.40478307487419507,0,0,0,0,40,False,False,
52,7,1440.3460998012752,874.4674820321422,1.8848114506925424,58.46392822265625,3.5164761543273926,0,2,0,1,1,-0.09780908393356513,-0.9534472206616172,-0.7344150688989962,0,0,0,0,40,False,False,
53,0,1450.5756842431117,874.6714659267162,1.8821551448811251,59.51417922973633,3.543323516845703,0,2,0,1,1,-0.05227194890995608,-0.9262372084880823,-0.6924416867541793,0,0,0,0,41,False,False,
53,1,1476.3726503322873,872.0171545520215,0.9740208411206066,30.281190872192383,0.9585075378417969,0,1,0,0,0,-0.060742543657432986,-0.9510061635487337,-0.8700904226787702,0,0,0,0,41,False,False,
53,2,1504.0459852540182,860.87550647278,0.0,0.0,-0.07364954799413681,0,1,0,0,0,0.18531981358975586,-0.8736779209069417,0.03407164589994638,53,0,0,0,41,False,False,
53,3,1433.1689633457438,867.2131219281898,1.899481551648668,60.31781005859375,3.3100154399871826,0,2,0,1,1,0.2787239316513333,-0.9694368829076545,-0.38358779040562996,0,0,0,0,41,False,False,
53,4,1472.1730891938491,873.2957889268639,0.9778429080186289,30.412633895874023,0.9383231401443481,0,1,0,0,0,-0.10839573684934672,-0.9620474515494283,-0.7462649861648579,0,0,0,0,41,False,False,
53,5,1501.4276527322813,861.5523521764429,0.0,7.684458255767822,0.4039551019668579,0,1,0,0,0,0.14834282368123392,-0.8808889064902505,-0.047085678401067144,25,0,0,0,41,False,False,
53,6,1445.4231251230399,877.1792110976305,1.90455288266024,60.44982147216797,3.459287643432617,0,2,0,1,1,-0.1516602963792454,-0.9389170253949813,-0.4006186965316838,0,0,0,0,41,False,False,
53,7,1438.443603361608,874.5450391585864,1.9040766294475113,60.36797332763672,3.5376739501953125,0,2,0,1,1,-0.1097517129848787,-0.9584575531209217,-0.7283770090228292,0,0,0,0,41,False,False,
54,0,1448.674980333243,874.6801316923671,1.9007236644196461,61.414955139160156,3.565889358520508,0,2,0,1,1,-0.056829914649538044,-0.931287147476852,-0.6946592315141428,0,0,0,0,42,False,False,
54,1,1475.3922042994604,872.1093051449077,0.9847670562398522,31.265981674194336,0.9781674146652222,0,1,0,0,0,-0.06366088256062438,-0.9536198521543966,-0.8658824932825322,0,0,0,0,42,False,False,
54,2,1504.0459852540182,860.87550647278,0.0,0.0,-0.07503737509250641,0,1,0,0,0,0.18531981358975586,-0.8736779209069417,0.03407164589994638,54,0,0,0,42,False,False,
54,3,1431.2526569052193,867.2939715188433,1.9180112174605493,62.23577117919922,3.3254663944244385,0,2,0,1,1,0.33143476325246296,-0.9739798609080714,-0.38999921445162034,0,0,0,0,42,False,False,
54,4,1471.1875335460454,873.373255888342,0.9885955012229911,31.401268005371094,0.9567835927009583,0,1,0,0,0,-0.11599102724487567,-0.9646431859827204,-0.7438529124120417,0,0,0,0,42,False,False,
54,5,1501.4276527322813,861.5523521764429,0.0,7.684458255767822,0.403988242149353,0,1,0,0,0,0.14834282368123392,-0.8808889064902505,-0.047085678401067144,26,0,0,0,42,False,False,
54,6,1443.5008333494675,877.2419198376497,1.9233143395759857,62.373085021972656,3.4790830612182617,0,2,0,1,1,-0.1654685896404443,-0.9438876643083662,-0.396388512789974,0,0,0,0,42,False,False,
54,7,1436.522321164966,874.6234523386162,1.9228816671693443,62.290836334228516,3.5585227012634277,0,2,0,1,1,-0.12512939057683575,-0.9634985257374623,-0.7222657970977704,0,0,0,0,42,False,False,
55,0,1446.7561554135184,874.690859922364,1.9188549104804484,63.33380889892578,3.588371515274048,0,2,0,1,1,-0.06210465436208526,-0.936381564748793,-0.6966572915412448,0,0,0,0,43,False,False,
55,1,1474.401194716425,872.2016795437991,0.9953054924186345,32.2612419128418,0.9977807998657227,0,1,0,0,0,-0.0669970077102827,-0.9562600404846858,-0.8617265478647663,0,0,0,0,43,False,False,
55,2,1504.0459852540182,860.87550647278,0.0,0.0,-0.07642520219087601,0,1,0,0,0,0.18531981358975586,-0.8736779209069417,0.03407164589994638,55,0,0,0,43,False,False,
55,3,1429.31833434312,867.3766385194258,1.936088222998188,64.17186737060547,3.3389906883239746,0,2,0,1,1,0.4065590554691416,-0.9783079489946067,-0.39660067945932775,0,0,0,0,43,False,False,
55,4,1470.1914151096667,873.4508935224206,0.999139400443658,32.40038299560547,0.9750657677650452,0,1,0,0,0,-0.12492590239922569,-0.9672601743810858,-0.7414928083446048,0,0,0,0,43,False,False,
55,5,1501.4276527322813,861.5523521764429,0.0,7.684458255767822,0.40402138233184814,0,1,0,0,0,0.14834282368123392,-0.8808889064902505,-0.047085678401067144,27,0,0,0,43,False,False,
55,6,1441.560230525857,877.3053955471347,1.9416406682751073,64.3147964477539,3.498490810394287,0,2,0,1,1,-0.1821016491146098,-0.9488741949456221,-0.3921069882589675,0,0,0,0,43,False,False,
55,7,1434.5827108358594,874.7027009555225,1.9412286243660946,64.23202514648438,3.5788867473602295,0,2,0,1,1,-0.14563416619343267,-0.9685590736157321,-0.7160887226011416,0,0,0,0,43,False,False,
56,0,1444.8196364736366,874.7036696795757,1.9365613066466985,65.27037811279297,3.6107442378997803,0,2,0,1,1,-0.0682893808119401,-0.9415184584317183,-0.698435809663114,0,0,0,0,44,False,False,
56,1,1473.3998242339276,872.2942417204921,1.0056393984780099,33.2669792175293,1.0173357725143433,0,1,0,0,0,-0.0708422162831438,-0.9589264234540549,-0.8576062922996934,0,0,0,0,44,False,False,
56,2,1504.0459852540182,860.87550647278,0.0,0.0,-0.0778130292892456,0,1,0,0,0,0.18531981358975586,-0.8736779209069417,0.03407164589994638,56,0,0,0,44,False,False,
56,3,1427.3664401031908,867.4611304869153,1.9537220929392403,66.12559509277344,3.3496294021606445,0,2,0,1,1,0.5178968665334174,-0.982219864167115,-0.40338526757184257,0,0,0,0,44,False,False,
56,4,1469.1849374808262,873.5286706716855,1.0094783317654217,33.40985870361328,0.993129551410675,0,1,0,0,0,-0.13557161722609534,-0.969896216551372,-0.7391838735493511,0,0,0,0,44,False,False,
56,5,1501.4276527322813,861.5523521764429,0.0,7.684458255767822,0.40405452251434326,0,1,0,0,0,0.14834282368123392,-0.8808889064902505,-0.047085678401067144,28,0,0,0,44,False,False,
56,6,1439.601757784761,877.3695927843692,1.9595246267613728,66.27422332763672,3.5174121856689453,0,2,0,1,1,-0.20249635961698814,-0.9538633777678021,-0.3877668048751567,0,0,0,0,44,False,False,
56,7,1432.6252136762134,874.7827561864195,1.9591334742726998,66.1911849975586,3.5985474586486816,0,2,0,1,1,-0.17426644555727963,-0.9736206962632594,-0.709838496055621,0,0,0,0,44,False,False,
57,0,1442.8658512166796,874.7185800927954,1.9538421509233173,67.22416687011719,3.6329760551452637,0,2,0,1,1,-0.0756610012761055,-0.9466950858540273,-0.7000019324261451,0,0,0,0,45,False,False,
57,1,1472.3882951713892,872.3869548794935,1.0157690555494387,34.28269577026367,1.0368177890777588,0,1,0,0,0,-0.07530502013395461,-0.9616173112945755,-0.8535526425470155,0,0,0,0,45,False,False,
57,2,1504.0459852540182,860.87550647278,0.0,0.0,-0.0792008563876152,0,1,0,0,0,0.18531981358975586,-0.8736779209069417,0.03407164589994638,57,0,0,0,45,False,False,
57,3,1425.3974047066488,867.5474491450705,1.9709265089244612,68.09648132324219,3.3559014797210693,0,2,0,1,1,0.6851000771409237,-0.9853270740995987,-0.410360125335559,0,0,0,0,45,False,False,
57,4,1468.1683013217428,873.6065576252682,1.0196153478122016,34.429439544677734,1.0109223127365112,0,1,0,0,0,-0.14843731886426212,-0.9725480823245568,-0.7369333689174171,0,0,0,0,45,False,False,
57,5,1501.4276527322813,861.5523521764429,0.0,7.684458255767822,0.4040876626968384,0,1,0,0,0,0.14834282368123392,-0.8808889064902505,-0.047085678401067144,29,0,0,0,45,False,False,
57,6,1437.625857029096,877.4344791720328,1.9769658670652703,68.2512435913086,3.5357069969177246,0,2,0,1,1,-0.22804839310996006,-0.9588377733948691,-0.3833682485003973,0,0,0,0,45,False,False,
57,7,1430.650271562022,874.8635468294655,1.9765939093324871,68.16780853271484,3.6171321868896484,0,2,0,1,1,-0.21678781840777597,-0.978647864746947,-0.7035443325428681,0,0,0,0,45,False,False,
58,0,1440.8952085957133,874.7355995479286,1.9707161138586797,69.19482421875,3.6550211906433105,0,2,0,1,1,-0.0846189129308262,-0.9519083578499911,-0.7013341058464124,0,0,0,0,46,False,False,
58,1,1471.3668096150711,872.4797799721905,1.0256945157311357,35.30839157104492,1.056207537651062,0,1,0,0,0,-0.08053430070475669,-0.9643321877434026,-0.8495501191872421,0,0,0,0,46,False,False,
58,2,1504.0459852540182,860.87550647278,0.0,0.0,-0.0805886834859848,0,1,0,0,0,0.18531981358975586,-0.8736779209069417,0.03407164589994638,58,0,0,0,46,False,False,
58,3,1423.411680792934,867.6356224865419,1.9876805577467915,70.08428192138672,3.3560571670532227,0,2,0,1,1,0.9180079521735113,-0.9869819616240286,-0.41753257081398476,0,0,0,1,46,False,False,
58,4,1467.1417038777392,873.6845259338412,1.0295539661310293,35.459007263183594,1.0283735990524292,0,1,0,0,0,-0.1642636662245069,-0.9752116611667961,-0.7347486125123106,0,0,0,0,46,False,False,
58,5,1501.4276527322813,861.5523521764429,0.0,7.684458255767822,0.4041208028793335,0,1,0,0,0,0.14834282368123392,-0.8808889064902505,-0.047085678401067144,30,0,0,0,46,False,False,
58,6,1435.6329578411505,877.5000275355815,1.993976870798207,70.2452392578125,3.5531790256500244,0,2,0,1,1,-0.26085600365537026,-0.9637695243462098,-0.3789257837445914,0,0,0,0,46,False,False,
58,7,1428.6583138158226,874.9450249370199,1.993623420973644,70.16141510009766,3.6339492797851562,0,2,0,1,1,-0.2856872316271127,-0.9835627080183537,-0.697184134941432,0,0,0,0,46,False,False,
59,0,1438.9080423774806,874.7546599170522,1.9872576271223812,71.18209838867188,3.676814079284668,0,2,0,1,1,-0.09573671402368847,-0.9571545048957871,-0.7024538553216557,0,0,0,0,47,False,False,
59,1,1470.3355616434812,872.5726800688348,1.0354239744494618,36.34381866455078,1.0754809379577637,0,1,0,0,0,-0.0867301681139515,-0.9670697117572806,-0.8456068978694488,0,0,0,0,47,False,False,
59,2,1504.0459852540182,860.87550647278,0.0,0.0,-0.0819765105843544,0,1,0,0,0,0.18531981358975586,-0.8736779209069417,0.03407164589994638,59,0,0,0,47,False,False,
59,3,1421.4097038631694,867.7256881908972,2.004001860879986,72.08826446533203,3.354055166244507,0,2,0,1,1,1.0,-0.9865808044629167,-0.4200239712317776,0,0,0,2,47,False,False,
59,4,1466.0776672935644,873.7646111307014,1.067046152337597,36.52610397338867,1.0454460382461548,0,1,0,0,0,-0.18474607883890964,-0.9779516517265681,-0.7325711741707119,0,0,0,0,47,False,False,
59,5,1501.4276527322813,861.5523521764429,0.0,7.684458255767822,0.4041539430618286,0,1,0,0,0,0.14834282368123392,-0.8808889064902505,-0.047085678401067144,31,0,0,0,47,False,False,
59,6,1433.6234687082283,877.5661666691367,2.0105772704176132,72.25585174560547,3.569539785385132,0,2,0,1,1,-0.30423291261001595,-0.9686144657114002,-0.3744392390906254,0,0,0,0,47,False,False,
59,7,1426.6497710201445,875.0271453064445,2.0102208627771594,72.17163848876953,3.6474809646606445,0,2,0,1,1,-0.41156171082896614,-0.9881618509051409,-0.6907729109987407,0,0,0,0,47,False,False,
60,0,1436.9047564524103,874.7757237429487,2.0033966612594787,73.18550109863281,3.698287010192871,0,2,0,1,1,-0.1099689429336498,-0.9624272589004172,-0.7033612094380608,0,0,0,0,48,False,False,
60,1,1469.2947411907357,872.6656202097906,1.0449617622927732,37.38873291015625,1.0946083068847656,0,1,0,0,0,-0.0941719352267152,-0.9698282732175629,-0.8417212634225005,0,0,0,0,48,False,False,
60,2,1504.0459852540182,860.87550647278,0.0,0.0,-0.083364337682724,0,1,0,0,0,0.18531981358975586,-0.8736779209069417,0.03407164589994638,60,0,0,0,48,False,False,
60,3,1419.3918926667836,867.8176825426967,2.0199071723777,74.10818481445312,5.876026153564453,0,3,1,2,2,0.09289422244178903,-0.9133718730137074,-0.4208294727689711,0,0,0,0,48,False,False,
60,4,1464.976939269829,873.8466872570204,1.1037837980093825,37.62986755371094,1.0619699954986572,0,1,0,0,0,-0.21210756775923933,-0.980754173188955,-0.7304018828920027,0,0,0,0,48,False,False,
60,5,1501.4276527322813,861.5523521764429,0.0,7.684458255767822,0.40418708324432373,0,1,0,0,0,0.14834282368123392,-0.8808889064902505,-0.047085678401067144,32,0,0,0,48,False,False,
60,6,1431.5977899212342,877.6328627222857,2.0267764828869987,74.28258514404297,3.5843703746795654,0,2,0,1,1,-0.3635888839733171,-0.9732975995721542,-0.36990895757272635,0,0,0,0,48,False,False,
60,7,1424.625045294144,875.1098872686828,2.026415677456907,74.19810485839844,6.170736312866211,0,3,1,2,2,-0.045027762034485226,-0.9009557702750959,-0.6843250967385106,0,0,0,0,48,False,False,
61,0,1434.885722724704,874.7987471764562,2.0191649937799747,75.20467376708984,3.719302177429199,0,2,0,1,1,-0.1288832664716842,-0.9677173375757405,-0.7040492503387177,0,0,0,0,49,False,False,
61,1,1468.2445333375733,872.7585681175728,1.0543129745977062,38.4431266784668,1.1135501861572266,0,1,0,0,0,-0.10324921234753093,-0.9726065298019063,-0.8379095528514549,0,0,0,0,49,False,False,
61,2,1504.0459852540182,860.87550647278,0.0,0.0,-0.0847521647810936,0,1,0,0,0,0.18531981358975586,-0.8736779209069417,0.03407164589994638,61,0,0,0,49,False,False,
61,3,1417.358166768552,867.9111472217363,2.03587246048605,76.1440200805664,5.897832870483398,0,3,0,2,2,0.09883080807144513,-0.9187395438350974,-0.4217306236831059,0,0,0,0,49,False,False,
61,4,1463.8403309220646,873.9305987455062,1.1397015723897406,38.76955795288086,1.0776783227920532,0,1,0,0,0,-0.25015880681270475,-0.9835969203358917,-0.7282682671728937,0,0,0,0,49,False,False,
61,5,1501.4276527322813,861.5523521764429,0.0,7.684458255767822,0.40422022342681885,0,1,0,0,0,0.14834282368123392,-0.8808889064902505,-0.047085678401067144,33,0,0,0,49,False,False,
61,6,1429.556327119029,877.700089497874,2.042569414277958,76.3251953125,3.5970020294189453,0,2,0,1,1,-0.44784009346699727,-0.9776850032024731,-0.36534946097316756,0,0,0,0,49,False,False,
61,7,1422.5846180048295,875.1931396959502,2.0421249936342414,76.2402114868164,6.193963050842285,0,3,0,2,2,-0.04760169056568581,-0.906386997632845,-0.6794907153784416,0,0,0,0,49,False,False,
62,0,1432.851283640329,874.8236579144408,2.034591588722306,77.23925018310547,3.739659309387207,0,2,0,1,1,-0.15526133122284463,-0.9730089182723047,-0.7045470215881731,0,0,0,0,50,False,False,
62,1,1467.1851207070558,872.8514929539435,1.0634802052292958,39.50652313232422,1.1322542428970337,0,1,0,0,0,-0.11454652456080415,-0.9754011601247576,-0.8341562724437289,0,0,0,0,50,False,False,
62,2,1504.0459852540182,860.87550647278,0.0,0.0,-0.0861399918794632,0,1,0,0,0,0.18531981358975586,-0.8736779209069417,0.03407164589994638,62,0,0,0,50,False,False,
62,3,1415.3089750359538,868.0058451528429,2.0513786717972438,78.19540405273438,5.9195475578308105,0,3,0,2,2,0.10575498922811416,-0.9241396381792008,-0.4227049552323182,0,0,0,0,50,False,False,
62,4,1462.6685466597319,874.0162149577168,1.174907865853325,39.944435119628906,1.0921496152877808,0,1,0,0,0,-0.30596793376819403,-0.9864390532430318,-0.7261720421845197,0,0,0,0,50,False,False,
62,5,1501.4276527322813,861.5523521764429,0.0,7.684458255767822,0.40425336360931396,0,1,0,0,0,0.14834282368123392,-0.8808889064902505,-0.047085678401067144,34,0,0,0,50,False,False,
62,6,1427.4994772845178,877.7678256932029,2.057964876737746,78.38307189941406,3.6063928604125977,0,2,0,1,1,-0.5709319862830367,-0.9815256464365671,-0.3607531453665852,0,0,0,0,50,False,False,
62,7,1420.5288632297434,875.2768509427971,2.057458448702753,78.29769897460938,6.217166423797607,0,3,0,2,2,-0.05050785885429529,-0.911857385984933,-0.6798642510653785,0,0,0,0,50,False,False,
63,0,1430.8018318694174,874.850427169883,2.0496265889986867,79.28886413574219,3.759019374847412,0,2,0,1,1,-0.1945982898590728,-0.9782713750411176,-0.7048543516693131,0,0,0,0,51,False,False,
63,1,1466.1166848873181,872.9443635813327,1.072464476954961,40.57902908325195,1.1506472826004028,0,1,0,0,0,-0.1289334662626642,-0.9782094696905267,-0.8304842053892278,0,0,0,0,51,False,False,
63,2,1504.0459852540182,860.87550647278,0.0,0.0,-0.0875278189778328,0,1,0,0,0,0.18531981358975586,-0.8736779209069417,0.03407164589994638,63,0,0,0,51,False,False,
63,3,1413.2447128093213,868.1016394367095,2.066483749058552,80.26183319091797,5.94109582901001,0,3,0,2,2,0.11385945805288283,-0.9295685399704561,-0.42373039888134256,0,0,0,0,51,False,False,
63,4,1461.4623044327234,874.1034083242234,1.2093895126803895,41.15387725830078,1.1046124696731567,0,1,0,0,0,-0.39348696292043994,-0.9891969883581009,-0.7241342473594654,0,0,0,0,51,False,False,
63,5,1501.4276527322813,861.5523521764429,0.0,7.684458255767822,0.4042865037918091,0,1,0,0,0,0.14834282368123392,-0.8808889064902505,-0.047085678401067144,35,0,0,0,51,False,False,
63,6,1425.4276645352443,877.8360091820457,2.0729344071153957,80.45609283447266,6.128720283508301,0,3,1,2,2,-0.08511314957918835,-0.8983437195286818,-0.3561277861954566,0,0,0,0,51,False,False,
63,7,1418.4582120928535,875.3609245952616,2.072357235068798,80.36996459960938,6.240324020385742,0,3,0,2,2,-0.05380148496810509,-0.9173649344187859,-0.6802743198974831,0,0,0,0,51,False,False,
64,0,1428.7377406844998,874.8790408381569,2.064289505293887,81.3531494140625,3.7767043113708496,0,2,0,1,1,-0.25904779030583996,-0.9834361477586164,-0.7049568045584218,0,0,0,0,52,False,False,
64,1,1465.0394035914833,873.0371495824681,1.0812697315482729,41.66029357910156,1.1686217784881592,0,1,0,0,0,-0.14782474732369338,-0.9810255321892556,-0.8268624357282497,0,0,0,0,52,False,False,
64,2,1504.0459852540182,860.87550647278,0.0,0.0,-0.08891564607620239,0,1,0,0,0,0.18531981358975586,-0.8736779209069417,0.03407164589994638,64,0,0,0,52,False,False,
64,3,1411.1657761905522,868.1984608550279,2.0811900086019106,82.34307098388672,5.962430000305176,0,3,0,2,2,0.12341755777447772,-0.9350226678384608,-0.4248143870384289,0,0,0,0,52,False,False,
64,4,1460.2223130934503,874.1920552842281,1.2431559857839243,42.39703369140625,1.1136049032211304,0,1,0,0,0,-0.5410776138474703,-0.9916759935359654,-0.7221475932204088,0,0,0,0,52,False,False,
64,5,1501.4276527322813,861.5523521764429,0.0,7.684458255767822,0.4043196439743042,0,1,0,0,0,0.14834282368123392,-0.8808889064902505,-0.047085678401067144,36,0,0,0,52,False,False,
64,6,1423.3412391000388,877.9046596191571,2.087554545200684,82.54364776611328,6.1509575843811035,0,3,0,2,2,-0.09002250008605743,-0.9038579922462834,-0.35146555084493336,0,0,0,0,52,False,False,
64,7,1416.3730291767863,875.4453071076074,2.0868895998227233,82.45687866210938,6.263428688049316,0,3,0,2,2,-0.05758949083015447,-0.9229088037160672,-0.6807209218747552,0,0,0,0,52,False,False,
65,0,1426.6593747901907,874.9094927878155,2.0785889713615617,83.4317398071289,3.791203498840332,0,2,0,1,1,-0.38001833817504826,-0.9883161649948184,-0.7048689877963287,0,0,0,0,53,False,False,
65,1,1463.95348356986,873.1297965801684,1.089865018956533,42.75017547607422,1.1860088109970093,0,1,0,0,0,-0.17357752534287305,-0.9838406700144905,-0.8233291831909113,0,0,0,0,53,False,False,
65,2,1504.0459852540182,860.87550647278,0.0,0.0,-0.09030347317457199,0,1,0,0,0,0.18531981358975586,-0.8736779209069417,0.03407164589994638,65,0,0,0,53,False,False,
65,3,1409.0725321694981,868.2962589506617,2.095527379727683,84.43861389160156,5.983501434326172,0,3,0,2,2,0.13483388358895418,-0.9404965271124509,-0.4259275902771751,0,0,0,0,53,False,False,
65,4,1458.9492722245263,874.2820358448563,1.2762168919278518,43.67327880859375,3.6338248252868652,0,2,1,1,1,-0.07645474319126606,-0.9040177050542026,-0.7202421524345768,0,0,0,0,53,False,False,
65,5,1501.4276527322813,861.5523521764429,0.0,7.684458255767822,0.4043527841567993,0,1,0,0,0,0.14834282368123392,-0.8808889064902505,-0.047085678401067144,37,0,0,0,53,False,False,
65,6,1421.2405687814767,877.9737801260038,2.101807182344515,84.64537048339844,6.173094272613525,0,3,0,2,2,-0.09557305121533975,-0.9094032090529199,-0.353194214659156,0,0,0,0,53,False,False,
65,7,1414.2736766992327,875.5299639991064,2.1010586889205034,84.55795288085938,6.286458969116211,0,3,0,2,2,-0.06199773111596111,-0.9284870383042921,-0.6812041141695662,0,0,0,0,53,False,False,
66,0,1424.5670911469385,874.9417816474551,2.092532774958859,85.52427673339844,6.3151679039001465,0,3,1,2,2,-0.025995012408002872,-0.9011223982783404,-0.704576293842204,0,0,0,0,54,False,False,
66,1,1462.8590830495652,873.2222708349688,1.098300499236229,43.84843444824219,1.2025529146194458,0,1,0,0,0,-0.21054902564633646,-0.9866386572469522,-0.8198771440067976,0,0,0,0,54,False,False,
66,2,1504.0459852540182,860.87550647278,0.0,0.0,-0.09169130027294159,0,1,0,0,0,0.18531981358975586,-0.8736779209069417,0.03407164589994638,66,0,0,0,54,False,False,
66,3,1406.9652639447313,868.3948883948195,2.1095751084913905,86.5482177734375,6.00423002243042,0,3,0,2,2,0.14871416437790874,-0.9459836026017261,-0.4270773266610889,0,0,0,0,54,False,False,
66,4,1457.6435026940699,874.373435608906,1.3089644699291847,44.98213577270508,3.6540369987487793,0,2,0,1,1,-0.07888169027018219,-0.9074822084915031,-0.7160667684106183,0,0,0,0,54,False,False,
66,5,1501.4276527322813,861.5523521764429,0.0,7.684458255767822,0.40438592433929443,0,1,0,0,0,0.14834282368123392,-0.8808889064902505,-0.047085678401067144,38,0,0,0,54,False,False,
66,6,1419.1260076260712,878.0433585491554,2.1157055647981617,86.76113891601562,6.195101261138916,0,3,0,2,2,-0.10189181007654421,-0.9149776102214894,-0.3555601788946362,0,0,0,0,54,False,False,
66,7,1412.1605112693208,875.6148701730516,2.1148704907273994,86.67281341552734,6.309391498565674,0,3,0,2,2,-0.06719432081243516,-0.9340977603626595,-0.6817317865691352,0,0,0,0,54,False,False,
67,0,1422.4611425964463,874.9757985798906,2.1062232666581906,87.63050842285156,6.339108467102051,0,3,0,2,2,-0.0280457788326948,-0.9067338776500423,-0.7061517071155475,0,0,0,0,55,False,False,
67,1,1461.7563681690024,873.3145415253207,1.106568564578331,44.9550666809082,1.2177820205688477,0,1,0,0,0,-0.26744845843286763,-0.9893874388247834,-0.8165119210682817,0,0,0,0,55,False,False,
67,2,1504.0459852540182,860.87550647278,0.0,0.0,-0.09307912737131119,0,1,0,0,0,0.18531981358975586,-0.8736779209069417,0.03407164589994638,67,0,0,0,55,False,False,
67,3,1404.8443398048112,868.4942918833708,2.1232522838399697,88.67139434814453,6.024543762207031,0,3,0,2,2,0.16586639465142494,-0.951473994745684,-0.42824964613160876,0,0,0,0,55,False,False,
67,4,1456.3057446012715,874.4662387323715,1.3409732042708775,46.3231201171875,3.674318790435791,0,2,0,1,1,-0.0816330753001959,-0.9110299318492608,-0.7072328938264474,0,0,0,0,55,False,False,
67,5,1501.4276527322813,861.5523521764429,0.0,7.684458255767822,0.40441906452178955,0,1,0,0,0,0.14834282368123392,-0.8808889064902505,-0.047085678401067144,39,0,0,0,55,False,False,
67,6,1416.9979338225203,878.1133520711243,2.1292245552025357,88.89034271240234,6.2169508934021,0,3,0,2,2,-0.10913598650941164,-0.9205777684619011,-0.35794804014826853,0,0,0,0,55,False,False,
67,7,1410.033881550701,875.7000066512426,2.128333192908402,88.80110168457031,6.332197666168213,0,3,0,2,2,-0.07340978928591539,-0.9397387440343434,-0.6822959921138718,0,0,0,0,55,False,False,
68,0,1420.3418830743321,875.0114896307624,2.119560042363509,89.75006866455078,6.363040924072266,0,3,0,2,2,-0.030321078908526842,-0.9123800237532453,-0.7125976061013439,0,0,0,0,56,False,False,
68,1,1460.6455022750895,873.4065804948034,1.11467224158598,46.0697135925293,1.2307630777359009,0,1,0,0,0,-0.36372081008380264,-0.9920101802335375,-0.8132279114829907,0,0,0,0,56,False,False,
68,2,1504.0459852540182,860.87550647278,0.0,0.0,-0.09446695446968079,0,1,0,0,0,0.18531981358975586,-0.8736779209069417,0.03407164589994638,68,0,0,0,56,False,False,
68,3,1402.710115272377,868.5944376512492,2.1365728467964353,90.80802154541016,6.044315338134766,0,3,0,2,2,0.18753742548999905,-0.9569544402394002,-0.4294432908965691,0,0,0,0,56,False,False,
68,4,1454.9366779649786,874.5604104603558,1.3723016319169705,47.69549560546875,3.6946187019348145,0,2,0,1,1,-0.08473656784385386,-0.9146585555243482,-0.6982821303294512,0,0,0,0,56,False,False,
68,5,1501.4276527322813,861.5523521764429,0.0,7.684458255767822,0.40445220470428467,0,1,0,0,0,0.14834282368123392,-0.8808889064902505,-0.047085678401067144,40,0,0,0,56,False,False,
68,6,1414.85672323301,878.1836899248982,2.142365562247765,91.0327377319336,6.238612174987793,0,3,0,2,2,-0.11751621945983036,-0.9262006595199669,-0.3603505947012875,0,0,0,0,56,False,False,
68,7,1407.8941206519933,875.7853686849645,2.1414629066223627,90.94257354736328,6.354838848114014,0,3,0,2,2,-0.08097242374963874,-0.9454075688271095,-0.6829034771435722,0,0,0,0,56,False,False,
69,0,1418.2096249343836,875.0487955375071,2.1325844663354454,91.88272094726562,6.3869428634643555,0,3,0,2,2,-0.03286997145588783,-0.9180600058827456,-0.7189258729334904,0,0,0,0,57,False,False,
69,1,1459.5266459118986,873.4983615169936,1.1226145008357322,47.19236755371094,1.2394598722457886,0,1,0,0,0,-0.5461588125032879,-0.9942958254567831,-0.8100251152509244,0,0,0,0,57,False,False,
69,2,1504.0459852540182,860.87550647278,0.0,0.0,-0.09585478156805038,0,1,0,0,0,0.18531981358975586,-0.8736779209069417,0.03407164589994638,69,0,0,0,57,False,False,
69,3,1400.5629577024245,868.6953313336097,2.1495267305490247,92.95748901367188,6.063363075256348,0,3,0,2,2,0.2156781292613854,-0.9624027072077452,-0.4306594615757643,0,0,0,0,57,False,False,
69,4,1453.5369724427392,874.6559026113738,1.4029591226738387,49.09840393066406,3.7149224281311035,0,2,0,1,1,-0.08823526685558565,-0.9183653481610837,-0.6892360604897408,0,0,0,0,57,False,False,
69,5,1501.4276527322813,861.5523521764429,0.0,7.684458255767822,0.4044853448867798,0,1,0,0,0,0.14834282368123392,-0.8808889064902505,-0.047085678401067144,41,0,0,0,57,False,False,
69,6,1412.7027174158231,878.254316458964,2.155163373804487,93.18782806396484,6.260049343109131,0,3,0,2,2,-0.12732682516597277,-0.931841836014522,-0.36279694329061074,0,0,0,0,57,False,False,
69,7,1405.7415753001965,875.8709324591832,2.154245262499156,93.09686279296875,6.377265453338623,0,3,0,2,2,-0.09035846387876821,-0.9511006153365892,-0.6835481242145232,0,0,0,0,57,False,False,
70,0,1416.0647031527144,875.0876877227604,2.1452743534457834,94.02796936035156,6.41080904006958,0,3,0,2,2,-0.03577203113210948,-0.9237722692617047,-0.7251152394899172,0,0,0,0,58,False,False,
70,1,1458.399956842825,873.5898598246283,1.1303982478178387,48.322784423828125,3.759376049041748,0,2,1,1,1,-0.0711798116370561,-0.9055555341882667,-0.8069164533279637,0,0,0,0,58,False,False,
70,2,1504.0459852540182,860.87550647278,0.0,0.0,-0.09724260866641998,0,1,0,0,0,0.18531981358975586,-0.8736779209069417,0.03407164589994638,70,0,0,0,58,False,False,
70,3,1398.4032261294578,868.7970018395775,2.162123345013657,95.11967468261719,6.081425666809082,0,3,0,2,2,0.25350247925910435,-0.9677839547063445,-0.43191159367641563,0,0,0,0,58,False,False,
70,4,1452.1072874792399,874.7526593938138,1.4329553272185391,50.53136444091797,3.7352161407470703,0,2,0,1,1,-0.09219046954576444,-0.9221484263900167,-0.6800802196974141,0,0,0,0,58,False,False,
70,5,1501.4276527322813,861.5523521764429,0.0,7.684458255767822,0.4045184850692749,0,1,0,0,0,0.14834282368123392,-0.8808889064902505,-0.047085678401067144,42,0,0,0,58,False,False,
70,6,1410.5362661081997,878.3251633583913,2.167609409340562,95.3554916381836,6.281205654144287,0,3,0,2,2,-0.13896318760640092,-0.9374966197938515,-0.36527988219747265,0,0,0,0,58,False,False,
70,7,1403.5765979598048,875.956643564,2.1666733205304918,95.26359558105469,6.399405479431152,0,3,0,2,2,-0.10229387668372789,-0.9568128731193657,-0.6842293330168271,0,0,0,0,58,False,False,
71,0,1413.9074276231372,875.1281354182736,2.157654681960289,96.18557739257812,6.434621810913086,0,3,0,2,2,-0.03911438697075103,-0.9295158509275201,-0.7311949494384702,0,0,0,0,59,False,False,
71,1,1457.2654256189956,873.6811873091135,1.1382011277742416,49.46097946166992,3.779229164123535,0,2,0,1,1,-0.07307353862917251,-0.9085713746557762,-0.7997062169122049,0,0,0,0,59,False,False,
71,2,1504.0459852540182,860.87550647278,0.0,0.0,-0.09863043576478958,0,1,0,0,0,0.18531981358975586,-0.8736779209069417,0.03407164589994638,71,0,0,0,59,False,False,
71,3,1396.2312705774693,868.8994916086891,2.1743723399146813,97.2939682006836,6.098089218139648,0,3,0,2,2,0.3065586531671695,-0.9730348228064921,-0.4331935697548094,0,0,0,0,59,False,False,
71,4,1450.6482723680062,874.8506211664275,1.462300107263023,51.99363327026367,3.755484104156494,0,2,0,1,1,-0.09667538895344276,-0.9260051707613359,-0.6708365621429943,0,0,0,0,59,False,False,
71,5,1501.4276527322813,861.5523521764429,0.0,7.684458255767822,0.40455162525177,0,1,0,0,0,0.14834282368123392,-0.8808889064902505,-0.047085678401067144,43,0,0,0,59,False,False,
71,6,1408.3577031837128,878.3961642631989,2.179719602249905,97.53524017333984,6.302018642425537,0,3,0,2,2,-0.1529855514389889,-0.943157535549806,-0.36779998314558493,0,0,0,0,59,False,False,
71,7,1401.3995091899487,876.0424600058493,2.1787794687679805,97.44229125976562,6.421160697937012,0,3,0,2,2,-0.11796523012273687,-0.9625365286133494,-0.684969029154822,0,0,0,0,59,False,False,
72,0,1411.738087185597,875.1700890767878,2.169746078095475,98.35541534423828,6.458364486694336,0,3,0,2,2,-0.04301962404746418,-0.9352899615642823,-0.7371497377560507,0,0,0,0,60,False,False,
72,1,1456.1232340620652,873.7723803006475,1.1458262147584453,50.60670471191406,3.799093723297119,0,2,0,1,1,-0.07516349413387818,-0.9116060772640102,-0.7907259953509714,0,0,0,0,60,False,False,
72,2,1504.0459852540182,860.87550647278,0.0,0.0,-0.10001826286315918,0,1,0,0,0,0.18531981358975586,-0.8736779209069417,0.03407164589994638,72,0,0,0,60,False,False,
72,3,1394.04743315891,869.0028519538408,2.18628205674593,99.48025512695312,6.112667083740234,0,3,0,2,2,0.38490672138565,-0.9780358455846858,-0.4345267722777576,0,0,0,0,60,False,False,
72,4,1449.1605717750838,874.9497230696827,1.490997733536424,53.48472213745117,3.7757086753845215,0,2,0,1,1,-0.10178593065767877,-0.9299334157961452,-0.6615050878264814,0,0,0,0,60,False,False,
72,5,1501.4276527322813,861.5523521764429,0.0,7.684458255767822,0.40458476543426514,0,1,0,0,0,0.14834282368123392,-0.8808889064902505,-0.047085678401067144,44,0,0,0,60,False,False,
72,6,1406.167355442746,878.4672523942294,2.191501026404522,99.72669982910156,6.322399139404297,0,3,0,2,2,-0.17018956167374882,-0.9488148381970767,-0.3703706816421689,0,0,0,0,60,False,False,
72,7,1399.2106429867467,876.1283181734609,2.190549447162946,99.6328125,6.442368030548096,0,3,0,2,2,-0.13940840760711556,-0.9682599466623857,-0.6857678415245905,0,0,0,0,60,False,False,
73,0,1409.5569677178366,875.2134914645782,2.181551259977424,100.53688049316406,6.482018947601318,0,3,0,2,2,-0.047655876087935665,-0.9410923654716173,-0.7429875514022496,0,0,0,0,61,False,False,
73,1,1454.9735374027734,873.8634559639842,1.153298393668773,51.76008605957031,3.8189287185668945,0,2,0,1,1,-0.07745738820680244,-0.9146598159321033,-0.7817750317506763,0,0,0,0,61,False,False,
73,2,1504.0459852540182,860.87550647278,0.0,0.0,-0.10140608996152878,0,1,0,0,0,0.18531981358975586,-0.8736779209069417,0.03407164589994638,73,0,0,0,61,False,False,
73,3,1391.8520366929183,869.1071269141512,2.1978714498888916,101.67816162109375,6.123973846435547,0,3,0,2,2,0.5069852417707909,-0.9825377811265796,-0.4358965079458733,0,0,0,0,61,False,False,
73,4,1447.6448191734562,875.0498985108035,1.5190592708465005,55.003780364990234,3.795867919921875,0,2,0,1,1,-0.10764856308270762,-0.9339297569471433,-0.652085625230762,0,0,0,0,61,False,False,
73,5,1501.4276527322813,861.5523521764429,0.0,7.684458255767822,0.40461790561676025,0,1,0,0,0,0.14834282368123392,-0.8808889064902505,-0.047085678401067144,45,0,0,0,61,False,False,
73,6,1403.9655378498098,878.5383659558474,2.2029656945146754,101.92963409423828,6.342227458953857,0,3,0,2,2,-0.19177367137491375,-0.9544544424359138,-0.37299254941093596,0,0,0,0,61,False,False,
73,7,1397.0102946883542,876.2141835310908,2.2020230457194807,101.83493041992188,6.462769985198975,0,3,0,2,2,-0.17045385867853863,-0.9739610563633743,-0.6866245409201528,0,0,0,0,61,False,False,
74,0,1407.3643578452322,875.2582916237632,2.1930675109775852,102.72996520996094,6.505557537078857,0,3,0,2,2,-0.05327842840458364,-0.9469221513298879,-0.7487223690218139,0,0,0,0,62,False,False,
74,1,1453.8164873838696,873.9544186149557,1.1606200713917023,52.92063903808594,3.8387258052825928,0,2,0,1,1,-0.07996919549435562,-0.9177311197844216,-0.77286065846792,0,0,0,0,62,False,False,
74,2,1504.0459852540182,860.87550647278,0.0,0.0,-0.10279391705989838,0,1,0,0,0,0.18531981358975586,-0.8736779209069417,0.03407164589994638,74,0,0,0,62,False,False,
74,3,1389.6454107732206,869.2123733967525,2.209134394187292,103.88733673095703,6.130040168762207,0,3,0,2,2,0.7014614205589453,-0.9860098393176634,-0.43733930990432435,0,0,0,0,62,False,False,
74,4,1446.101632392862,875.1510845046399,1.5465005803908993,56.5501823425293,3.8159356117248535,0,2,0,1,1,-0.1144210726836036,-0.9379912000638652,-0.6426078182302796,0,0,0,0,62,False,False,
74,5,1501.4276527322813,861.5523521764429,0.0,7.684458255767822,0.40465104579925537,0,1,0,0,0,0.14834282368123392,-0.8808889064902505,-0.047085678401067144,46,0,0,0,62,False,False,
74,6,1401.7526021673393,878.6093842254915,2.2140749601977974,104.14378356933594,6.361327648162842,0,3,0,2,2,-0.219552011122596,-0.9600549796917752,-0.3756881123661209,0,0,0,0,62,False,False,
74,7,1394.7987558947204,876.3000351746359,2.2132045410324284,104.04814147949219,6.4818878173828125,0,3,0,2,2,-0.21904839630950113,-0.9795932325500489,-0.6875256918342875,0,0,0,0,62,False,False,
75,0,1405.160498013235,875.3043907079992,2.2043419164591485,104.9343032836914,6.528937339782715,0,3,0,2,2,-0.06024916351922734,-0.9527769949214665,-0.7543548195108263,0,0,0,0,63,False,False,
75,1,1452.65223257021,874.0452647803254,1.1677937732716457,54.08848571777344,3.8584787845611572,0,2,0,1,1,-0.08272129179888199,-0.9208201073421123,-0.7639538176450632,0,0,0,0,63,False,False,
75,2,1504.0459852540182,860.87550647278,0.0,0.0,-0.10418174415826797,0,1,0,0,0,0.18531981358975586,-0.8736779209069417,0.03407164589994638,75,0,0,0,63,False,False,
75,3,1387.427858087643,869.3186341480837,2.2200971286377804,106.10740661621094,6.128598690032959,0,3,0,2,2,0.9793278541721463,-0.9875149564947223,-0.4388479744343451,0,0,0,1,63,False,False,
75,4,1444.5316322801384,875.2532112502257,1.5733182215038637,58.123573303222656,3.8358829021453857,0,2,0,1,1,-0.1223179633789818,-0.9421148540186693,-0.6330495125312119,0,0,0,0,63,False,False,
75,5,1501.4276527322813,861.5523521764429,0.0,7.684458255767822,0.4046841859817505,0,1,0,0,0,0.14834282368123392,-0.8808889064902505,-0.047085678401067144,47,0,0,0,63,False,False,
75,6,1399.5288256690242,878.6802412597759,2.2249050842150555,106.36866760253906,6.379459857940674,0,3,0,2,2,-0.256503524203582,-0.9655806924630086,-0.3784567987840123,0,0,0,0,63,False,False,
75,7,1392.5763257213603,876.3858407279233,2.2240859849468757,106.27220916748047,6.498724460601807,0,3,0,2,2,-0.3042734331991988,-0.985042612592735,-0.6884999947973143,0,0,0,0,63,False,False,
76,0,1402.9456888500795,875.3517417109889,2.2153152702677894,107.14965057373047,6.552114009857178,0,3,0,2,2,-0.06918128406836356,-0.9586540916312974,-0.7598922209327947,0,0,0,0,64,False,False,
76,1,1451.4809185570205,874.1359863345187,1.1748220792483184,55.26325607299805,3.878180742263794,0,2,0,1,1,-0.08573793854996742,-0.9239255866202702,-0.7550906565137683,0,0,0,0,64,False,False,
76,2,1504.0459852540182,860.87550647278,0.0,0.0,-0.10556957125663757,0,1,0,0,0,0.18531981358975586,-0.8736779209069417,0.03407164589994638,76,0,0,0,64,False,False,
76,3,1385.1996674968566,869.4259355842845,2.230772715244584,108.338134765625,6.126598358154297,0,3,0,2,2,1.0,-0.986346992238381,-0.44413224518302763,0,0,0,2,64,False,False,
76,4,1442.9354309160713,875.3562041082628,1.5995206542762148,59.72308349609375,3.8556699752807617,0,2,0,1,1,-0.1316139017636576,-0.9462960181222156,-0.6234324908069686,0,0,0,0,64,False,False,
76,5,1501.4276527322813,861.5523521764429,0.0,7.684458255767822,0.4047173261642456,0,1,0,0,0,0.14834282368123392,-0.8808889064902505,-0.047085678401067144,48,0,0,0,64,False,False,
76,6,1397.294482328027,878.7509001533891,2.235460320539172,108.60415649414062,6.396230697631836,0,3,0,2,2,-0.3076401931937249,-0.9709710179737915,-0.38129866583698124,0,0,0,0,64,False,False,
76,7,1390.3432921790402,876.4715663608719,2.2346784299470515,108.50688171386719,6.51082181930542,0,3,0,2,2,-0.47997660054604885,-0.98995380120306,-0.6895321561999492,0,0,0,0,64,False,False,
77,0,1400.720182931564,875.4002778121518,2.2260351179762314,109.37564086914062,6.574997901916504,0,3,0,2,2,-0.0810613422407275,-0.9645488923812435,-0.7653419056443195,0,0,0,0,65,False,False,
77,1,1450.3026881152618,874.226572436105,1.1817075846788387,56.44495391845703,3.8978240489959717,0,2,0,1,1,-0.0890540960454296,-0.9270472750986674,-0.7462494638660895,0,0,0,0,65,False,False,
77,2,1504.0459852540182,860.87550647278,0.0,0.0,-0.10695739835500717,0,1,0,0,0,0.18531981358975586,-0.8736779209069417,0.03407164589994638,77,0,0,0,65,False,False,
77,3,1382.9611402079777,869.5343179631941,2.24114951824151,110.57927703857422,8.649591445922852,0,4,1,3,3,0.07870687219081245,-0.9148468649497733,-0.4496597271986007,0,0,0,0,65,False,False,
77,4,1441.3136339161788,875.4599823479534,1.625113975047092,61.34822463989258,3.8752481937408447,0,2,0,1,1,-0.1426939887381296,-0.9505299721799398,-0.6137717322187923,0,0,0,0,65,False,False,
77,5,1501.4276527322813,861.5523521764429,0.0,7.684458255767822,0.4047504663467407,0,1,0,0,0,0.14834282368123392,-0.8808889064902505,-0.047085678401067144,49,0,0,0,65,False,False,
77,6,1395.0498438312252,878.8213366811856,2.245743370417186,110.84989166259766,6.411012172698975,0,3,0,2,2,-0.3817765433333673,-0.9761121185411042,-0.3842288070310125,0,0,0,0,65,False,False,
77,7,1388.0999798203388,876.557114077264,2.244942928112579,110.75180053710938,9.034564971923828,0,4,1,3,3,-0.05133382089411498,-0.9023117752731218,-0.6906386702712703,0,0,0,0,65,False,False,
78,0,1398.4842649401937,875.4499675568003,2.2364700612475077,111.61215209960938,6.597464084625244,0,3,0,2,2,-0.09769801826479604,-0.970454564306729,-0.7707111488296301,0,0,0,0,66,False,False,
78,1,1449.1176838772303,874.3170084302809,1.1884501307145658,57.633460998535156,3.917400598526001,0,2,0,1,1,-0.09270955977275813,-0.9301845206571318,-0.737430425512233,0,0,0,0,66,False,False,
78,2,1504.0459852540182,860.87550647278,0.0,0.0,-0.10834522545337677,0,1,0,0,0,0.18531981358975586,-0.8736779209069417,0.03407164589994638,78,0,0,0,66,False,False,
78,3,1380.7124614373106,869.6433702380612,2.2513215257494625,112.83069610595703,8.672417640686035,0,4,0,3,3,0.08460384525472761,-0.9208014402509711,-0.4552456965498647,0,0,0,0,66,False,False,
78,4,1439.6668305386847,875.5644662638381,1.6501146180809474,62.99826431274414,3.894556999206543,0,2,0,1,1,-0.1560963818096765,-0.9548099965855952,-0.604067093835755,0,0,0,0,66,False,False,
78,5,1501.4276527322813,861.5523521764429,0.0,7.684458255767822,0.40478360652923584,0,1,0,0,0,0.14834282368123392,-0.8808889064902505,-0.047085678401067144,50,0,0,0,66,False,False,
78,6,1392.7951935760302,878.8915086048091,2.255741978178272,113.10562133789062,6.422746181488037,0,3,0,2,2,-0.4945918413005731,-0.9807768001728429,-0.387239446923629,0,0,0,0,66,False,False,
78,7,1385.8466014523544,876.6424966019999,2.2549953979622144,113.0068359375,9.05825138092041,0,4,0,3,3,-0.05453173970097017,-0.9083045084819461,-0.6887892869953551,0,0,0,0,66,False,False,
79,0,1396.2382089597138,875.5007961640174,2.246631036632759,113.85881805419922,6.61928129196167,0,3,0,2,2,-0.12268836485892254,-0.9763570549907016,-0.7759847283449067,0,0,0,0,67,False,False,
79,1,1447.9260455012425,874.4072777251849,1.1950525363888531,58.82852554321289,3.9368999004364014,0,2,0,1,1,-0.09675153633869134,-0.9333362940521837,-0.7286477487864307,0,0,0,0,67,False,False,
79,2,1504.0459852540182,860.87550647278,0.0,0.0,-0.10973305255174637,0,1,0,0,0,0.18531981358975586,-0.8736779209069417,0.03407164589994638,79,0,0,0,67,False,False,
79,3,1378.4538430847135,869.7528978588947,2.26127246531997,115.0918960571289,8.695116996765137,0,4,0,3,3,0.09155290362197471,-0.9267737597828235,-0.46085327705742496,0,0,0,0,67,False,False,
79,4,1437.99559715582,875.6695790043734,1.674535669439362,64.6728286743164,3.913513422012329,0,2,0,1,1,-0.17259548855459772,-0.9591282316196297,-0.5943256650318799,0,0,0,0,67,False,False,
79,5,1501.4276527322813,861.5523521764429,0.0,7.684458255767822,0.40481674671173096,0,1,0,0,0,0.14834282368123392,-0.8808889064902505,-0.047085678401067144,51,0,0,0,67,False,False,
79,6,1390.5307848302193,878.9613961735533,2.265486976429169,115.37110900878906,8.945667266845703,0,4,1,3,3,-0.08403527199950278,-0.895383255911963,-0.39031520614699045,0,0,0,0,67,False,False,
79,7,1383.5834172139034,876.7277192279607,2.2647882446595755,115.27162170410156,9.081872940063477,0,4,0,3,3,-0.058210815605032926,-0.9143203729599372,-0.686117193298529,0,0,0,0,67,False,False,
80,0,1393.9822816478406,875.5527575862105,2.2565256537100673,116.11527252197266,6.6399946212768555,0,3,0,2,2,-0.16433320342583152,-0.9822248723492062,-0.781185184397477,0,0,0,0,68,False,False,
80,1,1446.727906561723,874.4973657144866,1.2015210211265965,60.030029296875,3.9563100337982178,0,2,0,1,1,-0.10124104525752196,-0.9365018006900894,-0.7199018910676518,0,0,0,0,68,False,False,
80,2,1504.0459852540182,860.87550647278,0.0,0.0,-0.11112087965011597,0,1,0,0,0,0.18531981358975586,-0.8736779209069417,0.03407164589994638,80,0,0,0,68,False,False,
80,3,1376.1855433578921,869.8627708752704,2.2709592093265814,117.36286926269531,8.71762466430664,0,4,0,3,3,0.09980715344689801,-0.9327615390168992,-0.4664758367262277,0,0,0,0,68,False,False,
80,4,1436.3005024978706,875.7752435735546,1.6983847916736396,66.3711929321289,3.9320054054260254,0,2,0,1,1,-0.19334263168040655,-0.9634723438471251,-0.5845551640772728,0,0,0,0,68,False,False,
80,5,1501.4276527322813,861.5523521764429,0.0,7.684458255767822,0.4048498868942261,0,1,0,0,0,0.14834282368123392,-0.8808889064902505,-0.047085678401067144,52,0,0,0,68,False,False,
80,6,1388.256710029013,879.0312207377099,2.2751465164339306,117.64622497558594,8.968459129333496,0,4,0,3,3,-0.08908361504775762,-0.9013943615449711,-0.39346540379759476,0,0,0,0,68,False,False,
80,7,1381.3106745942298,876.8127934801574,2.274334329791529,117.5459213256836,9.105406761169434,0,4,0,3,3,-0.06248472391601278,-0.9203580347104542,-0.6834816613330561,0,0,0,0,68,False,False,
81,0,1391.7167434178962,875.6058511512903,2.2661602763248143,118.38140106201172,6.658495903015137,0,3,0,2,2,-0.24655850387253825,-0.9879674273756891,-0.7862905913830031,0,0,0,0,69,False,False,
81,1,1445.49561860006,874.5893157435811,1.2357137323467644,61.265750885009766,3.9756953716278076,0,2,0,1,1,-0.10637235166434998,-0.9397535481314943,-0.7109948358484031,0,0,0,0,69,False,False,
81,2,1504.0459852540182,860.87550647278,0.0,0.0,-0.11250870674848557,0,1,0,0,0,0.18531981358975586,-0.8736779209069417,0.03407164589994638,81,0,0,0,69,False,False,
81,3,1373.9077880130276,869.9729428436751,2.2804182234145287,119.64324188232422,8.739886283874512,0,4,0,3,3,0.10972644935320974,-0.9387605198080611,-0.4720979961884324,0,0,0,0,69,False,False,
81,4,1434.5820995999386,875.8813881094216,1.7216780134844187,68.09284973144531,3.9498751163482666,0,2,0,1,1,-0.22010877007234816,-0.9678249012476577,-0.5747771163696733,0,0,0,0,69,False,False,
81,5,1501.4276527322813,861.5523521764429,0.0,7.684458255767822,0.4048830270767212,0,1,0,0,0,0.14834282368123392,-0.8808889064902505,-0.047085678401067144,53,0,0,0,69,False,False,
81,6,1385.9732507084457,879.1010752814757,2.2845275498382756,119.93074035644531,8.991138458251953,0,4,0,3,3,-0.09484960675353402,-0.9074230681027777,-0.39370627099726796,0,0,0,0,69,False,False,
81,7,1379.0286238516119,876.8977219379718,2.2836305381627406,119.82960510253906,9.12883186340332,0,4,0,3,3,-0.06749802401856818,-0.9264162749678545,-0.6809046738756452,0,0,0,0,69,False,False,
82,0,1389.4418484804955,875.6600794896401,2.275541185936,120.65695190429688,6.671056747436523,0,3,0,2,2,-0.4654684083769174,-0.9931872691758401,-0.791307652762003,0,0,0,0,70,False,False,
82,1,1444.2298921704032,874.6830248069859,1.2691906016417605,62.53496551513672,3.9950337409973145,0,2,0,1,1,-0.11228049399798769,-0.943088524375842,-0.7019194937546617,0,0,0,0,70,False,False,
82,2,1504.0459852540182,860.87550647278,0.0,0.0,-0.11389653384685516,0,1,0,0,0,0.18531981358975586,-0.8736779209069417,0.03407164589994638,82,0,0,0,70,False,False,
82,3,1371.6207993683438,870.0834183599923,2.2896554108899565,121.93289947509766,8.76184368133545,0,4,0,3,3,0.1218407866376484,-0.9447657948279695,-0.4777206130296062,0,0,0,0,70,False,False,
82,4,1432.8409714324798,875.9879074879003,1.7443834651559649,69.83731842041016,3.966886520385742,0,2,0,1,1,-0.25574111063990335,-0.9721579440987012,-0.5649917791847517,0,0,0,0,70,False,False,
82,5,1501.4276527322813,861.5523521764429,0.0,7.684458255767822,0.4049161672592163,0,1,0,0,0,0.14834282368123392,-0.8808889064902505,-0.047085678401067144,54,0,0,0,70,False,False,
82,6,1383.6806683915834,879.1709943751083,2.293648264063989,122.22441101074219,9.013665199279785,0,4,0,3,3,-0.10146609351014983,-0.9134670754368126,-0.3929519959046287,0,0,0,0,70,False,False,
82,7,1376.737511409315,876.9824983723164,2.2926803674014886,122.1221923828125,9.152121543884277,0,4,0,3,3,-0.07345151018725524,-0.932492549384179,-0.6783715662130954,0,0,0,0,70,False,False,
83,0,1387.157833582076,875.7154323009856,2.2846855341438776,122.94168090820312,9.195556640625,0,4,1,3,3,-0.02819707786971372,-0.9048932965854056,-0.795534920712784,0,0,0,0,71,False,False,
83,1,1442.9314271128044,874.7783930762183,1.301962600300515,63.83692169189453,4.014298915863037,0,2,0,1,1,-0.11913220133119466,-0.9465034771716755,-0.6927124265177806,0,0,0,0,71,False,False,
83,2,1504.0459852540182,860.87550647278,0.0,0.0,-0.11528436094522476,0,1,0,0,0,0.18531981358975586,-0.8736779209069417,0.03407164589994638,83,0,0,0,71,False,False,
83,3,1369.3248056645705,870.1942184559216,2.2986656453310195,124.2315902709961,8.783414840698242,0,4,0,3,3,0.13695567397381928,-0.9507698294598937,-0.48335780882542456,0,0,0,0,71,False,False,
83,4,1431.077625925092,876.0947354235204,1.7665784970539613,71.6038589477539,3.9826879501342773,0,2,0,1,1,-0.3050778366970096,-0.9764229453888569,-0.5552066421031292,0,0,0,0,71,False,False,
83,5,1501.4276527322813,861.5523521764429,0.0,7.684458255767822,0.4049493074417114,0,1,0,0,0,0.14834282368123392,-0.8808889064902505,-0.047085678401067144,55,0,0,0,71,False,False,
83,6,1381.379210478875,879.2409866294829,2.3025219737585334,124.52698516845703,9.036008834838867,0,4,0,3,3,-0.10911553890168256,-0.9195236657588649,-0.39223465416375514,0,0,0,0,71,False,False,
83,7,1374.4375664228296,877.0671281113915,2.3015014954578508,124.42367553710938,9.175240516662598,0,4,0,3,3,-0.08063237679512111,-0.9385851226982764,-0.675882366931592,0,0,0,0,71,False,False,
84,0,1384.8649313886774,875.7718935481266,2.2935972490652903,125.23522186279297,9.220024108886719,0,4,0,3,3,-0.03039899795880198,-0.9110028846054198,-0.7964062562353618,0,0,0,0,72,False,False,
84,1,1441.6009185484636,874.8753208395697,1.3340344939665736,65.17089080810547,4.0334601402282715,0,2,0,1,1,-0.12715355364527264,-0.9499946672705806,-0.6833736341377601,0,0,0,0,72,False,False,
84,2,1504.0459852540182,860.87550647278,0.0,0.0,-0.11667218804359436,0,1,0,0,0,0.18531981358975586,-0.8736779209069417,0.03407164589994638,84,0,0,0,72,False,False,
84,3,1367.0200408196793,870.3053899098155,2.3074444917283743,126.53907775878906,8.804479598999023,0,4,0,3,3,0.15631391961400268,-0.9567613269102508,-0.48900964074825826,0,0,0,0,72,False,False,
84,4,1429.2925825229918,876.201809798656,1.788251903170174,73.39209747314453,3.9967005252838135,0,2,0,1,1,-0.37666636108436363,-0.9805314999278875,-0.5454286229817152,0,0,0,0,72,False,False,
84,5,1501.4276527322813,861.5523521764429,0.0,7.684458255767822,0.40498244762420654,0,1,0,0,0,0.14834282368123392,-0.8808889064902505,-0.047085678401067144,56,0,0,0,72,False,False,
84,6,1379.0691089674274,879.3110580384953,2.3111639914885562,126.83810424804688,9.058133125305176,0,4,0,3,3,-0.11805425181930154,-0.9255890165037831,-0.3915246876587605,0,0,0,0,72,False,False,
84,7,1372.129019528967,877.1516130493775,2.3100923067939063,126.73381042480469,9.19814395904541,0,4,0,3,3,-0.08944805696630359,-0.9446908492523419,-0.6734443655084573,0,0,0,0,72,False,False,
85,0,1382.563353912442,875.8294237127946,2.3022963751352834,127.5375747680664,9.244447708129883,0,4,0,3,3,-0.03290363792952778,-0.9171348658615378,-0.7971747529553256,0,0,0,0,73,False,False,
85,1,1440.2390589379152,874.9737050702191,1.3654087504054235,66.536376953125,4.052477836608887,0,2,0,1,1,-0.13664300517793132,-0.9535584283063527,-0.6739104632642932,0,0,0,0,73,False,False,
85,2,1504.0459852540182,860.87550647278,0.0,0.0,-0.11806001514196396,0,1,0,0,0,0.18531981358975586,-0.8736779209069417,0.03407164589994638,85,0,0,0,73,False,False,
85,3,1364.7067649690903,870.4169908309648,2.3159663051347126,128.85499572753906,8.824865341186523,0,4,0,3,3,0.18195261452582276,-0.9627216417756085,-0.4946830266550172,0,0,0,0,73,False,False,
85,4,1427.4863911160123,876.3090329922936,1.809371220037647,75.20143127441406,4.007938385009766,0,2,0,1,1,-0.48587527356298527,-0.9843058394318956,-0.5356654400906159,0,0,0,0,73,False,False,
85,5,1501.4276527322813,861.5523521764429,0.0,7.684458255767822,0.40501558780670166,0,1,0,0,0,0.14834282368123392,-0.8808889064902505,-0.047085678401067144,57,0,0,0,73,False,False,
85,6,1376.7506033672637,879.38119269126,2.3195661420853115,129.15765380859375,9.07999038696289,0,4,0,3,3,-0.12862116086368536,-0.9316590026569074,-0.39083627513769104,0,0,0,0,73,False,False,
85,7,1369.812086763911,877.2359669585761,2.318467817285053,129.05224609375,9.220767974853516,0,4,0,3,3,-0.10051768661972903,-0.9508049672180678,-0.6710506440867817,0,0,0,0,73,False,False,
86,0,1380.253309443601,875.887970862079,2.310786276727486,129.84837341308594,9.268818855285645,0,4,0,3,3,-0.035786175920074784,-0.9232879869809033,-0.7978408539585521,0,0,0,0,74,False,False,
86,1,1438.84652072168,875.0734472929058,1.3961057247435396,67.93240356445312,4.071301460266113,0,2,0,1,1,-0.14801100438689144,-0.9571889188962932,-0.6643373213349109,0,0,0,0,74,False,False,
86,2,1504.0459852540182,860.87550647278,0.0,0.0,-0.11944784224033356,0,1,0,0,0,0.18531981358975586,-0.8736779209069417,0.03407164589994638,86,0,0,0,74,False,False,
86,3,1362.3852138411849,870.5290640144844,2.3242547274219243,131.17922973632812,8.844304084777832,0,4,0,3,3,0.2173980287608714,-0.9686195393215,-0.5003860850224053,0,0,0,0,74,False,False,
86,4,1425.659543954256,876.4163317552922,1.8299955128246106,77.03148651123047,6.529755592346191,0,3,1,2,2,-0.07760655776981037,-0.8980374081882185,-0.525931300764063,0,0,0,0,74,False,False,
86,5,1501.4276527322813,861.5523521764429,0.0,7.684458255767822,0.4050487279891968,0,1,0,0,0,0.14834282368123392,-0.8808889064902505,-0.047085678401067144,58,0,0,0,74,False,False,
86,6,1374.4239793550469,879.4512808523376,2.3276794548535378,131.48536682128906,9.101516723632812,0,4,0,3,3,-0.14126922643524975,-0.9377276798943511,-0.39017747790487955,0,0,0,0,74,False,False,
86,7,1367.4869991723272,877.3201797609399,2.326612151739043,131.37896728515625,9.243023872375488,0,4,0,3,3,-0.11480004131715052,-0.9569215301636935,-0.6686931127760468,0,0,0,0,74,False,False,
87,0,1377.9350224728487,875.9475042920657,2.319051251707363,132.16737365722656,9.293126106262207,0,4,0,3,3,-0.039153303451646734,-0.9294612429250566,-0.7984268850559769,0,0,0,0,75,False,False,
87,1,1437.4239755502813,875.1744464527367,1.4261260796143957,69.35858917236328,4.08986759185791,0,2,0,1,1,-0.16183793546016684,-0.9608805398445089,-0.6546692446832267,0,0,0,0,75,False,False,
87,2,1504.0459852540182,860.87550647278,0.0,0.0,-0.12083566933870316,0,1,0,0,0,0.18531981358975586,-0.8736779209069417,0.03407164589994638,87,0,0,0,75,False,False,
87,3,1360.0556228632709,870.6416505796916,2.332309983480736,133.51153564453125,8.86234188079834,0,4,0,3,3,0.26919823410352645,-0.9743952098282949,-0.506125676534961,0,0,0,0,75,False,False,
87,4,1423.8125566970837,876.523613898042,1.8501003719553837,78.88164520263672,6.551539897918701,0,3,0,2,2,-0.0811088479056707,-0.9029331019339628,-0.5162266623810257,0,0,0,0,75,False,False,
87,5,1501.4276527322813,861.5523521764429,0.0,7.684458255767822,0.4050818681716919,0,1,0,0,0,0.14834282368123392,-0.8808889064902505,-0.047085678401067144,59,0,0,0,75,False,False,
87,6,1372.0894520513032,879.521250752083,2.335575629003617,133.82089233398438,9.122650146484375,0,4,0,3,3,-0.15668603442506865,-0.9437865529040689,-0.3895699071166224,0,0,0,0,75,False,False,
87,7,1365.1539602725707,877.4042605259474,2.334553508236971,133.71348571777344,9.264778137207031,0,4,0,3,3,-0.1338942696316571,-0.9630293644400385,-0.6663871795302787,0,0,0,0,75,False,False,
88,0,1375.608592978454,876.0078442596703,2.3272118734830674,134.49456787109375,9.317336082458496,0,4,0,3,3,-0.04310684349682232,-0.935654131458319,-0.7989393496048188,0,0,0,0,76,False,False,
88,1,1435.972075617185,875.2766066926184,1.4554896531193364,70.8140869140625,4.108089923858643,0,2,0,1,1,-0.17896098515533998,-0.9646243227052619,-0.644905890275014,0,0,0,0,76,False,False,
88,2,1504.0459852540182,860.87550647278,0.0,0.0,-0.12222349643707275,0,1,0,0,0,0.18531981358975586,-0.8736779209069417,0.03407164589994638,88,0,0,0,76,False,False,
88,3,1357.7182284856115,870.7548002569438,2.3401314762584358,135.85166931152344,8.878164291381836,0,4,0,3,3,0.3505525945281537,-0.9799222281988842,-0.5119018583650554,0,0,0,0,76,False,False,
88,4,1421.9459052175291,876.6308065111936,1.8697267186509816,80.75129699707031,6.573281288146973,0,3,0,2,2,-0.08504529617641639,-0.9078766932228295,-0.5104973618952778,0,0,0,0,76,False,False,
88,5,1501.4276527322813,861.5523521764429,0.0,7.684458255767822,0.405115008354187,0,1,0,0,0,0.14834282368123392,-0.8808889064902505,-0.047085678401067144,60,0,0,0,76,False,False,
88,6,1369.747239663617,879.5910402167844,2.3432518939317344,136.16421508789062,9.14327621459961,0,4,0,3,3,-0.17588225625857173,-0.9498242801405129,-0.38899892664590396,0,0,0,0,76,False,False,
88,7,1362.813193124839,877.4881917073385,2.342271393991077,136.05569458007812,9.285819053649902,0,4,0,3,3,-0.16064015692096392,-0.9691103218771294,-0.6641178366020493,0,0,0,0,76,False,False,
89,0,1373.2742346183009,876.0688789550256,2.3351561377462438,136.8297119140625,9.341452598571777,0,4,0,3,3,-0.04786827309464646,-0.9418652992484,-0.7993928980251863,0,0,0,0,77,False,False,
89,1,1434.4914646865082,875.3798348003454,1.4842050971024514,72.29827117919922,4.125851631164551,0,2,0,1,1,-0.20063438954319332,-0.9684085059794799,-0.6350695267488371,0,0,0,0,77,False,False,
89,2,1504.0459852540182,860.87550647278,0.0,0.0,-0.12361132353544235,0,1,0,0,0,0.18531981358975586,-0.8736779209069417,0.03407164589994638,89,0,0,0,77,False,False,
89,3,1355.3732399981361,870.8685402483394,2.3477452570572837,138.19940185546875,8.890183448791504,0,4,0,3,3,0.4896718106172901,-0.9848982295917689,-0.5177292666397042,0,0,0,0,77,False,False,
89,4,1420.0600597393038,876.7378447643077,1.8888807149664468,82.64019775390625,6.594963073730469,0,3,0,2,2,-0.08950037556619464,-0.9128667631655668,-0.50721623951473,0,0,0,0,77,False,False,
89,5,1501.4276527322813,861.5523521764429,0.0,7.684458255767822,0.40514814853668213,0,1,0,0,0,0.14834282368123392,-0.8808889064902505,-0.047085678401067144,61,0,0,0,77,False,False,
89,6,1367.3975433734543,879.6606111675741,2.3507260098101277,138.5148468017578,9.163249015808105,0,4,0,3,3,-0.20039035582047846,-0.9558222431823957,-0.3884864335108764,0,0,0,0,77,False,False,
89,7,1360.4649973347887,877.571809125064,2.3496840938640426,138.40545654296875,9.305773735046387,0,4,0,3,3,-0.20051488532936143,-0.9751291385405385,-0.6619142990730187,0,0,0,0,77,False,False,
90,0,1370.9321198635303,876.1304887599129,2.3429249438623487,139.1726837158203,9.36542797088623,0,4,0,3,3,-0.053737160452695006,-0.9480933728145978,-0.7998102706277057,0,0,0,0,78,False,False,
90,1,1432.9828139894207,875.4840132961449,1.5122433946984961,73.81053161621094,4.142982482910156,0,2,0,1,1,-0.228805005753697,-0.9722153850505475,-0.6251597824842836,0,0,0,0,78,False,False,
90,2,1504.0459852540182,860.87550647278,0.0,0.0,-0.12499915063381195,0,1,0,0,0,0.18531981358975586,-0.8736779209069417,0.03407164589994638,90,0,0,0,78,False,False,
90,3,1353.0208469499767,870.9828652508331,2.3551694756905333,140.55459594726562,8.895366668701172,0,4,0,3,3,0.7386802328369353,-0.9885455696360651,-0.5235932652318918,0,0,0,0,78,False,False,
90,4,1418.1554878177303,876.8446624454989,1.9075649979651152,84.5477294921875,6.6165666580200195,0,3,0,2,2,-0.09457354185826843,-0.9179007481990433,-0.5040667279325797,0,0,0,0,78,False,False,
90,5,1501.4276527322813,861.5523521764429,0.0,7.684458255767822,0.40518128871917725,0,1,0,0,0,0.14834282368123392,-0.8808889064902505,-0.047085678401067144,62,0,0,0,78,False,False,
90,6,1365.0405571443703,879.7299440459815,2.3580057531989755,140.8729248046875,9.182352066040039,0,4,0,3,3,-0.23266704107179648,-0.9617523374859641,-0.3880251668204032,0,0,0,0,78,False,False,
90,7,1358.1095463759239,877.6550434752269,2.356921122283077,140.76239013671875,9.323965072631836,0,4,0,3,3,-0.26565665911253467,-0.9810058007283423,-0.6597839707652511,0,0,0,0,78,False,False,
91,0,1368.5824655236029,876.1926157732761,2.3504755439972227,141.5231170654297,9.3892240524292,0,4,0,3,3,-0.06120289996267603,-0.9543357308592485,-0.8001910814988721,0,0,0,0,79,False,False,
91,1,1431.4467342809578,875.5890456191148,1.539666411798364,75.35012817382812,4.159239768981934,0,2,0,1,1,-0.26666072762114307,-0.9760162604406137,-0.6151988117751759,0,0,0,0,79,False,False,
91,2,1504.0459852540182,860.87550647278,0.0,0.0,-0.12638698518276215,0,1,0,0,0,0.18531981358975586,-0.8736779209069417,0.03407164589994638,91,0,0,0,79,False,False,
91,3,1350.6612484205893,871.0977701337071,2.3623946224107546,142.91700744628906,8.893366813659668,0,4,0,3,3,1.0,-0.9893564158387534,-0.5282959214488211,0,0,0,1,79,False,False,
91,4,1416.2326600387973,876.9511790928317,1.925775808238164,86.47352600097656,6.638069152832031,0,3,0,2,2,-0.10038967754229462,-0.9229764590420713,-0.5010415090853186,0,0,0,0,79,False,False,
91,5,1501.4276527322813,861.5523521764429,0.0,7.684458255767822,0.40521442890167236,0,1,0,0,0,0.14834282368123392,-0.8808889064902505,-0.047085678401067144,63,0,0,0,79,False,False,
91,6,1362.6764902499078,879.7989991834087,2.3650752405574456,143.23794555664062,9.20025634765625,0,4,0,3,3,-0.276789357810901,-0.9675646320174729,-0.3876150694021131,0,0,0,0,79,False,False,
91,7,1355.747053185082,877.7378136024519,2.3639426750102635,143.1262664794922,9.338838577270508,0,4,0,3,3,-0.38681802385743697,-0.9865252521728004,-0.6577267659201899,0,0,0,0,79,False,False,
92,0,1366.225481692931,876.2552373849776,2.357815566218224,143.88101196289062,9.412771224975586,0,4,0,3,3,-0.0710468555415092,-0.9605896856172287,-0.8005279839889918,0,0,0,0,80,False,False,
92,1,1429.8838378837913,875.6948392134208,1.5664729275897955,76.91669464111328,4.174237251281738,0,2,0,1,1,-0.3196543926211701,-0.9797625730848202,-0.6051941613745062,0,0,0,0,80,False,False,
92,2,1504.0459852540182,860.87550647278,0.0,0.0,-0.12777481973171234,0,1,0,0,0,0.18531981358975586,-0.8736779209069417,0.03407164589994638,92,0,0,0,80,False,False,
92,3,1348.2946573731215,871.2132757809846,2.369408099190147,145.28640747070312,11.416913986206055,0,5,1,4,4,0.07225373080743888,-0.9127345459417114,-0.5301567677851526,0,0,0,0,80,False,False,
92,4,1414.2919971841818,877.0573502666942,1.9435649290527994,88.41710662841797,6.659445285797119,0,3,0,2,2,-0.10712903968158242,-0.9280910019378965,-0.4981405829729473,0,0,0,0,80,False,False,
92,5,1501.4276527322813,861.5523521764429,0.0,7.684458255767822,0.4052475690841675,0,1,0,0,0,0.14834282368123392,-0.8808889064902505,-0.047085678401067144,64,0,0,0,80,False,False,
92,6,1360.3055232975717,879.8677614536836,2.3719638569934665,145.6099090576172,9.216438293457031,0,4,0,3,3,-0.3399466350249554,-0.9731695123344142,-0.38727129193436205,0,0,0,0,80,False,False,
92,7,1353.3776835298058,877.8200986328422,2.3707980490900904,145.49708557128906,9.346528053283691,0,4,0,3,3,-0.6481349664347477,-0.990965355149774,-0.6557573206648506,0,0,0,0,80,False,False,
93,0,1363.8613709513984,876.3183486772467,2.3649529875754642,146.24598693847656,9.435965538024902,0,4,0,3,3,-0.08463192477590964,-0.9668495143572422,-0.8008352283115753,0,0,0,0,81,False,False,
93,1,1428.2947600918042,875.8012794655053,1.5926386144541629,78.50924682617188,4.1873369216918945,0,2,0,1,1,-0.39750363318913995,-0.9833609219294543,-0.5951527205529986,0,0,0,0,81,False,False,
93,2,1504.0459852540182,860.87550647278,0.0,0.0,-0.12916265428066254,0,1,0,0,0,0.18531981358975586,-0.8736779209069417,0.03407164589994638,93,0,0,0,81,False,False,
93,3,1345.9212665669315,871.3291216898709,2.3762163608375864,147.6626434326172,11.440306663513184,0,5,0,4,4,0.0778936176666172,-0.9190272355774846,-0.5320169566392159,0,0,0,0,81,False,False,
93,4,1412.3339242081806,877.1631402544696,1.9609286832669774,90.37796783447266,6.680665016174316,0,3,0,2,2,-0.11501469040860128,-0.9332410090638342,-0.49537915744619254,0,0,0,0,81,False,False,
93,5,1501.4276527322813,861.5523521764429,0.0,7.684458255767822,0.4052807092666626,0,1,0,0,0,0.14834282368123392,-0.8808889064902505,-0.047085678401067144,65,0,0,0,81,False,False,
93,6,1357.9278492556728,879.9362039546628,2.378658913224091,147.98858642578125,9.23000717163086,0,4,0,3,3,-0.43523320899473045,-0.9783878899447356,-0.386978283532196,0,0,0,0,81,False,False,
93,7,1351.0016108876669,877.9018964372927,2.377480195823875,147.8745880126953,11.870784759521484,0,5,1,4,4,-0.047392259194150986,-0.9065875970590973,-0.654894703928874,0,0,0,0,81,False,False,
94,0,1361.4903310411803,876.3819555788668,2.3718929347212097,148.61781311035156,9.458630561828613,0,4,0,3,3,-0.10458200921083163,-0.973105370404434,-0.8011062968163107,0,0,0,0,82,False,False,
94,1,1426.6800814506048,875.9082730674708,1.618219622055945,80.12753295898438,4.1974639892578125,0,2,0,1,1,-0.5177246611871176,-0.9866243179461524,-0.5850892969547823,0,0,0,0,82,False,False,
94,2,1504.0459852540182,860.87550647278,0.0,0.0,-0.13055048882961273,0,1,0,0,0,0.18531981358975586,-0.8736779209069417,0.03407164589994638,94,0,0,0,82,False,False,
94,3,1343.541231145582,871.4451794496966,2.3828634057564937,150.04547119140625,11.463554382324219,0,5,0,4,4,0.08453756183519437,-0.9253299005898729,-0.5338778315617331,0,0,0,0,82,False,False,
94,4,1410.3588784199703,877.2684957808251,1.9778537995667163,92.35587310791016,6.701687812805176,0,3,0,2,2,-0.12434193220464951,-0.9384229911432778,-0.4927572896774255,0,0,0,0,82,False,False,
94,5,1501.4276527322813,861.5523521764429,0.0,7.684458255767822,0.4053138494491577,0,1,0,0,0,0.14834282368123392,-0.8808889064902505,-0.047085678401067144,66,0,0,0,82,False,False,
94,6,1355.5436418353754,880.0043155911709,2.3851801227640714,150.37371826171875,9.239441871643066,0,4,0,3,3,-0.5855197399177768,-0.982842974014244,-0.38675148073582666,0,0,0,0,82,False,False,
94,7,1348.6188566971023,877.983457237625,2.384149680033626,150.2586669921875,11.894951820373535,0,5,0,4,4,-0.05071535167970372,-0.9129263684310899,-0.6571869443917506,0,0,0,0,82,False,False,
95,0,1359.1125547816873,876.4460706282194,2.3786405108299764,150.99649047851562,9.480430603027344,0,4,0,3,3,-0.13666741858140388,-0.9793368698808005,-0.8013403890900023,0,0,0,0,83,False,False,
95,1,1425.0403828588478,876.0157314152442,1.64321598346537,81.77069854736328,6.71877908706665,0,3,1,2,2,-0.0758123302415533,-0.8997480413501916,-0.575011265815736,0,0,0,0,83,False,False,
95,2,1504.0459852540182,860.87550647278,0.0,0.0,-0.13193832337856293,0,1,0,0,0,0.18531981358975586,-0.8736779209069417,0.03407164589994638,95,0,0,0,83,False,False,
95,3,1341.154721243668,871.561374073803,2.3893368750774777,152.4348907470703,11.486604690551758,0,5,0,4,4,0.09244605945470552,-0.9316403325449585,-0.5357161233976442,0,0,0,0,83,False,False,
95,4,1408.3672724044181,877.3733711906299,1.9943654060290728,94.35021209716797,6.722462177276611,0,3,0,2,2,-0.13552416161477746,-0.9436314279675939,-0.49027440794293464,0,0,0,0,83,False,False,
95,5,1501.4276527322813,861.5523521764429,0.0,7.684458255767822,0.40534698963165283,0,1,0,0,0,0.14834282368123392,-0.8808889064902505,-0.047085678401067144,67,0,0,0,83,False,False,
95,6,1353.1530845555912,880.0720721741841,2.391517313855585,152.7653045654297,11.762866973876953,0,5,1,4,4,-0.0790594043153116,-0.9004682664094806,-0.3865901403044292,0,0,0,0,83,False,False,
95,7,1346.229623082642,878.0648964239554,2.390621175664625,152.6493377685547,11.919048309326172,0,5,0,4,4,-0.054617528836310054,-0.9192797564698322,-0.6595309544367075,0,0,0,0,83,False,False,
96,0,1356.7282186869459,876.5106941329846,2.3852116908263823,153.3816375732422,9.500602722167969,0,4,0,3,3,-0.1963210606742627,-0.9854876040092309,-0.8015305729826472,0,0,0,0,84,False,False,
96,1,1423.3762687398996,876.1235415477066,1.6676027181388426,83.43836975097656,6.740087032318115,0,3,0,2,2,-0.07882404046278377,-0.9041626335550419,-0.5649405527401974,0,0,0,0,84,False,False,
96,2,1504.0459852540182,860.87550647278,0.0,0.0,-0.13332615792751312,0,1,0,0,0,0.18531981358975586,-0.8736779209069417,0.03407164589994638,96,0,0,0,84,False,False,
96,3,1338.7619242101077,871.6776295327575,2.395619538981995,154.83041381835938,11.509407043457031,0,5,0,4,4,0.10200377602845188,-0.937954145832871,-0.5375251429795245,0,0,0,0,84,False,False,
96,4,1406.3595051954228,877.4777315774091,2.010477618837387,96.36073303222656,6.742920398712158,0,3,0,2,2,-0.14915029755165835,-0.9488600921238247,-0.4879376587891143,0,0,0,0,84,False,False,
96,5,1501.4276527322813,861.5523521764429,0.0,7.684458255767822,0.40538012981414795,0,1,0,0,0,0.14834282368123392,-0.8808889064902505,-0.047085678401067144,68,0,0,0,84,False,False,
96,6,1350.7563321847174,880.1398647878368,2.3977109429110848,155.16299438476562,11.786131858825684,0,5,0,4,4,-0.08443059976980041,-0.9068095371448142,-0.3880449484608226,0,0,0,0,84,False,False,
96,7,1343.8340907375969,878.1462740615316,2.3969141695219305,155.04623413085938,11.943037986755371,0,5,0,4,4,-0.059228305995791035,-0.9256459979955804,-0.6618969186721877,0,0,0,0,84,False,False,
97,0,1354.3374974749875,876.5758229499886,2.3916081777983997,155.7732696533203,9.516822814941406,0,4,0,3,3,-0.34006532787036703,-0.9913447425698295,-0.8016919277071375,0,0,0,0,85,False,False,
97,1,1421.6882805054813,876.2316205393504,1.6914447516751063,85.12981414794922,6.761379718780518,0,3,0,2,2,-0.08220243560858888,-0.9086373613329862,-0.5596162899178925,0,0,0,0,85,False,False,
97,2,1504.0459852540182,860.87550647278,0.0,0.0,-0.13471399247646332,0,1,0,0,0,0.18531981358975586,-0.8736779209069417,0.03407164589994638,97,0,0,0,85,False,False,
97,3,1336.3629689929637,871.7939607334254,2.4017741530192924,157.23228454589844,11.531900405883789,0,5,0,4,4,0.11374295050769724,-0.9442676070503693,-0.5393195550205746,0,0,0,0,85,False,False,
97,4,1404.3359667464795,877.581550339281,2.02619993822636,98.38695526123047,6.762973785400391,0,3,0,2,2,-0.16607371749136696,-0.9540995286170196,-0.4857404673932818,0,0,0,0,85,False,False,
97,5,1501.4276527322813,861.5523521764429,0.0,7.684458255767822,0.40541326999664307,0,1,0,0,0,0.14834282368123392,-0.8808889064902505,-0.047085678401067144,69,0,0,0,85,False,False,
97,6,1348.3534580526837,880.2077049701242,2.403831604902894,157.56678771972656,11.809257507324219,0,5,0,4,4,-0.09060840594342431,-0.913159270911932,-0.39208103200246347,0,0,0,0,85,False,False,
97,7,1341.4324162345365,878.227646790392,2.403052629397171,157.4493408203125,11.96689224243164,0,5,0,4,4,-0.06474173267665972,-0.9320240350039846,-0.6643067341163433,0,0,0,0,85,False,False,
98,0,1351.9405728974286,876.6414685178376,2.397823340257503,158.171142578125,12.041900634765625,0,5,1,4,4,-0.019937044650756283,-0.9041577860725862,-0.8017943377169677,0,0,0,0,86,False,False,
98,1,1419.9769576240856,876.3398975697743,1.7147448555706624,86.84454345703125,6.782644271850586,0,3,0,2,2,-0.08601411996747098,-0.9131703664348458,-0.5553090949922377,0,0,0,0,86,False,False,
98,2,1504.0459852540182,860.87550647278,0.0,0.0,-0.1361018270254135,0,1,0,0,0,0.18531981358975586,-0.8736779209069417,0.03407164589994638,98,0,0,0,86,False,False,
98,3,1333.957997508149,871.9104132150151,2.4077892397882175,159.6400146484375,11.554004669189453,0,5,0,4,4,0.12849156168534345,-0.9505727402845984,-0.5410993595207949,0,0,0,0,86,False,False,
98,4,1402.297078158334,877.6847583950072,2.0414991005720786,100.42838287353516,6.782496452331543,0,3,0,2,2,-0.18756797620051707,-0.9593359876177182,-0.48369689815874095,0,0,0,0,86,False,False,
98,5,1501.4276527322813,861.5523521764429,0.0,7.684458255767822,0.4054464101791382,0,1,0,0,0,0.14834282368123392,-0.8808889064902505,-0.047085678401067144,70,0,0,0,86,False,False,
98,6,1345.9446039498835,880.2756422275176,2.409811934471173,159.9766845703125,11.832215309143066,0,5,0,4,4,-0.09779829833928867,-0.9195155426929641,-0.3961383836661737,0,0,0,0,86,False,False,
98,7,1339.0247752215637,878.3090307382741,2.409016105035752,159.85830688476562,11.990580558776855,0,5,0,4,4,-0.07142673940636415,-0.9384113682291207,-0.6667531112918521,0,0,0,0,86,False,False,
99,0,1349.5377168025482,876.7077878039975,2.4037711331200398,160.57489013671875,12.06694221496582,0,5,0,4,4,-0.021510128987771774,-0.9105643646383663,-0.8053565194741102,0,0,0,0,87,False,False,
99,1,1418.2428361774348,876.448305492634,1.7375066818498894,88.58206176757812,6.803865432739258,0,3,0,2,2,-0.0903388327725957,-0.9177596451191355,-0.5511048103346607,0,0,0,0,87,False,False,
99,2,1504.0459852540182,860.87550647278,0.0,0.0,-0.1374896615743637,0,1,0,0,0,0.18531981358975586,-0.8736779209069417,0.03407164589994638,99,0,0,0,87,False,False,
99,3,1331.547165338346,872.027023903101,2.4136507211137443,162.05372619628906,11.57559871673584,0,5,0,4,4,0.14757229492738935,-0.9568592754409528,-0.5428645278939996,0,0,0,0,87,False,False,
99,4,1400.2431987984032,877.7873252244581,2.05643876146445,102.48490142822266,6.80131196975708,0,3,0,2,2,-0.2156796487543943,-0.9645491486915085,-0.4817994615048705,0,0,0,0,87,False,False,
99,5,1501.4276527322813,861.5523521764429,0.0,7.684458255767822,0.4054795503616333,0,1,0,0,0,0.14834282368123392,-0.8808889064902505,-0.047085678401067144,71,0,0,0,87,False,False,
99,6,1343.5299373023192,880.3437121160247,2.4156259082440785,162.39231872558594,11.854958534240723,0,5,0,4,4,-0.10625479167107035,-0.9258748332190428,-0.40021105752535335,0,0,0,0,87,False,False,
99,7,1336.611315702624,878.3904551341159,2.41483266124142,162.27313232421875,12.014056205749512,0,5,0,4,4,-0.07969685323577601,-0.9448057576185976,-0.6692141245943763,0,0,0,0,87,False,False,
100,0,1347.129067427499,876.7748416454746,2.4095825425956887,162.98451232910156,12.091960906982422,0,5,0,4,4,-0.02333877033637969,-0.9169860224069661,-0.8095095776871328,0,0,0,0,88,False,False,
100,1,1416.4864605638668,876.5567637215748,1.7597211379537052,90.34175872802734,6.825024604797363,0,3,0,2,2,-0.09527053161409388,-0.9224026882295883,-0.5470029785661924,0,0,0,0,88,False,False,
100,2,1504.0459852540182,860.87550647278,0.0,0.0,-0.1388774961233139,0,1,0,0,0,0.18531981358975586,-0.8736779209069417,0.03407164589994638,100,0,0,0,88,False,False,
100,3,1329.130618356193,872.1438357476226,2.419368579603629,164.47305297851562,11.596498489379883,0,5,0,4,4,0.17317850570705579,-0.9631084218392272,-0.5446302965771015,0,0,0,0,88,False,False,
100,4,1398.1746932606627,877.8892282716313,2.071014097172285,104.55589294433594,6.819152355194092,0,3,0,2,2,-0.25376760703804724,-0.969703698449012,-0.48007085486301904,0,0,0,0,88,False,False,
100,5,1501.4276527322813,861.5523521764429,0.0,7.684458255767822,0.4055126905441284,0,1,0,0,0,0.14834282368123392,-0.8808889064902505,-0.047085678401067144,72,0,0,0,88,False,False,
100,6,1341.1096142225822,880.4119117541493,2.421283750606002,164.81356811523438,11.87743854522705,0,5,0,4,4,-0.11632441491364161,-0.9322332816907629,-0.4042836742121618,0,0,0,0,88,False,False,
100,7,1334.192187615238,878.4719477465785,2.420500309660469,164.69369506835938,12.037259101867676,0,5,0,4,4,-0.09017513295582123,-0.9512034687541988,-0.6716970349150527,0,0,0,0,88,False,False,
101,0,1344.7147614056003,876.8426355493511,2.4152576634344856,165.39976501464844,12.116938591003418,0,5,0,4,4,-0.025468029302865288,-0.9234219572589241,-0.8136108377318897,0,0,0,0,89,False,False,
101,1,1414.7083330410128,876.6652142977595,1.7814317317835435,92.12313842773438,6.846098899841309,0,3,0,2,2,-0.1009427018272883,-0.9270970678252776,-0.5430113751293096,0,0,0,0,89,False,False,
101,2,1504.0459852540182,860.87550647278,0.0,0.0,-0.1402653306722641,0,1,0,0,0,0.18531981358975586,-0.8736779209069417,0.03407164589994638,101,0,0,0,89,False,False,
101,3,1326.7085446418714,872.2609168734181,2.4249018676279657,166.8979949951172,11.616412162780762,0,5,0,4,4,0.20921329606935615,-0.9692879590215722,-0.5463954935364919,0,0,0,0,89,False,False,
101,4,1396.091918749644,877.9904505418137,2.085232747615857,106.64111328125,6.83558988571167,0,3,0,2,2,-0.3077185797977917,-0.9747376447025421,-0.47848180597915513,0,0,0,0,89,False,False,
101,5,1501.4276527322813,861.5523521764429,0.0,7.684458255767822,0.40554583072662354,0,1,0,0,0,0.14834282368123392,-0.8808889064902505,-0.047085678401067144,73,0,0,0,89,False,False,
101,6,1338.683801725789,880.4802140571742,2.426773881966965,167.2403106689453,11.899596214294434,0,5,0,4,4,-0.12849918900563528,-0.938585636749743,-0.4083855059806303,0,0,0,0,89,False,False,
101,7,1331.7675374023072,878.5535351152031,2.426022496553689,167.11962890625,12.060098648071289,0,5,0,4,4,-0.10386124077861798,-0.9575980296906513,-0.6741946099489302,0,0,0,0,89,False,False,
102,0,1342.29491457625,876.9111175115321,2.4208156593720203,167.82052612304688,12.141861915588379,0,5,0,4,4,-0.02796463283007774,-0.9298716378643027,-0.8176542250439456,0,0,0,0,90,False,False,
102,1,1412.9089547425967,876.7736061320123,1.8026400224512928,93.92584228515625,6.8670654296875,0,3,0,2,2,-0.10752161011973081,-0.9318403454944422,-0.5391294568864864,0,0,0,0,90,False,False,
102,2,1504.0459852540182,860.87550647278,0.0,0.0,-0.1416531652212143,0,1,0,0,0,0.18531981358975586,-0.8736779209069417,0.03407164589994638,102,0,0,0,90,False,False,
102,3,1324.2810843975524,872.3782906708234,2.4302962465647777,169.3282012939453,11.634842872619629,0,5,0,4,4,0.2632480739679816,-0.9753328973748525,-0.5481679799732044,0,0,0,0,90,False,False,
102,4,1393.995242024834,878.0909567737989,2.099084274398753,108.74019622802734,6.849907875061035,0,3,0,2,2,-0.38831857626654925,-0.9795301513707868,-0.4770608438664852,0,0,0,0,90,False,False,
102,5,1501.4276527322813,861.5523521764429,0.0,7.684458255767822,0.40557897090911865,0,1,0,0,0,0.14834282368123392,-0.8808889064902505,-0.047085678401067144,74,0,0,0,90,False,False,
102,6,1336.2526607104867,880.5485796360304,2.4321020720063293,169.67242431640625,11.92135238647461,0,5,0,4,4,-0.14350440954150626,-0.9449243071714484,-0.4125014021524026,0,0,0,0,90,False,False,
102,7,1329.3375296502068,878.6352061781889,2.4313798217879543,169.55105590820312,12.082436561584473,0,5,0,4,4,-0.12244675789568696,-0.963980389924501,-0.6767074214197204,0,0,0,0,90,False,False,
103,0,1339.8696759974966,876.9802546143482,2.4262238360999624,170.24679565429688,12.16672420501709,0,5,0,4,4,-0.03094962313178813,-0.9363347755948331,-0.8216537325611404,0,0,0,0,91,False,False,
103,1,1411.0888328393671,876.8818785265574,1.82333942370494,95.74913024902344,6.887894153594971,0,3,0,2,2,-0.11521912358017138,-0.9366286438150895,-0.5353718599647384,0,0,0,0,91,False,False,
103,2,1504.0459852540182,860.87550647278,0.0,0.0,-0.1430409997701645,0,1,0,0,0,0.18531981358975586,-0.8736779209069417,0.03407164589994638,103,0,0,0,91,False,False,
103,3,1321.848407809348,872.4960017068819,2.435522792093726,171.76377868652344,11.650837898254395,0,5,0,4,4,0.351408690962226,-0.9810993911261523,-0.5499477558872392,0,0,0,0,91,False,False,
103,4,1391.8849995914647,878.1907293974147,2.1125997500746396,110.852783203125,6.860848426818848,0,3,0,2,2,-0.5156575768863617,-0.9838252719834214,-0.47578618585159904,0,0,0,0,91,False,False,
103,5,1501.4276527322813,861.5523521764429,0.0,7.684458255767822,0.40561211109161377,0,1,0,0,0,0.14834282368123392,-0.8808889064902505,-0.047085678401067144,75,0,0,0,91,False,False,
103,6,1333.8163585377772,880.6169432243789,2.4372611384423024,172.1096649169922,11.942596435546875,0,5,0,4,4,-0.16242913394732517,-0.9512376426208838,-0.41663982423840973,0,0,0,0,91,False,False,
103,7,1326.9023178327748,878.7169377471396,2.4365829854786583,171.98760986328125,12.10405158996582,0,5,0,4,4,-0.14906963949416271,-0.9703321104248157,-0.6792488476622732,0,0,0,0,91,False,False,
104,0,1337.4392045710233,877.0500457979764,2.4314732497428504,172.67822265625,12.191499710083008,0,5,0,4,4,-0.03460523395061728,-0.9428099629134024,-0.8255941381396545,0,0,0,0,92,False,False,
104,1,1409.2484642618867,876.9899659610475,1.8435399085649578,97.59275817871094,6.908544063568115,0,3,0,2,2,-0.12432444448022327,-0.941458708917051,-0.5317385271916943,0,0,0,0,92,False,False,
104,2,1504.0459852540182,860.87550647278,0.0,0.0,-0.14442883431911469,0,1,0,0,0,0.18531981358975586,-0.8736779209069417,0.03407164589994638,104,0,0,0,92,False,False,
104,3,1319.4106503422172,872.6140646580775,2.4406147440751313,174.20437622070312,11.66242504119873,0,5,0,4,4,0.5106013212465137,-0.9862122988135194,-0.5517567754691193,0,0,0,0,92,False,False,
104,4,1389.7615330952906,878.2897456040378,2.125773781367305,112.97862243652344,9.383356094360352,0,4,1,3,3,-0.08426626755996645,-0.897592958980637,-0.47467298261285285,0,0,0,0,92,False,False,
104,5,1501.4276527322813,861.5523521764429,0.0,7.684458255767822,0.4056452512741089,0,1,0,0,0,0.14834282368123392,-0.8808889064902505,-0.047085678401067144,76,0,0,0,92,False,False,
104,6,1331.3750225955896,880.6852828684391,2.442292261292167,174.55203247070312,11.96317195892334,0,5,0,4,4,-0.18701369208944116,-0.9575080758331455,-0.4208075185784479,0,0,0,0,92,False,False,
104,7,1324.4620686807007,878.798669236171,2.4416174885714215,174.42929077148438,12.124536514282227,0,5,0,4,4,-0.19017250670623678,-0.9766168418536243,-0.681804881445656,0,0,0,0,92,False,False,
105,0,1335.003649223741,877.120500207044,2.4365741674392867,175.1147918701172,12.216163635253906,0,5,0,4,4,-0.0391893705066031,-0.9492965625910366,-0.8294833601528926,0,0,0,0,93,False,False,
105,1,1407.3883187031886,877.0978183679761,1.8632696104494708,99.45598602294922,6.928964138031006,0,3,0,2,2,-0.13524094514186294,-0.9463250069657861,-0.5282374341131302,0,0,0,0,93,False,False,
105,2,1504.0459852540182,860.87550647278,0.0,0.0,-0.14581666886806488,0,1,0,0,0,0.18531981358975586,-0.8736779209069417,0.03407164589994638,105,0,0,0,93,False,False,
105,3,1316.967946088473,872.7324796429373,2.4455727713359297,176.64999389648438,11.665728569030762,0,5,0,4,4,0.809073707554557,-0.9896270413996363,-0.5535804597642006,0,0,0,0,93,False,False,
105,4,1387.6250542583525,878.3881435428079,2.1387435505544827,115.11736297607422,9.40576457977295,0,4,0,3,3,-0.08883322623675112,-0.9032439034558135,-0.4736543996483671,0,0,0,0,93,False,False,
105,5,1501.4276527322813,861.5523521764429,0.0,7.684458255767822,0.405678391456604,0,1,0,0,0,0.14834282368123392,-0.8808889064902505,-0.047085678401067144,77,0,0,0,93,False,False,
105,6,1328.9287869617983,880.7535865808986,2.4471890350288708,176.9991455078125,11.982841491699219,0,5,0,4,4,-0.22011845486433307,-0.9637051242020159,-0.4250124321321075,0,0,0,0,93,False,False,
105,7,1322.0169125132613,878.8803709251979,2.446520764096684,176.87571716308594,12.14306640625,0,5,0,4,4,-0.261088730039579,-0.9827447774902304,-0.6843908163791526,0,0,0,0,93,False,False,
106,0,1332.5631550943972,877.1916330008911,2.4415305588343563,177.55638122558594,12.240678787231445,0,5,0,4,4,-0.04511907025844266,-0.9557932128062055,-0.8333067910600249,0,0,0,0,94,False,False,
106,1,1405.508866108993,877.2053861536305,1.8825283217893944,101.33845520019531,6.949092864990234,0,3,0,2,2,-0.14853314167248755,-0.9512214719519088,-0.5248685521428604,0,0,0,0,94,False,False,
106,2,1504.0459852540182,860.87550647278,0.0,0.0,-0.14720450341701508,0,1,0,0,0,0.18531981358975586,-0.8736779209069417,0.03407164589994638,106,0,0,0,94,False,False,
106,3,1314.5204447704966,872.8512660762769,2.450382198401041,179.1003875732422,11.663726806640625,0,5,0,4,4,1.0,-0.9895004486136929,-0.5511357691736408,0,0,0,1,94,False,False,
106,4,1385.4759251593441,878.4859564752255,2.15135381886683,117.26863861083984,9.428081512451172,0,4,0,3,3,-0.09404435641092858,-0.9089218258179702,-0.4690820964376696,0,0,0,0,94,False,False,
106,5,1501.4276527322813,861.5523521764429,0.0,7.684458255767822,0.4057115316390991,0,1,0,0,0,0.14834282368123392,-0.8808889064902505,-0.047085678401067144,78,0,0,0,94,False,False,
106,6,1326.477789951166,880.8218357858998,2.45194704268096,179.45114135742188,12.001225471496582,0,5,0,4,4,-0.266777877998129,-0.9697756856877616,-0.42924587469897313,0,0,0,0,94,False,False,
106,7,1319.5669742125149,878.9620356116752,2.4512990022602703,179.3270263671875,12.157583236694336,0,5,0,4,4,-0.40581640459784013,-0.9884421518788401,-0.687012655561734,0,0,0,0,94,False,False,
107,0,1330.1178635354886,877.2634628868285,2.44634632474285,180.00262451171875,12.264986991882324,0,5,0,4,4,-0.053089703166625035,-0.9622972017051088,-0.8370790241087885,0,0,0,0,95,False,False,
107,1,1403.6105584745712,877.312630423115,1.9013345860845492,103.23979949951172,6.968841552734375,0,3,0,2,2,-0.16502833605484032,-0.9561396349904009,-0.521630680661091,0,0,0,0,95,False,False,
107,2,1504.0459852540182,860.87550647278,0.0,0.0,-0.14859233796596527,0,1,0,0,0,0.18531981358975586,-0.8736779209069417,0.03407164589994638,107,0,0,0,95,False,False,
107,3,1312.0683083937276,872.9704781978085,2.455032451963402,181.55531311035156,14.187053680419922,0,6,1,5,5,0.08922167510016582,-0.9142959436826366,-0.5447383237723977,0,0,0,0,95,False,False,
107,4,1383.3144883726482,878.5831693631809,2.1636218080956313,119.43231964111328,9.450274467468262,0,4,0,3,3,-0.10001353523462057,-0.9146250649409482,-0.46462350907319816,0,0,0,0,95,False,False,
107,5,1501.4276527322813,861.5523521764429,0.0,7.684458255767822,0.40574467182159424,0,1,0,0,0,0.14834282368123392,-0.8808889064902505,-0.047085678401067144,79,0,0,0,95,False,False,
107,6,1324.022170872966,880.8899999518969,2.456564961637639,181.90765380859375,12.017682075500488,0,5,0,4,4,-0.33643253394449807,-0.9756137465390123,-0.4335012714563621,0,0,0,0,95,False,False,
107,7,1317.1123917348186,879.0436424023005,2.4559386816631625,181.78297424316406,14.68278694152832,0,6,1,5,5,-0.021916537214574167,-0.9023667926234488,-0.6896643673082437,0,0,0,0,95,False,False,
108,0,1327.667900709879,877.3359935482872,2.451036218361814,182.45376586914062,12.288995742797852,0,5,0,4,4,-0.06437734292080677,-0.9688059789556207,-0.8407927698218611,0,0,0,0,96,False,False,
108,1,1401.6938807824802,877.4194737367684,1.919653320011714,105.1595230102539,6.988091468811035,0,3,0,2,2,-0.18595362729622342,-0.9610668260454447,-0.5185249917014303,0,0,0,0,96,False,False,
108,2,1504.0459852540182,860.87550647278,0.0,0.0,-0.14998017251491547,0,1,0,0,0,0.18531981358975586,-0.8736779209069417,0.03407164589994638,108,0,0,0,96,False,False,
108,3,1309.611834216027,873.0895903304679,2.4593603001301583,184.01473999023438,14.210147857666016,0,6,0,5,5,0.09667105456304942,-0.9207847068749999,-0.5382970557486648,0,0,0,0,96,False,False,
108,4,1381.141065905579,878.679752725224,2.175567412466205,121.60780334472656,9.472317695617676,0,4,0,3,3,-0.10690159974272623,-0.9203502714426274,-0.46028961465021434,0,0,0,0,96,False,False,
108,5,1501.4276527322813,861.5523521764429,0.0,7.684458255767822,0.40577781200408936,0,1,0,0,0,0.14834282368123392,-0.8808889064902505,-0.047085678401067144,80,0,0,0,96,False,False,
108,6,1321.562059851083,880.9580503731552,2.4610520311084585,184.36880493164062,12.031050682067871,0,5,0,4,4,-0.4477487729839469,-0.9809916318385906,-0.4378078946583053,0,0,0,0,96,False,False,
108,7,1314.6533330914258,879.1251037686241,2.460407560923354,184.24342346191406,14.707958221435547,0,6,0,5,5,-0.023413899456065538,-0.9089238679823638,-0.6973671151153116,0,0,0,0,96,False,False,
109,0,1325.21340389214,877.4092413120246,2.4555895143902204,184.90933227539062,12.312538146972656,0,5,0,4,4,-0.08161586619765886,-0.9753116391526524,-0.8444474135962531,0,0,0,0,97,False,False,
109,1,1399.7592561449255,877.5258724532272,1.9375482381344018,107.09701538085938,7.006673336029053,0,3,0,2,2,-0.2132626995085439,-0.965983355388932,-0.5155735252129585,0,0,0,0,97,False,False,
109,2,1504.0459852540182,860.87550647278,0.0,0.0,-0.15136800706386566,0,1,0,0,0,0.18531981358975586,-0.8736779209069417,0.03407164589994638,109,0,0,0,97,False,False,
109,3,1307.1510591851545,873.208405415675,2.4636417712482563,186.47842407226562,14.233040809631348,0,6,0,5,5,0.10551221485839556,-0.9272719242952148,-0.5317900966704755,0,0,0,0,97,False,False,
109,4,1378.9559653387669,878.7756770872822,2.1872050590464456,123.79508972167969,9.494178771972656,0,4,0,3,3,-0.11493045617998834,-0.9260951186860864,-0.4560654340074757,0,0,0,0,97,False,False,
109,5,1501.4276527322813,861.5523521764429,0.0,7.684458255767822,0.4058109521865845,0,1,0,0,0,0.14834282368123392,-0.8808889064902505,-0.047085678401067144,81,0,0,0,97,False,False,
109,6,1319.097585099846,881.0259567427026,2.465410122983691,186.83421325683594,12.039200782775879,0,5,0,4,4,-0.6354528920693705,-0.98537488301189,-0.44215167990149884,0,0,0,0,97,False,False,
109,7,1312.1899118759545,879.2063764552312,2.464761516744036,186.70814514160156,14.733099937438965,0,6,0,5,5,-0.025141121533588124,-0.9154916978921381,-0.7084007824382026,0,0,0,0,97,False,False,
110,0,1322.7544946716341,877.48321201481,2.4600215892465993,187.3693084716797,12.335271835327148,0,5,0,4,4,-0.11116816880388317,-0.9817981281724617,-0.8480295485109284,0,0,0,0,98,False,False,
110,1,1397.8071116587018,877.6317900540946,1.9550157629203608,109.05203247070312,7.024332523345947,0,3,0,2,2,-0.25017612345164936,-0.9708579942450263,-0.5127683056498995,0,0,0,0,98,False,False,
110,2,1504.0459852540182,860.87550647278,0.0,0.0,-0.15275584161281586,0,1,0,0,0,0.18531981358975586,-0.8736779209069417,0.03407164589994638,110,0,0,0,98,False,False,
110,3,1304.686154489865,873.3266903432575,2.4677411697650116,188.94610595703125,14.25564956665039,0,6,0,5,5,0.11615338232887022,-0.9337529479668687,-0.5251653053353371,0,0,0,0,98,False,False,
110,4,1376.7594730969,878.8709326693743,2.1985567526224523,125.99356079101562,9.515813827514648,0,4,0,3,3,-0.12439715460564381,-0.9318549325257726,-0.4519656604443688,0,0,0,0,98,False,False,
110,5,1501.4276527322813,861.5523521764429,0.0,7.684458255767822,0.4058440923690796,0,1,0,0,0,0.14834282368123392,-0.8808889064902505,-0.047085678401067144,82,0,0,0,98,False,False,
110,6,1316.6288700597959,881.0936900759033,2.469644053987561,189.30377197265625,14.563545227050781,0,6,1,5,5,-0.05431358196092585,-0.9034946117685194,-0.44653199828986,0,0,0,0,98,False,False,
110,7,1309.7222848582717,879.2873641495852,2.468955670933527,189.1771240234375,14.758194923400879,0,6,0,5,5,-0.02714632346290576,-0.9220701257832957,-0.719501169918231,0,0,0,0,98,False,False,
111,0,1320.2912987425284,877.557916184419,2.464328488274224,189.8336944580078,12.356290817260742,0,5,0,4,4,-0.17317875929472848,-0.9882140241219615,-0.8515452634234153,0,0,0,0,99,False,False,
111,1,1395.8378870115223,877.7371712908762,1.9720423210785545,111.02409362792969,7.040663719177246,0,3,0,2,2,-0.3022881414108522,-0.9756343478203093,-0.5101092186675109,0,0,0,0,99,False,False,
111,2,1504.0459852540182,860.87550647278,0.0,0.0,-0.15414367616176605,0,1,0,0,0,0.18531981358975586,-0.8736779209069417,0.03407164589994638,111,0,0,0,99,False,False,
111,3,1302.217210966064,873.4443286937571,2.471744506462521,191.41790771484375,14.277914047241211,0,6,0,5,5,0.1291298157788993,-0.9402226010348952,-0.5184456364502681,0,0,0,0,99,False,False,
111,4,1374.551875890421,878.9655127188431,2.209622323342012,128.20323181152344,9.537175178527832,0,4,0,3,3,-0.13571146415773555,-0.9376253911242775,-0.4479760008681053,0,0,0,0,99,False,False,
111,5,1501.4276527322813,861.5523521764429,0.0,7.684458255767822,0.4058772325515747,0,1,0,0,0,0.14834282368123392,-0.8808889064902505,-0.047085678401067144,83,0,0,0,99,False,False,
111,6,1314.1559975940186,881.161286443058,2.473796172050525,191.77760314941406,14.587789535522461,0,6,0,5,5,-0.0582240567504818,-0.9100657813968533,-0.45802478833930615,0,0,0,0,99,False,False,
111,7,1307.2505420342452,879.3680463982919,2.4730592822216875,191.65023803710938,14.78323745727539,0,6,0,5,5,-0.029531339907240786,-0.9286586133795384,-0.7306662479362203,0,0,0,0,99,False,False,
112,0,1317.8239237960886,877.6333450667963,2.468527626463838,192.30213928222656,12.371743202209473,0,5,0,4,4,-0.3734062655767932,-0.9942735592547274,-0.8550024910002112,0,0,0,0,100,False,False,
112,1,1393.8519983571982,877.8419662925904,1.9886517391833507,113.0126953125,7.054989814758301,0,3,0,2,2,-0.37986611431158884,-0.9802038191251564,-0.5076117008060046,0,0,0,0,100,False,False,
112,2,1504.0459852540182,860.87550647278,0.0,0.0,-0.15553151071071625,0,1,0,0,0,0.18531981358975586,-0.8736779209069417,0.03407164589994638,112,0,0,0,100,False,False,
112,3,1299.744299469833,873.5613097191938,2.4756768425023794,193.89356994628906,14.299736976623535,0,6,0,5,5,0.14525267304360784,-0.9466719116197154,-0.5116008458309278,0,0,0,0,100,False,False,
112,4,1372.333496803633,879.0593513136789,2.2203629105575247,130.42359924316406,9.558191299438477,0,4,0,3,3,-0.1494212581269393,-0.943399242190674,-0.44411760905601216,0,0,0,0,100,False,False,
112,5,1501.4276527322813,861.5523521764429,0.0,7.684458255767822,0.4059103727340698,0,1,0,0,0,0.14834282368123392,-0.8808889064902505,-0.047085678401067144,84,0,0,0,100,False,False,
112,6,1311.6790932926792,881.228745136712,2.4778227526081613,194.2554473876953,14.611922264099121,0,6,0,5,5,-0.06276403487444591,-0.9166436417122581,-0.4708187072114828,0,0,0,0,100,False,False,
112,7,1304.7747860364088,879.4484237470983,2.4770604108546572,194.12725830078125,14.80821418762207,0,6,0,5,5,-0.032419968402853605,-0.9352562085994247,-0.7419053355886691,0,0,0,0,100,False,False,
113,0,1315.3524691374082,877.7094701103993,2.47262677170996,194.77487182617188,14.897499084472656,0,6,1,5,5,0.0039594288090304035,-0.9069965283889142,-0.8607959817656726,0,0,0,0,101,False,False,
113,1,1391.8498556701188,877.9461256267748,2.004850245360853,115.0176010131836,7.066123008728027,0,3,0,2,2,-0.5021310639038764,-0.9843384739596367,-0.5052676335886765,0,0,0,0,101,False,False,
113,2,1504.0459852540182,860.87550647278,0.0,0.0,-0.15691934525966644,0,1,0,0,0,0.18531981358975586,-0.8736779209069417,0.03407164589994638,113,0,0,0,101,False,False,
113,3,1297.2675133203018,873.6776474836897,2.479516909794849,196.37310791015625,14.321001052856445,0,6,0,5,5,0.1657911483546305,-0.9530882819757386,-0.5046610919031002,0,0,0,0,101,False,False,
113,4,1370.1045906245747,879.1524323656877,2.2308489050778806,132.6544189453125,9.578778266906738,0,4,0,3,3,-0.16636765551347835,-0.9491670002419311,-0.4403840245301489,0,0,0,0,101,False,False,
113,5,1501.4276527322813,861.5523521764429,0.0,7.684458255767822,0.40594351291656494,0,1,0,0,0,0.14834282368123392,-0.8808889064902505,-0.047085678401067144,85,0,0,0,101,False,False,
113,6,1309.198279849843,881.296042191323,2.481726058959003,196.73719787597656,14.635917663574219,0,6,0,5,5,-0.06809025666949411,-0.9232268188110944,-0.48367197100491766,0,0,0,0,101,False,False,
113,7,1302.295167758971,879.5284212218633,2.480908381575657,196.60816955566406,14.833099365234375,0,6,0,5,5,-0.035963879038211466,-0.9418624764200924,-0.7532257795252704,0,0,0,0,101,False,False,
114,0,1312.8770078199698,877.7858934860432,2.4766407221232827,197.2515106201172,14.923233985900879,0,6,0,5,5,0.004213855688453489,-0.9136007753131277,-0.8725116297178783,0,0,0,0,102,False,False,
114,1,1389.831860400738,878.0496004350348,2.02064641716165,117.03820037841797,9.588354110717773,0,4,1,3,3,-0.0831567092942502,-0.8974585888521034,-0.5030851354922307,0,0,0,0,102,False,False,
114,2,1504.0459852540182,860.87550647278,0.0,0.0,-0.15830717980861664,0,1,0,0,0,0.18531981358975586,-0.8736779209069417,0.03407164589994638,114,0,0,0,102,False,False,
114,3,1294.7869356748183,873.7933872687021,2.483276294153853,198.8562774658203,14.341520309448242,0,6,0,5,5,0.19279839838638205,-0.9594502900190411,-0.49761088095420225,0,0,0,0,102,False,False,
114,4,1367.865421139107,879.2447491242149,2.2410717008954637,134.8954620361328,9.5988130569458,0,4,0,3,3,-0.1877931283530011,-0.9549146549241228,-0.4367674146756674,0,0,0,0,102,False,False,
114,5,1501.4276527322813,861.5523521764429,0.0,7.684458255767822,0.40597665309906006,0,1,0,0,0,0.14834282368123392,-0.8808889064902505,-0.047085678401067144,86,0,0,0,102,False,False,
114,6,1306.7137107350004,881.3630796957667,2.4854733379038687,199.22259521484375,14.659743309020996,0,6,0,5,5,-0.07440765925329439,-0.929813218545709,-0.4965764040705356,0,0,0,0,102,False,False,
114,7,1299.811788130289,879.607997183939,2.484654244335309,199.09283447265625,14.857876777648926,0,6,0,5,5,-0.04042787793566731,-0.948476439325176,-0.7646254786613844,0,0,0,0,102,False,False,
115,0,1310.3976059721608,877.8624359763783,2.480583051571683,199.7320556640625,14.948994636535645,0,6,0,5,5,0.004563994830291702,-0.9202154214805167,-0.8842345885870455,0,0,0,0,103,False,False,
115,1,1387.7982878597552,878.1524865410124,2.0361735756664254,119.07437133789062,9.610505104064941,0,4,0,3,3,-0.08733280843164772,-0.9028400625347401,-0.501056088039963,0,0,0,0,103,False,False,
115,2,1504.0459852540182,860.87550647278,0.0,0.0,-0.15969501435756683,0,1,0,0,0,0.18531981358975586,-0.8736779209069417,0.03407164589994638,115,0,0,0,103,False,False,
115,3,1292.302667963957,873.908557579821,2.4869359179102184,201.34332275390625,14.361019134521484,0,6,0,5,5,0.22977953467132547,-0.9657227696260333,-0.4904574167029997,0,0,0,0,103,False,False,
115,4,1365.6162464852362,879.336300790915,2.2510371679051615,137.14659118652344,9.618117332458496,0,4,0,3,3,-0.21563491735059998,-0.9606207327098932,-0.4332829301709237,0,0,0,0,103,False,False,
115,5,1501.4276527322813,861.5523521764429,0.0,7.684458255767822,0.4060097932815552,0,1,0,0,0,0.14834282368123392,-0.8808889064902505,-0.047085678401067144,87,0,0,0,103,False,False,
115,6,1304.2254835860929,881.4298033310541,2.4891216097382465,201.71177673339844,14.683372497558594,0,6,0,5,5,-0.08203932061855741,-0.9364011678507669,-0.5095538462541177,0,0,0,0,103,False,False,
115,7,1297.3247765650694,879.6870753704746,2.4882684511767637,201.58102416992188,14.882500648498535,0,6,0,5,5,-0.04621854221570124,-0.9550963941450127,-0.7761137949727877,0,0,0,0,103,False,False,
116,0,1307.9143612883793,877.9389987762652,2.4844246862917196,202.2165069580078,14.974759101867676,0,6,0,5,5,0.0050039436172154535,-0.9268404544247466,-0.8959950668247826,0,0,0,0,104,False,False,
116,1,1385.749551137715,878.2547965922292,2.051289716938167,121.1257553100586,9.632586479187012,0,4,0,3,3,-0.09208371858267633,-0.9082564766212022,-0.49587661424760643,0,0,0,0,104,False,False,
116,2,1504.0459852540182,860.87550647278,0.0,0.0,-0.16108284890651703,0,1,0,0,0,0.18531981358975586,-0.8736779209069417,0.03407164589994638,116,0,0,0,104,False,False,
116,3,1289.814818559463,874.0231592025528,2.490487540899129,203.83375549316406,14.379037857055664,0,6,0,5,5,0.28308842682510005,-0.9718372891300551,-0.4832100182459905,0,0,0,0,104,False,False,
116,4,1363.3573364318574,879.4270645135241,2.2607327755835365,139.40731811523438,9.636427879333496,0,4,0,3,3,-0.2530515188372773,-0.966248548174323,-0.42992971343035025,0,0,0,0,104,False,False,
116,5,1501.4276527322813,861.5523521764429,0.0,7.684458255767822,0.4060429334640503,0,1,0,0,0,0.14834282368123392,-0.8808889064902505,-0.047085678401067144,88,0,0,0,104,False,False,
116,6,1301.7336888672444,881.4961933577513,2.4926789918732175,204.20448303222656,14.706748008728027,0,6,0,5,5,-0.09145648376035322,-0.9429870239763525,-0.5225979800086513,0,0,0,0,104,False,False,
116,7,1294.834238390919,879.7655943369152,2.491775596837009,204.07286071777344,14.906919479370117,0,6,0,5,5,-0.0540323888776508,-0.9617209130193709,-0.7877053502934028,0,0,0,0,104,False,False,
117,0,1305.4273761278807,878.0155219885096,2.488162171272606,204.70462036132812,15.000520706176758,0,6,0,5,5,0.0055477249260093234,-0.9334751953058419,-0.907791020518821,0,0,0,0,105,False,False,
117,1,1383.686046212964,878.3565038896464,2.0660099101454668,123.19173431396484,9.65456771850586,0,4,0,3,3,-0.09750323303328515,-0.9137051259329463,-0.49055438104447746,0,0,0,0,105,False,False,
117,2,1504.0459852540182,860.87550647278,0.0,0.0,-0.16247068345546722,0,1,0,0,0,0.18531981358975586,-0.8736779209069417,0.03407164589994638,117,0,0,0,105,False,False,
117,3,1287.323471624874,874.1372141508806,2.493956310708695,206.32769775390625,14.394773483276367,0,6,0,5,5,0.3650508223892697,-0.9776561463780054,-0.47586576979224593,0,0,0,0,105,False,False,
117,4,1361.0889317922438,879.5170371560059,2.270188248893916,141.6774139404297,9.653332710266113,0,4,0,3,3,-0.305497747584276,-0.9717343064011374,-0.4266939287401279,0,0,0,0,105,False,False,
117,5,1501.4276527322813,861.5523521764429,0.0,7.684458255767822,0.4060760736465454,0,1,0,0,0,0.14834282368123392,-0.8808889064902505,-0.047085678401067144,89,0,0,0,105,False,False,
117,6,1299.2384214983329,881.5622398451736,2.4961412982551927,206.70059204101562,14.729802131652832,0,6,0,5,5,-0.10336028812700483,-0.9495659434934528,-0.535715122881149,0,0,0,0,105,False,False,
117,7,1292.3402591375525,879.8435316290391,2.495196733271007,206.56809997558594,14.931036949157715,0,6,0,5,5,-0.06516480706011912,-0.9683460854808892,-0.7993844936866266,0,0,0,0,105,False,False,
118,0,1302.936738154983,878.0919916028622,2.4918116128549865,207.19639587402344,15.026273727416992,0,6,0,5,5,0.0062101794542627434,-0.9401196428594829,-0.9196245007279757,0,0,0,0,106,False,False,
118,1,1381.6081376680581,878.4575845398938,2.080365645468839,125.2720718383789,9.676424980163574,0,4,0,3,3,-0.1037339249601132,-0.9191839039778118,-0.48536381581211696,0,0,0,0,106,False,False,
118,2,1504.0459852540182,860.87550647278,0.0,0.0,-0.16385851800441742,0,1,0,0,0,0.18531981358975586,-0.8736779209069417,0.03407164589994638,118,0,0,0,106,False,False,
118,3,1284.8287173762776,874.2507426428584,2.497336076578474,208.8250274658203,14.406731605529785,0,6,0,5,5,0.5005192951093881,-0.9828639966236136,-0.4684348480238313,0,0,0,0,106,False,False,
118,4,1358.8112809477534,879.6062080819919,2.2793957145367356,143.9568634033203,9.668152809143066,0,4,0,3,3,-0.3828163239614431,-0.9769565597950004,-0.42358981202067403,0,0,0,0,106,False,False,
118,5,1501.4276527322813,861.5523521764429,0.0,7.684458255767822,0.4061092138290405,0,1,0,0,0,0.14834282368123392,-0.8808889064902505,-0.047085678401067144,90,0,0,0,106,False,False,
118,6,1296.7397821264121,881.6279247298643,2.4995025935151323,209.2001190185547,14.752431869506836,0,6,0,5,5,-0.11886478919967279,-0.9561306693711092,-0.5489052748716108,0,0,0,0,106,False,False,
118,7,1289.8429407384176,879.9208562207045,2.4985152149093985,209.0666046142578,14.954687118530273,0,6,0,5,5,-0.08224875301896696,-0.9749648939121851,-0.8111741798594772,0,0,0,0,106,False,False,
119,0,1300.4425368264272,878.1684153622415,2.495371887789033,209.69183349609375,15.052016258239746,0,6,0,5,5,0.007031428548126605,-0.9467737697933517,-0.9314944854961127,0,0,0,0,107,False,False,
119,1,1379.5161720020074,878.5580291712972,2.094375675926627,127.36652374267578,9.698127746582031,0,4,0,3,3,-0.11096365221010526,-0.9246902794019017,-0.4802829643600016,0,0,0,0,107,False,False,
119,2,1504.0459852540182,860.87550647278,0.0,0.0,-0.16524635255336761,0,1,0,0,0,0.18531981358975586,-0.8736779209069417,0.03407164589994638,119,0,0,0,107,False,False,
119,3,1282.3306231927615,874.3638016686831,2.500651293770646,211.3257598876953,14.412225723266602,0,6,0,5,5,0.7318039187260316,-0.986708053463262,-0.46092268431600636,0,0,0,0,107,False,False,
119,4,1356.5246203827598,879.6945712379664,2.2883672316371784,146.2451934814453,9.67971134185791,0,4,0,3,3,-0.5029764498630975,-0.9816626628045939,-0.42061050258745003,0,0,0,0,107,False,False,
119,5,1501.4276527322813,861.5523521764429,0.0,7.684458255767822,0.40614235401153564,0,1,0,0,0,0.14834282368123392,-0.8808889064902505,-0.047085678401067144,91,0,0,0,107,False,False,
119,6,1294.2378791367607,881.6932065974576,2.5027545408734286,211.7028045654297,14.774482727050781,0,6,0,5,5,-0.1398473017947645,-0.9626682373626351,-0.5621767545600398,0,0,0,0,107,False,False,
119,7,1287.3423619384923,879.9975683533984,2.5017552010415,211.56826782226562,14.977522850036621,0,6,0,5,5,-0.11168779486418871,-0.9815606874455295,-0.8230587721684439,0,0,0,0,107,False,False,
120,0,1297.9448804057183,878.2447775105899,2.49882347788088,212.190673828125,15.077739715576172,0,6,0,5,5,0.008086707096407825,-0.9534368925733028,-0.9433936603329971,0,0,0,0,108,True,False,max_steps
120,1,1377.4104996363508,878.6578232517669,2.108035808516172,129.47447204589844,9.719644546508789,0,4,0,3,3,-0.11943155006545238,-0.9302201585256474,-0.4753341810852528,0,0,0,0,108,True,False,max_steps
120,2,1504.0459852540182,860.87550647278,0.0,0.0,-0.1666341871023178,0,1,0,0,0,0.18531981358975586,-0.8736779209069417,0.03407164589994638,120,0,0,0,108,True,False,max_steps
120,3,1279.8292561736835,874.4764691286347,2.5039031372365446,213.8296356201172,14.410222053527832,0,6,0,5,5,1.0,-0.9878052741102268,-0.45653453331279703,0,0,0,1,108,True,False,max_steps
120,4,1354.229189133333,879.7821110339651,2.2970998752185023,148.54226684570312,12.202868461608887,0,5,1,4,4,-0.07878888304119426,-0.8976803226092434,-0.4177624609183964,0,0,0,0,108,True,False,max_steps
120,5,1501.4276527322813,861.5523521764429,0.0,7.684458255767822,0.40617549419403076,0,1,0,0,0,0.14834282368123392,-0.8808889064902505,-0.047085678401067144,92,0,0,0,108,True,False,max_steps
120,6,1291.7328480851556,881.7579763880715,2.505868251780544,214.20877075195312,14.79570198059082,0,6,0,5,5,-0.16973434875603996,-0.9691562137567471,-0.5755285328437549,0,0,0,0,108,True,False,max_steps
120,7,1284.838609074446,880.0736706026744,2.504909171320505,214.07321166992188,14.998631477355957,0,6,0,5,5,-0.1737844030535901,-0.9880813375857088,-0.8350455457977564,0,0,0,0,108,True,False,max_steps
