step,car_index,x,y,speed,distance_travelled,total_reward,lap_count,next_goal_idx,progress_delta,checkpoints_reached,checkpoint_streak,heading_error_norm,goal_distance_norm,lateral_offset_norm,no_progress_steps,reverse_speed_steps,reverse_progress_events,heading_away_steps,wall_hugging_steps,done,collided,terminated_reason
1,0,1500.685357087618,870.01394138229,0.31495162239999996,0.31500479578971863,0.013900634832680225,0,1,0,0,0,0.0014103448257234024,-0.8860493799229163,-0.9406751212311544,0,0,0,0,0,False,False,
1,1,1501.1377067566732,869.9936636278494,-0.13785245897500004,0.13784155249595642,0.01327702309936285,0,1,0,0,0,0.00031559409599045315,-0.8848417919079838,-0.9408115023492699,0,0,0,0,0,False,False,
1,2,1500.7811741361468,870.0104039026165,0.2190730469061575,0.2191178798675537,0.016646504402160645,0,1,0,0,0,-0.00065881945970495,-0.885793683437863,-0.940433182049522,0,0,0,0,0,False,False,
1,3,1500.685357087618,870.01394138229,0.31495162239999996,0.31500479578971863,0.012198224663734436,0,1,0,0,0,0.0014103448257234024,-0.8860493799229163,-0.9406751212311544,0,0,0,0,0,False,False,
1,4,1500.85205995549,870.0070342799386,0.14810718370120507,0.1481156200170517,0.01523619331419468,0,1,0,0,0,-0.0006604745309683974,-0.8856043441616137,-0.9403373611554673,0,0,0,0,0,False,False,
1,5,1501.0746487806387,869.996565950656,-0.07472772675343578,0.07478518038988113,-0.00163574842736125,0,1,0,0,0,0.0003224314208567749,-0.8850099422458746,-0.9404602353008976,1,0,0,0,0,False,False,
1,6,1501.0405281073477,869.9981250080101,-0.04057145647051446,0.040571488440036774,-0.0005558996926993132,0,1,0,0,0,0.00015741684771689455,-0.8851011787015695,-0.9402772837132037,1,0,0,0,0,False,False,
1,7,1500.6854214295204,870.015324733192,0.31495162239999996,0.3149479925632477,0.012543265707790852,0,1,0,0,0,-0.0014098589619663926,-0.8860492286828147,-0.9405062411933108,0,0,0,0,0,False,False,
2,0,1500.685357087618,870.01394138229,0.0,0.31500479578971863,0.010292647406458855,0,1,0,0,0,0.0014103448257234024,-0.8860493799229163,-0.9406751212311544,1,0,0,0,0,False,False,
2,1,1500.958572360141,870.0021405124662,0.17933485325990267,0.3171195387840271,0.031219732016324997,0,1,0,0,0,-0.0005174914767757678,-0.8853198663967813,-0.9401839390974747,0,0,0,0,0,False,False,
2,2,1500.3389921114872,870.0315410180627,0.44268693292376216,0.6617635488510132,0.03303154557943344,0,1,0,0,0,-0.0008317138817804764,-0.8869740706595036,-0.9409755048691993,0,0,0,0,0,False,False,
2,3,1500.6166983194748,870.0169748673661,0.06872574826548725,0.3836761713027954,0.007612709887325764,0,1,0,0,0,0.0014928334650253167,-0.8862325031658224,-0.9407847063735645,1,0,0,0,0,False,False,
2,4,1500.6793010258998,870.0151660424646,0.17295020472632888,0.3210357427597046,0.023632684722542763,0,1,0,0,0,-0.0003579888764360501,-0.886065464474756,-0.9405719929934115,0,0,0,0,0,False,False,
2,5,1501.0759050672323,869.996508164599,-0.0012576148986858688,0.0760074108839035,-0.0015417836839333177,0,1,0,0,0,0.00032582346687617145,-0.8850066829908237,-0.9404675533644054,2,0,0,0,0,False,False,
2,6,1500.955804356122,870.0020644670113,0.08481528965330382,0.12538112699985504,-0.0002909563481807709,0,1,0,0,0,8.558018529924994e-06,-0.8853273377299498,-0.9402131613256809,2,0,0,0,0,False,False,
2,7,1500.6854214295204,870.015324733192,0.0,0.3149479925632477,0.014981693588197231,0,1,0,0,0,-0.0014098589619663926,-0.8860492286828147,-0.9405062411933108,1,0,0,0,0,False,False,
3,0,1500.3706902976398,870.0273330116609,0.31495162239999996,0.6298664808273315,0.025511786341667175,0,1,0,0,0,0.00254074796502045,-0.8868890047629279,-0.9412612809664144,0,0,0,0,0,False,False,
3,1,1500.4678568779027,870.0248364217097,0.4912400521178761,0.8083671927452087,0.04577486217021942,0,1,0,0,0,0.0001644079703213366,-0.8866298600718289,-0.9408805308408924,0,0,0,0,0,False,False,
3,2,1500.0206993225581,870.0475028938696,0.3186927689225064,0.9803993105888367,0.04738093167543411,0,1,0,0,0,-0.0023391583049071113,-0.887823760625355,-0.9412831958509325,0,0,0,0,0,False,False,
3,3,1500.2345814378182,870.034712406901,0.3825283408530605,0.7661688327789307,0.020161408931016922,0,1,0,0,0,7.183574870516117e-05,-0.887252483634809,-0.9413197254228268,0,0,0,0,0,False,False,
3,4,1500.4374329197506,870.0264044334214,0.24212906104707654,0.5632424354553223,0.03584286570549011,0,1,0,0,0,2.575979608441988e-05,-0.8867113490086902,-0.9409024492986837,0,0,0,0,0,False,False,
3,5,1501.096632780147,869.9955559293278,-0.020749574325387928,0.09678232669830322,0.0009103118209168315,0,1,0,0,0,0.0003624000324388514,-0.884951283216824,-0.9405846423805295,3,0,0,0,0,False,False,
3,6,1500.8512183834703,870.0069560949208,0.10470030419763303,0.23010927438735962,0.017242327332496643,0,1,0,0,0,-0.00016553712359931676,-0.8856066127851746,-0.9403519722695705,0,0,0,0,0,False,False,
3,7,1500.370872281256,870.0312419496108,0.31495162239999996,0.6299262642860413,0.026666119694709778,0,1,0,0,0,-0.0026284843633337432,-0.8868891635588755,-0.9407920137172526,0,0,0,0,0,False,False,
4,0,1500.1997031964695,870.0344003637335,0.1711330950808543,0.8010334968566895,0.04339686781167984,0,1,0,0,0,0.003332812140098124,-0.887345444020971,-0.9415981941763537,0,0,0,0,0,False,False,
4,1,1499.8893040965863,870.0532667358688,0.5792508986028383,1.387679100036621,0.060033731162548065,0,1,0,0,0,-0.0016943106654568711,-0.8881746863929002,-0.9415032165747735,0,0,0,0,0,False,False,
4,2,1500.0206993225581,870.0475028938696,0.0,0.9803993105888367,0.04703235626220703,0,1,0,0,0,-0.0023391583049071113,-0.887823760625355,-0.9412831958509325,1,0,0,0,0,False,False,
4,3,1499.7308144797435,870.0573791979689,0.5042766418001243,1.2704615592956543,0.029338514432311058,0,1,0,0,0,0.0009889914847516618,-0.8885972627979283,-0.9421185985382396,0,0,0,0,0,False,False,
4,4,1499.8849889674914,870.0495994698182,0.5529306738654236,1.116097331047058,0.053094372153282166,0,1,0,0,0,0.0029092748008313013,-0.8881856135182825,-0.9419724838239352,0,0,0,0,0,False,False,
4,5,1501.0551240976934,869.9974656687299,0.041552591058011554,0.13832934200763702,0.0039112260565161705,0,1,0,0,0,0.00031977142510331507,-0.8850620752028644,-0.940357782411789,4,0,0,0,0,False,False,
4,6,1500.6797285806226,870.0152316558955,0.17168936306636304,0.40181881189346313,0.03079051710665226,0,1,0,0,0,-0.001113931958640377,-0.886064504088492,-0.9405573818793085,0,0,0,0,0,False,False,
4,7,1499.8584490032158,870.0562926555194,0.5130352363570861,1.1429880857467651,0.04104888066649437,0,1,0,0,0,-0.0015568225707126102,-0.8882573245303799,-0.9413562549947213,0,0,0,0,0,False,False,
5,0,1500.1997031964695,870.0344003637335,0.0,0.8010334968566895,0.04539969190955162,0,1,0,0,0,0.003332812140098124,-0.887345444020971,-0.9415981941763537,1,0,0,0,0,False,False,
5,1,1499.0069916025418,870.1045340540905,0.883800698723748,2.271491527557373,0.07919184863567352,0,1,0,0,0,-0.007544373773207743,-0.8905313577591102,-0.9415032165747735,0,0,0,0,0,False,False,
5,2,1500.0283382833836,870.0471195883488,-0.0076485714755201405,0.9879765510559082,0.04636579006910324,0,1,0,0,0,-0.002357544221858474,-0.8878035547581213,-0.9412758920805174,2,0,0,0,0,False,False,
5,3,1498.9211312990064,870.088066107735,0.8102644874357556,2.080735683441162,0.0494462326169014,0,1,0,0,0,0.005606386430516371,-0.8907579121576512,-0.9440760233025437,0,0,0,0,0,False,False,
5,4,1499.289144969648,870.0719924128896,0.5962646339213543,1.712343454360962,0.07114672660827637,0,1,0,0,0,0.005790956465351213,-0.8897755384716992,-0.9434387264545595,0,0,0,0,0,False,False,
5,5,1501.0551240976934,869.9974656687299,0.0,0.13832934200763702,0.006370323710143566,0,1,0,0,0,0.00031977142510331507,-0.8850620752028644,-0.940357782411789,5,0,0,0,0,False,False,
5,6,1500.1965429222855,870.0381234074205,0.4837276224391007,0.8855149745941162,0.04185310751199722,0,1,0,0,0,-0.0005612121707201823,-0.8873543599371843,-0.9411736107085223,0,0,0,0,0,False,False,
5,7,1499.0402948359556,870.0902001299439,0.8188564942814904,1.9618067741394043,0.06140472739934921,0,1,0,0,0,0.0032345453898427775,-0.8904408139777589,-0.9429913776631891,0,0,0,0,0,False,False,
6,0,1500.3193766156098,870.0295026931174,-0.11977359653207267,0.9207645058631897,0.055764392018318176,0,1,0,0,0,0.003582278705203142,-0.8870261656775466,-0.9413562549947213,0,0,0,0,0,False,False,
6,1,1497.967335745008,870.163894203634,1.041349091063054,3.3128557205200195,0.09250157326459885,0,1,0,0,0,-0.007082858648988753,-0.8933081622486284,-0.941642877957684,0,0,0,0,0,False,False,
6,2,1499.8805093043811,870.0543309585494,0.1480047664538715,1.1359790563583374,0.061221323907375336,0,1,0,0,0,-0.0014761367123409426,-0.8881982270604094,-0.9414374683479461,0,0,0,0,0,False,False,
6,3,1497.8112411784316,870.1147927811342,1.110211869338671,3.190920829772949,0.0705198124051094,0,1,0,0,0,0.014796363782643754,-0.8937176285493525,-0.9485989474509298,0,0,0,0,0,False,False,
6,4,1499.2140901572757,870.0747798827268,0.07510655662697953,1.7874668836593628,0.07380947470664978,0,1,0,0,0,0.006084135207459301,-0.8899758574997825,-0.9436286745111734,1,0,0,0,0,False,False,
6,5,1501.101504194706,869.9953196687793,-0.0464297180120562,0.18476521968841553,0.0045877061784267426,0,1,0,0,0,0.00015323689631890777,-0.8849382461965973,-0.9406139146345605,6,0,0,0,0,False,False,
6,6,1499.7758723949287,870.0577940430819,0.421130177610179,1.3066281080245972,0.05827935039997101,0,1,0,0,0,-0.00017104350200504036,-0.8884773283249515,-0.9417524631000941,0,0,0,0,0,False,False,
6,7,1498.7463890013514,870.1023535370457,0.29415700725734323,2.256002902984619,0.07274612784385681,0,1,0,0,0,0.003317229143486442,-0.8912253263329847,-0.943584841168864,0,0,0,0,0,False,False,
7,0,1500.1224305590495,870.0379180411838,0.197125765129273,1.1178439855575562,0.0723414272069931,0,1,0,0,0,0.0024471256443304255,-0.8875517072043408,-0.9417232408718879,0,0,0,0,0,False,False,
7,1,1497.455398316487,870.1948016497449,0.5128695749855918,3.8256311416625977,0.1003502681851387,0,1,0,0,0,-0.009281861562913225,-0.8946754181746106,-0.9414959128043585,0,0,0,0,0,False,False,
7,2,1499.7114859880246,870.0624169905537,0.1692166226638348,1.3052412271499634,0.07305887341499329,0,1,0,0,0,-0.0008817809882152182,-0.8886495922563671,-0.941642877957684,0,0,0,0,0,False,False,
7,3,1497.2036684161003,870.1288419369814,0.6077351728400597,3.7987489700317383,0.08469612151384354,0,1,0,0,0,0.015644074058604927,-0.8953380208426022,-0.9511498357209087,0,0,0,0,0,False,False,
7,4,1498.825568236049,870.0895166402765,0.3888013056777625,2.176297426223755,0.08987919241189957,0,1,0,0,0,0.005633745286955142,-0.8910126992412744,-0.9445672054362235,0,0,0,0,0,False,False,
7,5,1501.0225216528072,869.9989635600383,0.07906655341105391,0.26395151019096375,0.003924868069589138,0,1,0,0,0,0.00023889569671129923,-0.8851494096268738,-0.9401748308240951,7,0,0,0,0,False,False,
7,6,1499.048124911086,870.0946653416735,0.7286809266745361,2.035344362258911,0.0756770446896553,0,1,0,0,0,-0.002697897918307035,-0.8904205547155862,-0.9424052215012024,0,0,0,0,0,False,False,
7,7,1498.6984867346616,870.1043178413173,0.047942524394277826,2.303894281387329,0.06894940882921219,0,1,0,0,0,0.0035407039476107608,-0.8913530346380479,-0.9436806656361918,1,0,0,0,0,False,False,
8,0,1499.6142240991132,870.0607757232325,0.5087202370159851,1.626537799835205,0.08539503067731857,0,1,0,0,0,0.0010307362634755968,-0.888908222613863,-0.9425221139873007,0,0,0,0,0,False,False,
8,1,1496.6385387929406,870.2495772238154,0.8186939872277891,4.644358158111572,0.11452995985746384,0,1,0,0,0,-0.01380471812085615,-0.8968581894782163,-0.940631287888845,0,0,0,0,0,False,False,
8,2,1499.7114859880246,870.0624169905537,0.0,1.3052412271499634,0.0732371136546135,0,1,0,0,0,-0.0008817809882152182,-0.8886495922563671,-0.941642877957684,1,0,0,0,0,False,False,
8,3,1497.1172906097574,870.1308209716765,0.08640047457579557,3.8850748538970947,0.08455342054367065,0,1,0,0,0,0.015814159166258276,-0.8955681505247329,-0.9515168215980753,1,0,0,0,0,False,False,
8,4,1498.1291157020119,870.1158629009452,0.6969506852124884,2.8732051849365234,0.10696428269147873,0,1,0,0,0,0.005797461077978659,-0.8928710433694561,-0.946260776134377,0,0,0,0,0,False,False,
8,5,1501.0225216528072,869.9989635600383,0.0,0.26395151019096375,0.001832420937716961,0,1,0,0,0,0.00023889569671129923,-0.8851494096268738,-0.9401748308240951,8,0,0,0,0,False,False,
8,6,1498.2270486077914,870.1412240572342,0.822395288062119,2.8577089309692383,0.095206119120121,0,1,0,0,0,-0.006665309278639597,-0.8926134088047432,-0.9425440288718188,0,0,0,0,0,False,False,
8,7,1498.3366986060407,870.1192224069001,0.36209500975060693,2.6660170555114746,0.08125808835029602,0,1,0,0,0,0.003450540898227119,-0.8923186811115456,-0.9444210907219189,0,0,0,0,0,False,False,
9,0,1498.800739824364,870.1038450226786,0.8146236123627962,2.4411516189575195,0.10012319684028625,0,1,0,0,0,-0.004108852289101921,-0.8910804824374041,-0.9430279072350836,0,0,0,0,0,False,False,
9,1,1496.0423925401349,870.2914299321961,0.5976135908203685,5.24201774597168,0.13242138922214508,0,1,0,0,0,-0.016048311206970173,-0.8984514495980777,-0.9397658196808569,0,0,0,0,0,False,False,
9,2,1499.849180583488,870.0558216266053,-0.13785245897500004,1.443094253540039,0.08426295220851898,0,1,0,0,0,-0.0009161288357912806,-0.8882819846123318,-0.9414739943465672,0,0,0,0,0,False,False,
9,3,1497.1172906097574,870.1308209716765,0.0,3.8850748538970947,0.08606398850679398,0,1,0,0,0,0.015814159166258276,-0.8955681505247329,-0.9515168215980753,2,0,0,0,0,False,False,
9,4,1497.1308139497348,870.1579359573947,0.9991879356149856,3.8723840713500977,0.1255599856376648,0,1,0,0,0,0.0031318145285771,-0.8955354896447425,-0.9481662097736626,0,0,0,0,0,False,False,
9,5,1501.0334890289332,869.9984580103769,-0.010979021793825615,0.27494868636131287,-0.001199160236865282,0,1,0,0,0,0.00026373613364809344,-0.8851200838933374,-0.9402333753321572,9,0,0,0,0,False,False,
9,6,1497.211454491657,870.2107430503725,1.0179706769519463,3.8757104873657227,0.11491593718528748,0,1,0,0,0,-0.014480457232275196,-0.8953273951022891,-0.9412905031946206,0,0,0,0,0,False,False,
9,7,1497.666675141224,870.1501110463358,0.6707350829135543,3.3367724418640137,0.09610385447740555,0,1,0,0,0,0.0003403161684783779,-0.8941073617009397,-0.9453806896657394,0,0,0,0,0,False,False,
10,0,1498.488797503567,870.1216547914245,0.312450315037483,2.753671884536743,0.11827807128429413,0,1,0,0,0,-0.0067942768040985075,-0.8919138225986227,-0.9430644332337048,0,0,0,0,0,False,False,
10,1,1495.9661496867761,870.2968430870911,0.07643477568614727,5.318378925323486,0.13158972561359406,0,1,0,0,0,-0.016583541075494028,-0.8986550125367267,-0.9396562273919005,1,0,0,0,0,False,False,
10,2,1500.0722535536054,870.0450053103197,-0.22333504582780414,1.6665030717849731,0.09710115939378738,0,1,0,0,0,-0.0012829025226140957,-0.8876862291489217,-0.9412247513945199,0,0,0,0,0,False,False,
10,3,1496.9601707514234,870.134319862002,0.15715881176822427,4.042219161987305,0.1026928499341011,0,1,0,0,0,0.01628762560939347,-0.895987068393239,-0.9521833406742658,0,0,0,0,0,False,False,
10,4,1496.6598848971964,870.1799467979672,0.4714431563056302,4.343843460083008,0.14396731555461884,0,1,0,0,0,0.0002158303396230268,-0.896792715049979,-0.948818968174771,0,0,0,0,0,False,False,
10,5,1501.1819927018666,869.9916630669633,-0.14865904658224127,0.42366546392440796,0.013369208201766014,0,1,0,0,0,0.0004784616606192079,-0.8847235059037373,-0.9410529984450259,0,0,0,0,0,False,False,
10,6,1495.9011454744639,870.3030870631228,1.3135589584135257,5.189263343811035,0.13151317834854126,0,1,0,0,0,-0.016308156605704956,-0.898829091723465,-0.9393558437538556,0,0,0,0,0,False,False,
10,7,1496.8225901809913,870.1871949533088,0.8448991870320594,4.181581974029541,0.10594461858272552,0,1,0,0,0,0.0017539075191636913,-0.8963601790721873,-0.9468177100681575,0,0,0,0,0,False,False,
11,0,1498.1672069651213,870.1416203259073,0.32220970963792017,3.075824022293091,0.13664135336875916,0,1,0,0,0,-0.010039861020027905,-0.8927727888933014,-0.9429183185194002,0,0,0,0,0,False,False,
11,1,1495.6123408221893,870.3236772410033,0.35482500542716966,5.673278331756592,0.14906077086925507,0,1,0,0,0,-0.019836767159539668,-0.8996009544773762,-0.938901187618797,0,0,0,0,0,False,False,
11,2,1500.429355720696,870.0268218055969,-0.35756481592128486,2.024021625518799,0.10567525774240494,0,1,0,0,0,-0.0028033245373036506,-0.8867328555550108,-0.9409170604127868,0,1,0,0,0,False,False,
11,3,1496.9601707514234,870.134319862002,0.0,4.042219161987305,0.1031523048877716,0,1,0,0,0,0.01628762560939347,-0.895987068393239,-0.9521833406742658,1,0,0,0,0,False,False,
11,4,1495.8827883552165,870.2184975262297,0.7780521796170863,5.121899604797363,0.16052758693695068,0,1,0,0,0,-0.0016400652534615447,-0.8988675252320957,-0.9496105339464955,0,0,0,0,0,False,False,
11,5,1501.4149301058521,869.9814631589907,-0.2331606148089766,0.6567985415458679,0.021739937365055084,0,1,0,0,0,0.0017193814319161522,-0.8841018199981086,-0.9422751150508211,0,0,0,0,0,False,False,
11,6,1494.3029716045305,870.4218823120071,1.6025829244364715,6.791815757751465,0.15123620629310608,0,1,0,0,0,-0.019577216938054993,-0.9031006303381472,-0.9362617893717248,0,0,0,0,0,False,False,
11,7,1496.5030912765078,870.2003511031713,0.31976965810616476,4.501433849334717,0.12155844271183014,0,1,0,0,0,0.0035342087006246933,-0.8972131047694571,-0.9474631611255776,0,0,0,0,0,False,False,
12,0,1497.536888797499,870.1814635216848,0.6315761812200673,3.707453727722168,0.14739826321601868,0,1,0,0,0,-0.010926642177424936,-0.8944568904316968,-0.9425294177577156,0,0,0,0,0,False,False,
12,1,1494.9719717329697,870.3725961833611,0.642234873974678,6.315527439117432,0.15940223634243011,0,1,0,0,0,-0.02053445750028718,-0.901312740223813,-0.9375007003615466,0,0,0,0,0,False,False,
12,2,1500.4663059701866,870.0249442497345,-0.03699792093387981,2.061054229736328,0.09763439744710922,0,1,0,0,0,-0.002734016011163476,-0.8866341023965157,-0.9408805308408924,1,0,0,0,0,False,False,
12,3,1497.097992435827,870.1314071736215,-0.13785245897500004,4.180067539215088,0.11632783710956573,0,1,0,0,0,0.016950344099779437,-0.8956196018798923,-0.9515752660544878,0,0,0,0,0,False,False,
12,4,1495.6290989720362,870.2314510779313,0.2540198764664759,5.37589168548584,0.17690758407115936,0,1,0,0,0,-0.0025791639046452196,-0.8995448316315576,-0.9498232508999217,0,0,0,0,0,False,False,
12,5,1501.6246137783257,869.9728266531363,-0.20986145843240378,0.8666918277740479,0.034099530428647995,0,1,0,0,0,0.0033548968370559528,-0.8835421127977312,-0.9433069620054146,0,0,0,0,0,False,False,
12,6,1493.2419571270082,870.4945708596499,1.0635014557913363,7.855338096618652,0.16575324535369873,0,1,0,0,0,-0.016367846199489753,-0.9059357799461991,-0.9349425083211528,0,0,0,0,0,False,False,
12,7,1496.1797746967482,870.2123569467842,0.323539411862594,4.824897289276123,0.13727383315563202,0,1,0,0,0,0.006157118204960612,-0.8980756330109722,-0.9482766453550936,0,0,0,0,0,False,False,
13,0,1496.6033365151854,870.2353498690856,0.9351061983800617,4.64247989654541,0.166843444108963,0,1,0,0,0,-0.00762504433968066,-0.8969501185536571,-0.9425805584437131,0,0,0,0,1,False,False,
13,1,1494.8519576752549,870.381782345363,0.12036510965183252,6.435871124267578,0.17295211553573608,0,1,0,0,0,-0.02069655520862865,-0.9016334907153111,-0.9372368498686694,0,0,0,0,1,False,False,
13,2,1500.18813394252,870.0396937493084,0.2785627841507713,2.3396410942077637,0.11116103827953339,0,1,0,0,0,-0.004163744009200185,-0.8873769855747212,-0.9410558713566763,0,0,0,0,1,False,False,
13,3,1496.918696533368,870.1351446801507,0.17933485325990267,4.359427452087402,0.1284763514995575,0,1,0,0,0,0.017212893572965033,-0.8960977199548631,-0.9523814429403156,0,0,0,0,1,False,False,
13,4,1495.0652027665358,870.2598399167326,0.5646103583413403,5.94057035446167,0.1931268870830536,0,1,0,0,0,-0.0021562747021028547,-0.9010506326424546,-0.9503509626054959,0,0,0,0,1,False,False,
13,5,1501.9687068071717,869.9604195459357,-0.3443166403319738,1.2110309600830078,0.04312880337238312,0,1,0,0,0,0.006564401768145621,-0.882623924634951,-0.9447925288974891,0,0,0,0,1,False,False,
13,6,1491.8860007371266,870.570956590135,1.3581062223119813,9.213446617126465,0.18443891406059265,0,1,0,0,0,-0.008993951609971242,-0.909557054193854,-0.9352282772718213,0,0,0,0,1,False,False,
13,7,1495.7657503166756,870.2276832891906,0.41430795800465353,5.239243030548096,0.14898444712162018,0,1,0,0,0,0.006298916265304734,-0.8991805014682767,-0.9493247614225538,0,0,0,0,1,False,False,
14,0,1495.8219089421418,870.2787728648328,0.7826331250799257,5.425178050994873,0.18341468274593353,0,1,0,0,0,-0.006387638650259772,-0.8990372113343577,-0.9428224976253455,0,0,0,0,2,False,False,
14,1,1494.5877301622245,870.401832528715,0.2649871477915804,6.700793266296387,0.18964657187461853,0,1,0,0,0,-0.02042602375382343,-0.9023395861385739,-0.9366726085912007,0,0,0,0,2,False,False,
14,2,1499.6271267160046,870.0726138528968,0.5619722781621048,2.9016435146331787,0.13036248087882996,0,1,0,0,0,-0.007859296635711784,-0.8888755448503363,-0.9410120344410937,0,0,0,0,2,False,False,
14,3,1496.4275870732556,870.1464710649709,0.4912400521178761,4.850647449493408,0.14250758290290833,0,1,0,0,0,0.016003242526989918,-0.8974072332595544,-0.9544338453061998,0,0,0,0,2,False,False,
14,4,1494.49749908011,870.2902044812151,0.5685151557854148,6.509010314941406,0.20809781551361084,0,1,0,0,0,-0.004216707006676125,-0.902566439784445,-0.9506659573576439,0,0,0,0,2,False,False,
14,5,1502.444948075632,869.945245536004,-0.4764829444608787,1.687469720840454,0.04602205380797386,0,1,0,0,0,0.009133697200220404,-0.8813535525186306,-0.9466147267109204,0,1,0,0,2,False,False,
14,6,1491.0630341441977,870.6086828873356,0.8238308604181999,10.037308692932129,0.20093591511249542,0,1,0,0,0,-0.0023901230110526385,-0.9117540044457834,-0.9364452769503983,0,0,0,0,2,False,False,
14,7,1495.3533698713384,870.2422704416836,0.4126383606917779,5.651854515075684,0.16260334849357605,0,1,0,0,0,0.007425756672193037,-0.900280724689052,-0.9504540908432387,0,0,0,0,2,False,False,
15,0,1495.563800661246,870.2934689396102,0.2585263222205437,5.683653354644775,0.19743876159191132,0,1,0,0,0,-0.007306467755503832,-0.8997264338256198,-0.9428590236239668,0,0,0,0,3,False,False,
15,1,1494.1028167132629,870.4366045336509,0.4861585598456111,7.187020301818848,0.20499491691589355,0,1,0,0,0,-0.018021172613116063,-0.9036356830219177,-0.935895650360306,0,0,0,0,3,False,False,
15,2,1499.5858591808712,870.0750336855644,0.04133842094380742,2.94297194480896,0.1274397224187851,0,1,0,0,0,-0.007839403688635432,-0.8889857467263639,-0.9410120344410937,1,0,0,0,3,False,False,
15,3,1495.6304600603653,870.1700329307928,0.7974751633752569,5.6481146812438965,0.162710040807724,0,1,0,0,0,0.012122161513112436,-0.8995334349062175,-0.9571682247281253,0,0,0,0,3,False,False,
15,4,1493.9519032731323,870.320342870709,0.5464275863395255,7.0554938316345215,0.22496342658996582,0,1,0,0,0,-0.005409275580287461,-0.9040236780063633,-0.9508567558532788,0,0,0,0,3,False,False,
15,5,1502.9353720009083,869.930922763646,-0.49063302812936205,2.1781578063964844,0.05258997157216072,0,1,0,0,0,0.010705914100799734,-0.8800452368749583,-0.948334471635243,0,2,0,0,3,False,False,
15,6,1489.9404198932643,870.6532844898173,1.1234999151502743,11.160751342773438,0.2151675969362259,0,1,0,0,0,0.0015469482273718742,-0.9147498422363426,-0.9389231060765884,0,0,0,0,3,False,False,
15,7,1495.3533698713384,870.2422704416836,0.0,5.651854515075684,0.1615784764289856,0,1,0,0,0,0.007425756672193037,-0.900280724689052,-0.9504540908432387,1,0,0,0,3,False,False,
16,0,1495.563800661246,870.2934689396102,0.0,5.683653354644775,0.19375388324260712,0,1,0,0,0,-0.007306467755503832,-0.8997264338256198,-0.9428590236239668,1,0,0,0,4,False,False,
16,1,1493.3124074664247,870.4939922596939,0.7924898286966288,7.979509353637695,0.2171943485736847,0,1,0,0,0,-0.019007123698486023,-0.9057480628136523,-0.9345170744143005,0,0,0,0,4,False,False,
16,2,1499.5858591808712,870.0750336855644,0.0,2.94297194480896,0.12917907536029816,0,1,0,0,0,-0.007839403688635432,-0.8889857467263639,-0.9410120344410937,2,0,0,0,4,False,False,
16,3,1494.7351361471335,870.1948331851443,0.8956673278738746,6.5438432693481445,0.17754103243350983,0,1,0,0,0,0.01362886478821963,-0.9019215089150724,-0.9604303158556251,0,0,0,0,4,False,False,
16,4,1493.101973352405,870.3738148355263,0.8516103106287561,7.907153129577637,0.24134644865989685,0,1,0,0,0,-0.010527705568835522,-0.9062944642643291,-0.9503655737195991,0,0,0,0,4,False,False,
16,5,1503.2301667888873,869.9225782754398,-0.29491286425490787,2.473074436187744,0.06345467269420624,0,1,0,0,0,0.01120355961645032,-0.8792589171450642,-0.9493297282722978,0,0,0,0,4,False,False,
16,6,1488.8079790676154,870.7029364898837,1.1335288018868221,12.294286727905273,0.2315218299627304,0,1,0,0,0,-0.0011080612272868014,-0.9177725992873211,-0.9408577655173533,0,0,0,0,4,False,False,
16,7,1495.0385719688898,870.2521093982498,0.31495162239999996,5.966829299926758,0.17906171083450317,0,1,0,0,0,0.010129076471316504,-0.9011205534745914,-0.9514583735683896,0,0,0,0,4,False,False,
17,0,1495.589744160203,870.2919868608036,-0.025985797962020076,5.709573745727539,0.19029304385185242,0,1,0,0,0,-0.007421855246708257,-0.8996573172322789,-0.9428517198535519,2,0,0,0,5,False,False,
17,1,1492.2219880759028,870.5660931410442,1.0928005235713065,9.072221755981445,0.23277264833450317,0,1,0,0,0,-0.015374798716278646,-0.9086611391802398,-0.9334762656905284,0,0,0,0,5,False,False,
17,2,1499.6553203889505,870.0709435271137,-0.06958152645621409,3.012550115585327,0.12768582999706268,0,1,0,0,0,-0.007982385184787846,-0.8888002192233171,-0.941019341784782,3,0,0,0,5,False,False,
17,3,1494.0413648703245,870.2132770500128,0.6940163979881854,7.237813472747803,0.19418954849243164,0,1,0,0,0,0.01461395086290938,-0.9037716177409164,-0.9630542596961197,0,0,0,0,5,False,False,
17,4,1492.1256985270816,870.4389336558922,0.9784441707762866,8.885515213012695,0.25748366117477417,0,1,0,0,0,-0.0132984188387291,-0.9089028792884045,-0.9493759021085514,0,0,0,0,5,False,False,
17,5,1503.657968869644,869.9121002895143,-0.42793037808588563,2.900937557220459,0.06686567515134811,0,1,0,0,0,0.013502330550957077,-0.8781182064565227,-0.9505884351956319,0,1,0,0,5,False,False,
17,6,1487.8082460078613,870.7420500546526,1.0004979069016053,13.294807434082031,0.23969121277332306,0,1,0,0,0,0.001955586519414333,-0.9204406433899559,-0.9431301850338054,0,0,0,0,5,False,False,
17,7,1494.9836542321805,870.2537922774626,0.054943515429256566,6.021785736083984,0.17921656370162964,0,1,0,0,0,0.010534023228936462,-0.9012670821332132,-0.9516410178545884,1,0,0,0,5,False,False,
18,0,1495.3007949673884,870.3080315568374,0.28939431283128775,5.998959541320801,0.20230133831501007,0,1,0,0,0,-0.006456635058415196,-0.9004289735850507,-0.9429402369771915,0,0,0,0,6,False,False,
18,1,1490.8371874505044,870.6399183552264,1.3867670800651917,10.459074020385742,0.25455665588378906,0,1,0,0,0,-0.007553210391983435,-0.9123591632047211,-0.934282439003083,0,0,0,0,6,False,False,
18,2,1499.6911422057974,870.0688382169834,-0.03588362987442288,3.0484986305236816,0.12760375440120697,0,1,0,0,0,-0.007904819781752634,-0.8887043625523458,-0.941019341784782,4,0,0,0,6,False,False,
18,3,1493.2837802014485,870.2368450448555,0.7579511731614664,7.995748043060303,0.20434735715389252,0,1,0,0,0,0.01198791149208647,-0.9057924255054098,-0.9655028701673767,0,0,0,0,6,False,False,
18,4,1491.6757621017393,870.4707186302278,0.4510577251784544,9.336588859558105,0.27325350046157837,0,1,0,0,0,-0.01600774486644525,-0.9101053657078323,-0.9487020756886726,0,0,0,0,6,False,False,
18,5,1503.764219711235,869.9094791687779,-0.1062831671182578,3.007171154022217,0.07255823910236359,0,1,0,0,0,0.013359003763997634,-0.8778349791225001,-0.9509031119264654,0,0,0,0,6,False,False,
18,6,1486.9682414800848,870.7678760380433,0.8404014446102583,14.135169982910156,0.25636211037635803,0,1,0,0,0,0.007494504708291237,-0.9226814589519037,-0.9458864829135223,0,0,0,0,6,False,False,
18,7,1494.6337561671241,870.2627884969181,0.35001369672435123,6.371755599975586,0.1955208033323288,0,1,0,0,0,0.01380154880704083,-0.9022001207173223,-0.9529976753428027,0,0,0,0,6,False,False,
19,0,1494.790436512134,870.3336298318546,0.511000024005415,6.509975910186768,0.2165176421403885,0,1,0,0,0,-0.0030891695885382356,-0.9017916682020405,-0.9434314191108712,0,0,0,0,7,False,False,
19,1,1489.3578921069677,870.6907528139448,1.480168522703665,11.93919563293457,0.27504172921180725,0,1,0,0,0,0.004696739129784078,-0.9163060515315188,-0.9384903683993211,0,0,0,0,7,False,False,
19,2,1499.7655946724021,870.0644906280918,-0.0745792954692262,3.1230874061584473,0.12783946096897125,0,1,0,0,0,-0.007651819765673117,-0.8885054727935446,-0.941019341784782,5,0,0,0,7,False,False,
19,3,1492.345926530239,870.2685449542557,0.9383892544447062,8.934150695800781,0.21496587991714478,0,1,0,0,0,0.010556214275562246,-0.9082945004845708,-0.9682299422456141,0,0,0,0,7,False,False,
19,4,1490.9199279846598,870.5286346984286,0.7580497895899172,10.094664573669434,0.2916514277458191,0,1,0,0,0,-0.02025093218144826,-0.9121259001946347,-0.9470231196778954,0,0,0,0,7,False,False,
19,5,1503.9953539588635,869.9040537628773,-0.23119791403888176,3.238436222076416,0.07716897130012512,0,1,0,0,0,0.014049249652380367,-0.8772184231367282,-0.9515544195786556,0,0,0,0,7,False,False,
19,6,1486.021596621921,870.7966238248141,0.9470812651151136,15.08226203918457,0.27173882722854614,0,1,0,0,0,0.007995441909809466,-0.9252068440414695,-0.949031685128197,0,0,0,0,7,False,False,
19,7,1493.9750870855828,870.279244347817,0.6588746117489512,7.030651569366455,0.2076370120048523,0,1,0,0,0,0.014525989723734117,-0.9039567252843325,-0.9556143154128823,0,0,0,0,7,False,False,
20,0,1494.7605834295953,870.335120240661,0.02989026355631023,6.53980016708374,0.21436847746372223,0,1,0,0,0,-0.0029444821134859468,-0.9018711980481768,-0.9434533375686626,1,0,0,0,8,False,False,
20,1,1488.4149034994196,870.7227057693119,0.9435298115705114,12.882730484008789,0.28531455993652344,0,1,0,0,0,0.005155854107884276,-0.9188220664126439,-0.9412247513945199,0,0,0,0,8,False,False,
20,2,1499.85097071367,870.0594766239255,-0.08552314692742904,3.2085647583007812,0.12245801836252213,0,1,0,0,0,-0.007847048135899589,-0.8882775522611923,-0.941033952898885,6,0,0,0,8,False,False,
20,3,1491.7888661636841,870.2901076786137,0.5574775359311838,9.49169635772705,0.22786037623882294,0,1,0,0,0,0.007558982007595697,-0.9097811843699948,-0.9695273048383949,0,0,0,0,8,False,False,
20,4,1489.9124805584086,870.6137379691187,1.0110355499894432,11.105697631835938,0.3121078610420227,0,1,0,0,0,-0.026012887491358723,-0.9148198081593829,-0.9438486952350145,0,0,0,0,8,False,False,
20,5,1504.360578684562,869.8968515623899,-0.36529573218599665,3.6037416458129883,0.08205857127904892,0,1,0,0,0,0.016308021522371836,-0.8762445976173543,-0.9524179510725709,0,1,0,0,8,False,False,
20,6,1485.2652349865211,870.8188252653674,0.7566874040627398,15.838935852050781,0.2891024649143219,0,1,0,0,0,0.008880333343987938,-0.9272244506166799,-0.9516410178545884,0,0,0,0,8,False,False,
20,7,1493.0136820014766,870.3090608497699,0.961867329486843,7.99254035949707,0.22834572196006775,0,1,0,0,0,0.010983002576160554,-0.9065213922322205,-0.9587294413870566,0,0,0,0,8,False,False,
21,0,1494.5762458758948,870.3442745367045,0.18456471721417086,6.724353790283203,0.23085960745811462,0,1,0,0,0,-0.0027906733755382143,-0.9023633357198664,-0.9436441360642974,0,0,0,0,9,False,False,
21,1,1487.7417972644262,870.7442425116279,0.6734506922236044,13.556171417236328,0.2981365919113159,0,1,0,0,0,0.006500564329446787,-0.9206178162829337,-0.9433282908731284,0,0,0,0,9,False,False,
21,2,1500.0725779525894,870.045995132341,-0.22201693394161448,3.4306507110595703,0.1325458139181137,0,1,0,0,0,-0.009135830630223532,-0.8876853820390997,-0.9410997046989857,0,0,0,0,9,False,False,
21,3,1491.7519820973994,870.2915425620646,0.036911966030326565,9.52859115600586,0.22443349659442902,0,1,0,0,0,0.007442902821304958,-0.9098795634433169,-0.9696076677525987,1,0,0,0,9,False,False,
21,4,1488.9394415507054,870.7033141091389,0.9771534144507781,12.082837104797363,0.33245939016342163,0,1,0,0,0,-0.031775770188910236,-0.9174223632299219,-0.9398981665735329,0,0,0,0,9,False,False,
21,5,1504.857633752972,869.8903956468698,-0.49709699242444105,4.10085391998291,0.08533436805009842,0,1,0,0,0,0.020374299273533184,-0.8749196494379969,-0.9531936658043929,0,2,0,0,9,False,False,
21,6,1485.0323220044295,870.8252367379092,0.23300121074146538,16.07193374633789,0.305046409368515,0,1,0,0,0,0.010128144964375313,-0.9278457013706066,-0.9524918785217465,0,0,0,0,9,False,False,
21,7,1491.7560940535986,870.3608452631973,1.2586536744163908,9.25117301940918,0.2484622299671173,0,1,0,0,0,0.004689656650492048,-0.9098776586357145,-0.9612876334274505,0,0,0,0,9,False,False,
22,0,1494.0803856426635,870.3669565991316,0.49637873328348003,7.220720291137695,0.24532251060009003,0,1,0,0,0,-0.0003057781975737978,-0.9036869793052702,-0.9443837142842768,0,0,0,0,10,False,False,
22,1,1487.2319690455106,870.7584611038574,0.5100264514391488,14.06625747680664,0.31593528389930725,0,1,0,0,0,0.009271704786224985,-0.9219779038071817,-0.9451761304950224,0,0,0,0,10,False,False,
22,2,1500.4265943515513,870.0240060484831,-0.35469864750638075,3.785339593887329,0.1338367611169815,0,1,0,0,0,-0.009862699161226373,-0.8867396612008286,-0.9412685847368293,0,1,0,0,10,False,False,
22,3,1491.7163857259493,870.2929404741438,0.03562380971475336,9.564141273498535,0.22263596951961517,0,1,0,0,0,0.007215984976506067,-0.9099743581253821,-0.9696888811058234,2,0,0,0,10,False,False,
22,4,1488.491562228622,870.7447198378741,0.4497891967600322,12.532620429992676,0.34825965762138367,0,1,0,0,0,-0.032493410462827735,-0.9186202501697487,-0.9380649416390152,0,0,0,0,10,False,False,
22,5,1505.4619508909573,869.8856556777779,-0.6043357267030054,4.705120086669922,0.08517797291278839,0,1,0,0,0,0.023347972540021703,-0.8733093740367661,-0.9537571566944901,0,3,0,0,10,False,False,
22,6,1485.0323220044295,870.8252367379092,0.0,16.07193374633789,0.30418047308921814,0,1,0,0,0,0.010128144964375313,-0.9278457013706066,-0.9524918785217465,1,0,0,0,10,False,False,
22,7,1490.2099315650514,870.4533797806467,1.5489290099646293,10.800082206726074,0.2690942883491516,0,1,0,0,0,-0.007509727611477186,-0.9140078080811541,-0.9609726386753025,0,0,0,0,10,False,False,
23,0,1493.5802925044745,870.3868219657983,0.5004875419594306,7.721238136291504,0.2648375928401947,0,1,0,0,0,0.0035682751462770865,-0.9050216730194939,-0.9454838214767555,0,0,0,0,11,False,False,
23,1,1487.2319690455106,870.7584611038574,0.0,14.06625747680664,0.3126572072505951,0,1,0,0,0,0.009271704786224985,-0.9219779038071817,-0.9451761304950224,1,0,0,0,11,False,False,
23,2,1500.6955233169467,870.0075086912954,-0.26943450265853763,4.054764747619629,0.14416879415512085,0,1,0,0,0,-0.009316467991694645,-0.8860212703222341,-0.9413717129745721,0,0,0,0,11,False,False,
23,3,1491.4565246963402,870.3039019150174,0.2600921142508468,9.824258804321289,0.23863942921161652,0,1,0,0,0,0.005408394463303997,-0.9106679784041661,-0.9701873687965548,0,0,0,0,11,False,False,
23,4,1488.491562228622,870.7447198378741,0.0,12.532620429992676,0.34895870089530945,0,1,0,0,0,-0.032493410462827735,-0.9186202501697487,-0.9380649416390152,1,0,0,0,11,False,False,
23,5,1505.96713410538,869.8840130724542,-0.5051858848846342,5.210371971130371,0.08969736844301224,0,1,0,0,0,0.02599493365480738,-0.8719631705762848,-0.9539547444091996,0,4,0,0,11,False,False,
23,6,1485.0482037014467,870.8247973967644,-0.015887772681791625,16.087810516357422,0.3032226264476776,0,1,0,0,0,0.010036879838524252,-0.9278033670311955,-0.9524398909700014,2,0,0,0,11,False,False,
23,7,1488.5655377587586,870.5914666333181,1.650181495792071,12.450282096862793,0.28841960430145264,0,1,0,0,0,-0.024018888373167454,-0.9184053661941856,-0.9558854732494477,0,0,0,0,11,False,False,
24,0,1493.1508417845419,870.4026308991959,0.42974160052967947,8.150972366333008,0.2802460491657257,0,1,0,0,0,0.005485176298233796,-0.9061675888893667,-0.9465757708865251,0,0,0,0,12,False,False,
24,1,1487.2195268199864,870.7588072289901,0.012447038949227017,14.078712463378906,0.3087959885597229,0,1,0,0,0,0.009321351475059537,-0.9220111115564158,-0.9452272676077468,2,0,0,0,12,False,False,
24,2,1500.9901681479198,869.9896792089069,-0.2951837848890848,4.349859237670898,0.15355661511421204,0,1,0,0,0,-0.008727966929408302,-0.8852344264663686,-0.9414520794620491,0,0,0,0,12,False,False,
24,3,1491.1160940829766,870.319737529885,0.340798722435157,10.165082931518555,0.25727930665016174,0,1,0,0,0,0.00268105464253823,-0.9115768341015177,-0.9706639398161314,0,0,0,0,12,False,False,
24,4,1488.1779602361987,870.7738456820789,0.31495162239999996,12.847573280334473,0.36687636375427246,0,1,0,0,0,-0.03310532606237631,-0.919458993965927,-0.9367529715054046,0,0,0,0,12,False,False,
24,5,1506.2528654045352,869.8835402079623,-0.2857316904330808,5.496016979217529,0.09903254359960556,0,1,0,0,0,0.02685184563000102,-0.8712021304513249,-0.9540132889172617,0,0,0,0,12,False,False,
24,6,1485.1631110293238,870.821454057071,-0.11495595643614497,16.202726364135742,0.31808558106422424,0,1,0,0,0,0.009085937969689754,-0.9274969589971653,-0.9520372259599613,0,0,0,0,12,False,False,
24,7,1486.751288818722,870.7976256879919,1.825924634876194,14.276162147521973,0.3087766170501709,0,1,0,0,0,-0.045424026028826524,-0.9232627358464046,-0.9438413914645996,0,0,0,0,12,False,False,
25,0,1492.776740106827,870.414818600192,0.374300154053728,8.525315284729004,0.2956988215446472,0,1,0,0,0,0.008265715151670369,-0.9071657511090238,-0.9477270187650013,0,0,0,0,13,False,False,
25,1,1486.892442197,870.7671990642034,0.3271922576901698,14.405847549438477,0.3256550431251526,0,1,0,0,0,0.010817100706878099,-0.9228833480055052,-0.9464954079723212,0,0,0,0,13,False,False,
25,2,1501.225034853505,869.9759528665141,-0.23526746878376364,4.585123538970947,0.15713301301002502,0,1,0,0,0,-0.00737524365619322,-0.884607097183839,-0.9429337407665191,0,0,0,0,13,False,False,
25,3,1490.9465377768843,870.3280602273879,0.16976044365332105,10.33484172821045,0.27450111508369446,0,1,0,0,0,0.0010553014143337375,-0.912029523327768,-0.9708465823156938,0,0,0,0,13,False,False,
25,4,1487.8433405051305,870.8047531745848,0.3360441005480574,13.183589935302734,0.38381335139274597,0,1,0,0,0,-0.033152149380175744,-0.9203538410977715,-0.935382549768835,0,0,0,0,13,False,False,
25,5,1506.4186971515348,869.8831675119657,-0.16583216580413115,5.6619110107421875,0.10354744642972946,0,1,0,0,0,0.026383962502655813,-0.8707601284627714,-0.9540571972983082,0,0,0,0,13,False,False,
25,6,1485.3049219960917,870.8173226856189,-0.1418711335181017,16.344633102416992,0.3262374997138977,0,1,0,0,0,0.009015781356838046,-0.927118579368521,-0.9515460438262815,0,0,0,0,13,False,False,
25,7,1484.6741542918642,871.0433386086996,2.091617240813493,16.367794036865234,0.32314780354499817,0,1,0,0,0,-0.05213758806068193,-0.9288230823198882,-0.9288802859716268,0,0,0,0,13,False,False,
26,0,1492.4535356646454,870.423862344615,0.3233309461821392,8.848685264587402,0.31103312969207764,0,1,0,0,0,0.011293617013394118,-0.9080279392375031,-0.9488920237452866,0,0,0,0,14,False,False,
26,1,1486.58478261362,870.774032116163,0.3077354543184239,14.713541030883789,0.3424844741821289,0,1,0,0,0,0.013149889298098098,-0.9237036900623385,-0.9478146854496201,0,0,0,0,14,False,False,
26,2,1501.473585298289,869.9616859390504,-0.24895957266521537,4.834190368652344,0.1594991534948349,0,1,0,0,0,-0.006675176982200683,-0.8839429553466143,-0.944646167627334,0,0,0,0,14,False,False,
26,3,1490.9465377768843,870.3280602273879,0.0,10.33484172821045,0.2760661244392395,0,1,0,0,0,0.0010553014143337375,-0.912029523327768,-0.9708465823156938,1,0,0,0,14,False,False,
26,4,1487.370065755672,870.8492348025403,0.47536049867508545,13.658943176269531,0.39970946311950684,0,1,0,0,0,-0.0347278840914773,-0.9216195931556389,-0.933352065860742,0,0,0,0,14,False,False,
26,5,1506.6741531873183,869.8824603629567,-0.25545701454055497,5.917405128479004,0.10607129335403442,0,1,0,0,0,0.025916190830514867,-0.8700793752622762,-0.9541450140604012,0,0,0,0,14,False,False,
26,6,1485.1296101398125,870.822210134005,0.1753799706459002,16.519994735717773,0.33508628606796265,0,1,0,0,0,0.009877145864272545,-0.9275861525092982,-0.9521760333305777,0,0,0,0,14,False,False,
26,7,1482.547088679374,871.3123502696795,2.144009186916257,18.511816024780273,0.3413195013999939,0,1,0,0,0,-0.06226006489246553,-0.9345153381302159,-0.911477873777812,0,0,0,0,14,False,False,
27,0,1492.1240290681994,870.4313392690887,0.3295914160001039,9.178236961364746,0.3275798559188843,0,1,0,0,0,0.014801274061316387,-0.9089065072586904,-0.9502925181490833,0,0,0,0,15,False,False,
27,1,1486.2777185846242,870.7808901799323,0.3071406045149502,15.020746231079102,0.3545215129852295,0,1,0,0,0,0.013213035737823968,-0.9245227274839761,-0.949133962926919,0,0,0,0,15,False,False,
27,2,1501.608054413974,869.9541204280777,-0.13468177318936198,4.9688029289245605,0.17136235535144806,0,1,0,0,0,-0.005934291070214057,-0.883584004914499,-0.9455536075022958,0,0,0,0,15,False,False,
27,3,1490.9128814343248,870.3297308966524,0.03369778227517804,10.368573188781738,0.27757927775382996,0,1,0,0,0,0.000704722417957113,-0.9121194743378429,-0.9708839605399725,2,0,0,0,15,False,False,
27,4,1486.7702869832701,870.9044407543516,0.6023140982403535,14.26132869720459,0.4147387444972992,0,1,0,0,0,-0.034201315286607796,-0.9232236902465767,-0.9309253774205496,0,0,0,0,15,False,False,
27,5,1506.934332338298,869.8811803685793,-0.26018229953268085,6.177540302276611,0.10975892841815948,0,1,0,0,0,0.02441622590374032,-0.869386194595754,-0.9542986933940641,0,0,0,0,15,False,False,
27,6,1484.7497239186855,870.8331855718009,0.38004473583647286,16.900035858154297,0.3438579738140106,0,1,0,0,0,0.00936368977439233,-0.9285994892283403,-0.9535107723610006,0,0,0,0,15,False,False,
27,7,1480.4291735135453,871.5595399999586,2.132291587096592,20.64411163330078,0.3594862222671509,0,1,0,0,0,-0.06146825925531327,-0.9401772718982191,-0.8966336536243911,0,0,0,0,15,False,False,
28,0,1492.1240290681994,870.4313392690887,0.0,9.178236961364746,0.3244932293891907,0,1,0,0,0,0.014801274061316387,-0.9089065072586904,-0.9502925181490833,1,0,0,0,16,False,False,
28,1,1485.6610410852022,870.7921073160956,0.6167795087687322,15.637547492980957,0.363952100276947,0,1,0,0,0,0.016203309142177443,-0.9261670111311888,-0.9520810593022707,0,0,0,0,16,False,False,
28,2,1501.5314740332826,869.9584176001939,0.0767008500280674,5.045463562011719,0.16887106001377106,0,1,0,0,0,-0.005850667786761379,-0.883788423769586,-0.9450340249932451,1,0,0,0,16,False,False,
28,3,1490.9128814343248,870.3297308966524,0.0,10.368573188781738,0.27006950974464417,0,1,0,0,0,0.000704722417957113,-0.9121194743378429,-0.9708839605399725,3,0,0,0,16,False,False,
28,4,1486.6895658504977,870.9118772136579,0.08106295209935203,14.342360496520996,0.4137566089630127,0,1,0,0,0,-0.034349643958898925,-0.9234394583947799,-0.9305957715542984,1,0,0,0,16,False,False,
28,5,1507.2047097829804,869.8797356008217,-0.27038130472892097,6.447929859161377,0.11182820796966553,0,1,0,0,0,0.024013333756809314,-0.8686656761037355,-0.9544670088547424,0,0,0,0,16,False,False,
28,6,1484.4460649883601,870.8427589034569,0.30380980011405995,17.20389747619629,0.3618514835834503,0,1,0,0,0,0.007775653905348021,-0.9294097285732545,-0.9544776786485092,0,0,0,0,16,False,False,
28,7,1478.859258895574,871.753100496374,1.581802001987883,22.225942611694336,0.3738427758216858,0,1,0,0,0,-0.07056244697750552,-0.9443714294938982,-0.8843923128659675,0,0,0,0,16,False,False,
29,0,1492.1304504936077,870.431193678324,-0.006423075660855879,9.184707641601562,0.3251503109931946,0,1,0,0,0,0.014809857394825106,-0.9088892579053034,-0.9502632923476039,2,0,0,0,17,False,False,
29,1,1484.740510558446,870.8033557665751,0.920599249580518,16.558147430419922,0.3787075877189636,0,1,0,0,0,0.020691381595232074,-0.9286206914469255,-0.957146306270334,0,0,0,0,17,False,False,
29,2,1501.5314740332826,869.9584176001939,0.0,5.045463562011719,0.17084960639476776,0,1,0,0,0,-0.005850667786761379,-0.883788423769586,-0.9450340249932451,2,0,0,0,17,False,False,
29,3,1490.9373733492841,870.3285156827025,-0.024522044028155197,10.393139839172363,0.26612231135368347,0,1,0,0,0,0.0007182971003070785,-0.9120539637574656,-0.9708611934297968,4,0,0,0,17,False,False,
29,4,1486.296668651586,870.9491038478118,0.3946568524718972,14.737064361572266,0.4309288561344147,0,1,0,0,0,-0.03650713640790318,-0.9244902965691427,-0.9288729750546654,0,0,0,0,17,False,False,
29,5,1507.1558419395396,869.8799776867901,0.04886844307094748,6.496758460998535,0.1090775802731514,0,1,0,0,0,0.024285416426057003,-0.8687957916560914,-0.9544377366007115,1,0,0,0,17,False,False,
29,6,1484.4460649883601,870.8427589034569,0.0,17.20389747619629,0.36255761981010437,0,1,0,0,0,0.007775653905348021,-0.9294097285732545,-0.9544776786485092,1,0,0,0,17,False,False,
29,7,1477.3026771112795,871.96528947077,1.570977724874709,23.79685401916504,0.3941396474838257,0,1,0,0,0,-0.08510525200393286,-0.9485259583553103,-0.869826572185893,0,0,0,0,17,False,False,
30,0,1491.8219113161415,870.4388743913007,0.30863476373102366,9.493396759033203,0.3432168662548065,0,1,0,0,0,0.013518605664484717,-0.9097122466266867,-0.9514875957965958,0,0,0,0,18,False,False,
30,1,1483.6372302706466,870.8111898777504,1.1033081014587105,17.661447525024414,0.3989047110080719,0,1,0,0,0,0.024978144740712575,-0.931560656597243,-0.9638832054787597,0,0,0,0,18,False,False,
30,2,1501.3556852449797,869.9683423941253,0.17606873551997393,5.221522808074951,0.1823180466890335,0,1,0,0,0,-0.0060939484391809625,-0.8842578942591464,-0.9438484987049887,0,0,0,0,18,False,False,
30,3,1490.9991979038812,870.325449287812,-0.06190055192607633,10.45498275756836,0.2676026225090027,0,1,0,0,0,0.0007285212753294622,-0.9118890494475291,-0.9707954434163327,5,0,0,0,18,False,False,
30,4,1485.596966464771,871.0139234741577,0.7026981814360057,15.439766883850098,0.43817296624183655,0,1,0,0,0,-0.036070086742587805,-0.9263612388830351,-0.9259770229385844,0,0,0,0,18,False,False,
30,5,1507.0229129209051,869.8806749296219,0.1329308472203004,6.629694938659668,0.1197468638420105,0,1,0,0,0,0.024165562403955378,-0.8691500310688973,-0.9543572379021261,0,0,0,0,18,False,False,
30,6,1484.388560742208,870.8445836777287,0.05753319152163781,17.26142120361328,0.36407917737960815,0,1,0,0,0,0.007660960464487706,-0.9295631157443989,-0.9546538660300409,2,0,0,0,18,False,False,
30,7,1475.6848011664351,872.2185371178111,1.6375765458865812,25.434480667114258,0.41112276911735535,0,1,0,0,0,-0.10671616737951758,-0.9528368932336985,-0.850767118865819,0,0,0,0,18,False,False,
31,0,1491.2038318722111,870.4532545355177,0.618246704444906,10.111604690551758,0.35538843274116516,0,1,0,0,0,0.014825744407426731,-0.9113603613197215,-0.9540750136384691,0,0,0,0,19,False,False,
31,1,1482.2401858517007,870.81021228027,1.3970447609881629,19.058420181274414,0.4196937680244446,0,1,0,0,0,0.03166697504504631,-0.9352815609379715,-0.9737206213338931,0,0,0,0,19,False,False,
31,2,1501.3556852449797,869.9683423941253,0.0,5.221522808074951,0.18034859001636505,0,1,0,0,0,-0.0060939484391809625,-0.8842578942591464,-0.9438484987049887,1,0,0,0,19,False,False,
31,3,1491.0287525519186,870.3239877518329,-0.0295907638973898,10.484682083129883,0.2677488625049591,0,1,0,0,0,0.0008206852865403865,-0.9118098515662599,-0.9707662211881265,6,0,0,0,19,False,False,
31,4,1485.4178403012866,871.0303387592513,0.17987674677215118,15.619595527648926,0.447997123003006,0,1,0,0,0,-0.03567246618072709,-0.9268400319404348,-0.9252593596031231,0,0,0,0,19,False,False,
31,5,1506.57727817623,869.8826874972353,0.44563928921269075,7.07537841796875,0.13406671583652496,0,1,0,0,0,0.024855357264528442,-0.8703376224241646,-0.9541157418063703,0,0,0,0,19,False,False,
31,6,1484.0172658685844,870.857643248146,0.3715244750465022,17.63298797607422,0.3772183954715729,0,1,0,0,0,0.0055514042854020495,-0.9305539253700014,-0.9556800636397098,0,0,0,0,19,False,False,
31,7,1473.7979690621612,872.5679801898816,1.9189178852511575,27.353404998779297,0.4301941394805908,0,1,0,0,0,-0.13946054485140974,-0.9578448506153262,-0.8220756646602595,0,0,0,0,19,False,False,
32,0,1490.6253451987086,870.465683264417,0.5786201731032568,10.690229415893555,0.37038862705230713,0,1,0,0,0,0.016241226580168838,-0.9129028699630657,-0.9566039834506568,0,0,0,0,20,False,False,
32,1,1480.7921888104288,870.7872645137805,1.4481788672394895,20.50659942626953,0.4335159957408905,0,1,0,0,0,0.04392901178778869,-0.939134731152084,-0.9865416613496362,0,0,0,0,20,False,False,
32,2,1501.4117874012388,869.9651908134161,-0.05619060773731095,5.277639389038086,0.17404398322105408,0,1,0,0,0,-0.005907303019819525,-0.8841082554167621,-0.9442217199438842,2,0,0,0,20,False,False,
32,3,1491.1955395955163,870.3160223499196,-0.16697714076989284,10.651618957519531,0.280732125043869,0,1,0,0,0,0.001886539358147527,-0.9113646891801499,-0.9705535042347003,0,0,0,0,20,False,False,
32,4,1484.9278951614579,871.072693871316,0.49177250386712884,16.111413955688477,0.46316859126091003,0,1,0,0,0,-0.03298401475155212,-0.9281498175367325,-0.923602318476864,0,0,0,0,20,False,False,
32,5,1506.3350533383325,869.8834612214893,0.24222607362483262,7.317567348480225,0.15165643393993378,0,1,0,0,0,0.025825257416823257,-0.8709829326755074,-0.9540206069807694,0,0,0,0,20,False,False,
32,6,1483.8948535541037,870.8619268059223,0.12248723853434038,17.7553768157959,0.3862949013710022,0,1,0,0,0,0.005692908614287894,-0.930880282997308,-0.95601782728867,0,0,0,0,20,False,False,
32,7,1471.8148857124859,873.002480365013,2.030125605461157,29.383481979370117,0.44976744055747986,0,1,0,0,0,-0.18343207833126296,-0.9630632861038696,-0.783862623711006,0,0,0,0,20,False,False,
33,0,1489.8536176727814,870.4852815297663,0.7719763379006753,11.462206840515137,0.3846849799156189,0,1,0,0,0,0.01408617560700394,-0.9149609834190535,-0.9596314427402123,0,0,0,0,21,False,False,
33,1,1479.2591098646744,870.731029351892,1.5341099854143887,22.040712356567383,0.4497838020324707,0,1,0,0,0,0.06129699218003377,-0.9432080132044959,-0.9960486182195426,0,0,0,0,21,False,False,
33,2,1501.4435233830625,869.9634183194659,-0.03178544127609224,5.309426784515381,0.17325669527053833,0,1,0,0,0,-0.005697230877751104,-0.8840234918205252,-0.9444339437856091,3,0,0,0,21,False,False,
33,3,1491.0450552913928,870.3235150057473,0.15067071938119925,10.802315711975098,0.296251118183136,0,1,0,0,0,0.000599399242488769,-0.91176654693615,-0.9707077749450773,0,0,0,0,21,False,False,
33,4,1484.4092051195232,871.1158094721618,0.5204789281406069,16.631877899169922,0.476941853761673,0,1,0,0,0,-0.031490053219380656,-0.929536058822961,-0.9220557129320359,0,0,0,0,21,False,False,
33,5,1506.2122651310717,869.8839084753564,0.12278902181511078,7.440371036529541,0.15897800028324127,0,1,0,0,0,0.025605138984505515,-0.8713101422970141,-0.953969380536215,0,0,0,0,21,False,False,
33,6,1483.4597865534288,870.8783008829159,0.4353750170527179,18.19074249267578,0.39279764890670776,0,1,0,0,0,0.004081564435762806,-0.9320412352353648,-0.9570878618139216,0,0,0,0,21,False,False,
33,7,1470.2612861361658,873.348675188161,1.5917042750197175,30.97529411315918,0.45525866746902466,0,1,0,0,0,-0.20932570600155284,-0.9671061777955519,-0.7532356703454801,0,0,0,0,21,False,False,
34,0,1489.0183991327517,870.5105798851368,0.8356015895113181,12.297794342041016,0.4011119306087494,0,1,0,0,0,0.011268697913696555,-0.9171888747667267,-0.9624169664214086,0,0,0,0,22,False,False,
34,1,1477.6516083685638,870.6672821330469,1.6087649821861278,23.649518966674805,0.4647565186023712,0,1,0,0,0,0.06833992068048865,-0.9474753358009413,-0.9772392627571285,0,0,0,0,22,False,False,
34,2,1501.5642871329553,869.9568611435212,-0.1209416381753776,5.430456161499023,0.18807855248451233,0,1,0,0,0,-0.004697602699299826,-0.8837007565593527,-0.9452242946444467,0,0,0,0,22,False,False,
34,3,1490.9512920939135,870.3281967979719,0.09388001054522352,10.896183013916016,0.29068779945373535,0,1,0,0,0,0.0005104373346932157,-0.9120168608232111,-0.9707954434163327,1,0,0,0,22,False,False,
34,4,1483.5859289257983,871.1847577901076,0.8261583151563093,17.458003997802734,0.4947770833969116,0,1,0,0,0,-0.03291415396229335,-0.9317362071051011,-0.9195267431198483,0,0,0,0,22,False,False,
34,5,1506.091864729288,869.8844065126566,0.12040143184701427,7.560733318328857,0.1690562218427658,0,1,0,0,0,0.025353982077594296,-0.871630853587688,-0.9539108360281531,0,0,0,0,22,False,False,
34,6,1482.7178146190784,870.9102711588331,0.7426603866545161,18.933496475219727,0.40563055872917175,0,1,0,0,0,0.0006343374978623867,-0.9340219124835183,-0.9584217504053235,0,0,0,0,22,False,False,
34,7,1469.17333184,873.6017951366737,1.1170113065144027,32.09224319458008,0.45789316296577454,0,1,0,0,0,-0.2361730417215439,-0.9698998049142822,-0.73051145374132,0,0,0,0,22,False,False,
35,0,1488.1486463691017,870.5450227473167,0.8704344780810012,13.168229103088379,0.4178279638290405,0,1,0,0,0,0.00550159011553559,-0.9195099497422299,-0.9643451653842332,0,0,0,0,23,False,False,
35,1,1476.5830809894048,870.6203350011323,1.0695582233835643,24.719030380249023,0.4805558919906616,0,1,0,0,0,0.0751297663569062,-0.9503086061298669,-0.9641835891168047,0,0,0,0,23,False,False,
35,2,1501.368610097721,869.9676887737444,0.19597637534744805,5.626436233520508,0.20293380320072174,0,1,0,0,0,-0.005380279535796717,-0.8842233506868942,-0.9439216793400662,0,0,0,0,23,False,False,
35,3,1490.9424472682115,870.3286380831569,0.008855827138879602,10.904982566833496,0.2933753430843353,0,1,0,0,0,0.0005363163510948097,-0.912040325946024,-0.9708100545304359,2,0,0,0,23,False,False,
35,4,1482.8557983776616,871.2424090011792,0.7324030853706067,18.19038200378418,0.5087653994560242,0,1,0,0,0,-0.030766302589593883,-0.9336869945291714,-0.9177016723947665,0,0,0,0,23,False,False,
35,5,1506.091864729288,869.8844065126566,0.0,7.560733318328857,0.17022709548473358,0,1,0,0,0,0.025353982077594296,-0.871630853587688,-0.9539108360281531,1,0,0,0,23,False,False,
35,6,1481.9246811796347,870.9439944352026,0.7938500564545001,19.72730255126953,0.42234575748443604,0,1,0,0,0,0.0010298594801462792,-0.9361387260023899,-0.959909911493739,0,0,0,0,23,False,False,
35,7,1468.046560790992,873.8809242821214,1.1608299086086658,33.25312805175781,0.47199615836143494,0,1,0,0,0,-0.2724190636596101,-0.9727438226613665,-0.7049432832926438,0,0,0,0,23,False,False,
36,0,1487.8041054237776,870.5603137382416,0.34488009134804154,13.513171195983887,0.43632879853248596,0,1,0,0,0,0.002493129384532406,-0.9204297881359932,-0.9649167104321168,0,0,0,0,24,False,False,
36,1,1475.8568776560035,870.5893615208458,0.726863562110688,25.44588851928711,0.4960728585720062,0,1,0,0,0,0.07732302287546039,-0.9522331592194739,-0.9554162095735593,0,0,0,0,24,False,False,
36,2,1501.3272826884145,869.9699933384568,0.041391614833405366,5.667879581451416,0.19920164346694946,0,1,0,0,0,-0.005657481880334419,-0.8843338631757509,-0.9436509109902792,1,0,0,0,24,False,False,
36,3,1490.919624235706,870.3297745119975,0.022851308130082026,10.927839279174805,0.2947748005390167,0,1,0,0,0,0.0005990508951157381,-0.9121012768425938,-0.9708319712015906,3,0,0,0,24,False,False,
36,4,1482.2131362575071,871.2919125659708,0.6445659032314869,18.834985733032227,0.5240774154663086,0,1,0,0,0,-0.030330007667100745,-0.9354040382867252,-0.9162500373049722,0,0,0,0,24,False,False,
36,5,1505.8603361431374,869.8850340097727,0.2315294364818119,7.792301654815674,0.18467363715171814,0,1,0,0,0,0.026389100023589487,-0.8722478389553663,-0.9538376553930755,0,0,0,0,24,False,False,
36,6,1481.6553417090222,870.9549059251592,0.2695604033290962,19.996810913085938,0.43973153829574585,0,1,0,0,0,0.0023311749686513394,-0.9368574111085085,-0.9604741491979345,0,0,0,0,24,False,False,
36,7,1466.8443587469505,874.1829743139674,1.2395660435957825,34.492645263671875,0.47779062390327454,0,1,0,0,0,-0.3107581158893595,-0.9757072482256006,-0.6771538232936934,0,0,0,0,24,False,False,
37,0,1487.7706099505422,870.5618117368037,0.033528953561965766,13.546652793884277,0.43457379937171936,0,1,0,0,0,0.0022779733291265025,-0.920519073290333,-0.9649678511181143,1,0,0,0,25,False,False,
37,1,1475.491943348017,870.5744351040917,0.36523943798922476,25.811182022094727,0.5133816003799438,0,1,0,0,0,0.0777923515268627,-0.9532001718113096,-0.9510986950349112,0,0,0,0,25,False,False,
37,2,1501.3272826884145,869.9699933384568,0.0,5.667879581451416,0.19997331500053406,0,1,0,0,0,-0.005657481880334419,-0.8843338631757509,-0.9436509109902792,2,0,0,0,25,False,False,
37,3,1490.7599540454873,870.3375657373675,0.15986016651178614,11.087697982788086,0.3123919665813446,0,1,0,0,0,0.0012380218864298817,-0.9125275667761681,-0.9710081585831223,0,0,0,0,25,False,False,
37,4,1481.2680133264691,871.3636387221445,0.9478407019395462,19.782772064208984,0.5442556142807007,0,1,0,0,0,-0.030814748000778675,-0.9379286226584118,-0.9142414718546705,0,0,0,0,25,False,False,
37,5,1505.3178202465836,869.8832974407655,0.5425186758863632,8.334784507751465,0.20366816222667694,0,1,0,0,0,0.03049711214458234,-0.8736928233817987,-0.9540425611712926,0,0,0,0,25,False,False,
37,6,1481.165613981697,870.9722900567996,0.4900361771786208,20.486865997314453,0.45795270800590515,0,1,0,0,0,0.005635239497297878,-0.9381641743229163,-0.9618015844579425,0,0,0,0,25,False,False,
37,7,1465.9993541073118,874.3911461320861,0.87026912324289,35.362884521484375,0.4887259006500244,0,1,0,0,0,-0.338688866716244,-0.9777356569102221,-0.6581162812848644,0,0,0,0,25,False,False,
38,0,1487.7706099505422,870.5618117368037,0.0,13.546652793884277,0.43699467182159424,0,1,0,0,0,0.0022779733291265025,-0.920519073290333,-0.9649678511181143,2,0,0,0,26,False,False,
38,1,1475.0644387275888,870.5575232391367,0.42783900203666175,26.2390079498291,0.5295688509941101,0,1,0,0,0,0.07885880164253965,-0.9543324959070644,-0.9460918925232603,0,0,0,0,26,False,False,
38,2,1501.386692560524,869.9666834612027,-0.05950200157557948,5.727418899536133,0.19288313388824463,0,1,0,0,0,-0.005617633515506289,-0.8841750968940829,-0.944046086419698,3,0,0,0,26,False,False,
38,3,1490.7599540454873,870.3375657373675,0.0,11.087697982788086,0.3057921528816223,0,1,0,0,0,0.0012380218864298817,-0.9125275667761681,-0.9710081585831223,1,0,0,0,26,False,False,
38,4,1480.0273177744523,871.466160890877,1.244924193626353,21.027725219726562,0.5629276037216187,0,1,0,0,0,-0.03706153355902112,-0.9412431705259918,-0.9106050875063161,0,0,0,0,26,False,False,
38,5,1505.2174392981722,869.8828637774944,0.10038188515764046,8.435249328613281,0.21897684037685394,0,1,0,0,0,0.03127584011649371,-0.8739604077818317,-0.954093787615847,0,0,0,0,26,False,False,
38,6,1481.165613981697,870.9722900567996,0.0,20.486865997314453,0.45580312609672546,0,1,0,0,0,0.005635239497297878,-0.9381641743229163,-0.9618015844579425,1,0,0,0,26,False,False,
38,7,1465.6647504203897,874.4740347684348,0.34471749786964756,35.70759201049805,0.4921345114707947,0,1,0,0,0,-0.3533609634452716,-0.9785221471186208,-0.650522075224433,0,0,0,0,26,False,False,
39,0,1487.9058599789598,870.5559706026766,-0.1353761021557797,13.68203353881836,0.44909292459487915,0,1,0,0,0,0.0032388121445598647,-0.9201580623683929,-0.9647259119364819,0,0,0,0,27,False,False,
39,1,1475.0644387275888,870.5575232391367,0.0,26.2390079498291,0.5276196002960205,0,1,0,0,0,0.07885880164253965,-0.9543324959070644,-0.9460918925232603,1,0,0,0,27,False,False,
39,2,1501.130673290898,869.9811192510413,0.2564259316998311,5.983930587768555,0.20575988292694092,0,1,0,0,0,-0.006080999038659406,-0.8848590964652588,-0.9423117053683598,0,0,0,0,27,False,False,
39,3,1490.897640583869,870.3308042586842,-0.13785245897500004,11.225438117980957,0.3107876181602478,0,1,0,0,0,0.001035872540134935,-0.912160260628343,-0.9708611934297968,0,0,0,0,27,False,False,
39,4,1478.613973213847,871.5931525031713,1.4190383069479524,22.446744918823242,0.582495391368866,0,1,0,0,0,-0.04448488324705977,-0.9450185909393658,-0.9052467642438959,0,0,0,0,27,False,False,
39,5,1505.2174392981722,869.8828637774944,0.0,8.435249328613281,0.2185460925102234,0,1,0,0,0,0.03127584011649371,-0.8739604077818317,-0.954093787615847,1,0,0,0,27,False,False,
39,6,1480.8911824274876,870.9821312580119,0.2746079517914565,20.761455535888672,0.47249338030815125,0,1,0,0,0,0.00546973964983503,-0.9388963871686273,-0.9625338553342336,0,0,0,0,27,False,False,
39,7,1465.51427669102,874.5113845571151,0.15503983341358415,35.8626708984375,0.49938324093818665,0,1,0,0,0,-0.36022800246935527,-0.9788723859648695,-0.6470992511219792,0,0,0,0,27,False,False,
40,0,1488.0961621014667,870.5478031541129,-0.19047730848223376,13.872516632080078,0.4573545455932617,0,1,0,0,0,0.0033886427632438655,-0.919650114036655,-0.9643816949561277,0,0,0,0,28,False,False,
40,1,1475.2021909680086,870.5627787795286,-0.13785245897500004,26.376806259155273,0.5405694246292114,0,1,0,0,0,0.077341312102133,-0.9539677840480449,-0.9476831818494187,0,0,0,0,28,False,False,
40,2,1500.720932546537,870.0048290230757,0.4104261576452171,6.394282341003418,0.22487841546535492,0,1,0,0,0,-0.007086967429079512,-0.885953301684306,-0.9415178276888766,0,0,0,0,28,False,False,
40,3,1490.9963141910364,870.3260005780636,-0.09879046562763952,11.324310302734375,0.30723464488983154,0,1,0,0,0,0.001302307618048341,-0.911896601037512,-0.9707516082873867,1,0,0,0,28,False,False,
40,4,1476.917487843384,871.7694121719456,1.7056172146856237,24.15241050720215,0.6030309200286865,0,1,0,0,0,-0.058146828181534396,-0.94954963790201,-0.8959516729950764,0,0,0,0,28,False,False,
40,5,1505.2476428168516,869.8829908248874,-0.030203785882807834,8.465522766113281,0.2188837230205536,0,1,0,0,0,0.031183500977107946,-0.8738797741626665,-0.9540791514888314,2,0,0,0,28,False,False,
40,6,1480.8911824274876,870.9821312580119,0.0,20.761455535888672,0.4679432809352875,0,1,0,0,0,0.00546973964983503,-0.9388963871686273,-0.9625338553342336,1,0,0,0,28,False,False,
40,7,1465.485995345747,874.518410228284,0.029140942775340812,35.891849517822266,0.49345624446868896,0,1,0,0,0,-0.36161168854699277,-0.9789380378879868,-0.6464538036378322,1,0,0,0,28,False,False,
41,0,1487.9687457978985,870.5533998331452,0.12753915959895432,14.000082015991211,0.4701306223869324,0,1,0,0,0,0.0027607092762641137,-0.9199902845253746,-0.9645944083362805,0,0,0,0,29,False,False,
41,1,1475.2317570397308,870.5638949576776,-0.02958713319566361,26.406490325927734,0.5405091643333435,0,1,0,0,0,0.07695571520488707,-0.9538892000580056,-0.948020095059358,1,0,0,0,29,False,False,
41,2,1500.003870283573,870.0448041269403,0.7181756734226568,7.112436771392822,0.24193693697452545,0,1,0,0,0,-0.005841823488831071,-0.8878683013020441,-0.9417232408718879,0,0,0,0,29,False,False,
41,3,1490.8099880355708,870.3354098027587,0.186563580904711,11.510948181152344,0.323499858379364,0,1,0,0,0,0.00015005615669818123,-0.9123943028875885,-0.9709204901118669,0,0,0,0,29,False,False,
41,4,1475.5893327932654,871.9139176652492,1.3359931417302875,25.48837661743164,0.6209390759468079,0,1,0,0,0,-0.06587913641222813,-0.953094490667627,-0.8878954927360787,0,0,0,0,29,False,False,
41,5,1505.4152222840444,869.8835683012165,-0.1675804621771509,8.633126258850098,0.23193010687828064,0,1,0,0,0,0.03059143938151768,-0.8734333457759916,-0.9540132889172617,0,0,0,0,29,False,False,
41,6,1481.0289387487544,870.9769837929558,-0.13785245897500004,20.899246215820312,0.4801560044288635,0,1,0,0,0,0.004484710255286157,-0.9385289547468558,-0.9621896383538794,0,0,0,0,29,False,False,
41,7,1465.4488384541114,874.5276363169795,0.03828518393098504,35.93008804321289,0.48418521881103516,0,1,0,0,0,-0.3632044687916877,-0.9790239224951511,-0.6456111114732028,2,0,0,0,29,False,False,
42,0,1487.9687457978985,870.5533998331452,0.0,14.000082015991211,0.4668256938457489,0,1,0,0,0,0.0027607092762641137,-0.9199902845253746,-0.9645944083362805,1,0,0,0,30,False,False,
42,1,1474.9461508107509,870.5520414090623,0.28585210275070433,26.692380905151367,0.5553679466247559,0,1,0,0,0,0.08066967143629426,-0.954645565905503,-0.9446183461222211,0,0,0,0,30,False,False,
42,2,1499.1776226050852,870.0848228444877,0.8272162498165,7.939700126647949,0.26098430156707764,0,1,0,0,0,-0.0012224328430704644,-0.8900743330822009,-0.942676382911041,0,0,0,0,30,False,False,
42,3,1490.4329440128258,870.3542766402162,0.37751576476143145,11.888372421264648,0.3338638246059418,0,1,0,0,0,0.0004472597269792939,-0.9134007683230578,-0.9712866255500126,0,0,0,0,30,False,False,
42,4,1474.7921105548755,872.002587777207,0.8021381964088032,26.290529251098633,0.639019787311554,0,1,0,0,0,-0.07061464510608302,-0.9552210281240477,-0.8828375531117035,0,0,0,0,30,False,False,
42,5,1505.6086486233432,869.8843919014796,-0.1934280927165825,8.82648754119873,0.24063777923583984,0,1,0,0,0,0.030981759637463965,-0.8729183327785125,-0.9539108360281531,0,0,0,0,30,False,False,
42,6,1481.0105340725659,870.9776708366041,0.01841749533937689,20.91769027709961,0.47689491510391235,0,1,0,0,0,0.004512056230822421,-0.9385781394181966,-0.9622407790398769,1,0,0,0,30,False,False,
42,7,1465.1065759406113,874.6123877659192,0.3525995409027824,36.28269958496094,0.4923270046710968,0,1,0,0,0,-0.37879178789278156,-0.9798093082594334,-0.6378553077057036,0,0,0,0,30,False,False,
43,0,1487.662118301531,870.5668340571449,0.3069216510822369,14.307016372680664,0.48245424032211304,0,1,0,0,0,0.0028609778649748958,-0.9208087682158965,-0.9651221200418547,0,0,0,0,31,False,False,
43,1,1474.3834404003308,870.5238171997577,0.5634177952337117,27.255834579467773,0.5715702176094055,0,1,0,0,0,0.0891114904566166,-0.9561338845167806,-0.9373172056363268,0,0,0,0,31,False,False,
43,2,1498.776360918946,870.1022177846182,0.4016385498248862,8.34132194519043,0.2771134376525879,0,1,0,0,0,0.0020268611021012676,-0.8911453197133623,-0.9433875857685619,0,0,0,0,31,False,False,
43,3,1490.374933105099,870.3571923859243,0.058084137148896375,11.946551322937012,0.3310099244117737,0,1,0,0,0,0.0003058865505099422,-0.9135559130604255,-0.9713377662360101,1,0,0,0,31,False,False,
43,4,1473.9246337269335,872.0988041414415,0.8727964457780881,27.163284301757812,0.6568244099617004,0,1,0,0,0,-0.07427367662753315,-0.9575333621313507,-0.877347726249082,0,0,0,0,31,False,False,
43,5,1505.4840147590232,869.88400331944,0.12463447007695949,8.951122283935547,0.2579463720321655,0,1,0,0,0,0.030334925140075738,-0.873250317557016,-0.9539547444091996,0,0,0,0,31,False,False,
43,6,1480.6776945971897,870.9898831257041,0.3330634419653925,21.25067710876465,0.4936424791812897,0,1,0,0,0,0.004990265329121257,-0.9394660791388847,-0.963091639707035,0,0,0,0,31,False,False,
43,7,1464.9800478154893,874.6435830005868,0.1303169563519033,36.4129524230957,0.5000687837600708,0,1,0,0,0,-0.3843663643429661,-0.9800961934911816,-0.634996717734172,0,0,0,0,31,False,False,
44,0,1487.1131399847914,870.5908252218595,0.549502291382604,14.856490135192871,0.5017681121826172,0,1,0,0,0,0.002987077999297109,-0.9222740163651368,-0.9660744152152603,0,0,0,0,32,False,False,
44,1,1474.3407326197034,870.5216653765037,0.042761955865347825,27.298612594604492,0.567703366279602,0,1,0,0,0,0.08948708145827722,-0.9562468430229135,-0.9367675790462345,1,0,0,0,32,False,False,
44,2,1498.0673788690344,870.1306226031155,0.7095508303220386,9.050873756408691,0.2892482876777649,0,1,0,0,0,0.004188577532913643,-0.8930374183027314,-0.9449268839697018,0,0,0,0,32,False,False,
44,3,1490.374933105099,870.3571923859243,0.0,11.946551322937012,0.33388516306877136,0,1,0,0,0,0.0003058865505099422,-0.9135559130604255,-0.9713377662360101,2,0,0,0,32,False,False,
44,4,1473.3981024118066,872.1551748546474,0.5295402563701253,27.692899703979492,0.6713738441467285,0,1,0,0,0,-0.07431259314151298,-0.9589363922031162,-0.8742682794077812,0,0,0,0,32,False,False,
44,5,1505.232478820274,869.8840308143202,0.2515359402519486,9.202709197998047,0.2755981683731079,0,1,0,0,0,0.028431305726390594,-0.8739205473316038,-0.9539547444091996,0,0,0,0,32,False,False,
44,6,1480.6776945971897,870.9898831257041,0.0,21.25067710876465,0.49628767371177673,0,1,0,0,0,0.004990265329121257,-0.9394660791388847,-0.963091639707035,1,0,0,0,32,False,False,
44,7,1464.9800478154893,874.6435830005868,0.0,36.4129524230957,0.4895927906036377,0,1,0,0,0,-0.3843663643429661,-0.9800961934911816,-0.634996717734172,1,0,0,0,32,False,False,
45,0,1486.314062330665,870.6244183981128,0.7997834699561834,15.656267166137695,0.5213598608970642,0,1,0,0,0,0.004157499472955174,-0.9244067106274562,-0.9676145638554211,0,0,0,0,33,False,False,
45,1,1473.984200338162,870.5033710329802,0.35700133163067316,27.655527114868164,0.583673357963562,0,1,0,0,0,0.09207245358688977,-0.9571888876574467,-0.932091236413129,0,0,0,0,33,False,False,
45,2,1497.42928176198,870.1545619355247,0.6385460121770519,9.689383506774902,0.30747371912002563,0,1,0,0,0,0.005902056957342931,-0.894740039185799,-0.9465027117427363,0,0,0,0,33,False,False,
45,3,1490.060378754148,870.3730064540322,0.31495162239999996,12.261401176452637,0.3489391505718231,0,1,0,0,0,0.00030089360999454586,-0.9143955135657795,-0.9716389985264393,0,0,0,0,33,False,False,
45,4,1473.287263286779,872.1670742410807,0.11147603793796082,27.80437660217285,0.6739035248756409,0,1,0,0,0,-0.07504145903940804,-0.9592316155572155,-0.8736163714456937,0,0,0,0,33,False,False,
45,5,1504.772012985054,869.8841784845938,0.46046585889886804,9.663158416748047,0.28591614961624146,0,1,0,0,0,0.02857527109785944,-0.8751471842509968,-0.9539401082821841,0,0,0,0,33,False,False,
45,6,1480.381895811414,871.0010525425532,0.2960095902822589,21.546785354614258,0.5123581886291504,0,1,0,0,0,0.004367767184063117,-0.9402556851871376,-0.963817453678659,0,0,0,0,33,False,False,
45,7,1464.8350675236422,874.6792300011119,0.14929833780225257,36.56230163574219,0.4947051405906677,0,1,0,0,0,-0.3913120467767568,-0.9804228168669116,-0.6317346337532186,0,0,0,0,33,False,False,
46,0,1486.0388890916718,870.6355139974753,0.275396847809124,15.93163776397705,0.5388379096984863,0,1,0,0,0,0.0053003502109472975,-0.9251410074102447,-0.9682007200174079,0,0,0,0,34,False,False,
46,1,1473.7359856458427,870.4904706140069,0.24854970185646588,27.904151916503906,0.5997867584228516,0,1,0,0,0,0.09394063528685087,-0.9578448029324347,-0.9288218343686678,0,0,0,0,34,False,False,
46,2,1496.4881631444619,870.1938707774007,0.9419391898041721,10.631365776062012,0.3247445821762085,0,1,0,0,0,0.003278038214196815,-0.8972519600981189,-0.9483497044988825,0,0,0,0,34,False,False,
46,3,1489.6503744371842,870.3930145900756,0.41049222335722557,12.671923637390137,0.3679446876049042,0,1,0,0,0,0.0012532478322899326,-0.9154902384724732,-0.9720928042224769,0,0,0,0,34,False,False,
46,4,1473.287263286779,872.1670742410807,0.0,27.80437660217285,0.6556177139282227,0,1,0,0,0,-0.07504145903940804,-0.9592316155572155,-0.8736163714456937,1,0,0,0,34,False,False,
46,5,1504.772012985054,869.8841784845938,0.0,9.663158416748047,0.2790830731391907,0,1,0,0,0,0.02857527109785944,-0.8751471842509968,-0.9539401082821841,1,0,0,0,34,False,False,
46,6,1479.776615943749,871.027307467918,0.6058490235252285,22.152578353881836,0.5266976356506348,0,1,0,0,0,0.0008205893142609789,-0.9418711329022642,-0.9648874882039106,0,0,0,0,34,False,False,
46,7,1464.5226700496567,874.7565065562316,0.32181337405973476,36.88409423828125,0.4984632432460785,0,1,0,0,0,-0.40892564337225207,-0.9811166587934822,-0.6246608392012196,0,0,0,0,34,False,False,
47,0,1486.0154617132077,870.6364604011835,0.02344648676610088,15.955095291137695,0.5356739163398743,0,1,0,0,0,0.005256333095542231,-0.9252035601135178,-0.9682445569329904,1,0,0,0,35,False,False,
47,1,1473.4922994691194,870.4781237799369,0.24399876441809915,28.148115158081055,0.6130318641662598,0,1,0,0,0,0.094564869235622,-0.9584883258162877,-0.9256547208427481,0,0,0,0,35,False,False,
47,2,1495.8153077717254,870.220573647594,0.6733850279718865,11.30474853515625,0.3391382694244385,0,1,0,0,0,0.0046828167927095085,-0.8990475994420092,-0.9498305582436098,0,0,0,0,35,False,False,
47,3,1489.6503744371842,870.3930145900756,0.0,12.671923637390137,0.36789390444755554,0,1,0,0,0,0.0012532478322899326,-0.9154902384724732,-0.9720928042224769,1,0,0,0,35,False,False,
47,4,1473.4243157092105,872.1522440707819,-0.13785245897500004,27.9422607421875,0.6602656841278076,0,1,0,0,0,-0.07490292649705199,-0.9588664866095887,-0.8744371522990783,0,0,0,0,35,False,False,
47,5,1504.909865377885,869.8843135264318,-0.13785245897500004,9.801097869873047,0.29139599204063416,0,1,0,0,0,0.029316081971978117,-0.8747797424069303,-0.9539181540916608,0,0,0,0,35,False,False,
47,6,1478.8676492522136,871.0681118564386,0.9098821046945377,23.06243133544922,0.5381724238395691,0,1,0,0,0,-0.00014873866612611486,-0.9442974054957168,-0.9663236581673076,0,0,0,0,35,False,False,
47,7,1464.2510509138037,874.8240511549757,0.2798914571418911,37.163963317871094,0.5049827694892883,0,1,0,0,0,-0.42529512171120004,-0.9817082582930046,-0.6184662413728321,0,0,0,0,35,False,False,
48,0,1486.0154617132077,870.6364604011835,0.0,15.955095291137695,0.5293107032775879,0,1,0,0,0,0.005256333095542231,-0.9252035601135178,-0.9682445569329904,2,0,0,0,36,False,False,
48,1,1473.3626760143306,870.471493388703,0.12979292014314345,28.277923583984375,0.6215097308158875,0,1,0,0,0,0.09566797200975038,-0.9588306064205779,-0.9239538428009064,0,0,0,0,36,False,False,
48,2,1495.3338473568115,870.2376058120819,0.4817615860114603,11.786495208740234,0.3561537563800812,0,1,0,0,0,0.007518412244833586,-0.9003321679058776,-0.9511425283772206,0,0,0,0,36,False,False,
48,3,1489.5716837318357,870.3968503884221,0.07878413836032724,12.750752449035645,0.36904528737068176,0,1,0,0,0,0.001290968411111256,-0.9157004492539259,-0.9721813213461166,2,0,0,0,36,False,False,
48,4,1473.3689961825464,872.1582286102858,0.055642292758379924,27.997880935668945,0.6593131422996521,0,1,0,0,0,-0.075156473918163,-0.9590137792639233,-0.8741075535793735,1,0,0,0,36,False,False,
48,5,1505.0750956375143,869.8844379767955,-0.165230306497001,9.966259002685547,0.29568323493003845,0,1,0,0,0,0.029069761407340088,-0.8743397730145616,-0.9539035179646453,0,0,0,0,36,False,False,
48,6,1477.7693425062107,871.1102705424347,1.0991155822390186,24.16162872314453,0.5577738881111145,0,1,0,0,0,0.0042067542371862976,-0.9472285399855054,-0.9689192302186168,0,0,0,0,36,False,False,
48,7,1463.9227490452192,874.906414022559,0.3384756399989355,37.50251388549805,0.5139167904853821,0,1,0,0,0,-0.44690883561273975,-0.9824068542570683,-0.6108939323305529,0,0,0,0,36,False,False,
49,0,1485.9169533344243,870.6404779968514,0.09859027216464893,16.053688049316406,0.5233139991760254,0,1,0,0,0,0.00502781956060024,-0.9254664670208458,-0.9684499665427284,3,0,0,0,37,False,False,
49,1,1473.3626760143306,870.471493388703,0.0,28.277923583984375,0.6211416721343994,0,1,0,0,0,0.09566797200975038,-0.9588306064205779,-0.9239538428009064,1,0,0,0,37,False,False,
49,2,1495.3338473568115,870.2376058120819,0.0,11.786495208740234,0.3453255593776703,0,1,0,0,0,0.007518412244833586,-0.9003321679058776,-0.9511425283772206,1,0,0,0,37,False,False,
49,3,1489.4259441690688,870.4038267004132,0.1459064394894043,12.8966703414917,0.385681688785553,0,1,0,0,0,0.0018568754883896569,-0.9160895619682027,-0.9723639656323155,0,0,0,0,37,False,False,
49,4,1473.3689961825464,872.1582286102858,0.0,27.997880935668945,0.6606701016426086,0,1,0,0,0,-0.075156473918163,-0.9590137792639233,-0.8741075535793735,2,0,0,0,37,False,False,
49,5,1504.922705807006,869.8841811031034,0.15239004700580588,10.118602752685547,0.3086157739162445,0,1,0,0,0,0.02976020192359354,-0.8747455754244137,-0.9539401082821841,0,0,0,0,37,False,False,
49,6,1477.2000909646802,871.1306263485893,0.5696153758274152,24.731204986572266,0.5744790434837341,0,1,0,0,0,0.006051523286404543,-0.9487473435787979,-0.9704439190922902,0,0,0,0,37,False,False,
49,7,1463.2943355649552,875.0626617839382,0.6475468053459371,38.15006637573242,0.5183919668197632,0,1,0,0,0,-0.48901736390917755,-0.9836897278858093,-0.5965628199151494,0,0,0,0,37,False,False,
50,0,1485.5598476034593,870.6544584461549,0.35737928878262337,16.4111385345459,0.5319887399673462,0,1,0,0,0,0.0061457554006504244,-0.9264196259590366,-0.9692634507722444,0,0,0,0,38,False,False,
50,1,1473.2952996330268,870.4680534770301,0.0674641367684086,28.34539222717285,0.6130214929580688,0,1,0,0,0,0.09602415630138744,-0.9590084998931593,-0.9230746103445631,2,0,0,0,38,False,False,
50,2,1495.47161894181,870.2328844973865,-0.13785245897500004,11.924392700195312,0.35579392313957214,0,1,0,0,0,0.008191613984437001,-0.8999644726178727,-0.9507471707108687,0,0,0,0,38,False,False,
50,3,1489.4259441690688,870.4038267004132,0.0,12.8966703414917,0.3789299726486206,0,1,0,0,0,0.0018568754883896569,-0.9160895619682027,-0.9723639656323155,1,0,0,0,38,False,False,
50,4,1473.161875279577,872.1810284707808,0.20837202807816135,28.206287384033203,0.6754850149154663,0,1,0,0,0,-0.07739883367617545,-0.9595654775139197,-0.8728175019035541,0,0,0,0,38,False,False,
50,5,1504.922705807006,869.8841811031034,0.0,10.118602752685547,0.3083224594593048,0,1,0,0,0,0.02976020192359354,-0.8747455754244137,-0.9539401082821841,1,0,0,0,38,False,False,
50,6,1477.1512573579466,871.1323825105242,0.04886517421792347,24.780065536499023,0.572829008102417,0,1,0,0,0,0.005936914907344557,-0.9488776321267413,-0.970575420905855,1,0,0,0,38,False,False,
50,7,1462.428756343917,875.279023828641,0.8922106938840498,39.042301177978516,0.5216401815414429,0,1,0,0,0,-0.5616749275318675,-0.9853053195045296,-0.5766899038051987,0,0,0,0,38,False,False,
51,0,1484.8941470306488,870.6776851849232,0.6661056478022509,17.077192306518555,0.5470852255821228,0,1,0,0,0,0.009072917203879961,-0.9281955910511467,-0.9711177437255324,0,0,0,0,39,False,False,
51,1,1473.2952996330268,870.4680534770301,0.0,28.34539222717285,0.6074429750442505,0,1,0,0,0,0.09602415630138744,-0.9590084998931593,-0.9230746103445631,3,0,0,0,39,False,False,
51,2,1495.292400990031,870.2393587042029,0.17933485325990267,12.103830337524414,0.3719435930252075,0,1,0,0,0,0.007045591196858127,-0.9004429444437169,-0.9512164343867572,0,0,0,0,39,False,False,
51,3,1489.433635128972,870.4034579396947,-0.007699795367335956,12.904369354248047,0.3711906373500824,0,1,0,0,0,0.0018062382792654339,-0.9160690310202204,-0.9723493545182125,2,0,0,0,39,False,False,
51,4,1472.6455957426722,872.2411579215741,0.519769286394792,28.726011276245117,0.6923276782035828,0,1,0,0,0,-0.0842939683632153,-0.9609396930828711,-0.8692103397834059,0,0,0,0,39,False,False,
51,5,1504.745682990516,869.8837571416769,0.17702332417341005,10.295605659484863,0.32027366757392883,0,1,0,0,0,0.030326048079688108,-0.8752170481667445,-0.9539913347267384,0,0,0,0,39,False,False,
51,6,1476.788523398121,871.1463342294682,0.3630021708919307,25.14300537109375,0.5895406007766724,0,1,0,0,0,0.004430188127286291,-0.9498454499867842,-0.9714262833596498,0,0,0,0,39,False,False,
51,7,1462.0473969009158,875.3743301336873,0.3930881790994666,39.43537139892578,0.5262964367866516,0,1,0,0,0,-0.5983312805353586,-0.9859480979550318,-0.5679379572288918,0,0,0,0,39,False,False,
52,0,1484.207932597588,870.7003182931431,0.6865875805231679,17.763845443725586,0.5650254487991333,0,1,0,0,0,0.01055520692756444,-0.930026420224978,-0.9731856040712674,0,0,0,0,40,False,False,
52,1,1473.429953910984,870.4747924582852,-0.13482280385945614,28.48020362854004,0.6165868043899536,0,1,0,0,0,0.09455846359807842,-0.9586529873464336,-0.9248193181554409,0,0,0,0,40,False,False,
52,2,1495.292400990031,870.2393587042029,0.0,12.103830337524414,0.37361326813697815,0,1,0,0,0,0.007045591196858127,-0.9004429444437169,-0.9512164343867572,1,0,0,0,40,False,False,
52,3,1489.5496520327445,870.397907823949,-0.11614958349366017,13.020590782165527,0.3817439377307892,0,1,0,0,0,0.0018682297607881537,-0.9157591079284321,-0.9722105453609595,0,0,0,0,40,False,False,
52,4,1471.8304069695819,872.3383938747146,0.8209674575496997,29.546974182128906,0.7065339684486389,0,1,0,0,0,-0.0911516822099884,-0.9631077782782901,-0.8632512492448959,0,0,0,0,40,False,False,
52,5,1504.745682990516,869.8837571416769,0.0,10.295605659484863,0.318316251039505,0,1,0,0,0,0.030326048079688108,-0.8752170481667445,-0.9539913347267384,1,0,0,0,40,False,False,
52,6,1476.3085422950812,871.1661956429958,0.4803918556997929,25.623395919799805,0.6079766154289246,0,1,0,0,0,0.00264458106901802,-0.9511264794503937,-0.9723931878605219,0,0,0,0,40,False,False,
52,7,1462.0473969009158,875.3743301336873,0.0,39.43537139892578,0.5125606060028076,0,1,0,0,0,-0.5983312805353586,-0.9859480979550318,-0.5679379572288918,1,0,0,0,40,False,False,
53,0,1484.0439927001466,870.7054900821418,0.16402145400683296,17.927867889404297,0.5788645148277283,0,1,0,0,0,0.011539989083747235,-0.9304637429168348,-0.9737060102197901,0,0,0,0,41,False,False,
53,1,1473.247872488262,870.4655397742557,0.1823163642195982,28.662446975708008,0.6285080909729004,0,1,0,0,0,0.09617445969903682,-0.9591334873612435,-0.9224364594842847,0,0,0,0,41,False,False,
53,2,1495.0984448144782,870.2463974589573,0.19408385327886857,12.297926902770996,0.3827939033508301,0,1,0,0,0,0.00697687535542381,-0.9009605040839608,-0.9517295349782282,0,0,0,0,41,False,False,
53,3,1489.6850587912209,870.3915037550921,-0.13555811425008124,13.156118392944336,0.39493227005004883,0,1,0,0,0,0.002204312851635374,-0.9153977031543343,-0.9720343579794278,0,0,0,0,41,False,False,
53,4,1471.296431074418,872.4038723334764,0.5379755432895998,30.085031509399414,0.7208084464073181,0,1,0,0,0,-0.09700830440004893,-0.9645266161296654,-0.8591236756163153,0,0,0,0,41,False,False,
53,5,1504.5942985888644,869.8831975877906,0.15138543577225302,10.44709587097168,0.33405762910842896,0,1,0,0,0,0.03125547019450323,-0.8756205383619667,-0.9540571972983082,0,0,0,0,41,False,False,
53,6,1475.5636151457486,871.1986946499512,0.7456357309477364,26.369098663330078,0.6272209286689758,0,1,0,0,0,0.0012690660969970698,-0.9531150152357256,-0.9736913991056869,0,0,0,0,41,False,False,
53,7,1462.1811556163093,875.3409848716285,-0.13785245897500004,39.57324981689453,0.5114133954048157,0,1,0,0,0,-0.5847247158176642,-0.9857278916893684,-0.5709946780526587,0,0,0,0,41,False,False,
54,0,1484.0439927001466,870.7054900821418,0.0,17.927867889404297,0.5787097811698914,0,1,0,0,0,0.011539989083747235,-0.9304637429168348,-0.9737060102197901,1,0,0,0,42,False,False,
54,1,1473.023411936296,870.453645010333,0.2247754986593813,28.88724708557129,0.6409387588500977,0,1,0,0,0,0.09900043620554394,-0.9597258463970398,-0.9194609877464743,0,0,0,0,42,False,False,
54,2,1494.832627310805,870.2562161178109,0.26599878067510685,12.563855171203613,0.3948720395565033,0,1,0,0,0,0.006612600798259097,-0.9016696095696856,-0.9524033613981069,0,0,0,0,42,False,False,
54,3,1489.858076679511,870.3834696151649,-0.17320432174953748,13.329277038574219,0.408527135848999,0,1,0,0,0,0.0027347783635589293,-0.9149359523206423,-0.9717851150273804,0,0,0,0,42,False,False,
54,4,1470.6335486503544,872.4868375337242,0.6680541389622118,30.753042221069336,0.7369160652160645,0,1,0,0,0,-0.1037851807917213,-0.9662855444119104,-0.853809174976385,0,0,0,0,42,False,False,
54,5,1504.1305329459576,869.8801457817584,0.4637756839903242,10.91085147857666,0.35205867886543274,0,1,0,0,0,0.033423763233271425,-0.8768555316698459,-0.9544231004736959,0,0,0,0,42,False,False,
54,6,1474.517484991973,871.2387516189241,1.0468967759056944,27.4160099029541,0.645514726638794,0,1,0,0,0,0.004954121759693445,-0.9559066988130277,-0.9761683795794927,0,0,0,0,42,False,False,
54,7,1462.0855927192338,875.3649047970073,0.09851106601593745,39.67177963256836,0.49725010991096497,0,1,0,0,0,-0.5947558913434142,-0.9858856375689273,-0.5687952855205367,1,0,0,0,42,False,False,
55,0,1483.7291626074875,870.7142386367981,0.31495162239999996,18.242807388305664,0.5859007239341736,0,1,0,0,0,0.01410152752896339,-0.9313033789983678,-0.9748491021021938,0,0,0,0,43,False,False,
55,1,1472.4883021832313,870.4248488120924,0.5358840069064937,29.42317771911621,0.6524733304977417,0,1,0,0,0,0.10316695135702503,-0.9611369271808358,-0.912284054236913,0,0,0,0,43,False,False,
55,2,1494.2567516600236,870.2802240942513,0.5763758739709738,13.14028263092041,0.41257351636886597,0,1,0,0,0,0.0036495611540484814,-0.9032067231047974,-0.95353999816248,0,0,0,0,43,False,False,
55,3,1489.7253726889344,870.3897639977832,0.13285318350534628,13.462116241455078,0.42608609795570374,0,1,0,0,0,0.002110752944084816,-0.9152901883727305,-0.9719613006222755,0,0,0,0,43,False,False,
55,4,1470.1597380346968,872.5460877851218,0.47750088146567343,31.23048973083496,0.7530056238174438,0,1,0,0,0,-0.10776913024234444,-0.9675412112122295,-0.8500120719461692,0,0,0,0,43,False,False,
55,5,1503.791827505537,869.8781850665407,0.3387111155169905,11.249480247497559,0.36732739210128784,0,1,0,0,0,0.033162780586342755,-0.8777573265233302,-0.9546572785059442,0,0,0,0,43,False,False,
55,6,1473.4380181595918,871.2773478563199,1.0801566144557126,28.496166229248047,0.6633054614067078,0,1,0,0,0,0.007026010634939439,-0.9587869522945149,-0.9790643370554833,0,0,0,0,43,False,False,
55,7,1462.0855927192338,875.3649047970073,0.0,39.67177963256836,0.4824705421924591,0,1,0,0,0,-0.5947558913434142,-0.9858856375689273,-0.5687952855205367,2,0,0,0,43,False,False,
56,0,1483.7291626074875,870.7142386367981,0.0,18.242807388305664,0.5775888562202454,0,1,0,0,0,0.01410152752896339,-0.9313033789983678,-0.9748491021021938,1,0,0,0,44,False,False,
56,1,1472.4726796885648,870.4240074416472,0.01564513482941376,29.438825607299805,0.6508767008781433,0,1,0,0,0,0.10330506116620326,-0.9611781028998803,-0.9120786410539018,1,0,0,0,44,False,False,
56,2,1494.2012775663907,870.2825426978609,0.0555225268436721,13.195751190185547,0.4115120470523834,0,1,0,0,0,0.003587221636216024,-0.9033546366262052,-0.9536495833048901,1,0,0,0,44,False,False,
56,3,1489.3881378293388,870.406587528542,0.3376542339637542,13.799695014953613,0.44441571831703186,0,1,0,0,0,0.0005569815507998202,-0.9161903981649748,-0.9722909082751633,0,0,0,0,44,False,False,
56,4,1469.5586233227027,872.6205630721873,0.605710710949682,31.836280822753906,0.7701525688171387,0,1,0,0,0,-0.11261962655947981,-0.9691326951977723,-0.8452837453345916,0,0,0,0,44,False,False,
56,5,1503.4719653500265,869.8767090206491,0.31986556119611176,11.569430351257324,0.38401585817337036,0,1,0,0,0,0.03264284141153679,-0.8786094136143162,-0.9548329120301303,0,0,0,0,44,False,False,
56,6,1472.8422878367626,871.3006079673264,0.5961842419102829,29.092323303222656,0.6794809103012085,0,1,0,0,0,0.005132773044045141,-0.9603766540992255,-0.9804274478750916,0,0,0,0,44,False,False,
56,7,1462.0491520713142,875.3740353104989,0.0375671012644492,39.70927429199219,0.4715891480445862,0,1,0,0,0,-0.5985486504121127,-0.9859448681917433,-0.5679598828332295,3,0,0,0,44,False,False,
57,0,1483.7324864277336,870.7141462626323,-0.0033251036096733225,18.246225357055664,0.5763756036758423,0,1,0,0,0,0.014096664126044642,-0.9312942676506356,-0.9748344909880906,2,0,0,0,45,False,False,
57,1,1472.3576255675848,870.4178814637269,0.11521709230820079,29.553977966308594,0.6612480878829956,0,1,0,0,0,0.10373259990099086,-0.96148114787311,-0.9105466430499036,0,0,0,0,45,False,False,
57,2,1494.2012775663907,870.2825426978609,0.0,13.195751190185547,0.41411224007606506,0,1,0,0,0,0.003587221636216024,-0.9033546366262052,-0.9536495833048901,2,0,0,0,45,False,False,
57,3,1488.7424604878713,870.443652896331,0.6467403426211666,14.446508407592773,0.462522029876709,0,1,0,0,0,-0.004303967837881512,-0.917915196882617,-0.9723493545182125,0,0,0,0,45,False,False,
57,4,1469.1842524159918,872.665777389985,0.3770913819295027,32.21339416503906,0.7846934199333191,0,1,0,0,0,-0.11436852729148718,-0.9701226598768525,-0.8424763103421503,0,0,0,0,45,False,False,
57,5,1503.4719653500265,869.8767090206491,0.0,11.569430351257324,0.38553884625434875,0,1,0,0,0,0.03264284141153679,-0.8786094136143162,-0.9548329120301303,1,0,0,0,45,False,False,
57,6,1472.4012337258162,871.3183299638603,0.44141001115052103,29.533720016479492,0.6945661902427673,0,1,0,0,0,0.004543786601478435,-0.9615536858124274,-0.9813732861438299,0,0,0,0,45,False,False,
57,7,1462.0491520713142,875.3740353104989,0.0,39.70927429199219,0.45992588996887207,0,1,0,0,0,-0.5985486504121127,-0.9859448681917433,-0.5679598828332295,4,0,0,0,45,False,False,
58,0,1483.4209310191025,870.7230121338861,0.31168153028453066,18.55799674987793,0.5939807891845703,0,1,0,0,0,0.013841425319882698,-0.9321254621981626,-0.9759419019509843,0,0,0,0,46,False,False,
58,1,1472.3243957587208,870.4161107713717,0.03327695221250451,29.587350845336914,0.6552432179450989,0,1,0,0,0,0.10399818548726911,-0.961568960717283,-0.9100992978318064,1,0,0,0,46,False,False,
58,2,1494.1243222613102,870.2857645283171,0.07702271854145021,13.272845268249512,0.4146197438240051,0,1,0,0,0,0.00355004505983503,-0.9035602182886366,-0.9537965484582155,3,0,0,0,46,False,False,
58,3,1488.6178783530427,870.451028560363,0.1248002753938115,14.57123851776123,0.48074209690093994,0,1,0,0,0,-0.005467055360541748,-0.9182477991521573,-0.9723274360604212,0,0,0,0,46,False,False,
58,4,1468.8068108392197,872.7104772608338,0.38007923164799784,32.59347152709961,0.7989614605903625,0,1,0,0,0,-0.11683642944153311,-0.9711197589366515,-0.8397573924733488,0,0,0,0,46,False,False,
58,5,1503.5079157861824,869.876882674203,-0.035950855558124724,11.605441093444824,0.3861825466156006,0,1,0,0,0,0.03275414791929355,-0.8785135121608366,-0.954810957839607,2,0,0,0,46,False,False,
58,6,1471.8473323290164,871.3402870170116,0.5543364227253402,30.08810806274414,0.7134342789649963,0,1,0,0,0,0.005084812593075109,-0.9630320081959648,-0.9826048951498734,0,0,0,0,46,False,False,
58,7,1461.748994331854,875.4491956727921,0.30942486748479103,40.01871871948242,0.465005487203598,0,1,0,0,0,-0.6296999199448641,-0.986415096818332,-0.5610467998165454,0,0,0,0,46,False,False,
59,0,1483.4209310191025,870.7230121338861,0.0,18.55799674987793,0.5931040048599243,0,1,0,0,0,0.013841425319882698,-0.9321254621981626,-0.9759419019509843,1,0,0,0,47,False,False,
59,1,1471.9772644830055,870.396672760129,0.34767507655968766,29.9349422454834,0.6688984036445618,0,1,0,0,0,0.10831978128788175,-0.9624827910537036,-0.9053571998253269,0,0,0,0,47,False,False,
59,2,1494.1243222613102,870.2857645283171,0.0,13.272845268249512,0.414349228143692,0,1,0,0,0,0.00355004505983503,-0.9035602182886366,-0.9537965484582155,4,0,0,0,47,False,False,
59,3,1488.2368108621804,870.4756556283444,0.3818624426012754,14.953134536743164,0.4990732669830322,0,1,0,0,0,-0.009018110862128184,-0.9192660900196871,-0.9720416635364794,0,0,0,0,47,False,False,
59,4,1468.6962631125868,872.7234337273723,0.11130440192927538,32.704708099365234,0.8121792674064636,0,1,0,0,0,-0.11726722659711362,-0.9714113956891556,-0.8389649691160568,0,0,0,0,47,False,False,
59,5,1503.228326021457,869.8756007804978,0.27959270339313314,11.885107040405273,0.4022887349128723,0,1,0,0,0,0.032799142561728764,-0.8792583047889542,-0.9549646371732698,0,0,0,0,47,False,False,
59,6,1470.9887467683388,871.3769296588245,0.8593671207366063,30.947412490844727,0.7312031984329224,0,1,0,0,0,0.003360938151297748,-0.9653234556283357,-0.9841880284799593,0,0,0,0,47,False,False,
59,7,1461.3766573897738,875.5414073753219,0.3835854487868398,40.40227127075195,0.4677213132381439,0,1,0,0,0,-0.6697041328108184,-0.9869514278010697,-0.5526098730052988,0,0,0,0,47,False,False,
60,0,1483.254511246643,870.7280892268832,0.166497199792631,18.724454879760742,0.6100654602050781,0,1,0,0,0,0.012619662231683215,-0.9325692655395924,-0.9764915303277132,0,0,0,0,48,False,False,
60,1,1471.3217864134288,870.3586722916078,0.6565786588853549,30.591562271118164,0.6806737184524536,0,1,0,0,0,0.11490962040040181,-0.9642066369123814,-0.8962456033017273,0,0,0,0,48,False,False,
60,2,1494.0567328019656,870.288549480682,0.06764681052486637,13.340408325195312,0.4159139096736908,0,1,0,0,0,0.003977930388589673,-0.9037403838492939,-0.9539280520584169,5,0,0,0,48,False,False,
60,3,1487.8065091629055,870.5042446983367,0.4312503766048838,15.384383201599121,0.5142572522163391,0,1,0,0,0,-0.010315103911182177,-0.920415936861838,-0.9716089276458487,0,0,0,0,48,False,False,
60,4,1468.456786138604,872.7515352763909,0.24112013214428474,32.94585037231445,0.8213219046592712,0,1,0,0,0,-0.12003951040587077,-0.9720433112375644,-0.8372722524301974,0,0,0,0,48,False,False,
60,5,1502.6386008225402,869.8742285444112,0.5897267954479095,12.474830627441406,0.4188654124736786,0,1,0,0,0,0.03177580632981542,-0.8808289632059118,-0.9551329526339483,0,0,0,0,48,False,False,
60,6,1469.8320868596302,871.43860155907,1.1583028825372033,32.10579299926758,0.749639093875885,0,1,0,0,0,-0.0037283535847456683,-0.9684124204441971,-0.9848553979951707,0,0,0,0,48,False,False,
60,7,1461.3766573897738,875.5414073753219,0.0,40.40227127075195,0.4519060254096985,0,1,0,0,0,-0.6697041328108184,-0.9869514278010697,-0.5526098730052988,1,0,0,0,48,False,False,
61,0,1483.254511246643,870.7280892268832,0.0,18.724454879760742,0.6082772016525269,0,1,0,0,0,0.012619662231683215,-0.9325692655395924,-0.9764915303277132,1,0,0,0,49,False,False,
61,1,1471.1875269335894,870.3508918326937,0.13448473321394883,30.726062774658203,0.6965619325637817,0,1,0,0,0,0.11605023891976063,-0.9645594365361818,-0.894383148992457,0,0,0,0,49,False,False,
61,2,1493.6755806648525,870.3040605314679,0.3814676189695434,13.721948623657227,0.42942070960998535,0,1,0,0,0,0.004347431521990883,-0.9047578019811864,-0.9547269216005565,0,0,0,0,49,False,False,
61,3,1487.468223658127,870.5271457247311,0.33905978787406055,15.723413467407227,0.5309051275253296,0,1,0,0,0,-0.011239664723162453,-0.9213198789136439,-0.9712208737499118,0,0,0,0,49,False,False,
61,4,1468.456786138604,872.7515352763909,0.0,32.94585037231445,0.8171002864837646,0,1,0,0,0,-0.12003951040587077,-0.9720433112375644,-0.8372722524301974,1,0,0,0,49,False,False,
61,5,1501.955528736438,869.8770229836595,0.6830778020860467,13.157819747924805,0.43406856060028076,0,1,0,0,0,0.02811948556437945,-0.8826485199799302,-0.9547963217125915,0,0,0,0,49,False,False,
61,6,1468.38868662282,871.5135280372656,1.4453436341432475,33.55109786987305,0.764422595500946,0,1,0,0,0,-0.003229107158765348,-0.9722665208825709,-0.9859327380774738,0,0,0,0,49,False,False,
61,7,1461.3825352875315,875.5399516641216,-0.006055474972930252,40.408294677734375,0.4380735456943512,0,1,0,0,0,-0.6690279234518489,-0.9869433472004372,-0.5527340799816316,2,0,0,0,49,False,False,
62,0,1483.3923052436285,870.7240748975191,-0.13785245897500004,18.86233139038086,0.6167561411857605,0,1,0,0,0,0.013421344748762939,-0.9322016769577105,-0.9760149593081365,0,0,0,0,50,False,False,
62,1,1470.8796190175262,870.3336907897753,0.3083880034175308,31.034404754638672,0.7110803127288818,0,1,0,0,0,0.11743592554114521,-0.9653680463716156,-0.8901752195962189,0,0,0,0,50,False,False,
62,2,1493.3652614088783,870.3172828232139,0.31060082039079534,14.03253173828125,0.44607749581336975,0,1,0,0,0,0.0031595187825031543,-0.9055860118157262,-0.9553066244311492,0,0,0,0,50,False,False,
62,3,1487.468223658127,870.5271457247311,0.0,15.723413467407227,0.532120943069458,0,1,0,0,0,-0.011239664723162453,-0.9213198789136439,-0.9712208737499118,1,0,0,0,50,False,False,
62,4,1468.5937034020487,872.7355051979059,-0.13785245897500004,33.083744049072266,0.8272894024848938,0,1,0,0,0,-0.11832707981507787,-0.9716819899870179,-0.8382318478007447,0,0,0,0,50,False,False,
62,5,1501.602529666221,869.8782953816104,0.3530013634118397,13.510848999023438,0.4426847994327545,0,1,0,0,0,0.028658860174144884,-0.8835889874322445,-0.9546426423789286,0,0,0,0,50,False,False,
62,6,1466.6604849711641,871.6171323444477,1.731304364129112,35.2823486328125,0.7826025485992432,0,1,0,0,0,-0.00999317828672809,-0.9768827158165131,-0.9855592961889583,0,0,0,0,50,False,False,
62,7,1461.0825230379974,875.6139202920054,0.3089962908863819,40.71731185913086,0.4415569305419922,0,1,0,0,0,-0.7043019365597231,-0.9873334346198066,-0.5459761056078892,0,0,0,0,50,False,False,
63,0,1483.4468238776658,870.722509234424,-0.05454111071690511,18.91679573059082,0.6139100193977356,0,1,0,0,0,0.013655058240386906,-0.9320564733271609,-0.9758241608125017,1,0,0,0,51,False,False,
63,1,1470.379560442782,870.3085862810968,0.500688340718416,31.53515625,0.7268115282058716,0,1,0,0,0,0.11837923376680173,-0.9666812526428978,-0.883695724695823,0,0,0,0,51,False,False,
63,2,1492.809345970263,870.3427070604329,0.5564965109764288,14.589022636413574,0.4624856412410736,0,1,0,0,0,0.001191986131502492,-0.907069984154045,-0.9561274124310801,0,0,0,0,51,False,False,
63,3,1487.154033546198,870.549034032533,0.31495162239999996,16.038381576538086,0.5470812916755676,0,1,0,0,0,-0.012620829579047192,-0.9221596318726063,-0.9707954434163327,0,0,0,0,51,False,False,
63,4,1468.5753965213119,872.7376478076657,0.018431838185592807,33.10218048095703,0.8252153992652893,0,1,0,0,0,-0.11850604575414915,-0.9717303048187024,-0.8381076408244119,1,0,0,0,51,False,False,
63,5,1500.9532636626354,869.8773728084259,0.6492666590495321,14.160141944885254,0.46087753772735596,0,1,0,0,0,0.032338856447821245,-0.8853182351653891,-0.9551523519341356,0,0,0,0,51,False,False,
63,6,1465.395209484699,871.7013603492212,1.2680758705367903,36.55040740966797,0.8029908537864685,0,1,0,0,0,-0.016621813627985996,-0.9802632230708713,-0.9842838529472872,0,0,0,0,51,False,False,
63,7,1461.0825230379974,875.6139202920054,0.0,40.71731185913086,0.4280667304992676,0,1,0,0,0,-0.7043019365597231,-0.9873334346198066,-0.5459761056078892,1,0,0,0,51,False,False,
64,0,1483.3427756893598,870.7254839391302,0.10409070255230828,19.020841598510742,0.6287453174591064,0,1,0,0,0,0.01379406242464793,-0.9323338596876537,-0.9761984522467199,0,0,0,0,52,False,False,
64,1,1469.5735055946489,870.2752397269995,0.8067443280673454,32.34187698364258,0.7422650456428528,0,1,0,0,0,0.12050075801331306,-0.9687965489833652,-0.8740929460385436,0,0,0,0,52,False,False,
64,2,1492.3788299890819,870.3623788525027,0.4309651835769746,15.020012855529785,0.47950229048728943,0,1,0,0,0,0.001233312921982272,-0.9082192894553114,-0.9567728670617734,0,0,0,0,52,False,False,
64,3,1486.5575258450335,870.5912286118478,0.597998177314911,16.636432647705078,0.5631234049797058,0,1,0,0,0,-0.013577799105435575,-0.923754076909138,-0.9698869833718732,0,0,0,0,52,False,False,
64,4,1468.4675811318875,872.7502274285977,0.10854678742149816,33.210819244384766,0.8405622243881226,0,1,0,0,0,-0.11949566153097951,-0.9720149835834828,-0.8373526081978548,0,0,0,0,52,False,False,
64,5,1500.7815930893844,869.8770127142585,0.17167095091524157,14.331772804260254,0.4755052328109741,0,1,0,0,0,0.03290095527091555,-0.8857753090090743,-0.9563912700705038,0,0,0,0,52,False,False,
64,6,1463.8417472199883,871.8219732091802,1.558137500308533,38.10854721069336,0.8245336413383484,0,1,0,0,0,-0.02993287688935785,-0.98441464190029,-0.9806547759426208,0,0,0,0,52,False,False,
64,7,1460.7767384512822,875.6893544419627,0.31495162239999996,41.032264709472656,3.6364054679870605,0,2,1,1,1,-0.20759373920447943,-0.898903665960897,-0.539077630132035,0,0,0,0,52,False,False,
65,0,1483.3427756893598,870.7254839391302,0.0,19.020841598510742,0.6226844787597656,0,1,0,0,0,0.01379406242464793,-0.9323338596876537,-0.9761984522467199,1,0,0,0,53,False,False,
65,1,1469.2915048402085,870.2635309108844,0.2822437277953149,32.62410354614258,0.7536641359329224,0,1,0,0,0,0.12355839825904569,-0.9695353529777324,-0.8707277231000278,0,0,0,0,53,False,False,
65,2,1492.3788299890819,870.3623788525027,0.0,15.020012855529785,0.48234298825263977,0,1,0,0,0,0.001233312921982272,-0.9082192894553114,-0.9567728670617734,1,0,0,0,53,False,False,
65,3,1486.0848846332728,870.624150223723,0.4737863944681709,17.110233306884766,0.5817249417304993,0,1,0,0,0,-0.013109362786583903,-0.9250172808161095,-0.9692415323144531,0,0,0,0,53,False,False,
65,4,1468.4675811318875,872.7502274285977,0.0,33.210819244384766,0.8352119326591492,0,1,0,0,0,-0.11949566153097951,-0.9720149835834828,-0.8373526081978548,1,0,0,0,53,False,False,
65,5,1500.7810366780834,869.8770115482332,0.0005564125227071191,14.332383155822754,0.4755668342113495,0,1,0,0,0,0.032900150314517554,-0.885776934612902,-0.9563985738409188,1,0,0,0,53,False,False,
65,6,1462.3400577749917,871.9523796860632,1.5073410491414838,39.615909576416016,0.8452218770980835,0,1,0,0,0,-0.04816267007985952,-0.988425736023603,-0.9754945549462506,0,0,0,0,53,False,False,
65,7,1460.7767384512822,875.6893544419627,0.0,41.032264709472656,3.629976987838745,0,2,0,1,1,-0.20759373920447943,-0.898903665960897,-0.539077630132035,1,0,0,0,53,False,False,
66,0,1483.3882061430638,870.7241921060248,-0.045448816888016434,19.066268920898438,0.6179402470588684,0,1,0,0,0,0.013867139549163375,-0.932212747055766,-0.9760295722088763,2,0,0,0,54,False,False,
66,1,1469.2915048402085,870.2635309108844,0.0,32.62410354614258,0.7534725666046143,0,1,0,0,0,0.12355839825904569,-0.9695353529777324,-0.8707277231000278,1,0,0,0,54,False,False,
66,2,1492.4597594250715,870.3586191178015,-0.08101672182113329,15.101031303405762,0.476549357175827,0,1,0,0,0,0.0007458959303474128,-0.9080032411814543,-0.9566551241366543,2,0,0,0,54,False,False,
66,3,1485.4660742233013,870.6640137169026,0.6200930749310903,17.730289459228516,0.5992674827575684,0,1,0,0,0,-0.01001223792119011,-0.9266705655034412,-0.9687722650652915,0,0,0,0,54,False,False,
66,4,1468.6044763741666,872.7340103670022,-0.13785245897500004,33.34873962402344,0.847415566444397,0,1,0,0,0,-0.11906083298313838,-0.9716536941437613,-0.8383422762356293,0,0,0,0,54,False,False,
66,5,1500.7810366780834,869.8770115482332,0.0,14.332383155822754,0.47717759013175964,0,1,0,0,0,0.032900150314517554,-0.885776934612902,-0.9563985738409188,2,0,0,0,54,False,False,
66,6,1461.3744649692765,872.0464719940497,0.9701663923632906,40.586055755615234,0.8574497103691101,0,1,0,0,0,-0.07060231340276965,-0.9910004496966377,-0.9709570178971247,0,0,0,0,54,False,False,
66,7,1460.7417459560272,875.697984948385,0.03604109273154806,41.068355560302734,3.625138521194458,0,2,0,1,1,-0.20775740006536883,-0.898994810204134,-0.5382787605898953,2,0,0,0,54,False,False,
67,0,1483.5707244385542,870.7193067119938,-0.18258366647517385,19.248828887939453,0.6275246739387512,0,1,0,0,0,0.014822233695291074,-0.9317260522643822,-0.9753475897929251,0,0,0,0,55,False,False,
67,1,1469.1263406406713,870.2563543772676,0.16532003944929832,32.78942108154297,0.7688174247741699,0,1,0,0,0,0.1266065625979435,-0.9699676231589511,-0.8687191576497262,0,0,0,0,55,False,False,
67,2,1492.4711090455894,870.3580901693683,-0.011361939638394415,15.112397193908691,0.4738200306892395,0,1,0,0,0,0.000652040976878728,-0.9079729323335222,-0.9566405130225512,3,0,0,0,55,False,False,
67,3,1485.367708970069,870.6703228344453,0.09856737800929895,17.828882217407227,0.5977875590324402,0,1,0,0,0,-0.009871051760376304,-0.9269334477311166,-0.9686992094947757,1,0,0,0,55,False,False,
67,4,1468.814027400881,872.7085066523449,-0.2110973051897653,33.55988311767578,0.8557745218276978,0,1,0,0,0,-0.11875082618892066,-0.9711006106946791,-0.8399400296130014,0,0,0,0,55,False,False,
67,5,1500.8304612257684,869.8771425239033,-0.049424721228207756,14.381821632385254,0.47744667530059814,0,1,0,0,0,0.03321490058895304,-0.8856452766334016,-0.9560397457464613,3,0,0,0,55,False,False,
67,6,1460.1155329951507,872.187230390382,1.2667764765791383,41.85293960571289,0.870395839214325,0,1,0,0,0,-0.12708984744662707,-0.9943366666387655,-0.9628643116395058,0,0,0,0,55,False,False,
67,7,1460.7417459560272,875.697984948385,0.0,41.068355560302734,3.620105028152466,0,2,0,1,1,-0.20775740006536883,-0.898994810204134,-0.5382787605898953,3,0,0,0,55,False,False,
68,0,1483.4354647383516,870.7229695503592,0.1353092860219818,19.384132385253906,0.6405195593833923,0,1,0,0,0,0.014700529847317827,-0.9320867658119264,-0.975846079270293,0,0,0,0,56,False,False,
68,1,1469.1263406406713,870.2563543772676,0.0,32.78942108154297,0.7627917528152466,0,1,0,0,0,0.1266065625979435,-0.9699676231589511,-0.8687191576497262,1,0,0,0,56,False,False,
68,2,1492.3566391077036,870.3632857350499,0.11458778548489387,15.22689437866211,0.49028724431991577,0,1,0,0,0,0.001429921637151526,-0.9082782581569642,-0.9568167004040828,0,0,0,0,56,False,False,
68,3,1485.367708970069,870.6703228344453,0.0,17.828882217407227,0.5978128910064697,0,1,0,0,0,-0.009871051760376304,-0.9269334477311166,-0.9686992094947757,2,0,0,0,56,False,False,
68,4,1469.1569761625108,872.6663355129053,-0.34553184817747723,33.90536117553711,0.8567579984664917,0,1,0,0,0,-0.11586705291280042,-0.9701950351433016,-0.8426013463178649,0,0,0,0,56,False,False,
68,5,1500.6405155686439,869.8766248822525,0.18994636246404775,14.57176399230957,0.48995324969291687,0,1,0,0,0,0.033410253157510145,-0.8861510985278159,-0.9574174676801728,0,0,0,0,56,False,False,
68,6,1459.012180217508,872.3181015755608,1.1110871338655857,42.96394348144531,0.8833740949630737,0,1,0,0,0,-0.2690134187704138,-0.9971706171836519,-0.9548811940975701,0,0,0,0,56,False,False,
68,7,1460.4356798662573,875.7722686824416,0.31495162239999996,41.383270263671875,3.631937265396118,0,2,0,1,1,-0.2070860824048345,-0.8997908990926393,-0.5315199572167713,0,0,0,0,56,False,False,
69,0,1483.4354647383516,870.7229695503592,0.0,19.384132385253906,0.6388111710548401,0,1,0,0,0,0.014700529847317827,-0.9320867658119264,-0.975846079270293,1,0,0,0,57,False,False,
69,1,1469.2640613626097,870.2623795904789,-0.13785245897500004,32.927249908447266,0.7728270888328552,0,1,0,0,0,0.1252720535325668,-0.9696072708065105,-0.8703981100872302,0,0,0,0,57,False,False,
69,2,1492.3566391077036,870.3632857350499,0.0,15.22689437866211,0.4920593500137329,0,1,0,0,0,0.001429921637151526,-0.9082782581569642,-0.9568167004040828,1,0,0,0,57,False,False,
69,3,1485.4422154214294,870.6655105475681,-0.0746616996812102,17.903623580932617,0.5980835556983948,0,1,0,0,0,-0.010128090730367174,-0.926734164789068,-0.9687576539511883,3,0,0,0,57,False,False,
69,4,1469.3136066358377,872.6468427378429,-0.1578387577696638,34.06318283081055,0.8634287714958191,0,1,0,0,0,-0.11518142500002315,-0.9697811326392234,-0.8438402573076867,0,0,0,0,57,False,False,
69,5,1500.138859268483,869.8734398624384,0.5016664109170784,15.07336139678955,0.5059353709220886,0,1,0,0,0,0.03614233625161963,-0.887486554209929,-0.9612957912101596,0,0,0,0,57,False,False,
69,6,1457.7291519909286,872.4668030389045,1.2916166441325683,44.255611419677734,4.1014723777771,0,2,1,1,1,-0.07284710769968651,-0.9073889550702742,-0.9445014965154012,0,0,0,0,57,False,False,
69,7,1459.8578889425035,875.9082425095974,0.5935749600882245,41.9768180847168,3.6435930728912354,0,2,0,1,1,-0.20584244657118234,-0.9012929161818315,-0.5192640017709713,0,0,0,0,57,False,False,
70,0,1483.4386103246547,870.722884360635,-0.0031467396586967395,19.387306213378906,0.6358780264854431,0,1,0,0,0,0.014696636778253315,-0.9320783047554267,-0.9758314681561899,2,0,0,0,58,False,False,
70,1,1469.5373155212806,870.2739121594395,-0.27349741384103204,33.200809478759766,0.7758765816688538,0,1,0,0,0,0.12139418984152144,-0.968891317870335,-0.8736821196725213,0,0,0,0,58,False,False,
70,2,1492.2639636482877,870.3675192777093,0.09277210605238582,15.31976318359375,0.491345077753067,0,1,0,0,0,0.0012474208055468555,-0.9085259081385314,-0.9569555077746993,2,0,0,0,58,False,False,
70,3,1485.6530766733051,870.651442728828,-0.21133000512631475,18.114910125732422,0.6093642711639404,0,1,0,0,0,-0.011388088692314429,-0.926170826959351,-0.9689776782483026,0,0,0,0,58,False,False,
70,4,1469.5651401100545,872.6147030957441,-0.2535784794610131,34.31681823730469,0.8716054558753967,0,1,0,0,0,-0.11470985593822054,-0.9691159755696791,-0.8459438003595685,0,0,0,0,58,False,False,
70,5,1499.331222745934,869.8630126883828,0.8077038309392349,15.8811674118042,0.5213140249252319,0,1,0,0,0,0.041104898475262844,-0.8896363092693512,-0.9681568866750985,0,0,0,0,58,False,False,
70,6,1456.7870009020828,872.5772902157959,0.9486074480366605,45.20420455932617,4.117093086242676,0,2,0,1,1,-0.07577365218092433,-0.9099011315652857,-0.9328717679172208,0,0,0,0,58,False,False,
70,7,1459.7873537696441,875.9248250584612,0.07245820545066052,42.049285888671875,3.6390843391418457,0,2,0,1,1,-0.20609473971939377,-0.9014761875296751,-0.517775862122195,1,0,0,0,58,False,False,
71,0,1483.4273565125645,870.7231895954908,0.011257950740656834,19.398540496826172,0.6343954801559448,0,1,0,0,0,0.014677336244716028,-0.9321082558040688,-0.9758753014984993,3,0,0,0,59,False,False,
71,1,1469.4934422042795,870.2720400904923,0.043913239311401286,33.24479675292969,0.7752600908279419,0,1,0,0,0,0.12214854255364066,-0.9690064609242024,-0.8731544043936739,1,0,0,0,59,False,False,
71,2,1492.2253770752354,870.3692799094414,0.03862671930178018,15.358378410339355,0.48906803131103516,0,1,0,0,0,0.001282531749354929,-0.908628880798466,-0.9570148026701327,3,0,0,0,59,False,False,
71,3,1485.6879532251003,870.6491162802287,-0.03495405882294381,18.149898529052734,0.6059677600860596,0,1,0,0,0,-0.011367120498898783,-0.9260775372289728,-0.969014207820197,1,0,0,0,59,False,False,
71,4,1469.5002471706607,872.6229470499485,0.0654144965896568,34.38227844238281,0.8689284324645996,0,1,0,0,0,-0.11489444147833991,-0.9692877265959581,-0.8454087956033989,1,0,0,0,59,False,False,
71,5,1498.8909510488886,869.8551320075366,0.4403422218566769,16.32142448425293,0.5387080907821655,0,1,0,0,0,0.04475671278097164,-0.8908074484483804,-0.972174015789065,0,0,0,0,59,False,False,
71,6,1456.116747691161,872.6537934691,0.6746051545290149,45.878849029541016,4.132038593292236,0,2,0,1,1,-0.07530791140756163,-0.9116878496149817,-0.924843209060037,0,0,0,0,59,False,False,
71,7,1459.7873537696441,875.9248250584612,0.0,42.049285888671875,3.634965658187866,0,2,0,1,1,-0.20609473971939377,-0.9014761875296751,-0.517775862122195,2,0,0,0,59,False,False,
72,0,1483.1014401088278,870.7315227932489,0.3260229200678151,19.724573135375977,0.6473718285560608,0,1,0,0,0,0.01587016726379823,-0.9329774094314827,-0.9771507456334887,0,0,0,0,60,False,False,
72,1,1469.3426201818202,870.2656214504493,0.15095854198672895,33.39569091796875,0.7821574211120605,0,1,0,0,0,0.12367241057057501,-0.9694013744182959,-0.8713366517320998,0,0,0,0,60,False,False,
72,2,1492.0747963554238,870.3759998524646,0.15073059017079077,15.509040832519531,0.5064387321472168,0,1,0,0,0,0.0019271782571151006,-0.9090306452410853,-0.9572567418517651,0,0,0,0,60,False,False,
72,3,1485.4080091288104,870.667894137505,0.2805731722232966,18.430557250976562,0.6224319934844971,0,1,0,0,0,-0.011721866053212201,-0.9268258364699499,-0.9687138206088789,0,0,0,0,60,False,False,
72,4,1469.5002471706607,872.6229470499485,0.0,34.38227844238281,0.8667460083961487,0,1,0,0,0,-0.11489444147833991,-0.9692877265959581,-0.8454087956033989,2,0,0,0,60,False,False,
72,5,1498.8909510488886,869.8551320075366,0.0,16.32142448425293,0.5327535271644592,0,1,0,0,0,0.04475671278097164,-0.8908074484483804,-0.972174015789065,1,0,0,0,60,False,False,
72,6,1455.743306143495,872.6959416316414,0.37581252923338365,46.25463104248047,4.1475396156311035,0,2,0,1,1,-0.07535800552083806,-0.9126830072268635,-0.9204298236015095,0,0,0,0,60,False,False,
72,7,1459.8786144851565,875.9034049164256,-0.09374081651376703,42.14307403564453,3.62188720703125,0,2,0,1,1,-0.20535183517247965,-0.901239010001811,-0.519703199926179,3,0,0,0,60,False,False,
73,0,1483.1014401088278,870.7315227932489,0.0,19.724573135375977,0.6480303406715393,0,1,0,0,0,0.01587016726379823,-0.9329774094314827,-0.9771507456334887,1,0,0,0,61,False,False,
73,1,1469.3426201818202,870.2656214504493,0.0,33.39569091796875,0.7819539308547974,0,1,0,0,0,0.12367241057057501,-0.9694013744182959,-0.8713366517320998,1,0,0,0,61,False,False,
73,2,1491.9563763073456,870.3811392801564,0.1185315211403542,15.627562522888184,0.5246001482009888,0,1,0,0,0,0.0027152358251716652,-0.9093467010464942,-0.9574613045957553,0,0,0,0,61,False,False,
73,3,1484.9764947501687,870.695685521788,0.432408394940242,18.86296844482422,0.6324862241744995,0,1,0,0,0,-0.010187647129884188,-0.9279787886907837,-0.9683915185130427,0,0,0,0,61,False,False,
73,4,1469.224478890192,872.6572847259844,0.27789785984827414,34.6601676940918,0.8779526352882385,0,1,0,0,0,-0.11610059069821294,-0.9700167581930174,-0.8432094173643697,0,0,0,0,61,False,False,
73,5,1499.024586914182,869.8576525213022,-0.13365963295759872,16.454994201660156,0.5446068048477173,0,1,0,0,0,0.04522052050836073,-0.8904521726834271,-0.97093510122597,0,0,0,0,61,False,False,
73,6,1455.4785262510918,872.7252786913415,0.26640017735134053,46.52102279663086,4.162688732147217,0,2,0,1,1,-0.07466532773240842,-0.9133885415381505,-0.9173632405437184,0,0,0,0,61,False,False,
73,7,1459.8859920999578,875.9016730175442,-0.007578170880280706,42.150596618652344,3.6081085205078125,0,2,0,1,1,-0.20533322283811356,-0.9012199799863876,-0.5198574509835534,4,0,0,0,61,False,False,
74,0,1483.15994328897,870.7299867313069,-0.05852334212123748,19.783063888549805,0.6441400647163391,0,1,0,0,0,0.01539670132825519,-0.9328214781963438,-0.9769234175659595,2,0,0,0,62,False,False,
74,1,1469.3933756658837,870.267811820542,-0.05080272515975369,33.44651794433594,0.779728889465332,0,1,0,0,0,0.12350817869270259,-0.9692683880157132,-0.8719520265490197,2,0,0,0,62,False,False,
74,2,1491.9563763073456,870.3811392801564,0.0,15.627562522888184,0.5225675106048584,0,1,0,0,0,0.0027152358251716652,-0.9093467010464942,-0.9574613045957553,1,0,0,0,62,False,False,
74,3,1484.9764947501687,870.695685521788,0.0,18.86296844482422,0.6282801628112793,0,1,0,0,0,-0.010187647129884188,-0.9279787886907837,-0.9683915185130427,1,0,0,0,62,False,False,
74,4,1468.828003101861,872.7069169750725,0.39957028278162743,35.05974578857422,0.8878123760223389,0,1,0,0,0,-0.12078490471914544,-0.971063856599299,-0.8400285467366411,0,0,0,0,62,False,False,
74,5,1499.2939156447803,869.8625408737639,-0.2693730890706648,16.72444725036621,0.5406568646430969,0,1,0,0,0,0.044476702517338,-0.88973539326442,-0.9684791887709346,0,0,0,0,62,False,False,
74,6,1455.2139376341338,872.7537772823589,0.2661189694737661,46.787078857421875,4.17957067489624,0,2,0,1,1,-0.07332161644045654,-0.9140933629132517,-0.9143991032284895,0,0,0,0,62,False,False,
74,7,1459.956162577108,875.8851641076648,-0.07208633690861706,42.222694396972656,3.603025197982788,0,2,0,1,1,-0.20525370621622238,-0.9010376132029796,-0.5213383011550077,5,0,0,0,62,False,False,
75,0,1483.106747936617,870.7313542155784,0.053212926298017264,19.836305618286133,0.6411994099617004,0,1,0,0,0,0.015778543489571778,-0.9329634134442364,-0.977128828962334,3,0,0,0,63,False,False,
75,1,1469.4056263666735,870.2683413251739,-0.012262138679554706,33.458736419677734,0.7735503911972046,0,1,0,0,0,0.1234195692078572,-0.9692364252598281,-0.8721062918994869,3,0,0,0,63,False,False,
75,2,1491.7915496234268,870.3884715921506,0.16498969219572684,15.792641639709473,0.5381019711494446,0,1,0,0,0,0.002035946603903464,-0.9097869108411212,-0.9577324624323208,0,0,0,0,63,False,False,
75,3,1484.8563609084385,870.7034245436541,0.12038285753505415,18.983335494995117,0.6428717374801636,0,1,0,0,0,-0.010243564190871742,-0.928299725516202,-0.968295697618988,0,0,0,0,63,False,False,
75,4,1468.5363725586817,872.7433496549966,0.29389745470399414,35.3536376953125,0.9003098607063293,0,1,0,0,0,-0.1239609920815926,-0.9718331568528801,-0.8376968287514823,0,0,0,0,63,False,False,
75,5,1499.374438554464,869.8639462395632,-0.08053517266966814,16.804903030395508,0.5369591116905212,0,1,0,0,0,0.043947588087471304,-0.889521354353175,-0.9677460674556225,1,0,0,0,63,False,False,
75,6,1454.6765982431916,872.809069896559,0.5401767250105128,47.3272705078125,4.195761203765869,0,2,0,1,1,-0.07149044674018291,-0.9155249503283186,-0.9086905491669243,0,0,0,0,63,False,False,
75,7,1459.9046458361133,875.8972781938451,0.0529218828717541,42.27560806274414,3.599497079849243,0,2,0,1,1,-0.20546872306544325,-0.9011714605626422,-0.5202527979300857,6,0,0,0,63,False,False,
76,0,1482.9859521496358,870.7343297346202,0.12083242886732455,19.957069396972656,0.6590079665184021,0,1,0,0,0,0.016542542832427405,-0.9332853370687468,-0.9776200110960138,0,0,0,0,64,False,False,
76,1,1469.5368529065727,870.273952220376,-0.13134643854661948,33.59008026123047,0.7837551832199097,0,1,0,0,0,0.12174940284578371,-0.9688926056213409,-0.8736821196725213,0,0,0,0,64,False,False,
76,2,1491.6476036221538,870.3949492775845,0.14409167807712764,15.936707496643066,0.55110764503479,0,1,0,0,0,0.0017156560772472555,-0.9101710860506972,-0.95795979049985,0,0,0,0,64,False,False,
76,3,1484.8563609084385,870.7034245436541,0.0,18.983335494995117,0.6394749879837036,0,1,0,0,0,-0.010243564190871742,-0.928299725516202,-0.968295697618988,1,0,0,0,64,False,False,
76,4,1468.193237707291,872.7853110887498,0.3456910299119162,35.699337005615234,0.9131650924682617,0,1,0,0,0,-0.12641837582383586,-0.9727374777848439,-0.8350582666503382,0,0,0,0,64,False,False,
76,5,1499.1387476384061,869.8594517977757,0.23573376491115616,17.040542602539062,0.552155077457428,0,1,0,0,0,0.045233593008304575,-0.89014814399626,-0.9699308202874558,0,0,0,0,64,False,False,
76,6,1454.497948958158,872.8272959125306,0.17957659842313445,47.50690460205078,4.211842060089111,0,2,0,1,1,-0.07133916389057049,-0.9160010000911585,-0.906816896219454,0,0,0,0,64,False,False,
76,7,1459.5475739457518,875.9820240546941,0.3669907298793846,42.642578125,3.610430955886841,0,2,0,1,1,-0.20881783695154152,-0.9020983933448199,-0.5126001617063346,0,0,0,0,64,False,False,
77,0,1482.9859521496358,870.7343297346202,0.0,19.957069396972656,0.6615527868270874,0,1,0,0,0,0.016542542832427405,-0.9332853370687468,-0.9776200110960138,1,0,0,0,65,False,False,
77,1,1469.803734035155,870.2847048064082,-0.2670976504946183,33.85714340209961,0.7913194298744202,0,1,0,0,0,0.117503560070299,-0.9681928313895711,-0.8768346328041573,0,0,0,0,65,False,False,
77,2,1491.191427190794,870.4147942251478,0.45660788262138347,16.3933162689209,0.5682905316352844,0,1,0,0,0,0.0027042729025039433,-0.9113886960211408,-0.9587586636152629,0,0,0,0,65,False,False,
77,3,1484.6532741777382,870.7161213104746,0.20348323782134398,19.186735153198242,0.6558929681777954,0,1,0,0,0,-0.00910714902909212,-0.9288420689855428,-0.9681934162469928,0,0,0,0,65,False,False,
77,4,1468.193237707291,872.7853110887498,0.0,35.699337005615234,0.9068500399589539,0,1,0,0,0,-0.12641837582383586,-0.9727374777848439,-0.8350582666503382,1,0,0,0,65,False,False,
77,5,1498.592235911436,869.8472175717417,0.5466486476726329,17.587186813354492,0.5707340240478516,0,1,0,0,0,0.047979896038997244,-0.8916017864134755,-0.975194169521569,0,0,0,0,65,False,False,
77,6,1454.3792937854384,872.8393203179927,0.11926288752089167,47.626163482666016,4.227430820465088,0,2,0,1,1,-0.0711782695536941,-0.9163170486651574,-0.9055800577280866,0,0,0,0,65,False,False,
77,7,1459.5475739457518,875.9820240546941,0.0,42.642578125,3.608394145965576,0,2,0,1,1,-0.20881783695154152,-0.9020983933448199,-0.5126001617063346,1,0,0,0,65,False,False,
78,0,1482.6925794639612,870.7405292679128,0.29343818243861486,20.250471115112305,0.6780316233634949,0,1,0,0,0,0.01899200491880069,-0.9340673978351648,-0.978917371902158,0,0,0,0,66,False,False,
78,1,1470.1265054129094,870.297346571506,-0.3230188485557001,34.180145263671875,0.7938876748085022,0,1,0,0,0,0.11372645055349721,-0.9673455673082583,-0.8805870484797695,0,0,0,0,66,False,False,
78,2,1490.9632190254192,870.4249808451069,0.22843540437055848,16.621692657470703,0.5799296498298645,0,1,0,0,0,0.0019969102844584084,-0.9119976984266928,-0.9591256494924294,0,0,0,0,66,False,False,
78,3,1484.2256222667388,870.7429248132615,0.42849105561617373,19.61530876159668,0.6703506708145142,0,1,0,0,0,-0.009356666955559945,-0.9299848088565908,-0.9679587844090487,0,0,0,0,66,False,False,
78,4,1467.980068079594,872.8114655639055,0.21476812320063413,35.914066314697266,0.9209785461425781,0,1,0,0,0,-0.12936919072533076,-0.9732985669404147,-0.8334158473580018,0,0,0,0,66,False,False,
78,5,1498.3388771178304,869.8410378810328,0.253434147017666,17.840679168701172,0.5875468850135803,0,1,0,0,0,0.049564160262010167,-0.8922757360693285,-0.9776939171055504,0,0,0,0,66,False,False,
78,6,1453.9493311214032,872.8832983940644,0.4322059273530869,48.05834197998047,4.241656303405762,0,2,0,1,1,-0.07277401310925598,-0.917462095260656,-0.90104227948302,0,0,0,0,66,False,False,
78,7,1459.555553180621,875.9801310812695,-0.008200703474903545,42.650733947753906,3.605335235595703,0,2,0,1,1,-0.20871300651440505,-0.9020778081572481,-0.5127690488907245,2,0,0,0,66,False,False,
79,0,1482.5997126865454,870.7424918591574,0.09288751321899193,20.343387603759766,0.6718305349349976,0,1,0,0,0,0.019062958481337156,-0.9343150624753747,-0.9793281929082704,1,0,0,0,67,False,False,
79,1,1470.1294766774997,870.2974629716847,-0.0029735437221302895,34.18320083618164,0.7931721806526184,0,1,0,0,0,0.11370382424647309,-0.9673375535661342,-0.8806244249174117,1,0,0,0,67,False,False,
79,2,1490.548180794957,870.442916639166,0.41542559556874886,17.037118911743164,0.5917243957519531,0,1,0,0,0,0.0029376396464208987,-0.9131054916725219,-0.9598660781514297,0,0,0,0,67,False,False,
79,3,1483.7606933256511,870.7705980741633,0.4657517897227001,20.080974578857422,0.6839213371276855,0,1,0,0,0,-0.007488264125861279,-0.9312264992113092,-0.9678857252652597,0,0,0,0,67,False,False,
79,4,1467.4578219634816,872.8746375246081,0.5260529463975333,36.44021224975586,0.9352962970733643,0,1,0,0,0,-0.13534077460869362,-0.974671680785614,-0.8294945373514533,0,0,0,0,67,False,False,
79,5,1498.0082913421086,869.8329960696709,0.33068357358598066,18.171342849731445,0.6016189455986023,0,1,0,0,0,0.04993125988185372,-0.8931548164976831,-0.9809624651377173,0,0,0,0,67,False,False,
79,6,1453.3893336297615,872.9432354049198,0.5631959125521564,48.62159729003906,4.257895469665527,0,2,0,1,1,-0.07716418847824116,-0.9189532948456044,-0.8948139856883833,0,0,0,0,67,False,False,
79,7,1459.6639581267373,875.9544606262192,-0.11140289316250536,42.762123107910156,3.6133110523223877,0,2,0,1,1,-0.2078314856836111,-0.9017964788889471,-0.5150852731633004,0,0,0,0,67,False,False,
80,0,1482.5997126865454,870.7424918591574,0.0,20.343387603759766,0.6615561842918396,0,1,0,0,0,0.019062958481337156,-0.9343150624753747,-0.9793281929082704,2,0,0,0,68,False,False,
80,1,1470.270141122556,870.3031499482152,-0.14077935859004578,34.32394027709961,0.8035284280776978,0,1,0,0,0,0.11320744328696972,-0.9669682296602237,-0.8822806227511962,0,0,0,0,68,False,False,
80,2,1490.227421962129,870.4572565378567,0.32107921379566157,17.358240127563477,0.6050301790237427,0,1,0,0,0,0.002009812925620559,-0.9139618108477681,-0.9603864825133157,0,0,0,0,68,False,False,
80,3,1483.1994691442096,870.8049173268079,0.5622725255040671,20.6433048248291,0.6949244737625122,0,1,0,0,0,-0.008712649160506203,-0.9327259075993241,-0.9676803156555218,0,0,0,0,68,False,False,
80,4,1467.131714586352,872.9135808264481,0.3284244238428922,36.768577575683594,0.9506773352622986,0,1,0,0,0,-0.1391447840147066,-0.9755272028017902,-0.8270970711394671,0,0,0,0,68,False,False,
80,5,1497.8852316209595,869.830110243417,0.12309355369977418,18.294424057006836,0.6140948534011841,0,1,0,0,0,0.04952604277539763,-0.8934820444897562,-0.982157546358503,0,0,0,0,68,False,False,
80,6,1453.3470333075904,872.9477771793803,0.04254344803867423,48.6640739440918,4.256420612335205,0,2,0,1,1,-0.07748512477944966,-0.9190657362679537,-0.8943456796497118,1,0,0,0,68,False,False,
80,7,1459.4640764364922,876.0015892841182,0.20536260733302983,42.96743392944336,3.6239817142486572,0,2,0,1,1,-0.2083582597431612,-0.9023150633382653,-0.5108335354376654,0,0,0,0,68,False,False,
81,0,1482.480954613824,870.7448402517148,0.11878128970550318,20.46218490600586,0.6764039993286133,0,1,0,0,0,0.02002496470375787,-0.9346316962135,-0.9798778194983627,0,0,0,0,69,False,False,
81,1,1470.0938328428995,870.2959698514395,0.17645442262838792,34.50035858154297,0.8118361830711365,0,1,0,0,0,0.11502563342861297,-0.9674311127856959,-0.8801916943866908,0,0,0,0,69,False,False,
81,2,1489.6037132257882,870.488185523018,0.624475131539304,17.982662200927734,0.6242327094078064,0,1,0,0,0,-0.001112371372623026,-0.9156269324071062,-0.9610310831317149,0,0,0,0,69,False,False,
81,3,1482.3337068009275,870.8539614483878,0.867150368106347,21.510414123535156,0.7024855017662048,0,1,0,0,0,-0.006064012062782038,-0.9350380974150126,-0.9678410414839295,0,0,0,0,69,False,False,
81,4,1467.131714586352,872.9135808264481,0.0,36.768577575683594,0.9430378675460815,0,1,0,0,0,-0.1391447840147066,-0.9755272028017902,-0.8270970711394671,1,0,0,0,69,False,False,
81,5,1497.671701681157,869.8253288988226,0.21358346482867388,18.507980346679688,0.6250500082969666,0,1,0,0,0,0.04911538755418721,-0.8940498322585468,-0.9842245562652171,0,0,0,0,69,False,False,
81,6,1452.9923184564036,872.9861695070391,0.35678648583644806,49.02088165283203,4.2716779708862305,0,2,0,1,1,-0.07895499247583504,-0.9200100019433997,-0.8903495881816933,0,0,0,0,69,False,False,
81,7,1459.4640764364922,876.0015892841182,0.0,42.96743392944336,3.6137871742248535,0,2,0,1,1,-0.2083582597431612,-0.9023150633382653,-0.5108335354376654,1,0,0,0,69,False,False,
82,0,1482.480954613824,870.7448402517148,0.0,20.46218490600586,0.6662441492080688,0,1,0,0,0,0.02002496470375787,-0.9346316962135,-0.9798778194983627,1,0,0,0,70,False,False,
82,1,1469.7991305598039,870.2844853667513,0.29492597215277083,34.79538345336914,0.81999671459198,0,1,0,0,0,0.11671305070507414,-0.9682049788927747,-0.8767680269917625,0,0,0,0,70,False,False,
82,2,1488.9894052814327,870.5180868626396,0.6150352352583688,18.597768783569336,0.6393828988075256,0,1,0,0,0,-0.0005425032173778593,-0.9172672181507481,-0.9617203711047178,0,0,0,0,70,False,False,
82,3,1481.4274364694163,870.898450927614,0.9073616850735343,22.417755126953125,0.7178735136985779,0,1,0,0,0,-0.0013151831035780029,-0.9374576700928962,-0.968816101980874,0,0,0,0,70,False,False,
82,4,1466.8190428144103,872.9514078998643,0.31495162239999996,37.08348083496094,0.9533363580703735,0,1,0,0,0,-0.14506070164471793,-0.9763459643010713,-0.824744285135538,0,0,0,0,70,False,False,
82,5,1497.671701681157,869.8253288988226,0.0,18.507980346679688,0.6267313957214355,0,1,0,0,0,0.04911538755418721,-0.8940498322585468,-0.9842245562652171,1,0,0,0,70,False,False,
82,6,1452.9923184564036,872.9861695070391,0.0,49.02088165283203,4.264673233032227,0,2,0,1,1,-0.07895499247583504,-0.9200100019433997,-0.8903495881816933,1,0,0,0,70,False,False,
82,7,1459.268143002586,876.04760142924,0.2012635784761801,43.1686897277832,3.619871139526367,0,2,0,1,1,-0.20891436815239028,-0.9028232487322216,-0.5066848794972216,0,0,0,0,70,False,False,
83,0,1482.1660793840822,870.7517766879348,0.31495162239999996,20.777080535888672,0.6796254515647888,0,1,0,0,0,0.01883157532176022,-0.9354710585961199,-0.9812344751999403,0,0,0,0,71,False,False,
83,1,1469.3817686386747,870.2700520165599,0.41761141603933444,35.212989807128906,0.8348768353462219,0,1,0,0,0,0.11803264265380954,-0.9693001881379629,-0.8721428250446545,0,0,0,0,71,False,False,
83,2,1488.3805045686347,870.5490979495455,0.6096898929430669,19.20744514465332,0.6546314358711243,0,1,0,0,0,-0.0020138778263316228,-0.9188930119494766,-0.962248082810292,0,0,0,0,71,False,False,
83,3,1480.2230193282046,870.9445058569379,1.2052973519260168,23.623104095458984,0.7390696406364441,0,1,0,0,0,0.00588207059784496,-0.940671804426189,-0.9716828336553853,0,0,0,0,71,False,False,
83,4,1466.6993882544593,872.9658253724397,0.12052002834589279,37.20409393310547,0.9609246253967285,0,1,0,0,0,-0.14673054639616415,-0.9766592256308229,-0.8238568984697586,0,0,0,0,71,False,False,
83,5,1497.7966421213034,869.8282643950675,-0.12497492037290567,18.632892608642578,0.6344089508056641,0,1,0,0,0,0.049661463337496214,-0.8937177480757134,-0.9830011032552461,0,0,0,0,71,False,False,
83,6,1452.6815851718598,873.0196155997794,0.3125281031251895,49.33334732055664,4.27103853225708,0,2,0,1,1,-0.07940363104419249,-0.9208368316243775,-0.8868732364467463,0,0,0,0,71,False,False,
83,7,1459.268143002586,876.04760142924,0.0,43.1686897277832,3.6174890995025635,0,2,0,1,1,-0.20891436815239028,-0.9028232487322216,-0.5066848794972216,1,0,0,0,71,False,False,
84,0,1481.541759470523,870.7644952057306,0.6244494496447341,21.401599884033203,0.6921687722206116,0,1,0,0,0,0.020413608684983667,-0.9371356057240217,-0.9840565266663945,0,0,0,0,72,False,False,
84,1,1468.8614574989272,870.251846337546,0.5206295505382792,35.73357391357422,0.8452478647232056,0,1,0,0,0,0.12385997348803433,-0.9706633704874247,-0.8663371422710444,0,0,0,0,72,False,False,
84,2,1488.2254325218953,870.5572209301781,0.15528464989914667,19.362689971923828,0.6674354076385498,0,1,0,0,0,-0.0029522928294972595,-0.9193069931387399,-0.9623512110480348,0,0,0,0,72,False,False,
84,3,1478.8657663526922,870.9874696757977,1.3579328147108387,24.981082916259766,0.7592183947563171,0,1,0,0,0,0.01072239301134851,-0.9442926017002293,-0.9759857370799303,0,0,0,0,72,False,False,
84,4,1466.6993882544593,872.9658253724397,0.0,37.20409393310547,0.9486526846885681,0,1,0,0,0,-0.14673054639616415,-0.9766592256308229,-0.8238568984697586,1,0,0,0,72,False,False,
84,5,1497.9695010804955,869.8323734294434,-0.17290779027128045,18.80579376220703,0.6394546627998352,0,1,0,0,0,0.04962127356880172,-0.8932580923422424,-0.9813002287866777,0,0,0,0,72,False,False,
84,6,1452.0633319205842,873.0884172795006,0.6220697339086588,49.9554557800293,4.282614231109619,0,2,0,1,1,-0.08344303247858104,-0.922481837613653,-0.8796788439243436,0,0,0,0,72,False,False,
84,7,1458.9612644045865,876.1184537442504,0.31495162239999996,43.48365020751953,3.6317062377929688,0,2,0,1,1,-0.20829450299988822,-0.9036189531137561,-0.5003441776743491,0,0,0,0,72,False,False,
85,0,1481.1115507007885,870.7716562133646,0.43026836461309287,21.831836700439453,0.7074213027954102,0,1,0,0,0,0.023207399227565713,-0.9382821575451495,-0.9861892883732093,0,0,0,0,73,False,False,
85,1,1468.7456625115158,870.2476988547613,0.11586923976214247,35.849491119384766,0.8602035045623779,0,1,0,0,0,0.1257020902116488,-0.9709665437498041,-0.8650324830543951,0,0,0,0,73,False,False,
85,2,1488.0838483170094,870.5648980735623,0.14179219161770917,19.504497528076172,0.6835086345672607,0,1,0,0,0,-0.004139481841542647,-0.9196851378572594,-0.9624242701918236,0,0,0,0,73,False,False,
85,3,1477.246994991197,871.0326709624842,1.6194023209551722,26.600486755371094,0.7819560766220093,0,1,0,0,0,0.014197582410263483,-0.9486100208442516,-0.9818498571634066,0,0,0,0,73,False,False,
85,4,1466.820661638368,872.9513235924006,-0.12213736229723231,37.326297760009766,0.9573900103569031,0,1,0,0,0,-0.14416066438380742,-0.9763417918451442,-0.8247515889059529,0,0,0,0,73,False,False,
85,5,1497.8247116766618,869.8288059527123,0.1448333468259273,18.950613021850586,0.6553801894187927,0,1,0,0,0,0.050356101654911195,-0.8936430691929117,-0.9827445529595107,0,0,0,0,73,False,False,
85,6,1451.9367469728732,873.1024602067802,0.12736150436296848,50.08281707763672,4.29358434677124,0,2,0,1,1,-0.08358977603085754,-0.9228185630772047,-0.8782149739471222,0,0,0,0,73,False,False,
85,7,1458.351931238716,876.25501950911,0.6244494496447341,44.10813522338867,3.6459641456604004,0,2,0,1,1,-0.20772959502370061,-0.9051978837459593,-0.48824164428654193,0,0,0,0,73,False,False,
86,0,1480.3739324690082,870.7783917341549,0.7376489836602458,22.569538116455078,0.7223788499832153,0,1,0,0,0,0.028911965991738953,-0.9402473951015942,-0.990521412239324,0,0,0,0,74,False,False,
86,1,1468.326561122134,870.2331576674195,0.41935357481610297,36.2688102722168,0.8682053685188293,0,1,0,0,0,0.12995886821465774,-0.9720624019066022,-0.8603772084400598,0,0,0,0,74,False,False,
86,2,1488.0838483170094,870.5648980735623,0.0,19.504497528076172,0.682315468788147,0,1,0,0,0,-0.004139481841542647,-0.9196851378572594,-0.9624242701918236,1,0,0,0,74,False,False,
86,3,1475.6639539870985,871.0699844517592,1.5834806968001607,28.183935165405273,0.8036772012710571,0,1,0,0,0,0.018483778217158273,-0.9528309195148211,-0.9883886523191457,0,0,0,0,74,False,False,
86,4,1466.808294192873,872.9528031393083,0.012455631943849852,37.338722229003906,0.9554786086082458,0,1,0,0,0,-0.14439801438610528,-0.9763740423795783,-0.8246493075339578,1,0,0,0,74,False,False,
86,5,1497.3675468162985,869.8162680845029,0.4573367552363613,19.40793800354004,0.6717159748077393,0,1,0,0,0,0.052732199964995945,-0.8948584733704583,-0.9874208982725711,0,0,0,0,74,False,False,
86,6,1451.9367469728732,873.1024602067802,0.0,50.08281707763672,4.294729232788086,0,2,0,1,1,-0.08358977603085754,-0.9228185630772047,-0.8782149739471222,1,0,0,0,74,False,False,
86,7,1457.6316396595055,876.4165663362695,0.738185164065797,44.84636688232422,3.657505750656128,0,2,0,1,1,-0.21214882089965512,-0.907060387344589,-0.4711428173835568,0,0,0,0,74,False,False,
87,0,1479.4197091130977,870.787957487232,0.9542713013588179,23.5238094329834,0.7371504306793213,0,1,0,0,0,0.029603189913698695,-0.9427894880936978,-0.9960120917742622,0,0,0,0,75,False,False,
87,1,1468.326561122134,870.2331576674195,0.0,36.2688102722168,0.864775538444519,0,1,0,0,0,0.12995886821465774,-0.9720624019066022,-0.8603772084400598,1,0,0,0,75,False,False,
87,2,1488.2214995204056,870.557451822892,-0.13785245897500004,19.642393112182617,0.6936017870903015,0,1,0,0,0,-0.004039723886889925,-0.919317421239398,-0.9623585183917229,0,0,0,0,75,False,False,
87,3,1474.619295387552,871.0862484386286,1.044785196523881,29.22873878479004,0.8224465250968933,0,1,0,0,0,0.02505675924060079,-0.955615029972679,-0.9937177546933371,0,0,0,0,75,False,False,
87,4,1466.808294192873,872.9528031393083,0.0,37.338722229003906,0.9552164673805237,0,1,0,0,0,-0.14439801438610528,-0.9763740423795783,-0.8246493075339578,2,0,0,0,75,False,False,
87,5,1497.078109158469,869.8081732365725,0.2895508320360908,19.697481155395508,0.6876804828643799,0,1,0,0,0,0.05346970013722259,-0.8956278798370548,-0.9904045224331807,0,0,0,0,75,False,False,
87,6,1452.020758329731,873.0930517150895,-0.08453654710828792,50.16732406616211,4.293839931488037,0,2,0,1,1,-0.08400804579128286,-0.9225951693191025,-0.879195694508811,2,0,0,0,75,False,False,
87,7,1456.6186831430912,876.6504031690129,1.0395963488266355,45.88594436645508,3.673473596572876,0,2,0,1,1,-0.22262917345619826,-0.9096696619340368,-0.444846213754003,0,0,0,0,75,False,False,
88,0,1478.1684931484506,870.7905654781756,1.2512186826468448,24.77503204345703,0.750622570514679,0,1,0,0,0,0.03680261803300261,-0.9461208373906126,-0.9955939607445066,0,0,0,0,76,False,False,
88,1,1468.0117790952975,870.2228232572764,0.31495162239999996,36.583797454833984,0.880129873752594,0,1,0,0,0,0.1327331394776277,-0.9728847316765451,-0.8569543843376061,0,0,0,0,76,False,False,
88,2,1488.2277941998861,870.557111612948,-0.006303866477823647,19.64862632751465,0.6896130442619324,0,1,0,0,0,-0.004009187607376122,-0.9193007997564264,-0.9623512110480348,1,0,0,0,76,False,False,
88,3,1473.7797508807785,871.0909605231407,0.8395577303522764,30.06822967529297,0.8402265906333923,0,1,0,0,0,0.03306143785454386,-0.9578508042240403,-0.9989957173865139,0,0,0,0,76,False,False,
88,4,1466.910123719237,872.9407049009044,-0.10254569621384396,37.44124221801758,0.9640300869941711,0,1,0,0,0,-0.14224936459277665,-0.9761075198839234,-0.8253897469127778,0,0,0,0,76,False,False,
88,5,1497.078109158469,869.8081732365725,0.0,19.697481155395508,0.6858584880828857,0,1,0,0,0,0.05346970013722259,-0.8956278798370548,-0.9904045224331807,1,0,0,0,76,False,False,
88,6,1452.2060700945883,873.0721672160327,-0.1864848854341574,50.35380554199219,4.301311492919922,0,2,0,1,1,-0.08391483793415976,-0.9221022446236875,-0.8813839956009291,0,0,0,0,76,False,False,
88,7,1455.31870355685,876.9529378050674,1.3347187458997545,47.22061538696289,3.686551809310913,0,2,0,1,1,-0.23273079552206027,-0.9130025302021995,-0.4107992091460243,0,0,0,0,76,False,False,
89,0,1477.3324126506755,870.7877884335052,0.8360851097449319,25.611095428466797,0.7673273682594299,0,1,0,0,0,0.041980958659322214,-0.9483456914861063,-0.9894367692799243,0,0,0,0,77,False,False,
89,1,1467.4524303698597,870.2078239070777,0.5595497986375074,37.14332580566406,0.893724262714386,0,1,0,0,0,0.13635462251246191,-0.9743445575736408,-0.8512656047699138,0,0,0,0,77,False,False,
89,2,1488.3638328036661,870.5497140592088,-0.1362395886654789,19.784934997558594,0.6942132115364075,0,1,0,0,0,-0.004200783864507685,-0.9189373177880347,-0.9622846123821863,0,0,0,0,77,False,False,
89,3,1473.4652343732462,871.0912830319012,0.31451667288425667,30.38280487060547,0.857345461845398,0,1,0,0,0,0.03671019828376782,-0.958688311972288,-0.9988560389188911,0,0,0,0,77,False,False,
89,4,1467.0767787320588,872.9212462353698,-0.16778716566844462,37.60900115966797,0.9712600708007812,0,1,0,0,0,-0.13839114724537088,-0.9756708929126318,-0.8265620520902047,0,0,0,0,77,False,False,
89,5,1496.763252785723,869.8004279803738,0.31495162239999996,20.01239585876465,0.7034639120101929,0,1,0,0,0,0.05174291707741392,-0.8964649009807254,-0.9935269544110656,0,0,0,0,77,False,False,
89,6,1452.425780071053,873.046945228939,-0.22115293891574084,50.574974060058594,4.307533264160156,0,2,0,1,1,-0.08459482078228449,-0.9215176966608524,-0.8840334919180565,0,0,0,0,77,False,False,
89,7,1454.3999402127747,877.1728929139364,0.9447255328052925,48.165401458740234,3.6984355449676514,0,2,0,1,1,-0.24364451075865393,-0.9153447785439789,-0.3860030943974163,0,0,0,0,77,False,False,
90,0,1477.0213123389178,870.7869301704535,0.3111014956427363,25.92213249206543,0.7818252444267273,0,1,0,0,0,0.042301362043446034,-0.9491733213150249,-0.9871716535338871,0,0,0,0,78,False,False,
90,1,1467.3835483192192,870.2060227518552,0.06890559527757478,37.212196350097656,0.8913314342498779,0,1,0,0,0,0.13690458437366587,-0.9745239983494668,-0.8505616985362615,1,0,0,0,78,False,False,
90,2,1488.5076547788508,870.5417163111371,-0.14404417558595198,19.928958892822266,0.7068106532096863,0,1,0,0,0,-0.004956926766560817,-0.918553265848144,-0.962248082810292,0,0,0,0,78,False,False,
90,3,1473.367543118924,871.091370235773,0.0976912932433936,30.48046112060547,0.851198673248291,0,1,0,0,0,0.03702907919314858,-0.9589482870334005,-0.9981822307003727,1,0,0,0,78,False,False,
90,4,1466.927952644309,872.9389336600899,0.14987344457284393,37.758846282958984,0.9817619919776917,0,1,0,0,0,-0.14201108385531142,-0.9760607671913882,-0.825484710221265,0,0,0,0,78,False,False,
90,5,1496.763252785723,869.8004279803738,0.0,20.01239585876465,0.7043806314468384,0,1,0,0,0,0.05174291707741392,-0.8964649009807254,-0.9935269544110656,1,0,0,0,78,False,False,
90,6,1452.329060595405,873.0579245853717,0.09734065562385208,50.67227554321289,4.308371067047119,0,2,0,1,1,-0.0840683127050435,-0.9217749127674071,-0.8828844630422357,1,0,0,0,78,False,False,
90,7,1453.1963262180486,877.4787794772686,1.2418748881943849,49.407264709472656,3.7104763984680176,0,2,0,1,1,-0.2624662734342716,-0.9183893722846839,-0.35139242738222687,0,0,0,0,78,False,False,
91,0,1476.400644269362,870.785916014349,0.6206688981083067,26.54286003112793,0.7987096309661865,0,1,0,0,0,0.04298488799957138,-0.950824943913402,-0.9827299400587709,0,0,0,0,79,False,False,
91,1,1467.2930172274753,870.2037348035884,0.09055999823106714,37.302799224853516,0.8915748000144958,0,1,0,0,0,0.13764056720818113,-0.9747600549568194,-0.8496605476221267,2,0,0,0,79,False,False,
91,2,1488.6516679818774,870.5335488567757,-0.14424461846720676,20.073108673095703,0.7188017964363098,0,1,0,0,0,-0.005632250648528725,-0.9181688808596982,-0.9622188605820856,0,0,0,0,79,False,False,
91,3,1473.367543118924,871.091370235773,0.0,30.48046112060547,0.8517202734947205,0,1,0,0,0,0.03702907919314858,-0.9589482870334005,-0.9981822307003727,2,0,0,0,79,False,False,
91,4,1466.696976202818,872.9672428462327,0.23270480558851625,37.99153137207031,0.9959443211555481,0,1,0,0,0,-0.1481496865620809,-0.9766649592700716,-0.8237034764117659,0,0,0,0,79,False,False,
91,5,1496.5035028565223,869.7941037268621,0.25982690757922744,20.27223777770996,0.7121577858924866,0,1,0,0,0,0.05192920412235809,-0.8971555317976214,-0.9960851437715047,0,0,0,0,79,False,False,
91,6,1452.1877264982527,873.073799430749,0.1422228453295994,50.81452178955078,4.321083068847656,0,2,0,1,1,-0.08372104906637408,-0.9221509771264156,-0.8812230124968512,0,0,0,0,79,False,False,
91,7,1452.3458502466042,877.7062224655601,0.8803633857262402,50.28762435913086,3.721888780593872,0,2,0,1,1,-0.2781379409855099,-0.9205224898516361,-0.32557898746129854,0,0,0,0,79,False,False,
92,0,1475.5969873980864,870.78556937969,0.8036569460309474,27.34644889831543,0.8181326985359192,0,1,0,0,0,0.0441397723902431,-0.9529629304165471,-0.9770996049474912,0,0,0,0,80,False,False,
92,1,1467.2930172274753,870.2037348035884,0.0,37.302799224853516,0.8910413384437561,0,1,0,0,0,0.13764056720818113,-0.9747600549568194,-0.8496605476221267,3,0,0,0,80,False,False,
92,2,1488.9310020410333,870.5176706921254,-0.27978497586042506,20.352977752685547,0.7274423837661743,0,1,0,0,0,-0.005663186992026365,-0.9174225924257285,-0.9621750272397762,0,0,0,0,80,False,False,
92,3,1473.1002037893352,871.0922184425576,0.2673406751687956,30.7477970123291,0.8685024976730347,0,1,0,0,0,0.036205653256385514,-0.9596600496591026,-0.9964229114403973,0,0,0,0,80,False,False,
92,4,1466.696976202818,872.9672428462327,0.0,37.99153137207031,0.9920453429222107,0,1,0,0,0,-0.1481496865620809,-0.9766649592700716,-0.8237034764117659,1,0,0,0,80,False,False,
92,5,1496.2405784007751,869.7872609549828,0.26301348436326916,20.535266876220703,0.7281033992767334,0,1,0,0,0,0.05336125984914462,-0.8978544871370105,-0.9987391675374376,0,0,0,0,80,False,False,
92,6,1452.138297272143,873.0793355549247,0.04973828570302526,50.86427307128906,4.322257995605469,0,2,0,1,1,-0.08366214839328323,-0.9222824945369247,-0.880637624588602,1,0,0,0,80,False,False,
92,7,1451.826357498141,877.8499663230443,0.539012998238712,50.82655334472656,3.732570171356201,0,2,0,1,1,-0.28867605136597757,-0.9218168759749377,-0.309236036477345,0,0,0,0,80,False,False,
93,0,1474.7866778385278,870.7873064067337,0.8103114213529873,28.156875610351562,0.8368915915489197,0,1,0,0,0,0.04454655317576087,-0.9551190170618188,-0.9716609169842306,0,0,0,0,81,False,False,
93,1,1466.9965016730653,870.1975096853749,0.29658089301871904,37.59937286376953,0.9040840268135071,0,1,0,0,0,0.13924689942537802,-0.9755326593555109,-0.8468531126296855,0,0,0,0,81,False,False,
93,2,1488.8914585966177,870.5199289764786,0.039607876040975355,20.392593383789062,0.7265540361404419,0,1,0,0,0,-0.005839454701581796,-0.9175282285354898,-0.9621823310101912,1,0,0,0,81,False,False,
93,3,1472.5225399113374,871.0981001840939,0.5776938210045462,31.325464248657227,0.8867806196212769,0,1,0,0,0,0.03300438114275816,-0.9611984998595778,-0.9931096787335817,0,0,0,0,81,False,False,
93,4,1466.5038243426604,872.9910280424748,0.1946108338263902,38.18622970581055,1.0061848163604736,0,1,0,0,0,-0.151860497683136,-0.9771697695089552,-0.8222007006359741,0,0,0,0,81,False,False,
93,5,1496.1388829553205,869.7846464687076,0.10172904779217642,20.63698387145996,0.735397458076477,0,1,0,0,0,0.05330034882982457,-0.8981247957903848,-0.9997580607904514,0,0,0,0,81,False,False,
93,6,1452.138297272143,873.0793355549247,0.0,50.86427307128906,4.322829246520996,0,2,0,1,1,-0.08366214839328323,-0.9222824945369247,-0.880637624588602,2,0,0,0,81,False,False,
93,7,1451.1041471986819,878.0510082836768,0.7496703185934736,51.57630157470703,3.735396146774292,0,2,0,1,1,-0.296985197763081,-0.9236077593332304,-0.28637217635664036,0,0,0,0,81,False,False,
94,0,1473.8004614598244,870.7895691772046,0.9862189745451104,29.143083572387695,0.8551796078681946,0,1,0,0,0,0.04721488140203481,-0.9577420995237583,-0.9650701324901094,0,0,0,0,82,False,False,
94,1,1466.7747353518007,870.1935295384504,0.22180203519515473,37.82108688354492,0.9165915250778198,0,1,0,0,0,0.14067909851262103,-0.976109872593506,-0.8448372434089689,0,0,0,0,82,False,False,
94,2,1488.8914585966177,870.5199289764786,0.0,20.392593383789062,0.7205431461334229,0,1,0,0,0,-0.005839454701581796,-0.9175282285354898,-0.9621823310101912,2,0,0,0,82,False,False,
94,3,1471.6772861475972,871.1172102281104,0.8454697622619678,32.171016693115234,0.9057385921478271,0,1,0,0,0,0.02664372242491437,-0.9634514466137836,-0.9895098248504399,0,0,0,0,82,False,False,
94,4,1466.5038243426604,872.9910280424748,0.0,38.18622970581055,1.004918098449707,0,1,0,0,0,-0.151860497683136,-0.9771697695089552,-0.8222007006359741,1,0,0,0,82,False,False,
94,5,1495.7723530174303,869.7760636567102,0.3666304134023008,21.003662109375,0.751887857913971,0,1,0,0,0,0.05234393009726735,-0.8990993277441758,-0.9966648492820522,0,0,0,0,82,False,False,
94,6,1452.1085313756364,873.0826610853394,0.029951089251987525,50.89424133300781,4.319829940795898,0,2,0,1,1,-0.08357223618407059,-0.922361730518359,-0.8802935040866239,3,0,0,0,82,False,False,
94,7,1450.6605364120473,878.1758078183461,0.46083126399167695,52.037113189697266,3.741295099258423,0,2,0,1,1,-0.30342795717846105,-0.9247017664962759,-0.2721736466699438,0,0,0,0,82,False,False,
95,0,1473.033075996947,870.795487045501,0.7674082810347786,29.91044044494629,0.870089054107666,0,1,0,0,0,0.04599121066727921,-0.9597833055650844,-0.9604376231993133,0,0,0,0,83,False,False,
95,1,1466.5955257453045,870.1907406815822,0.17923130525436773,38.000308990478516,0.9322346448898315,0,1,0,0,0,0.14197900101731242,-0.9765761824532533,-0.8432532542799522,0,0,0,0,83,False,False,
95,2,1489.0290886952516,870.512102329977,-0.13785245897500004,20.530391693115234,0.7305176258087158,0,1,0,0,0,-0.005659843704506468,-0.9171607820303626,-0.9621604161256732,0,0,0,0,83,False,False,
95,3,1471.1652668749286,871.1304929369556,0.5121915324741737,32.68315124511719,0.9199739098548889,0,1,0,0,0,0.02547348510665112,-0.9648160921676486,-0.9875386376244171,0,0,0,0,83,False,False,
95,4,1466.6406308662456,872.9740788374792,-0.13785245897500004,38.324119567871094,1.0157358646392822,0,1,0,0,0,-0.14993671516565554,-0.9768123874621338,-0.8232780425049137,0,0,0,0,83,False,False,
95,5,1495.7723530174303,869.7760636567102,0.0,21.003662109375,0.7521829605102539,0,1,0,0,0,0.05234393009726735,-0.8990993277441758,-0.9966648492820522,1,0,0,0,83,False,False,
95,6,1452.0373416744826,873.0906030237445,0.07163133347903286,50.965850830078125,4.315730094909668,0,2,0,1,1,-0.08367508851608313,-0.9225510437040451,-0.8794664342724124,4,0,0,0,83,False,False,
95,7,1450.219050832983,878.3003951314591,0.4587281494639306,52.49589538574219,3.7513301372528076,0,2,0,1,1,-0.3087662131957182,-0.9257862088095206,-0.25798975311026273,0,0,0,0,83,False,False,
96,0,1471.9650590141061,870.8167706891958,1.0682290340208913,30.97864532470703,0.8902785778045654,0,1,0,0,0,0.04112570822481574,-0.9626263353847884,-0.9555558673831965,0,0,0,0,84,False,False,
96,1,1466.5955257453045,870.1907406815822,0.0,38.000308990478516,0.9303719401359558,0,1,0,0,0,0.14197900101731242,-0.9765761824532533,-0.8432532542799522,1,0,0,0,84,False,False,
96,2,1488.850032450632,870.5220948700172,0.17933485325990267,20.709749221801758,0.7436684370040894,0,1,0,0,0,-0.005016103169377099,-0.9176390514263165,-0.9622115568116707,0,0,0,0,84,False,False,
96,3,1471.1652668749286,871.1304929369556,0.0,32.68315124511719,0.9196688532829285,0,1,0,0,0,0.02547348510665112,-0.9648160921676486,-0.9875386376244171,1,0,0,0,84,False,False,
96,4,1466.633113193974,872.9750104300149,0.007575173993768015,38.331748962402344,1.0077530145645142,0,1,0,0,0,-0.1500878519009676,-0.9768321504957753,-0.8232122942780862,1,0,0,0,84,False,False,
96,5,1495.4927939152087,869.7706118353801,0.27961225651026816,21.28325653076172,0.7697489261627197,0,1,0,0,0,0.05022317997475814,-0.8998426133866845,-0.9940692749974472,0,0,0,0,84,False,False,
96,6,1451.6544257549674,873.1341561576647,0.3853848425825487,51.35125732421875,4.327055931091309,0,2,0,1,1,-0.08618657104262234,-0.9235695056550827,-0.8748995910231602,0,0,0,0,84,False,False,
96,7,1449.5679807477163,878.4869893057207,0.6772810655830414,53.1731071472168,3.761516809463501,0,2,0,1,1,-0.3187929663848896,-0.9273754287594868,-0.23673592413363564,0,0,0,0,84,False,False,
97,0,1470.602815069806,870.8532055105907,1.3627311033334828,32.34143829345703,0.9069290161132812,0,1,0,0,0,0.04074699562285515,-0.9662537288853683,-0.9504386328633879,0,0,0,0,85,False,False,
97,1,1466.3938730089428,870.1880221393932,0.20167106027832554,38.201988220214844,0.9438072443008423,0,1,0,0,0,0.14392886768037746,-0.9771006339411956,-0.841531322512433,0,0,0,0,85,False,False,
97,2,1488.3594181326987,870.546881556841,0.4912400521178761,21.20097541809082,0.7619683742523193,0,1,0,0,0,-0.0016878003720080415,-0.9189489829729995,-0.9626589020297678,0,0,0,0,85,False,False,
97,3,1471.195854124181,871.1297082100855,-0.03059731382140498,32.713680267333984,0.9212678670883179,0,1,0,0,0,0.025597023726187256,-0.9647347492802582,-0.9876555310038336,2,0,0,0,85,False,False,
97,4,1466.633113193974,872.9750104300149,0.0,38.331748962402344,1.004230260848999,0,1,0,0,0,-0.1500878519009676,-0.9768321504957753,-0.8232122942780862,2,0,0,0,85,False,False,
97,5,1495.265274554011,869.7665100997295,0.22755633138883472,21.510831832885742,0.7829548716545105,0,1,0,0,0,0.049585425465472274,-0.9004476560657465,-0.9919949613203182,0,0,0,0,85,False,False,
97,6,1451.1813184459243,873.1891760715764,0.47629582907782,51.82758712768555,4.338057518005371,0,2,0,1,1,-0.08926934649709639,-0.9248274682555871,-0.8691176633697647,0,0,0,0,85,False,False,
97,7,1449.419183795684,878.5299038594716,0.15486184765058755,53.327972412109375,3.7711169719696045,0,2,0,1,1,-0.32161150007907885,-0.9277371045254067,-0.23184688598674308,0,0,0,0,85,False,False,
98,0,1468.9531524588717,870.9094736319356,1.6506219528996444,33.99205780029297,0.9277754426002502,0,1,0,0,0,0.041468986706942386,-0.9706472584777306,-0.9456965348569084,0,0,0,0,86,False,False,
98,1,1466.1663175918598,870.1853383320779,0.22757124305496085,38.429664611816406,0.9577334523200989,0,1,0,0,0,0.14671042297054998,-0.9776921413813425,-0.8396250384341265,0,0,0,0,86,False,False,
98,2,1487.917624020931,870.5664918846352,0.4422291285619623,21.6431827545166,0.7806099057197571,0,1,0,0,0,0.0022412789949290374,-0.9201281934773602,-0.96339202334508,0,0,0,0,86,False,False,
98,3,1470.9748898139408,871.1354841806866,0.22103978880819447,32.9347038269043,0.9362266063690186,0,1,0,0,0,0.025717410288549066,-0.9653236744349364,-0.9868128227594748,0,0,0,0,86,False,False,
98,4,1466.7662530835407,872.9585677995171,-0.1341513708150438,38.4659423828125,1.0120429992675781,0,1,0,0,0,-0.14756242281043797,-0.9764840345095434,-0.8242604067722732,0,0,0,0,86,False,False,
98,5,1495.265274554011,869.7665100997295,0.0,21.510831832885742,0.7818748950958252,0,1,0,0,0,0.049585425465472274,-0.9004476560657465,-0.9919949613203182,1,0,0,0,86,False,False,
98,6,1450.403484525464,873.2773303142607,0.7828133738777271,52.61040496826172,4.352205276489258,0,2,0,1,1,-0.08989739949266903,-0.9268947587112613,-0.8598740058153449,0,0,0,0,86,False,False,
98,7,1449.3241361281048,878.5573103646049,0.0989200466834057,53.426937103271484,3.7574880123138428,0,2,0,1,1,-0.3227014873982739,-0.9279679530673509,-0.2287217298347044,1,0,0,0,86,False,False,
99,0,1467.0241972001127,871.0113436454541,1.9316433133342479,35.923702239990234,0.9478062391281128,0,1,0,0,0,0.03587884496099605,-0.9757915619367106,-0.9444649240642283,0,0,0,0,87,False,False,
99,1,1466.1316947022626,870.1849440380951,0.0346251346828653,38.46421432495117,0.9548407196998596,0,1,0,0,0,0.14705654346157454,-0.977781813120597,-0.8393319585664966,1,0,0,0,87,False,False,
99,2,1487.917624020931,870.5664918846352,0.0,21.6431827545166,0.7779917120933533,0,1,0,0,0,0.0022412789949290374,-0.9201281934773602,-0.96339202334508,1,0,0,0,87,False,False,
99,3,1470.9748898139408,871.1354841806866,0.0,32.9347038269043,0.9386064410209656,0,1,0,0,0,0.025717410288549066,-0.9653236744349364,-0.9868128227594748,1,0,0,0,87,False,False,
99,4,1467.0215048637704,872.9272698602409,-0.2571634350239476,38.723106384277344,1.0196095705032349,0,1,0,0,0,-0.14287610867356382,-0.9758159699126524,-0.8262324390774072,0,0,0,0,87,False,False,
99,5,1495.4031075672933,869.7688254603962,-0.13785245897500004,21.64866828918457,0.7933841943740845,0,1,0,0,0,0.04862437827195107,-0.9000811577048311,-0.9932265716663391,0,0,0,0,87,False,False,
99,6,1450.1464530707885,873.3066970197895,0.25870363755868625,52.86903381347656,4.36314582824707,0,2,0,1,1,-0.09133452512170505,-0.927577418795118,-0.8567927866305383,0,0,0,0,87,False,False,
99,7,1449.2031055032467,878.5920873436858,0.1259279572912301,53.55281066894531,3.768399953842163,0,2,0,1,1,-0.3235551911480147,-0.9282613401153446,-0.22476225727041033,0,0,0,0,87,False,False,
100,0,1465.6384725237112,871.0952746437985,1.3882641287848916,37.31198501586914,0.9654303789138794,0,1,0,0,0,0.03654203493138589,-0.9794884784266996,-0.9448602853038535,0,0,0,0,88,False,False,
100,1,1465.7827055265864,870.1821052380197,0.3490007213817817,38.81322479248047,0.9681660532951355,0,1,0,0,0,0.15125967399449236,-0.9786874591906091,-0.8365683461965452,0,0,0,0,88,False,False,
100,2,1487.9478411364976,870.5651392863009,-0.030247373363808703,21.673486709594727,0.7745088338851929,0,1,0,0,0,0.0020009103041237117,-0.9200473854480986,-0.9633408826590824,2,0,0,0,88,False,False,
100,3,1471.0311481883778,871.1340086111437,-0.05627772205564564,32.990997314453125,0.9383798837661743,0,1,0,0,0,0.02554991704342184,-0.965173681102995,-0.9870328434833159,2,0,0,0,88,False,False,
100,4,1467.318564093362,872.8910138965314,-0.29926356408709853,39.022430419921875,1.027276873588562,0,1,0,0,0,-0.13800223811883572,-0.9750370604552341,-0.8285048693136788,0,0,0,0,88,False,False,
100,5,1495.2237971240502,869.7658666535891,0.17933485325990267,21.828014373779297,0.7974635362625122,0,1,0,0,0,0.04866740011659658,-0.9005580274345099,-0.9916288258821725,0,0,0,0,88,False,False,
100,6,1449.8994803983244,873.3352295179195,0.2486153744111759,53.11762237548828,4.378777980804443,0,2,0,1,1,-0.09298349936836858,-0.9282333355413279,-0.8537993842078248,0,0,0,0,88,False,False,
100,7,1449.2031055032467,878.5920873436858,0.0,53.55281066894531,3.7577614784240723,0,2,0,1,1,-0.3235551911480147,-0.9282613401153446,-0.22476225727041033,1,0,0,0,88,False,False,
101,0,1464.7866886475927,871.1479581230676,0.8534115774956208,38.16529846191406,0.9845066070556641,0,1,0,0,0,0.0401839660575007,-0.981759946723513,-0.9452418822951231,0,0,0,0,89,False,False,
101,1,1465.7827055265864,870.1821052380197,0.0,38.81322479248047,0.9654979705810547,0,1,0,0,0,0.15125967399449236,-0.9786874591906091,-0.8365683461965452,1,0,0,0,89,False,False,
101,2,1487.662896027981,870.5772579716723,0.2852026952933113,21.95878028869629,0.787682294845581,0,1,0,0,0,0.003451974688888034,-0.9208081556309405,-0.9638685943646566,0,0,0,0,89,False,False,
101,3,1470.7716261548924,871.1402779427732,0.25959774726191004,33.25059509277344,0.9483106732368469,0,1,0,0,0,0.027414550185186373,-0.9658653035539125,-0.9859692667560499,0,0,0,0,89,False,False,
101,4,1467.6125873824938,872.8551986568934,-0.29619660015289656,39.31854248046875,1.0357619524002075,0,1,0,0,0,-0.13365812195360022,-0.9742652844439519,-0.8307407664047829,0,0,0,0,89,False,False,
101,5,1495.2237971240502,869.7658666535891,0.0,21.828014373779297,0.7922680377960205,0,1,0,0,0,0.04866740011659658,-0.9005580274345099,-0.9916288258821725,1,0,0,0,89,False,False,
101,6,1449.8994803983244,873.3352295179195,0.0,53.11762237548828,4.377386569976807,0,2,0,1,1,-0.09298349936836858,-0.9282333355413279,-0.8537993842078248,1,0,0,0,89,False,False,
101,7,1448.900418633466,878.6791228727232,0.31495162239999996,53.8678092956543,3.767920970916748,0,2,0,1,1,-0.3273403862438594,-0.9289939228531574,-0.21484542363183368,0,0,0,0,89,False,False,
102,0,1464.0740171785133,871.1960811719305,0.7142943725605618,38.87969207763672,0.9989505410194397,0,1,0,0,0,0.040847622968419095,-0.9836614891063075,-0.9460480591809509,0,0,0,0,90,False,False,
102,1,1465.4677644274957,870.179530639818,0.31495162239999996,39.128177642822266,0.9800763726234436,0,1,0,0,0,0.1574302978931832,-0.9795027426245061,-0.8340612948421489,0,0,0,0,90,False,False,
102,2,1487.0681840188709,870.6022341927986,0.5952362433535702,22.553909301757812,0.8056218028068542,0,1,0,0,0,0.003868210098234057,-0.9223951355426593,-0.9650189918041119,0,0,0,0,90,False,False,
102,3,1470.286343354806,871.150666260728,0.4853939773109917,33.73593521118164,0.9591719508171082,0,1,0,0,0,0.03031101688600933,-0.9671581431022106,-0.9838438097129684,0,0,0,0,90,False,False,
102,4,1467.849934428241,872.8265335722614,-0.23907176161542915,39.55769729614258,1.043912410736084,0,1,0,0,0,-0.12981144257826144,-0.9736410845947535,-0.832522000214282,0,0,0,0,90,False,False,
102,5,1495.2504608001018,869.7663050555509,-0.026667279892485417,21.854751586914062,0.7922423481941223,0,1,0,0,0,0.048595180143298146,-0.9004869345387218,-0.9918634586134351,2,0,0,0,90,False,False,
102,6,1450.0364263160652,873.3194461070217,-0.13785245897500004,53.255367279052734,4.388307094573975,0,2,0,1,1,-0.09233964784369846,-0.9278698859533887,-0.855453509543155,0,0,0,0,90,False,False,
102,7,1448.900418633466,878.6791228727232,0.0,53.8678092956543,3.7592766284942627,0,2,0,1,1,-0.3273403862438594,-0.9289939228531574,-0.21484542363183368,1,0,0,0,90,False,False,
103,0,1463.2841413834785,871.2480304102771,0.7915822730117177,39.67119216918945,1.0104097127914429,0,1,0,0,0,0.048178994996213316,-0.9857668959339033,-0.9467665693821599,0,0,0,0,91,False,False,
103,1,1465.4677644274957,870.179530639818,0.0,39.128177642822266,0.9742326140403748,0,1,0,0,0,0.1574302978931832,-0.9795027426245061,-0.8340612948421489,1,0,0,0,91,False,False,
103,2,1486.4419232853554,870.6310576994364,0.6269236802660259,23.1809139251709,0.8233379125595093,0,1,0,0,0,0.0013383636440933186,-0.9240671450191466,-0.9659283005009558,0,0,0,0,91,False,False,
103,3,1470.286343354806,871.150666260728,0.0,33.73593521118164,0.9587867856025696,0,1,0,0,0,0.03031101688600933,-0.9671581431022106,-0.9838438097129684,1,0,0,0,91,False,False,
103,4,1468.1672796363837,872.7887568982998,-0.319585760362719,39.877201080322266,1.051663875579834,0,1,0,0,0,-0.12471725428355158,-0.9728059048672919,-0.8348309493026286,0,0,0,0,91,False,False,
103,5,1495.4145384747299,869.7690053745906,-0.16409989346218026,22.018836975097656,0.8035963773727417,0,1,0,0,0,0.04839280797637381,-0.9000506420933173,-0.9933296985641045,0,0,0,0,91,False,False,
103,6,1450.308081539532,873.2877558097531,-0.27349741384103204,53.528934478759766,4.394676685333252,0,2,0,1,1,-0.09229158883448715,-0.9271480906522325,-0.8587835285941325,0,0,0,0,91,False,False,
103,7,1448.6825107518762,878.7417664033475,0.22673344876310236,54.09452438354492,3.764608383178711,0,2,0,1,1,-0.32998673235709675,-0.9295197363348807,-0.20770956847094668,0,0,0,0,91,False,False,
104,0,1462.357698156074,871.302699723339,0.9280548407255476,40.59931564331055,1.028594732284546,0,1,0,0,0,0.06349398628738546,-0.9882317134033848,-0.9468542360667787,0,0,0,0,92,False,False,
104,1,1465.3521567121504,870.1786318446466,0.11561120914557446,39.24378204345703,0.9838875532150269,0,1,0,0,0,0.1595464332596685,-0.9798015601363784,-0.8331519825720317,0,0,0,0,92,False,False,
104,2,1486.1109310952602,870.6471694491365,0.3313840949449304,23.512239456176758,0.8402759432792664,0,1,0,0,0,-0.00035058022342677,-0.9249506773255206,-0.9663017432827895,0,0,0,0,92,False,False,
104,3,1470.3036762349222,871.1502926151923,-0.017336906993805853,33.753273010253906,0.9586194753646851,0,1,0,0,0,0.030175670356137455,-0.9671119505540835,-0.9839095615130691,2,0,0,0,92,False,False,
104,4,1468.5484023915046,872.7428371418297,-0.38387911965262866,40.26118087768555,1.054043173789978,0,1,0,0,0,-0.12109452736523407,-0.971801101603486,-0.8376749174402374,0,1,0,0,92,False,False,
104,5,1495.3566379317647,869.768076095694,0.057907999749086954,22.076705932617188,0.7992269992828369,0,1,0,0,0,0.04820727558975351,-0.9002045193821637,-0.9928165984192926,1,0,0,0,92,False,False,
104,6,1450.262588673665,873.2930492990172,0.045799802110672805,53.57476806640625,4.394702434539795,0,2,0,1,1,-0.09225775442083406,-0.9272690537012155,-0.8582347167103292,1,0,0,0,92,False,False,
104,7,1448.188667802425,878.8856086404438,0.5143650920264737,54.608829498291016,3.774184226989746,0,2,0,1,1,-0.338497166607209,-0.9307052520218256,-0.1913081301513021,0,0,0,0,92,False,False,
105,0,1461.1343107552088,871.3755724907772,1.2255558627944294,41.82487487792969,1.0437854528427124,0,1,0,0,0,0.08731979993052683,-0.9914776599462729,-0.9470669530202048,0,0,0,0,93,False,False,
105,1,1465.3521567121504,870.1786318446466,0.0,39.24378204345703,0.9823485612869263,0,1,0,0,0,0.1595464332596685,-0.9798015601363784,-0.8331519825720317,1,0,0,0,93,False,False,
105,2,1485.710681272366,870.66736787176,0.40075915086673897,23.91301727294922,0.8576406240463257,0,1,0,0,0,-0.0015072281514483797,-0.9260194158758803,-0.966668729159956,0,0,0,0,93,False,False,
105,3,1470.2763613304126,871.1508827872799,0.027321279462414184,33.78062438964844,0.9566376805305481,0,1,0,0,0,0.030210331392477013,-0.9671848059090045,-0.9837926708136074,3,0,0,0,93,False,False,
105,4,1468.6108602769289,872.7352998409627,-0.06291103524835998,40.32401657104492,1.0503134727478027,0,1,0,0,0,-0.12050126394391454,-0.9716365713591993,-0.8381441739695795,1,0,0,0,93,False,False,
105,5,1495.3566379317647,869.768076095694,0.0,22.076705932617188,0.797166645526886,0,1,0,0,0,0.04820727558975351,-0.9002045193821637,-0.9928165984192926,2,0,0,0,93,False,False,
105,6,1450.262588673665,873.2930492990172,0.0,53.57476806640625,4.393082141876221,0,2,0,1,1,-0.09225775442083406,-0.9272690537012155,-0.8582347167103292,2,0,0,0,93,False,False,
105,7,1447.915157763204,878.9662336335005,0.285145806667629,54.89402389526367,3.7834813594818115,0,2,0,1,1,-0.3441492104251514,-0.931358445406725,-0.18210835239174328,0,0,0,0,93,False,False,
106,0,1459.6214881207804,871.4822400187376,1.5165784795914485,43.34144973754883,1.0617257356643677,0,1,0,0,0,0.151955828351148,-0.9954610159948778,-0.9493101503084507,0,0,0,0,94,False,False,
106,1,1465.2812552258981,870.1780402552777,0.07090395426750319,39.3147087097168,0.9801391363143921,0,1,0,0,0,0.1614055813952695,-0.9799846918245473,-0.8325877484411095,2,0,0,0,94,False,False,
106,2,1485.5204145662972,870.6771384345594,0.19051740953433627,24.103574752807617,0.8752282857894897,0,1,0,0,0,-0.002084858548702881,-0.9265275679335119,-0.9668294549883637,0,0,0,0,94,False,False,
106,3,1470.2763613304126,871.1508827872799,0.0,33.78062438964844,0.9519736170768738,0,1,0,0,0,0.030210331392477013,-0.9671848059090045,-0.9837926708136074,4,0,0,0,94,False,False,
106,4,1468.6734198838758,872.7277609166202,-0.06301221946260929,40.387088775634766,1.0471889972686768,0,1,0,0,0,-0.11969113989713884,-0.9714713452282167,-0.8386061410215994,2,0,0,0,94,False,False,
106,5,1495.0417220251588,869.7633330777736,0.31495162239999996,22.39168357849121,0.8105316162109375,0,1,0,0,0,0.04798198172161013,-0.901042091105518,-0.9900529963225015,0,0,0,0,94,False,False,
106,6,1449.949741549273,873.3293976306437,0.31495162239999996,53.88974380493164,4.408757209777832,0,2,0,1,1,-0.0932223849956396,-0.9281000881047569,-0.8544069264098964,0,0,0,0,94,False,False,
106,7,1447.5213479897282,879.0822736760064,0.4105501542440103,55.304561614990234,3.7856318950653076,0,2,0,1,1,-0.34937618865412345,-0.9322948321764548,-0.16887592143281283,0,0,0,0,94,False,False,
107,0,1457.8260864776146,871.6221958995695,1.8008483303326703,45.14230728149414,1.0564789772033691,0,1,0,0,0,1.0,-0.9988908549324684,-0.9544112336334083,0,0,0,1,95,False,False,
107,1,1464.8965970354025,870.1750575288132,0.3846697546891258,39.699363708496094,0.989240825176239,0,1,0,0,0,0.169621478763086,-0.9809760614445897,-0.8295529818078659,0,0,0,0,95,False,False,
107,2,1485.5204145662972,870.6771384345594,0.0,24.103574752807617,0.8740038275718689,0,1,0,0,0,-0.002084858548702881,-0.9265275679335119,-0.9668294549883637,1,0,0,0,95,False,False,
107,3,1470.3658402159956,871.1489138038643,-0.08950054670714588,33.87012481689453,0.9491345882415771,0,1,0,0,0,0.029739549153430606,-0.9669464065491182,-0.9841807229229077,5,0,0,0,95,False,False,
107,4,1468.7793946144106,872.7150895918754,-0.10672959281620205,40.493804931640625,1.058349370956421,0,1,0,0,0,-0.11793096377130546,-0.9711917019991493,-0.8393904030229091,0,0,0,0,95,False,False,
107,5,1494.5421651258569,869.7561764194327,0.49960815986015483,22.891368865966797,0.82773357629776,0,1,0,0,0,0.04816164016803112,-0.9023708272395157,-0.985720022017366,0,0,0,0,95,False,False,
107,6,1449.329433297151,873.4011944795346,0.6244494496447341,54.514122009277344,4.426529407501221,0,2,0,1,1,-0.09513959596000253,-0.929746971292762,-0.8468686206353612,0,0,0,0,95,False,False,
107,7,1446.9470458736362,879.2497586422296,0.5982258222932898,55.90282440185547,3.79672908782959,0,2,0,1,1,-0.35555012157988447,-0.9336530845591864,-0.14978109270808715,0,0,0,0,95,False,False,
108,0,1456.352584557031,871.7344347803784,1.4777704410121404,46.620086669921875,4.276791095733643,0,2,1,1,1,-0.03378862535948157,-0.9110364688910295,-0.9653380779540707,0,0,0,0,96,False,False,
108,1,1464.4182800172257,870.1702745869136,0.4783409311470979,40.17765808105469,0.999657392501831,0,1,0,0,0,0.18316088302750966,-0.982202548125606,-0.8256535831125622,0,0,0,0,96,False,False,
108,2,1485.5697824079168,870.6746141669098,-0.04943233469459445,24.153076171875,0.862785816192627,0,1,0,0,0,-0.0019421966734629197,-0.9263955636407772,-0.9667783143023662,2,0,0,0,96,False,False,
108,3,1470.5553144463963,871.1448526466663,-0.1895177484663566,34.05962371826172,0.9593300819396973,0,1,0,0,0,0.029651325388647364,-0.9664416333195635,-0.9850169733692811,0,0,0,0,96,False,False,
108,4,1468.9116461769656,872.6994718035204,-0.13317053394544212,40.62692642211914,1.0693944692611694,0,1,0,0,0,-0.11558601992484227,-0.9708426218854156,-0.840343537915516,0,0,0,0,96,False,False,
108,5,1493.780274072029,869.7417492171942,0.7620276386505309,23.653345108032227,0.8402579426765442,0,1,0,0,0,0.052180079726992463,-0.9043960906791646,-0.9786981998307012,0,0,0,0,96,False,False,
108,6,1448.4072676266364,873.5061498030263,0.9281191431085185,55.442317962646484,4.44469690322876,0,2,0,1,1,-0.09734370535488526,-0.932194289131951,-0.8358610810860876,0,0,0,0,96,False,False,
108,7,1446.406310542733,879.406064271122,0.5628731186602309,56.46573257446289,3.807299852371216,0,2,0,1,1,-0.3617927345049275,-0.934923153855605,-0.1319672109590745,0,0,0,0,96,False,False,
109,0,1455.413630174689,871.7991055548624,0.94117885717422,47.561279296875,4.293497562408447,0,2,0,1,1,-0.03001499788900522,-0.9135435983368063,-0.9714858801966684,0,0,0,0,97,False,False,
109,1,1463.772007805702,870.1596549173217,0.6463594578636753,40.8241081237793,1.0114545822143555,0,1,0,0,0,0.2069526537047548,-0.9838446452595655,-0.8198844620703053,0,0,0,0,97,False,False,
109,2,1485.5206943954613,870.6771249592257,0.04915218250380047,24.202211380004883,0.8551769256591797,0,1,0,0,0,-0.0019562782928836163,-0.9265265924972796,-0.9668221476446756,3,0,0,0,97,False,False,
109,3,1470.8671756084016,871.1390331799236,-0.31191545418652844,34.37156677246094,0.9667753577232361,0,1,0,0,0,0.03065551139844508,-0.965610774857736,-0.986489671117936,0,0,0,0,97,False,False,
109,4,1468.7289890175555,872.7211778769597,0.18394235919977514,40.81083297729492,1.0821285247802734,0,1,0,0,0,-0.11802819337682548,-0.9713247588805145,-0.8390096493241139,0,0,0,0,97,False,False,
109,5,1493.3346771632732,869.7315038546612,0.44571467616195415,24.09902000427246,0.8538851737976074,0,1,0,0,0,0.05544992945350739,-0.9055801047493877,-0.9743652255255656,0,0,0,0,97,False,False,
109,6,1447.4110171568038,873.6214417525447,1.0028994128353894,56.44518280029297,4.461432933807373,0,2,0,1,1,-0.10257333881363592,-0.9348353132904813,-0.8237410958319855,0,0,0,0,97,False,False,
109,7,1445.64176549115,879.6275179668247,0.7959716547971786,57.261680603027344,3.817399263381958,0,2,0,1,1,-0.37364028781178404,-0.9367011215059133,-0.10672452281938005,0,0,0,0,97,False,False,
110,0,1454.4295902363733,871.8553222794211,0.9856444188044283,48.54689407348633,4.313924789428711,0,2,0,1,1,-0.023273735790313152,-0.9161701973545648,-0.9765431909249609,0,0,0,0,98,False,False,
110,1,1463.5712550756032,870.1559404515525,0.20078709096481162,41.02482604980469,1.0213433504104614,0,1,0,0,0,0.2152684895041912,-0.9843505510079517,-0.8180439119257336,0,0,0,0,98,False,False,
110,2,1485.5206943954613,870.6771249592257,0.0,24.202211380004883,0.8574180006980896,0,1,0,0,0,-0.0019562782928836163,-0.9265265924972796,-0.9668221476446756,4,0,0,0,98,False,False,
110,3,1470.8730227056376,871.1389245038854,-0.005848107092812031,34.37742614746094,0.9677609801292419,0,1,0,0,0,0.030689387389061393,-0.965595162978406,-0.9865197437851632,1,0,0,0,98,False,False,
110,4,1468.7289890175555,872.7211778769597,0.0,40.81083297729492,1.0801780223846436,0,1,0,0,0,-0.11802819337682548,-0.9713247588805145,-0.8390096493241139,1,0,0,0,98,False,False,
110,5,1492.7967654987324,869.7173589923857,0.538097608225332,24.637170791625977,0.8703492283821106,0,1,0,0,0,0.05843888731007938,-0.9070092182208875,-0.9689265375623051,0,0,0,0,98,False,False,
110,6,1446.9391442170831,873.6766388734313,0.47509030025337373,56.92032241821289,4.477950572967529,0,2,0,1,1,-0.10539690482669231,-0.9360853706081088,-0.8179372139880667,0,0,0,0,98,False,False,
110,7,1445.1858243251527,879.7613248526435,0.4751701059025269,57.736854553222656,3.824941396713257,0,2,0,1,1,-0.38309702557064235,-0.9377496630300292,-0.09146481675168772,0,0,0,0,98,False,False,
111,0,1453.9385719533059,871.8833767509266,0.4918190802296234,49.038658142089844,4.322277069091797,0,2,0,1,1,-0.023647143369596318,-0.9174806849595193,-0.9790609746054049,0,0,0,0,99,False,False,
111,1,1463.059052728148,870.1450822875329,0.5123174254938123,41.537147521972656,1.033682942390442,0,1,0,0,0,0.23722179368307808,-0.9856308881637708,-0.8131767707969931,0,0,0,0,99,False,False,
111,2,1485.6583576697149,870.6699053077613,-0.13785245897500004,24.33997344970703,0.8705200552940369,0,1,0,0,0,-0.002765277025796801,-0.9261592314748909,-0.9667271736163686,0,0,0,0,99,False,False,
111,3,1470.8186365217664,871.1399491245462,0.054395834799848115,34.431880950927734,0.9651565551757812,0,1,0,0,0,0.03065687785724549,-0.9657402055266616,-0.9862631934894276,2,0,0,0,99,False,False,
111,4,1468.520634125519,872.7458596266348,0.20981170082361456,41.020660400390625,1.092482328414917,0,1,0,0,0,-0.12012139345322971,-0.9718745736519433,-0.837506873548322,0,0,0,0,99,False,False,
111,5,1492.170544091656,869.7021641787869,0.6264057255813406,25.26357650756836,0.8856523633003235,0,1,0,0,0,0.058190240317976656,-0.908672782902607,-0.9627538760580748,0,0,0,0,99,False,False,
111,6,1446.4024748094766,873.7386493248707,0.5402400847294402,57.460514068603516,4.492898941040039,0,2,0,1,1,-0.10689827926536281,-0.9375060733117775,-0.8114235371562668,0,0,0,0,99,False,False,
111,7,1444.933129399934,879.836332669723,0.2635922947552271,58.000423431396484,3.8339195251464844,0,2,0,1,1,-0.3891876042609157,-0.9383265968282065,-0.08290914292555374,0,0,0,0,99,False,False,
112,0,1453.9385719533059,871.8833767509266,0.0,49.038658142089844,4.321152687072754,0,2,0,1,1,-0.023647143369596318,-0.9174806849595193,-0.9790609746054049,1,0,0,0,100,False,False,
112,1,1462.7481569359754,870.1376218530053,0.3109852917323367,41.848148345947266,1.0445592403411865,0,1,0,0,0,0.25323500286140316,-0.9863990812289025,-0.8101200928525045,0,0,0,0,100,False,False,
112,2,1485.674675328375,870.6690499152309,-0.016340063663719206,24.356353759765625,0.8624587655067444,0,1,0,0,0,-0.002749115599378153,-0.9261155525807829,-0.9667198662726805,1,0,0,0,100,False,False,
112,3,1470.8186365217664,871.1399491245462,0.0,34.431880950927734,0.9648043513298035,0,1,0,0,0,0.03065687785724549,-0.9657402055266616,-0.9862631934894276,3,0,0,0,100,False,False,
112,4,1468.0030266954504,872.8068101394966,0.5211836688543144,41.54181671142578,1.107212781906128,0,1,0,0,0,-0.12585850067876234,-0.9732385671864705,-0.8338120518901014,0,0,0,0,100,False,False,
112,5,1491.5559156664565,869.6853721711764,0.6148577661400036,25.878429412841797,0.8967669010162354,0,1,0,0,0,0.06123212738561013,-0.9103049505653116,-0.9564643256410195,0,0,0,0,100,False,False,
112,6,1446.1121573178239,873.7726558351945,0.29230239257310126,57.75278091430664,4.503096103668213,0,2,0,1,1,-0.10925188048403747,-0.9382741482897689,-0.8078445324289122,0,0,0,0,100,False,False,
112,7,1444.6275615783647,879.9271785999258,0.3187862553701677,58.31919479370117,3.83891224861145,0,2,0,1,1,-0.394560604825658,-0.9390204650823558,-0.07253841783238268,0,0,0,0,100,False,False,
113,0,1453.9857211549986,871.8806849417349,-0.047225978623851694,49.085853576660156,4.319790363311768,0,2,0,1,1,-0.023583362984464885,-0.9173549160295346,-0.9788192944860793,2,0,0,0,101,False,False,
113,1,1462.1940530453126,870.1204166352296,0.5543709418488063,42.40249252319336,1.0533736944198608,0,1,0,0,0,0.28797752594529763,-0.9877439993927858,-0.8042048249364844,0,0,0,0,101,False,False,
113,2,1485.8283958821928,870.6609145688728,-0.15393567658741425,24.510257720947266,0.8678831458091736,0,1,0,0,0,-0.003049634535123384,-0.9257051472672237,-0.9666248922443734,0,0,0,0,101,False,False,
113,3,1470.5037531451674,871.1465053120022,0.31495162239999996,34.746768951416016,0.9826088547706604,0,1,0,0,0,0.030135584968071307,-0.9665789838325299,-0.9848553979951707,0,0,0,0,101,False,False,
113,4,1467.4659750941998,872.86972408231,0.5407241317032802,42.08259963989258,1.12404203414917,0,1,0,0,0,-0.1325698776825839,-0.9746511581566747,-0.8300222526303007,0,0,0,0,101,False,False,
113,5,1490.6374588839406,869.6635892585318,0.9187150573668798,26.79714584350586,0.908760130405426,0,1,0,0,0,0.0605920470776602,-0.9127440707628287,-0.9474631611255776,0,0,0,0,101,False,False,
113,6,1445.764565025973,873.8129146336963,0.3499159502093742,58.10276412963867,4.511267185211182,0,2,0,1,1,-0.11008337492490025,-0.939193717361098,-0.8036069734513234,0,0,0,0,101,False,False,
113,7,1444.6043145335536,879.9340883709009,0.02425221695798103,58.34339141845703,3.833211898803711,0,2,0,1,1,-0.39491143927969385,-0.9390729757426532,-0.07174795262880274,1,0,0,0,101,False,False,
114,0,1454.1210232465112,871.8728490635278,-0.13552880489024968,49.22133255004883,4.3321638107299805,0,2,0,1,1,-0.024000879193126125,-0.9169938935305717,-0.9781168318547987,0,0,0,0,102,False,False,
114,1,1462.160217163307,870.1193556569776,0.03385251225457261,42.43644332885742,1.0441664457321167,0,1,0,0,0,0.2902394379025345,-0.9878253848986811,-0.8038451535495523,1,0,0,0,102,False,False,
114,2,1486.050488701395,870.6494071039203,-0.22239074191792657,24.73272132873535,0.8746334314346313,0,1,0,0,0,-0.0023276836365302717,-0.9251119133284459,-0.9664560122065299,0,0,0,0,102,False,False,
114,3,1470.4747231007277,871.1471070805144,0.029036280848376554,34.77582931518555,0.980303168296814,0,1,0,0,0,0.030263759157830035,-0.9666563885671898,-0.9847230457425851,1,0,0,0,102,False,False,
114,4,1467.445701789713,872.8721015128627,0.02041222797377849,42.103004455566406,1.12147057056427,0,1,0,0,0,-0.13293006678248706,-0.9747043846542953,-0.8298752767571557,1,0,0,0,102,False,False,
114,5,1489.4215655459652,869.628053500308,1.2164125120390752,28.013607025146484,0.9227815866470337,0,1,0,0,0,0.0665667944506582,-0.9159709107280475,-0.9347517026789716,0,0,0,0,102,False,False,
114,6,1445.764565025973,873.8129146336963,0.0,58.10276412963867,4.507476329803467,0,2,0,1,1,-0.11008337492490025,-0.939193717361098,-0.8036069734513234,1,0,0,0,102,False,False,
114,7,1444.4653992551682,879.975399174694,0.1449276960381216,58.48832321166992,3.840935707092285,0,2,0,1,1,-0.3973589325528148,-0.9393869912143942,-0.06703454800609643,0,0,0,0,102,False,False,
115,0,1454.2855104478715,871.8634127471098,-0.16475765074471205,49.38615417480469,4.339657306671143,0,2,0,1,1,-0.023529544544498373,-0.9165546706299198,-0.9772604969331025,0,0,0,0,103,False,False,
115,1,1462.160217163307,870.1193556569776,0.0,42.43644332885742,1.03506600856781,0,1,0,0,0,0.2902394379025345,-0.9878253848986811,-0.8038451535495523,2,0,0,0,103,False,False,
115,2,1486.081213244747,870.6478201169087,-0.030765501653167757,24.763402938842773,0.8735193014144897,0,1,0,0,0,-0.0022225104460252016,-0.9250300986250433,-0.9664340937487387,1,0,0,0,103,False,False,
115,3,1470.4747231007277,871.1471070805144,0.0,34.77582931518555,0.9770239591598511,0,1,0,0,0,0.030263759157830035,-0.9666563885671898,-0.9847230457425851,2,0,0,0,103,False,False,
115,4,1467.445701789713,872.8721015128627,0.0,42.103004455566406,1.1198334693908691,0,1,0,0,0,-0.13293006678248706,-0.9747043846542953,-0.8298752767571557,2,0,0,0,103,False,False,
115,5,1487.9941086535473,869.5944112141589,1.427853277871672,29.44137191772461,0.9376548528671265,0,1,0,0,0,0.06594995292691187,-0.9197587956090411,-0.9207948834844227,0,0,0,0,103,False,False,
115,6,1445.8305419724982,873.8052624533192,-0.06641922415468751,58.16925048828125,4.505334377288818,0,2,0,1,1,-0.10986475314465957,-0.9390190758816661,-0.8044194071385193,2,0,0,0,103,False,False,
115,7,1444.1130243668122,880.0806865741074,0.3677682672814075,58.85613250732422,3.851363182067871,0,2,0,1,1,-0.4042957381468625,-0.9401793986427621,-0.05501725862368034,0,0,0,0,103,False,False,
116,0,1454.4776733331719,871.8522782895118,-0.19248519588008484,49.57861328125,4.3472089767456055,0,2,0,1,1,-0.02374868068992555,-0.9160418020516123,-0.9762578150343441,0,0,0,0,104,False,False,
116,1,1461.8454660259538,870.1081197330177,0.31495162239999996,42.7513427734375,1.0430207252502441,0,1,0,0,0,0.31378825102984254,-0.9885715782267808,-0.8003045829487062,0,0,0,0,104,False,False,
116,2,1486.0127669449846,870.6514040580436,0.06854006554723754,24.831857681274414,0.874249279499054,0,1,0,0,0,-0.002679838567592204,-0.9252126411840931,-0.9664779306643212,2,0,0,0,104,False,False,
116,3,1470.3781500179346,871.149188890453,0.09659551880279453,34.87240982055664,0.976224958896637,0,1,0,0,0,0.029968795722089048,-0.9669136511113525,-0.9842984640613903,3,0,0,0,104,False,False,
116,4,1467.238166696796,872.8964548287257,0.2089590839987545,42.311946868896484,1.1283164024353027,0,1,0,0,0,-0.13595006973264895,-0.9752491857981572,-0.8284017303561164,0,0,0,0,104,False,False,
116,5,1487.1019740494178,869.5809380055974,0.8922363359751663,30.33368492126465,0.9527715444564819,0,1,0,0,0,0.06241061187450075,-0.9221272083824874,-0.9129660348662275,0,0,0,0,104,False,False,
116,6,1445.8797291743854,873.7995366240506,-0.04951934925166399,58.218772888183594,4.501529693603516,0,2,0,1,1,-0.10989708851502908,-0.9388889646344702,-0.8050123275066683,3,0,0,0,104,False,False,
116,7,1444.0362805512186,880.1035849736061,0.08008713961339582,58.93625259399414,3.8412058353424072,0,2,0,1,1,-0.40540229286568646,-0.940351345883324,-0.05240430974481336,1,0,0,0,104,False,False,
117,0,1454.3523177696343,871.8594866072242,0.1255626423505731,49.704185485839844,4.363712787628174,0,2,0,1,1,-0.023563424857177197,-0.9163764353946444,-0.9769090565809802,0,0,0,0,105,False,False,
117,1,1461.3805333058733,870.0881081659033,0.4653631882947596,43.21673583984375,1.053465723991394,0,1,0,0,0,0.3550586253107743,-0.989643522621471,-0.7946824091934088,0,0,0,0,105,False,False,
117,2,1486.0127669449846,870.6514040580436,0.0,24.831857681274414,0.8745488524436951,0,1,0,0,0,-0.002679838567592204,-0.9252126411840931,-0.9664779306643212,3,0,0,0,105,False,False,
117,3,1469.9694797049644,871.1592311938341,0.40879367969719965,35.281227111816406,0.9904715418815613,0,1,0,0,0,0.029003475564007886,-0.9680027350491034,-0.9826633413929224,0,0,0,0,105,False,False,
117,4,1467.1510896871953,872.9067287417469,0.08768100643675723,42.39958572387695,1.118377685546875,0,1,0,0,0,-0.1376410807519935,-0.9754775056799255,-0.8277790374756888,1,0,0,0,105,False,False,
117,5,1486.6150854424866,869.5732722101932,0.48694895007449845,30.8205623626709,0.9556156992912292,0,1,0,0,0,0.06388324714862771,-0.9234191178744212,-0.9086631278684093,0,0,0,0,105,False,False,
117,6,1445.6152845854224,873.8304556336514,0.26624598736234245,58.4850959777832,4.503129959106445,0,2,0,1,1,-0.11150646064554874,-0.9395884391951512,-0.8017628071542761,0,0,0,0,105,False,False,
117,7,1443.7583678712506,880.1861258517185,0.2899111143896337,59.22608184814453,3.848280668258667,0,2,0,1,1,-0.40954832709951144,-0.9409715281385701,-0.04298504725239305,0,0,0,0,105,False,False,
118,0,1454.3523177696343,871.8594866072242,0.0,49.704185485839844,4.362822532653809,0,2,0,1,1,-0.023563424857177197,-0.9163764353946444,-0.9769090565809802,1,0,0,0,106,False,False,
118,1,1461.138319276647,870.0773692372918,0.24245197574318775,43.45915985107422,1.0589277744293213,0,1,0,0,0,0.378126101648601,-0.990185586385643,-0.7917061013096703,0,0,0,0,106,False,False,
118,2,1485.698274569907,870.6684061305772,0.31495162239999996,25.14689064025879,0.8863745927810669,0,1,0,0,0,-0.0038012357690771774,-0.9260527135739098,-0.9666321995880617,0,0,0,0,106,False,False,
118,3,1469.3813875691553,871.1775201086552,0.5883764480379857,35.86964416503906,1.00797700881958,0,1,0,0,0,0.0261358516275373,-0.9695705877035493,-0.9807505986233122,0,0,0,0,106,False,False,
118,4,1467.1510896871953,872.9067287417469,0.0,42.39958572387695,1.112555980682373,0,1,0,0,0,-0.1376410807519935,-0.9754775056799255,-0.8277790374756888,2,0,0,0,106,False,False,
118,5,1485.9452571347342,869.5593926929714,0.6699720911088354,31.49050521850586,0.9689626693725586,0,1,0,0,0,0.06864818936432787,-0.9251955042811352,-0.9023443587964209,0,0,0,0,106,False,False,
118,6,1445.6152845854224,873.8304556336514,0.0,58.4850959777832,4.497280597686768,0,2,0,1,1,-0.11150646064554874,-0.9395884391951512,-0.8017628071542761,1,0,0,0,106,False,False,
118,7,1443.5542218102332,880.2467436708529,0.21295570953959875,59.439125061035156,3.8567776679992676,0,2,0,1,1,-0.4132119267339944,-0.9414250732073461,-0.03606147310560204,0,0,0,0,106,False,False,
119,0,1454.4657750476865,871.8529901131756,-0.11364311848047665,49.81789779663086,4.374948501586914,0,2,0,1,1,-0.023323688397510662,-0.9160734077142235,-0.9763163541824963,0,0,0,0,107,False,False,
119,1,1460.5856598544826,870.0518591975418,0.5532478640132461,44.012359619140625,1.0675134658813477,0,1,0,0,0,0.44042247740293305,-0.9913668413341915,-0.7848084691262907,0,0,0,0,107,False,False,
119,2,1485.0748113627994,870.7034880995182,0.6244494496447341,25.771289825439453,0.9050658345222473,0,1,0,0,0,-0.005322559022242975,-0.927717723411912,-0.966771006958678,0,0,0,0,107,False,False,
119,3,1468.4894695139121,871.2160375266435,0.8927493538262705,36.762325286865234,1.0283161401748657,0,1,0,0,0,0.0200143450328309,-0.9719499867406625,-0.9791593092971538,0,0,0,0,107,False,False,
119,4,1467.176231312828,872.903763228617,-0.025315916091904502,42.42490768432617,1.1088206768035889,0,1,0,0,0,-0.13724293842715268,-0.975411557235545,-0.8279625464940015,3,0,0,0,107,False,False,
119,5,1485.0437055440339,869.5377817859588,0.901810568798261,32.39237594604492,0.9849714636802673,0,1,0,0,0,0.07305964270853514,-0.9275851803184012,-0.8934819980783223,0,0,0,0,107,False,False,
119,6,1445.7522076580426,873.814475251,-0.13785245897500004,58.622989654541016,4.504466533660889,0,2,0,1,1,-0.11070401828363477,-0.9392263058409579,-0.8034459903472455,0,0,0,0,107,False,False,
119,7,1443.1335282257362,880.3725288680963,0.43909567053495524,59.8781852722168,3.8661909103393555,0,2,0,1,1,-0.42225261797195923,-0.9423520687123371,-0.02170194602173492,0,0,0,0,107,False,False,
120,0,1454.262960000837,871.8647938126895,0.2031582401745167,50.02112579345703,4.39152717590332,0,2,0,1,1,-0.02407618787948012,-0.9166149556395633,-0.9773922095697859,0,0,0,0,108,False,False,
120,1,1459.7284009663676,870.0096071151844,0.858299504669408,44.87070083618164,1.0744695663452148,0,1,0,0,0,0.5761335999374056,-0.9929703581117589,-0.7737832776074232,0,0,0,0,108,False,False,
120,2,1484.9721147230418,870.7092158806457,0.10285624577110099,25.87411117553711,0.9192885160446167,0,1,0,0,0,-0.005027303107511708,-0.927991904852149,-0.9668002291868842,0,0,0,0,108,False,False,
120,3,1467.7044147145803,871.2504604387377,0.785809121117174,37.54811477661133,1.038474202156067,0,1,0,0,0,0.021174573300745198,-0.9740443506357849,-0.9778181151487002,0,0,0,0,108,False,False,
120,4,1467.0099334730508,872.9232889372765,0.167440212652708,42.592430114746094,1.1243773698806763,0,1,0,0,0,-0.13941747082953196,-0.9758478128834981,-0.8267820799605923,0,0,0,0,108,False,False,
120,5,1483.844082771861,869.513798997918,1.1998624794693216,33.592201232910156,1.0029834508895874,0,1,0,0,0,0.07378056213984287,-0.930764193552973,-0.8822587042934049,0,0,0,0,108,False,False,
120,6,1445.941969877565,873.7921057133444,-0.19107615281097204,58.814117431640625,4.5141520500183105,0,2,0,1,1,-0.11051836203478665,-0.9387243352272308,-0.8058025926069492,0,0,0,0,108,False,False,
120,7,1442.5227068313914,880.5588343505924,0.6386019954538128,60.51679611206055,3.875964641571045,0,2,0,1,1,-0.43769587292812656,-0.9436783281993822,-0.00041141238282660364,0,0,0,0,108,False,False,
121,0,1453.749341449145,871.8973133670196,0.5146470033488812,50.53570556640625,4.406585693359375,0,2,0,1,1,-0.027778003068960465,-0.9179858802750567,-0.9804148878198037,0,0,0,0,109,False,False,
121,1,1458.5732214972913,869.9402886342576,1.1572573860525903,46.02792739868164,1.0728247165679932,0,1,0,0,0,0.865348413273595,-0.994298731950891,-0.7574509035121331,0,0,0,0,109,False,False,
121,2,1484.6469295311133,870.7274290553308,0.3256948399678571,26.199813842773438,0.9327877759933472,0,1,0,0,0,-0.005238929915411619,-0.9288604191807079,-0.966881442540109,0,0,0,0,109,False,False,
121,3,1466.990038706606,871.2789915572674,0.7149455262423001,38.263160705566406,1.0537121295928955,0,1,0,0,0,0.025536495468158036,-0.9759497152879569,-0.9762568984897689,0,0,0,0,109,False,False,
121,4,1467.0099334730508,872.9232889372765,0.0,42.592430114746094,1.1244041919708252,0,1,0,0,0,-0.13941747082953196,-0.9758478128834981,-0.8267820799605923,1,0,0,0,109,False,False,
121,5,1482.9251896974913,869.5000725770484,0.9189955912594153,34.51124954223633,1.0213525295257568,0,1,0,0,0,0.07314783256001774,-0.9331993964554606,-0.8742244424921986,0,0,0,0,109,False,False,
121,6,1446.1649675196593,873.7654588338609,-0.22458407015141654,59.03860855102539,4.523106098175049,0,2,0,1,1,-0.11045566356746121,-0.9381347860835296,-0.8086130577350616,0,0,0,0,109,False,False,
121,7,1442.042576704541,880.7085822639305,0.5029407283749512,61.01970291137695,3.8831770420074463,0,2,0,1,1,-0.4515696398316562,-0.9447027509400829,0.01671434270697225,0,0,0,0,109,False,False,
122,0,1453.749341449145,871.8973133670196,0.0,50.53570556640625,4.400181293487549,0,2,0,1,1,-0.027778003068960465,-0.9179858802750567,-0.9804148878198037,1,0,0,0,110,False,False,
122,1,1457.2247615062238,869.8504405026921,1.3514499747515143,47.37942886352539,1.0670256614685059,0,1,0,0,0,1.0,-0.993906478825271,-0.740972625525657,0,0,0,1,110,False,False,
122,2,1484.5918836635908,870.7305157879048,0.05513234485579516,26.254955291748047,0.9346350431442261,0,1,0,0,0,-0.005293015548201336,-0.9290074579030316,-0.9668960536542122,1,0,0,0,110,False,False,
122,3,1465.9739611444995,871.317927380289,1.0168232936604786,39.27989959716797,1.0709445476531982,0,1,0,0,0,0.02993882389536206,-0.9786583554512157,-0.9738521249340946,0,0,0,0,110,False,False,
122,4,1467.1468534646722,872.907282178084,-0.13785245897500004,42.730323791503906,1.1316336393356323,0,1,0,0,0,-0.13702955672486924,-0.9754886988167025,-0.827749822394029,0,0,0,0,110,False,False,
122,5,1481.8476810397688,869.4923756046658,1.077536148280291,35.58879089355469,1.0409355163574219,0,1,0,0,0,0.0712442507676365,-0.9360556400861718,-0.8658021375148748,0,0,0,0,110,False,False,
122,6,1446.0716566533413,873.776506636678,0.09396260809554538,59.13252258300781,4.521719932556152,0,2,0,1,1,-0.11021161621047972,-0.9383814918493321,-0.8074494141718644,1,0,0,0,110,False,False,
122,7,1441.2846896563365,880.9491298874855,0.7951452301523716,61.814910888671875,3.886935234069824,0,2,0,1,1,-0.4712246655663042,-0.9462868624343322,0.04426239236872331,0,0,0,0,110,False,False,
123,0,1453.8869091321387,871.8884571239543,-0.13785245897500004,50.67356872558594,4.413902759552002,0,2,0,1,1,-0.02832377774343292,-0.9176186214248043,-0.9795805053019941,0,0,0,0,111,False,False,
123,1,1455.7208124303502,869.7367646057986,1.5082390501361558,48.88762664794922,4.2857666015625,0,2,1,1,1,0.10166225745081509,-0.9124338808354585,-0.7247614282710286,0,0,0,0,111,False,False,
123,2,1484.5918836635908,870.7305157879048,0.0,26.254955291748047,0.9354120492935181,0,1,0,0,0,-0.005293015548201336,-0.9290074579030316,-0.9668960536542122,2,0,0,0,111,False,False,
123,3,1464.7041676174817,871.3569082508565,1.2703917149943786,40.55027389526367,1.0890834331512451,0,1,0,0,0,0.04134086800511972,-0.9820400150613062,-0.9696815737621353,0,0,0,0,111,False,False,
123,4,1467.2540108121123,872.8947521796941,-0.10788743193737171,42.83823013305664,1.1400740146636963,0,1,0,0,0,-0.13546821073292675,-0.9752075046261081,-0.8284975655432638,0,0,0,0,111,False,False,
123,5,1480.5186548376646,869.5032310074363,1.3290705344895803,36.917816162109375,1.0563732385635376,0,1,0,0,0,0.06509852773760592,-0.9395822166535107,-0.8578555352517409,0,0,0,0,111,False,False,
123,6,1446.0716566533413,873.776506636678,0.0,59.13252258300781,4.5158257484436035,0,2,0,1,1,-0.11021161621047972,-0.9383814918493321,-0.8074494141718644,2,0,0,0,111,False,False,
123,7,1440.516079749737,881.1960801442856,0.8073076352026539,62.62216567993164,3.894284248352051,0,2,0,1,1,-0.49127380226130474,-0.9478507111681176,0.07254968078950008,0,0,0,0,111,False,False,
124,0,1454.1346340604448,871.8724906409759,-0.24823893466362704,50.92176055908203,4.419831275939941,0,2,0,1,1,-0.028146038350208062,-0.9169574229219662,-0.978094879450912,0,0,0,0,112,False,False,
124,1,1454.721293507257,869.6641952353971,1.0021498845690484,49.8897705078125,4.300432205200195,0,2,0,1,1,0.10290188300601244,-0.9150724825505796,-0.7143541128603188,0,0,0,0,112,False,False,
124,2,1484.3830999226354,870.7420889424521,0.20910425245195308,26.464136123657227,0.94704270362854,0,1,0,0,0,-0.00492175664460793,-0.9295652572049219,-0.966969112798001,0,0,0,0,112,False,False,
124,3,1463.2629808440602,871.3788787609407,1.4413542309920395,41.99172592163086,1.1080563068389893,0,1,0,0,0,0.06507898789531907,-0.9858681034356589,-0.9622846123821863,0,0,0,0,112,False,False,
124,4,1467.4964265391168,872.8668163273702,-0.24402007405984769,43.08226776123047,1.1426194906234741,0,1,0,0,0,-0.1309905348092823,-0.9745708295675155,-0.8301537490839557,0,0,0,0,112,False,False,
124,5,1479.2782217153183,869.5130958085578,1.240472347662324,38.15833282470703,1.0650538206100464,0,1,0,0,0,0.06900580375233953,-0.9428719159257861,-0.8504082764782688,0,0,0,0,112,False,False,
124,6,1446.0728002218138,873.7763712380727,-0.0011515561792126143,59.133628845214844,4.513059616088867,0,2,0,1,1,-0.11020801117872957,-0.9383785846163086,-0.8074640360057872,3,0,0,0,112,False,False,
124,7,1439.463564033061,881.5401127275785,1.1073155612638188,63.72944641113281,3.9007513523101807,0,2,0,1,1,-0.5207982652308222,-0.9499139021387113,0.11198340903527004,0,0,0,0,112,False,False,
125,0,1454.1875744205315,871.8690582736629,-0.053051511491093516,50.974849700927734,4.413243770599365,0,2,0,1,1,-0.028340347396542457,-0.9168159916665776,-0.977772709566184,1,0,0,0,113,False,False,
125,1,1453.4259897868674,869.5793800295642,1.2980775582359643,51.187828063964844,4.318853378295898,0,2,0,1,1,0.10254826602189647,-0.9184909925164596,-0.701970720199216,0,0,0,0,113,False,False,
125,2,1483.8633875972328,870.7705060647414,0.5204886492659023,26.984567642211914,0.9619525074958801,0,1,0,0,0,-0.0045340165256659605,-0.9309530384687432,-0.967181826178154,0,0,0,0,113,False,False,
125,3,1461.6267118710057,871.3715640951476,1.6362853224655305,43.62797164916992,1.1266018152236938,0,1,0,0,0,0.11207164618500404,-0.9901846642619779,-0.9500213567392447,0,0,0,0,113,False,False,
125,4,1467.4220995729393,872.8754456933434,0.0748262244020874,43.1571044921875,1.1402192115783691,0,1,0,0,0,-0.13256241057461263,-0.9747661318294165,-0.829640655639031,1,0,0,0,113,False,False,
125,5,1477.9915521192183,869.5162197005775,1.2866733883271786,39.4449577331543,1.0824108123779297,0,1,0,0,0,0.07714512495222783,-0.9462792574744289,-0.841824402380063,0,0,0,0,113,False,False,
125,6,1445.7610672548217,873.8124960199235,0.31381912397673206,59.44736099243164,4.527637481689453,0,2,0,1,1,-0.11011580874141423,-0.9392028824206398,-0.8036655179593855,0,0,0,0,113,False,False,
125,7,1438.3628557170023,881.9138677965165,1.1624335028713078,64.89188385009766,3.9010050296783447,0,2,0,1,1,-0.5583770645557138,-0.9519525949826136,0.15491551467197406,0,0,0,0,113,False,False,
126,0,1454.3772358998897,871.8566745333762,-0.1900653408062129,51.16482925415039,4.4195637702941895,0,2,0,1,1,-0.028458016267887843,-0.9163098898520642,-0.9766163644134921,0,0,0,0,114,False,False,
126,1,1452.0166563151129,869.479927857003,1.412838125630365,52.60075759887695,4.332479953765869,0,2,0,1,1,0.11087226495599478,-0.9222044135903973,-0.6876258292423643,0,0,0,0,114,False,False,
126,2,1483.03837030883,870.8140926633661,0.8261678508288596,27.810791015625,0.9817338585853577,0,1,0,0,0,-0.0034718238772749525,-0.933156269114111,-0.9677022341133131,0,0,0,0,114,False,False,
126,3,1460.5303569903122,871.3526183312903,1.0965185663674857,44.724449157714844,1.1435835361480713,0,1,0,0,0,0.1704582698383635,-0.9930349300409608,-0.940118187297374,0,0,0,0,114,False,False,
126,4,1467.4220995729393,872.8754456933434,0.0,43.1571044921875,1.1371222734451294,0,1,0,0,0,-0.13256241057461263,-0.9747661318294165,-0.829640655639031,2,0,0,0,114,False,False,
126,5,1477.2378166957449,869.5204989339536,0.7537475707668784,40.198753356933594,1.0960402488708496,0,1,0,0,0,0.07798755608314517,-0.9482748762653893,-0.8370887577049775,0,0,0,0,114,False,False,
126,6,1445.7381750181883,873.8151467803125,0.02304519535006339,59.470458984375,4.5252766609191895,0,2,0,1,1,-0.11016896133604885,-0.9392635750300472,-0.8033874601322762,1,0,0,0,114,False,False,
126,7,1436.988344952682,882.3906873350927,1.454866562128819,66.34674835205078,3.8980624675750732,0,2,0,1,1,-0.6043828075806245,-0.9543150033713268,0.20971889145516598,0,0,0,0,114,False,False,
127,0,1454.384769595662,871.856182143038,-0.007549769548459044,51.17241287231445,4.415417671203613,0,2,0,1,1,-0.028492143962555536,-0.9162896851058461,-0.9765651433288476,1,0,0,0,115,False,False,
127,1,1450.9102049172789,869.3904582763995,1.1100628367899281,53.7108154296875,4.350175380706787,0,2,0,1,1,0.12200291966889583,-0.9251124137978316,-0.6750082585490133,0,0,0,0,115,False,False,
127,2,1481.9145429531484,870.8805204738746,1.1257888698097456,28.93653106689453,0.9985799193382263,0,1,0,0,0,-0.007805735980524434,-0.9361580265064324,-0.967577187417779,0,0,0,0,115,False,False,
127,3,1459.963428448389,871.3401972596585,0.5670645947926776,45.29159927368164,1.1572614908218384,0,1,0,0,0,0.22033276093609527,-0.9944766003221664,-0.9346859615986904,0,0,0,0,115,False,False,
127,4,1467.5490497211829,872.8606538234004,-0.12780899637934084,43.284912109375,1.1464569568634033,0,1,0,0,0,-0.13106799707022168,-0.9744325886376649,-0.8305280423048104,0,0,0,0,115,False,False,
127,5,1477.007711872953,869.5218568519731,0.23010882949895572,40.42885971069336,1.1092479228973389,0,1,0,0,0,0.07877765252710339,-0.9488838519977274,-0.8356517444491058,0,0,0,0,115,False,False,
127,6,1445.7381750181883,873.8151467803125,0.0,59.470458984375,4.522889137268066,0,2,0,1,1,-0.11016896133604885,-0.9392635750300472,-0.8033874601322762,2,0,0,0,115,False,False,
127,7,1435.8201585104146,882.8003698221289,1.2379415592351282,67.58470916748047,3.8988587856292725,0,2,0,1,1,-0.6456200783829439,-0.9561453248196181,0.25683738679727575,0,0,0,0,115,False,False,
128,0,1454.493533957589,871.8490441734265,-0.10899833501299441,51.281410217285156,4.423645496368408,0,2,0,1,1,-0.028563725590037038,-0.915999315478292,-0.9758990566187139,0,0,0,0,116,False,False,
128,1,1449.513374547633,869.2522474123897,1.4036514255666068,55.11436462402344,4.368712425231934,0,2,0,1,1,0.14038233200956887,-0.9287690615846915,-0.6560451263812417,0,0,0,0,116,False,False,
128,2,1481.1286938887595,870.9278443974123,0.7872727009999939,29.723846435546875,1.014096736907959,0,1,0,0,0,-0.008801279926101163,-0.9382573367585033,-0.967379932017477,0,0,0,0,116,False,False,
128,3,1459.9170864285306,871.3391768356446,0.04635325306530582,45.33787536621094,1.1542670726776123,0,1,0,0,0,0.22533826637535728,-0.9945925021646956,-0.9342386092340469,1,0,0,0,116,False,False,
128,4,1467.7153134581272,872.8412314499,-0.1673943213347182,43.452301025390625,1.1546663045883179,0,1,0,0,0,-0.12901980977784433,-0.9739955048081097,-0.8316939012973897,0,0,0,0,116,False,False,
128,5,1476.4665985606164,869.5251237547092,0.5411231740014667,40.970008850097656,1.1266554594039917,0,1,0,0,0,0.08096978589264742,-0.9503155936958348,-0.8322800610326496,0,0,0,0,116,False,False,
128,6,1445.5354194676547,873.8383071290118,0.20407404299437418,59.67454147338867,4.537357807159424,0,2,0,1,1,-0.11016874765569026,-0.939799720016015,-0.8009576915305878,0,0,0,0,116,False,False,
128,7,1434.479550281818,883.281021881958,1.424168819065507,69.00896453857422,3.8965909481048584,0,2,0,1,1,-0.6991910594460655,-0.958004543888315,0.31216034608951837,0,0,0,0,116,False,False,
129,0,1454.4562663629868,871.8514941837534,0.037348040886198745,51.318721771240234,4.4253387451171875,0,2,0,1,1,-0.02866930400701114,-0.9160987125485341,-0.9761261041842972,1,0,0,0,117,False,False,
129,1,1447.8311399499876,869.0843707932193,1.6905903704857195,56.80497360229492,4.381991386413574,0,2,0,1,1,0.15034509948944408,-0.9331600119636948,-0.6330348764041963,0,0,0,0,117,False,False,
129,2,1480.1832669205162,870.9840940024469,0.9470988176257329,30.670949935913086,1.0347777605056763,0,1,0,0,0,-0.008696998259321416,-0.9407827233514853,-0.9672256630937365,0,0,0,0,117,False,False,
129,3,1459.7002178652272,871.3340727493795,0.21692861831918683,45.55485534667969,1.1642853021621704,0,1,0,0,0,0.2526462244009628,-0.9951307516499706,-0.9321204586413352,0,0,0,0,117,False,False,
129,4,1467.9742860436102,872.8113218290698,-0.2606940456741092,43.71293258666992,1.1616520881652832,0,1,0,0,0,-0.12487219967588317,-0.9733141669104819,-0.8334751351068889,0,0,0,0,117,False,False,
129,5,1476.1947952846015,869.5268869725313,0.2718089950489067,41.24174499511719,1.1430121660232544,0,1,0,0,0,0.08187404628028123,-0.9510343234714229,-0.8306010943020529,0,0,0,0,117,False,False,
129,6,1445.0231357130194,873.8962191210447,0.5155467428706466,60.19001388549805,4.5526814460754395,0,2,0,1,1,-0.11197040156304688,-0.9411535764493368,-0.7948903736934827,0,0,0,0,117,False,False,
129,7,1433.0575349951034,883.781407688208,1.5074857978589824,70.51644897460938,3.887707233428955,0,2,0,1,1,-0.7518769374045241,-0.9596967988306048,0.36972274715987674,0,0,0,0,117,False,False,
130,0,1454.163701581712,871.870607730638,0.2931884699588407,51.61194610595703,4.440322399139404,0,2,0,1,1,-0.028676298218622127,-0.9168798629506896,-0.9779190547566098,0,0,0,0,118,False,False,
130,1,1446.0423034570615,868.9271120695092,1.7957355887232147,58.60068893432617,4.400466442108154,0,2,0,1,1,0.15375487192320256,-0.9378194329288749,-0.6111222501947577,0,0,0,0,118,False,False,
130,2,1479.5474965646665,871.0202915848381,0.6367999767181879,31.307722091674805,1.0538032054901123,0,1,0,0,0,-0.007280499422182314,-0.9424806732693739,-0.9673206371220434,0,0,0,0,118,False,False,
130,3,1459.5786097634395,871.3310412821822,0.12164588038135356,45.676475524902344,1.174974799156189,0,1,0,0,0,0.2710336599567503,-0.9954280019653122,-0.9309180665035882,0,0,0,0,118,False,False,
130,4,1468.366050005006,872.7667246050928,-0.3942941970596772,44.1073112487793,1.1661267280578613,0,1,0,0,0,-0.11916197452727602,-0.9722815856112891,-0.8360844678332804,0,1,0,0,118,False,False,
130,5,1475.6127491431366,869.5333781486785,0.5820823362393065,41.82381057739258,1.1578296422958374,0,1,0,0,0,0.08148088795263675,-0.9525742003904136,-0.8273243884871768,0,0,0,0,118,False,False,
130,6,1444.318771768054,873.9756454845491,0.7088279863175653,60.89894104003906,4.569825172424316,0,2,0,1,1,-0.11548093472225547,-0.943014038713059,-0.7865762388423829,0,0,0,0,118,False,False,
130,7,1432.1436631870438,884.1075004202137,0.9703082764941247,71.4866943359375,3.874323844909668,0,2,0,1,1,-0.7934309041742438,-0.9605964031727792,0.40724611779589526,0,0,0,0,118,False,False,
131,0,1454.163701581712,871.870607730638,0.0,51.61194610595703,4.438340187072754,0,2,0,1,1,-0.028676298218622127,-0.9168798629506896,-0.9779190547566098,1,0,0,0,119,False,False,
131,1,1443.9780137323344,868.7357345606412,2.073141919530387,60.67387390136719,4.413268566131592,0,2,0,1,1,0.1718836265821311,-0.9431651154438035,-0.5846429522531803,0,0,0,0,119,False,False,
131,2,1478.9539953736912,871.0555478970173,0.59454745078731,31.90227508544922,1.0691096782684326,0,1,0,0,0,-0.00909840233651759,-0.9440659907875537,-0.9672256630937365,0,0,0,0,119,False,False,
131,3,1459.5786097634395,871.3310412821822,0.0,45.676475524902344,1.1707764863967896,0,1,0,0,0,0.2710336599567503,-0.9954280019653122,-0.9309180665035882,1,0,0,0,119,False,False,
131,4,1468.6718418366452,872.731963670078,-0.3077612173429108,44.415069580078125,1.1734267473220825,0,1,0,0,0,-0.11565301401772987,-0.9714748120285047,-0.8381222626583346,0,0,0,0,119,False,False,
131,5,1474.8168486722059,869.5408898927619,0.7959359182290595,42.61974334716797,1.166422963142395,0,1,0,0,0,0.08642844607497327,-0.9546780291741999,-0.8226845789992387,0,0,0,0,119,False,False,
131,6,1443.4920377668968,874.0684589445225,0.831927549142083,61.730796813964844,4.587184906005859,0,2,0,1,1,-0.11980487648774493,-0.945194655273202,-0.7768640679994461,0,0,0,0,119,False,False,
131,7,1431.325051504638,884.4075388510386,0.8718647524377624,72.35855865478516,7.072739124298096,0,3,1,2,2,-0.3720891741565323,-0.8798829086357577,0.4418128764300382,0,0,0,0,119,False,False,
132,0,1453.8642576295244,871.8908228446988,0.3001255259690654,51.91206359863281,4.455164909362793,0,2,0,1,1,-0.030348522719611675,-0.9176792819346368,-0.9798292926617089,0,0,0,0,120,False,False,
132,1,1441.89976913836,868.5666697867098,2.0851099467818384,62.75898742675781,4.425820350646973,0,2,0,1,1,0.18230134917012036,-0.9485206969893483,-0.560812764715225,0,0,0,0,120,False,False,
132,2,1478.0572685431378,871.1165670781597,0.8988005057307921,32.80107879638672,1.0873134136199951,0,1,0,0,0,-0.0152312666997637,-0.9464621419814033,-0.9661629323388999,0,0,0,0,120,False,False,
132,3,1459.7164236180188,871.3343034795166,-0.13785245897500004,45.8143310546875,1.174630045890808,0,1,0,0,0,0.2506063551889712,-0.9950906495551751,-0.9322592660119515,0,0,0,0,120,False,False,
132,4,1469.1094334537681,872.6809208781899,-0.4405584977957722,44.855533599853516,1.1696244478225708,0,1,0,0,0,-0.11289484233442534,-0.9703194071491725,-0.8411862443732382,0,1,0,0,120,False,False,
132,5,1473.854459489889,869.5422769287692,0.9623901818438014,43.58214569091797,1.1831306219100952,0,1,0,0,0,0.09698956230102296,-0.9572163915272603,-0.8161530929738243,0,0,0,0,120,False,False,
132,6,1442.3666656357657,874.1853844044671,1.1314300670875495,62.86221694946289,4.602451801300049,0,2,0,1,1,-0.12116976504812808,-0.948160281916735,-0.7647806730628829,0,0,0,0,120,False,False,
132,7,1430.413446695073,884.7405357730551,0.9705206226013003,73.3291015625,7.061257839202881,0,3,0,2,2,-0.37909010375162083,-0.8820343231797955,0.4801781674036758,0,0,0,0,120,False,False,
133,0,1453.8175092331128,871.8939831098104,0.046855094094868946,51.95892333984375,4.455177307128906,0,2,0,1,1,-0.030453772582199515,-0.9178040989354397,-0.9801295119291867,1,0,0,0,121,False,False,
133,1,1440.369838919789,868.433769190972,1.5356917145195914,64.2946548461914,4.434332370758057,0,2,0,1,1,0.20155698658649993,-0.9524280822089762,-0.5422596156210011,0,0,0,0,121,False,False,
133,2,1476.9306929580382,871.2046415043637,1.1300131209385593,33.93110275268555,1.104589819908142,0,1,0,0,0,-0.02293810387826909,-0.9494736946261478,-0.9634577751451807,0,0,0,0,121,False,False,
133,3,1459.8723382797602,871.3380317988101,-0.155959232207327,45.97026062011719,1.1772569417953491,0,1,0,0,0,0.23157451479035243,-0.994704273519686,-0.9337912568694033,0,0,0,0,121,False,False,
133,4,1469.3084418998483,872.6578266570526,-0.20034396587154232,45.05596160888672,1.167195200920105,0,1,0,0,0,-0.1105402646727119,-0.9697930949897378,-0.8425648274657901,0,0,0,0,121,False,False,
133,5,1473.1873939386667,869.5389587775363,0.6670738038291654,44.249267578125,1.1989048719406128,0,1,0,0,0,0.10543959579714636,-0.9589720301290039,-0.811109760890279,0,0,0,0,121,False,False,
133,6,1441.1522236445521,874.3136380606369,1.221195459516503,64.08345031738281,4.615094184875488,0,2,0,1,1,-0.13038004305560916,-0.9513530623880565,-0.7514750757619677,0,0,0,0,121,False,False,
133,7,1429.4553257583837,885.0820946391972,1.0171814923418532,74.3462905883789,-0.9373230934143066,0,3,0,2,2,-0.3824083063896448,-0.8842819722615612,0.5194874885698137,0,0,0,0,121,True,True,collision
134,0,1453.5323676020168,871.9130411835937,0.2857778157246503,52.244712829589844,4.47278356552124,0,2,0,1,1,-0.030249391245256323,-0.918565359145948,-0.9819224625014994,0,0,0,0,122,False,False,
134,1,1438.5600218341515,868.2462703881554,1.819503691813553,66.1141586303711,4.450387001037598,0,2,0,1,1,0.23560473083857938,-0.9569839650336964,-0.5166803823185067,0,0,0,0,122,False,False,
134,2,1475.8729975765802,871.2855079391937,1.0607822115022207,34.99180603027344,1.119088053703308,0,1,0,0,0,-0.02314303816230247,-0.9523004750827463,-0.9611415222864191,0,0,0,0,122,False,False,
134,3,1459.7108701189152,871.3341470332662,0.16151488590852767,46.131805419921875,1.1829811334609985,0,1,0,0,0,0.25159679975563576,-0.995104489219415,-0.932208125325954,0,0,0,0,122,False,False,
134,4,1469.6412073373663,872.6195654407035,-0.33495784374020565,45.39091873168945,1.1726911067962646,0,1,0,0,0,-0.10672834849133198,-0.9689127707698499,-0.844829939638554,0,0,0,0,122,False,False,
134,5,1472.4676599016052,869.5330709687075,0.7197581193689477,44.969017028808594,1.214215636253357,0,1,0,0,0,0.11272550500447096,-0.9608627599755619,-0.8053990557182491,0,0,0,0,122,False,False,
134,6,1439.6475084131027,874.4650716989225,1.512316129174065,65.59580993652344,4.6301727294921875,0,2,0,1,1,-0.13865531863936112,-0.9552985587240287,-0.7359006929634417,0,0,0,0,122,False,False,
133,7,1429.4553257583837,885.0820946391972,1.0171814923418532,74.3462905883789,-0.9373230934143066,0,3,0,2,2,-0.3824083063896448,-0.8842819722615612,0.5194874885698137,0,0,0,0,121,True,True,collision
135,0,1453.5323676020168,871.9130411835937,0.0,52.244712829589844,4.474911212921143,0,2,0,1,1,-0.030249391245256323,-0.918565359145948,-0.9819224625014994,1,0,0,0,123,False,False,
135,1,1437.1836290482513,868.0865359648217,1.3856306098941935,67.49986267089844,4.464550971984863,0,2,0,1,1,0.2656010705479509,-0.9603882942974042,-0.4951776820102446,0,0,0,0,123,False,False,
135,2,1474.6874406137358,871.3845668781713,1.1896881883671802,36.18148422241211,1.1300028562545776,0,1,0,0,0,-0.029602114323840092,-0.9554697490148338,-0.9575352106052919,0,0,0,0,123,False,False,
135,3,1459.2373211403926,871.3210600404454,0.47372977998109306,46.605499267578125,1.1899209022521973,0,1,0,0,0,0.33709151114104857,-0.9962364056066255,-0.9273409841972136,0,0,0,0,123,False,False,
135,4,1470.1053082680112,872.5650969392442,-0.46728630568074025,45.858211517333984,1.1738651990890503,0,1,0,0,0,-0.10407398754146521,-0.9676839183949355,-0.848113949223845,0,1,0,0,123,False,False,
135,5,1471.6839173322576,869.5282772281815,0.7837572296035636,45.752723693847656,1.2302701473236084,0,1,0,0,0,0.11766006291936719,-0.962918922473997,-0.7993660555969293,0,0,0,0,123,False,False,
135,6,1438.4395582743866,874.5870407736098,1.2140922505330192,66.8098373413086,4.645696640014648,0,2,0,1,1,-0.1495998760039836,-0.9584533502754529,-0.7233489848416605,0,0,0,0,123,False,False,
133,7,1429.4553257583837,885.0820946391972,1.0171814923418532,74.3462905883789,-0.9373230934143066,0,3,0,2,2,-0.3824083063896448,-0.8842819722615612,0.5194874885698137,0,0,0,0,121,True,True,collision
136,0,1453.5582821455555,871.9113023175812,-0.025972816979060735,52.27064895629883,4.471019268035889,0,2,0,1,1,-0.03039070981928565,-0.9184962738181298,-0.9817614829706947,2,0,0,0,124,False,False,
136,1,1435.7569905198518,867.8947398168935,1.4394732554215377,68.93933868408203,4.477137088775635,0,2,0,1,1,0.30562851371392225,-0.9638326228291414,-0.46973769201769644,0,0,0,0,124,False,False,
136,2,1473.4562002492348,871.4927633328499,1.2359851568612519,37.41754913330078,1.145869493484497,0,1,0,0,0,-0.03491423562661314,-0.9587613371566128,-0.9531584011712103,0,0,0,0,124,False,False,
136,3,1459.1093409911612,871.3175390611065,0.12802857451675928,46.73347473144531,1.1923246383666992,0,1,0,0,0,0.3685971910242794,-0.996526745575363,-0.9260363178340179,0,0,0,0,124,False,False,
136,4,1470.5741974165892,872.5077795481293,-0.47237942057033605,46.33058166503906,1.1772807836532593,0,1,0,0,0,-0.10312971259287451,-0.9664414235531267,-0.8517202537584259,0,2,0,0,124,False,False,
136,5,1471.4242871465483,869.5272724598316,0.25963212992787205,46.012367248535156,1.24567449092865,0,1,0,0,0,0.11842725499383341,-0.963599599343116,-0.7974460072702674,0,0,0,0,124,False,False,
136,6,1436.9539627825961,874.736003267175,1.4930451398793712,68.30288696289062,4.663116455078125,0,2,0,1,1,-0.16477569805859452,-0.9623146743751473,-0.7080307056797206,0,0,0,0,124,False,False,
133,7,1429.4553257583837,885.0820946391972,1.0171814923418532,74.3462905883789,-0.9373230934143066,0,3,0,2,2,-0.3824083063896448,-0.8842819722615612,0.5194874885698137,0,0,0,0,121,True,True,collision
137,0,1453.7213075139955,871.9000040173856,-0.1634164078124591,52.43412399291992,4.4810919761657715,0,2,0,1,1,-0.03161846160205547,-0.9180608758247575,-0.980685627583405,0,0,0,0,125,False,False,
137,1,1434.4453605956498,867.7123149237299,1.3242552245347932,70.26360321044922,4.485512733459473,0,2,0,1,1,0.34019965485390713,-0.9669164716144197,-0.44562210000293867,0,0,0,0,125,False,False,
137,2,1471.9346481492603,871.618916487672,1.5267728748600127,38.94425582885742,1.1655466556549072,0,1,0,0,0,-0.035255486718683456,-0.9628269257117362,-0.9486427807932392,0,0,0,0,125,False,False,
137,3,1458.8084172523077,871.3086819603353,0.30105405634145493,47.03451156616211,1.1946253776550293,0,1,0,0,0,0.46911686219786536,-0.997163307512291,-0.9228765009319668,0,0,0,0,125,False,False,
137,4,1471.105261942678,872.4410828265367,-0.5352363809955007,46.865753173828125,1.1759127378463745,0,1,0,0,0,-0.10095656094326588,-0.9650329442950303,-0.8560012494449992,0,3,0,0,125,False,False,
137,5,1471.4242871465483,869.5272724598316,0.0,46.012367248535156,1.243221640586853,0,1,0,0,0,0.11842725499383341,-0.963599599343116,-0.7974460072702674,1,0,0,0,125,False,False,
137,6,1435.3292581073636,874.8797177782827,1.6310484794834645,69.9339828491211,4.674685955047607,0,2,0,1,1,-0.17754971642062983,-0.9665152531087379,-0.6935907084834536,0,0,0,0,125,False,False,
133,7,1429.4553257583837,885.0820946391972,1.0171814923418532,74.3462905883789,-0.9373230934143066,0,3,0,2,2,-0.3824083063896448,-0.8842819722615612,0.5194874885698137,0,0,0,0,121,True,True,collision
138,0,1453.686297763949,871.9024136672144,0.035092577714061345,52.46923828125,4.482285499572754,0,2,0,1,1,-0.03135206069879075,-0.9181544063114344,-0.9809124643258698,1,0,0,0,126,False,False,
138,1,1433.2464550535374,867.5336437075024,1.2121459905541339,71.47570037841797,4.494045257568359,0,2,0,1,1,0.381504315090421,-0.9696357205156945,-0.42214335103046907,0,0,0,0,126,False,False,
138,2,1470.9183815098686,871.7009875915943,1.019575180376419,39.963924407958984,1.1836766004562378,0,1,0,0,0,-0.03656771993896497,-0.9655418800147656,-0.9458864829135223,0,0,0,0,126,False,False,
138,3,1458.2213926043587,871.2875957711295,0.5874032385633919,47.621925354003906,1.1946325302124023,0,1,0,0,0,0.8310047589992823,-0.9980106044678172,-0.9162719557627634,0,0,0,0,126,False,False,
138,4,1471.493185414546,872.3906804966996,-0.39118411889941623,47.256954193115234,1.177140474319458,0,1,0,0,0,-0.1006820601649881,-0.9640031495703075,-0.8593363997162878,0,4,0,0,126,False,False,
138,5,1471.3027309956594,869.526748849514,0.12155727862481334,46.133949279785156,1.253959059715271,0,1,0,0,0,0.11976748288478298,-0.9639181385516682,-0.7965293912297354,0,0,0,0,126,False,False,
138,6,1433.9474407052398,874.9878584859395,1.3860424760679781,71.3200454711914,4.686275959014893,0,2,0,1,1,-0.1919795655328345,-0.9700626176581132,-0.6829931234215423,0,0,0,0,126,False,False,
133,7,1429.4553257583837,885.0820946391972,1.0171814923418532,74.3462905883789,-0.9373230934143066,0,3,0,2,2,-0.3824083063896448,-0.8842819722615612,0.5194874885698137,0,0,0,0,121,True,True,collision
139,0,1453.3631074166065,871.9233074470194,0.32386501918217675,52.793033599853516,4.500447750091553,0,2,0,1,1,-0.02900876448980038,-0.9190169710967963,-0.9828592889752344,0,0,0,0,127,False,False,
139,1,1431.8413769826757,867.3195406829301,1.42129676364484,72.8969497680664,4.5023112297058105,0,2,0,1,1,0.4336821376842295,-0.9726737206977328,-0.39406845796853074,0,0,0,0,127,False,False,
139,2,1470.428612243052,871.7419132879063,0.49147619203457554,40.455379486083984,1.1990395784378052,0,1,0,0,0,-0.03985706664703027,-0.9668499530327159,-0.94439832539838,0,0,0,0,127,False,False,
139,3,1458.1550556749048,871.2851726440622,0.06638117017771354,47.688377380371094,1.1748559474945068,0,1,0,0,0,0.8872845449535242,-0.9980494364669713,-0.91551691598966,1,0,0,0,127,False,False,
139,4,1471.5627054927252,872.3816506102243,-0.07010406635708696,47.327117919921875,1.163820743560791,0,1,0,0,0,-0.10013909287538354,-0.9638183656156142,-0.8599307065144373,1,0,0,0,127,False,False,
139,5,1470.8682721133418,869.5253921367063,0.43446100065973076,46.56840133666992,1.2635611295700073,0,1,0,0,0,0.12293539597218973,-0.9650558307335426,-0.7933485206020068,0,0,0,0,127,False,False,
139,6,1432.3202744338164,875.1218803736127,1.6326763124494934,72.95262908935547,4.69718074798584,0,2,0,1,1,-0.22689241599469798,-0.9741811414144639,-0.6697094946042431,0,0,0,0,127,False,False,
133,7,1429.4553257583837,885.0820946391972,1.0171814923418532,74.3462905883789,-0.9373230934143066,0,3,0,2,2,-0.3824083063896448,-0.8842819722615612,0.5194874885698137,0,0,0,0,121,True,True,collision
140,0,1452.73106067759,871.9615312103315,0.6332014974581307,53.42626953125,4.517502784729004,0,2,0,1,1,-0.026925087586970323,-0.9207041210986701,-0.986365120214058,0,0,0,0,128,False,False,
140,1,1430.1568721622782,867.0382899330792,1.7078227291595378,74.6048355102539,4.506607532501221,0,2,0,1,1,0.5203088133407466,-0.9759924226570936,-0.357467048989747,0,0,0,0,128,False,False,
140,2,1469.6334928662843,871.806111154724,0.7977068317465718,41.25300598144531,1.2110995054244995,0,1,0,0,0,-0.04067912779431487,-0.9689729043971909,-0.9422509490041888,0,0,0,0,128,False,False,
140,3,1458.1550556749048,871.2851726440622,0.0,47.688377380371094,1.1564079523086548,0,1,0,0,0,0.8872845449535242,-0.9980494364669713,-0.91551691598966,2,0,0,0,128,False,False,
140,4,1471.6347029820904,872.3723089048709,-0.07260100504682677,47.399620056152344,1.1570202112197876,0,1,0,0,0,-0.0995223210034131,-0.9636273975718219,-0.8605533851017719,2,0,0,0,128,False,False,
140,5,1470.368017001212,869.5225070630443,0.500263431465937,47.06865310668945,1.274734377861023,0,1,0,0,0,0.1295289011727334,-0.9663633681066228,-0.7895213449045639,0,0,0,0,128,False,False,
140,6,1430.9358430566383,875.2378669467575,1.3892815133244878,74.34199523925781,4.707637310028076,0,2,0,1,1,-0.2647053933639452,-0.9776138735677049,-0.6581748829652976,0,0,0,0,128,False,False,
133,7,1429.4553257583837,885.0820946391972,1.0171814923418532,74.3462905883789,-0.9373230934143066,0,3,0,2,2,-0.3824083063896448,-0.8842819722615612,0.5194874885698137,0,0,0,0,121,True,True,collision
141,0,1451.7955307078757,872.0083271981302,0.9366996256578586,54.36298370361328,4.533614635467529,0,2,0,1,1,-0.020948162650671204,-0.9232007201731581,-0.9903685279589475,0,0,0,0,129,False,False,
141,1,1428.2155248896627,866.7080100337208,1.9692419975238795,76.57401275634766,4.507737636566162,0,2,0,1,1,0.6405869005587362,-0.9792154915288113,-0.3145495223076873,0,0,0,0,129,False,False,
141,2,1469.3610163867877,871.8279987968906,0.2733541672600963,41.526466369628906,1.2245521545410156,0,1,0,0,0,-0.04139193223134959,-0.9697006298732165,-0.9415251350325649,0,0,0,0,129,False,False,
141,3,1458.292819683956,871.2901100781727,-0.13785245897500004,47.8262825012207,1.1499428749084473,0,1,0,0,0,0.7737283166997019,-0.9979521856869741,-0.9170635286810346,0,0,0,0,129,False,False,
141,4,1471.3932507154602,872.4041258116126,0.24353955041329606,47.64303970336914,1.1689640283584595,0,1,0,0,0,-0.10261156331603918,-0.96426825124471,-0.8584206269682304,0,0,0,0,129,False,False,
141,5,1470.096310538566,869.5210375712759,0.2717104364017307,47.34038543701172,1.2853972911834717,0,1,0,0,0,0.13212619655575836,-0.9670727716879741,-0.787454320704757,0,0,0,0,129,False,False,
141,6,1429.67213905393,875.3559653832067,1.2692104030272027,75.61117553710938,4.717313766479492,0,2,0,1,1,-0.316800594150661,-0.9806462334385767,-0.6461795191872193,0,0,0,0,129,False,False,
133,7,1429.4553257583837,885.0820946391972,1.0171814923418532,74.3462905883789,-0.9373230934143066,0,3,0,2,2,-0.3824083063896448,-0.8842819722615612,0.5194874885698137,0,0,0,0,121,True,True,collision
142,0,1450.7913441768062,872.053743811175,1.0052130410624154,55.3681640625,4.549622535705566,0,2,0,1,1,-0.01855205641629488,-0.9258800959979868,-0.9941009869037536,0,0,0,0,130,False,False,
142,1,1426.458906623621,866.4278825715811,1.778813966561981,78.3529281616211,4.5101094245910645,0,2,0,1,1,0.7710400648800891,-0.9813648540814306,-0.27795537422004024,0,0,0,0,130,False,False,
142,2,1469.3610163867877,871.8279987968906,0.0,41.526466369628906,1.2219151258468628,0,1,0,0,0,-0.04139193223134959,-0.9697006298732165,-0.9415251350325649,1,0,0,0,130,False,False,
142,3,1458.3067432939342,871.2906098614608,-0.013932576867206344,47.840206146240234,1.1346813440322876,0,1,0,0,0,0.7630131389907219,-0.9979389440473332,-0.9172177940315017,1,0,0,0,130,False,False,
142,4,1471.3932507154602,872.4041258116126,0.0,47.64303970336914,1.163153886795044,0,1,0,0,0,-0.10261156331603918,-0.96426825124471,-0.8584206269682304,1,0,0,0,130,False,False,
142,5,1469.7383417448536,869.5195201245308,0.35797200996234824,47.698421478271484,1.3008034229278564,0,1,0,0,0,0.13527523286831336,-0.9680066704814807,-0.784786543521953,0,0,0,0,130,False,False,
142,6,1428.122562705397,875.5293495654103,1.5592462713027426,77.17041015625,4.725414276123047,0,2,0,1,1,-0.41092661786504375,-0.9841299463795956,-0.6280434425405663,0,0,0,0,130,False,False,
133,7,1429.4553257583837,885.0820946391972,1.0171814923418532,74.3462905883789,-0.9373230934143066,0,3,0,2,2,-0.3824083063896448,-0.8842819722615612,0.5194874885698137,0,0,0,0,121,True,True,collision
143,0,1449.6923023190996,872.0917542590006,1.0996989584132495,56.46794128417969,4.567205429077148,0,2,0,1,1,-0.012272287793809431,-0.9288123125176074,-0.9967724354014381,0,0,0,0,131,False,False,
143,1,1425.0062500398644,866.2194317184128,1.467536339760618,79.82044219970703,4.510525703430176,0,2,0,1,1,0.8938975308453476,-0.9824180680987122,-0.25047347299171474,0,0,0,0,131,False,False,
143,2,1469.4099424805863,871.8240603742643,-0.04908435419937722,41.57557678222656,1.21787428855896,0,1,0,0,0,-0.04131875615473714,-0.9695699496128586,-0.9416574890717871,2,0,0,0,131,False,False,
143,3,1458.005697254781,871.2795483144948,0.30124919171864367,48.14143371582031,1.1267077922821045,0,1,0,0,0,1.0,-0.9980787151246792,-0.9138014304069884,0,0,0,1,131,False,False,
143,4,1471.480062510406,872.3927187882873,-0.08755802603341704,47.7305793762207,1.1593365669250488,0,1,0,0,0,-0.10171564824857518,-0.9640378096915193,-0.8591829633652024,2,0,0,0,131,False,False,
143,5,1469.1327176236202,869.5202679729902,0.6056245829695828,48.304012298583984,1.3134371042251587,0,1,0,0,0,0.13873915928021335,-0.9695852797673783,-0.7806589841864652,0,0,0,0,131,False,False,
143,6,1426.6308253155912,875.720959876471,1.5039930024603516,78.67436218261719,4.727245330810547,0,2,0,1,1,-0.5432863657075978,-0.987057009491648,-0.6076312480397024,0,0,0,0,131,False,False,
133,7,1429.4553257583837,885.0820946391972,1.0171814923418532,74.3462905883789,-0.9373230934143066,0,3,0,2,2,-0.3824083063896448,-0.8842819722615612,0.5194874885698137,0,0,0,0,121,True,True,collision
144,0,1449.1223808557552,872.1091982649818,0.5701883616186448,57.03803253173828,4.58444881439209,0,2,0,1,1,-0.00995588644292032,-0.9303323740597427,-0.9978848770863342,0,0,0,0,132,False,False,
144,1,1423.2655966764073,866.0119709851156,1.7529729283632758,81.5733642578125,4.506167888641357,0,2,0,1,1,1.0,-0.9826840739359907,-0.22262521120903211,0,0,0,1,132,False,False,
144,2,1469.3425038112496,871.8294469927206,0.06765345357268156,41.6431770324707,1.2120344638824463,0,1,0,0,0,-0.0411711450506715,-0.9697498368529489,-0.9414813016902555,3,0,0,0,132,False,False,
144,3,1457.6851842715143,871.2683105104946,0.3207099323082141,48.462188720703125,1.118996500968933,0,1,0,0,0,1.0,-0.9978758854685084,-0.9117424960976999,0,0,0,2,132,False,False,
144,4,1471.702208958573,872.3638139109818,-0.2240190535762826,47.95449447631836,1.1701769828796387,0,1,0,0,0,-0.09927191443320882,-0.963448058803643,-0.8610957079214493,0,0,0,0,132,False,False,
144,5,1469.0483952437314,869.5203608564217,0.0843224310457002,48.388362884521484,1.3039979934692383,0,1,0,0,0,0.13984840483876565,-0.969804865714058,-0.7800874319920352,1,0,0,0,132,False,False,
144,6,1425.486190525701,875.8780115827957,1.1553588363303757,79.8297348022461,4.731551170349121,0,2,0,1,1,-0.6828829766076328,-0.9888152351656478,-0.590761482241747,0,0,0,0,132,False,False,
133,7,1429.4553257583837,885.0820946391972,1.0171814923418532,74.3462905883789,-0.9373230934143066,0,3,0,2,2,-0.3824083063896448,-0.8842819722615612,0.5194874885698137,0,0,0,0,121,True,True,collision
145,0,1448.2477210116153,872.1302618697013,0.8749134348005319,57.91304016113281,4.604212760925293,0,2,0,1,1,-0.006005551223751758,-0.9326656319710315,-0.9989095102723314,0,0,0,0,133,False,False,
145,1,1421.277049893152,865.8370624613626,1.996224261168195,83.56957244873047,4.500951766967773,0,2,0,1,1,1.0,-0.9816476998471776,-0.19310837377421008,0,0,0,2,133,False,False,
145,2,1469.3425038112496,871.8294469927206,0.0,41.6431770324707,1.21083402633667,0,1,0,0,0,-0.0411711450506715,-0.9697498368529489,-0.9414813016902555,4,0,0,0,133,False,False,
145,3,1457.6851842715143,871.2683105104946,0.0,48.462188720703125,1.097835659980774,0,1,0,0,0,1.0,-0.9978758854685084,-0.9117424960976999,1,0,0,3,133,False,False,
145,4,1471.997095886579,872.3251279650298,-0.2974136895353262,48.25194549560547,1.1733118295669556,0,1,0,0,0,-0.09782853888724503,-0.9626644105794665,-0.8636758255661808,0,0,0,0,133,False,False,
145,5,1468.999265658203,869.5204063028252,0.049129606548067514,48.437435150146484,1.300920844078064,0,1,0,0,0,0.14056750786358047,-0.9699325352215032,-0.7797432257315005,2,0,0,0,133,False,False,
145,6,1424.0642983325008,876.0722227515494,1.435094208458939,81.26480865478516,7.948550701141357,0,3,1,2,2,-0.12245935978822141,-0.902338659081672,-0.5699173790629974,0,0,0,0,133,False,False,
133,7,1429.4553257583837,885.0820946391972,1.0171814923418532,74.3462905883789,-0.9373230934143066,0,3,0,2,2,-0.3824083063896448,-0.8842819722615612,0.5194874885698137,0,0,0,0,121,True,True,collision
146,0,1447.8985454359945,872.1389722276438,0.34928420082448947,58.262271881103516,4.6182966232299805,0,2,0,1,1,-0.006647320900593614,-0.9335968618548116,-0.999363160251823,0,0,0,0,134,False,False,
146,1,1419.1543491080508,865.687693889774,2.1279496218773652,85.69762420654297,4.489933013916016,0,2,0,1,1,1.0,-0.979139047598663,-0.16446896071949368,0,0,0,3,134,False,False,
146,2,1469.3479835767384,871.8290089657885,-0.005497244528483317,41.6486930847168,1.2100268602371216,0,1,0,0,0,-0.0411869871283282,-0.9697351704771323,-0.9414959128043585,5,0,0,0,134,False,False,
146,3,1457.3704042903807,871.2579139759779,0.31495162239999996,48.77717971801758,4.312833786010742,0,2,1,1,1,0.04401456002667917,-0.9082858754856643,-0.9099566527657763,0,0,0,0,134,False,False,
146,4,1472.2418519730093,872.2930895815979,-0.24684408005383934,48.49878692626953,1.1775530576705933,0,1,0,0,0,-0.09596143673256848,-0.9620137684959011,-0.8658094412852898,0,0,0,0,134,False,False,
146,5,1468.999265658203,869.5204063028252,0.0,48.437435150146484,1.2985610961914062,0,1,0,0,0,0.14056750786358047,-0.9699325352215032,-0.7797432257315005,3,0,0,0,134,False,False,
146,6,1422.8257554510687,876.2379377219411,1.2495798976286956,82.51437377929688,7.966264247894287,0,3,0,2,2,-0.1249522589488303,-0.9056090094869107,-0.5531119035964052,0,0,0,0,134,False,False,
133,7,1429.4553257583837,885.0820946391972,1.0171814923418532,74.3462905883789,-0.9373230934143066,0,3,0,2,2,-0.3824083063896448,-0.8842819722615612,0.5194874885698137,0,0,0,0,121,True,True,collision
147,0,1447.8985454359945,872.1389722276438,0.0,58.262271881103516,4.619592189788818,0,2,0,1,1,-0.006647320900593614,-0.9335968618548116,-0.999363160251823,1,0,0,0,135,False,False,
147,1,1416.760753129349,865.5658470973137,2.3966952977151643,88.09427642822266,7.7080535888671875,0,3,1,2,2,0.211036565979527,-0.9187946010496368,-0.13776351746381532,0,0,0,0,135,False,False,
147,2,1469.0393953198375,871.8533313538666,0.3095452969421954,41.958248138427734,1.2254753112792969,0,1,0,0,0,-0.041616243711156166,-0.9705589254285848,-0.9407335692608402,0,0,0,0,135,False,False,
147,3,1457.250594092622,871.253912799673,0.11987699069815558,48.89699935913086,4.322935104370117,0,2,0,1,1,0.04440369593151369,-0.9086046124543024,-0.9092686118651194,0,0,0,0,135,False,False,
147,4,1472.209820964093,872.2972758245264,0.0323034079013493,48.531044006347656,1.1710280179977417,0,1,0,0,0,-0.0960507046849999,-0.9620988036066205,-0.8655236651880748,1,0,0,0,135,False,False,
147,5,1468.8709441146436,869.5206510736396,0.12832177700698208,48.565731048583984,1.310238003730774,0,1,0,0,0,0.141539368575059,-0.9702663316684259,-0.7788777360838732,0,0,0,0,135,False,False,
147,6,1421.2995855022616,876.4443160866144,1.5400606293414496,84.05451202392578,7.9840617179870605,0,3,0,2,2,-0.13152812359980492,-0.9096324513964208,-0.5361042094530399,0,0,0,0,135,False,False,
133,7,1429.4553257583837,885.0820946391972,1.0171814923418532,74.3462905883789,-0.9373230934143066,0,3,0,2,2,-0.3824083063896448,-0.8842819722615612,0.5194874885698137,0,0,0,0,121,True,True,collision
148,0,1447.7111280940926,872.1436357232787,0.18747535367914553,58.44970703125,4.634467124938965,0,2,0,1,1,-0.006657023401803662,-0.934096662956635,-0.9995975065070735,0,0,0,0,136,False,False,
148,1,1414.9217879573323,865.5040836414825,1.8400020729246085,89.9343032836914,7.725893974304199,0,3,0,2,2,0.21264261582244268,-0.923446087253878,-0.12105626413086623,0,0,0,0,136,False,False,
148,2,1468.8929992960605,871.8646697888894,0.14683445061196765,42.10517120361328,1.2356528043746948,0,1,0,0,0,-0.04130039219875401,-0.9709499073015271,-0.9403893487072126,0,0,0,0,136,False,False,
148,3,1457.090843862427,871.2486497106031,0.15983690485584004,49.05687713623047,4.333517551422119,0,2,0,1,1,0.044323698697582535,-0.9090299238136145,-0.9083685901053149,0,0,0,0,136,False,False,
148,4,1471.9257187969722,872.3346691825849,0.2865524464903781,48.81766891479492,1.1777342557907104,0,1,0,0,0,-0.09860866706954109,-0.9628541873208797,-0.8630312213745084,0,0,0,0,136,False,False,
148,5,1468.8709441146436,869.5206510736396,0.0,48.565731048583984,1.3064013719558716,0,1,0,0,0,0.141539368575059,-0.9702663316684259,-0.7788777360838732,1,0,0,0,136,False,False,
148,6,1419.9806041255495,876.6113495786634,1.3295157237052289,85.3840103149414,7.997823715209961,0,3,0,2,2,-0.13126573571687333,-0.9131056195812468,-0.5227810745272732,0,0,0,0,136,False,False,
133,7,1429.4553257583837,885.0820946391972,1.0171814923418532,74.3462905883789,-0.9373230934143066,0,3,0,2,2,-0.3824083063896448,-0.8842819722615612,0.5194874885698137,0,0,0,0,121,True,True,collision
149,0,1447.5156956340857,872.1487576346414,0.19549956624084297,58.64521026611328,4.647077560424805,0,2,0,1,1,-0.00756001704592077,-0.9346179644857374,-0.9998755929203681,0,0,0,0,137,False,False,
149,1,1413.037368269087,865.485932543914,1.8845071036717336,91.81878662109375,7.743381977081299,0,3,0,2,2,0.21100022419200035,-0.9282153705533844,-0.10934410369330083,0,0,0,0,137,False,False,
149,2,1468.4348654299151,871.8974249527688,0.45930332033431115,42.56446838378906,1.2513104677200317,0,1,0,0,0,-0.03917968875077362,-0.9721724830730527,-0.9396635383088618,0,0,0,0,137,False,False,
149,3,1456.6189587577114,871.2350553542935,0.4720808813920494,49.528873443603516,4.349756717681885,0,2,0,1,1,0.042277307725506336,-0.9102858458842461,-0.9059239781267656,0,0,0,0,137,False,False,
149,4,1471.7862783535886,872.3529221411972,0.14063003857324793,48.9582633972168,1.186022400856018,0,1,0,0,0,-0.0991561654577241,-0.9632246105650093,-0.8618215254663465,0,0,0,0,137,False,False,
149,5,1468.5559950638108,869.5219237998025,0.31495162239999996,48.88067626953125,1.3221259117126465,0,1,0,0,0,0.1442194678200811,-0.9710853274127832,-0.7768399555519118,0,0,0,0,137,False,False,
149,6,1418.8592940555518,876.7415196166329,1.1288403394027762,86.51287841796875,8.014345169067383,0,3,0,2,2,-0.1290882414463782,-0.9160563721470178,-0.5128560080672502,0,0,0,0,137,False,False,
133,7,1429.4553257583837,885.0820946391972,1.0171814923418532,74.3462905883789,-0.9373230934143066,0,3,0,2,2,-0.3824083063896448,-0.8842819722615612,0.5194874885698137,0,0,0,0,121,True,True,collision
150,0,1447.5156956340857,872.1487576346414,0.0,58.64521026611328,4.645092964172363,0,2,0,1,1,-0.00756001704592077,-0.9346179644857374,-0.9998755929203681,1,0,0,0,138,False,False,
150,1,1410.8782613236917,865.5344333971874,2.159651623392562,93.97838592529297,7.76102876663208,0,3,0,2,2,0.20687911604394363,-0.9336964181138925,-0.10422403199457364,0,0,0,0,138,False,False,
150,2,1467.8685743121894,871.9352701937452,0.5675543077799388,43.132015228271484,1.267310380935669,0,1,0,0,0,-0.03830463170098237,-0.9736833526761789,-0.939076528134581,0,0,0,0,138,False,False,
150,3,1456.6189587577114,871.2350553542935,0.0,49.528873443603516,4.350612640380859,0,2,0,1,1,0.042277307725506336,-0.9102858458842461,-0.9059239781267656,1,0,0,0,138,False,False,
150,4,1471.428672125302,872.3984943913138,0.3604983279989752,49.318702697753906,1.2015182971954346,0,1,0,0,0,-0.09958015761902995,-0.9641743403167986,-0.8588452032895153,0,0,0,0,138,False,False,
150,5,1467.9315570072413,869.5256958906623,0.6244494496447341,49.50519943237305,1.3374357223510742,0,1,0,0,0,0.1515951657455351,-0.972706403899995,-0.772947874920116,0,0,0,0,138,False,False,
150,6,1417.4452097155608,876.8915042512626,1.4220161430984037,87.93486785888672,8.032090187072754,0,3,0,2,2,-0.1285528902233308,-0.9197747578200149,-0.5020523166073274,0,0,0,0,138,False,False,
133,7,1429.4553257583837,885.0820946391972,1.0171814923418532,74.3462905883789,-0.9373230934143066,0,3,0,2,2,-0.3824083063896448,-0.8842819722615612,0.5194874885698137,0,0,0,0,121,True,True,collision
151,0,1447.409947225762,872.1515475620207,0.10578520481508429,58.75108337402344,4.66255521774292,0,2,0,1,1,-0.007704762875001039,-0.9349002692541091,-0.999970727745969,0,0,0,0,139,False,False,
151,1,1409.270277926783,865.5765867309173,1.6085358274775823,95.58696746826172,7.771342754364014,0,3,0,2,2,0.2183433290493298,-0.9377518621310003,-0.10113306492048524,0,0,0,0,139,False,False,
151,2,1467.8218414291778,871.9383689760732,0.046835507966638365,43.178749084472656,1.2674155235290527,0,1,0,0,0,-0.03815594340654734,-0.9738077523572971,-0.9390253874485834,1,0,0,0,139,False,False,
151,3,1456.7567513965894,871.2391160336057,-0.13785245897500004,49.666629791259766,4.360461711883545,0,2,0,1,1,0.04252309556404599,-0.9099193246606014,-0.9066559202619227,0,0,0,0,139,False,False,
151,4,1470.8387141121418,872.4741597233782,0.5947904671128585,49.91350173950195,1.2089028358459473,0,1,0,0,0,-0.10470865497280783,-0.9657400032560961,-0.8538977063931175,0,0,0,0,139,False,False,
151,5,1467.0034389617433,869.5271232748307,0.9281191431085185,50.43330001831055,1.351902961730957,0,1,0,0,0,0.16966832868128562,-0.9751017328278861,-0.766658313783241,0,0,0,0,139,False,False,
151,6,1416.258841646583,877.0010814619609,1.191417794140409,89.1263198852539,8.047043800354004,0,3,0,2,2,-0.12482844751378934,-0.9228934570825714,-0.49492520881922697,0,0,0,0,139,False,False,
133,7,1429.4553257583837,885.0820946391972,1.0171814923418532,74.3462905883789,-0.9373230934143066,0,3,0,2,2,-0.3824083063896448,-0.8842819722615612,0.5194874885698137,0,0,0,0,121,True,True,collision
152,0,1447.1854724612178,872.1572052208013,0.22454605100077865,58.975643157958984,4.678361892700195,0,2,0,1,1,-0.007019924876023411,-0.9354990567999975,-0.999670687142151,0,0,0,0,140,False,False,
152,1,1407.8217408607138,865.6030965759699,1.448779625636901,97.03569793701172,7.787168979644775,0,3,0,2,2,0.23779824050897483,-0.941364689641432,-0.09697994953509148,0,0,0,0,140,False,False,
152,2,1467.6692733536788,871.9483352210447,0.15289324282084607,43.3316650390625,1.2825254201889038,0,1,0,0,0,-0.03812745878275684,-0.9742148016154449,-0.938893883848382,0,0,0,0,140,False,False,
152,3,1457.030135320193,871.2469942118719,-0.27349741384103204,49.940181732177734,4.370163917541504,0,2,0,1,1,0.04177033403840748,-0.9091914370038789,-0.9080683636912907,0,0,0,0,140,False,False,
152,4,1470.7656532612195,872.4834966040249,0.07365504244587821,49.98721694946289,1.1986439228057861,0,1,0,0,0,-0.10502038500192157,-0.9659339231652262,-0.8532887777610454,1,0,0,0,140,False,False,
152,5,1466.4822601588025,869.5290095167792,0.5211822162577624,50.95442199707031,1.3601112365722656,0,1,0,0,0,0.17815767164479313,-0.9764402917204807,-0.7632565719926504,0,0,0,0,140,False,False,
152,6,1414.8979487363465,877.1121570539858,1.3654183608975161,90.49168395996094,8.062335014343262,0,3,0,2,2,-0.12385190288397831,-0.9264689549084505,-0.4885092109835443,0,0,0,0,140,False,False,
133,7,1429.4553257583837,885.0820946391972,1.0171814923418532,74.3462905883789,-0.9373230934143066,0,3,0,2,2,-0.3824083063896448,-0.8842819722615612,0.5194874885698137,0,0,0,0,121,True,True,collision
153,0,1446.6500122620166,872.1717832368896,0.5356586072133892,59.5112419128418,4.6921586990356445,0,2,0,1,1,-0.008492522174939962,-0.9369271940451223,-0.9988509707891848,0,0,0,0,141,False,False,
153,1,1406.0950135624078,865.6228203188895,1.7268399430028702,98.76261901855469,7.800662040710449,0,3,0,2,2,0.26219491841440257,-0.9456137030672193,-0.09060048484457639,0,0,0,0,141,False,False,
153,2,1467.4401921329438,871.9634461782906,0.2295790642073265,43.56128692626953,1.2976075410842896,0,1,0,0,0,-0.039467307658352664,-0.9748259830887569,-0.938681166894956,0,0,0,0,141,False,False,
153,3,1457.2263964398958,871.2525921150075,-0.19634093721506662,50.13655090332031,4.380598545074463,0,2,0,1,1,0.04134555742184476,-0.9086688925870484,-0.9090637346730878,0,0,0,0,141,False,False,
153,4,1470.7656532612195,872.4834966040249,0.0,49.98721694946289,1.1963764429092407,0,1,0,0,0,-0.10502038500192157,-0.9659339231652262,-0.8532887777610454,2,0,0,0,141,False,False,
153,5,1465.655418454735,869.5322833338626,0.8268481852576157,51.781333923339844,1.3707996606826782,0,1,0,0,0,0.1959982198116541,-0.9785511983436788,-0.7578982487302303,0,0,0,0,141,False,False,
153,6,1413.2492405179776,877.2345771525107,1.6532469476275546,92.1448974609375,8.081829071044922,0,3,0,2,2,-0.12673765894760183,-0.9307956509036526,-0.48218760473263744,0,0,0,0,141,False,False,
133,7,1429.4553257583837,885.0820946391972,1.0171814923418532,74.3462905883789,-0.9373230934143066,0,3,0,2,2,-0.3824083063896448,-0.8842819722615612,0.5194874885698137,0,0,0,0,121,True,True,collision
154,0,1445.9239228220245,872.1964904780172,0.7265096851606433,60.237735748291016,4.712158679962158,0,2,0,1,1,-0.01322566572953071,-0.9388641078426038,-0.9971309829939495,0,0,0,0,142,False,False,
154,1,1404.2571127154156,865.6121189200238,1.8379320018195542,100.60054016113281,7.812936782836914,0,3,0,2,2,0.2991577455494179,-0.9500288981573055,-0.08001616377277276,0,0,0,0,142,False,False,
154,2,1467.0922682476355,871.9865784730242,0.3486920317810753,43.90995407104492,1.3129065036773682,0,1,0,0,0,-0.04132433817610774,-0.9757538798094226,-0.938336103048854,0,0,0,0,142,False,False,
154,3,1457.2246457946933,871.2525421752102,0.00175135736160623,50.13838195800781,4.382261276245117,0,2,0,1,1,0.041349200697960796,-0.9086737721595537,-0.9090637346730878,1,0,0,0,142,False,False,
154,4,1470.9023957515953,872.4660383174177,-0.13785245897500004,50.12504577636719,1.2066967487335205,0,1,0,0,0,-0.10382790794482415,-0.9655713101221793,-0.8544254216719649,0,0,0,0,142,False,False,
154,5,1464.5289704080399,869.5282646056032,1.1264552153015044,52.907806396484375,1.3823649883270264,0,1,0,0,0,0.23266901094785403,-0.9813836033435425,-0.7495782108318088,0,0,0,0,142,False,False,
154,6,1411.8045010407654,877.3398621189197,1.4485707028540629,93.59355163574219,8.100486755371094,0,3,0,2,2,-0.13324949348773063,-0.9345790778537912,-0.4768920710268375,0,0,0,0,142,False,False,
133,7,1429.4553257583837,885.0820946391972,1.0171814923418532,74.3462905883789,-0.9373230934143066,0,3,0,2,2,-0.3824083063896448,-0.8842819722615612,0.5194874885698137,0,0,0,0,121,True,True,collision
155,0,1445.6022152231144,872.2072924200448,0.32188889565810813,60.559696197509766,4.716246604919434,0,2,0,1,1,-0.013123176450420083,-0.9397224844390861,-0.9963844027218108,0,0,0,0,143,False,False,
155,1,1402.6018270238444,865.5711896523089,1.6557916311166045,102.25631713867188,7.825877666473389,0,3,0,2,2,0.33982005965880513,-0.9538805577996985,-0.06672953340598797,0,0,0,0,143,False,False,
155,2,1466.4444395445041,872.0287916953865,0.6492025760448035,44.55915832519531,1.3308055400848389,0,1,0,0,0,-0.04359611823281789,-0.9774813142707117,-0.9377864764587617,0,0,0,0,143,False,False,
155,3,1457.2246457946933,871.2525421752102,0.0,50.13838195800781,4.38230037689209,0,2,0,1,1,0.041349200697960796,-0.9086737721595537,-0.9090637346730878,2,0,0,0,143,False,False,
155,4,1471.0691169284964,872.4449671227002,-0.1680474518525565,50.29312515258789,1.2172316312789917,0,1,0,0,0,-0.1017011678866955,-0.9651288963847668,-0.8557885253450267,0,0,0,0,143,False,False,
155,5,1463.9325319120048,869.5225060571141,0.5964662944654686,53.504268646240234,1.3938069343566895,0,1,0,0,0,0.2579904701079676,-0.9828559264394331,-0.7447403133709138,0,0,0,0,143,False,False,
155,6,1410.893928335395,877.3999134200373,0.9125507166900225,94.50605010986328,8.114327430725098,0,3,0,2,2,-0.13380210676847354,-0.9369608307471892,-0.47430679357560923,0,0,0,0,143,False,False,
133,7,1429.4553257583837,885.0820946391972,1.0171814923418532,74.3462905883789,-0.9373230934143066,0,3,0,2,2,-0.3824083063896448,-0.8842819722615612,0.5194874885698137,0,0,0,0,121,True,True,collision
156,0,1444.9712212909956,872.2256590564742,0.6312611786768794,61.19094467163086,4.727046489715576,0,2,0,1,1,-0.010576137755262494,-0.9414055886536798,-0.9952646474399984,0,0,0,0,144,False,False,
156,1,1401.0573791990641,865.5288150166034,1.5450290266592732,103.80133056640625,7.834935665130615,0,3,0,2,2,0.3730045982802993,-0.9573697282080481,-0.05383836433047784,0,0,0,0,144,False,False,
156,2,1465.6951536802164,872.0749487307907,0.7507061864262232,45.309844970703125,1.3499377965927124,0,1,0,0,0,-0.045367638892213964,-0.9794785188444768,-0.9374787819037553,0,0,0,0,144,False,False,
156,3,1457.3624484194513,871.25624852857,-0.13785245897500004,50.276248931884766,4.3947296142578125,0,2,0,1,1,0.040151349012978066,-0.9083068558005303,-0.9097371323001828,0,0,0,0,144,False,False,
156,4,1470.9781733445645,872.456561053637,0.0916796307417726,50.384803771972656,1.2154912948608398,0,1,0,0,0,-0.10310961207505645,-0.9653701946029356,-0.8550334927184696,1,0,0,0,144,False,False,
156,5,1463.735678516712,869.5202221040626,0.19686664440655782,53.7010612487793,1.405932903289795,0,1,0,0,0,0.2671737418013613,-0.9833364582472004,-0.7430905474288841,0,0,0,0,144,False,False,
156,6,1410.1472902178273,877.4505039153946,0.7483501031106099,95.25434112548828,8.122858047485352,0,3,0,2,2,-0.13932388574871007,-0.9389101696691845,-0.47202127086634327,0,0,0,0,144,False,False,
133,7,1429.4553257583837,885.0820946391972,1.0171814923418532,74.3462905883789,-0.9373230934143066,0,3,0,2,2,-0.3824083063896448,-0.8842819722615612,0.5194874885698137,0,0,0,0,121,True,True,collision
157,0,1444.861706387153,872.228879171215,0.10956223483755022,61.30049133300781,4.736556529998779,0,2,0,1,1,-0.01081877266884261,-0.9416976655746595,-0.995059764888057,0,0,0,0,145,False,False,
157,1,1399.4788652265836,865.4835765437186,1.5791620818477168,105.3804702758789,7.845639705657959,0,3,0,2,2,0.4116956851281935,-0.9608060781696739,-0.040434244740970904,0,0,0,0,145,False,False,
157,2,1464.8841551318935,872.1247228171994,0.8125245258205283,46.122406005859375,1.3667545318603516,0,1,0,0,0,-0.05055287501954682,-0.9816392413368105,-0.9371637907248804,0,0,0,0,145,False,False,
157,3,1457.3810192034925,871.2567477442213,-0.018577492731031386,50.2948112487793,4.389573574066162,0,2,0,1,1,0.04011965790172856,-0.9082574619429598,-0.9098395780427451,1,0,0,0,145,False,False,
157,4,1470.9781733445645,872.456561053637,0.0,50.384803771972656,1.2070640325546265,0,1,0,0,0,-0.10310961207505645,-0.9653701946029356,-0.8550334927184696,2,0,0,0,145,False,False,
157,5,1463.735678516712,869.5202221040626,0.0,53.7010612487793,1.395889401435852,0,1,0,0,0,0.2671737418013613,-0.9833364582472004,-0.7430905474288841,1,0,0,0,145,False,False,
157,6,1409.5765819441513,877.4914594465253,0.5721759250200378,95.82660675048828,8.13638687133789,0,3,0,2,2,-0.14546315141357127,-0.9403975366700014,-0.4700069167134623,0,0,0,0,145,False,False,
133,7,1429.4553257583837,885.0820946391972,1.0171814923418532,74.3462905883789,-0.9373230934143066,0,3,0,2,2,-0.3824083063896448,-0.8842819722615612,0.5194874885698137,0,0,0,0,121,True,True,collision
158,0,1444.4392661974123,872.2428524550396,0.42267122751492137,61.723209381103516,4.753997802734375,0,2,0,1,1,-0.013414914510781905,-0.9428246640010047,-0.9941083045206023,0,0,0,0,146,False,False,
158,1,1398.044344640573,865.4328128444636,1.4354184981567408,106.8159408569336,7.855016231536865,0,3,0,2,2,0.4568930765554405,-0.9637706646721181,-0.027089069866124027,0,0,0,0,146,False,False,
158,2,1463.9554379296985,872.1763097023145,0.9301488313001213,47.05255126953125,1.3827338218688965,0,1,0,0,0,-0.054169349152698484,-0.9841118554986767,-0.9374495596755491,0,0,0,0,146,False,False,
158,3,1457.3372363181575,871.2555687541113,0.04379875644299531,50.33852767944336,4.389012336730957,0,2,0,1,1,0.0402009925292292,-0.9083738043501559,-0.9096127395136437,2,0,0,0,146,False,False,
158,4,1470.6658379383214,872.4970717739373,0.31495162239999996,50.69968032836914,1.2173192501068115,0,1,0,0,0,-0.1070840381715963,-0.9661982839689535,-0.8523584117652507,0,0,0,0,146,False,False,
158,5,1463.873521578865,869.5218316573337,-0.13785245897500004,53.838890075683594,1.3993459939956665,0,1,0,0,0,0.26160828664995456,-0.9830002060665827,-0.7442491169441413,0,0,0,0,146,False,False,
158,6,1409.3852329050642,877.5054878837655,0.19186258575072582,96.01840209960938,8.151226043701172,0,3,0,2,2,-0.1477017142047215,-0.9408954029468694,-0.4692964356571272,0,0,0,0,146,False,False,
133,7,1429.4553257583837,885.0820946391972,1.0171814923418532,74.3462905883789,-0.9373230934143066,0,3,0,2,2,-0.3824083063896448,-0.8842819722615612,0.5194874885698137,0,0,0,0,121,True,True,collision
159,0,1443.761347685036,872.2684128807136,0.6784002098931805,62.401546478271484,4.770170211791992,0,2,0,1,1,-0.0168915048267798,-0.9446329495366932,-0.9922053824457151,0,0,0,0,147,False,False,
159,1,1396.516132680221,865.3743701046881,1.5293290520993872,108.34525299072266,7.862943172454834,0,3,0,2,2,0.51024471283466,-0.9667262983911582,-0.012351633408926643,0,0,0,0,147,False,False,
159,2,1463.410835803881,872.2032949905533,0.54527028272821,47.597774505615234,1.3976563215255737,0,1,0,0,0,-0.055428056947106244,-0.9855607817004014,-0.9380064971826028,0,0,0,0,147,False,False,
159,3,1456.9793644641902,871.245244233011,0.3580207530269024,50.69658660888672,4.405482769012451,0,2,0,1,1,0.04185910845930165,-0.9093265877771703,-0.9077683588202047,0,0,0,0,147,False,False,
159,4,1470.1005929425214,872.5707766283128,0.5700300964294317,51.269775390625,1.2299950122833252,0,1,0,0,0,-0.1125539611842353,-0.9676958902029604,-0.8474684874466053,0,0,0,0,147,False,False,
159,5,1463.6942000269694,869.5196474825362,0.17933485325990267,54.018226623535156,1.41107177734375,0,1,0,0,0,0.269281493576692,-0.9834374041290179,-0.7427390516910273,0,0,0,0,147,False,False,
159,6,1408.9275293928663,877.5416029923391,0.4591261331546523,96.47759246826172,8.165400505065918,0,3,0,2,2,-0.15440905398518984,-0.942084785200611,-0.4672820815042462,0,0,0,0,147,False,False,
133,7,1429.4553257583837,885.0820946391972,1.0171814923418532,74.3462905883789,-0.9373230934143066,0,3,0,2,2,-0.3824083063896448,-0.8842819722615612,0.5194874885698137,0,0,0,0,121,True,True,collision
160,0,1442.7815070146125,872.3162230794933,0.9810063988187538,63.382568359375,4.788255214691162,0,2,0,1,1,-0.025124267208482504,-0.9472470725408806,-0.9881507536161811,0,0,0,0,148,False,False,
160,1,1394.7992085609012,865.32560865728,1.7176164036990251,110.0628662109375,7.866921424865723,0,3,0,2,2,0.572747960384038,-0.9697685300743586,0.0021803255463419546,0,0,0,0,148,False,False,
160,2,1462.5609631029636,872.2353028812709,0.8504752276418959,48.4483528137207,1.4154846668243408,0,1,0,0,0,-0.05677818735214512,-0.9878213914869693,-0.940095421973835,0,0,0,0,148,False,False,
160,3,1456.3585200905618,871.2236825597881,0.6212186748787794,51.31781005859375,4.423851490020752,0,2,0,1,1,0.046446036322850486,-0.9109788600241879,-0.9041161806043189,0,0,0,0,148,False,False,
160,4,1469.5050963949943,872.6461637204394,0.6002494079764855,51.86998748779297,1.2444144487380981,0,1,0,0,0,-0.11588453379484791,-0.9692713098211646,-0.8425867387770349,0,0,0,0,148,False,False,
160,5,1463.4647683351182,869.5163917684268,0.2294547905364052,54.24774169921875,1.4211324453353882,0,1,0,0,0,0.2805957782272445,-0.983993032557701,-0.7407523975519705,0,0,0,0,148,False,False,
160,6,1408.9275293928663,877.5416029923391,0.0,96.47759246826172,8.159058570861816,0,3,0,2,2,-0.15440905398518984,-0.942084785200611,-0.4672820815042462,1,0,0,0,148,False,False,
133,7,1429.4553257583837,885.0820946391972,1.0171814923418532,74.3462905883789,-0.9373230934143066,0,3,0,2,2,-0.3824083063896448,-0.8842819722615612,0.5194874885698137,0,0,0,0,121,True,True,collision
161,0,1442.328515328978,872.3392349054495,0.4535758055581932,63.83615493774414,4.803008556365967,0,2,0,1,1,-0.027017270641353106,-0.9484555738792535,-0.9861675512590328,0,0,0,0,149,False,False,
161,1,1393.489230833327,865.2995881502046,1.3102361289206212,111.37306213378906,7.8697099685668945,0,3,0,2,2,0.6288329768539458,-0.9718330241188303,0.011929358275580615,0,0,0,0,149,False,False,
161,2,1462.2358950279606,872.2462749783991,0.3252531941449561,48.77361297607422,1.430198311805725,0,1,0,0,0,-0.058452039465065456,-0.988685351411299,-0.9410412602425732,0,0,0,0,149,False,False,
161,3,1455.43452488233,871.1816310405179,0.9249516069007078,52.24271774291992,4.443390846252441,0,2,0,1,1,0.054815208762035654,-0.9134363926486668,-0.8974927542595418,0,0,0,0,149,False,False,
161,4,1468.6081962955832,872.7623286933633,0.9043915574894295,52.77444839477539,1.253806233406067,0,1,0,0,0,-0.1276680548945756,-0.9716386387105717,-0.8349259126111159,0,0,0,0,149,False,False,
161,5,1463.4647683351182,869.5163917684268,0.0,54.24774169921875,1.4092410802841187,0,1,0,0,0,0.2805957782272445,-0.983993032557701,-0.7407523975519705,1,0,0,0,149,False,False,
161,6,1408.8780825666113,877.5454887643294,0.04959927268265444,96.52718353271484,8.158222198486328,0,3,0,2,2,-0.1545547823873499,-0.9422131756391137,-0.4670700291796348,2,0,0,0,149,False,False,
133,7,1429.4553257583837,885.0820946391972,1.0171814923418532,74.3462905883789,-0.9373230934143066,0,3,0,2,2,-0.3824083063896448,-0.8842819722615612,0.5194874885698137,0,0,0,0,121,True,True,collision
162,0,1442.328515328978,872.3392349054495,0.0,63.83615493774414,4.803802967071533,0,2,0,1,1,-0.027017270641353106,-0.9484555738792535,-0.9861675512590328,1,0,0,0,150,False,False,
162,1,1391.8898985722367,865.296019420104,1.5993362426951367,112.9724349975586,7.872872829437256,0,3,0,2,2,0.7040393652745428,-0.9740043879466266,0.020447469853866362,0,0,0,0,150,False,False,
162,2,1461.6984152200998,872.2644089944599,0.5377856323821267,49.31139373779297,1.4391534328460693,0,1,0,0,0,-0.06690681262142435,-0.9901125236328253,-0.9426170844423344,0,0,0,0,150,False,False,
162,3,1454.4012991559846,871.1347603218921,1.0342882895239651,53.27710723876953,4.4577531814575195,0,2,0,1,1,0.05652045287309811,-0.9161842418503962,-0.890108120672123,0,0,0,0,150,False,False,
162,4,1467.8293966984181,872.8608170636913,0.7850024023112291,53.55946350097656,1.264402985572815,0,1,0,0,0,-0.1356952974909493,-0.9736880819989617,-0.8285560099996764,0,0,0,0,150,False,False,
162,5,1463.1498517414796,869.5116945880583,0.31495162239999996,54.56259536743164,1.4155024290084839,0,1,0,0,0,0.29603339806005113,-0.9847479166644435,-0.7379960889524341,0,0,0,0,150,False,False,
162,6,1408.8780825666113,877.5454887643294,0.0,96.52718353271484,8.155683517456055,0,3,0,2,2,-0.1545547823873499,-0.9422131756391137,-0.4670700291796348,3,0,0,0,150,False,False,
133,7,1429.4553257583837,885.0820946391972,1.0171814923418532,74.3462905883789,-0.9373230934143066,0,3,0,2,2,-0.3824083063896448,-0.8842819722615612,0.5194874885698137,0,0,0,0,121,True,True,collision
163,0,1442.4661813648647,872.3320681063958,-0.13785245897500004,63.974037170410156,4.816471099853516,0,2,0,1,1,-0.027620998409235476,-0.9480882382316753,-0.9867895250182294,0,0,0,0,151,False,False,
163,1,1390.0087647866853,865.3383848964681,1.8816107867278091,114.85401916503906,7.874969959259033,0,3,0,2,2,0.806183203851832,-0.9759529790201776,0.02489353646905501,0,0,0,0,151,False,False,
163,2,1460.855607933357,872.2878831425618,0.8431341282475684,50.15449523925781,1.4433507919311523,0,1,0,0,0,-0.08169509247524047,-0.992346486890035,-0.9456673126287022,0,0,0,0,151,False,False,
163,3,1453.1817287305473,871.0891551069298,1.2204228194493958,54.497440338134766,4.478018283843994,0,2,0,1,1,0.05353173249943792,-0.9194274164515359,-0.8825549715207268,0,0,0,0,151,False,False,
163,4,1466.7515663500137,872.9893374300664,1.0854656809474112,54.64485168457031,1.2817400693893433,0,1,0,0,0,-0.1472158824693376,-0.9765137921821008,-0.8206760135489373,0,0,0,0,151,False,False,
163,5,1463.1498517414796,869.5116945880583,0.0,54.56259536743164,1.4088349342346191,0,1,0,0,0,0.29603339806005113,-0.9847479166644435,-0.7379960889524341,1,0,0,0,151,False,False,
163,6,1408.8161554654212,877.5503314079376,0.06211615779262713,96.58926391601562,8.155705451965332,0,3,0,2,2,-0.1547509128583758,-0.9423738466395709,-0.4667988606232497,4,0,0,0,151,False,False,
133,7,1429.4553257583837,885.0820946391972,1.0171814923418532,74.3462905883789,-0.9373230934143066,0,3,0,2,2,-0.3824083063896448,-0.8842819722615612,0.5194874885698137,0,0,0,0,121,True,True,collision
164,0,1442.7377359786806,872.3180457442571,-0.27191641164999963,64.24600982666016,4.819911479949951,0,2,0,1,1,-0.026975904181442918,-0.9473636491942581,-0.9880117255959447,0,0,0,0,152,False,False,
164,1,1388.217477797498,865.4072879075022,1.7926116987684382,116.6466064453125,7.872227668762207,0,3,0,2,2,0.9224865718863396,-0.9770063499051465,0.025706413242127413,0,0,0,1,152,False,False,
164,2,1459.9093038745827,872.3116900290457,0.9466034753246153,51.10108184814453,1.4541772603988647,0,1,0,0,0,-0.11903619676868907,-0.994841123863086,-0.9494051243367576,0,0,0,0,152,False,False,
164,3,1451.671492030494,871.0258990800294,1.5115608539280196,56.0090217590332,4.491440773010254,0,2,0,1,1,0.059351608356736404,-0.9234416556900114,-0.8723745017856647,0,0,0,0,152,False,False,
164,4,1465.7085673626293,873.1092974582923,1.0498748954313408,55.6947021484375,1.2974488735198975,0,1,0,0,0,-0.16388873992355382,-0.9792319268154154,-0.8135729753290928,0,0,0,0,152,False,False,
164,5,1462.834930516564,869.5073189109578,0.31495162239999996,54.877567291259766,1.419396162033081,0,1,0,0,0,0.31188359576779967,-0.9854941471263601,-0.735283631561573,0,0,0,0,152,False,False,
164,6,1408.8161554654212,877.5503314079376,0.0,96.58926391601562,8.152023315429688,0,3,0,2,2,-0.1547509128583758,-0.9423738466395709,-0.4667988606232497,5,0,0,0,152,False,False,
133,7,1429.4553257583837,885.0820946391972,1.0171814923418532,74.3462905883789,-0.9373230934143066,0,3,0,2,2,-0.3824083063896448,-0.8842819722615612,0.5194874885698137,0,0,0,0,121,True,True,collision
165,0,1443.0064739814295,872.3044032281684,-0.2690840618965967,64.5150375366211,4.828671932220459,0,2,0,1,1,-0.026065865601374742,-0.9466468638634198,-0.9891900213658869,0,0,0,0,153,False,False,
165,1,1386.2825735032409,865.5287350023738,1.9387119499264855,118.5853500366211,7.866485118865967,0,3,0,2,2,1.0,-0.977177913499798,0.01936016569925303,0,0,0,2,153,False,False,
165,2,1458.6658364330538,872.3364099518537,1.2437131312028082,52.34473419189453,1.4670270681381226,0,1,0,0,0,-0.31047674645661166,-0.9980105227353873,-0.955093907477723,0,0,0,0,153,False,False,
165,3,1450.698321433676,870.9789455500058,0.9743026452249999,56.983299255371094,4.507935047149658,0,2,0,1,1,0.065616755972154,-0.9260264072416056,-0.8650849815842075,0,0,0,0,153,False,False,
165,4,1465.0770015095807,873.1837755460161,0.6359421453938335,56.33066940307617,1.3058892488479614,0,1,0,0,0,-0.18023976660580526,-0.9808657366366966,-0.8090573585243948,0,0,0,0,153,False,False,
165,5,1462.2105712662697,869.4967056299716,0.6244494496447341,55.50204849243164,1.4254810810089111,0,1,0,0,0,0.3522940071363362,-0.9869373064719649,-0.7296614435131827,0,0,0,0,153,False,False,
165,6,1408.5021350550012,877.57453277757,0.31495162239999996,96.90428161621094,8.161925315856934,0,3,0,2,2,-0.15629050195684233,-0.9431890850045769,-0.4654949875267038,0,0,0,0,153,False,False,
133,7,1429.4553257583837,885.0820946391972,1.0171814923418532,74.3462905883789,-0.9373230934143066,0,3,0,2,2,-0.3824083063896448,-0.8842819722615612,0.5194874885698137,0,0,0,0,121,True,True,collision
166,0,1443.4085696697698,872.285455259822,-0.40254188364238513,64.9175796508789,4.8348283767700195,0,2,0,1,1,-0.023285262849757436,-0.9455741414961456,-0.9907636640823612,0,1,0,0,154,False,False,
166,1,1384.6291436670624,865.6456496293378,1.657558220142891,120.242919921875,7.859309196472168,0,3,0,2,2,1.0,-0.9764430105625277,0.010853488595198302,0,0,0,3,154,False,False,
166,2,1457.3880272386155,872.3631227755208,1.2780883820532478,53.62284469604492,4.686262607574463,0,2,1,1,1,-0.010772283797763293,-0.9082977759161655,-0.9575144034354649,0,0,0,0,154,False,False,
166,3,1449.444825225086,870.9231758331299,1.2547362297589946,58.23807907104492,4.521584510803223,0,2,0,1,1,0.06622065639443109,-0.9293552153309034,-0.8562513071033355,0,0,0,0,154,False,False,
166,4,1464.1451335836375,873.3023888401809,0.9393864726266968,57.27006912231445,1.3197327852249146,0,1,0,0,0,-0.21355351793145777,-0.9832489754846221,-0.801345405965571,0,0,0,0,154,False,False,
166,5,1461.4479365756017,869.4810880114088,0.7627945866482029,56.2649040222168,1.43153715133667,0,1,0,0,0,0.41471086671928736,-0.9886133610484827,-0.7224845100036212,0,0,0,0,154,False,False,
166,6,1408.5021350550012,877.57453277757,0.0,96.90428161621094,8.158917427062988,0,3,0,2,2,-0.15629050195684233,-0.9431890850045769,-0.4654949875267038,1,0,0,0,154,False,False,
133,7,1429.4553257583837,885.0820946391972,1.0171814923418532,74.3462905883789,-0.9373230934143066,0,3,0,2,2,-0.3824083063896448,-0.8842819722615612,0.5194874885698137,0,0,0,0,121,True,True,collision
167,0,1443.489768677832,872.281669128334,-0.08128722963614897,64.99884796142578,4.8326497077941895,0,2,0,1,1,-0.022879630692984026,-0.9453575754687117,-0.9910783077604176,1,0,0,0,155,False,False,
167,1,1383.5152354178558,865.7333594399734,1.1173560750862557,121.36026000976562,7.854307651519775,0,3,0,2,2,1.0,-0.9755282115411225,0.004052263322677607,0,0,0,4,155,False,False,
167,2,1456.642908180722,872.3805612007027,0.745323090416942,54.368167877197266,4.706135272979736,0,2,0,1,1,-0.012636194985701524,-0.9102849163326354,-0.956701973321542,0,0,0,0,155,False,False,
167,3,1448.510278788437,870.8893444259734,0.9351585995774845,59.17325973510742,4.5394463539123535,0,2,0,1,1,0.06317751413685199,-0.9318372003970931,-0.8505937722364791,0,0,0,0,155,False,False,
167,4,1463.7336713195346,873.357068218881,0.4150795456724921,57.685184478759766,1.3319692611694336,0,1,0,0,0,-0.23206227398965085,-0.9842878657419061,-0.7976660351406549,0,0,0,0,155,False,False,
167,5,1460.3980092487727,869.4613266944058,1.0501132802093371,57.31501770019531,1.437936544418335,0,1,0,0,0,0.5301263316661915,-0.9906875894310428,-0.712815975972968,0,0,0,0,155,False,False,
167,6,1408.6070310760292,877.5663282290844,-0.10521639531643877,97.00958251953125,8.166651725769043,0,3,0,2,2,-0.15625244156380075,-0.9429167240994689,-0.46594218981387303,0,0,0,0,155,False,False,
133,7,1429.4553257583837,885.0820946391972,1.0171814923418532,74.3462905883789,-0.9373230934143066,0,3,0,2,2,-0.3824083063896448,-0.8842819722615612,0.5194874885698137,0,0,0,0,121,True,True,collision
168,0,1443.6137816890607,872.2759015457383,-0.12414705781052786,65.12300872802734,4.845891952514648,0,2,0,1,1,-0.022665207926698686,-0.9450266990345537,-0.9915614607492234,0,0,0,0,156,False,False,
168,1,1382.929712703968,865.781886744805,0.5875302101106061,121.94783782958984,7.851632118225098,0,3,0,2,2,1.0,-0.97492403355081,0.00018706799841705646,0,0,0,5,156,False,False,
168,2,1456.421154940974,872.3860069437479,0.2218200970517274,54.59003448486328,4.724437713623047,0,2,0,1,1,-0.01345898582071167,-0.9108764345279463,-0.9564310227348221,0,0,0,0,156,False,False,
168,3,1447.4791404710825,870.8575679783796,1.0316278263688232,60.20487976074219,4.556217193603516,0,2,0,1,1,0.06226325073149736,-0.9345755590097743,-0.8450169361715071,0,0,0,0,156,False,False,
168,4,1463.0172749511758,873.4526364236752,0.7227427193442841,58.407840728759766,1.3389819860458374,0,1,0,0,0,-0.2638383135447978,-0.9860709623853412,-0.7912076011124829,0,0,0,0,156,False,False,
168,5,1459.603801088129,869.442605668708,0.7944287754329705,58.10942840576172,1.4370741844177246,0,1,0,0,0,0.6584221927296185,-0.9919502867797797,-0.7050528827281466,0,0,0,0,156,False,False,
168,6,1408.7273081054523,877.5568213854167,-0.1206521607072551,97.13019561767578,8.172552108764648,0,3,0,2,2,-0.1559043473432717,-0.9426047438429576,-0.4664765799670527,0,0,0,0,156,False,False,
133,7,1429.4553257583837,885.0820946391972,1.0171814923418532,74.3462905883789,-0.9373230934143066,0,3,0,2,2,-0.3824083063896448,-0.8842819722615612,0.5194874885698137,0,0,0,0,121,True,True,collision
169,0,1443.4212411988144,872.2850969510088,0.1927599436147416,65.31573486328125,4.860330581665039,0,2,0,1,1,-0.023681519039803964,-0.9455402789310963,-0.9907929336564373,0,0,0,0,157,False,False,
169,1,1382.041127021722,865.8589318318561,0.8919195368032246,122.8397216796875,11.068387985229492,0,4,1,3,3,0.13007935301345538,-0.9149872719431897,-0.006094346075568358,0,0,0,0,157,False,False,
169,2,1455.8883938190731,872.4013053373698,0.5329807255957739,55.12297058105469,4.743159770965576,0,2,0,1,1,-0.01636529698481234,-0.9122971311528741,-0.9555017215744402,0,0,0,0,157,False,False,
169,3,1446.746796043766,870.8331575328118,0.7327511378867565,60.93758773803711,4.572231292724609,0,2,0,1,1,0.06582522713920108,-0.9365193175574136,-0.8408379074088875,0,0,0,0,157,False,False,
169,4,1462.8193933787072,873.4787858496863,0.19960187675292734,58.6075553894043,1.350631833076477,0,1,0,0,0,-0.27317656258273926,-0.9865570560571054,-0.7894555823846436,0,0,0,0,157,False,False,
169,5,1458.5419781419494,869.4054478553036,1.0624729041866725,59.171844482421875,1.4372801780700684,0,1,0,0,0,0.8911664088423031,-0.9929318686892737,-0.6932141998332167,0,0,0,0,157,False,False,
169,6,1408.5316490982295,877.5721844467195,0.19626123091435124,97.32647705078125,8.187149047851562,0,3,0,2,2,-0.15699199754843676,-0.9431124601918099,-0.46561985198530487,0,0,0,0,157,False,False,
133,7,1429.4553257583837,885.0820946391972,1.0171814923418532,74.3462905883789,-0.9373230934143066,0,3,0,2,2,-0.3824083063896448,-0.8842819722615612,0.5194874885698137,0,0,0,0,121,True,True,collision
170,0,1443.0083726512337,872.3065038697529,0.4134231412868432,65.72913360595703,4.879051685333252,0,2,0,1,1,-0.026822796037419987,-0.9466417111667602,-0.9889265996657932,0,0,0,0,158,False,False,
170,1,1381.6764399629672,865.8899669328016,0.36600522989984574,123.20578002929688,11.081511497497559,0,4,0,3,3,0.1326057651150936,-0.9159425569846051,-0.008598267242644009,0,0,0,0,158,False,False,
170,2,1455.1847480979245,872.4209979559955,0.7039212314734283,55.82698059082031,4.758589267730713,0,2,0,1,1,-0.016249916547322604,-0.9141738952310267,-0.9543451673852662,0,0,0,0,158,False,False,
170,3,1446.5374759907495,870.8257783423567,0.2094500824698115,61.14706802368164,4.587009429931641,0,2,0,1,1,0.06763947824854945,-0.9370748206619625,-0.839600868814221,0,0,0,0,158,False,False,
170,4,1462.3127569112955,873.5465859918521,0.5111529804169078,59.1186637878418,1.355029821395874,0,1,0,0,0,-0.3038925855359442,-0.9877822307200833,-0.7848669135827032,0,0,0,0,158,False,False,
170,5,1457.186190180825,869.3457870362715,1.3570999995790338,60.52899169921875,1.4304109811782837,0,1,0,0,0,1.0,-0.9925967896677125,-0.6803948678420619,0,0,0,1,158,False,False,
170,6,1408.025263335754,877.6109948507093,0.507870837807981,97.83431243896484,8.201804161071777,0,3,0,2,2,-0.15956296052307328,-0.9444253527998033,-0.4635323743697175,0,0,0,0,158,False,False,
133,7,1429.4553257583837,885.0820946391972,1.0171814923418532,74.3462905883789,-0.9373230934143066,0,3,0,2,2,-0.3824083063896448,-0.8842819722615612,0.5194874885698137,0,0,0,0,121,True,True,collision
171,0,1442.5295577295817,872.3339096756366,0.47959858985686665,66.20880126953125,4.897599697113037,0,2,0,1,1,-0.03098472776657357,-0.9479193409334736,-0.9864602452131574,0,0,0,0,159,False,False,
171,1,1381.1937201586563,865.9289784986839,0.48429362141836296,123.69001770019531,11.097519874572754,0,4,0,3,3,0.13740936443709112,-0.9172043502958113,-0.011665793644559108,0,0,0,0,159,False,False,
171,2,1455.003741912402,872.426180506553,0.1810803634516157,56.00796127319336,4.772546291351318,0,2,0,1,1,-0.016754794483192843,-0.9146563486652098,-0.9540378408773992,0,0,0,0,159,False,False,
171,3,1446.2288482191457,870.8136728532033,0.30886509073191043,61.455902099609375,4.603428840637207,0,2,0,1,1,0.07109328270170308,-0.9378932992664537,-0.8376103412470186,0,0,0,0,159,False,False,
171,4,1462.3127569112955,873.5465859918521,0.0,59.1186637878418,1.3499956130981445,0,1,0,0,0,-0.3038925855359442,-0.9877822307200833,-0.7848669135827032,1,0,0,0,159,False,False,
171,5,1455.7277613132217,869.2877880114686,1.4595816690875465,61.98851776123047,4.644911289215088,0,2,1,1,1,0.08758835225836176,-0.9123065482408975,-0.6709463330956107,0,0,0,0,159,False,False,
171,6,1407.6897480240095,877.63724467913,0.3365406036530327,98.17090606689453,8.21130084991455,0,3,0,2,2,-0.1631790430085036,-0.9452940892300506,-0.46208888634281264,0,0,0,0,159,False,False,
133,7,1429.4553257583837,885.0820946391972,1.0171814923418532,74.3462905883789,-0.9373230934143066,0,3,0,2,2,-0.3824083063896448,-0.8842819722615612,0.5194874885698137,0,0,0,0,121,True,True,collision
172,0,1442.5295577295817,872.3339096756366,0.0,66.20880126953125,4.898129940032959,0,2,0,1,1,-0.03098472776657357,-0.9479193409334736,-0.9864602452131574,1,0,0,0,160,False,False,
172,1,1380.8818787704988,865.954349738689,0.3128717807463151,124.00293731689453,11.10788631439209,0,4,0,3,3,0.13844985717141847,-0.9180193564432084,-0.013671743458880448,0,0,0,0,160,False,False,
172,2,1454.6141249600146,872.4376829815747,0.38978670644248864,56.39777755737305,4.789662837982178,0,2,0,1,1,-0.0175342783599493,-0.9156954742379144,-0.9533278529327655,0,0,0,0,160,False,False,
172,3,1446.226050708476,870.8135630199047,0.0027996659265907705,61.45871353149414,4.603076457977295,0,2,0,1,1,0.07112600066851466,-0.9379007430182563,-0.8375957051200031,1,0,0,0,160,False,False,
172,4,1462.2408270063568,873.5562324992183,0.07257386808525378,59.19120788574219,1.34249746799469,0,1,0,0,0,-0.3087709492648527,-0.9879536999648486,-0.7842141623281413,2,0,0,0,160,False,False,
172,5,1454.802381240696,869.2465660286601,0.9262977547713789,62.91484832763672,4.65161657333374,0,2,0,1,1,0.09324126802944382,-0.914751068852184,-0.6644251380970039,0,0,0,0,160,False,False,
172,6,1407.118029104989,877.6832788557297,0.5735692353857886,98.7444076538086,8.222695350646973,0,3,0,2,2,-0.16929952271065707,-0.9467711566024115,-0.4594743366375533,0,0,0,0,160,False,False,
133,7,1429.4553257583837,885.0820946391972,1.0171814923418532,74.3462905883789,-0.9373230934143066,0,3,0,2,2,-0.3824083063896448,-0.8842819722615612,0.5194874885698137,0,0,0,0,121,True,True,collision
173,0,1442.2727663396913,872.3484410679742,0.2572022147749473,66.46592712402344,4.911218643188477,0,2,0,1,1,-0.03098095671847558,-0.9486042053576902,-0.9851575530834031,0,0,0,0,161,False,False,
173,1,1380.8818787704988,865.954349738689,0.0,124.00293731689453,11.103468894958496,0,4,0,3,3,0.13844985717141847,-0.9180193564432084,-0.013671743458880448,1,0,0,0,161,False,False,
173,2,1453.9164364312137,872.4555752122011,0.6979179143259859,57.095760345458984,4.805006504058838,0,2,0,1,1,-0.015407582964424666,-0.9175562299565042,-0.9523766011551335,0,0,0,0,161,False,False,
173,3,1446.226050708476,870.8135630199047,0.0,61.45871353149414,4.603707790374756,0,2,0,1,1,0.07112600066851466,-0.9379007430182563,-0.8375957051200031,2,0,0,0,161,False,False,
173,4,1461.988440773402,873.589779156809,0.2546059481249194,59.44587326049805,1.348536729812622,0,1,0,0,0,-0.32559497008944366,-0.9885504716833821,-0.7819490358622846,0,0,0,0,161,False,False,
173,5,1453.7310372079824,869.1870717552058,1.0729946901103247,63.987789154052734,4.668024063110352,0,2,0,1,1,0.10368273810815873,-0.917575636409425,-0.6554524204094845,0,0,0,0,161,False,False,
173,6,1406.3606658429255,877.7466525333722,0.760010087920773,99.50437927246094,8.238852500915527,0,3,0,2,2,-0.17798451840862728,-0.9487220032149765,-0.4557167397158053,0,0,0,0,161,False,False,
133,7,1429.4553257583837,885.0820946391972,1.0171814923418532,74.3462905883789,-0.9373230934143066,0,3,0,2,2,-0.3824083063896448,-0.8842819722615612,0.5194874885698137,0,0,0,0,121,True,True,collision
174,0,1442.2727663396913,872.3484410679742,0.0,66.46592712402344,4.901059627532959,0,2,0,1,1,-0.03098095671847558,-0.9486042053576902,-0.9851575530834031,1,0,0,0,162,False,False,
174,1,1380.5746868878198,865.9792362222892,0.3081982963123027,124.31107330322266,11.117802619934082,0,4,0,3,3,0.1400611949954961,-0.9188214563760289,-0.015633441857928254,0,0,0,0,162,False,False,
174,2,1453.2012962574274,872.4701883720074,0.7152894607097516,57.810997009277344,4.822227954864502,0,2,0,1,1,-0.012379017679626259,-0.9194631769795063,-0.9518495469318276,0,0,0,0,162,False,False,
174,3,1446.2964456147927,870.8163081541849,-0.07044841089453148,61.52907943725586,4.601099014282227,0,2,0,1,1,0.07074418070025483,-0.9377142622716887,-0.8380420641146978,3,0,0,0,162,False,False,
174,4,1461.9503115597347,873.5948412681753,0.0384637739486184,59.48429489135742,1.3389637470245361,0,1,0,0,0,-0.3283080486992061,-0.9886397027937049,-0.7816121333721648,1,0,0,0,162,False,False,
174,5,1452.3673682643343,869.0862205217777,1.3673931253132403,65.35527801513672,4.687292098999023,0,2,0,1,1,0.12066840240132706,-0.9211598473210915,-0.6410343774037408,0,0,0,0,162,False,False,
174,6,1405.4010549817142,877.8358658678268,0.9637489424115544,100.4682388305664,8.250431060791016,0,3,0,2,2,-0.1934001955401009,-0.9511803475479487,-0.4498862441331142,0,0,0,0,162,False,False,
133,7,1429.4553257583837,885.0820946391972,1.0171814923418532,74.3462905883789,-0.9373230934143066,0,3,0,2,2,-0.3824083063896448,-0.8842819722615612,0.5194874885698137,0,0,0,0,121,True,True,collision
175,0,1442.331590970494,872.3451082392614,-0.05891896923997982,66.52474212646484,4.89237642288208,0,2,0,1,1,-0.030929221232768592,-0.9484475637095868,-0.9854648813779068,2,0,0,0,163,False,False,
175,1,1380.144104801952,866.0143443781277,0.4320110129112605,124.7430419921875,11.13349723815918,0,4,0,3,3,0.14172470122164813,-0.9199453423248221,-0.018408360064275486,0,0,0,0,163,False,False,
175,2,1452.8899703018114,872.4755797154831,0.31137263403303944,58.12232208251953,4.840330600738525,0,2,0,1,1,-0.010503482811676514,-0.9202932676824066,-0.9517324686355231,0,0,0,0,163,False,False,
175,3,1446.2436665743942,870.8142394827312,0.052819565569627594,61.58185577392578,4.600985527038574,0,2,0,1,1,0.07103089166371067,-0.9378541205441847,-0.8377054617795267,4,0,0,0,163,False,False,
175,4,1461.8911342705987,873.602685568891,0.05969492945972355,59.54401397705078,1.3353424072265625,0,1,0,0,0,-0.3326280516517247,-0.988778026230523,-0.7810844180933174,2,0,0,0,163,False,False,
175,5,1451.4794188809196,869.0171779297357,0.8906295453342479,66.24590301513672,4.70017147064209,0,2,0,1,1,0.12687097977316802,-0.9234892130644954,-0.631227086028296,0,0,0,0,163,False,False,
175,6,1404.2896683183988,877.9455932946952,1.1167902325874075,101.58496856689453,8.261035919189453,0,3,0,2,2,-0.20959161694003495,-0.9540078450511157,-0.44236430394982185,0,0,0,0,163,False,False,
133,7,1429.4553257583837,885.0820946391972,1.0171814923418532,74.3462905883789,-0.9373230934143066,0,3,0,2,2,-0.3824083063896448,-0.8842819722615612,0.5194874885698137,0,0,0,0,121,True,True,collision
176,0,1442.3875125232182,872.3419595551279,-0.05601012650278267,66.58085632324219,4.887864589691162,0,2,0,1,1,-0.030618601372058643,-0.9482980874423645,-0.9857429400983342,3,0,0,0,164,False,False,
176,1,1379.4420614005076,866.0754346874216,0.7046963625570486,125.44784545898438,11.147316932678223,0,4,0,3,3,0.14155590211050378,-0.9217796128778314,-0.023393676484191883,0,0,0,0,164,False,False,
176,2,1452.554124899594,872.4803320986886,0.335879024853745,58.45829391479492,4.858323574066162,0,2,0,1,1,-0.008584543220429295,-0.9211891101783496,-0.9517397866990308,0,0,0,0,164,False,False,
176,3,1445.87710944942,870.7986111945212,0.3668901324126737,61.94876480102539,4.611832141876221,0,2,0,1,1,0.07438581304307376,-0.9388259816399758,-0.8352023124394616,0,0,0,0,164,False,False,
176,4,1461.7812998999595,873.6171557377371,0.11078345887417818,59.65482711791992,1.3449962139129639,0,1,0,0,0,-0.34066848119938226,-0.9890332382364251,-0.7801239651372028,0,0,0,0,164,False,False,
176,5,1451.042646274847,868.9827438575937,0.43812785204758153,66.68402862548828,4.715315818786621,0,2,0,1,1,0.1295198278223116,-0.9246338117113508,-0.6263527125946046,0,0,0,0,164,False,False,
176,6,1403.1449167797982,878.0577561530931,1.15023327718001,102.73522186279297,8.276005744934082,0,3,0,2,2,-0.22373463579757022,-0.9568998632063925,-0.43472476019906503,0,0,0,0,164,False,False,
133,7,1429.4553257583837,885.0820946391972,1.0171814923418532,74.3462905883789,-0.9373230934143066,0,3,0,2,2,-0.3824083063896448,-0.8842819722615612,0.5194874885698137,0,0,0,0,121,True,True,collision
177,0,1442.5766294552927,872.3317054823016,-0.1893947201132923,66.77021789550781,4.9004225730896,0,2,0,1,1,-0.02901225168007531,-0.9477936443894744,-0.9866431789344854,0,0,0,0,165,False,False,
177,1,1378.438872181987,866.1603787151003,1.0067790701012742,126.4546127319336,11.156473159790039,0,4,0,3,3,0.1480733313761732,-0.9243944847995957,-0.030231377729509012,0,0,0,0,165,False,False,
177,2,1452.054290162622,872.4872956982209,0.49988324236991005,58.958099365234375,4.874054908752441,0,2,0,1,1,-0.008590516481020435,-0.922521802499529,-0.9517617373162809,0,0,0,0,165,False,False,
177,3,1445.87710944942,870.7986111945212,0.0,61.94876480102539,4.609180927276611,0,2,0,1,1,0.07438581304307376,-0.9388259816399758,-0.8352023124394616,1,0,0,0,165,False,False,
177,4,1461.7812998999595,873.6171557377371,0.0,59.65482711791992,1.3359683752059937,0,1,0,0,0,-0.34066848119938226,-0.9890332382364251,-0.7801239651372028,1,0,0,0,165,False,False,
177,5,1451.042646274847,868.9827438575937,0.0,66.68402862548828,4.714903831481934,0,2,0,1,1,0.1295198278223116,-0.9246338117113508,-0.6263527125946046,1,0,0,0,165,False,False,
177,6,1402.5283053411856,878.120705759066,0.6198163591903062,103.35501098632812,8.285574913024902,0,3,0,2,2,-0.23514001896886358,-0.9584452547977137,-0.4303005906020285,0,0,0,0,165,False,False,
133,7,1429.4553257583837,885.0820946391972,1.0171814923418532,74.3462905883789,-0.9373230934143066,0,3,0,2,2,-0.3824083063896448,-0.8842819722615612,0.5194874885698137,0,0,0,0,121,True,True,collision
178,0,1442.6899510621417,872.3256199306311,-0.11348489114403479,66.8836669921875,4.911290168762207,0,2,0,1,1,-0.02851682882411334,-0.9474914305356711,-0.9871846584616881,0,0,0,0,166,False,False,
178,1,1377.9616908473445,866.2009460691206,0.4789026376452171,126.93350219726562,11.167325019836426,0,4,0,3,3,0.15037534938082964,-0.9256366327800837,-0.0335038099096413,0,0,0,0,166,False,False,
178,2,1451.5156018165633,872.4956489012784,0.5387531068873461,59.49686050415039,4.8927321434021,0,2,0,1,1,-0.00977424487359081,-0.9239583324552563,-0.9516812493375152,0,0,0,0,166,False,False,
178,3,1445.5624459469282,870.7851425401004,0.31495162239999996,62.26362609863281,4.6159467697143555,0,2,0,1,1,0.07552574119415315,-0.9396598032434592,-0.83305791972839,0,0,0,0,166,False,False,
178,4,1461.8740215622886,873.6048713870933,-0.09353187657593502,59.748409271240234,1.3231580257415771,0,1,0,0,0,-0.3338810506028267,-0.9888179101700113,-0.7809447602836801,2,0,0,0,166,False,False,
178,5,1451.180064884683,868.9936720832577,-0.13785245897500004,66.82191467285156,4.721599578857422,0,2,0,1,1,0.1293283014723329,-0.9242737138941833,-0.6278970812704112,0,0,0,0,166,False,False,
178,6,1401.6092493440792,878.2119748091176,0.9235767241083035,104.27859497070312,8.291764259338379,0,3,0,2,2,-0.24770019724779407,-0.960734589497655,-0.4240234644558797,0,0,0,0,166,False,False,
133,7,1429.4553257583837,885.0820946391972,1.0171814923418532,74.3462905883789,-0.9373230934143066,0,3,0,2,2,-0.3824083063896448,-0.8842819722615612,0.5194874885698137,0,0,0,0,121,True,True,collision
179,0,1442.9391047009892,872.311979170846,-0.24952676425282452,67.13318634033203,4.920291900634766,0,2,0,1,1,-0.028815240480967456,-0.9468267369099802,-0.988392434628825,0,0,0,0,167,False,False,
179,1,1377.1793824380143,866.270236405904,0.7853709939132291,127.71879577636719,11.183541297912598,0,4,0,3,3,0.15237679647031951,-0.9276727384370336,-0.03920675393228712,0,0,0,0,167,False,False,
179,2,1450.6717407837607,872.5150079738855,0.8440830624854531,60.3409538269043,4.90578556060791,0,2,0,1,1,-0.014947604451559628,-0.9262086479916022,-0.9508102782888035,0,0,0,0,167,False,False,
179,3,1445.5624459469282,870.7851425401004,0.0,62.26362609863281,4.617351531982422,0,2,0,1,1,0.07552574119415315,-0.9396598032434592,-0.83305791972839,1,0,0,0,167,False,False,
179,4,1461.9936814503594,873.588906095157,-0.12072025248363,59.86909484863281,1.3310463428497314,0,1,0,0,0,-0.32550499438971264,-0.9885383105563331,-0.7820156416746794,0,0,0,0,167,False,False,
179,5,1451.4486684097183,869.0152138643682,-0.2694659570239045,67.0913314819336,4.725881099700928,0,2,0,1,1,0.1285432854551042,-0.9235700039570488,-0.6309417101376791,0,0,0,0,167,False,False,
179,6,1401.2140934691217,878.2515031813698,0.3971280117622702,104.67571258544922,8.298590660095215,0,3,0,2,2,-0.2548493516190509,-0.9617119853443669,-0.4212840502920193,0,0,0,0,167,False,False,
133,7,1429.4553257583837,885.0820946391972,1.0171814923418532,74.3462905883789,-0.9373230934143066,0,3,0,2,2,-0.3824083063896448,-0.8842819722615612,0.5194874885698137,0,0,0,0,121,True,True,collision
180,0,1443.1912899414046,872.2980828867335,-0.2525678170225834,67.3857650756836,4.927955150604248,0,2,0,1,1,-0.02867880717204356,-0.9461538836447586,-0.9896219541633664,0,0,0,0,168,False,False,
180,1,1376.1149101997225,866.3757657550174,1.0696904176527604,128.78858947753906,11.199487686157227,0,4,0,3,3,0.15163377343872103,-0.9304481048371332,-0.04831425548480284,0,0,0,0,168,False,False,
180,2,1450.1210187530264,872.5307241991297,0.5509462359177919,60.89196014404297,4.918488025665283,0,2,0,1,1,-0.018883249168308996,-0.9276773625170033,-0.9498734518150684,0,0,0,0,168,False,False,
180,3,1445.6626653593153,870.7895453503713,-0.10031607726326704,62.36394119262695,4.630236625671387,0,2,0,1,1,0.0759072294812073,-0.9393941989173593,-0.8337532786925548,0,0,0,0,168,False,False,
180,4,1461.7992012609661,873.6147833126957,0.19619422635229677,60.06526565551758,1.3402283191680908,0,1,0,0,0,-0.34007295593881837,-0.9889916461084709,-0.7802709267172551,0,0,0,0,168,False,False,
180,5,1451.8501828177243,869.0488073822825,-0.4029172921113062,67.49434661865234,4.72808313369751,0,2,0,1,1,0.12893500494227889,-0.9225175797736239,-0.6356622327205942,0,1,0,0,168,False,False,
180,6,1400.773281543237,878.296176818383,0.4430698453361257,105.11876678466797,8.311591148376465,0,3,0,2,2,-0.26357946869323867,-0.9627965814729403,-0.4181637537915287,0,0,0,0,168,False,False,
133,7,1429.4553257583837,885.0820946391972,1.0171814923418532,74.3462905883789,-0.9373230934143066,0,3,0,2,2,-0.3824083063896448,-0.8842819722615612,0.5194874885698137,0,0,0,0,121,True,True,collision
181,0,1443.1249818586336,872.3017547467717,0.06640967095920683,67.4521484375,4.928919792175293,0,2,0,1,1,-0.028946483293800104,-0.9463307296721093,-0.9892999897418473,1,0,0,0,169,False,False,
181,1,1375.003883296755,866.4915312360989,1.1170418191488667,129.9055633544922,11.213164329528809,0,4,0,3,3,0.15502037525396178,-0.9333425122553963,-0.05848287624594317,0,0,0,0,169,False,False,
181,2,1450.0077146384656,872.5339452026943,0.1133498885768496,61.005287170410156,4.928455352783203,0,2,0,1,1,-0.018892842777347596,-0.9279794353335264,-0.9496758855399982,0,0,0,0,169,False,False,
181,3,1445.4465775962715,870.7806298999587,0.21627160376102558,62.5803108215332,4.643496036529541,0,2,0,1,1,0.0749198573056194,-0.9399672354433004,-0.8323113486127639,0,0,0,0,169,False,False,
181,4,1461.6395748249734,873.6360067912256,0.16103116191801392,60.22633361816406,1.3505406379699707,0,1,0,0,0,-0.3530848336954705,-0.9893591634603657,-0.7788485210022134,0,0,0,0,169,False,False,
181,5,1452.1546032366903,869.0742421196837,-0.3054811243761372,67.79985046386719,4.730391979217529,0,2,0,1,1,0.12753091875189915,-0.9217193490368347,-0.6392265870278405,0,0,0,0,169,False,False,
181,6,1400.107601472069,878.361320797718,0.6688599967063217,105.78771209716797,8.321488380432129,0,3,0,2,2,-0.2741250390743529,-0.9644250927537685,-0.4137322089586133,0,0,0,0,169,False,False,
133,7,1429.4553257583837,885.0820946391972,1.0171814923418532,74.3462905883789,-0.9373230934143066,0,3,0,2,2,-0.3824083063896448,-0.8842819722615612,0.5194874885698137,0,0,0,0,121,True,True,collision
182,0,1443.1249818586336,872.3017547467717,0.0,67.4521484375,4.925722122192383,0,2,0,1,1,-0.028946483293800104,-0.9463307296721093,-0.9892999897418473,2,0,0,0,170,False,False,
182,1,1373.6011260335515,866.6389013861141,1.4104771889632564,131.3161163330078,11.231287956237793,0,4,0,3,3,0.1636093480000312,-0.9369873264519536,-0.07147718427901584,0,0,0,0,170,False,False,
182,2,1449.6837610482814,872.542549486863,0.32406783595300814,61.329376220703125,4.943375587463379,0,2,0,1,1,-0.017919751540810266,-0.928843334048063,-0.9492000506147001,0,0,0,0,170,False,False,
182,3,1445.1584074202685,870.7694876188671,0.288385507204364,62.868614196777344,4.65927791595459,0,2,0,1,1,0.0742210462095525,-0.9407308800771234,-0.8304818184427321,0,0,0,0,170,False,False,
182,4,1461.1702995653166,873.6972480909961,0.4732544412083829,60.699554443359375,1.3592865467071533,0,1,0,0,0,-0.3955365166828522,-0.9904105846686324,-0.7747802494156126,0,0,0,0,170,False,False,
182,5,1452.140352433649,869.0730499640943,0.014300581186388855,67.81417846679688,4.727217197418213,0,2,0,1,1,0.1276578054543841,-0.921756813485263,-0.6390656182168555,1,0,0,0,170,False,False,
182,6,1399.1402341798303,878.4525046501197,0.9716552747926908,106.75928497314453,8.33272647857666,0,3,0,2,2,-0.29241253384373067,-0.966765960007952,-0.4077043543506974,0,0,0,0,170,False,False,
133,7,1429.4553257583837,885.0820946391972,1.0171814923418532,74.3462905883789,-0.9373230934143066,0,3,0,2,2,-0.3824083063896448,-0.8842819722615612,0.5194874885698137,0,0,0,0,121,True,True,collision
183,0,1442.8207610707009,872.3183117903867,0.3046710086367941,67.75679779052734,4.940800666809082,0,2,0,1,1,-0.02877765058439018,-0.9471423103643046,-0.987836110831443,0,0,0,0,171,False,False,
183,1,1372.6015075448715,866.7372550928907,1.0044454064545714,132.32044982910156,11.244329452514648,0,4,0,3,3,0.17516161754609053,-0.9395690097220741,-0.07994012451913746,0,0,0,0,171,False,False,
183,2,1449.6837610482814,872.542549486863,0.0,61.329376220703125,4.942884922027588,0,2,0,1,1,-0.017919751540810266,-0.928843334048063,-0.9492000506147001,1,0,0,0,171,False,False,
183,3,1445.1584074202685,870.7694876188671,0.0,62.868614196777344,4.6590657234191895,0,2,0,1,1,0.0742210462095525,-0.9407308800771234,-0.8304818184427321,1,0,0,0,171,False,False,
183,4,1460.739567345673,873.7515162987993,0.4341374015414457,61.13362503051758,1.3675917387008667,0,1,0,0,0,-0.4419213889840042,-0.9913288697876642,-0.7712835300234419,0,0,0,0,171,False,False,
183,5,1451.812498792405,869.0454300508964,0.3290149991747885,68.14322662353516,4.736440181732178,0,2,0,1,1,0.12947289268576392,-0.9226163682084393,-0.6351866157649612,0,0,0,0,171,False,False,
183,6,1398.211265363304,878.531963983392,0.9323608999321618,107.69163513183594,8.3410062789917,0,3,0,2,2,-0.309136124655778,-0.9689850625969282,-0.40288472346238624,0,0,0,0,171,False,False,
133,7,1429.4553257583837,885.0820946391972,1.0171814923418532,74.3462905883789,-0.9373230934143066,0,3,0,2,2,-0.3824083063896448,-0.8842819722615612,0.5194874885698137,0,0,0,0,121,True,True,collision
184,0,1442.2074209585533,872.3536006508855,0.6143544553795399,68.3712158203125,4.955607891082764,0,2,0,1,1,-0.03173489549358458,-0.9487787851579269,-0.9846597684341734,0,0,0,0,172,False,False,
184,1,1371.5404149379488,866.8450444390903,1.066553357137072,133.38706970214844,11.251688957214355,0,4,0,3,3,0.18158112082379918,-0.9423037008158826,-0.08932554096783452,0,0,0,0,172,False,False,
184,2,1449.3689223062795,872.550981033993,0.31495162239999996,61.644309997558594,4.950125694274902,0,2,0,1,1,-0.018275360529683995,-0.929682811373645,-0.9487317410027554,0,0,0,0,172,False,False,
184,3,1445.1572306461028,870.7694421265024,0.0011776531714343878,62.869834899902344,4.657776832580566,0,2,0,1,1,0.07421925900352133,-0.940734125402862,-0.8304818184427321,2,0,0,0,172,False,False,
184,4,1460.004000928365,873.8447043834799,0.7414458668020336,61.87510299682617,1.3685197830200195,0,1,0,0,0,-0.553890302739168,-0.992736504374335,-0.7652432118386143,0,0,0,0,172,False,False,
184,5,1451.812498792405,869.0454300508964,0.0,68.14322662353516,4.731483459472656,0,2,0,1,1,0.12947289268576392,-0.9226163682084393,-0.6351866157649612,1,0,0,0,172,False,False,
184,6,1396.9847055337534,878.6207796708836,1.2297712152313574,108.9214096069336,8.351198196411133,0,3,0,2,2,-0.3346228880432048,-0.9718654656956387,-0.39846049669297856,0,0,0,0,172,False,False,
133,7,1429.4553257583837,885.0820946391972,1.0171814923418532,74.3462905883789,-0.9373230934143066,0,3,0,2,2,-0.3824083063896448,-0.8842819722615612,0.5194874885698137,0,0,0,0,121,True,True,collision
185,0,1441.6344566383207,872.3889015943937,0.5740507546133026,68.94530487060547,4.972133159637451,0,2,0,1,1,-0.03537831423537941,-0.9503073853070908,-0.9814029335915466,0,0,0,0,173,False,False,
185,1,1370.761537607825,866.9257974203206,0.7830523222353925,134.17005920410156,11.263566017150879,0,4,0,3,3,0.18692905144129668,-0.9443054607058154,-0.09640508134313452,0,0,0,0,173,False,False,
185,2,1449.0652633219668,872.5585092142998,0.3037522876498424,61.947994232177734,4.959011077880859,0,2,0,1,1,-0.01720916797914798,-0.9304923377649241,-0.9483439229428494,0,0,0,0,173,False,False,
185,3,1445.1572306461028,870.7694421265024,0.0,62.869834899902344,4.652196407318115,0,2,0,1,1,0.07421925900352133,-0.940734125402862,-0.8304818184427321,3,0,0,0,173,False,False,
185,4,1459.1373841719674,873.9495956897792,0.8729414577201229,62.74812316894531,4.5799560546875,0,2,1,1,1,-0.1022037263865084,-0.9035562901804425,-0.7587263333540297,0,0,0,0,173,False,False,
185,5,1451.7253857695716,869.0380094478346,0.08742850849093495,68.23069763183594,4.730248928070068,0,2,0,1,1,0.13045605114340333,-0.9228447783093923,-0.6341546544656254,2,0,0,0,173,False,False,
185,6,1396.1717603732457,878.6749029995616,0.8147448488331681,109.73619842529297,8.361958503723145,0,3,0,2,2,-0.3570886715879573,-0.9737290373645792,-0.39608721439399064,0,0,0,0,173,False,False,
133,7,1429.4553257583837,885.0820946391972,1.0171814923418532,74.3462905883789,-0.9373230934143066,0,3,0,2,2,-0.3824083063896448,-0.8842819722615612,0.5194874885698137,0,0,0,0,121,True,True,collision
186,0,1441.1573198563913,872.418241971996,0.47803803868283296,69.42325592041016,4.987211227416992,0,2,0,1,1,-0.03623062772090672,-0.9515799124509666,-0.9787095342532826,0,0,0,0,174,False,False,
186,1,1369.684520146475,867.0446480324589,1.0835552962623192,135.25363159179688,11.278929710388184,0,4,0,3,3,0.1925671679072189,-0.9470704787401071,-0.10707150193991577,0,0,0,0,174,False,False,
186,2,1449.0652633219668,872.5585092142998,0.0,61.947994232177734,4.958254337310791,0,2,0,1,1,-0.01720916797914798,-0.9304923377649241,-0.9483439229428494,1,0,0,0,174,False,False,
186,3,1445.2949794727429,870.774786394902,-0.13785245897500004,63.007633209228516,4.658982753753662,0,2,0,1,1,0.07385144821233906,-0.9403691400092709,-0.8313525679485055,0,0,0,0,174,False,False,
186,4,1458.6562442380155,874.0052573950592,0.4843489046936324,63.2324104309082,4.5966339111328125,0,2,0,1,1,-0.10018209788322313,-0.9048319777820746,-0.7554131086870788,0,0,0,0,174,False,False,
186,5,1451.4339944000249,869.0120025247336,0.2925496373191487,68.52323913574219,4.745014667510986,0,2,0,1,1,0.13437423159817727,-0.9236077464704632,-0.6305317270641313,0,0,0,0,174,False,False,
186,6,1395.078270720085,878.7508919977458,1.0961267944059603,110.83234405517578,8.368517875671387,0,3,0,2,2,-0.40066031346246594,-0.9761484551433806,-0.39252034450241347,0,0,0,0,174,False,False,
133,7,1429.4553257583837,885.0820946391972,1.0171814923418532,74.3462905883789,-0.9373230934143066,0,3,0,2,2,-0.3824083063896448,-0.8842819722615612,0.5194874885698137,0,0,0,0,121,True,True,collision
187,0,1441.1573198563913,872.418241971996,0.0,69.42325592041016,4.984676837921143,0,2,0,1,1,-0.03623062772090672,-0.9515799124509666,-0.9787095342532826,1,0,0,0,175,False,False,
187,1,1368.8707431838386,867.1322605841294,0.8184796296353933,136.07217407226562,11.287612915039062,0,4,0,3,3,0.20247051853114517,-0.9491481658778183,-0.11486100882021044,0,0,0,0,175,False,False,
187,2,1448.7504189582862,872.5667281625912,0.31495162239999996,62.26304244995117,4.970430850982666,0,2,0,1,1,-0.018264342594122556,-0.9313321263323313,-0.9478973602715824,0,0,0,0,175,False,False,
187,3,1445.1380378307226,870.7687971624963,0.15705588147167104,63.164608001708984,4.67578125,0,2,0,1,1,0.07396569673306759,-0.9407849373208769,-0.830364529323309,0,0,0,0,175,False,False,
187,4,1457.870495513134,874.0937344207797,0.7907143875844067,64.02314758300781,4.610875606536865,0,2,0,1,1,-0.10046046611559328,-0.9069149721454118,-0.7492062759712643,0,0,0,0,175,False,False,
187,5,1451.4339944000249,869.0120025247336,0.0,68.52323913574219,4.742537021636963,0,2,0,1,1,0.13437423159817727,-0.9236077464704632,-0.6305317270641313,1,0,0,0,175,False,False,
187,6,1393.9591409204593,878.824891870403,1.1215736665789067,111.95392608642578,8.372314453125,0,3,0,2,2,-0.45047133495109065,-0.9785007086995094,-0.3893196064757086,0,0,0,0,175,False,False,
133,7,1429.4553257583837,885.0820946391972,1.0171814923418532,74.3462905883789,-0.9373230934143066,0,3,0,2,2,-0.3824083063896448,-0.8842819722615612,0.5194874885698137,0,0,0,0,121,True,True,collision
188,0,1441.2949088848186,872.4097237737192,-0.13785245897500004,69.56108856201172,4.991626262664795,0,2,0,1,1,-0.036221983851834554,-0.9512129477821492,-0.9794926974730841,0,0,0,0,176,False,False,
188,1,1368.578564970953,867.1629575942807,0.293786341611117,136.3658905029297,11.299690246582031,0,4,0,3,3,0.2072423044597738,-0.9498909160095255,-0.11756972142076083,0,0,0,0,176,False,False,
188,2,1448.7504189582862,872.5667281625912,0.0,62.26304244995117,4.9723711013793945,0,2,0,1,1,-0.018264342594122556,-0.9313321263323313,-0.9478973602715824,1,0,0,0,176,False,False,
188,3,1445.1380378307226,870.7687971624963,0.0,63.164608001708984,4.672135829925537,0,2,0,1,1,0.07396569673306759,-0.9407849373208769,-0.830364529323309,1,0,0,0,176,False,False,
188,4,1457.1195783352466,874.1760308590424,0.7554133383765236,64.77849578857422,4.62723970413208,0,2,0,1,1,-0.10073966312769597,-0.908904616033611,-0.7406287337131636,0,0,0,0,176,False,False,
188,5,1451.2811778684204,868.9983682301508,0.15342355203929192,68.67668151855469,4.754554748535156,0,2,0,1,1,0.13507363311063678,-0.9240077788619274,-0.6286363200294369,0,0,0,0,176,False,False,
188,6,1392.5480205723397,878.928371428748,1.414909416136769,113.36884307861328,8.370834350585938,0,3,0,2,2,-0.5389673388978647,-0.9811871212828078,-0.3840746703183804,0,0,0,0,176,False,False,
133,7,1429.4553257583837,885.0820946391972,1.0171814923418532,74.3462905883789,-0.9373230934143066,0,3,0,2,2,-0.3824083063896448,-0.8842819722615612,0.5194874885698137,0,0,0,0,121,True,True,collision
189,0,1441.2971275119298,872.4095864428472,-0.002222873371813626,69.56328582763672,4.983786106109619,0,2,0,1,1,-0.03621087496187935,-0.9512070868714051,-0.9795000137499552,1,0,0,0,177,False,False,
189,1,1368.578564970953,867.1629575942807,0.0,136.3658905029297,11.297597885131836,0,4,0,3,3,0.2072423044597738,-0.9498909160095255,-0.11756972142076083,1,0,0,0,177,False,False,
189,2,1448.435607090643,872.5761096573212,0.31495162239999996,62.5780029296875,4.987945556640625,0,2,0,1,1,-0.020870813655698033,-0.9321715713385138,-0.9473119723633332,0,0,0,0,177,False,False,
189,3,1444.8624180268546,870.7575296274588,0.27585002017408444,63.44047546386719,4.689151287078857,0,2,0,1,1,0.07664421704225535,-0.9415153134897543,-0.8285423029236921,0,0,0,0,177,False,False,
189,4,1456.8891550221922,874.2007715179286,0.23174771498571822,65.01028442382812,4.640298843383789,0,2,0,1,1,-0.10001559630633462,-0.9095151741776692,-0.7380596932153433,0,0,0,0,177,False,False,
189,5,1451.2811778684204,868.9983682301508,0.0,68.67668151855469,4.753389358520508,0,2,0,1,1,0.13507363311063678,-0.9240077788619274,-0.6286363200294369,1,0,0,0,177,False,False,
189,6,1390.8521620145154,879.067854147555,1.7015850484156236,115.07037353515625,8.369144439697266,0,3,0,2,2,-0.6802118144110125,-0.9837967618600628,-0.37593732673198266,0,0,0,0,177,False,False,
133,7,1429.4553257583837,885.0820946391972,1.0171814923418532,74.3462905883789,-0.9373230934143066,0,3,0,2,2,-0.3824083063896448,-0.8842819722615612,0.5194874885698137,0,0,0,0,121,True,True,collision
190,0,1441.4369127278028,872.4011350534133,-0.1400404675800074,69.70331573486328,4.995617389678955,0,2,0,1,1,-0.03502896676440912,-0.9508342539070664,-0.9802758589062491,0,0,0,0,178,False,False,
190,1,1368.382885682103,867.1835607172678,0.1967609533461671,136.56265258789062,11.306095123291016,0,4,0,3,3,0.2092518742043391,-0.9503877692122601,-0.11937779765851697,0,0,0,0,178,False,False,
190,2,1447.811628012722,872.6003423929953,0.6244494496447341,63.20237350463867,5.00546932220459,0,2,0,1,1,-0.027285795192960906,-0.9338350709195243,-0.9454749097334018,0,0,0,0,178,False,False,
190,3,1444.3760641908702,870.7373907337176,0.48677061211406064,63.92721939086914,4.701559066772461,0,2,0,1,1,0.07872205779428895,-0.9428036071157306,-0.8252925681749081,0,0,0,0,178,False,False,
190,4,1456.349160210204,874.2552216475109,0.5427330960846601,65.55307006835938,4.656172752380371,0,2,0,1,1,-0.09745304524791688,-0.910945917980494,-0.732453599189433,0,0,0,0,178,False,False,
190,5,1451.2468644877658,868.9953117675973,0.034449238820040515,68.71112060546875,4.753544330596924,0,2,0,1,1,0.1351440132557602,-0.9240975545961809,-0.6282117294150592,2,0,0,0,178,False,False,
190,6,1389.1107366936658,879.1997749977179,1.7464149732534042,116.81681823730469,11.584272384643555,0,4,1,3,3,-0.11892921464561823,-0.8990814051009068,-0.36895709476537775,0,0,0,0,178,False,False,
133,7,1429.4553257583837,885.0820946391972,1.0171814923418532,74.3462905883789,-0.9373230934143066,0,3,0,2,2,-0.3824083063896448,-0.8842819722615612,0.5194874885698137,0,0,0,0,121,True,True,collision
191,0,1441.4132624341237,872.402571729224,0.023693890108976212,69.72704315185547,4.9969282150268555,0,2,0,1,1,-0.035257143358597885,-0.9508974248598876,-0.9801441462695657,1,0,0,0,179,False,False,
191,1,1367.9495043961904,867.2279961799596,0.43565335913310005,136.99839782714844,11.313065528869629,0,4,0,3,3,0.21595086957258017,-0.9514850337252219,-0.12326546172464115,0,0,0,0,179,False,False,
191,2,1447.2276067920325,872.6284200945915,0.5846957700740131,63.78703308105469,5.0231170654296875,0,2,0,1,1,-0.03395726006633216,-0.9353919960849106,-0.9431107893068913,0,0,0,0,179,False,False,
191,3,1443.5838355651463,870.7004307886915,0.7930903056731287,64.7203140258789,4.7155680656433105,0,2,0,1,1,0.08519462199991241,-0.9449003291453942,-0.8195108549179044,0,0,0,0,179,False,False,
191,4,1455.5054528906903,874.3403066551949,0.8479867331118495,66.4009780883789,4.667530536651611,0,2,0,1,1,-0.09998905969081306,-0.9131798729807514,-0.7237002233038472,0,0,0,0,179,False,False,
191,5,1450.8993242565468,868.9653685153976,0.3488277664809343,69.0599365234375,4.768370628356934,0,2,0,1,1,0.13494153775482498,-0.9250071913449309,-0.6240326863593468,0,0,0,0,179,False,False,
191,6,1387.9103339508558,879.2974555848267,1.2043704754118507,118.02122497558594,11.593501091003418,0,4,0,3,3,-0.1264837355128773,-0.9022319571335586,-0.36332464427636535,0,0,0,0,179,False,False,
133,7,1429.4553257583837,885.0820946391972,1.0171814923418532,74.3462905883789,-0.9373230934143066,0,3,0,2,2,-0.3824083063896448,-0.8842819722615612,0.5194874885698137,0,0,0,0,121,True,True,collision
192,0,1441.318811180228,872.4084411485683,0.09463344781794827,69.82158660888672,4.998420715332031,0,2,0,1,1,-0.03632858870639161,-0.9511491295121476,-0.9796024559192442,2,0,0,0,180,False,False,
192,1,1367.9495043961904,867.2279961799596,0.0,136.99839782714844,11.310935020446777,0,4,0,3,3,0.21595086957258017,-0.9514850337252219,-0.12326546172464115,1,0,0,0,180,False,False,
192,2,1446.3396489771937,872.6742566281683,0.889140072622787,64.67627716064453,5.038112640380859,0,2,0,1,1,-0.03758624603977473,-0.937759333059255,-0.9391368592792416,0,0,0,0,180,False,False,
192,3,1442.8057260777687,870.6573368953907,0.7793019042623419,65.49958038330078,4.732720851898193,0,2,0,1,1,0.09428037159779529,-0.9469564855597248,-0.813011614109821,0,0,0,0,180,False,False,
192,4,1454.3644524775402,874.4590059669372,1.1471579967104455,67.5481185913086,4.683382511138916,0,2,0,1,1,-0.10570158277018259,-0.9161983462353975,-0.7114265730091751,0,0,0,0,180,False,False,
192,5,1450.4835671437088,868.9292735195841,0.41732101025249196,69.4772720336914,4.7794976234436035,0,2,0,1,1,0.1373822842825651,-0.9260946391678205,-0.6189827079876549,0,0,0,0,180,False,False,
192,6,1387.1447654847443,879.3644316707074,0.768492597481728,118.7896499633789,11.607977867126465,0,4,0,3,3,-0.13311684951706612,-0.9042373913963568,-0.3582362460712576,0,0,0,0,180,False,False,
133,7,1429.4553257583837,885.0820946391972,1.0171814923418532,74.3462905883789,-0.9373230934143066,0,3,0,2,2,-0.3824083063896448,-0.8842819722615612,0.5194874885698137,0,0,0,0,121,True,True,collision
193,0,1441.318811180228,872.4084411485683,0.0,69.82158660888672,4.994723796844482,0,2,0,1,1,-0.03632858870639161,-0.9511491295121476,-0.9796024559192442,3,0,0,0,181,False,False,
193,1,1368.0866273439108,867.213832929841,-0.13785245897500004,137.13633728027344,11.316352844238281,0,4,0,3,3,0.21388254999905598,-0.9511379313682634,-0.12202059051512648,0,0,0,0,181,False,False,
193,2,1445.153461316008,872.729141678485,1.1874567513379415,65.86370086669922,5.056046485900879,0,2,0,1,1,-0.03601960162901479,-0.9409209940279679,-0.9345917558241209,0,0,0,0,181,False,False,
193,3,1441.8858055729174,870.5977418911231,0.921848848662057,66.42143249511719,4.748959541320801,0,2,0,1,1,0.10509256247813205,-0.949382862925389,-0.8042876962884726,0,0,0,0,181,False,False,
193,4,1453.2255440456,874.584637683632,1.1458166278181139,68.6939468383789,4.701902866363525,0,2,0,1,1,-0.11378022647981854,-0.9192069602597379,-0.6983114311696679,0,0,0,0,181,False,False,
193,5,1450.4835671437088,868.9292735195841,0.0,69.4772720336914,4.771453857421875,0,2,0,1,1,0.1373822842825651,-0.9260946391678205,-0.6189827079876549,1,0,0,0,181,False,False,
193,6,1386.0808229364238,879.4712505488033,1.069291362933603,119.85896301269531,11.623543739318848,0,4,0,3,3,-0.14556250374312943,-0.9070168643640071,-0.3489828977999271,0,0,0,0,181,False,False,
133,7,1429.4553257583837,885.0820946391972,1.0171814923418532,74.3462905883789,-0.9373230934143066,0,3,0,2,2,-0.3824083063896448,-0.8842819722615612,0.5194874885698137,0,0,0,0,121,True,True,collision
194,0,1441.3200692504556,872.4083629771404,-0.0012604965170216118,69.82280731201172,4.993042469024658,0,2,0,1,1,-0.036322664532436814,-0.951145873530824,-0.9796097739827521,4,0,0,0,182,False,False,
194,1,1368.3161909209075,867.189768957957,-0.23082138251547507,137.36708068847656,11.323019981384277,0,4,0,3,3,0.2103141618171334,-0.9505562904312213,-0.11990492692055998,0,0,0,0,182,False,False,
194,2,1443.6761580275188,872.806608358626,1.4793329891247287,67.34302520751953,5.063357830047607,0,2,0,1,1,-0.042791366916995026,-0.9448575459461125,-0.927836618629297,0,0,0,0,182,False,False,
194,3,1441.4912340805163,870.5717078455654,0.39542943004258174,66.81694030761719,4.763155460357666,0,2,0,1,1,0.10809204874989417,-0.9504227177524284,-0.8004964963055785,0,0,0,0,182,False,False,
194,4,1452.371755489018,874.681952196112,0.8593165968894857,69.55335235595703,4.718709468841553,0,2,0,1,1,-0.11945597472774429,-0.9214596318122071,-0.6881089929509896,0,0,0,0,182,False,False,
194,5,1450.5166540458526,868.9321531678615,-0.033211977774200346,69.5104751586914,4.766680717468262,0,2,0,1,1,0.13735530574940072,-0.926008141435678,-0.6193853729976949,2,0,0,0,182,False,False,
194,6,1385.5290619372483,879.5293126356678,0.5548075397309191,120.41376495361328,11.636077880859375,0,4,0,3,3,-0.1509856937373633,-0.9084555836695356,-0.34385813796676523,0,0,0,0,182,False,False,
133,7,1429.4553257583837,885.0820946391972,1.0171814923418532,74.3462905883789,-0.9373230934143066,0,3,0,2,2,-0.3824083063896448,-0.8842819722615612,0.5194874885698137,0,0,0,0,121,True,True,collision
195,0,1441.162814136276,872.4183871005698,0.15757428085258873,69.98035430908203,5.007097244262695,0,2,0,1,1,-0.03766582024880165,-0.9515652663582644,-0.9786729475090169,0,0,0,0,183,False,False,
195,1,1368.2608190287608,867.1955775470863,0.05567572314365155,137.4226837158203,11.31822395324707,0,4,0,3,3,0.21088694434306743,-0.9506965202530913,-0.12041736288321636,1,0,0,0,183,False,False,
195,2,1442.3876718441466,872.8847927623492,1.290856090246651,68.63385009765625,5.076671123504639,0,2,0,1,1,-0.05121493086534075,-0.9482892988256815,-0.9206641874439639,0,0,0,0,183,False,False,
195,3,1441.1401366862397,870.5474387300552,0.35193517902510796,67.16885375976562,4.773465156555176,0,2,0,1,1,0.11219749186723599,-0.951346879549193,-0.7969762361895849,0,0,0,0,183,False,False,
195,4,1451.2743197355885,874.8016971882333,1.1039493176968354,70.65727996826172,4.7330241203308105,0,2,0,1,1,-0.12090069180959391,-0.9243524713440933,-0.6756302367748013,0,0,0,0,183,False,False,
195,5,1450.6015819420854,868.9395222415238,-0.08524699880434014,69.59575653076172,4.75647497177124,0,2,0,1,1,0.13677087391978565,-0.9257859761988219,-0.6204173342970308,3,0,0,0,183,False,False,
195,6,1384.6743467961048,879.6229514783773,0.8598291721987678,121.27361297607422,11.652522087097168,0,4,0,3,3,-0.1576151452444492,-0.9106803312830234,-0.33548301448873663,0,0,0,0,183,False,False,
133,7,1429.4553257583837,885.0820946391972,1.0171814923418532,74.3462905883789,-0.9373230934143066,0,3,0,2,2,-0.3824083063896448,-0.8842819722615612,0.5194874885698137,0,0,0,0,121,True,True,collision
196,0,1441.162814136276,872.4183871005698,0.0,69.98035430908203,5.002787113189697,0,2,0,1,1,-0.03766582024880165,-0.9515652663582644,-0.9786729475090169,1,0,0,0,184,False,False,
196,1,1368.2608190287608,867.1955775470863,0.0,137.4226837158203,11.313319206237793,0,4,0,3,3,0.21088694434306743,-0.9506965202530913,-0.12041736288321636,2,0,0,0,184,False,False,
196,2,1441.3296128707852,872.9614095586749,1.0608293569606475,69.69473266601562,5.094093322753906,0,2,0,1,1,-0.062041734359761194,-0.9511056084040203,-0.9132866575236611,0,0,0,0,184,False,False,
196,3,1441.1401366862397,870.5474387300552,0.0,67.16885375976562,4.76290225982666,0,2,0,1,1,0.11219749186723599,-0.951346879549193,-0.7969762361895849,1,0,0,0,184,False,False,
196,4,1449.882972737122,874.9345141882224,1.397671930614604,72.05496215820312,4.749957084655762,0,2,0,1,1,-0.1180829188411091,-0.9280188169510614,-0.6620905043209163,0,0,0,0,184,False,False,
196,5,1450.3839413419341,868.9206038937906,0.21846128882524965,69.8142318725586,4.764517307281494,0,2,0,1,1,0.13794399115660036,-0.9263550503671834,-0.6177751417503184,0,0,0,0,184,False,False,
196,6,1384.3419997643045,879.6604126239897,0.33445162128038897,121.60799407958984,11.665470123291016,0,4,0,3,3,-0.16119566348759487,-0.9115438493113568,-0.33210092570073035,0,0,0,0,184,False,False,
133,7,1429.4553257583837,885.0820946391972,1.0171814923418532,74.3462905883789,-0.9373230934143066,0,3,0,2,2,-0.3824083063896448,-0.8842819722615612,0.5194874885698137,0,0,0,0,121,True,True,collision
197,0,1440.8484673245127,872.4378962365496,0.31495162239999996,70.2952880859375,5.018476963043213,0,2,0,1,1,-0.037243401511153074,-0.9524036829569177,-0.9768797861135857,0,0,0,0,185,False,False,
197,1,1368.24809376212,867.196912687429,0.012795116678203133,137.43557739257812,11.30947208404541,0,4,0,3,3,0.21101944502453907,-0.9507290157683347,-0.12053479493356745,3,0,0,0,185,False,False,
197,2,1440.478288965553,873.0227135072265,0.8535283039992007,70.54825592041016,5.104384422302246,0,2,0,1,1,-0.06479715575444642,-0.9533704380134308,-0.9074024913775488,0,0,0,0,185,False,False,
197,3,1441.0212557660536,870.5392394577663,0.11916333853296393,67.28803253173828,4.772948265075684,0,2,0,1,1,0.11283290675549627,-0.95165974983703,-0.7957979422062795,0,0,0,0,185,False,False,
197,4,1449.0239913618445,875.0138617970464,0.8626384214139872,72.9175033569336,4.760475158691406,0,2,0,1,1,-0.11994634207339787,-0.9302795150935079,-0.6540544130038329,0,0,0,0,185,False,False,
197,5,1450.3839413419341,868.9206038937906,0.0,69.8142318725586,4.763349533081055,0,2,0,1,1,0.13794399115660036,-0.9263550503671834,-0.6177751417503184,1,0,0,0,185,False,False,
197,6,1383.7025375440112,879.7332400281286,0.6435959617463916,122.25165557861328,11.677608489990234,0,4,0,3,3,-0.16509953488882728,-0.9132039825977781,-0.3254973453152902,0,0,0,0,185,False,False,
133,7,1429.4553257583837,885.0820946391972,1.0171814923418532,74.3462905883789,-0.9373230934143066,0,3,0,2,2,-0.3824083063896448,-0.8842819722615612,0.5194874885698137,0,0,0,0,121,True,True,collision
198,0,1440.2250360251548,872.473540733216,0.6244494496447341,70.91983795166016,5.035707950592041,0,2,0,1,1,-0.03537994099061482,-0.9540666774558757,-0.9736741759288766,0,0,0,0,186,False,False,
198,1,1368.24809376212,867.196912687429,0.0,137.43557739257812,11.30765438079834,0,4,0,3,3,0.21101944502453907,-0.9507290157683347,-0.12053479493356745,4,0,0,0,186,False,False,
198,2,1439.554367313837,873.0830158681368,0.9258874625142438,71.47417449951172,5.122244358062744,0,2,0,1,1,-0.06390306580189467,-0.9558277753272484,-0.9017522674276538,0,0,0,0,186,False,False,
198,3,1441.0212557660536,870.5392394577663,0.0,67.28803253173828,4.76908016204834,0,2,0,1,1,0.11283290675549627,-0.95165974983703,-0.7957979422062795,1,0,0,0,186,False,False,
198,4,1448.010550338337,875.1060371480545,1.017624195595462,73.93523406982422,4.778217792510986,0,2,0,1,1,-0.12383884670769021,-0.9329442637023572,-0.6447375748143356,0,0,0,0,186,False,False,
198,5,1450.2209510127452,868.9063138131297,0.16361556715188108,69.97782135009766,4.771524906158447,0,2,0,1,1,0.13923572882663773,-0.9267809583764088,-0.6157844283729097,0,0,0,0,186,False,False,
198,6,1383.0785036521875,879.8019891006898,0.6278094719917701,122.87945556640625,11.690797805786133,0,4,0,3,3,-0.16592589675435648,-0.9148226287779484,-0.319333420464027,0,0,0,0,186,False,False,
133,7,1429.4553257583837,885.0820946391972,1.0171814923418532,74.3462905883789,-0.9373230934143066,0,3,0,2,2,-0.3824083063896448,-0.8842819722615612,0.5194874885698137,0,0,0,0,121,True,True,collision
199,0,1440.0902899682105,872.4811049541371,0.1349582057533743,71.05469512939453,5.052733898162842,0,2,0,1,1,-0.03499555829724399,-0.9544257533199565,-0.9730009819783538,0,0,0,0,187,False,False,
199,1,1367.9348964340465,867.2301084422776,0.31495162239999996,137.7504425048828,11.320414543151855,0,4,0,3,3,0.213922869228221,-0.9515224903402438,-0.123470253158116,0,0,0,0,187,False,False,
199,2,1438.3918235526035,873.1432107506453,1.1641011213220487,72.6382064819336,5.141061782836914,0,2,0,1,1,-0.05952121778720741,-0.9589192573417609,-0.896526662678322,0,0,0,0,187,False,False,
199,3,1441.158786078504,870.5486582476461,-0.13785245897500004,67.4259262084961,4.777127265930176,0,2,0,1,1,0.11168100443050233,-0.9512977085176012,-0.7971591734841861,0,0,0,0,187,False,False,
199,4,1446.7035454502468,875.2336490141062,1.3132199228799224,75.24845886230469,4.794886589050293,0,2,0,1,1,-0.13505742594334152,-0.9363717297026939,-0.6316736594193826,0,0,0,0,187,False,False,
199,5,1450.1141478273457,868.8969982771415,0.10720867326027873,70.08503723144531,4.775699138641357,0,2,0,1,1,0.1394904531135631,-0.9270600532877468,-0.6144817273099725,0,0,0,0,187,False,False,
199,6,1382.8016559651473,879.8325922820585,0.2785340132358797,123.15799713134766,11.699334144592285,0,4,0,3,3,-0.16760460313897865,-0.9155400429892541,-0.31658777451171083,0,0,0,0,187,False,False,
133,7,1429.4553257583837,885.0820946391972,1.0171814923418532,74.3462905883789,-0.9373230934143066,0,3,0,2,2,-0.3824083063896448,-0.8842819722615612,0.5194874885698137,0,0,0,0,121,True,True,collision
200,0,1439.9953019367508,872.486386735649,0.09513476407995418,71.14981079101562,5.054490566253662,0,2,0,1,1,-0.03485279845992548,-0.9546790219245691,-0.9725251470530558,1,0,0,0,188,False,False,
200,1,1367.495982534874,867.2784140827055,0.4415640902338822,138.1920623779297,11.329809188842773,0,4,0,3,3,0.21652159881267988,-0.952634297489491,-0.12780414758109981,0,0,0,0,188,False,False,
200,2,1436.9360250691427,873.1883192068975,1.45649716692899,74.09471893310547,5.161868572235107,0,2,0,1,1,-0.05113637821997246,-0.9627919412543308,-0.8936137375145546,0,0,0,0,188,False,False,
200,3,1440.9798802621433,870.536260729099,0.17933485325990267,67.60530853271484,4.792252063751221,0,2,0,1,1,0.11330157728703069,-0.9517685872457459,-0.7953660049422084,0,0,0,0,188,False,False,
200,4,1445.1116005915678,875.4150930873379,1.6022516608776154,76.8506851196289,4.812665939331055,0,2,0,1,1,-0.15569595939676775,-0.9405255947255106,-0.6126446646800412,0,0,0,0,188,False,False,
200,5,1450.1141478273457,868.8969982771415,0.0,70.08503723144531,4.775527000427246,0,2,0,1,1,0.1394904531135631,-0.9270600532877468,-0.6144817273099725,1,0,0,0,188,False,False,
200,6,1382.2166545947011,879.8983635062933,0.588687062335548,123.74664306640625,11.714385032653809,0,4,0,3,3,-0.17194915762574206,-0.9170538829553329,-0.3106506524568169,0,0,0,0,188,False,False,
133,7,1429.4553257583837,885.0820946391972,1.0171814923418532,74.3462905883789,-0.9373230934143066,0,3,0,2,2,-0.3824083063896448,-0.8842819722615612,0.5194874885698137,0,0,0,0,121,True,True,collision
201,0,1439.5874758342693,872.5096618004256,0.408489728763821,71.55831146240234,5.069466590881348,0,2,0,1,1,-0.036663304952167484,-0.9557665940871519,-0.9704319772132655,0,0,0,0,189,False,False,
201,1,1366.7525597978472,867.3674366327289,0.7487338514726314,138.94078063964844,11.343029975891113,0,4,0,3,3,0.21950516172360354,-0.9545181419422175,-0.1359963766438057,0,0,0,0,189,False,False,
201,2,1435.223565609626,873.220247470548,1.712757079830284,75.80754089355469,5.178439140319824,0,2,0,1,1,-0.04933797812937984,-0.967347430284567,-0.8927135013583584,0,0,0,0,189,False,False,
201,3,1440.9798802621433,870.536260729099,0.0,67.60530853271484,4.787473678588867,0,2,0,1,1,0.11330157728703069,-0.9517685872457459,-0.7953660049422084,1,0,0,0,189,False,False,
201,4,1443.3082238891957,875.6175861763802,1.8147096136209093,78.66536712646484,4.822142124176025,0,2,0,1,1,-0.16815855294919782,-0.9452103089999411,-0.5914566125164271,0,0,0,0,189,False,False,
201,5,1450.172383466865,868.902122802793,-0.0584606745888867,70.14349365234375,4.772624492645264,0,2,0,1,1,0.13968380121134044,-0.9269079259011992,-0.6151988117751759,2,0,0,0,189,False,False,
201,6,1381.7692222216942,879.9499581811561,0.4503973122576002,124.19711303710938,11.729175567626953,0,4,0,3,3,-0.17628133777351043,-0.9182100525050632,-0.3059578870600972,0,0,0,0,189,False,False,
133,7,1429.4553257583837,885.0820946391972,1.0171814923418532,74.3462905883789,-0.9373230934143066,0,3,0,2,2,-0.3824083063896448,-0.8842819722615612,0.5194874885698137,0,0,0,0,121,True,True,collision
202,0,1438.8724745465777,872.5523612108537,0.7162751433992236,72.27467346191406,5.086419105529785,0,2,0,1,1,-0.04007381890627736,-0.9576732722327183,-0.9665383261278994,0,0,0,0,190,False,False,
202,1,1365.9241416701243,867.4768171340535,0.8356079753148772,139.77633666992188,11.358179092407227,0,4,0,3,3,0.22248362440510902,-0.9566180112693197,-0.1463478346478977,0,0,0,0,190,False,False,
202,2,1433.2318803030269,873.2673858195456,1.9922430535627424,77.79967498779297,5.195011138916016,0,2,0,1,1,-0.06272168908405876,-0.9726382118605236,-0.8904739809682324,0,0,0,0,190,False,False,
202,3,1441.117420141103,870.5455387752974,-0.13785245897500004,67.74319458007812,4.799734592437744,0,2,0,1,1,0.1112921256006555,-0.95140653735563,-0.7967128144894913,0,0,0,0,190,False,False,
202,4,1441.4653074745663,875.8463386464554,1.857059127727496,80.52239990234375,4.827016830444336,0,2,0,1,1,-0.19274897199054142,-0.9499570814665664,-0.5671949165071843,0,0,0,0,190,False,False,
202,5,1450.246145043724,868.9086556174856,-0.07405030647150204,70.21751403808594,4.767550468444824,0,2,0,1,1,0.13966985331211326,-0.9267152859136262,-0.6161063659948799,3,0,0,0,190,False,False,
202,6,1381.1292092228578,880.0283613356075,0.6447974048549749,124.8419189453125,11.741541862487793,0,4,0,3,3,-0.1846222776121269,-0.9198591829629768,-0.2986885344125647,0,0,0,0,190,False,False,
133,7,1429.4553257583837,885.0820946391972,1.0171814923418532,74.3462905883789,-0.9373230934143066,0,3,0,2,2,-0.3824083063896448,-0.8842819722615612,0.5194874885698137,0,0,0,0,121,True,True,collision
203,0,1437.8566996100449,872.6215162109705,1.0181262867294074,73.29277038574219,5.104651927947998,0,2,0,1,1,-0.04848209519783874,-0.9603808361648312,-0.9599880768449267,0,0,0,0,191,False,False,
203,1,1365.078105634965,867.5965203832068,0.8544623108399453,140.63082885742188,11.371950149536133,0,4,0,3,3,0.22831513863105593,-0.9587590415996265,-0.15787098322642668,0,0,0,0,191,False,False,
203,2,1431.2630861142432,873.3467474534648,1.9703930640170277,79.7701416015625,5.21543550491333,0,2,0,1,1,-0.0906575332759164,-0.9778497806435313,-0.8843335039356889,0,0,0,0,191,False,False,
203,3,1441.310783021017,870.5582943303446,-0.19378314558610446,67.93697357177734,4.804187774658203,0,2,0,1,1,0.10919212680163987,-0.9508974543585346,-0.7985716169135542,0,0,0,0,191,False,False,
203,4,1440.1621561414847,876.0041082507022,1.312666996970813,81.83513641357422,4.833525657653809,0,2,0,1,1,-0.20492090593745868,-0.9532901806822441,-0.5505152202571316,0,0,0,0,191,False,False,
203,5,1450.0049150001423,868.8879887152423,0.24211372281375548,70.45960235595703,4.77957010269165,0,2,0,1,1,0.13905604120702214,-0.9273456775652077,-0.6132156165645739,0,0,0,0,191,False,False,
203,6,1380.3817338159063,880.1254216113487,0.7537507420389193,125.59562683105469,11.75338363647461,0,4,0,3,3,-0.19401781468872187,-0.9217787343328698,-0.2895444997148814,0,0,0,0,191,False,False,
133,7,1429.4553257583837,885.0820946391972,1.0171814923418532,74.3462905883789,-0.9373230934143066,0,3,0,2,2,-0.3824083063896448,-0.8842819722615612,0.5194874885698137,0,0,0,0,121,True,True,collision
204,0,1436.815857611256,872.7056759219814,1.0442389206499552,74.3369369506836,5.122418403625488,0,2,0,1,1,-0.06084079720258286,-0.9631534693139358,-0.9516812493375152,0,0,0,0,192,False,False,
204,1,1364.5109082678234,867.6765841349791,0.5728202664361808,141.20372009277344,11.38074779510498,0,4,0,3,3,0.23710279001409826,-0.9601857515839106,-0.16558004858050723,0,0,0,0,192,False,False,
204,2,1429.2514826553945,873.4357228715116,2.013570237331751,81.78370666503906,5.2301926612854,0,2,0,1,1,-0.12272815414139965,-0.9831437126451767,-0.8771098463058016,0,0,0,0,192,False,False,
204,3,1441.186777320428,870.5499674054386,0.12428496070290156,68.06127166748047,4.81825065612793,0,2,0,1,1,0.11068416808590516,-0.9512239721868168,-0.7973640506762176,0,0,0,0,192,False,False,
204,4,1438.8718556638778,876.1696967269777,1.3008823413315316,83.13600158691406,4.8432698249816895,0,2,0,1,1,-0.22590458445244443,-0.9565585839637889,-0.5328695967964262,0,0,0,0,192,False,False,
204,5,1450.0049150001423,868.8879887152423,0.0,70.45960235595703,4.774218559265137,0,2,0,1,1,0.13905604120702214,-0.9273456775652077,-0.6132156165645739,1,0,0,0,192,False,False,
204,6,1379.948588350299,880.1817326531086,0.436790485015706,126.03237915039062,11.764961242675781,0,4,0,3,3,-0.1970015908285657,-0.9228888716749625,-0.2842369026387679,0,0,0,0,192,False,False,
133,7,1429.4553257583837,885.0820946391972,1.0171814923418532,74.3462905883789,-0.9373230934143066,0,3,0,2,2,-0.3824083063896448,-0.8842819722615612,0.5194874885698137,0,0,0,0,121,True,True,collision
205,0,1435.4809744941924,872.8138753081979,1.3392610064504558,75.67627716064453,5.133516311645508,0,2,0,1,1,-0.06749686733755375,-0.9667069230802069,-0.9409883472130699,0,0,0,0,193,False,False,
205,1,1363.9852404542598,867.7525887061474,0.5311340179797343,141.7348175048828,11.387439727783203,0,4,0,3,3,0.24341279201903457,-0.9615032430448629,-0.17293756102435964,0,0,0,0,193,False,False,
205,2,1427.7872430817745,873.502376440242,1.4657558552431744,83.24945831298828,5.24769401550293,0,2,0,1,1,-0.16036058804067907,-0.9869572051204167,-0.8716281307733376,0,0,0,0,193,False,False,
205,3,1440.7507915272386,870.5181958038289,0.43714190662968055,68.49846649169922,4.83253288269043,0,2,0,1,1,0.11709393714225043,-0.9523706101243317,-0.7928045254904732,0,0,0,0,193,False,False,
205,4,1437.4302579004232,876.3471278233619,1.4524757848451038,84.58840942382812,4.852442741394043,0,2,0,1,1,-0.24382731069090116,-0.9601751632744198,-0.5140676621291242,0,0,0,0,193,False,False,
205,5,1450.000569648181,868.8876163543446,0.004361276912397082,70.4638900756836,4.7735419273376465,0,2,0,1,1,0.13908962077960546,-0.9273568407211189,-0.6131641900167206,2,0,0,0,193,False,False,
205,6,1379.4522987132482,880.2445473726689,0.5002490308209722,126.53267669677734,11.77861213684082,0,4,0,3,3,-0.19822349204585962,-0.92415993817647,-0.27836564315544376,0,0,0,0,193,False,False,
133,7,1429.4553257583837,885.0820946391972,1.0171814923418532,74.3462905883789,-0.9373230934143066,0,3,0,2,2,-0.3824083063896448,-0.8842819722615612,0.5194874885698137,0,0,0,0,121,True,True,collision
206,0,1434.568891213312,872.8937308821507,0.9155724023541719,76.59187316894531,5.142431735992432,0,2,0,1,1,-0.07725472214617007,-0.9691318772935924,-0.9329817389731362,0,0,0,0,194,False,False,
206,1,1363.2904939029925,867.8585276246984,0.7027772228534634,142.43756103515625,11.40056324005127,0,4,0,3,3,0.25036817575387116,-0.9632408667125703,-0.18332595238021732,0,0,0,0,194,False,False,
206,2,1426.2195011526912,873.5921238070667,1.570308678590811,84.81977081298828,5.258903980255127,0,2,0,1,1,-0.24460205824814743,-0.9909342141784417,-0.8635554634318081,0,0,0,0,194,False,False,
206,3,1440.1565436903059,870.4723283481345,0.5960153648951829,69.09446716308594,4.84490442276001,0,2,0,1,1,0.12393255695691449,-0.95393093869313,-0.786297966618882,0,0,0,0,194,False,False,
206,4,1435.8756999203342,876.5365140327523,1.5660516114629706,86.15447235107422,4.864912033081055,0,2,0,1,1,-0.27057715838092866,-0.9640170104617013,-0.4940213136312769,0,0,0,0,194,False,False,
206,5,1449.6824570777883,868.8608022917981,0.3192406637508987,70.78313446044922,4.783102989196777,0,2,0,1,1,0.1398308386141985,-0.9281879254196855,-0.6094024766842494,0,0,0,0,194,False,False,
206,6,1379.1485531486817,880.2819256022273,0.3060367625609192,126.83867645263672,11.792717933654785,0,4,0,3,3,-0.19811961459138527,-0.9249371681335413,-0.2748953373987463,0,0,0,0,194,False,False,
133,7,1429.4553257583837,885.0820946391972,1.0171814923418532,74.3462905883789,-0.9373230934143066,0,3,0,2,2,-0.3824083063896448,-0.8842819722615612,0.5194874885698137,0,0,0,0,121,True,True,collision
207,0,1433.3599763600819,872.9972141224383,1.2133358576177922,77.8051528930664,5.154353141784668,0,2,0,1,1,-0.0848911858780285,-0.9723415759426868,-0.9226475970509577,0,0,0,0,195,False,False,
207,1,1362.9900464027526,867.9056540186674,0.3041210242796944,142.7417755126953,11.41316032409668,0,4,0,3,3,0.2530925964322165,-0.9639901421512777,-0.18797446636166348,0,0,0,0,195,False,False,
207,2,1424.4841335834146,873.6952840365014,1.738431083889667,86.55818939208984,5.263527870178223,0,2,0,1,1,-0.46944226482285606,-0.9949183265185796,-0.8541581265437255,0,0,0,0,195,False,False,
207,3,1439.930030280267,870.4544383928761,0.2272187831730941,69.32160949707031,4.859344482421875,0,2,0,1,1,0.1267228483102953,-0.954524855473092,-0.7837657594211778,0,0,0,0,195,False,False,
207,4,1434.042900895313,876.7817471613606,1.8491326489695956,88.00369262695312,4.877556324005127,0,2,0,1,1,-0.32015878706123874,-0.9684162916257743,-0.46776158618111774,0,0,0,0,195,False,False,
207,5,1449.6824570777883,868.8608022917981,0.0,70.78313446044922,4.772156715393066,0,2,0,1,1,0.1398308386141985,-0.9281879254196855,-0.6094024766842494,1,0,0,0,195,False,False,
207,6,1378.537483284354,880.3572559933865,0.615695579748276,127.45438385009766,11.800274848937988,0,4,0,3,3,-0.20261381490245436,-0.9264983704104975,-0.2679040139921375,0,0,0,0,195,False,False,
133,7,1429.4553257583837,885.0820946391972,1.0171814923418532,74.3462905883789,-0.9373230934143066,0,3,0,2,2,-0.3824083063896448,-0.8842819722615612,0.5194874885698137,0,0,0,0,121,True,True,collision
208,0,1432.1026839474048,873.1035235070381,1.2617788618571235,79.06696319580078,5.171483039855957,0,2,0,1,1,-0.09584800603809576,-0.9756729438878807,-0.9120571370958014,0,0,0,0,196,False,False,
208,1,1362.700877684345,867.9519611417296,0.2928530302929101,143.03453063964844,11.4245023727417,0,4,0,3,3,0.25646199316207496,-0.96470965384342,-0.19256472169690342,0,0,0,0,196,False,False,
208,2,1422.8780774864547,873.7795208777277,1.6082636699253317,88.16647338867188,8.4850492477417,0,3,1,2,2,-0.02939276499075479,-0.9056566969379596,-0.8473410216451167,0,0,0,0,196,False,False,
208,3,1439.3935453954396,870.4104632101462,0.5382841706238802,69.85990905761719,4.875042915344238,0,2,0,1,1,0.1327757310602206,-0.9559301720351127,-0.7775667450271185,0,0,0,0,196,False,False,
208,4,1431.9369337256726,877.0668880123666,2.1251830567073964,90.12886810302734,4.887087821960449,0,2,0,1,1,-0.3864280994669116,-0.9732369047134216,-0.43718351519292875,0,0,0,0,196,False,False,
208,5,1449.7530519940115,868.8667148716318,-0.0708420835157246,70.85394287109375,4.765615463256836,0,2,0,1,1,0.13912790758070945,-0.9280036221689772,-0.610236850268876,2,0,0,0,196,False,False,
208,6,1378.3049833828038,880.3860902758038,0.23428107064680256,127.68871307373047,11.81132984161377,0,4,0,3,3,-0.20479104332528347,-0.9270914350923394,-0.26521731275448135,0,0,0,0,196,False,False,
133,7,1429.4553257583837,885.0820946391972,1.0171814923418532,74.3462905883789,-0.9373230934143066,0,3,0,2,2,-0.3824083063896448,-0.8842819722615612,0.5194874885698137,0,0,0,0,121,True,True,collision
209,0,1430.555581769582,873.2265162250861,1.5519833624486012,80.61896514892578,5.190374851226807,0,2,0,1,1,-0.11153068649346096,-0.9797589602069232,-0.8999591060322226,0,0,0,0,197,False,False,
209,1,1362.105787974064,868.0477466296737,0.6027492206407031,143.6372833251953,11.435229301452637,0,4,0,3,3,0.26779451398426996,-0.9661829444285934,-0.2020599090982168,0,0,0,0,197,False,False,
209,2,1420.9888662311678,873.8442840221962,1.8903209864951842,90.0567398071289,8.5022611618042,0,3,0,2,2,-0.018855284419073037,-0.9106953238639638,-0.8491427517496747,0,0,0,0,197,False,False,
209,3,1438.8933013357716,870.3696254549834,0.5019082002516422,70.36181640625,4.889596462249756,0,2,0,1,1,0.1366840394352203,-0.9572387879904443,-0.7718140753346614,0,0,0,0,197,False,False,
209,4,1429.6821791658801,877.3391640543418,2.271134599256273,92.40000915527344,4.895970344543457,0,2,0,1,1,-0.47552673335697476,-0.9779990406865661,-0.4083987127983669,0,0,0,0,197,False,False,
209,5,1449.724219337676,868.8642901219632,0.02893443419729702,70.88285064697266,4.76265811920166,0,2,0,1,1,0.1394923820996578,-0.9280788901267965,-0.6099000478304057,3,0,0,0,197,False,False,
209,6,1378.1617274131443,880.4038489911507,0.14435250193134058,127.83300018310547,11.823339462280273,0,4,0,3,3,-0.20582509010386932,-0.927456355854784,-0.26357011956915355,0,0,0,0,197,False,False,
133,7,1429.4553257583837,885.0820946391972,1.0171814923418532,74.3462905883789,-0.9373230934143066,0,3,0,2,2,-0.3824083063896448,-0.8842819722615612,0.5194874885698137,0,0,0,0,121,True,True,collision
210,0,1428.7273257054553,873.3883382311398,1.8354036606858963,82.45436096191406,5.201286315917969,0,2,0,1,1,-0.154167886737183,-0.9845445782223604,-0.883689364269532,0,0,0,0,198,False,False,
210,1,1361.6930827644455,868.113819023272,0.4179607053803662,144.05526733398438,11.447688102722168,0,4,0,3,3,0.27717970777951184,-0.9671968643613278,-0.20860500214796596,0,0,0,0,198,False,False,
210,2,1418.9635334781497,873.9184673930679,2.0266908824391625,92.08348846435547,8.509742736816406,0,3,0,2,2,-0.02165762330965006,-0.9160970489531667,-0.8505124874177904,0,0,0,0,198,False,False,
210,3,1438.3655698824966,870.324697043806,0.529640490244839,70.89143371582031,4.9001617431640625,0,2,0,1,1,0.14359892076734265,-0.9586164966100242,-0.765527244178509,0,0,0,0,198,False,False,
210,4,1427.3041203039559,877.5795755854392,2.3901802557675285,94.7901840209961,4.901701927185059,0,2,0,1,1,-0.6166357108034858,-0.9822456639501235,-0.3836536529771998,0,0,0,0,198,False,False,
210,5,1449.4477379987547,868.8402833239002,0.27752163361605997,71.16038513183594,4.774387359619141,0,2,0,1,1,0.1426761015340983,-0.928800634056876,-0.60654077081849,0,0,0,0,198,False,False,
210,6,1377.7407872099295,880.4572552207028,0.42431460031140295,128.2572784423828,11.833271026611328,0,4,0,3,3,-0.2108773391402072,-0.9285271750587277,-0.2585697668156236,0,0,0,0,198,False,False,
133,7,1429.4553257583837,885.0820946391972,1.0171814923418532,74.3462905883789,-0.9373230934143066,0,3,0,2,2,-0.3824083063896448,-0.8842819722615612,0.5194874885698137,0,0,0,0,121,True,True,collision
211,0,1427.4418598928187,873.5127853874427,1.2914756870222144,83.74576568603516,5.212213516235352,0,2,0,1,1,-0.2041506985940853,-0.9878509691443955,-0.8709766801902193,0,0,0,0,199,False,False,
211,1,1361.0745732560567,868.2143661247843,0.6266288627168963,144.68191528320312,11.457883834838867,0,4,0,3,3,0.289914546593378,-0.9687058231752714,-0.21859810372966249,0,0,0,0,199,False,False,
211,2,1417.3366141096742,873.9842027772561,1.628246840087422,93.7116470336914,8.525153160095215,0,3,0,2,2,-0.0253712285002785,-0.9204355357077045,-0.850871372684619,0,0,0,0,199,False,False,
211,3,1437.5643836159743,870.2492495308633,0.8047308623839089,71.69624328613281,4.916989803314209,0,2,0,1,1,0.1573834127563171,-0.9607007573265697,-0.7551126107042916,0,0,0,0,199,False,False,
211,4,1425.4761296899342,877.7234523148528,1.833643967137057,96.62384033203125,8.120893478393555,0,3,1,2,2,-0.11222366877364923,-0.8982448676639829,-0.369535793506202,0,0,0,0,199,False,False,
211,5,1449.4477379987547,868.8402833239002,0.0,71.16038513183594,4.767828941345215,0,2,0,1,1,0.1426761015340983,-0.928800634056876,-0.60654077081849,1,0,0,0,199,False,False,
211,6,1377.7407872099295,880.4572552207028,0.0,128.2572784423828,11.821792602539062,0,4,0,3,3,-0.2108773391402072,-0.9285271750587277,-0.2585697668156236,1,0,0,0,199,False,False,
133,7,1429.4553257583837,885.0820946391972,1.0171814923418532,74.3462905883789,-0.9373230934143066,0,3,0,2,2,-0.3824083063896448,-0.8842819722615612,0.5194874885698137,0,0,0,0,121,True,True,collision
212,0,1426.1279241173759,873.6592691421866,1.3220759102231927,85.06787109375,5.220463275909424,0,2,0,1,1,-0.2966280475219959,-0.9911044447820989,-0.8556657190917871,0,0,0,0,200,False,False,
212,1,1360.1557413080195,868.3597065236255,0.9302558681723613,145.61216735839844,11.465532302856445,0,4,0,3,3,0.3167254266337175,-0.9709081383446233,-0.23295420047126048,0,0,0,0,200,False,False,
212,2,1415.4485995645384,874.0411084038857,1.888871931335267,95.60057067871094,8.544124603271484,0,3,0,2,2,-0.020119248556481277,-0.9254702968698401,-0.85360351166425,0,0,0,0,200,False,False,
212,3,1436.7522143433912,870.1690697785864,0.8161174670372505,72.5123291015625,4.928865432739258,0,2,0,1,1,0.16953418419663852,-0.9628044278383299,-0.7441050711550179,0,0,0,0,200,False,False,
212,4,1423.7372896344452,877.8470019363994,1.74322380879713,98.36698913574219,8.136765480041504,0,3,0,2,2,-0.11248972399423944,-0.902824180655546,-0.35770122702199525,0,0,0,0,200,False,False,
212,5,1449.1340211683994,868.8124216153357,0.31495162239999996,71.475341796875,4.773709297180176,0,2,0,1,1,0.14563041094686596,-0.9296189016359248,-0.6026690864301034,0,0,0,0,200,False,False,
212,6,1377.4283601365478,880.4970528119678,0.31495162239999996,128.57229614257812,11.828542709350586,0,4,0,3,3,-0.21365994940441752,-0.9293209146871722,-0.25483618228976035,0,0,0,0,200,False,False,
133,7,1429.4553257583837,885.0820946391972,1.0171814923418532,74.3462905883789,-0.9373230934143066,0,3,0,2,2,-0.3824083063896448,-0.8842819722615612,0.5194874885698137,0,0,0,0,121,True,True,collision
213,0,1424.5404038905042,873.8488150023775,1.5987958293171316,86.66667175292969,5.221255779266357,0,2,0,1,1,-0.5334989702209555,-0.9945400673755888,-0.8356561896009631,0,0,0,0,201,False,False,
213,1,1358.940878941249,868.5368578502496,1.2277105370241184,146.83985900878906,11.4783935546875,0,4,0,3,3,0.36312194368073786,-0.9737175179638118,-0.25014341689304065,0,0,0,0,201,False,False,
213,2,1414.105266569692,874.0762973787132,1.343793808213244,96.94441223144531,8.562003135681152,0,3,0,2,2,-0.01849820110743773,-0.9290524426651718,-0.8561961214720788,0,0,0,0,201,False,False,
213,3,1436.462250454157,870.1395463312723,0.29146301823942744,72.80374908447266,4.936071872711182,0,2,0,1,1,0.17509803912880417,-0.9635529168067908,-0.740065071305953,0,0,0,0,201,False,False,
213,4,1422.5023372153075,877.9198305189706,1.237098007424424,99.6041259765625,8.150077819824219,0,3,0,2,2,-0.10849814632297491,-0.9060769991810574,-0.35326064895443743,0,0,0,0,201,False,False,
213,5,1448.5456852496197,868.7563316009359,0.5910035897028536,72.06639099121094,4.789872169494629,0,2,0,1,1,0.15314600551010546,-0.9311506437334346,-0.594933178647766,0,0,0,0,201,False,False,
213,6,1376.8086256326765,880.5736443250288,0.6244494496447341,129.19676208496094,11.838991165161133,0,4,0,3,3,-0.21628023004387462,-0.9308931541036466,-0.24772045180351965,0,0,0,0,201,False,False,
133,7,1429.4553257583837,885.0820946391972,1.0171814923418532,74.3462905883789,-0.9373230934143066,0,3,0,2,2,-0.3824083063896448,-0.8842819722615612,0.5194874885698137,0,0,0,0,121,True,True,collision
214,0,1423.4894882044298,873.9856843901665,1.0597910211693478,87.72644805908203,8.436944961547852,0,3,1,2,2,-0.08219443543445064,-0.904027987169846,-0.8210477054269044,0,0,0,0,202,False,False,
214,1,1357.6664757323217,868.7006585162441,1.2848868421398918,148.124755859375,11.489846229553223,0,4,0,3,3,0.4254030048969772,-0.9764928897584908,-0.2655395362383073,0,0,0,0,202,False,False,
214,2,1412.5864701147232,874.1278458788775,1.5196709905421124,98.4640884399414,8.579545021057129,0,3,0,2,2,-0.024843716517436103,-0.9331019955722755,-0.8577054006050895,0,0,0,0,202,False,False,
214,3,1435.8644809783136,870.0737087001485,0.6013841866244001,73.40513610839844,4.949814796447754,0,2,0,1,1,0.1885087877486607,-0.9650898606932111,-0.7311582161900034,0,0,0,0,202,False,False,
214,4,1420.9937451702242,878.0074340196097,1.511133459298983,101.1152114868164,8.16299819946289,0,3,0,2,2,-0.11273643712398528,-0.9100462321111382,-0.3504035740507414,0,0,0,0,202,False,False,
214,5,1448.237642250206,868.726631140703,0.3094714959828948,72.37580871582031,4.799417495727539,0,2,0,1,1,0.15567502972985495,-0.9319514734026031,-0.5908419809403322,0,0,0,0,202,False,False,
214,6,1376.0610922439398,880.66666338241,0.7532985545665902,129.95008850097656,11.849018096923828,0,4,0,3,3,-0.2231664615980574,-0.9327832936303438,-0.23905958081446155,0,0,0,0,202,False,False,
133,7,1429.4553257583837,885.0820946391972,1.0171814923418532,74.3462905883789,-0.9373230934143066,0,3,0,2,2,-0.3824083063896448,-0.8842819722615612,0.5194874885698137,0,0,0,0,121,True,True,collision
215,0,1422.1489896208195,874.1797710493711,1.3544763135406312,89.08087921142578,8.455759048461914,0,3,0,2,2,-0.09484066335713932,-0.9076012957645156,-0.8030856185987669,0,0,0,0,203,False,False,
215,1,1356.6499545544668,868.8268207268694,1.0243203641523835,149.14915466308594,11.49468994140625,0,4,0,3,3,0.4787648918208687,-0.9785620302345085,-0.27727485148619,0,0,0,0,203,False,False,
215,2,1411.3794071048733,874.183692461674,1.2083542322341014,99.67240905761719,8.599705696105957,0,3,0,2,2,-0.03433090985592647,-0.9363197300574272,-0.8571265446402445,0,0,0,0,203,False,False,
215,3,1435.6356799434698,870.0484254008236,0.23019374181399807,73.63541412353516,4.956254959106445,0,2,0,1,1,0.192067337844018,-0.965676650358084,-0.7277255584397111,0,0,0,0,203,False,False,
215,4,1419.4417787231823,878.0860082996995,1.5539542368536574,102.66919708251953,8.178955078125,0,3,0,2,2,-0.11320048526741731,-0.9141278588918782,-0.3488510583120452,0,0,0,0,203,False,False,
215,5,1447.6217782800834,868.6637250965076,0.6190683323280034,72.99485778808594,4.8107171058654785,0,2,0,1,1,0.16320131605110771,-0.9335496014451905,-0.5822495738657316,0,0,0,0,203,False,False,
215,6,1375.0605784131524,880.7969129052458,1.0089563240278265,130.95901489257812,11.864643096923828,0,4,0,3,3,-0.23599921921867234,-0.9352980804574076,-0.2267825573498914,0,0,0,0,203,False,False,
133,7,1429.4553257583837,885.0820946391972,1.0171814923418532,74.3462905883789,-0.9373230934143066,0,3,0,2,2,-0.3824083063896448,-0.8842819722615612,0.5194874885698137,0,0,0,0,121,True,True,collision
216,0,1421.3379889141595,874.3027382582951,0.8202701266494316,89.90118408203125,8.47296142578125,0,3,0,2,2,-0.10149260781697143,-0.9097616883030298,-0.7924574177321024,0,0,0,0,204,False,False,
216,1,1355.3411796222658,868.9968399707794,1.319772088831073,150.46885681152344,11.495704650878906,0,4,0,3,3,0.555386614582323,-0.9809949134446548,-0.2932927775401313,0,0,0,0,204,False,False,
216,2,1410.7032787464475,874.215574279891,0.6768796107139347,100.34930419921875,8.613076210021973,0,3,0,2,2,-0.035911152814316616,-0.9381220040435498,-0.8567310976420628,0,0,0,0,204,False,False,
216,3,1435.0980087814771,869.9866654598767,0.5412065860133258,74.17654418945312,4.963687419891357,0,2,0,1,1,0.20320650814804317,-0.9670497907933014,-0.7194041198181964,0,0,0,0,204,False,False,
216,4,1418.2222388498967,878.1479290206288,1.221110837808781,103.89025115966797,8.19478702545166,0,3,0,2,2,-0.11773204909169786,-0.9173305554029927,-0.34760561537881896,0,0,0,0,204,False,False,
216,5,1446.9361231240368,868.5924264950677,0.6893522202623423,73.68421936035156,4.822154521942139,0,2,0,1,1,0.16898234058094203,-0.9353252841266427,-0.572522981292171,0,0,0,0,204,False,False,
216,6,1373.9055025199025,880.9451666095595,1.164551192524228,132.12351989746094,11.876226425170898,0,4,0,3,3,-0.24638448094015328,-0.938184359710066,-0.21285845504473566,0,0,0,0,204,False,False,
133,7,1429.4553257583837,885.0820946391972,1.0171814923418532,74.3462905883789,-0.9373230934143066,0,3,0,2,2,-0.3824083063896448,-0.8842819722615612,0.5194874885698137,0,0,0,0,121,True,True,collision
217,0,1420.4071106454305,874.4452481008066,0.9417236358956101,90.84294128417969,8.489299774169922,0,3,0,2,2,-0.1053236980260206,-0.912239689054468,-0.7801012248265762,0,0,0,0,205,False,False,
217,1,1353.9278474310245,869.1904026105119,1.42652528133889,151.8953857421875,11.49379825592041,0,4,0,3,3,0.6613469171559283,-0.9832094006968339,-0.31178529533474597,0,0,0,0,205,False,False,
217,2,1410.5489766054186,874.2227028857847,0.15446672051969365,100.50376892089844,8.629687309265137,0,3,0,2,2,-0.0355416393489299,-0.9385332634507929,-0.8566579884724491,0,0,0,0,205,False,False,
217,3,1435.0772577225334,869.9842828392339,0.02088739640087975,74.19744110107422,4.9520263671875,0,2,0,1,1,0.2035185259993745,-0.9671026435384873,-0.7190821536100407,1,0,0,0,205,False,False,
217,4,1416.9284001529727,878.2253944109491,1.296155646654927,105.18651580810547,8.210735321044922,0,3,0,2,2,-0.12885771139018895,-0.9207196141981207,-0.34487346210609526,0,0,0,0,205,False,False,
217,5,1445.9491743061499,868.4950517940302,0.9917407935194308,74.67594909667969,4.834639549255371,0,2,0,1,1,0.17259874263739144,-0.9378771844977613,-0.5591661432536088,0,0,0,0,205,False,False,
217,6,1372.4602239551268,881.1291122801562,1.456937246257157,133.5804901123047,11.890189170837402,0,4,0,3,3,-0.26169975333329426,-0.9417654744181959,-0.19563224809881852,0,0,0,0,205,False,False,
133,7,1429.4553257583837,885.0820946391972,1.0171814923418532,74.3462905883789,-0.9373230934143066,0,3,0,2,2,-0.3824083063896448,-0.8842819722615612,0.5194874885698137,0,0,0,0,121,True,True,collision
218,0,1419.324126966128,874.608352079042,1.095197040423195,91.93815612792969,8.508203506469727,0,3,0,2,2,-0.10733153369383976,-0.915120238606548,-0.766045054344054,0,0,0,0,206,False,False,
218,1,1352.5478718861145,869.3750749623953,1.392277408456952,153.28768920898438,11.493498802185059,0,4,0,3,3,0.7980590043843064,-0.9847421146057519,-0.3293264077009812,0,0,0,0,206,False,False,
218,2,1410.247390222082,874.2360273332487,0.3018805848580729,100.80557250976562,8.646013259887695,0,3,0,2,2,-0.034713549365380916,-0.939336904121475,-0.8565842646998456,0,0,0,0,206,False,False,
218,3,1435.0772577225334,869.9842828392339,0.0,74.19744110107422,4.944478511810303,0,2,0,1,1,0.2035185259993745,-0.9671026435384873,-0.7190821536100407,2,0,0,0,206,False,False,
218,4,1415.5631597546178,878.3110555783513,1.3679251371697425,106.55443572998047,8.224478721618652,0,3,0,2,2,-0.13693051111271567,-0.9242871771096471,-0.34152653432634883,0,0,0,0,206,False,False,
218,5,1445.0688470159484,868.4163141565796,0.8838414752796756,75.5598373413086,4.850615501403809,0,2,0,1,1,0.17327326820009148,-0.9401506797111634,-0.5482171482123972,0,0,0,0,206,False,False,
218,6,1371.3001140613483,881.2665914752766,1.1682275012743715,134.74864196777344,11.900919914245605,0,4,0,3,3,-0.2702279291182726,-0.9446182019311706,-0.18301104695989923,0,0,0,0,206,False,False,
133,7,1429.4553257583837,885.0820946391972,1.0171814923418532,74.3462905883789,-0.9373230934143066,0,3,0,2,2,-0.3824083063896448,-0.8842819722615612,0.5194874885698137,0,0,0,0,121,True,True,collision
219,0,1418.0934703198052,874.7807337402337,1.2426710016145415,93.18077087402344,8.526028633117676,0,3,0,2,2,-0.10484008390117955,-0.9183907547882656,-0.7516159770706775,0,0,0,0,207,False,False,
219,1,1350.9858280606466,869.5894953872127,1.5766917997065204,154.86434936523438,11.48838996887207,0,4,0,3,3,0.9734711387972412,-0.9855069392318585,-0.34926115573033534,0,0,0,1,207,False,False,
219,2,1409.815125647563,874.2556756085722,0.4327108932154128,101.23827362060547,8.659564018249512,0,3,0,2,2,-0.03621094240989527,-0.940488932788224,-0.8564234102336029,0,0,0,0,207,False,False,
219,3,1434.7644486236043,869.9476087055759,0.31495162239999996,74.51244354248047,4.955461025238037,0,2,0,1,1,0.21031006126619647,-0.9678984066350178,-0.7141565251456095,0,0,0,0,207,False,False,
219,4,1414.1419870091222,878.3888314742801,1.423299358015422,107.97770690917969,8.240839958190918,0,3,0,2,2,-0.13874510679804897,-0.9279972101834087,-0.339395205502086,0,0,0,0,207,False,False,
219,5,1444.4016893959642,868.3603032230319,0.6695046785346707,76.22930145263672,4.862749099731445,0,2,0,1,1,0.17496045992810486,-0.941870863333388,-0.5403566618333144,0,0,0,0,207,False,False,
219,6,1369.8497135808188,881.43832348203,1.4605319017616825,136.20921325683594,11.910048484802246,0,4,0,3,3,-0.28985323692206244,-0.9481428103428354,-0.16726371773863147,0,0,0,0,207,False,False,
133,7,1429.4553257583837,885.0820946391972,1.0171814923418532,74.3462905883789,-0.9373230934143066,0,3,0,2,2,-0.3824083063896448,-0.8842819722615612,0.5194874885698137,0,0,0,0,121,True,True,collision
220,0,1416.5712807368043,874.9650483013371,1.5333078568999317,94.71409606933594,8.545326232910156,0,3,0,2,2,-0.09783670706347923,-0.922433861931624,-0.7372521048866025,0,0,0,0,208,False,False,
220,1,1349.1423622335947,869.8332822607032,1.8595156076770902,156.72390747070312,11.483119010925293,0,4,0,3,3,1.0,-0.9848553347751624,-0.3691325567724504,0,0,0,2,208,False,False,
220,2,1409.131593535862,874.2908827695646,0.6844382308955805,101.92277526855469,8.674903869628906,0,3,0,2,2,-0.04132237085911533,-0.9423105396738379,-0.8556617599050848,0,0,0,0,208,False,False,
220,3,1434.7644486236043,869.9476087055759,0.0,74.51244354248047,4.9534101486206055,0,2,0,1,1,0.21031006126619647,-0.9678984066350178,-0.7141565251456095,1,0,0,0,208,False,False,
220,4,1412.4333682874296,878.4517925653762,1.7097783584753061,109.68748474121094,8.260025024414062,0,3,0,2,2,-0.13592973212380458,-0.9324595771941739,-0.3405084087408322,0,0,0,0,208,False,False,
220,5,1444.16904209813,868.3406571496758,0.23347533785796554,76.46279907226562,4.87356424331665,0,2,0,1,1,0.17714420120570368,-0.9424698131288145,-0.5376049556096558,0,0,0,0,208,False,False,
220,6,1368.2556939058345,881.6091115756075,1.6031429434536397,137.8123321533203,11.919270515441895,0,4,0,3,3,-0.30713073639032273,-0.9519677631703196,-0.15209480139633225,0,0,0,0,208,False,False,
133,7,1429.4553257583837,885.0820946391972,1.0171814923418532,74.3462905883789,-0.9373230934143066,0,3,0,2,2,-0.3824083063896448,-0.8842819722615612,0.5194874885698137,0,0,0,0,121,True,True,collision
221,0,1415.5639116573798,875.0865555295474,1.0146706207869036,95.72872161865234,8.557184219360352,0,3,0,2,2,-0.10105446994773248,-0.9251066911644467,-0.7277889054269502,0,0,0,0,209,False,False,
221,1,1347.385539392462,870.0822074526425,1.7743703802495283,158.498291015625,14.700004577636719,0,5,1,4,4,0.03880091060716053,-0.9145734900275285,-0.3900593026137036,0,0,0,0,209,False,False,
221,2,1408.5391482278785,874.3221513368328,0.5932698932615995,102.51600646972656,8.68481731414795,0,3,0,2,2,-0.04331580175761347,-0.943888931487407,-0.8549147599966749,0,0,0,0,209,False,False,
221,3,1434.4517141680844,869.9103034139524,0.31495162239999996,74.82740783691406,4.9621992111206055,0,2,0,1,1,0.21716963038376838,-0.968691109822006,-0.7091358190279484,0,0,0,0,209,False,False,
221,4,1410.6264528181646,878.5099821115854,1.8078521887469203,111.49530792236328,8.27408504486084,0,3,0,2,2,-0.14310607428281957,-0.9371676763013608,-0.3426763278826338,0,0,0,0,209,False,False,
221,5,1443.6635924324432,868.2987818871865,0.5071813306414463,76.97002410888672,4.883972644805908,0,2,0,1,1,0.1803165925725504,-0.9437697648774979,-0.5317205750671519,0,0,0,0,209,False,False,
221,6,1366.6027049132547,881.7683802569196,1.6606441889931594,139.47305297851562,11.930938720703125,0,4,0,3,3,-0.32937185449817563,-0.955866769211397,-0.13850750152964675,0,0,0,0,209,False,False,
133,7,1429.4553257583837,885.0820946391972,1.0171814923418532,74.3462905883789,-0.9373230934143066,0,3,0,2,2,-0.3824083063896448,-0.8842819722615612,0.5194874885698137,0,0,0,0,121,True,True,collision
222,0,1414.6685930164904,875.2000200359447,0.9024797299308365,96.63127136230469,8.571976661682129,0,3,0,2,2,-0.10835223723127885,-0.9274798188544331,-0.7187284567358945,0,0,0,0,210,False,False,
222,1,1345.6624961794996,870.3314125413661,1.7409713064785601,160.23924255371094,14.717878341674805,0,5,0,4,4,0.0390896144720077,-0.9192077528023685,-0.41119078271606035,0,0,0,0,210,False,False,
222,2,1408.4670891511512,874.3259250515158,0.07215782328555502,102.58824920654297,8.685215950012207,0,3,0,2,2,-0.043204487317326665,-0.9440811357394664,-0.8548264000970558,1,0,0,0,210,False,False,
222,3,1434.2523054432204,869.8863113825356,0.20084684992156387,75.02818298339844,4.975527286529541,0,2,0,1,1,0.2215275789321936,-0.9691949600036512,-0.7059228747000023,0,0,0,0,210,False,False,
222,4,1409.0057043279407,878.5612105432317,1.6215578992966844,113.1168441772461,8.292363166809082,0,3,0,2,2,-0.15316651287732333,-0.9413756850415262,-0.3447491693712057,0,0,0,0,210,False,False,
222,5,1442.9153020505782,868.2405763697886,0.7505507163723767,77.72057342529297,4.90008544921875,0,2,0,1,1,0.18355648193368349,-0.9456915156418978,-0.5234649418448358,0,0,0,0,210,False,False,
222,6,1365.2579739981634,881.8900829773947,1.3502269387673635,140.82327270507812,11.943855285644531,0,4,0,3,3,-0.3530380306681233,-0.9589685080019619,-0.1283970822423416,0,0,0,0,210,False,False,
133,7,1429.4553257583837,885.0820946391972,1.0171814923418532,74.3462905883789,-0.9373230934143066,0,3,0,2,2,-0.3824083063896448,-0.8842819722615612,0.5194874885698137,0,0,0,0,121,True,True,collision
223,0,1413.8029447699014,875.3081461369139,0.8723749999474962,97.50360107421875,8.581113815307617,0,3,0,2,2,-0.11074489339499678,-0.9297720294585762,-0.7101585184031574,0,0,0,0,211,False,False,
223,1,1343.6668214338615,870.6423597564973,2.019753910993988,162.25892639160156,14.738801956176758,0,5,0,4,4,0.03442360743138156,-0.9245862162563224,-0.4383355956440599,0,0,0,0,211,False,False,
223,2,1408.3324117667994,874.3330424620069,0.13486532314845634,102.72308349609375,8.694769859313965,0,3,0,2,2,-0.043790142967749385,-0.9444398404080203,-0.8546582275673054,0,0,0,0,211,False,False,
223,3,1434.2523054432204,869.8863113825356,0.0,75.02818298339844,4.971471786499023,0,2,0,1,1,0.2215275789321936,-0.9691949600036512,-0.7059228747000023,1,0,0,0,211,False,False,
223,4,1407.1128851076357,878.6042342766073,1.8933081213551095,115.0101547241211,8.309703826904297,0,3,0,2,2,-0.1612600599089597,-0.9462770540126633,-0.3491733961406134,0,0,0,0,211,False,False,
223,5,1441.8670099772394,868.1558234441346,1.0517125697793563,78.772216796875,4.911527633666992,0,2,0,1,1,0.19542998985625545,-0.9483713751147146,-0.5115059396948116,0,0,0,0,211,False,False,
223,6,1363.625066133373,882.024208103735,1.6384070447877763,142.4615936279297,11.956424713134766,0,4,0,3,3,-0.38644335515911055,-0.9626325483750415,-0.11775993389959138,0,0,0,0,211,False,False,
133,7,1429.4553257583837,885.0820946391972,1.0171814923418532,74.3462905883789,-0.9373230934143066,0,3,0,2,2,-0.3824083063896448,-0.8842819722615612,0.5194874885698137,0,0,0,0,121,True,True,collision
224,0,1413.1077291616425,875.3908999423392,0.7001235135881961,98.20369720458984,8.597923278808594,0,3,0,2,2,-0.10996918991348821,-0.9316119050044173,-0.7037571281083046,0,0,0,0,212,False,False,
224,1,1342.216198863544,870.8911466621427,1.4718018772699804,163.73080444335938,14.759431838989258,0,5,0,4,4,0.026048308105475825,-0.9285080959297108,-0.4608002210969937,0,0,0,0,212,False,False,
224,2,1408.3324117667994,874.3330424620069,0.0,102.72308349609375,8.687507629394531,0,3,0,2,2,-0.043790142967749385,-0.9444398404080203,-0.8546582275673054,1,0,0,0,212,False,False,
224,3,1434.3891557114691,869.9029036857422,-0.13785245897500004,75.16603088378906,4.9816436767578125,0,2,0,1,1,0.2195414638534746,-0.9688492772630466,-0.7081477661096591,0,0,0,0,212,False,False,
224,4,1405.100601004803,878.6102585592139,2.01229312042128,117.02249145507812,8.326254844665527,0,3,0,2,2,-0.16499560365351348,-0.9514816989350143,-0.35864388507758804,0,0,0,0,212,False,False,
224,5,1440.9741980205122,868.0794722894885,0.8960706941368688,79.66829681396484,4.925848007202148,0,2,0,1,1,0.20783160641643184,-0.9506404017673887,-0.5008205950431783,0,0,0,0,212,False,False,
224,6,1361.9739038886403,882.1520448420621,1.6561035565738629,144.11778259277344,11.967633247375488,0,4,0,3,3,-0.43060192165854244,-0.9661791644288708,-0.10793554798517135,0,0,0,0,212,False,False,
133,7,1429.4553257583837,885.0820946391972,1.0171814923418532,74.3462905883789,-0.9373230934143066,0,3,0,2,2,-0.3824083063896448,-0.8842819722615612,0.5194874885698137,0,0,0,0,121,True,True,collision
225,0,1412.490113600693,875.4603571097391,0.6215088730100694,98.82525634765625,8.614205360412598,0,3,0,2,2,-0.10845420981347995,-0.9332460162017719,-0.6985712795965643,0,0,0,0,213,False,False,
225,1,1340.4913853387625,871.2266318663357,1.7571374498034076,165.48797607421875,14.782032012939453,0,5,0,4,4,0.012714341589416575,-0.9331930067884355,-0.4922589181180731,0,0,0,0,213,False,False,
225,2,1408.3552208199023,874.3318350669931,-0.0228409874166595,102.74594116210938,8.684821128845215,0,3,0,2,2,-0.04379701553929307,-0.9443790276677098,-0.8546874712351508,2,0,0,0,213,False,False,
225,3,1434.4708766985812,869.9128884827227,-0.08232870644751317,75.24830627441406,4.975061416625977,0,2,0,1,1,0.21861815626305214,-0.9686428003044004,-0.7094870574901352,1,0,0,0,213,False,False,
225,4,1402.816958955387,878.5637962285062,2.2841146551859675,119.30653381347656,8.343274116516113,0,3,0,2,2,-0.1714013991586594,-0.9573801005202949,-0.37576123582882726,0,0,0,0,213,False,False,
225,5,1440.0157470574197,867.9885780199947,0.9627512746705348,80.63108825683594,4.940462589263916,0,2,0,1,1,0.22518549049558867,-0.9530569327670876,-0.48828349446222696,0,0,0,0,213,False,False,
225,6,1360.1782514825752,882.3046147567287,1.8021223993581656,145.91990661621094,11.976019859313965,0,4,0,3,3,-0.4993834161337923,-0.9697513573476425,-0.09562885205997196,0,0,0,0,213,False,False,
133,7,1429.4553257583837,885.0820946391972,1.0171814923418532,74.3462905883789,-0.9373230934143066,0,3,0,2,2,-0.3824083063896448,-0.8842819722615612,0.5194874885698137,0,0,0,0,121,True,True,collision
226,0,1412.3907759922822,875.4715056708991,0.09996124679448755,98.92524719238281,8.611370086669922,0,3,0,2,2,-0.10874155632355192,-0.9335087859753981,-0.6977359054954426,1,0,0,0,214,False,False,
226,1,1339.2747954494118,871.474979329662,1.2416792747771068,166.7296142578125,14.801129341125488,0,5,0,4,4,0.0071739073257434584,-0.9365038574252315,-0.5158520118328513,0,0,0,0,214,False,False,
226,2,1408.3990787713997,874.3294953004129,-0.04392031895590183,102.78982543945312,8.683256149291992,0,3,0,2,2,-0.043966004359238774,-0.9442622808669424,-0.8547459728639344,3,0,0,0,214,False,False,
226,3,1434.4522351220726,869.9106106857681,0.01878022187549288,75.26700592041016,4.963406085968018,0,2,0,1,1,0.21896688783557527,-0.9686897017875941,-0.709179727408995,2,0,0,0,214,False,False,
226,4,1400.26878700348,878.5168596653541,2.5486041939552035,121.85518646240234,8.356545448303223,0,3,0,2,2,-0.20472794853324325,-0.9638822549128644,-0.39428548428943266,0,0,0,0,214,False,False,
226,5,1438.852852970667,867.8603473824747,1.169942628252798,81.80097961425781,4.95574426651001,0,2,0,1,1,0.25117332956572225,-0.9559522728965003,-0.4709159574148163,0,0,0,0,214,False,False,
226,6,1358.3792053634063,882.4560537196189,1.8054087344359422,147.725341796875,11.980982780456543,0,4,0,3,3,-0.5790691696967118,-0.9729473978610623,-0.08346886043915469,0,0,0,0,214,False,False,
133,7,1429.4553257583837,885.0820946391972,1.0171814923418532,74.3462905883789,-0.9373230934143066,0,3,0,2,2,-0.3824083063896448,-0.8842819722615612,0.5194874885698137,0,0,0,0,121,True,True,collision
227,0,1411.979962163144,875.5161640161876,0.413234037822518,99.33843994140625,8.619714736938477,0,3,0,2,2,-0.10831326823584833,-0.9345949656951911,-0.694462072592217,0,0,0,0,215,False,False,
227,1,1338.2455464621785,871.682340819929,1.0499296478176234,167.7794647216797,14.818132400512695,0,5,0,4,4,0.009210020668443992,-0.9393031822778919,-0.5354741985091047,0,0,0,0,215,False,False,
227,2,1408.465334937469,874.3259667508676,-0.06635005805637767,102.856201171875,8.677382469177246,0,3,0,2,2,-0.0437698987557749,-0.9440856899503667,-0.8548264000970558,4,0,0,0,215,False,False,
227,3,1434.4522351220726,869.9106106857681,0.0,75.26700592041016,4.959517002105713,0,2,0,1,1,0.21896688783557527,-0.9686897017875941,-0.709179727408995,3,0,0,0,215,False,False,
227,4,1398.049657852657,878.5052382020754,2.2191595811118523,124.07433319091797,8.371971130371094,0,3,0,2,2,-0.25360983677727456,-0.9694095937088101,-0.4069055419809289,0,0,0,0,215,False,False,
227,5,1437.4253985799232,867.7016599908917,1.4362477940457035,83.23726654052734,4.961832523345947,0,2,0,1,1,0.27491266940467274,-0.9594599422853819,-0.4494499045964643,0,0,0,0,215,False,False,
227,6,1356.6067644622467,882.6130448504335,1.7793799378598951,149.50462341308594,11.984701156616211,0,4,0,3,3,-0.6800892868979026,-0.975554089390528,-0.07055505110466742,0,0,0,0,215,False,False,
133,7,1429.4553257583837,885.0820946391972,1.0171814923418532,74.3462905883789,-0.9373230934143066,0,3,0,2,2,-0.3824083063896448,-0.8842819722615612,0.5194874885698137,0,0,0,0,121,True,True,collision
228,0,1411.9664940511325,875.5176262304316,0.01354725476417887,99.35194396972656,8.615692138671875,0,3,0,2,2,-0.10828571247188722,-0.9346304627480888,-0.6943591051517681,1,0,0,0,216,False,False,
228,1,1337.1018525282404,871.9041449846846,1.1650033914241502,168.944580078125,14.837440490722656,0,5,0,4,4,0.014569376252042174,-0.9424093925729508,-0.5562687332420634,0,0,0,0,216,False,False,
228,2,1408.4156333433618,874.3286031699212,0.049771469359504605,102.90595245361328,8.674063682556152,0,3,0,2,2,-0.04373918940127876,-0.9442180513721932,-0.854767912761365,5,0,0,0,216,False,False,
228,3,1434.466266678497,869.9123244145455,-0.014135821236004969,75.28115844726562,4.950506210327148,0,2,0,1,1,0.21867110877492704,-0.9686542269124723,-0.7094138768550576,4,0,0,0,216,False,False,
228,4,1395.633005094054,878.5541067457253,2.4171468077512737,126.491455078125,8.38716983795166,0,3,0,2,2,-0.3378327683774785,-0.9751432578884828,-0.41329295363103447,0,0,0,0,216,False,False,
228,5,1435.7128849622147,867.5171690209894,1.7224226568447971,84.95970153808594,4.972045421600342,0,2,0,1,1,0.3061293599932393,-0.963587902043971,-0.42439748610797134,0,0,0,0,216,False,False,
228,6,1354.6975593351608,882.8132118509992,1.919669514631803,151.4243927001953,15.202394485473633,0,5,1,4,4,-0.1694553799300795,-0.89544237813898,-0.052918803912831325,0,0,0,0,216,False,False,
133,7,1429.4553257583837,885.0820946391972,1.0171814923418532,74.3462905883789,-0.9373230934143066,0,3,0,2,2,-0.3824083063896448,-0.8842819722615612,0.5194874885698137,0,0,0,0,121,True,True,collision
229,0,1411.9664940511325,875.5176262304316,0.0,99.35194396972656,8.614765167236328,0,3,0,2,2,-0.10828571247188722,-0.9346304627480888,-0.6943591051517681,2,0,0,0,217,False,False,
229,1,1335.6698877505214,872.1751276513936,1.4573794050571471,170.40187072753906,14.857304573059082,0,5,0,4,4,0.018718330812760087,-0.9462939357025975,-0.5814728586174143,0,0,0,0,217,False,False,
229,2,1408.4156333433618,874.3286031699212,0.0,102.90595245361328,8.666635513305664,0,3,0,2,2,-0.04373918940127876,-0.9442180513721932,-0.854767912761365,6,0,0,0,217,False,False,
229,3,1434.38924153958,869.90290953741,0.07759840163733557,75.3587646484375,4.949026107788086,0,2,0,1,1,0.2201591597049489,-0.9688489598891464,-0.7081477661096591,5,0,0,0,217,False,False,
229,4,1393.773442912804,878.59255438319,1.8599596035294836,128.35147094726562,8.394124031066895,0,3,0,2,2,-0.4154533798026269,-0.9792672294337365,-0.41809794839233005,0,0,0,0,217,False,False,
229,5,1433.7209131321465,867.3203863060205,2.001668106529033,86.96134185791016,4.986809253692627,0,2,0,1,1,0.34920524511730694,-0.9682490535615992,-0.3973911446629077,0,0,0,0,217,False,False,
229,6,1353.1445900801914,882.985188945015,1.562462680433157,152.9868621826172,15.217123985290527,0,5,0,4,4,-0.18025379099269684,-0.8994495642593611,-0.037479119220745205,0,0,0,0,217,False,False,
133,7,1429.4553257583837,885.0820946391972,1.0171814923418532,74.3462905883789,-0.9373230934143066,0,3,0,2,2,-0.3824083063896448,-0.8842819722615612,0.5194874885698137,0,0,0,0,121,True,True,collision
230,0,1411.8165508539973,875.5339095790243,0.15082476523596583,99.50285339355469,8.628832817077637,0,3,0,2,2,-0.10897110432955136,-0.9350270342542978,-0.6931654603868077,0,0,0,0,218,False,False,
230,1,1334.4229177748641,872.4137402541653,1.2695944606024598,171.67144775390625,14.87762451171875,0,5,0,4,4,0.01858903301960311,-0.9496781320480476,-0.6037467856263627,0,0,0,0,218,False,False,
230,2,1408.1207198648956,874.343114003772,0.295270256003011,103.20123291015625,8.675874710083008,0,3,0,2,2,-0.041891512383594745,-0.9450037803928012,-0.8545186983955031,0,0,0,0,218,False,False,
230,3,1434.38924153958,869.90290953741,0.0,75.3587646484375,4.944045066833496,0,2,0,1,1,0.2201591597049489,-0.9688489598891464,-0.7081477661096591,6,0,0,0,218,False,False,
230,4,1391.699218016502,878.6066990623649,2.0742731238648977,130.4257354736328,8.402424812316895,0,3,0,2,2,-0.5337781499785517,-0.9833776534181489,-0.42690186465401625,0,0,0,0,218,False,False,
230,5,1431.7410247893147,867.1444686925853,1.9876883198323998,88.9491195678711,5.00001859664917,0,2,0,1,1,0.4063671141459445,-0.9726635839366015,-0.37290970664513323,0,0,0,0,218,False,False,
230,6,1351.5777362258164,883.1760400669928,1.5784343989313516,154.56521606445312,15.232685089111328,0,5,0,4,4,-0.1952495337505613,-0.9034701203023328,-0.020181961362225498,0,0,0,0,218,False,False,
133,7,1429.4553257583837,885.0820946391972,1.0171814923418532,74.3462905883789,-0.9373230934143066,0,3,0,2,2,-0.3824083063896448,-0.8842819722615612,0.5194874885698137,0,0,0,0,121,True,True,collision
231,0,1411.8165508539973,875.5339095790243,0.0,99.50285339355469,8.622232437133789,0,3,0,2,2,-0.10897110432955136,-0.9350270342542978,-0.6931654603868077,1,0,0,0,219,False,False,
231,1,1333.2457048057686,872.6343322720628,1.197702472639508,172.8691864013672,14.895550727844238,0,5,0,4,4,0.022453695970234357,-0.9528702248871338,-0.6242116930534312,0,0,0,0,219,False,False,
231,2,1407.6558580892324,874.3646531134244,0.46536050940893847,103.66657257080078,8.69096565246582,0,3,0,2,2,-0.0409916627907819,-0.9462421824519279,-0.8542993565935695,0,0,0,0,219,False,False,
231,3,1434.4533504298436,869.9107612281998,-0.06458791573552979,75.42333221435547,4.9371490478515625,0,2,0,1,1,0.21912296645323612,-0.9686869518981972,-0.7092016815995184,7,0,0,0,219,False,False,
231,4,1389.7341247244808,878.6308917897655,1.9652422075677793,132.39097595214844,11.617110252380371,0,4,1,3,3,-0.06811328142746208,-0.897583600424439,-0.4339405839563121,0,0,0,0,219,False,False,
231,5,1429.844973217184,867.0122918365054,1.9006531207620672,90.84971618652344,5.008749008178711,0,2,0,1,1,0.4745276449984014,-0.9766048323011782,-0.3538148207480365,0,0,0,0,219,False,False,
231,6,1350.296380626623,883.3275474998379,1.2902816257669647,155.8555145263672,15.241318702697754,0,5,0,4,4,-0.2000260085307117,-0.9067483049737944,-0.008513652133335547,0,0,0,0,219,False,False,
133,7,1429.4553257583837,885.0820946391972,1.0171814923418532,74.3462905883789,-0.9373230934143066,0,3,0,2,2,-0.3824083063896448,-0.8842819722615612,0.5194874885698137,0,0,0,0,121,True,True,collision
232,0,1411.8268965035502,875.5327850479008,-0.010406586131856892,99.51329040527344,8.619454383850098,0,3,0,2,2,-0.10898626764060661,-0.9349996143839528,-0.6932532199765296,2,0,0,0,220,False,False,
232,1,1332.5905808487505,872.756529291013,0.6664229216491069,173.53562927246094,14.913022994995117,0,5,0,4,4,0.023883403218951885,-0.9546462179725076,-0.6355357388494152,0,0,0,0,220,False,False,
232,2,1407.0999740285088,874.3914125178557,0.556527766326395,104.22312927246094,8.702901840209961,0,3,0,2,2,-0.04333409105490773,-0.9477229771227439,-0.8539039095953878,0,0,0,0,220,False,False,
232,3,1434.58301193399,869.9266773024017,-0.130634708540864,75.55394744873047,4.947763919830322,0,2,0,1,1,0.21692909421097523,-0.9683589061057006,-0.7113314381835742,0,0,0,0,220,False,False,
232,4,1387.9951580345555,878.6675219779221,1.7393524425355338,134.13037109375,11.63709831237793,0,4,0,3,3,-0.07717041012034921,-0.902189500614946,-0.438357492662212,0,0,0,0,220,False,False,
232,5,1427.885175368676,866.8720762547395,1.964807373862761,92.81455993652344,5.010271072387695,0,2,0,1,1,0.5903756749337946,-0.9801269619841808,-0.3336516690959207,0,0,0,0,220,False,False,
232,6,1349.1038710482678,883.456008875803,1.1994087791839105,157.05491638183594,15.255020141601562,0,5,0,4,4,-0.20016779128987233,-0.9097951825755863,0.0008325440687495522,0,0,0,0,220,False,False,
133,7,1429.4553257583837,885.0820946391972,1.0171814923418532,74.3462905883789,-0.9373230934143066,0,3,0,2,2,-0.3824083063896448,-0.8842819722615612,0.5194874885698137,0,0,0,0,121,True,True,collision
233,0,1411.9494135003847,875.5194813367223,-0.12323718288111743,99.63656616210938,8.627455711364746,0,3,0,2,2,-0.10837205651644378,-0.9346756454945986,-0.6942274943533708,0,0,0,0,221,False,False,
233,1,1331.6364425299766,872.9271091416563,0.9692664323075336,174.50486755371094,14.928617477416992,0,5,0,4,4,0.030385715377307557,-0.9572280647814927,-0.6511443964844481,0,0,0,0,221,False,False,
233,2,1406.6163609323216,874.4161237159124,0.48424401918155635,104.70740509033203,8.71575927734375,0,3,0,2,2,-0.046357315916884544,-0.9490110350415453,-0.8533908590297414,0,0,0,0,221,False,False,
233,3,1434.7344312814735,869.9454583297266,-0.15257963750014514,75.70646667480469,4.954928398132324,0,2,0,1,1,0.2150232562628288,-0.9679754137589197,-0.7138345875236394,0,0,0,0,221,False,False,
233,4,1386.35068011784,878.7294907092722,1.6456450839200336,135.77593994140625,11.65577507019043,0,4,0,3,3,-0.09184689569625436,-0.9065341527141031,-0.4369799815516193,0,0,0,0,221,False,False,
233,5,1425.8203490290268,866.741879618513,2.068927011035987,94.88347625732422,5.009594440460205,0,2,0,1,1,0.7501386361224586,-0.982902094887868,-0.3145056139266408,0,0,0,0,221,False,False,
233,6,1348.43936575095,883.5252018664239,0.6680980168468511,157.7230682373047,15.26734733581543,0,5,0,4,4,-0.20182388993751676,-0.9114898126654603,0.005761945909676935,0,0,0,0,221,False,False,
133,7,1429.4553257583837,885.0820946391972,1.0171814923418532,74.3462905883789,-0.9373230934143066,0,3,0,2,2,-0.3824083063896448,-0.8842819722615612,0.5194874885698137,0,0,0,0,121,True,True,collision
234,0,1411.7568342439868,875.5404500589681,0.1937174677395345,99.83033752441406,8.641463279724121,0,3,0,2,2,-0.10942071053121682,-0.9351847959594278,-0.6926822966781823,0,0,0,0,222,False,False,
234,1,1331.1293416362128,873.0176260085034,0.5151161224811778,175.01995849609375,14.941314697265625,0,5,0,4,4,0.031572011070144235,-0.958600017958042,-0.6594212692426479,0,0,0,0,222,False,False,
234,2,1406.0226548103644,874.450303859733,0.5946891973804028,105.30201721191406,8.732215881347656,0,3,0,2,2,-0.052084530224374245,-0.9505915246743891,-0.8522995813953329,0,0,0,0,222,False,False,
234,3,1434.9109804497382,869.96774790933,-0.17795065095091125,75.88450622558594,4.960452556610107,0,2,0,1,1,0.21330815009545176,-0.9675274504150599,-0.7168206718828452,0,0,0,0,222,False,False,
234,4,1384.4277387921104,878.8511912602964,1.9267886148507458,137.7027587890625,11.676258087158203,0,4,0,3,3,-0.1143588861354096,-0.911594171979849,-0.42879501338005,0,0,0,0,222,False,False,
234,5,1424.276840212328,866.6658042645026,1.5453824532183305,96.42880249023438,5.009549140930176,0,2,0,1,1,0.8941851747080225,-0.984073977671025,-0.30274439959462507,0,0,0,0,222,False,False,
234,6,1348.294303880295,883.5400848136518,0.14582334667703273,157.8688507080078,15.278525352478027,0,5,0,4,4,-0.20173180455123102,-0.9118592815536792,0.006809229404482364,0,0,0,0,222,False,False,
133,7,1429.4553257583837,885.0820946391972,1.0171814923418532,74.3462905883789,-0.9373230934143066,0,3,0,2,2,-0.3824083063896448,-0.8842819722615612,0.5194874885698137,0,0,0,0,121,True,True,collision
235,0,1411.7568342439868,875.5404500589681,0.0,99.83033752441406,8.64197826385498,0,3,0,2,2,-0.10942071053121682,-0.9351847959594278,-0.6926822966781823,1,0,0,0,223,False,False,
235,1,1330.3220142429616,873.1662718689473,0.8208977474210896,175.8408966064453,14.957345962524414,0,5,0,4,4,0.029676792706805424,-0.9607869297663421,-0.6731398940458748,0,0,0,0,223,False,False,
235,2,1405.9492254484044,874.4546067831004,0.07355532847700598,105.37562561035156,8.733769416809082,0,3,0,2,2,-0.05294615781896634,-0.9507871507719002,-0.8521606668265206,1,0,0,0,223,False,False,
235,3,1435.2213384877532,870.0078346147454,-0.31293618472718354,76.19738006591797,4.96079158782959,0,2,0,1,1,0.20983935885903596,-0.9667391185655579,-0.7221487366678319,0,0,0,0,223,False,False,
235,4,1383.0498956108686,878.9428187658394,1.3808864659583246,139.08360290527344,11.688982963562012,0,4,0,3,3,-0.12142175957286554,-0.9152124273432488,-0.4224039426981906,0,0,0,0,223,False,False,
235,5,1422.4491011570835,866.5989425121231,1.8289616037512972,98.25778198242188,5.005542755126953,0,2,0,1,1,1.0,-0.9841954094242393,-0.2903128392108246,0,0,0,1,223,False,False,
235,6,1348.294303880295,883.5400848136518,0.0,157.8688507080078,15.275300979614258,0,5,0,4,4,-0.20173180455123102,-0.9118592815536792,0.006809229404482364,1,0,0,0,223,False,False,
133,7,1429.4553257583837,885.0820946391972,1.0171814923418532,74.3462905883789,-0.9373230934143066,0,3,0,2,2,-0.3824083063896448,-0.8842819722615612,0.5194874885698137,0,0,0,0,121,True,True,collision
236,0,1411.4437431223305,875.5746330078234,0.31495162239999996,100.14530944824219,8.658599853515625,0,3,0,2,2,-0.11103799418750794,-0.9360121397653758,-0.6901768032708999,0,0,0,0,224,False,False,
236,1,1329.314104435041,873.3630343896838,1.0269360595818289,176.86785888671875,14.975074768066406,0,5,0,4,4,0.024572571156297032,-0.9635236018803154,-0.6916050262747067,0,0,0,0,224,False,False,
236,2,1405.5626214071733,874.4774159523347,0.38727631336990165,105.76289367675781,8.741292953491211,0,3,0,2,2,-0.05433902000623776,-0.9518161858037143,-0.8513837943541827,0,0,0,0,224,False,False,
236,3,1435.607898024662,870.0597316098183,-0.39002765757420754,76.58744812011719,4.963259220123291,0,2,0,1,1,0.2066725547443784,-0.9657549534467506,-0.729043095732963,0,1,0,0,224,False,False,
236,4,1381.3853753402636,879.05588488596,1.6683559808306971,140.7519989013672,11.706920623779297,0,4,0,3,3,-0.1290519329020425,-0.9195750800979839,-0.41439495108503444,0,0,0,0,224,False,False,
236,5,1421.1649594400374,866.547510622324,1.2851712682542769,99.5429916381836,4.998469829559326,0,2,0,1,1,1.0,-0.9833894362318325,-0.2776483014145702,0,0,0,2,224,False,False,
236,6,1348.3444078566342,883.5349489447747,-0.05036651262621914,157.91915893554688,15.268362998962402,0,5,0,4,4,-0.20137183255971094,-0.9117317827448984,0.006450415603117543,2,0,0,0,224,False,False,
133,7,1429.4553257583837,885.0820946391972,1.0171814923418532,74.3462905883789,-0.9373230934143066,0,3,0,2,2,-0.3824083063896448,-0.8842819722615612,0.5194874885698137,0,0,0,0,121,True,True,collision
237,0,1411.4329272533264,875.5758137165224,0.010880123866292302,100.15611267089844,8.658509254455566,0,3,0,2,2,-0.11107833707536909,-0.9360405207253064,-0.6900890722673636,1,0,0,0,225,False,False,
237,1,1328.6600253372897,873.493521894355,0.666968106426815,177.53480529785156,14.991989135742188,0,5,0,4,4,0.023074517894243248,-0.9653010073129782,-0.7039252720518695,0,0,0,0,225,False,False,
237,2,1405.498158187784,874.481245556604,0.06457687297241806,105.82746124267578,8.733859062194824,0,3,0,2,2,-0.05479449074673539,-0.951987727591399,-0.8512448797853703,1,0,0,0,225,False,False,
237,3,1436.1241213870358,870.1329917819443,-0.5213958310922037,77.10885620117188,4.964699745178223,0,2,0,1,1,0.20334334439698473,-0.9644376323633883,-0.7387038257349536,0,2,0,0,225,False,False,
237,4,1379.6397354448281,879.1550212090805,1.7484526459410292,142.5004119873047,11.720080375671387,0,4,0,3,3,-0.12944226827757271,-0.9241469981754361,-0.40832576085277394,0,0,0,0,225,False,False,
237,5,1420.2155648312812,866.5025828615347,0.9504570620625861,100.49339294433594,4.994706153869629,0,2,0,1,1,1.0,-0.9823672504883457,-0.2674600133577528,0,0,0,3,225,False,False,
237,6,1348.3628015148333,883.5330645809428,-0.01848992939396702,157.93768310546875,15.264070510864258,0,5,0,4,4,-0.20122455377522025,-0.9116848230841892,0.006318804804720246,3,0,0,0,225,False,False,
133,7,1429.4553257583837,885.0820946391972,1.0171814923418532,74.3462905883789,-0.9373230934143066,0,3,0,2,2,-0.3824083063896448,-0.8842819722615612,0.5194874885698137,0,0,0,0,121,True,True,collision
238,0,1411.1091301423844,875.610515936053,0.3256513674081695,100.48181915283203,8.673751831054688,0,3,0,2,2,-0.11132970028972093,-0.9368960007971703,-0.6875695716291484,0,0,0,0,226,False,False,
238,1,1328.4407759501548,873.5375342820822,0.2236233083388717,177.7584228515625,15.00953197479248,0,5,0,4,4,0.022703832541379004,-0.9658969309316788,-0.7080929663919077,0,0,0,0,226,False,False,
238,2,1405.4127272267565,874.486299297185,0.08558030962753857,105.9130630493164,8.73066520690918,0,3,0,2,2,-0.05489584587852884,-0.9522151456409471,-0.85107609265263,2,0,0,0,226,False,False,
238,3,1436.3204004075876,870.1610652810776,-0.19827651212976796,77.30714416503906,4.970232963562012,0,2,0,1,1,0.2010970978584693,-0.9639354098073813,-0.7424072518350331,0,0,0,0,226,False,False,
238,4,1378.3820987676065,879.2251208344634,1.2595888096405996,143.7600555419922,11.730226516723633,0,4,0,3,3,-0.13469457057565629,-0.9274344346355038,-0.40410935565251227,0,0,0,0,226,False,False,
238,5,1419.6297318376012,866.4723143047378,0.586614423633236,101.07998657226562,4.9913330078125,0,2,0,1,1,1.0,-0.9815842000149706,-0.2608679246189147,0,0,0,4,226,False,False,
238,6,1348.1232908474562,883.5580742243044,0.24081287766326545,158.17848205566406,15.27664852142334,0,5,0,4,4,-0.20392420194060606,-0.9122945609936486,0.008098580718755022,0,0,0,0,226,False,False,
133,7,1429.4553257583837,885.0820946391972,1.0171814923418532,74.3462905883789,-0.9373230934143066,0,3,0,2,2,-0.3824083063896448,-0.8842819722615612,0.5194874885698137,0,0,0,0,121,True,True,collision
239,0,1410.4773402840165,875.6738406153204,0.6349554631161249,101.11681365966797,8.69025993347168,0,3,0,2,2,-0.10989048292010592,-0.9385648507401619,-0.6831819351772795,0,0,0,0,227,False,False,
239,1,1328.1347062671994,873.6000084825646,0.3123806596931632,178.07077026367188,15.024041175842285,0,5,0,4,4,0.021153902780907983,-0.9667294111199104,-0.714025800518965,0,0,0,0,227,False,False,
239,2,1405.0142600434372,874.5087226563204,0.3990976111396428,106.31212615966797,8.748202323913574,0,3,0,2,2,-0.05427378069375916,-0.9532755492137156,-0.8504101202872385,0,0,0,0,227,False,False,
239,3,1436.2017392903012,870.1441429396666,0.11986169694465104,77.42699432373047,4.9832444190979,0,2,0,1,1,0.2026010505389978,-0.9642391138741898,-0.7401748422585694,0,0,0,0,227,False,False,
239,4,1377.1439313522246,879.289816362333,1.2398564674348544,144.99990844726562,11.746540069580078,0,4,0,3,3,-0.13875252947628194,-0.9306659990023396,-0.40047810967101527,0,0,0,0,227,False,False,
239,5,1418.7397967196903,866.4283276084759,0.8910215168776598,101.97108459472656,4.984410762786865,0,2,0,1,1,1.0,-0.9802208170297616,-0.2510970520438951,0,0,0,5,227,False,False,
239,6,1347.865563360689,883.585427120699,0.2591749184943068,158.4376220703125,15.289041519165039,0,5,0,4,4,-0.2066021850714151,-0.9129497681122656,0.010075830002756803,0,0,0,0,227,False,False,
133,7,1429.4553257583837,885.0820946391972,1.0171814923418532,74.3462905883789,-0.9373230934143066,0,3,0,2,2,-0.3824083063896448,-0.8842819722615612,0.5194874885698137,0,0,0,0,121,True,True,collision
240,0,1410.3646879223309,875.6849526202989,0.1131990779467183,101.22991180419922,8.705432891845703,0,3,0,2,2,-0.10942235122737429,-0.9388620139890657,-0.6824276029122691,0,0,0,0,228,True,False,max_steps
240,1,1328.1347062671994,873.6000084825646,0.0,178.07077026367188,15.023287773132324,0,5,0,4,4,0.021153902780907983,-0.9667294111199104,-0.714025800518965,1,0,0,0,228,True,False,max_steps
240,2,1404.3080363332808,874.543037525123,0.7070568852702342,107.01925659179688,8.766912460327148,0,3,0,2,2,-0.051469221538602346,-0.9551553248729425,-0.8498751441172546,0,0,0,0,228,True,False,max_steps
240,3,1436.1880600606637,870.1421930490282,0.013817503282992591,77.44080352783203,4.981122016906738,0,2,0,1,1,0.20276488237407445,-0.9642740884022637,-0.7399187386219834,1,0,0,0,228,True,False,max_steps
240,4,1376.3517675602172,879.3269900394654,0.7930355323936689,145.7928924560547,11.762777328491211,0,4,0,3,3,-0.13959480871335725,-0.9327315204849442,-0.3986623151631533,0,0,0,0,228,True,False,max_steps
240,5,1417.8102787274067,866.3777008052443,0.9308956822244794,102.90190887451172,8.19343376159668,0,3,1,2,2,0.19148203032233116,-0.9166559311673764,-0.2403225756656322,0,0,0,0,228,True,False,max_steps
240,6,1347.865563360689,883.585427120699,0.0,158.4376220703125,15.283472061157227,0,5,0,4,4,-0.2066021850714151,-0.9129497681122656,0.010075830002756803,1,0,0,0,228,True,False,max_steps
133,7,1429.4553257583837,885.0820946391972,1.0171814923418532,74.3462905883789,-0.9373230934143066,0,3,0,2,2,-0.3824083063896448,-0.8842819722615612,0.5194874885698137,0,0,0,0,121,True,True,collision
