step,car_index,x,y,speed,speed_kph,distance_travelled,total_reward,lap_count,next_goal_idx,progress_delta,checkpoints_reached,checkpoint_streak,heading_error_norm,goal_distance_norm,lateral_offset_norm,no_progress_steps,reverse_speed_steps,reverse_progress_events,heading_away_steps,wall_hugging_steps,done,collided,terminated_reason
1,0,1500.7543038178603,870.010886450219,0.31495162239999996,1.13382584064,0.24596759676933289,0.014014745131134987,0,1,0,0,0,0.0014080076335593124,-0.8858652811714959,-0.9405573818793085,0,0,0,0,0,False,False,
1,1,1501.1075337923069,869.9951021669743,-0.13785245897500004,-0.4962688523100001,0.10765473544597626,0.010608099400997162,0,1,0,0,0,0.0006110966589637377,-0.884922290214303,-0.9406358688250838,0,0,0,0,0,False,False,
1,2,1501.1075241630256,869.9948951374289,-0.13785245897500004,-0.4962688523100001,0.10766608268022537,0.00848956499248743,0,1,0,0,0,-0.0006110129913319422,-0.8849222599659534,-0.9406651410791148,0,0,0,0,0,False,False,
1,3,1501.0491259667606,869.9977367247756,-0.06297831937835266,-0.22672194976206958,0.04912419989705086,-0.004703063052147627,0,1,0,0,0,0.0002796495201936169,-0.8850783714781729,-0.9403211920942502,1,0,0,0,0,False,False,
1,4,1500.7543317314057,870.0114991531136,0.31495162239999996,1.13382584064,0.24599529802799225,0.018589217215776443,0,1,0,0,0,-0.00018871584511543916,-0.8858653568021195,-0.9404916300792078,0,0,0,0,0,False,False,
1,5,1500.9288527232964,870.0032637601558,0.09120828763609942,0.32834983548995794,0.07124047726392746,-0.0014925599098205566,0,1,0,0,0,0.000406622021029711,-0.8853993438242911,-0.9402569982412635,1,0,0,0,0,False,False,
1,6,1501.0920820412898,869.9957931850798,-0.11804490132040868,-0.42496164475347126,0.09213731437921524,0.011312667280435562,0,1,0,0,0,0.0005237830795834953,-0.8849636698983904,-0.9405553701264985,0,0,0,0,0,False,False,
1,7,1500.86887867647,870.0061270656987,0.16809953008599895,0.6051583083095963,0.13124550879001617,0.017971761524677277,0,1,0,0,0,-0.0001376701924022604,-0.8855593573678081,-0.9403300538117791,0,0,0,0,0,False,False,
2,0,1500.7543038178603,870.010886450219,0.0,0.0,0.24596759676933289,0.01322932168841362,0,1,0,0,0,0.0014080076335593124,-0.8858652811714959,-0.9405573818793085,1,0,0,0,0,False,False,
2,1,1501.0457202727848,869.9979737469896,0.07924486710278716,0.2852815215700338,0.16948889195919037,0.013555102050304413,0,1,0,0,0,3.393722307849758e-05,-0.8850871812971588,-0.9402919198402192,1,0,0,0,0,False,False,
2,2,1501.2362903905187,869.9885379906298,-0.16510116605582198,-0.5943641978009592,0.23660659790039062,0.019992690533399582,0,1,0,0,0,-0.001808225296298676,-0.8845784198930061,-0.9414262196839214,0,0,0,0,0,False,False,
2,3,1501.1232513248622,869.9943022306245,-0.09502809477342679,-0.34210114118433643,0.12342160940170288,-0.013267433270812035,0,1,0,0,0,0.00011223971711918543,-0.8848802450680875,-0.9407310036506846,2,0,0,0,0,False,False,
2,4,1500.2671622255202,870.0323560661764,0.6244494496447341,2.248018018721043,0.7335029244422913,0.03499029576778412,0,1,0,0,0,0.00237635697479656,-0.8871653684402465,-0.9413790203182603,0,0,0,0,0,False,False,
2,5,1500.6132363067734,870.0180949551507,0.404630019486799,1.4566680701524763,0.3871406018733978,0.007301607169210911,0,1,0,0,0,-0.00030582585855509276,-0.886241744046448,-0.9406824285748425,0,0,0,0,0,False,False,
2,6,1501.2902468616344,869.9871851391259,-0.25401271645540746,-0.9144457792394669,0.29056620597839355,0.021449772641062737,0,1,0,0,0,0.0019422203409751168,-0.8844345286900142,-0.941587217081092,0,0,0,0,0,False,False,
2,7,1500.4942617533488,870.0225192042869,0.4802001683322312,1.7287206059960325,0.5062388777732849,0.03291293978691101,0,1,0,0,0,0.0017649997939713558,-0.8865593361133091,-0.9409755048691993,0,0,0,0,0,False,False,
3,0,1500.8501798835086,870.0066049310335,-0.12290296487996416,-0.442450673567871,0.34200993180274963,0.026625370606780052,0,1,0,0,0,0.0011839205323238072,-0.8856091687627922,-0.9404039598213157,0,0,0,0,0,False,False,
3,1,1500.943324451104,870.0027268917622,0.13127111558953639,0.472576016122331,0.2720164656639099,0.023383136838674545,0,1,0,0,0,5.697744320956291e-05,-0.8853605881808998,-0.9402204686693691,0,0,0,0,0,False,False,
3,2,1501.201712495563,869.9902322706041,0.04433419415385905,0.15960309895389257,0.27131664752960205,0.02012326754629612,0,1,0,0,0,-0.0015741870712228472,-0.8846709797146022,-0.9412213139057042,1,0,0,0,0,False,False,
3,3,1501.2336773897332,869.9891923135137,-0.14156491384939585,-0.5096336898578251,0.23389220237731934,-0.0025397073477506638,0,1,0,0,0,0.00014966207019774123,-0.8845856568074586,-0.9413457209853361,0,0,0,0,0,False,False,
3,4,1499.8174404642696,870.052413526723,0.5764942156367033,2.075379176292132,1.1837799549102783,0.04808299243450165,0,1,0,0,0,0.0012537785963975996,-0.8883661051134267,-0.9421039874241366,0,0,0,0,0,False,False,
3,5,1500.0573937038644,870.0421268592478,0.7124869338191548,2.5649529617489577,0.9435687065124512,0.018444571644067764,0,1,0,0,0,0.0021078292247905337,-0.8877255443973999,-0.9416721001858902,0,0,0,0,0,False,False,
3,6,1501.2395484510648,869.9893945684031,0.064986912612263,0.2339528854041468,0.34139496088027954,0.0213449839502573,0,1,0,0,0,0.001855012785070029,-0.8845700713591738,-0.9413237667948128,1,0,0,0,0,False,False,
3,7,1499.8803723100707,870.0441141359025,0.7866440288767814,2.831918503956413,1.1205105781555176,0.05096942558884621,0,1,0,0,0,0.007324151176296962,-0.8881972875194291,-0.9426617682236648,0,0,0,0,0,False,False,
4,0,1501.0518927595858,869.9978503873424,-0.2585602810885751,-0.9308170119188703,0.5438588857650757,0.03640982136130333,0,1,0,0,0,0.0019721973873970456,-0.8850709077061057,-0.9403065559672348,0,0,0,0,0,False,False,
4,1,1500.7284824904075,870.0131035560938,0.27545117125229157,0.9916242165082497,0.48711061477661133,0.032242804765701294,0,1,0,0,0,-0.0011427264140757465,-0.8859341716926803,-0.9404697116214165,0,0,0,0,0,False,False,
4,2,1500.9862947691524,870.0000535129946,0.27615434194777505,0.9941556310119902,0.4868727922439575,0.03570810332894325,0,1,0,0,0,0.000592953139148891,-0.8852457958464997,-0.9402423871271604,0,0,0,0,0,False,False,
4,3,1501.1060185502288,869.9949589342046,0.16364889581293104,0.5891360249265518,0.3615846335887909,0.010275540873408318,0,1,0,0,0,0.0008529127880437828,-0.88492616955956,-0.9406578230156071,0,0,0,0,0,False,False,
4,4,1499.7740367904275,870.0543543617949,0.05563906098560881,0.2003006195481917,1.2271589040756226,0.047745753079652786,0,1,0,0,0,0.0011809371471309129,-0.888481782190394,-0.9421705860899849,1,0,0,0,0,False,False,
4,5,1499.8059555448963,870.0529804847181,0.3222960415517404,1.1602657495862656,1.195268154144287,0.03278478980064392,0,1,0,0,0,0.0021644103862690322,-0.8883967390887012,-0.9421185985382396,0,0,0,0,0,False,False,
4,6,1501.2395484510648,869.9893945684031,0.0,0.0,0.34139496088027954,0.022880468517541885,0,1,0,0,0,0.001855012785070029,-0.8845700713591738,-0.9413237667948128,2,0,0,0,0,False,False,
4,7,1499.563330639379,870.0534673426583,0.4061858617078608,1.462269102148299,1.4376647472381592,0.06883823871612549,0,1,0,0,0,0.011017196701435713,-0.8890429054885213,-0.9437464174362925,0,0,0,0,0,False,False,
5,0,1501.357885278366,869.9851553826643,-0.39219657554712517,-1.4119076719696506,0.8501523733139038,0.04339497163891792,0,1,0,0,0,0.003165383053204904,-0.8842541352632629,-0.941828713176848,0,1,0,0,0,False,False,
5,1,1500.2716618780296,870.0345903921096,0.5856593911562642,2.1083738081625514,0.9445246458053589,0.044074609875679016,0,1,0,0,0,-0.0003437915912728487,-0.8871539422202563,-0.9410777862411944,0,0,0,0,0,False,False,
5,2,1500.6960882523913,870.0128842239296,0.37200669509835055,1.339224102354062,0.7774388194084167,0.049422673881053925,0,1,0,0,0,0.0014794940438201188,-0.8860206364361597,-0.9407262619171519,0,0,0,0,0,False,False,
5,3,1500.7409916477293,870.0119455660105,0.46796583716980417,1.684677013811295,0.7270938158035278,0.017274335026741028,0,1,0,0,0,-1.3763766470889196e-05,-0.8859008607521469,-0.940520852307414,0,0,0,0,0,False,False,
5,4,1499.7740367904275,870.0543543617949,0.0,0.0,1.2271589040756226,0.04866662994027138,0,1,0,0,0,0.0011809371471309129,-0.888481782190394,-0.9421705860899849,2,0,0,0,0,False,False,
5,5,1499.8059555448963,870.0529804847181,0.0,0.0,1.195268154144287,0.033939801156520844,0,1,0,0,0,0.0021644103862690322,-0.8883967390887012,-0.9421185985382396,1,0,0,0,0,False,False,
5,6,1501.3470967339972,869.9848259696581,-0.13785245897500004,-0.4962688523100001,0.44903630018234253,0.03209354355931282,0,1,0,0,0,0.002548015192241198,-0.8842830300321081,-0.9418726215578945,0,0,0,0,0,False,False,
5,7,1499.4065085640884,870.058060883962,0.20091528220320687,0.7232950159315448,1.5945918560028076,0.07826048135757446,0,1,0,0,0,0.011193299473880971,-0.8894613126044759,-0.9442960440263848,0,0,0,0,0,False,False,
6,0,1501.7663061683359,869.96737231627,-0.5235266270973127,-1.8846958575503256,1.2589882612228394,0.04557596147060394,0,1,0,0,0,0.0018439045413344956,-0.8831639104923132,-0.9439655877211127,0,2,0,0,0,False,False,
6,1,1500.221221987705,870.0369362427073,0.06466404331145116,0.2327905559212242,0.9949930310249329,0.04705853760242462,0,1,0,0,0,-8.16817947553419e-06,-0.8872885245007289,-0.941151692250731,1,0,0,0,0,False,False,
6,2,1500.393704325552,870.0251584217422,0.3875571372556355,1.395205694120288,1.0800557136535645,0.0631633847951889,0,1,0,0,0,0.003807536516253486,-0.8868276005236748,-0.9413635587651362,0,0,0,0,0,False,False,
6,3,1500.6816597199954,870.0146831567228,0.07606236116825234,0.2738245002057084,0.7864835262298584,0.009720954112708569,0,1,0,0,0,0.00023737003107903042,-0.8860592333247689,-0.940608522565306,1,0,0,0,0,False,False,
6,4,1499.5283625646346,870.0657255313682,0.31495162239999996,1.13382584064,1.4731485843658447,0.060221947729587555,0,1,0,0,0,0.00018514474743117009,-0.8891377545208117,-0.9425221139873007,0,0,0,0,0,False,False,
6,5,1499.9134972821978,870.0482603158249,-0.13785245897500004,-0.4962688523100001,1.3029147386550903,0.04736081510782242,0,1,0,0,0,0.0016988458479899136,-0.8881096827032363,-0.9419359542520407,0,0,0,0,0,False,False,
6,6,1501.560499832229,869.9764663772994,-0.27349741384103204,-0.9845906898277154,0.6627009510993958,0.041439399123191833,0,1,0,0,0,0.004626837867250641,-0.8837132727586414,-0.9428751962584571,0,0,0,0,0,False,False,
6,7,1499.4065085640884,870.058060883962,0.0,0.0,1.5945918560028076,0.07758273929357529,0,1,0,0,0,0.011193299473880971,-0.8894613126044759,-0.9442960440263848,1,0,0,0,0,False,False,
7,0,1502.1495030968485,869.9515480996084,-0.4911470615794399,-1.7681294216859835,1.6424928903579712,0.04453085735440254,0,1,0,0,0,0.003242433947659151,-0.8821412450029101,-0.9458609661696216,0,3,0,0,0,False,False,
7,1,1499.925964183075,870.0509024925473,0.3785351808470891,1.3627266510495208,1.290611743927002,0.059773895889520645,0,1,0,0,0,-0.0005163102528339575,-0.888076840737435,-0.941532442376253,0,0,0,0,0,False,False,
7,2,1500.2423898203629,870.0310067255522,0.1939207331711382,0.6981146394160975,1.2314143180847168,0.07959160208702087,0,1,0,0,0,0.005059400864650203,-0.8872312109739203,-0.9417159335281996,0,0,0,0,0,False,False,
7,3,1500.55865756923,870.0202547705958,0.15768026405026103,0.5676489505809398,0.9095337390899658,0.026082053780555725,0,1,0,0,0,0.000775603580885647,-0.8863873669558643,-0.9407993210609409,0,0,0,0,0,False,False,
7,4,1499.1322097949046,870.083419553951,0.5078260837993336,1.8281739016776009,1.8696620464324951,0.07164689153432846,0,1,0,0,0,0.0012265029816777289,-0.8901951217516112,-0.9431602577010326,0,0,0,0,0,False,False,
7,5,1499.9597534584602,870.046223132152,-0.05929390508244924,-0.21345805829681727,1.3492258787155151,0.04678764566779137,0,1,0,0,0,0.0016024492449421106,-0.8879861864393198,-0.9418620482425042,1,0,0,0,0,False,False,
7,6,1501.87801393181,869.9649793421457,-0.40688022968731496,-1.464768826874334,0.9804130792617798,0.046748824417591095,0,1,0,0,0,0.0064832386832778055,-0.8828660849136429,-0.9442509921979152,0,1,0,0,0,False,False,
7,7,1499.514108329288,870.054931062054,-0.13785245897500004,-0.4962688523100001,1.7023028135299683,0.09212010353803635,0,1,0,0,0,0.011293292892917053,-0.889174129473459,-0.943915297474136,0,0,0,0,0,False,False,
8,0,1502.540627659416,869.937335547954,-0.5012116688152494,-1.8043620077348979,2.0338644981384277,0.049910180270671844,0,1,0,0,0,0.006337793857321749,-0.8810976389560274,-0.9475660749669287,0,4,0,0,0,False,False,
8,1,1499.925964183075,870.0509024925473,0.0,0.0,1.290611743927002,0.05107288807630539,0,1,0,0,0,-0.0005163102528339575,-0.888076840737435,-0.941532442376253,1,0,0,0,0,False,False,
8,2,1500.0929309909486,870.0367204148598,0.19153945368078862,0.6895420332508391,1.3810604810714722,0.09465502202510834,0,1,0,0,0,0.0053455020204081745,-0.8876302538261049,-0.9420674578522421,0,0,0,0,0,False,False,
8,3,1500.55865756923,870.0202547705958,0.0,0.0,0.9095337390899658,0.026056185364723206,0,1,0,0,0,0.000775603580885647,-0.8863873669558643,-0.9407993210609409,1,0,0,0,0,False,False,
8,4,1498.7158652270482,870.100014244403,0.5336016312606893,1.9209658725384815,2.286374807357788,0.09043683111667633,0,1,0,0,0,0.004324685358421713,-0.8913063302405935,-0.9440760233025437,0,0,0,0,0,False,False,
8,5,1499.9057656616174,870.0486172159201,0.0692056806866144,0.24914045047181183,1.4032361507415771,0.04768846184015274,0,1,0,0,0,0.0014106409556338426,-0.8881302137427124,-0.9419432615957289,2,0,0,0,0,False,False,
8,6,1502.03213985904,869.9597592971836,-0.19748958266075672,-0.7109624975787242,1.1345531940460205,0.05390254780650139,0,1,0,0,0,0.007923370434110982,-0.8824550776746005,-0.9448730275960745,0,0,0,0,0,False,False,
8,7,1499.6773303589737,870.0504536276807,-0.20910367184607365,-0.7527732186458651,1.8655716180801392,0.10190155357122421,0,1,0,0,0,0.01229809941684942,-0.8887388286359621,-0.9433136797590254,0,0,0,0,0,False,False,
9,0,1502.6798590478243,869.9324076524953,-0.17841384396471346,-0.6422898382729685,2.173110246658325,0.05764038860797882,0,1,0,0,0,0.006915846027029223,-0.8807263400726761,-0.9481515200475491,0,0,0,0,0,False,False,
9,1,1499.9319799619357,870.0506180985213,-0.007712517605511254,-0.027765063379840516,1.2967228889465332,0.04164588078856468,0,1,0,0,0,-0.0004987074701997724,-0.8880605444633743,-0.9415251350325649,2,0,0,0,0,False,False,
9,2,1500.0929309909486,870.0367204148598,0.0,0.0,1.3810604810714722,0.09681116789579391,0,1,0,0,0,0.0053455020204081745,-0.8876302538261049,-0.9420674578522421,1,0,0,0,0,False,False,
9,3,1500.4096327825848,870.026833019416,0.19102963980008483,0.6877067032803054,1.0587272644042969,0.0344754159450531,0,1,0,0,0,0.0015144871609932252,-0.8867852153648293,-0.9410485640129882,0,0,0,0,0,False,False,
9,4,1498.7018275109167,870.1005705376076,0.017991059718038376,0.06476781498493815,2.3004236221313477,0.09103669971227646,0,1,0,0,0,0.004472272940283359,-0.8913437927258856,-0.94410524553075,1,0,0,0,0,False,False,
9,5,1499.6131158623227,870.0614157437279,0.3751307751512639,1.35047079054455,1.6961166858673096,0.062440015375614166,0,1,0,0,0,0.0018125396026072672,-0.8889112248791377,-0.9424563586139267,0,0,0,0,0,False,False,
9,6,1501.9379937252133,869.9629939118043,0.12063635629098847,0.4342908826475585,1.2287249565124512,0.0646485760807991,0,1,0,0,0,0.007628908256388122,-0.8827061844886507,-0.9444851702301634,0,0,0,0,0,False,False,
9,7,1499.5920918473892,870.0529040188736,0.10920305367466973,0.39313099322881107,1.9509336948394775,0.11978965997695923,0,1,0,0,0,0.011484697770939079,-0.8889664232987101,-0.9436140633970702,0,0,0,0,0,False,False,
10,0,1502.587320754185,869.9357350612632,0.11858277343920592,0.42689798438114135,2.265698194503784,0.07497163861989975,0,1,0,0,0,0.006571591915633551,-0.8809732273509122,-0.9477563446181303,0,0,0,0,0,False,False,
10,1,1499.9673556047578,870.048943210139,-0.04535342645406266,-0.16327233523462556,1.3321616649627686,0.03788859769701958,0,1,0,0,0,-0.0005438537924267924,-0.8879660411907413,-0.9414813016902555,3,0,0,0,0,False,False,
10,2,1499.847202592569,870.046853674264,0.31495162239999996,1.13382584064,1.6269967555999756,0.1141991913318634,0,1,0,0,0,0.003453456731761801,-0.8882860744215607,-0.9425659473296101,0,0,0,0,0,False,False,
10,3,1500.018249871468,870.0447602754522,0.5017374537048755,1.806254833337552,1.4504930973052979,0.03980618715286255,0,1,0,0,0,0.0004628859236093932,-0.8878299238099413,-0.9416282632703077,0,0,0,0,0,False,False,
10,4,1498.7018275109167,870.1005705376076,0.0,0.0,2.3004236221313477,0.08901997655630112,0,1,0,0,0,0.004472272940283359,-0.8913437927258856,-0.94410524553075,2,0,0,0,0,False,False,
10,5,1499.2476225564658,870.0760275200619,0.4684311344080907,1.6863520838691266,2.0618886947631836,0.07624341547489166,0,1,0,0,0,0.0042354965306092,-0.8898865960075779,-0.9432406206152365,0,0,0,0,0,False,False,
10,6,1501.6451754795874,869.9727916971441,0.3751981253225296,1.3507132511611066,1.5217344760894775,0.08275483548641205,0,1,0,0,0,0.008254821506749483,-0.8834874766663455,-0.9433142800689225,0,0,0,0,0,False,False,
10,7,1499.5920918473892,870.0529040188736,0.0,0.0,1.9509336948394775,0.12020904570817947,0,1,0,0,0,0.011484697770939079,-0.8889664232987101,-0.9436140633970702,1,0,0,0,0,False,False,
11,0,1502.587320754185,869.9357350612632,0.0,0.0,2.265698194503784,0.0717577263712883,0,1,0,0,0,0.006571591915633551,-0.8809732273509122,-0.9477563446181303,1,0,0,0,0,False,False,
11,1,1499.7564951732911,870.0590870702779,0.2703439129675826,0.9732380866832974,1.5433423519134521,0.05349751189351082,0,1,0,0,0,-0.0010322853603633398,-0.8885291890216438,-0.9417305446423028,0,0,0,0,0,False,False,
11,2,1499.5803888183962,870.0590522149034,0.34204339684332447,1.231356228635968,1.8939995765686035,0.13302376866340637,0,1,0,0,0,0.0006094205611551236,-0.8889980816586855,-0.9429621554349829,0,0,0,0,0,False,False,
11,3,1499.3881483580053,870.0737622844189,0.8077735248959615,2.9079846896254615,2.081289529800415,0.05347983539104462,0,1,0,0,0,0.00032559586578473603,-0.8895120472615204,-0.9425367251014037,0,0,0,0,0,False,False,
11,4,1498.8093830503797,870.0961760880369,-0.13785245897500004,-0.4962688523100001,2.40805721282959,0.10340485721826553,0,1,0,0,0,0.0036814022132059814,-0.8910567743450728,-0.943885224806909,0,0,0,0,0,False,False,
11,5,1499.2476225564658,870.0760275200619,0.0,0.0,2.0618886947631836,0.06917544454336166,0,1,0,0,0,0.0042354965306092,-0.8898865960075779,-0.9432406206152365,1,0,0,0,0,False,False,
11,6,1501.2388835622319,869.9853208226933,0.5205520121595689,1.8739872437744483,1.9281771183013916,0.10165710747241974,0,1,0,0,0,0.010016063687710798,-0.8845711901568684,-0.9418140770498324,0,0,0,0,0,False,False,
11,7,1499.346295770883,870.0612357348172,0.31495162239999996,1.13382584064,2.1968014240264893,0.13581475615501404,0,1,0,0,0,0.008258914102404763,-0.8896220146673887,-0.9443325735982793,0,0,0,0,0,False,False,
12,0,1502.611429677919,869.9348715131508,-0.030894116777437235,-0.11121882039877405,2.2898831367492676,0.06274125725030899,0,1,0,0,0,0.0066558786757231776,-0.8809087378064033,-0.9478587975072389,2,0,0,0,0,False,False,
12,1,1499.6243155267541,870.0656425795261,0.16947966411328946,0.610126790807842,1.6757056713104248,0.06987276673316956,0,1,0,0,0,-0.0019835021122702303,-0.8888821564793821,-0.9418693520129191,0,0,0,0,0,False,False,
12,2,1499.0726092314492,870.0838989422967,0.6510496183072919,2.3437786259062507,2.402419328689575,0.14832986891269684,0,1,0,0,0,-0.001448932348894358,-0.8903538641889404,-0.9435190893687633,0,0,0,0,0,False,False,
12,3,1498.5241186553535,870.1153353230494,1.1077719142695086,3.987978891370231,2.9463024139404297,0.07348570972681046,0,1,0,0,0,-0.001021801256473509,-0.8918187453761799,-0.9435702300547608,0,0,0,0,0,False,False,
12,4,1498.7502809264313,870.0985983283229,0.07575077265235744,0.2727027815484868,2.4671871662139893,0.10215379297733307,0,1,0,0,0,0.0036068711876749955,-0.8912144510640758,-0.944010271502443,1,0,0,0,0,False,False,
12,5,1499.2983418184292,870.0739961629625,-0.06500406465620558,-0.23401463276234008,2.1125903129577637,0.06728906184434891,0,1,0,0,0,0.00418482010929482,-0.8897513937352228,-0.9431383428165145,2,0,0,0,0,False,False,
12,6,1500.899146440421,869.9942909298532,0.4352250401381048,1.5668101444971774,2.268017292022705,0.11610835045576096,0,1,0,0,0,0.012938478575576243,-0.8854772449705763,-0.9415397461466679,0,0,0,0,0,False,False,
12,7,1499.346295770883,870.0612357348172,0.0,0.0,2.1968014240264893,0.1358935832977295,0,1,0,0,0,0.008258914102404763,-0.8896220146673887,-0.9443325735982793,1,0,0,0,0,False,False,
13,0,1502.5005086331942,869.9388927765135,0.14214078435085503,0.5117068236630782,2.4009182453155518,0.07544796168804169,0,1,0,0,0,0.006395271209897007,-0.8812048164154822,-0.947375805315727,0,0,0,0,1,False,False,
13,1,1499.2487699053618,870.0848086485464,0.48155632780369034,1.7336027800932852,2.0516858100891113,0.08464574813842773,0,1,0,0,0,-0.00292515255345399,-0.8898847590115982,-0.9421852007773613,0,0,0,0,1,False,False,
13,2,1498.6082195135891,870.1055265696768,0.5953503528950527,2.14326127042219,2.867277145385742,0.16548125445842743,0,1,0,0,0,5.0926066154172784e-05,-0.8915934851680113,-0.9441645404261835,0,0,0,0,1,False,False,
13,3,1497.9998666848928,870.1421541409347,0.6722443220974493,2.4200795595508175,3.471278667449951,0.092845119535923,0,1,0,0,0,-0.002991337699750337,-0.8932186670413755,-0.9440175788461312,0,0,0,0,1,False,False,
13,4,1498.6369198206626,870.1033248332187,0.14529838324897548,0.5230741796963118,2.580568313598633,0.11913159489631653,0,1,0,0,0,0.0031636858178785586,-0.8915167978019167,-0.9442302922262842,0,0,0,0,1,False,False,
13,5,1499.3736689219495,870.0709232393523,-0.09654546660245827,-0.3475636797688498,2.187969446182251,0.06519711762666702,0,1,0,0,0,0.0037052563625261806,-0.889550386319007,-0.942976766549086,3,0,0,0,1,False,False,
13,6,1500.4942654788654,870.0026211037134,0.5186075094116339,1.8669870338818821,2.67301082611084,0.1313217431306839,0,1,0,0,0,0.016805088137366572,-0.8865568572490056,-0.9433575131013348,0,0,0,0,1,False,False,
13,7,1499.1004971582295,870.0694922918492,0.31495162239999996,1.13382584064,2.442791223526001,0.14684025943279266,0,1,0,0,0,0.00850345794528001,-0.8902779305311722,-0.9450510837994882,0,0,0,0,1,False,False,
14,0,1502.1457358292228,869.9530629312821,0.45469063524659936,1.6368862868877578,2.755937099456787,0.09230265021324158,0,1,0,0,0,0.00408341944906062,-0.8821515138413889,-0.9456780145819276,0,0,0,0,2,False,False,
14,1,1499.1678481442696,870.0890132307571,0.10376964066433096,0.37357070639159146,2.1327247619628906,0.09736713767051697,0,1,0,0,0,-0.003517479607136112,-0.8901008603879919,-0.9422509490041888,0,0,0,0,2,False,False,
14,2,1497.9062774254382,870.1325975710306,0.8995878006006289,3.2385160821622643,3.569823980331421,0.18512623012065887,0,1,0,0,0,0.005229574450153349,-0.8934668806011357,-0.9458134273430067,0,0,0,0,2,False,False,
14,3,1497.239590827322,870.1822009734203,0.974972572630059,3.5099012614682126,4.23258638381958,0.1118929535150528,0,1,0,0,0,-0.004031499908663565,-0.8952487805840106,-0.9445160647502259,0,0,0,0,2,False,False,
14,4,1498.4618146804864,870.1109265859718,0.22445397478468365,0.8080343092248612,2.7559025287628174,0.13747254014015198,0,1,0,0,0,0.0020813175526351794,-0.8919843531759633,-0.9445379832080172,0,0,0,0,2,False,False,
14,5,1499.5553319160301,870.0630084729881,-0.23286156526684001,-0.838301634960624,2.369783401489258,0.07320993393659592,0,1,0,0,0,0.0019342347304624732,-0.889065551482187,-0.9426690755673529,0,0,0,0,2,False,False,
14,6,1500.0205058190604,870.0091392772554,0.606762488910723,2.184344960078603,3.14681077003479,0.15053457021713257,0,1,0,0,0,0.02138087536178735,-0.8878196201889703,-0.9458718717994192,0,0,0,0,2,False,False,
14,7,1498.8849716157558,870.0766793650433,0.2761592704597375,0.994173373655055,2.6583635807037354,0.15811876952648163,0,1,0,0,0,0.008704901161401482,-0.8908527352507694,-0.9456965348569084,0,0,0,0,2,False,False,
15,0,1501.663010265872,869.9751848233569,0.6188357576341506,2.227808727482942,3.2392306327819824,0.11155259609222412,0,1,0,0,0,0.0003476746228993003,-0.8834402960122021,-0.9430288755921199,0,0,0,0,3,False,False,
15,1,1498.9042870153153,870.1025573482925,0.3379664541360546,1.2166792348897966,2.396622657775879,0.10818508267402649,0,1,0,0,0,-0.003176194496686296,-0.8908045793114023,-0.9424636659576149,0,0,0,0,3,False,False,
15,2,1497.370965135462,870.150850188052,0.6859288530205497,2.469343870873979,4.105415344238281,0.202889084815979,0,1,0,0,0,0.008179411132119046,-0.894895010040957,-0.9473454217737316,0,0,0,0,3,False,False,
15,3,1496.6254674518252,870.2118740618772,0.7873748466092569,2.834549447793325,4.847437858581543,0.13006684184074402,0,1,0,0,0,-0.0012852056265997033,-0.8968883818746289,-0.9452345749514349,0,0,0,0,3,False,False,
15,4,1498.044054043089,870.1303247398142,0.5355681553541173,1.9280453592748223,3.1740777492523193,0.15563620626926422,0,1,0,0,0,0.00016335497797967947,-0.8930994872300426,-0.945124139370004,0,0,0,0,3,False,False,
15,5,1499.8118145686205,870.0512893988438,-0.3287989410902286,-1.183676187924823,2.6265206336975098,0.07525881379842758,0,1,0,0,0,0.0005817371721743964,-0.8883809189248209,-0.9422801748056683,0,0,0,0,3,False,False,
15,6,1499.7881717447378,870.0119794271925,0.2975533890015869,1.0711922004057128,3.3791275024414062,0.16651354730129242,0,1,0,0,0,0.022481883906807335,-0.8884387444378863,-0.9471546232780969,0,0,0,0,3,False,False,
15,7,1498.4273784024372,870.0925600894933,0.5863548222383302,2.110877360057989,3.1162824630737305,0.17644071578979492,0,1,0,0,0,0.007929235548022955,-0.8920737598933094,-0.9469719789918979,0,0,0,0,3,False,False,
16,0,1501.3023768666192,869.9914901563808,0.4623053658233575,1.6642993169640872,3.6001970767974854,0.12483881413936615,0,1,0,0,0,0.0007431147744688992,-0.8844028728956995,-0.9410676345720413,0,0,0,0,4,False,False,
16,1,1498.8440683393114,870.1056144143284,0.07721641934031921,0.27797910962514916,2.456880569458008,0.10861174017190933,0,1,0,0,0,-0.002784768797212362,-0.8909652657929952,-0.9425148066436124,1,0,0,0,4,False,False,
16,2,1496.89237435668,870.1651807498665,0.61316658335281,2.207399700070116,4.584266185760498,0.221896693110466,0,1,0,0,0,0.010955038707559575,-0.8961717563093711,-0.9489659333280963,0,0,0,0,4,False,False,
16,3,1496.0071815079689,870.2385449859275,0.7925243389268835,2.8530876201367805,5.466299057006836,0.1491256207227707,0,1,0,0,0,0.0020387885880388187,-0.8985386700325321,-0.9463484428189958,0,0,0,0,4,False,False,
16,4,1497.885266337302,870.1380404118539,0.20358628639667845,0.7329106310280424,3.333080291748047,0.1714809238910675,0,1,0,0,0,-0.0012123899600456726,-0.8935234930347866,-0.9453003267515356,0,0,0,0,4,False,False,
16,5,1500.0859350174862,870.0390605947553,-0.3513926757003128,-1.265013632521126,2.9009621143341064,0.07997734099626541,0,1,0,0,0,0.001259536475709903,-0.8876490763957758,-0.9418401297847129,0,1,0,0,4,False,False,
16,6,1499.3139450071915,870.0187465729979,0.607365046088159,2.1865141659173726,3.853419065475464,0.1837785840034485,0,1,0,0,0,0.02142266145131594,-0.889702814669341,-0.9496397597479751,0,0,0,0,4,False,False,
16,7,1497.87593913317,870.1095404824875,0.706517684241779,2.5434636632704044,3.6679351329803467,0.19165340065956116,0,1,0,0,0,0.010561163394193487,-0.8935446333738054,-0.9487751348324616,0,0,0,0,4,False,False,
17,0,1501.3023768666192,869.9914901563808,0.0,0.0,3.6001970767974854,0.12758292257785797,0,1,0,0,0,0.0007431147744688992,-0.8844028728956995,-0.9410676345720413,1,0,0,0,5,False,False,
17,1,1498.6539407559992,870.1153663658611,0.24380084166983765,0.8776830300114156,2.6473166942596436,0.11691389977931976,0,1,0,0,0,-0.0031332285359206304,-0.8914730891411596,-0.9426690755673529,0,0,0,0,5,False,False,
17,2,1496.358863493422,870.1794622279851,0.6834682712199188,2.4604857763917076,5.1179046630859375,0.24081414937973022,0,1,0,0,0,0.013154528985291196,-0.8975944926208927,-0.9509744987783979,0,0,0,0,5,False,False,
17,3,1495.7978990909992,870.2475053594976,0.26825632849175707,0.9657227825703255,5.675841808319092,0.1653832495212555,0,1,0,0,0,0.002255759480940848,-0.899097447316143,-0.9467300398102655,0,0,0,0,5,False,False,
17,4,1497.885266337302,870.1380404118539,0.0,0.0,3.333080291748047,0.16909372806549072,0,1,0,0,0,-0.0012123899600456726,-0.8935234930347866,-0.9453003267515356,1,0,0,0,5,False,False,
17,5,1500.110055104381,870.0379835108307,-0.030919395172751805,-0.1113098226219065,2.925157070159912,0.07539244741201401,0,1,0,0,0,0.001231166332813574,-0.8875845567629844,-0.9418036037860916,1,0,0,0,5,False,False,
17,6,1498.680534212902,870.0261299871864,0.8112122654922578,2.9203641557721283,4.486885070800781,0.19874340295791626,0,1,0,0,0,0.023444993076975923,-0.8913909293903286,-0.9531657049416253,0,0,0,0,5,False,False,
17,7,1497.4955045210172,870.1206235879771,0.48739804860159897,1.7546329749657563,4.048588752746582,0.20743374526500702,0,1,0,0,0,0.011729510578140258,-0.8945595369195688,-0.9501017196534485,0,0,0,0,5,False,False,
18,0,1501.0566974870353,870.0027494265029,0.31495162239999996,1.13382584064,3.8461811542510986,0.13974851369857788,0,1,0,0,0,0.00035418219290350966,-0.8850588301781862,-0.9397211108866143,0,0,0,0,6,False,False,
18,1,1498.337728192398,870.1316412459347,0.405483440493531,1.4597403857767117,2.9638984203338623,0.13171139359474182,0,1,0,0,0,-0.0032711470398952415,-0.8923172959523408,-0.9429183185194002,0,0,0,0,6,False,False,
18,2,1496.013891031484,870.1871818427036,0.441888483359646,1.5907985400947255,5.462962627410889,0.25681737065315247,0,1,0,0,0,0.016092530720726788,-0.8985143575011206,-0.9524398909700014,0,0,0,0,6,False,False,
18,3,1495.554434768859,870.2584037180866,0.31209697143926357,1.1235490971813489,5.919495105743408,0.1807805299758911,0,1,0,0,0,0.00102350142135208,-0.8997471886524574,-0.9471180937062024,0,0,0,0,6,False,False,
18,4,1497.8500268008554,870.139762492681,0.04518223149188904,0.16265603337080053,3.3684000968933105,0.16779717803001404,0,1,0,0,0,-0.0013891442036677087,-0.8936176787297299,-0.945344160093845,2,0,0,0,6,False,False,
18,5,1500.1903257356314,870.0343338100449,-0.10290220151350656,-0.3704479254486236,3.0054380893707275,0.0886661559343338,0,1,0,0,0,0.000712988701085414,-0.8873704743991736,-0.9416721001858902,0,0,0,0,6,False,False,
18,6,1497.81288269286,870.0298517908421,1.1111402318269246,4.000104834576929,5.354568958282471,0.21934570372104645,0,1,0,0,0,0.028746904951838008,-0.8937024445742521,-0.9587586636152629,0,0,0,0,6,False,False,
18,7,1497.0694000484445,870.1334225572966,0.5459230942409361,1.96532313926737,4.474806785583496,0.2252725064754486,0,1,0,0,0,0.011275446944553538,-0.8956959433016365,-0.9515314327121784,0,0,0,0,6,False,False,
19,0,1501.0566974870353,870.0027494265029,0.0,0.0,3.8461811542510986,0.13761702179908752,0,1,0,0,0,0.00035418219290350966,-0.8850588301781862,-0.9397211108866143,1,0,0,0,7,False,False,
19,1,1497.7813181663787,870.1576151801588,0.7133245517382344,2.5679683862576437,3.5208992958068848,0.14808031916618347,0,1,0,0,0,-0.00023375054536877037,-0.8938026314388323,-0.9436879694066068,0,0,0,0,7,False,False,
19,2,1495.7001675412812,870.1925210659781,0.4018180753591527,1.4465450712929497,5.77672815322876,0.27520135045051575,0,1,0,0,0,0.01966518157464729,-0.8993506676222642,-0.9539946507242654,0,0,0,0,7,False,False,
19,3,1495.3046685304664,870.2704622324122,0.32022765415237,1.152819554948532,6.1695404052734375,0.19975346326828003,0,1,0,0,0,-0.0012172334187356328,-0.9004139746056204,-0.9474111700005592,0,0,0,0,7,False,False,
19,4,1497.804609349955,870.1419822374871,0.058231822220832126,0.20963455999499567,3.41386342048645,0.16712471842765808,0,1,0,0,0,-0.0013944507294471325,-0.8937389139800369,-0.9453953007798426,3,0,0,0,7,False,False,
19,5,1500.2669075758827,870.0308550641039,-0.09817320155585761,-0.3534235256010874,3.08217716217041,0.08341799676418304,0,1,0,0,0,0.0007384336870630806,-0.8871658370594601,-0.9415543572607711,1,0,0,0,7,False,False,
19,6,1497.3588639598827,870.0307094225589,0.5814255233595259,2.0931318840942934,5.808549404144287,0.23657143115997314,0,1,0,0,0,0.030623804516858085,-0.8949116738556626,-0.9618161955720456,0,0,0,0,7,False,False,
19,7,1496.6973546945353,870.1460216932115,0.4767210332056049,1.7161957195401776,4.8470892906188965,0.24098454415798187,0,1,0,0,0,0.008926761765072103,-0.8966885994915019,-0.9526160783515331,0,0,0,0,7,False,False,
20,0,1500.811034277877,870.0143561651716,0.31495162239999996,1.13382584064,4.092060089111328,0.15099334716796875,0,1,0,0,0,-0.0005492545632632881,-0.8857145075381417,-0.9397511978469343,0,0,0,0,8,False,False,
20,1,1497.5947630443043,870.1663039905186,0.23916479705771973,0.8609932694077911,3.7077488899230957,0.16103149950504303,0,1,0,0,0,-0.00016759935887699208,-0.8943008966390671,-0.9439445197023424,0,0,0,0,8,False,False,
20,2,1495.4084650919374,870.197406754015,0.37361175126396334,1.3450023045502681,6.068517208099365,0.2867748439311981,0,1,0,0,0,0.019991612307111318,-0.9001283904046202,-0.9554381280313506,0,0,0,0,8,False,False,
20,3,1495.0995812393105,870.2804267956316,0.2629482636903062,0.9466137492851024,6.3748626708984375,0.21158121526241302,0,1,0,0,0,-0.0014212772248981763,-0.9009614990069209,-0.9476458054117766,0,0,0,0,8,False,False,
20,4,1497.5142776591726,870.1555774023735,0.37221134558665636,1.339960844111963,3.704465627670288,0.1854378581047058,0,1,0,0,0,-9.464047001491356e-05,-0.8945138529534897,-0.9457842051148004,0,0,0,0,8,False,False,
20,5,1500.0965601377807,870.0386807370312,0.2183800415018386,0.7861681494066189,3.2527663707733154,0.10080502927303314,0,1,0,0,0,0.00041362723231720287,-0.8876207413217396,-0.9418036037860916,0,0,0,0,8,False,False,
20,6,1496.6670690273463,870.0277187149442,0.8859332061022998,3.189359541968279,6.500328063964844,0.25471168756484985,0,1,0,0,0,0.035196052836784654,-0.896753648547868,-0.9669910276825191,0,0,0,0,8,False,False,
20,7,1496.0863245252017,870.1725013478675,0.7832305569710191,2.819630005095669,5.458746910095215,0.2608310282230377,0,1,0,0,0,0.0029524846107079838,-0.898319669896435,-0.9537007239908877,0,0,0,0,8,False,False,
21,0,1500.8094059621765,870.0144331167537,0.002087577378040594,0.007515278560946138,4.0936479568481445,0.15191636979579926,0,1,0,0,0,-0.0005565913650015217,-0.8857187423054685,-0.9397511978469343,1,0,0,0,9,False,False,
21,1,1497.2651718786642,870.1807962762766,0.4224881532653942,1.5209573517554191,4.037655830383301,0.1762675940990448,0,1,0,0,0,0.0015000248419299725,-0.8951806463795139,-0.9445014536361228,0,0,0,0,9,False,False,
21,2,1494.9873607559637,870.2053353740876,0.5393692999577872,1.9417294798480338,6.489734649658203,0.3045531213283539,0,1,0,0,0,0.018880545228184234,-0.9012511485986134,-0.9574174676801728,0,0,0,0,9,False,False,
21,3,1494.652399074574,870.3027063147987,0.5733797640368319,2.0641671505325947,6.822682857513428,0.22846710681915283,0,1,0,0,0,-0.002232475789495286,-0.902155678737384,-0.9480858468594587,0,0,0,0,9,False,False,
21,4,1497.5142776591726,870.1555774023735,0.0,0.0,3.704465627670288,0.1853628158569336,0,1,0,0,0,-9.464047001491356e-05,-0.8945138529534897,-0.9457842051148004,1,0,0,0,9,False,False,
21,5,1499.7656231095018,870.0548121038883,0.4243070463248838,1.5275053667695817,3.5840909481048584,0.1188097894191742,0,1,0,0,0,-0.001378691624267958,-0.8885042718124263,-0.9421778934336731,0,0,0,0,9,False,False,
21,6,1495.7423641086705,870.0143816525036,1.1843167733545037,4.263540384076213,7.425228595733643,0.27536773681640625,0,1,0,0,0,0.042642619716464956,-0.89921465637425,-0.9750179839266739,0,0,0,0,9,False,False,
21,7,1495.4010679482117,870.2022472403005,0.8783781843863067,3.162161463790704,6.1445746421813965,0.26961687207221985,0,1,0,0,0,0.0029590451955932118,-0.9001485250007948,-0.9549031089820882,0,0,0,0,9,False,False,
22,0,1500.5621286146081,870.0258417498288,0.3170046348752002,1.1412166855507206,4.341225624084473,0.16256952285766602,0,1,0,0,0,0.00015661741148625827,-0.8863789494384496,-0.9401100330879381,0,0,0,0,10,False,False,
22,1,1497.182584339246,870.1844206260345,0.10586487073385867,0.38111353464189124,4.120256423950195,0.1907944530248642,0,1,0,0,0,0.0015569925573307348,-0.8954009146299613,-0.9446402610067391,0,0,0,0,10,False,False,
22,2,1494.9251239760797,870.2065090543989,0.07971570129316799,0.2869765246554048,6.551879405975342,0.30472010374069214,0,1,0,0,0,0.018893269301295847,-0.9014167937517112,-0.9577105475478027,1,0,0,0,10,False,False,
22,3,1493.9678753705382,870.3418200138733,0.8780431596778484,3.1609553748402544,7.50824499130249,0.24668526649475098,0,1,0,0,0,-0.00700807916614047,-0.9039837367529511,-0.9481735171173508,0,0,0,0,10,False,False,
22,4,1497.2685856774178,870.1665582410386,0.31495162239999996,1.13382584064,3.9504387378692627,0.20121115446090698,0,1,0,0,0,0.0012681298162700867,-0.8951697797139517,-0.9461804132201732,0,0,0,0,10,False,False,
22,5,1499.1949134645315,870.0837318828305,0.7317986960343781,2.634475305723761,4.1555023193359375,0.136295348405838,0,1,0,0,0,-0.0026398730220948763,-0.8900280229230706,-0.9426909940251442,0,0,0,0,10,False,False,
22,6,1495.232347007119,870.0036495930601,0.6532815803332517,2.351813689199706,7.935351371765137,0.2941513657569885,0,1,0,0,0,0.04749603034511741,-0.9005712489165906,-0.9798485972701565,0,0,0,0,10,False,False,
22,7,1494.4832668238182,870.2496507037317,1.1769191363969118,4.236908891028882,7.063642501831055,0.2777424156665802,0,1,0,0,0,-0.0023317062989459854,-0.902599357105221,-0.9556216191832972,0,0,0,0,10,False,False,
23,0,1500.5621286146081,870.0258417498288,0.0,0.0,4.341225624084473,0.1603608876466751,0,1,0,0,0,0.00015661741148625827,-0.8863789494384496,-0.9401100330879381,1,0,0,0,11,False,False,
23,1,1496.9334614597453,870.1953675053667,0.3193390577653536,1.1496206079552729,4.369641304016113,0.2088259756565094,0,1,0,0,0,0.001531040965508939,-0.8960659390673955,-0.9450656949135914,0,0,0,0,11,False,False,
23,2,1494.9251239760797,870.2065090543989,0.0,0.0,6.551879405975342,0.30370426177978516,0,1,0,0,0,0.018893269301295847,-0.9014167937517112,-0.9577105475478027,2,0,0,0,11,False,False,
23,3,1493.529843440146,870.3675363128192,0.5619173899916212,2.0229026039698366,7.9471116065979,0.2623238265514374,0,1,0,0,0,-0.00810280523832887,-0.9051539534563153,-0.9481442913158713,0,0,0,0,11,False,False,
23,4,1496.7816912379099,870.1891971514506,0.6241993473180939,2.247117650345138,4.43778133392334,0.21403975784778595,0,1,0,0,0,0.00012406262644933325,-0.8964693603881607,-0.9468615434104669,0,0,0,0,11,False,False,
23,5,1498.7315074151784,870.1072277908905,0.5942083640404581,2.139150110545649,4.619476795196533,0.15601789951324463,0,1,0,0,0,-0.0026887708975616913,-0.8912652768848708,-0.9431009628055992,0,0,0,0,11,False,False,
23,6,1494.4857452734875,869.9858008643843,0.9563846769759772,3.442984837113518,8.682147979736328,0.31067144870758057,0,1,0,0,0,0.05032596226836038,-0.9025566032903353,-0.9871862655413086,0,0,0,0,11,False,False,
23,7,1493.6106976955452,870.2920637481616,1.1187468521192827,4.0274886676294175,7.937231540679932,0.2874778211116791,0,1,0,0,0,-0.00040997862178105354,-0.9049289275435629,-0.9566185945647598,0,0,0,0,11,False,False,
24,0,1500.3164597123146,870.0373273565756,0.31495162239999996,1.13382584064,4.587224006652832,0.17496320605278015,0,1,0,0,0,-0.00023638020755135534,-0.8870349444273383,-0.9404404893932102,0,0,0,0,12,False,False,
24,1,1496.7244195291912,870.2048855503376,0.2679801732236062,0.9647286236049822,4.5789642333984375,0.2254473865032196,0,1,0,0,0,0.0005236005772180382,-0.8966241338391492,-0.9453806896657394,0,0,0,0,12,False,False,
24,2,1494.873788055419,870.2074759249099,0.06575335461320854,0.23671207660755075,6.603280067443848,0.3004719018936157,0,1,0,0,0,0.018934791062836905,-0.9015538029065938,-0.9579524867294351,3,0,0,0,12,False,False,
24,3,1493.3462614220705,870.37856018233,0.23552188976074645,0.8478788031386872,8.130911827087402,0.2782401442527771,0,1,0,0,0,-0.008998835310221567,-0.9056440400737398,-0.94810776531725,0,0,0,0,12,False,False,
24,4,1496.1829273556727,870.2164846953888,0.7675835669897085,2.763300841162951,5.0371575355529785,0.22848854959011078,0,1,0,0,0,0.0007219028765443151,-0.8980676957343662,-0.9477635447636226,0,0,0,0,12,False,False,
24,5,1498.0310547909037,870.1471518474391,0.8984680093930888,3.2344848338151198,5.321174621582031,0.1708911955356598,0,1,0,0,0,-0.006801448778056043,-0.8931363664598572,-0.9431967872729271,0,0,0,0,12,False,False,
24,6,1493.507684655099,869.9516027370354,1.2532872826492745,4.5118342175373884,9.660772323608398,0.32669371366500854,0,1,0,0,0,0.058935757496417156,-0.905155396304201,-0.998086399868152,0,0,0,0,12,False,False,
24,7,1492.7128629965061,870.3396756335336,1.1513986712764168,4.145035216595101,8.836319923400879,0.3022870123386383,0,1,0,0,0,-0.0033014148317170745,-0.9073264653933641,-0.9571682247281253,0,0,0,0,12,False,False,
25,0,1500.1589674637623,870.0446114661363,0.20190298330930406,0.7268507399134947,4.744862079620361,0.18949095904827118,0,1,0,0,0,8.298961615985769e-05,-0.8874553127276368,-0.9406678174607395,0,0,0,0,13,False,False,
25,1,1496.7124431760024,870.2054325106503,0.01535311785599071,0.055271224281566556,4.590939521789551,0.22827036678791046,0,1,0,0,0,0.0004358426552291424,-0.8966560684916778,-0.9453953007798426,1,0,0,0,13,False,False,
25,2,1494.873788055419,870.2074759249099,0.0,0.0,6.603280067443848,0.29875946044921875,0,1,0,0,0,0.018934791062836905,-0.9015538029065938,-0.9579524867294351,4,0,0,0,13,False,False,
25,3,1493.0419474499995,870.3980970434574,0.3905121877517975,1.405843875906471,8.435859680175781,0.29534709453582764,0,1,0,0,0,-0.011732241148543368,-0.9064570965384932,-0.9478804372497208,0,0,0,0,13,False,False,
25,4,1495.9928209489456,870.2253985712767,0.24372113227004003,0.8773960761721441,5.2275519371032715,0.24334025382995605,0,1,0,0,0,-0.0001144037849545359,-0.8985754135895989,-0.948020095059358,0,0,0,0,13,False,False,
25,5,1497.4136175742537,870.1810039313981,0.7918886322072349,2.8507990759460458,5.939534664154053,0.1824188083410263,0,1,0,0,0,-0.005509183639245899,-0.8947852656347051,-0.9434387264545595,0,0,0,0,13,False,False,
25,6,1492.5318226156705,869.9021168862268,1.2513121038524593,4.504723573868853,10.637857437133789,0.34623536467552185,0,1,0,0,0,0.07088411564013641,-0.9077452583664346,-0.9892021356553434,0,0,0,0,13,False,False,
25,7,1491.5868594201113,870.4004099474603,1.44407631431602,5.198674731537672,9.963932991027832,0.321669340133667,0,1,0,0,0,-0.004007976012652155,-0.9103333761033322,-0.9577324624323208,0,0,0,0,13,False,False,
26,0,1500.1589674637623,870.0446114661363,0.0,0.0,4.744862079620361,0.1863984316587448,0,1,0,0,0,8.298961615985769e-05,-0.8874553127276368,-0.9406678174607395,1,0,0,0,14,False,False,
26,1,1496.7124431760024,870.2054325106503,0.0,0.0,4.590939521789551,0.22278368473052979,0,1,0,0,0,0.0004358426552291424,-0.8966560684916778,-0.9453953007798426,2,0,0,0,14,False,False,
26,2,1494.6278988540585,870.2123369300238,0.31495162239999996,1.13382584064,6.849178314208984,0.3105836510658264,0,1,0,0,0,0.018462406360137924,-0.9022092589962731,-0.95908181615012,0,0,0,0,14,False,False,
26,3,1492.5727024846249,870.429118433383,0.6022351833876992,2.168046660195717,8.90612506866455,0.3100616931915283,0,1,0,0,0,-0.013119410013907403,-0.9077108728875898,-0.9474339388973714,0,0,0,0,14,False,False,
26,4,1495.825065259783,870.2336410394798,0.21509008536652283,0.7743243073194822,5.39547872543335,0.2563052773475647,0,1,0,0,0,-0.0015470656885052372,-0.8990232173019768,-0.9481962824408898,0,0,0,0,14,False,False,
26,5,1496.6263554858626,870.2283618989986,1.010004354757704,3.6360156771277343,6.728186130523682,0.19643071293830872,0,1,0,0,0,-0.009070670891496964,-0.8968881285261294,-0.9432552317293396,0,0,0,0,14,False,False,
26,6,1491.3309828472206,869.8161365664871,1.541753655780246,5.550313160808886,11.841856002807617,0.36543479561805725,0,1,0,0,0,0.08715612502959592,-0.9109269376721825,-0.9705535042347003,0,0,0,0,14,False,False,
26,7,1490.621284292259,870.4446593760775,1.237830477777256,4.456189719998122,10.930522918701172,0.33794042468070984,0,1,0,0,0,0.0011765557298363976,-0.9129109440919414,-0.9591548717206356,0,0,0,0,14,False,False,
27,0,1500.2665028743959,870.0397492941826,-0.13785245897500004,-0.4962688523100001,4.8525166511535645,0.19853393733501434,0,1,0,0,0,0.0007395559715455925,-0.8871682335699655,-0.9404989374228959,0,0,0,0,15,False,False,
27,1,1496.6874420211107,870.206579112085,0.0320505779948536,0.11538208078147295,4.615869045257568,0.216018944978714,0,1,0,0,0,0.0003138330630090675,-0.896722546706713,-0.9454326772174847,3,0,0,0,15,False,False,
27,2,1494.1403499357336,870.2204109951443,0.6244494496447341,2.248018018721043,7.336793899536133,0.3210132420063019,0,1,0,0,0,0.02078094034066535,-0.903508881712317,-0.9615076577245648,0,0,0,0,15,False,False,
27,3,1492.0457366505932,870.4621607238754,0.6761671656847648,2.4342017964651532,9.434136390686035,0.32759806513786316,0,1,0,0,0,-0.011129248729137151,-0.9091186914868552,-0.9471473159344086,0,0,0,0,15,False,False,
27,4,1495.517651890811,870.2501006806446,0.39424293531844,1.419274567146384,5.703293323516846,0.26918867230415344,0,1,0,0,0,-0.004382284660028467,-0.899844036264708,-0.9483643156129856,0,0,0,0,15,False,False,
27,5,1495.759066371474,870.289418333039,1.1134147588163004,4.008293131738681,7.597644805908203,0.21686019003391266,0,1,0,0,0,-0.015923045445407524,-0.8992059739840929,-0.9419797911676233,0,0,0,0,15,False,False,
27,6,1490.3566542345404,869.7452862800263,1.2510371333392247,4.5037336800212096,12.818673133850098,0.3786430060863495,0,1,0,0,0,0.09050152030234054,-0.9135062638872804,-0.955292013317046,0,0,0,0,15,False,False,
27,7,1489.4283585584499,870.4854906064903,1.5285765787065437,5.502875683343557,12.124214172363281,0.35579967498779297,0,1,0,0,0,0.008873284651122365,-0.9160938241502334,-0.9625712317718759,0,0,0,0,15,False,False,
28,0,1500.1266157752193,870.0462434313263,0.17933485325990267,0.6456054717356496,4.9925618171691895,0.21626654267311096,0,1,0,0,0,-2.9478745851937067e-05,-0.8875416867167965,-0.9406897323452575,0,0,0,0,16,False,False,
28,1,1496.4171634456504,870.2186607733737,0.3464691960559442,1.247289105801399,4.886524677276611,0.22743237018585205,0,1,0,0,0,0.0010589663754801552,-0.8974442941824002,-0.9458645680290042,0,0,0,0,16,False,False,
28,2,1493.5958523805004,870.2281883687114,0.69736440680524,2.510511864498864,7.881405830383301,0.33575403690338135,0,1,0,0,0,0.02256915966461198,-0.90496028396797,-0.9643597764983364,0,0,0,0,16,False,False,
28,3,1491.2826530462091,870.5058342032706,0.9788176536248465,3.5237435530494476,10.198570251464844,0.3459671437740326,0,1,0,0,0,-0.007835571909841911,-0.9111570298988754,-0.9472285292876333,0,0,0,0,16,False,False,
28,4,1494.9747474776152,870.2790082094418,0.6962379471002826,2.5064566095610177,6.247028827667236,0.28383612632751465,0,1,0,0,0,-0.0042550928154766,-0.9012939669514923,-0.9486874645745695,0,0,0,0,16,False,False,
28,5,1494.9027770183393,870.3618305293776,1.1004933912643569,3.9617762085516848,8.456900596618652,0.2360537201166153,0,1,0,0,0,-0.02546586892333096,-0.9014955330542129,-0.9392746304006309,0,0,0,0,16,False,False,
28,6,1489.3875168440736,869.6673232768293,1.2451040341950093,4.482374523102034,13.790923118591309,0.3916884958744049,0,1,0,0,0,0.09832963594912485,-0.9160689698753908,-0.9392161859442183,0,0,0,0,16,False,False,
28,7,1488.043372244368,870.513477028588,1.7740002440981442,6.386400878753319,13.509507179260254,0.37884536385536194,0,1,0,0,0,0.01861115309140473,-0.9197864321274085,-0.9688526315527685,0,0,0,0,16,False,False,
29,0,1499.8993919858933,870.0566287295455,0.2912906082528296,1.0486461897101866,5.219971656799316,0.23140975832939148,0,1,0,0,0,0.00042969031649988667,-0.888148112396478,-0.941033952898885,0,0,0,0,17,False,False,
29,1,1496.4171634456504,870.2186607733737,0.0,0.0,4.886524677276611,0.22858504951000214,0,1,0,0,0,0.0010589663754801552,-0.8974442941824002,-0.9458645680290042,1,0,0,0,17,False,False,
29,2,1493.4595013572148,870.2299202669773,0.17462763703591838,0.6286594933293062,8.017768859863281,0.3489251434803009,0,1,0,0,0,0.023666933208031083,-0.9053236667368836,-0.9651075089277517,0,0,0,0,17,False,False,
29,3,1490.6707483223583,870.5417062587917,0.7849614835418303,2.825861340750589,10.811434745788574,0.36293286085128784,0,1,0,0,0,-0.008880570602920556,-0.9127911806618286,-0.9471993070594271,0,0,0,0,17,False,False,
29,4,1494.2097204736851,870.3247781299073,0.9814590259734564,3.533252493504443,7.013411998748779,0.2963564395904541,0,1,0,0,0,-0.008610205945481968,-0.9033374716272937,-0.9485331956508292,0,0,0,0,17,False,False,
29,5,1494.1125100492195,870.437436375262,1.0166509749205324,3.6599435097139166,9.25079345703125,0.2536352574825287,0,1,0,0,0,-0.033192556679262,-0.9036097642620563,-0.9357194665520475,0,0,0,0,17,False,False,
29,6,1488.3767388382516,869.5881109524463,1.2983890920170893,4.6742007312615215,14.804882049560547,0.4066486656665802,0,1,0,0,0,0.10022949334381982,-0.9187405125345474,-0.9227003171237083,0,0,0,0,17,False,False,
29,7,1486.620009119968,870.5113687430752,1.8227861996877295,6.562030318875826,14.932848930358887,0.3928419351577759,0,1,0,0,0,0.03402644377250049,-0.9235768415892068,-0.9790131963694858,0,0,0,0,17,False,False,
30,0,1499.4530688506347,870.0776377953595,0.5722022345402418,2.0599280443448706,5.666754245758057,0.24672996997833252,0,1,0,0,0,-0.00044278099466781544,-0.8893395326121653,-0.9416201090608718,0,0,0,0,18,False,False,
30,1,1496.524693579077,870.2136832577789,-0.13785245897500004,-0.4962688523100001,4.994184970855713,0.24223607778549194,0,1,0,0,0,4.9945967683760905e-05,-0.8971571999438576,-0.9457184533146997,0,0,0,0,18,False,False,
30,2,1493.4360718656735,870.2302151081412,0.030006600356942626,0.10802376128499346,8.041208267211914,0.34594666957855225,0,1,0,0,0,0.02375726778623712,-0.9053861295570207,-0.965231708757538,1,0,0,0,18,False,False,
30,3,1490.146896996292,870.5739996575822,0.6721268443396772,2.419656639622838,11.33635425567627,0.38209033012390137,0,1,0,0,0,-0.01097375962808687,-0.9141907624342129,-0.946979286335586,0,0,0,0,18,False,False,
30,4,1493.2146316420951,870.3985825671416,1.277828733502834,4.600183440610203,8.011260986328125,0.31718963384628296,0,1,0,0,0,-0.01819958769661759,-0.9059973470975422,-0.9466269115725227,0,0,0,0,18,False,False,
30,5,1493.1671589935434,870.538029697009,1.2174679806221442,4.382884730239719,10.201563835144043,0.2741490304470062,0,1,0,0,0,-0.04103729120362769,-0.9061400268898604,-0.9302580114786113,0,0,0,0,18,False,False,
30,6,1487.140311426268,869.4961944766766,1.5877602629573402,5.7159369466464245,16.04474449157715,0.42553550004959106,0,1,0,0,0,0.10180517391173301,-0.9220063310826041,-0.903092087652563,0,0,0,0,18,False,False,
30,7,1485.6212807102854,870.4966861962264,1.2791276161741452,4.604859418226923,15.93161392211914,0.4048311710357666,0,1,0,0,0,0.04397241344182703,-0.9262340901173889,-0.987721281910616,0,0,0,0,18,False,False,
31,0,1498.9747090801209,870.1005488851109,0.6132982798124933,2.207873807324976,6.145695209503174,0.2649398446083069,0,1,0,0,0,-0.0009768689511477963,-0.8906167066126467,-0.9422144230055676,0,0,0,0,19,False,False,
31,1,1496.6305836331712,870.208768709029,-0.13575066309762013,-0.4887023871514325,5.100257396697998,0.2512668967247009,0,1,0,0,0,-2.7246388331529185e-05,-0.896874340473062,-0.9455714881613743,0,0,0,0,19,False,False,
31,2,1493.1671197777696,870.2340229669736,0.344459358738528,1.2400536914587008,8.310155868530273,0.3614533841609955,0,1,0,0,0,0.022929635650240244,-0.9061028591066767,-0.9666541180458529,0,0,0,0,19,False,False,
31,3,1489.654540176909,870.6063339724802,0.6318791409432881,2.2747649073958374,11.82972526550293,0.4017103910446167,0,1,0,0,0,-0.013737660167584586,-0.9155061163843009,-0.9465319375442157,0,0,0,0,19,False,False,
31,4,1491.9940806418929,870.4923866806528,1.5676687040015216,5.643607334405478,9.235320091247559,0.3333853781223297,0,1,0,0,0,-0.02061533151386199,-0.9092598516113758,-0.943885224806909,0,0,0,0,19,False,False,
31,5,1492.4427857636995,870.6160539860675,0.9330110523292157,3.3588397883851764,10.930116653442383,0.2914968729019165,0,1,0,0,0,-0.04274197049502896,-0.9080785518244543,-0.9259624082512081,0,0,0,0,19,False,False,
31,6,1485.9346741160289,869.4224785625154,1.5468439412659287,5.568638188557344,17.2525634765625,0.4421117901802063,0,1,0,0,0,0.09745086347638664,-0.9251910583937266,-0.8858796235153622,0,0,0,0,19,False,False,
31,7,1484.4627500141316,870.4570719629032,1.4845021466521768,5.344207727947837,17.09086036682129,0.42460256814956665,0,1,0,0,0,0.058835832707200095,-0.9293127736174579,-0.9994795935723154,0,0,0,0,19,False,False,
32,0,1498.3628325863588,870.1269080636897,0.7843067048293161,2.823504137385538,6.758201599121094,0.2803604006767273,0,1,0,0,0,0.0021141493579237805,-0.8922500478335755,-0.9433136797590254,0,0,0,0,20,False,False,
32,1,1496.7623917131884,870.2027182126394,-0.16897352426788892,-0.6083046873644001,5.232231616973877,0.26443609595298767,0,1,0,0,0,0.0002942937519523841,-0.8965224089541811,-0.9453806896657394,0,0,0,0,20,False,False,
32,2,1492.6627552546088,870.2411639440079,0.6459629376685978,2.3254665756069524,8.814600944519043,0.3760901987552643,0,1,0,0,0,0.02326268287590949,-0.9074471608452003,-0.9693072841145538,0,0,0,0,20,False,False,
32,3,1489.3648041898084,870.6255630183504,0.3718573256391984,1.3386863723011142,12.120157241821289,0.4181872606277466,0,1,0,0,0,-0.014309171172563613,-0.9162804082525413,-0.9462461650202739,0,0,0,0,20,False,False,
32,4,1490.789900779269,870.5957786514056,1.5477680009214156,5.571964803317097,10.443974494934082,0.3514670729637146,0,1,0,0,0,-0.02728027687705037,-0.9124800757811237,-0.939890862803118,0,0,0,0,20,False,False,
32,5,1491.487082949917,870.7148155274283,1.2304076644077817,4.429467591868014,11.890900611877441,0.31217050552368164,0,1,0,0,0,-0.041135053521799136,-0.9106354342892446,-0.9207875797140078,0,0,0,0,20,False,False,
32,6,1484.799153833484,869.3672008402123,1.455889542421058,5.241202352715809,18.389408111572266,0.45931559801101685,0,1,0,0,0,0.09330942690313199,-0.9281914387665278,-0.8713585630433448,0,0,0,0,20,False,False,
32,7,1483.0818316510724,870.4081867250393,1.7695364299307603,6.370331147750737,18.472707748413086,0.4398297965526581,0,1,0,0,0,0.06287575371939941,-0.9329806734664948,-0.9840126915374485,0,0,0,0,20,False,False,
33,0,1497.6672559932936,870.1509790488485,0.891301004388949,3.2086836158002163,7.45417594909668,0.29841148853302,0,1,0,0,0,0.007631186228813805,-0.894105849569173,-0.9452711045233294,0,0,0,0,21,False,False,
33,1,1496.9449626312987,870.1942357106988,-0.234055789002562,-0.8426008404092232,5.414923667907715,0.2737281918525696,0,1,0,0,0,-5.955191641488808e-05,-0.8960352297271453,-0.945124139370004,0,0,0,0,21,False,False,
33,2,1492.5659082100638,870.2424512385538,0.12403500802403132,0.44652602888651277,8.91141128540039,0.391512393951416,0,1,0,0,0,0.023880786859873146,-0.9077051398928083,-0.9698276884764397,0,0,0,0,21,False,False,
33,3,1489.2817600005508,870.6310226703732,0.10657745374580606,0.38367883348490184,12.203346252441406,0.4335218667984009,0,1,0,0,0,-0.013951631775338393,-0.9165021913437499,-0.9461657985327969,0,0,0,0,21,False,False,
33,4,1489.8012689493996,870.6941387723144,1.2723101605694234,4.580316578049924,11.437505722045898,0.36959436535835266,0,1,0,0,0,-0.03700361176646412,-0.9151251491508302,-0.9349936490071503,0,0,0,0,21,False,False,
33,5,1490.4539868581714,870.8089039419607,1.3284767730320481,4.782516382915373,12.928254127502441,0.331383615732193,0,1,0,0,0,-0.03446588550006153,-0.913397787797377,-0.916719308127407,0,0,0,0,21,False,False,
33,6,1483.6593391800052,869.3323133110338,1.4603505591291044,5.257262012864776,19.52983283996582,0.47392648458480835,0,1,0,0,0,0.08542872819555214,-0.9312063984554795,-0.8592560296555376,0,0,0,0,21,False,False,
33,7,1481.4839539399823,870.3505170773367,2.047602983472278,7.371370740500201,20.0715274810791,0.4586540162563324,0,1,0,0,0,0.0676082592586757,-0.9372216916781642,-0.9659940523010564,0,0,0,0,21,False,False,
34,0,1496.8197097373009,870.1815147300138,1.0860870570963335,3.9099134055468006,8.30225944519043,0.3125934600830078,0,1,0,0,0,0.00687378263477443,-0.8963672758792098,-0.9475143018115751,0,0,0,0,22,False,False,
34,1,1497.0289817565806,870.1903469543801,-0.10771157636050929,-0.3877616748978335,5.498996257781982,0.2861116826534271,0,1,0,0,0,5.2236267141046886e-05,-0.8958110368175765,-0.9449999431134907,0,0,0,0,22,False,False,
34,2,1492.2247594371613,870.2452819605835,0.43689624180793274,1.572826470508558,9.252610206604004,0.40729600191116333,0,1,0,0,0,0.027328593552792314,-0.9086141770852834,-0.971858170597896,0,0,0,0,22,False,False,
34,3,1488.9547357076526,870.6529956603292,0.41973741639662937,1.5110546990278657,12.531109809875488,0.4453338384628296,0,1,0,0,0,-0.015025878852413951,-0.9173759870081553,-0.9458134273430067,0,0,0,0,22,False,False,
34,4,1489.0379043263176,870.7702422645903,0.9824244406007149,3.536727986162574,12.204596519470215,0.3821161687374115,0,1,0,0,0,-0.03804872392270637,-0.9171671583131404,-0.9311965388303882,0,0,0,0,22,False,False,
34,5,1489.3086749238785,870.9157089487782,1.4730705606419825,5.303054018311137,14.078487396240234,0.34275639057159424,0,1,0,0,0,-0.037157456847080536,-0.9164600377135395,-0.9119033076846642,0,0,0,0,22,False,False,
34,6,1482.3691171868588,869.2934225200482,1.6530317401658676,5.950914264597124,20.820581436157227,0.4833669662475586,0,1,0,0,0,0.08960238753217595,-0.9346160348554282,-0.8456142016398637,0,0,0,0,22,False,False,
34,7,1479.6744080604367,870.2933624503224,2.3184923416749412,8.346572430029788,21.882001876831055,0.48118364810943604,0,1,0,0,0,0.07012579996041444,-0.9420225951242781,-0.9465538524287338,0,0,0,0,22,False,False,
35,0,1495.9864536500286,870.2066373666681,1.0675674944841584,3.8432429801429704,9.13589096069336,0.3263457119464874,0,1,0,0,0,0.01084418407465743,-0.8985899781863105,-0.9503071292631865,0,0,0,0,23,False,False,
35,1,1497.133546626577,870.1856198872462,-0.134044399276671,-0.4825598373960156,5.6037187576293945,0.29858487844467163,0,1,0,0,0,0.0007350812172227785,-0.8955317768485884,-0.9448383668460621,0,0,0,0,23,False,False,
35,2,1491.643670818217,870.2461151583746,0.7441532130210157,2.6789515668756563,9.83366584777832,0.4212980568408966,0,1,0,0,0,0.032245312808746006,-0.9101616989210618,-0.9758095496983986,0,0,0,0,23,False,False,
35,3,1488.694400456052,870.6710260735141,0.33418860028877695,1.203078961039597,12.791985511779785,0.46216049790382385,0,1,0,0,0,-0.01647444229010312,-0.9180714267123306,-0.9454692067893792,0,0,0,0,23,False,False,
35,4,1488.0439890985301,870.8664416524894,1.2787735694657287,4.603584850076624,13.203258514404297,0.4017072319984436,0,1,0,0,0,-0.03741802622667383,-0.9198258085735638,-0.9266005519649401,0,0,0,0,23,False,False,
35,5,1488.0969710370591,871.0204928347075,1.5575208568799928,5.607075084767974,15.29480266571045,0.3562600314617157,0,1,0,0,0,-0.034204795328944076,-0.919699044804958,-0.9077903487434599,0,0,0,0,23,False,False,
35,6,1481.291341497566,869.2714960546373,1.3805043647326893,4.969815713037682,21.898563385009766,0.4948553740978241,0,1,0,0,0,0.0871894484890744,-0.9374649174178812,-0.8354910043276055,0,0,0,0,23,False,False,
35,7,1477.77039768623,870.2703443914218,2.4384878126363305,8.77855612549079,23.78619384765625,0.5008902549743652,0,1,0,0,0,0.06325113848560907,-0.9470775877587494,-0.9305446237217544,0,0,0,0,23,False,False,
36,0,1495.0651471337126,870.2256448895708,1.1800926219342158,4.2483334389631775,10.057351112365723,0.34699228405952454,0,1,0,0,0,0.017320199390335727,-0.901046316260499,-0.9544411490766147,0,0,0,0,24,False,False,
36,1,1496.9907358544306,870.1922396177151,0.1830823920093256,0.6590966112335722,5.7466959953308105,0.31401723623275757,0,1,0,0,0,6.45311320302729e-06,-0.89591304918655,-0.9450364726853852,0,0,0,0,24,False,False,
36,2,1491.4713563166047,870.2461877523449,0.22066904325552647,0.7944085557198953,10.00602912902832,0.4378945529460907,0,1,0,0,0,0.03305805776866464,-0.9106207248563148,-0.976990019805081,0,0,0,0,24,False,False,
36,3,1488.694400456052,870.6710260735141,0.0,0.0,12.791985511779785,0.46348971128463745,0,1,0,0,0,-0.01647444229010312,-0.9180714267123306,-0.9454692067893792,1,0,0,0,24,False,False,
36,4,1487.4413691152215,870.9273914734154,0.7756630699061153,2.7923870516620153,13.808868408203125,0.4162599742412567,0,1,0,0,0,-0.04098682375577438,-0.921437495354115,-0.9235073408752839,0,0,0,0,24,False,False,
36,5,1486.6636797235105,871.1295880066967,1.8408077310892765,6.626907831921396,16.732173919677734,0.3784041702747345,0,1,0,0,0,-0.029037037045892097,-0.9235282421901935,-0.9047117523411801,0,0,0,0,24,False,False,
36,6,1479.9888598372552,869.2697364946562,1.6679827635678566,6.004737948844284,23.2010555267334,0.5161051750183105,0,1,0,0,0,0.07950441832526407,-0.9409126709689388,-0.8262178458296701,0,0,0,0,24,False,False,
36,7,1476.3017521764434,870.2657132769798,1.8807829810552812,6.770818731799013,25.25482940673828,0.517985463142395,0,1,0,0,0,0.062155310653733725,-0.9509766724766128,-0.9197686823014807,0,0,0,0,24,False,False,
37,0,1494.1037557951756,870.2479582441023,1.2315064515869325,4.433423225712957,11.019036293029785,0.3620595633983612,0,1,0,0,0,0.016096219225112743,-0.9036100135092363,-0.958458279977218,0,0,0,0,25,False,False,
37,1,1496.7024764385917,870.2052614103835,0.36952661487958827,1.3302958135665177,6.0351972579956055,0.3261433243751526,0,1,0,0,0,0.0007615827930414475,-0.8966823847700391,-0.9454911252471705,0,0,0,0,25,False,False,
37,2,1491.2053285105476,870.2465439558661,0.3406802579398839,1.226448928583582,10.27202033996582,0.4542936384677887,0,1,0,0,0,0.03273447491549872,-0.9113290982312225,-0.9788077867597479,0,0,0,0,25,False,False,
37,3,1488.7937808591948,870.6642688342426,-0.12756216694322917,-0.459223800995625,12.891581535339355,0.4757084548473358,0,1,0,0,0,-0.01562202210587,-0.9178059190160872,-0.9455860992754774,0,0,0,0,25,False,False,
37,4,1486.8068541832752,870.9959692107223,0.8173032084353667,2.94229155036732,14.447088241577148,0.43401139974594116,0,1,0,0,0,-0.04635956615928099,-0.9231349959003512,-0.9197102378450681,0,0,0,0,25,False,False,
37,5,1485.2520890224744,871.2139000772185,1.8109298384601316,6.519347418456474,18.146312713623047,0.40055790543556213,0,1,0,0,0,-0.01962129499205029,-0.9272975739954171,-0.9044405909313413,0,0,0,0,25,False,False,
37,6,1478.6631387447126,869.2704402735087,1.6977423121034232,6.111872323572324,24.5268611907959,0.5302993059158325,0,1,0,0,0,0.08327416896301859,-0.9444197585064094,-0.8170769984916785,0,0,0,0,25,False,False,
37,7,1475.25859993011,870.2664994461948,1.3358797487114367,4.809167095361172,26.29804229736328,0.5386561751365662,0,1,0,0,0,0.0632512138760218,-0.9537456334373973,-0.9126063563327491,0,0,0,0,25,False,False,
38,0,1493.5575577046563,870.2586867320514,0.699605934582998,2.518581364498793,11.565282821655273,0.37468093633651733,0,1,0,0,0,0.018648798622531142,-0.9050660531594021,-0.9609799460189906,0,0,0,0,26,False,False,
38,1,1496.283890282523,870.223431494764,0.5365536901133762,1.9315932844081543,6.454171180725098,0.3400079905986786,0,1,0,0,0,0.001903700603607995,-0.8977996442049863,-0.9462242465624826,0,0,0,0,26,False,False,
38,2,1491.2053285105476,870.2465439558661,0.0,0.0,10.27202033996582,0.45182064175605774,0,1,0,0,0,0.03273447491549872,-0.9113290982312225,-0.9788077867597479,1,0,0,0,26,False,False,
38,3,1488.654911664939,870.6740290756707,0.17827706843505894,0.6417974463662122,13.030839920043945,0.493758887052536,0,1,0,0,0,-0.017150481537204124,-0.9181771416545956,-0.9453879934361544,0,0,0,0,26,False,False,
38,4,1486.5238644557983,871.0278456662933,0.36469355029859984,1.3128967810749594,14.731956481933594,0.4492819309234619,0,1,0,0,0,-0.04971963963832593,-0.9238923574601432,-0.9178623982231742,0,0,0,0,26,False,False,
38,5,1483.82114070039,871.3033118301158,1.8360717501821695,6.6098583006558105,19.580007553100586,0.4145662486553192,0,1,0,0,0,-0.0225537257613897,-0.9311184938374457,-0.9037001586990678,0,0,0,0,26,False,False,
38,6,1477.759902172866,869.2743568287768,1.1567117355783174,4.164162248081943,25.43006706237793,0.5464169383049011,0,1,0,0,0,0.08450317638790858,-0.946808033144449,-0.8112567224703313,0,0,0,0,26,False,False,
38,7,1474.632326445586,870.2696206873235,0.8020269531185809,2.887297031226891,26.924270629882812,0.5563007593154907,0,1,0,0,0,0.06282297249374615,-0.9554077419951483,-0.9086192909528268,0,0,0,0,26,False,False,
39,0,1492.7755023877444,870.2770567086761,1.0017902398564014,3.606444863483045,12.347602844238281,0.3893546760082245,0,1,0,0,0,0.01656467443788535,-0.9071515498394289,-0.9642274260323872,0,0,0,0,27,False,False,
39,1,1495.926107909165,870.2380655527019,0.4585655934113312,1.6508361362807924,6.812256336212158,0.358487606048584,0,1,0,0,0,0.003530069246503192,-0.898754523192814,-0.9469719789918979,0,0,0,0,27,False,False,
39,2,1491.3129737578831,870.2464666105459,-0.13785245897500004,-0.4962688523100001,10.37968635559082,0.4545631408691406,0,1,0,0,0,0.03302227779742755,-0.9110423784932156,-0.9780673598873841,0,0,0,0,27,False,False,
39,3,1488.654911664939,870.6740290756707,0.0,0.0,13.030839920043945,0.49515601992607117,0,1,0,0,0,-0.017150481537204124,-0.9181771416545956,-0.9453879934361544,1,0,0,0,27,False,False,
39,4,1486.2566472299914,871.0579656537684,0.34437015886369277,1.239732571909294,15.000864028930664,0.4569788873195648,0,1,0,0,0,-0.050240683279817074,-0.9246072269775132,-0.9161176832657498,0,0,0,0,27,False,False,
39,5,1482.4983219261485,871.3735738833353,1.6964132604036117,6.107087737453003,20.90475082397461,0.42788127064704895,0,1,0,0,0,-0.01750820346837985,-0.9346498718502225,-0.9044917244707925,0,0,0,0,27,False,False,
39,6,1476.6283753704083,869.293998068148,1.4492716898547837,5.217378083477222,26.56170654296875,0.5636973977088928,0,1,0,0,0,0.08078462130204242,-0.9498028521277705,-0.8057368300870289,0,0,0,0,27,False,False,
39,7,1474.2956596482632,870.272799999201,0.4311607285692693,1.5521786228493695,27.260955810546875,0.5705289840698242,0,1,0,0,0,0.06121247405605112,-0.9563015199839274,-0.906669177105484,0,0,0,0,27,False,False,
40,0,1492.268886519032,870.2920539238559,0.6490655244116478,2.336635887881932,12.854416847229004,0.40835219621658325,0,1,0,0,0,0.01286241141587507,-0.9085027836542391,-0.965957522729162,0,0,0,0,28,False,False,
40,1,1495.926107909165,870.2380655527019,0.0,0.0,6.812256336212158,0.3560260534286499,0,1,0,0,0,0.003530069246503192,-0.898754523192814,-0.9469719789918979,1,0,0,0,28,False,False,
40,2,1491.1859359741436,870.2467613404073,0.16268728916786931,0.5856742410043295,10.50676155090332,0.46797284483909607,0,1,0,0,0,0.03212486038038852,-0.9113808183359041,-0.9789100663451064,0,0,0,0,28,False,False,
40,3,1488.7111783903074,870.670132425189,-0.07222875611693712,-0.2600235220209736,13.087249755859375,0.4907596707344055,0,1,0,0,0,-0.016467158387086695,-0.9180267664920826,-0.9454619030189642,2,0,0,0,28,False,False,
40,4,1485.7498068201428,871.1161651248693,0.6533339930082793,2.3520023748298056,15.511026382446289,0.4692160189151764,0,1,0,0,0,-0.05251304568224163,-0.9259631255236789,-0.9126802587690125,0,0,0,0,28,False,False,
40,5,1481.315785072595,871.420662791358,1.5155779454851497,5.456080603746539,22.08818244934082,0.4499829411506653,0,1,0,0,0,-0.009521637540266031,-0.937805353295244,-0.907087300095375,0,0,0,0,28,False,False,
40,6,1475.5077983841122,869.3338165770115,1.435936564632085,5.169371632675506,27.68301773071289,0.5833129286766052,0,1,0,0,0,0.07359714470020814,-0.9527742357168455,-0.8027020634537853,0,0,0,0,28,False,False,
40,7,1473.7594716480787,870.2809617051673,0.6867314592742864,2.472233253387431,27.797149658203125,0.5850171446800232,0,1,0,0,0,0.05947957519265464,-0.9577253283615002,-0.903905571882079,0,0,0,0,28,False,False,
41,0,1492.1696938263517,870.2951335137489,0.12708913674463915,0.4575208922807009,12.953706741333008,0.42472097277641296,0,1,0,0,0,0.01197930976591945,-0.90876750896509,-0.9662798248249982,0,0,0,0,29,False,False,
41,1,1496.0038877687598,870.2348311719403,-0.09969235818992396,-0.35889248948372626,6.890082359313965,0.35007768869400024,0,1,0,0,0,0.0030905347325241588,-0.8985469894999947,-0.9468177100681575,2,0,0,0,29,False,False,
41,2,1490.8151265222184,870.249867339815,0.47488185525377674,1.7095746789135964,10.87750244140625,0.48513171076774597,0,1,0,0,0,0.028588134284656994,-0.9123684752924326,-0.9811167358480943,0,0,0,0,29,False,False,
41,3,1488.521201259971,870.6836783525739,0.2439057685135692,0.8780607666488491,13.277673721313477,0.5022652745246887,0,1,0,0,0,-0.017876508590441317,-0.9185343646472666,-0.9451615193809193,0,0,0,0,29,False,False,
41,4,1485.2526798067167,871.1743304629434,0.6409725397658355,2.307501143157008,16.01148796081543,0.48733803629875183,0,1,0,0,0,-0.054867290944083415,-0.927292824848586,-0.9091762284598803,0,0,0,0,29,False,False,
41,5,1480.370085441299,871.4546098489282,1.211859823705539,4.36269536533994,23.034469604492188,0.46849092841148376,0,1,0,0,0,-0.007323970699785479,-0.9403286264667093,-0.9096089589906012,0,0,0,0,29,False,False,
41,6,1474.8056197422989,869.3659335941666,0.9001626152671788,3.240585414961844,28.385900497436523,0.5985267758369446,0,1,0,0,0,0.06987939938391574,-0.9546377506309045,-0.8016603971444458,0,0,0,0,29,False,False,
41,7,1473.3710287016554,870.2876296542476,0.497520249308728,1.791072897511421,28.18575668334961,0.6018741130828857,0,1,0,0,0,0.059701815643738124,-0.9587571844362469,-0.9020065915741875,0,0,0,0,29,False,False,
42,0,1492.146518935784,870.2958628240707,0.02969287041874804,0.10689433350749294,12.976911544799805,0.42682358622550964,0,1,0,0,0,0.011717985873782607,-0.9088293784031478,-0.9663537308345348,1,0,0,0,30,False,False,
42,1,1496.07622667047,870.2317768173683,-0.09272102730219103,-0.33379569828788774,6.962412357330322,0.3499933183193207,0,1,0,0,0,0.002679319515020653,-0.8983541111158859,-0.946678899124268,3,0,0,0,30,False,False,
42,2,1490.2049550700287,870.2551805470858,0.7814260668943221,2.81313384081956,11.487754821777344,0.49860239028930664,0,1,0,0,0,0.028913961555131904,-0.9139941681175063,-0.9847303512996366,0,0,0,0,30,False,False,
42,3,1488.1599534730415,870.7100697320599,0.4638532648277932,1.6698717533800556,13.63996696472168,0.5207545757293701,0,1,0,0,0,-0.019215352908796668,-0.9195000429298352,-0.9445160647502259,0,0,0,0,30,False,False,
42,4,1485.1603023141474,871.1852405417715,0.11912245512573282,0.42884083845263815,16.104537963867188,0.4959755539894104,0,1,0,0,0,-0.055748465805225085,-0.9275400101438089,-0.9085088625179422,0,0,0,0,30,False,False,
42,5,1479.4310991044933,871.4926459536737,1.2034688009866192,4.33248768355183,23.974206924438477,0.48839130997657776,0,1,0,0,0,-0.010706436030312084,-0.9428342499653538,-0.9115801551498071,0,0,0,0,30,False,False,
42,6,1474.3036327388586,869.3906799982647,0.6436341609445636,2.317082979400429,28.888586044311523,0.6149828433990479,0,1,0,0,0,0.06967324412429118,-0.955970472185243,-0.8011326818655985,0,0,0,0,30,False,False,
42,7,1472.8109177677643,870.2994037588271,0.7174465118104713,2.5828074425176966,28.74593734741211,0.6190624237060547,0,1,0,0,0,0.05939896693839539,-0.9602447252057967,-0.8995141477606211,0,0,0,0,30,False,False,
43,0,1491.8802723872445,870.3057020198397,0.34119282103699894,1.2282941557331961,13.243330001831055,0.443996399641037,0,1,0,0,0,0.008293708722308363,-0.9095397706506516,-0.9670202534839986,0,0,0,0,31,False,False,
43,1,1496.1067382937865,870.2304749310941,-0.03910928165405668,-0.14079341395460404,6.992956638336182,0.34991005063056946,0,1,0,0,0,0.0023938388597653354,-0.8982726599608407,-0.9466196042288345,4,0,0,0,31,False,False,
43,2,1489.7164105131562,870.2573853729702,0.6256452431675587,2.252322875403211,11.976284980773926,0.5100942254066467,0,1,0,0,0,0.032069968503471574,-0.9152952870692141,-0.9878682461706232,0,0,0,0,31,False,False,
43,3,1487.5978555792506,870.7492381494528,0.7215781010167177,2.5976811636601838,14.203343391418457,0.5376353859901428,0,1,0,0,0,-0.017403753740114464,-0.9210018266709306,-0.9437318027489162,0,0,0,0,31,False,False,
43,4,1485.1603023141474,871.1852405417715,0.0,0.0,16.104537963867188,0.4871009290218353,0,1,0,0,0,-0.055748465805225085,-0.9275400101438089,-0.9085088625179422,1,0,0,0,31,False,False,
43,5,1478.4115492710912,871.5291493407943,1.306490280026051,4.703365008093783,24.9945125579834,0.5052528381347656,0,1,0,0,0,-0.008101352330161009,-0.9455548573742002,-0.9143072272280445,0,0,0,0,31,False,False,
43,6,1473.5649798988775,869.4245734144171,0.9469272935174343,3.4089382566627635,29.628009796142578,0.6316919922828674,0,1,0,0,0,0.07520079160831995,-0.9579291358158255,-0.8000480362262439,0,0,0,0,31,False,False,
43,7,1472.1518723677025,870.3151711666351,0.8442268008130308,3.039216482926911,29.405183792114258,0.6371761560440063,0,1,0,0,0,0.06020816657540169,-0.9619952178026819,-0.8968171483496109,0,0,0,0,31,False,False,
44,0,1491.5190461372204,870.3219301590966,0.46305936038756795,1.6670136973952447,13.604900360107422,0.46252474188804626,0,1,0,0,0,0.0032630354571071825,-0.9105039468718851,-0.9675917985318822,0,0,0,0,32,False,False,
44,1,1496.1785636750333,870.2274123068873,-0.09206444398006586,-0.3314319983282371,7.064920902252197,0.3434551954269409,0,1,0,0,0,0.0024072858250450383,-0.898080757079061,-0.9464807968582181,5,0,0,0,32,False,False,
44,2,1488.9907705868595,870.2626101116759,0.9292915175619052,3.3454494632228586,12.702012062072754,0.5159897804260254,0,1,0,0,0,0.031068418249216734,-0.9172283105656854,-0.9922880385079932,0,0,0,0,32,False,False,
44,3,1486.899780539497,870.7965619503923,0.8960192087197683,3.2256691513911657,14.903063774108887,0.5542774796485901,0,1,0,0,0,-0.016597207623587452,-0.9228671313622319,-0.9429329332067766,0,0,0,0,32,False,False,
44,4,1485.070430529578,871.1957929388682,0.11588205088526642,0.4171753831869591,16.19499969482422,0.49855148792266846,0,1,0,0,0,-0.055501809411958584,-0.9277803270035893,-0.9078715620966846,0,0,0,0,32,False,False,
44,5,1477.808187321303,871.5512138165316,0.7731925530023493,2.783493190808458,25.598186492919922,0.5215591788291931,0,1,0,0,0,-0.008849004708390376,-0.9471645040490895,-0.9158684403137025,0,0,0,0,32,False,False,
44,6,1472.7023830875175,869.4553526530337,1.1053598658294048,3.9792955169858573,30.491107940673828,0.6485000848770142,0,1,0,0,0,0.08639844505885605,-0.9602107121244923,-0.7977244795970674,0,0,0,0,32,False,False,
44,7,1471.2591141896025,870.3316051783573,1.1434757330687622,4.116512639047544,30.29803466796875,0.6528348326683044,0,1,0,0,0,0.06796923600674441,-0.9643634401196467,-0.8925726929547516,0,0,0,0,32,False,False,
45,0,1491.3496010693664,870.3302027423131,0.2172528302790256,0.7821101890044921,13.774534225463867,0.47837716341018677,0,1,0,0,0,0.0007925148590591864,-0.9109563032871684,-0.9677825970275169,0,0,0,0,33,False,False,
45,1,1496.0881804737026,870.2311950237298,0.11584766510080209,0.4170515943628875,7.155454158782959,0.3462630808353424,0,1,0,0,0,0.002914895562723056,-0.8983221764646333,-0.9466561338007289,0,0,0,0,33,False,False,
45,2,1488.032822497478,870.2638881991085,1.2267664983458062,4.416359394044902,13.65989875793457,0.5311956405639648,0,1,0,0,0,0.03591028439562238,-0.9197787379491512,-0.9988049129726454,0,0,0,0,33,False,False,
45,3,1486.404410831964,870.8296106375316,0.635789498899264,2.28884219603735,15.399524688720703,0.5734650492668152,0,1,0,0,0,-0.016192144463168585,-0.9241906074160702,-0.9424271363857205,0,0,0,0,33,False,False,
45,4,1484.9421500317806,871.2106248575782,0.1653727014111891,0.5953417250802807,16.32415008544922,0.5125756859779358,0,1,0,0,0,-0.054634469697172484,-0.9281234669707876,-0.9069914792013203,0,0,0,0,33,False,False,
45,5,1476.969982153936,871.5761647439557,1.0738959478324588,3.866025412196852,26.43681526184082,0.5371015667915344,0,1,0,0,0,-0.004723695004406952,-0.9494007874452515,-0.9187132588903323,0,0,0,0,33,False,False,
45,6,1471.6101466133757,869.4784998197556,1.3990515719766592,5.036585659115973,31.58363914489746,0.6647528409957886,0,1,0,0,0,0.1031319334742834,-0.9630887760532049,-0.7929011753839096,0,0,0,0,33,False,False,
45,7,1470.1375835915194,870.3431836823671,1.436328621370437,5.170783036933573,31.419675827026367,0.6703678369522095,0,1,0,0,0,0.0797937788940522,-0.9673329884987659,-0.8861516353642217,0,0,0,0,33,False,False,
46,0,1491.3496010693664,870.3302027423131,0.0,0.0,13.774534225463867,0.4711569547653198,0,1,0,0,0,0.0007925148590591864,-0.9109563032871684,-0.9677825970275169,1,0,0,0,34,False,False,
46,1,1495.7870203184964,870.2439787683279,0.3860183717229936,1.3896661382027768,7.456871509552002,0.3514768183231354,0,1,0,0,0,0.0025565874991151025,-0.8991259497830748,-0.9472285292876333,0,0,0,0,34,False,False,
46,2,1486.8518142595851,870.2494084753222,1.5125338792185568,5.445121965186805,14.841018676757812,0.5526312589645386,0,1,0,0,0,0.046385071974053615,-0.9229203525104752,-0.9912399233338514,0,0,0,0,34,False,False,
46,3,1486.1222022908962,870.8489092461672,0.3622453333081763,1.3040831999094349,15.682414054870605,0.5896347761154175,0,1,0,0,0,-0.01742429065505525,-0.9249446948481563,-0.9420747616226571,0,0,0,0,34,False,False,
46,4,1484.8168831325952,871.2249275532612,0.16146129553740757,0.5812606639346672,16.450206756591797,0.5270943641662598,0,1,0,0,0,-0.05397938685427069,-0.9284584178845449,-0.906156076514013,0,0,0,0,34,False,False,
46,5,1476.0487165888555,871.6028739883346,1.1802848319747004,4.249025395108921,27.35846519470215,0.5530081987380981,0,1,0,0,0,-0.004445306263542016,-0.9518584662241231,-0.9219379735801899,0,0,0,0,34,False,False,
46,6,1470.6446359997192,869.4930208836388,1.2365899413664736,4.451723788919305,32.54920196533203,0.6814059615135193,0,1,0,0,0,0.11502795649437397,-0.9656245983509448,-0.7879235915271918,0,0,0,0,34,False,False,
46,7,1468.849025745488,870.3638641364231,1.6503626658909014,5.941305597207245,32.70841598510742,0.682257354259491,0,1,0,0,0,0.08507244141906117,-0.9707422026496885,-0.8796639791078434,0,0,0,0,34,False,False,
47,0,1491.1039989338133,870.3430370606895,0.31495162239999996,1.13382584064,14.02047348022461,0.48288026452064514,0,1,0,0,0,-0.0013986250455284713,-0.9116121409897322,-0.9679587844090487,0,0,0,0,35,False,False,
47,1,1495.3283274087203,870.2655963564662,0.5880623103596854,2.1170243172948675,7.916001319885254,0.36985695362091064,0,1,0,0,0,-0.00042307606440203924,-0.900350295335376,-0.9478292965637233,0,0,0,0,35,False,False,
47,2,1486.090337995912,870.2387061288823,0.9752563924074219,3.510923012666719,15.602568626403809,0.5684733390808105,0,1,0,0,0,0.048811433117269744,-0.9249453460701199,-0.9846645994995359,0,0,0,0,35,False,False,
47,3,1485.7434973859563,870.8747963760188,0.4861080034015164,1.749988812245459,16.061960220336914,0.6051548719406128,0,1,0,0,0,-0.017644836182327595,-0.9259564328103946,-0.9416128052904568,0,0,0,0,35,False,False,
47,4,1484.8168831325952,871.2249275532612,0.0,0.0,16.450206756591797,0.5247143507003784,0,1,0,0,0,-0.05397938685427069,-0.9284584178845449,-0.906156076514013,1,0,0,0,35,False,False,
47,5,1475.407831433102,871.6175722262377,0.8209447750268936,2.9554011900968167,27.99950408935547,0.5680125951766968,0,1,0,0,0,-0.0006137107888378069,-0.9535678999012783,-0.9246358234302211,0,0,0,0,35,False,False,
47,6,1469.4522202472408,869.5180047097015,1.5273640216285973,5.4985104778629506,33.741844177246094,0.6947250366210938,0,1,0,0,0,0.12253355320413561,-0.9687516275698326,-0.7826091051803543,0,0,0,0,35,False,False,
47,7,1467.7329594555579,870.3790952278031,1.4293874826105368,5.145794937397933,33.824607849121094,0.6927647590637207,0,1,0,0,0,0.09637044244963293,-0.9736881077766892,-0.8737113490472739,0,0,0,0,35,False,False,
48,0,1490.764982382876,870.3606679319513,0.43473734998598224,1.5650544599495362,14.3599214553833,0.49158409237861633,0,1,0,0,0,-0.0012525267311199666,-0.9125173335267098,-0.968208027361096,0,0,0,0,36,False,False,
48,1,1494.7258938195664,870.2991006888037,0.7726793913953373,2.7816458090232143,8.519346237182617,0.3888586759567261,0,1,0,0,0,-0.005905771999440882,-0.9019591480569448,-0.9480127912889431,0,0,0,0,36,False,False,
48,2,1485.7405990676627,870.2338642159434,0.44792482836011277,1.612529382096406,15.952333450317383,0.5860141515731812,0,1,0,0,0,0.0492889851549219,-0.9258752965698971,-0.9816517531107202,0,0,0,0,36,False,False,
48,3,1485.7434973859563,870.8747963760188,0.0,0.0,16.061960220336914,0.6063457131385803,0,1,0,0,0,-0.017644836182327595,-0.9259564328103946,-0.9416128052904568,1,0,0,0,36,False,False,
48,4,1484.885603911767,871.2170851107652,-0.08857626690625553,-0.3188745608625199,16.51937484741211,0.5211942195892334,0,1,0,0,0,-0.05380548856150413,-0.9282746225832207,-0.9066107255025251,2,0,0,0,36,False,False,
48,5,1475.176572103663,871.6220738940353,0.2962109256449077,1.0663593323216678,28.230871200561523,0.5862288475036621,0,1,0,0,0,0.0016142913114549629,-0.9541848775848903,-0.9257058615287458,0,0,0,0,36,False,False,
48,6,1468.40103305759,869.5412150006554,1.3464971697247945,4.84738981100926,34.79336929321289,0.7061365842819214,0,1,0,0,0,0.1337297581664877,-0.9714995173533263,-0.7780715627713186,0,0,0,0,36,False,False,
48,7,1467.0059496446177,870.3854791859475,0.9310576226824367,3.3518074416567725,34.55156326293945,0.7110927700996399,0,1,0,0,0,0.10733716862558411,-0.975601192255,-0.8694230495902856,0,0,0,0,36,False,False,
49,0,1490.4559642911302,870.377367067498,0.39631147922207366,1.4267213251994653,14.669455528259277,0.50337153673172,0,1,0,0,0,-0.002568047347036087,-0.9133427510137799,-0.9683549925144215,0,0,0,0,37,False,False,
49,1,1494.052181102251,870.3431753017325,0.864612804570097,3.112606096452349,9.194618225097656,0.4087359309196472,0,1,0,0,0,-0.012352995960916107,-0.9037595370630451,-0.9474257811146622,0,0,0,0,37,False,False,
49,2,1485.7405990676627,870.2338642159434,0.0,0.0,15.952333450317383,0.5833770036697388,0,1,0,0,0,0.0492889851549219,-0.9258752965698971,-0.9816517531107202,1,0,0,0,37,False,False,
49,3,1485.4981247780197,870.8914520654611,0.31495162239999996,1.13382584064,16.307886123657227,0.6239482760429382,0,1,0,0,0,-0.017497177062500983,-0.9266119906585429,-0.9413197254228268,0,0,0,0,37,False,False,
49,4,1484.7088687014289,871.2374131873939,0.2278224713817775,0.820160896974399,16.697298049926758,0.5370920300483704,0,1,0,0,0,-0.054732213968784374,-0.9287473431389169,-0.9054083405113246,0,0,0,0,37,False,False,
49,5,1475.1167956359088,871.6231945932205,0.0765642629917994,0.27563134677047785,28.290573120117188,0.5855377912521362,0,1,0,0,0,0.0020790226121530646,-0.9543440831972816,-0.9259843267089993,1,0,0,0,37,False,False,
49,6,1467.1246754720182,869.5629567427266,1.6347634089162137,5.88514827209837,36.06991958618164,0.7244951128959656,0,1,0,0,0,0.1553112805308277,-0.9748147111169385,-0.7717893196979515,0,0,0,0,37,False,False,
49,7,1466.1623080905886,870.3908158795043,1.08040403468848,3.889454524878528,35.395206451416016,0.7275285720825195,0,1,0,0,0,0.11989210728165081,-0.9778147575028466,-0.8641889190111055,0,0,0,0,37,False,False,
50,0,1490.4559642911302,870.377367067498,0.0,0.0,14.669455528259277,0.5025705695152283,0,1,0,0,0,-0.002568047347036087,-0.9133427510137799,-0.9683549925144215,1,0,0,0,38,False,False,
50,1,1493.7879950853896,870.3617392953649,0.3391555575863753,1.220960007310951,9.459428787231445,0.42265328764915466,0,1,0,0,0,-0.015539158701621937,-0.9044654913969196,-0.9470377307919986,0,0,0,0,38,False,False,
50,2,1485.7481217283464,870.2339692056274,-0.009634591612805877,-0.03468452980610116,15.959901809692383,0.5829914212226868,0,1,0,0,0,0.049347926779742896,-0.92585516538361,-0.9817101975671326,2,0,0,0,38,False,False,
50,3,1485.4981247780197,870.8914520654611,0.0,0.0,16.307886123657227,0.624781608581543,0,1,0,0,0,-0.017497177062500983,-0.9266119906585429,-0.9413197254228268,1,0,0,0,38,False,False,
50,4,1484.7088687014289,871.2374131873939,0.0,0.0,16.697298049926758,0.535016655921936,0,1,0,0,0,-0.054732213968784374,-0.9287473431389169,-0.9054083405113246,1,0,0,0,38,False,False,
50,5,1475.1167956359088,871.6231945932205,0.0,0.0,28.290573120117188,0.5846015810966492,0,1,0,0,0,0.0020790226121530646,-0.9543440831972816,-0.9259843267089993,2,0,0,0,38,False,False,
50,6,1466.0126621640554,869.5744544581147,1.4241401915115868,5.126904689441712,37.18191909790039,0.7422575950622559,0,1,0,0,0,0.18054766450371965,-0.9776752826267622,-0.7654340246273419,0,0,0,0,38,False,False,
50,7,1465.0889812095756,870.4049742972732,1.3746411272403047,4.9487080580650975,36.46866226196289,0.744261622428894,0,1,0,0,0,0.1324966714819649,-0.98062342400278,-0.8584133231978154,0,0,0,0,38,False,False,
51,0,1490.4991986706873,870.3750394961671,-0.0554468948669386,-0.19960882152097897,14.712730407714844,0.4971294105052948,0,1,0,0,0,-0.0024359408461937923,-0.913227351554539,-0.9683322236176092,2,0,0,0,39,False,False,
51,1,1493.2832203791072,870.3993390915638,0.6482143511551167,2.3335716641584203,9.965587615966797,0.4347645044326782,0,1,0,0,0,-0.01847238448890683,-0.9058146888171873,-0.9460553665246391,0,0,0,0,39,False,False,
51,2,1485.5095944052905,870.2316906058655,0.30547628086232076,1.0997146111043548,16.19843864440918,0.5996491312980652,0,1,0,0,0,0.046946786576306625,-0.9264895515479802,-0.9797828454700558,0,0,0,0,39,False,False,
51,3,1485.2527137257437,870.9075313731967,0.31495162239999996,1.13382584064,16.55389404296875,0.6422308087348938,0,1,0,0,0,-0.016145447225242845,-0.9272678041558076,-0.9411070084694008,0,0,0,0,39,False,False,
51,4,1484.6810070044633,871.2406228417138,0.03591616032089228,0.12929817715521222,16.725311279296875,0.5308566093444824,0,1,0,0,0,-0.05490175807049379,-0.9288217729209755,-0.9052175420156897,2,0,0,0,39,False,False,
51,5,1475.1404265666322,871.6227534108299,-0.03026746489851671,-0.10896287363466016,28.314136505126953,0.5848556756973267,0,1,0,0,0,0.002125564559039756,-0.9542812478187245,-0.9258747415665893,3,0,0,0,39,False,False,
51,6,1465.2280563769825,869.5747217778936,1.004780221226058,3.6172087964138084,37.96658706665039,0.7537569999694824,0,1,0,0,0,0.20587940675005018,-0.9796691498318414,-0.760001791782112,0,0,0,0,39,False,False,
51,7,1463.8691952388053,870.4270955785374,1.5623365234011488,5.624411484244136,37.68871307373047,0.7606639862060547,0,1,0,0,0,0.1551473335173559,-0.9837966806114198,-0.8525775820500708,0,0,0,0,39,False,False,
52,0,1490.509368769539,870.3744916487345,-0.013042892864016999,-0.0469544143104612,14.72299861907959,0.49876537919044495,0,1,0,0,0,-0.002455744732773724,-0.9131999687694669,-0.9683322236176092,3,0,0,0,40,False,False,
52,1,1492.546938367439,870.4619460617101,0.9462984503392187,3.4066744212211875,10.704452514648438,0.4469018578529358,0,1,0,0,0,-0.02567919147499285,-0.9077834229536611,-0.9436806656361918,0,0,0,0,40,False,False,
52,2,1485.1420384414641,870.2289301916161,0.4707119961555085,1.6945631861598307,16.566001892089844,0.6119900941848755,0,1,0,0,0,0.04626251743039044,-0.9274671723331329,-0.9768941953377532,0,0,0,0,40,False,False,
52,3,1484.9321985337037,870.927749636736,0.41127329616738306,1.480583866202579,16.87496566772461,0.6604596376419067,0,1,0,0,0,-0.014772519577142715,-0.9281237658200285,-0.9409243677564749,0,0,0,0,40,False,False,
52,4,1484.6810070044633,871.2406228417138,0.0,0.0,16.725311279296875,0.5315465331077576,0,1,0,0,0,-0.05490175807049379,-0.9288217729209755,-0.9052175420156897,3,0,0,0,40,False,False,
52,5,1474.9177684165943,871.6266175285423,0.2851829333718326,1.0266585601385974,28.536827087402344,0.6001805663108826,0,1,0,0,0,0.002999985557832474,-0.9548750831904756,-0.926959387205944,0,0,0,0,40,False,False,
52,6,1464.212414055603,869.5764502163856,1.3006515523073972,4.68234558830663,38.98221206665039,0.7567538022994995,0,1,0,0,0,0.23570853743419176,-0.9822176304309099,-0.7531479965143149,0,0,0,0,40,False,False,
52,7,1463.069607706757,870.4382780444323,1.0240661857503894,3.686638268701402,38.48834991455078,0.7750197649002075,0,1,0,0,0,0.18133815623592872,-0.9858542018501296,-0.8483485846350625,0,0,0,0,40,False,False,
53,0,1490.520779942051,870.3738765274868,-0.014634567117559451,-0.05268444162321403,14.734367370605469,0.49979764223098755,0,1,0,0,0,-0.0024782243565384635,-0.9131696518241459,-0.9683249198471943,4,0,0,0,41,False,False,
53,1,1491.6632980518011,870.5512721623438,1.1373727527646373,4.094541909952695,11.592619895935059,0.46703216433525085,0,1,0,0,0,-0.036756635822236046,-0.9101480284252221,-0.9391431339469758,0,0,0,0,41,False,False,
53,2,1485.1420384414641,870.2289301916161,0.0,0.0,16.566001892089844,0.6123842597007751,0,1,0,0,0,0.04626251743039044,-0.9274671723331329,-0.9768941953377532,1,0,0,0,41,False,False,
53,3,1484.3719463969835,870.9644558376187,0.7190071013853236,2.588425564987165,17.436471939086914,0.6713485717773438,0,1,0,0,0,-0.01666536104733862,-0.9296206110547458,-0.9404258782791071,0,0,0,0,41,False,False,
53,4,1484.4433323868006,871.2678791858665,0.306365253529719,1.1029149127069884,16.964542388916016,0.5434626340866089,0,1,0,0,0,-0.05506843151407313,-0.9294573541171431,-0.903612492014449,0,0,0,0,41,False,False,
53,5,1474.5906048128259,871.63113828225,0.4190115421655777,1.5084415517960796,28.86400604248047,0.6191307306289673,0,1,0,0,0,0.005354494441224726,-0.9557475318109364,-0.9286894874759919,0,0,0,0,41,False,False,
53,6,1463.0533207619562,869.5686076519078,1.484389518906873,5.343802268064743,40.14129638671875,0.7622567415237427,0,1,0,0,0,0.28980011815936246,-0.9850457332935776,-0.7441386885092567,0,0,0,0,41,False,False,
53,7,1462.68243223494,870.4445516344819,0.4958888994475327,1.785200038011118,38.875606536865234,0.7829520106315613,0,1,0,0,0,0.19386075252916346,-0.9868427767918493,-0.8464057674115884,0,0,0,0,41,False,False,
54,0,1490.4730762490817,870.3764351261442,0.06117800707318663,0.22024082546347187,14.78216552734375,0.5021358132362366,0,1,0,0,0,-0.0023103288071856317,-0.9132971130393915,-0.9683468347317123,5,0,0,0,42,False,False,
54,1,1491.0928063725419,870.609410639717,0.7343657587477233,2.643716731491804,12.166133880615234,0.4764411449432373,0,1,0,0,0,-0.03791920334672941,-0.9116747295483174,-0.9361522042293147,0,0,0,0,42,False,False,
54,2,1485.0708815816445,870.2283709900539,0.09112755749731735,0.32805920699034247,16.637170791625977,0.612376868724823,0,1,0,0,0,0.046605988927252734,-0.9276564515510513,-0.9763372614039728,2,0,0,0,42,False,False,
54,3,1483.5825188204287,871.0187922645716,1.0133469486164508,3.648049015019223,18.227767944335938,0.6842665076255798,0,1,0,0,0,-0.019344457317790404,-0.9317297885656526,-0.9394142882102681,0,0,0,0,42,False,False,
54,4,1483.965536720253,871.3235844549814,0.6160181454694572,2.217665323690046,17.44556427001953,0.5569921731948853,0,1,0,0,0,-0.05730877443159304,-0.9307349745957113,-0.9002618837633096,0,0,0,0,42,False,False,
54,5,1474.5906048128259,871.63113828225,0.0,0.0,28.86400604248047,0.6153473854064941,0,1,0,0,0,0.005354494441224726,-0.9557475318109364,-0.9286894874759919,1,0,0,0,42,False,False,
54,6,1461.6717867569532,869.547351699312,1.7694264774989992,6.369935318996397,41.52305221557617,0.7739088535308838,0,1,0,0,0,0.38470418017158436,-0.9882251653804816,-0.7319776963719442,0,0,0,0,42,False,False,
54,7,1462.502056602589,870.4473865120241,0.23102077827953274,0.8316748018063179,39.05592727661133,0.7905682921409607,0,1,0,0,0,0.20141280830014807,-0.987300593600458,-0.8454891513710563,0,0,0,0,42,False,False,
55,0,1490.4690291288512,870.3766521188159,0.005190258604633809,0.018684930976681714,14.786197662353516,0.5042663812637329,0,1,0,0,0,-0.0022981189398298815,-0.9133078662080438,-0.9683549925144215,6,0,0,0,43,False,False,
55,1,1490.7413794062932,870.6456886583179,0.45243524341118463,1.6287668762802647,12.519439697265625,0.49093347787857056,0,1,0,0,0,-0.03916861039457855,-0.9126151179017272,-0.9342532239214232,0,0,0,0,43,False,False,
55,2,1484.8011172727788,870.2262954005442,0.34547521010709625,1.2437107563855465,16.906953811645508,0.6269384622573853,0,1,0,0,0,0.04696782580520373,-0.9283739363745809,-0.9742118052542095,0,0,0,0,43,False,False,
55,3,1482.787381656326,871.0764849250908,1.020943645990121,3.675397125564436,19.025022506713867,0.7048012614250183,0,1,0,0,0,-0.022402228932886223,-0.9338545285899134,-0.938043023181224,0,0,0,0,43,False,False,
55,4,1483.2527846864566,871.4125932984538,0.9198527652903363,3.3114699550452107,18.16386604309082,0.574976921081543,0,1,0,0,0,-0.06428629150393211,-0.9326409641629243,-0.8945739474880918,0,0,0,0,43,False,False,
55,5,1474.69823935467,871.6296181973155,-0.13785245897500004,-0.4962688523100001,28.971683502197266,0.6243584752082825,0,1,0,0,0,0.005127534758764795,-0.9554604028624096,-0.9281252390519769,0,0,0,0,43,False,False,
55,6,1460.0739696556566,869.4903269283915,2.0474957948417547,7.370984861430317,43.121849060058594,0.7784594297409058,0,1,0,0,0,0.5830397116190751,-0.9913180928047483,-0.7140329756515449,0,0,0,0,43,False,False,
55,7,1462.502056602589,870.4473865120241,0.0,0.0,39.05592727661133,0.7877522110939026,0,1,0,0,0,0.20141280830014807,-0.987300593600458,-0.8454891513710563,1,0,0,0,43,False,False,
56,0,1490.2194260074364,870.3892936676126,0.32005590463401157,1.1522012566824418,15.036028861999512,0.5182048678398132,0,1,0,0,0,-0.00041564936196639087,-0.913974083108075,-0.9685814665696566,0,0,0,0,44,False,False,
56,1,1490.7413794062932,870.6456886583179,0.0,0.0,12.519439697265625,0.4913475811481476,0,1,0,0,0,-0.03916861039457855,-0.9126151179017272,-0.9342532239214232,1,0,0,0,44,False,False,
56,2,1484.3630538644043,870.2220325218332,0.5610183740432497,2.019666146555699,17.34508514404297,0.6427472829818726,0,1,0,0,0,0.04906434027836263,-0.9295388726785211,-0.9706493287020282,0,0,0,0,44,False,False,
56,3,1482.059457328434,871.1288649716475,0.9346031914167987,3.3645714891004754,19.75480842590332,0.723291277885437,0,1,0,0,0,-0.02269018706882251,-0.9357994276036206,-0.9368414814824979,0,0,0,0,44,False,False,
56,4,1482.3100264319637,871.5354799161553,1.2175263145333362,4.383094732320011,19.114587783813477,0.591582715511322,0,1,0,0,0,-0.07035322665864499,-0.9351613423996116,-0.8864301005444754,0,0,0,0,44,False,False,
56,5,1474.7386545824743,871.6290524075724,-0.05176153292074302,-0.1863415185146749,29.01209259033203,0.622994065284729,0,1,0,0,0,0.005195104457402206,-0.9553526458619507,-0.9279198330155121,1,0,0,0,44,False,False,
56,6,1458.2898405371368,869.3730851040298,2.289715447887116,8.242975612393618,44.90987777709961,0.7759342789649963,0,1,0,0,0,0.9718264895852535,-0.9929524569963126,-0.6875846937213188,0,0,0,1,44,False,False,
56,7,1462.2630627773515,870.4515652680733,0.306106534985837,1.1019835259490132,39.29497528076172,0.7983161807060242,0,1,0,0,0,0.2106746650876823,-0.9879051370752218,-0.8443241356709515,0,0,0,0,44,False,False,
57,0,1490.2194260074364,870.3892936676126,0.0,0.0,15.036028861999512,0.5141830444335938,0,1,0,0,0,-0.00041564936196639087,-0.913974083108075,-0.9685814665696566,1,0,0,0,45,False,False,
57,1,1490.7736485920927,870.6423667967523,-0.041542877671952805,-0.1495543596190301,12.551956176757812,0.486289918422699,0,1,0,0,0,-0.038948982358991205,-0.9125285651883376,-0.9344221039592667,2,0,0,0,45,False,False,
57,2,1483.747035284031,870.218334880504,0.7888985911181633,2.840034928025388,17.961063385009766,0.6571475267410278,0,1,0,0,0,0.04780473098606232,-0.9311769545839087,-0.9659136893868526,0,0,0,0,45,False,False,
57,3,1481.0998199161531,871.1963771073487,1.2319662374219502,4.4350784547190205,20.716773986816406,0.7438431978225708,0,1,0,0,0,-0.02257438265102331,-0.9383631229800359,-0.9354409942252475,0,0,0,0,45,False,False,
57,4,1481.1433380910378,871.6992470003827,1.5087294211904392,5.431425916285582,20.29277229309082,0.610354483127594,0,1,0,0,0,-0.08050838193653584,-0.9382792933039985,-0.8749429562666807,0,0,0,0,45,False,False,
57,5,1474.5324898413933,871.6317213349635,0.26404036630272726,0.9505453186898182,29.218286514282227,0.6377442479133606,0,1,0,0,0,0.005938368311149134,-0.9559024739640524,-0.9290345513220939,0,0,0,0,45,False,False,
57,6,1456.3023809942738,869.2069763254144,2.5540501445045987,9.194580520216556,46.90423583984375,0.7698211669921875,0,1,0,0,0,1.0,-0.9912840501837522,-0.6622441550683935,0,0,0,2,45,False,False,
57,7,1461.7822858510076,870.4589480895968,0.6157640936773722,2.2167507372385398,39.7758674621582,0.8027114868164062,0,1,0,0,0,0.2365420262088839,-0.989108974526786,-0.8418609212321377,0,0,0,0,45,False,False,
58,0,1490.048139411172,870.3980273472349,0.21963762632928396,0.7906954547854222,15.207637786865234,0.5325159430503845,0,1,0,0,0,-0.0006360445304415584,-0.914431706418552,-0.9687284317229821,0,0,0,0,46,False,False,
58,1,1490.56079269954,870.6647661312462,0.27409219133302903,0.9867318887989045,12.766021728515625,0.5005794167518616,0,1,0,0,0,-0.04065641004411652,-0.9130982517843111,-0.9332270155919347,0,0,0,0,46,False,False,
58,2,1482.8964438940452,870.2183842348722,1.089282504562787,3.9214170164260334,18.811649322509766,0.6754021644592285,0,1,0,0,0,0.0454426527648792,-0.9334395998645737,-0.9600048855220461,0,0,0,0,46,False,False,
58,3,1479.914429313974,871.2908378438198,1.522844535958483,5.482240329450539,21.90595817565918,0.7603486776351929,0,1,0,0,0,-0.030029312512115464,-0.9415309325165145,-0.9323770053637975,0,0,0,0,46,False,False,
58,4,1479.7596284034998,871.9138424612463,1.7931867893386044,6.455472441618976,21.692981719970703,0.6315021514892578,0,1,0,0,0,-0.09542975866775312,-0.9419738287458504,-0.8588890402050979,0,0,0,0,46,False,False,
58,5,1474.083945727352,871.6369350163947,0.5744523938001975,2.068028617680711,29.66680335998535,0.6550308465957642,0,1,0,0,0,0.00696746526988079,-0.9570984507449468,-0.9315261446966394,0,0,0,0,46,False,False,
58,6,1454.3471026030174,869.056180715116,2.511399942083225,9.04103979149961,48.86536407470703,3.9873604774475098,0,2,1,1,1,0.11866152581612319,-0.9159049268933963,-0.6408146639813947,0,0,0,0,46,False,False,
58,7,1461.1507351962268,870.4695498181986,0.8088889783663125,2.912000322118725,40.40742492675781,0.8086809515953064,0,1,0,0,0,0.27717880918778015,-0.9906592159761384,-0.8387376374752544,0,0,0,0,46,False,False,
59,0,1490.048139411172,870.3980273472349,0.0,0.0,15.207637786865234,0.5350003242492676,0,1,0,0,0,-0.0006360445304415584,-0.914431706418552,-0.9687284317229821,1,0,0,0,47,False,False,
59,1,1490.1073104107602,870.7152477736321,0.58432471701655,2.10356898125958,13.22231388092041,0.5189740657806396,0,1,0,0,0,-0.0451180508085233,-0.9143120190723343,-0.9303392176852896,0,0,0,0,47,False,False,
59,2,1481.816242047647,870.2178569860424,1.383325912670091,4.979973285612328,19.891849517822266,0.6938266158103943,0,1,0,0,0,0.04786018674870623,-0.9363123451784265,-0.95241797251221,0,0,0,0,47,False,False,
59,3,1478.5072572265472,871.3948365279783,1.8069644733658632,6.505072104117108,23.3170223236084,0.7748814821243286,0,1,0,0,0,-0.028183661275959872,-0.945290321772164,-0.9297229852828026,0,0,0,0,47,False,False,
59,4,1478.4960522311019,872.1078123250232,1.6371130334980841,5.893606920593103,22.971332550048828,0.6478858590126038,0,1,0,0,0,-0.100317597552094,-0.9453429942012751,-0.8444629501881142,0,0,0,0,47,False,False,
59,5,1473.6060000706689,871.644112266128,0.6121347397314089,2.2036850630330718,30.14488410949707,0.6708528995513916,0,1,0,0,0,0.00495636496340492,-0.9583732943138122,-0.9339966700524145,0,0,0,0,47,False,False,
59,6,1452.5896072827247,868.9336067958668,2.2561470412389584,8.12212934846025,50.627079010009766,4.004636287689209,0,2,0,1,1,0.12069114255192706,-0.9205233268678983,-0.6231105245988129,0,0,0,0,47,False,False,
59,7,1460.28513897895,870.491812736848,1.1088645303069782,3.9919123091051216,41.273311614990234,0.8200570940971375,0,1,0,0,0,0.35501196051767026,-0.992698716284055,-0.8353805758927209,0,0,0,0,47,False,False,
60,0,1489.9849043637641,870.4012236294415,0.08108331136044934,0.2918999208976176,15.270953178405762,0.5341866612434387,0,1,0,0,0,-0.00035644766456073286,-0.9146005466040674,-0.9687795724089796,2,0,0,0,48,True,False,max_steps
60,1,1489.6331848648456,870.7714250256604,0.6114208113333204,2.2011149207999536,13.699748992919922,0.5378096699714661,0,1,0,0,0,-0.050367738558244925,-0.9155812597543574,-0.9269155502903613,0,0,0,0,48,True,False,max_steps
60,2,1480.511707502925,870.2016770094513,1.670738693013434,6.014659294848363,21.196516036987305,0.713671088218689,0,1,0,0,0,0.05864386293785376,-0.939777508386305,-0.9414082425464666,0,0,0,0,48,True,False,max_steps
60,3,1476.8837470328976,871.507393997746,2.0840868151907435,7.502712534686677,24.944332122802734,0.7956110239028931,0,1,0,0,0,-0.027462633417007647,-0.9496260978578037,-0.9275536940040933,0,0,0,0,48,True,False,max_steps
60,4,1477.3574427895182,872.2709142377942,1.4730076340405465,5.302827482545967,24.121633529663086,0.6679141521453857,0,1,0,0,0,-0.09948725541583296,-0.9483751524113382,-0.8328589169974946,0,0,0,0,48,True,False,max_steps
60,5,1472.943017970174,871.6541871500403,0.8491247272823973,3.05684901821663,30.807924270629883,0.6860406398773193,0,1,0,0,0,0.005057111639749855,-0.9601413484296158,-0.9374057227599665,0,0,0,0,48,True,False,max_steps
60,6,1450.8421459227081,868.819807970141,2.2425703928182155,8.073253414145576,52.37821578979492,4.025661945343018,0,2,0,1,1,0.12506310807931476,-0.9251084463289085,-0.6064822263104279,0,0,0,0,48,True,False,max_steps
60,7,1459.4315044480702,870.5243428793042,1.0939730758002413,3.938303072880869,42.127567291259766,0.8293652534484863,0,1,0,0,0,0.48541417850897234,-0.9945175646220483,-0.8333281735268366,0,0,0,0,48,True,False,max_steps
