step,car_index,x,y,speed,distance_travelled,total_reward,lap_count,next_goal_idx,progress_delta,checkpoints_reached,checkpoint_streak,heading_error_norm,goal_distance_norm,lateral_offset_norm,no_progress_steps,reverse_speed_steps,reverse_progress_events,heading_away_steps,wall_hugging_steps,done,collided,terminated_reason
1,0,1500.9435700660194,870.0026244439421,0.05649092984770854,0.05645751953125,0.0031518391333520412,0,1,0,0,0,2.2771704711506877e-06,-0.8853599227185378,-0.9402277724397841,1,0,0,0,0,False,False,
1,1,1500.9435700660194,870.0026244439421,0.05649092984770854,0.05645751953125,0.0031518391333520412,0,1,0,0,0,2.2771704711506877e-06,-0.8853599227185378,-0.9402277724397841,1,0,0,0,0,False,False,
1,2,1500.9435700660194,870.0026244439421,0.05649092984770854,0.05645751953125,0.0031518391333520412,0,1,0,0,0,2.2771704711506877e-06,-0.8853599227185378,-0.9402277724397841,1,0,0,0,0,False,False,
1,3,1500.9435700660194,870.0026244439421,0.05649092984770854,0.05645751953125,0.0031518391333520412,0,1,0,0,0,2.2771704711506877e-06,-0.8853599227185378,-0.9402277724397841,1,0,0,0,0,False,False,
1,4,1500.9435700660194,870.0026244439421,0.05649092984770854,0.05645751953125,0.0031518391333520412,0,1,0,0,0,2.2771704711506877e-06,-0.8853599227185378,-0.9402277724397841,1,0,0,0,0,False,False,
1,5,1500.9435700660194,870.0026244439421,0.05649092984770854,0.05645751953125,0.0031518391333520412,0,1,0,0,0,2.2771704711506877e-06,-0.8853599227185378,-0.9402277724397841,1,0,0,0,0,False,False,
1,6,1500.9435700660194,870.0026244439421,0.05649092984770854,0.05645751953125,0.0031518391333520412,0,1,0,0,0,2.2771704711506877e-06,-0.8853599227185378,-0.9402277724397841,1,0,0,0,0,False,False,
1,7,1500.9435700660194,870.0026244439421,0.05649092984770854,0.05645751953125,0.0031518391333520412,0,1,0,0,0,2.2771704711506877e-06,-0.8853599227185378,-0.9402277724397841,1,0,0,0,0,False,False,
2,0,1500.8315752862707,870.0078318278336,0.11211577738197773,0.16863809525966644,0.021507814526557922,0,1,0,0,0,9.841184993004188e-06,-0.8856590709113903,-0.9403893487072126,0,0,0,0,0,False,False,
2,1,1500.8315752862707,870.0078318278336,0.11211577738197773,0.16863809525966644,0.021507814526557922,0,1,0,0,0,9.841184993004188e-06,-0.8856590709113903,-0.9403893487072126,0,0,0,0,0,False,False,
2,2,1500.8315752862707,870.0078318278336,0.11211577738197773,0.16863809525966644,0.021507814526557922,0,1,0,0,0,9.841184993004188e-06,-0.8856590709113903,-0.9403893487072126,0,0,0,0,0,False,False,
2,3,1500.8315752862707,870.0078318278336,0.11211577738197773,0.16863809525966644,0.021507814526557922,0,1,0,0,0,9.841184993004188e-06,-0.8856590709113903,-0.9403893487072126,0,0,0,0,0,False,False,
2,4,1500.8315752862707,870.0078318278336,0.11211577738197773,0.16863809525966644,0.021507814526557922,0,1,0,0,0,9.841184993004188e-06,-0.8856590709113903,-0.9403893487072126,0,0,0,0,0,False,False,
2,5,1500.8315752862707,870.0078318278336,0.11211577738197773,0.16863809525966644,0.021507814526557922,0,1,0,0,0,9.841184993004188e-06,-0.8856590709113903,-0.9403893487072126,0,0,0,0,0,False,False,
2,6,1500.8315752862707,870.0078318278336,0.11211577738197773,0.16863809525966644,0.021507814526557922,0,1,0,0,0,9.841184993004188e-06,-0.8856590709113903,-0.9403893487072126,0,0,0,0,0,False,False,
2,7,1500.8315752862707,870.0078318278336,0.11211577738197773,0.16863809525966644,0.021507814526557922,0,1,0,0,0,9.841184993004188e-06,-0.8856590709113903,-0.9403893487072126,0,0,0,0,0,False,False,
3,0,1500.6648862341522,870.0155788862997,0.16686898157259084,0.33544427156448364,0.040038175880908966,0,1,0,0,0,2.2880614243250523e-05,-0.8861038873880704,-0.9406239805451568,0,0,0,0,0,False,False,
3,1,1500.6648862341522,870.0155788862997,0.16686898157259084,0.33544427156448364,0.040038175880908966,0,1,0,0,0,2.2880614243250523e-05,-0.8861038873880704,-0.9406239805451568,0,0,0,0,0,False,False,
3,2,1500.6648862341522,870.0155788862997,0.16686898157259084,0.33544427156448364,0.040038175880908966,0,1,0,0,0,2.2880614243250523e-05,-0.8861038873880704,-0.9406239805451568,0,0,0,0,0,False,False,
3,3,1500.6648862341522,870.0155788862997,0.16686898157259084,0.33544427156448364,0.040038175880908966,0,1,0,0,0,2.2880614243250523e-05,-0.8861038873880704,-0.9406239805451568,0,0,0,0,0,False,False,
3,4,1500.6648862341522,870.0155788862997,0.16686898157259084,0.33544427156448364,0.040038175880908966,0,1,0,0,0,2.2880614243250523e-05,-0.8861038873880704,-0.9406239805451568,0,0,0,0,0,False,False,
3,5,1500.6648862341522,870.0155788862997,0.16686898157259084,0.33544427156448364,0.040038175880908966,0,1,0,0,0,2.2880614243250523e-05,-0.8861038873880704,-0.9406239805451568,0,0,0,0,0,False,False,
3,6,1500.6648862341522,870.0155788862997,0.16686898157259084,0.33544427156448364,0.040038175880908966,0,1,0,0,0,2.2880614243250523e-05,-0.8861038873880704,-0.9406239805451568,0,0,0,0,0,False,False,
3,7,1500.6648862341522,870.0155788862997,0.16686898157259084,0.33544427156448364,0.040038175880908966,0,1,0,0,0,2.2880614243250523e-05,-0.8861038873880704,-0.9406239805451568,0,0,0,0,0,False,False,
4,0,1500.4443739150643,870.0258208201344,0.2207500398146414,0.5562635064125061,0.058739520609378815,0,1,0,0,0,4.2039832277396275e-05,-0.8866927387399787,-0.94093167152689,0,0,0,0,0,False,False,
4,1,1500.4443739150643,870.0258208201344,0.2207500398146414,0.5562635064125061,0.058739520609378815,0,1,0,0,0,4.2039832277396275e-05,-0.8866927387399787,-0.94093167152689,0,0,0,0,0,False,False,
4,2,1500.4443739150643,870.0258208201344,0.2207500398146414,0.5562635064125061,0.058739520609378815,0,1,0,0,0,4.2039832277396275e-05,-0.8866927387399787,-0.94093167152689,0,0,0,0,0,False,False,
4,3,1500.4443739150643,870.0258208201344,0.2207500398146414,0.5562635064125061,0.058739520609378815,0,1,0,0,0,4.2039832277396275e-05,-0.8866927387399787,-0.94093167152689,0,0,0,0,0,False,False,
4,4,1500.4443739150643,870.0258208201344,0.2207500398146414,0.5562635064125061,0.058739520609378815,0,1,0,0,0,4.2039832277396275e-05,-0.8866927387399787,-0.94093167152689,0,0,0,0,0,False,False,
4,5,1500.4443739150643,870.0258208201344,0.2207500398146414,0.5562635064125061,0.058739520609378815,0,1,0,0,0,4.2039832277396275e-05,-0.8866927387399787,-0.94093167152689,0,0,0,0,0,False,False,
4,6,1500.4443739150643,870.0258208201344,0.2207500398146414,0.5562635064125061,0.058739520609378815,0,1,0,0,0,4.2039832277396275e-05,-0.8866927387399787,-0.94093167152689,0,0,0,0,0,False,False,
4,7,1500.4443739150643,870.0258208201344,0.2207500398146414,0.5562635064125061,0.058739520609378815,0,1,0,0,0,4.2039832277396275e-05,-0.8866927387399787,-0.94093167152689,0,0,0,0,0,False,False,
5,0,1500.1709090904033,870.0385114724421,0.2737591331496438,0.8299955725669861,0.07760894298553467,0,1,0,0,0,6.728233712433646e-05,-0.8874226908813129,-0.9413124180791387,0,0,0,0,0,False,False,
5,1,1500.1709090904033,870.0385114724421,0.2737591331496438,0.8299955725669861,0.07760894298553467,0,1,0,0,0,6.728233712433646e-05,-0.8874226908813129,-0.9413124180791387,0,0,0,0,0,False,False,
5,2,1500.1709090904033,870.0385114724421,0.2737591331496438,0.8299955725669861,0.07760894298553467,0,1,0,0,0,6.728233712433646e-05,-0.8874226908813129,-0.9413124180791387,0,0,0,0,0,False,False,
5,3,1500.1709090904033,870.0385114724421,0.2737591331496438,0.8299955725669861,0.07760894298553467,0,1,0,0,0,6.728233712433646e-05,-0.8874226908813129,-0.9413124180791387,0,0,0,0,0,False,False,
5,4,1500.1709090904033,870.0385114724421,0.2737591331496438,0.8299955725669861,0.07760894298553467,0,1,0,0,0,6.728233712433646e-05,-0.8874226908813129,-0.9413124180791387,0,0,0,0,0,False,False,
5,5,1500.1709090904033,870.0385114724421,0.2737591331496438,0.8299955725669861,0.07760894298553467,0,1,0,0,0,6.728233712433646e-05,-0.8874226908813129,-0.9413124180791387,0,0,0,0,0,False,False,
5,6,1500.1709090904033,870.0385114724421,0.2737591331496438,0.8299955725669861,0.07760894298553467,0,1,0,0,0,6.728233712433646e-05,-0.8874226908813129,-0.9413124180791387,0,0,0,0,0,False,False,
5,7,1500.1709090904033,870.0385114724421,0.2737591331496438,0.8299955725669861,0.07760894298553467,0,1,0,0,0,6.728233712433646e-05,-0.8874226908813129,-0.9413124180791387,0,0,0,0,0,False,False,
6,0,1499.8453616111562,870.053603542689,0.3258971184722049,1.1559059619903564,0.09664353728294373,0,1,0,0,0,9.869521374620642e-05,-0.8882917852339519,-0.9417743779846122,0,0,0,0,0,False,False,
6,1,1499.8453616111562,870.053603542689,0.3258971184722049,1.1559059619903564,0.09664353728294373,0,1,0,0,0,9.869521374620642e-05,-0.8882917852339519,-0.9417743779846122,0,0,0,0,0,False,False,
6,2,1499.8453616111562,870.053603542689,0.3258971184722049,1.1559059619903564,0.09664353728294373,0,1,0,0,0,9.869521374620642e-05,-0.8882917852339519,-0.9417743779846122,0,0,0,0,0,False,False,
6,3,1499.8453616111562,870.053603542689,0.3258971184722049,1.1559059619903564,0.09664353728294373,0,1,0,0,0,9.869521374620642e-05,-0.8882917852339519,-0.9417743779846122,0,0,0,0,0,False,False,
6,4,1499.8453616111562,870.053603542689,0.3258971184722049,1.1559059619903564,0.09664353728294373,0,1,0,0,0,9.869521374620642e-05,-0.8882917852339519,-0.9417743779846122,0,0,0,0,0,False,False,
6,5,1499.8453616111562,870.053603542689,0.3258971184722049,1.1559059619903564,0.09664353728294373,0,1,0,0,0,9.869521374620642e-05,-0.8882917852339519,-0.9417743779846122,0,0,0,0,0,False,False,
6,6,1499.8453616111562,870.053603542689,0.3258971184722049,1.1559059619903564,0.09664353728294373,0,1,0,0,0,9.869521374620642e-05,-0.8882917852339519,-0.9417743779846122,0,0,0,0,0,False,False,
6,7,1499.8453616111562,870.053603542689,0.3258971184722049,1.1559059619903564,0.09664353728294373,0,1,0,0,0,9.869521374620642e-05,-0.8882917852339519,-0.9417743779846122,0,0,0,0,0,False,False,
7,0,1499.4685997927718,870.0710487971394,0.3771654871474761,1.5330191850662231,0.11584041267633438,0,1,0,0,0,0.00013522678656146227,-0.8892974204435276,-0.9423020896901864,0,0,0,0,0,False,False,
7,1,1499.4685997927718,870.0710487971394,0.3771654871474761,1.5330191850662231,0.11584041267633438,0,1,0,0,0,0.00013522678656146227,-0.8892974204435276,-0.9423020896901864,0,0,0,0,0,False,False,
7,2,1499.4685997927718,870.0710487971394,0.3771654871474761,1.5330191850662231,0.11584041267633438,0,1,0,0,0,0.00013522678656146227,-0.8892974204435276,-0.9423020896901864,0,0,0,0,0,False,False,
7,3,1499.4685997927718,870.0710487971394,0.3771654871474761,1.5330191850662231,0.11584041267633438,0,1,0,0,0,0.00013522678656146227,-0.8892974204435276,-0.9423020896901864,0,0,0,0,0,False,False,
7,4,1499.4685997927718,870.0710487971394,0.3771654871474761,1.5330191850662231,0.11584041267633438,0,1,0,0,0,0.00013522678656146227,-0.8892974204435276,-0.9423020896901864,0,0,0,0,0,False,False,
7,5,1499.4685997927718,870.0710487971394,0.3771654871474761,1.5330191850662231,0.11584041267633438,0,1,0,0,0,0.00013522678656146227,-0.8892974204435276,-0.9423020896901864,0,0,0,0,0,False,False,
7,6,1499.4685997927718,870.0710487971394,0.3771654871474761,1.5330191850662231,0.11584041267633438,0,1,0,0,0,0.00013522678656146227,-0.8892974204435276,-0.9423020896901864,0,0,0,0,0,False,False,
7,7,1499.4685997927718,870.0710487971394,0.3771654871474761,1.5330191850662231,0.11584041267633438,0,1,0,0,0,0.00013522678656146227,-0.8892974204435276,-0.9423020896901864,0,0,0,0,0,False,False,
8,0,1499.0414897934972,870.0907982679396,0.4275663610216159,1.960600733757019,0.13519668579101562,0,1,0,0,0,0.00017691296172491397,-0.8904376379317254,-0.9429110147489853,0,0,0,0,0,False,False,
8,1,1499.0414897934972,870.0907982679396,0.4275663610216159,1.960600733757019,0.13519668579101562,0,1,0,0,0,0.00017691296172491397,-0.8904376379317254,-0.9429110147489853,0,0,0,0,0,False,False,
8,2,1499.0414897934972,870.0907982679396,0.4275663610216159,1.960600733757019,0.13519668579101562,0,1,0,0,0,0.00017691296172491397,-0.8904376379317254,-0.9429110147489853,0,0,0,0,0,False,False,
8,3,1499.0414897934972,870.0907982679396,0.4275663610216159,1.960600733757019,0.13519668579101562,0,1,0,0,0,0.00017691296172491397,-0.8904376379317254,-0.9429110147489853,0,0,0,0,0,False,False,
8,4,1499.0414897934972,870.0907982679396,0.4275663610216159,1.960600733757019,0.13519668579101562,0,1,0,0,0,0.00017691296172491397,-0.8904376379317254,-0.9429110147489853,0,0,0,0,0,False,False,
8,5,1499.0414897934972,870.0907982679396,0.4275663610216159,1.960600733757019,0.13519668579101562,0,1,0,0,0,0.00017691296172491397,-0.8904376379317254,-0.9429110147489853,0,0,0,0,0,False,False,
8,6,1499.0414897934972,870.0907982679396,0.4275663610216159,1.960600733757019,0.13519668579101562,0,1,0,0,0,0.00017691296172491397,-0.8904376379317254,-0.9429110147489853,0,0,0,0,0,False,False,
8,7,1499.0414897934972,870.0907982679396,0.4275663610216159,1.960600733757019,0.13519668579101562,0,1,0,0,0,0.00017691296172491397,-0.8904376379317254,-0.9429110147489853,0,0,0,0,0,False,False,
9,0,1498.5648950342904,870.112802438764,0.47710245025262554,2.437669515609741,0.15470947325229645,0,1,0,0,0,0.00022459070432161195,-0.8917098212173714,-0.9435994522829672,0,0,0,0,0,False,False,
9,1,1498.5648950342904,870.112802438764,0.47710245025262554,2.437669515609741,0.15470947325229645,0,1,0,0,0,0.00022459070432161195,-0.8917098212173714,-0.9435994522829672,0,0,0,0,0,False,False,
9,2,1498.5648950342904,870.112802438764,0.47710245025262554,2.437669515609741,0.15470947325229645,0,1,0,0,0,0.00022459070432161195,-0.8917098212173714,-0.9435994522829672,0,0,0,0,0,False,False,
9,3,1498.5648950342904,870.112802438764,0.47710245025262554,2.437669515609741,0.15470947325229645,0,1,0,0,0,0.00022459070432161195,-0.8917098212173714,-0.9435994522829672,0,0,0,0,0,False,False,
9,4,1498.5648950342904,870.112802438764,0.47710245025262554,2.437669515609741,0.15470947325229645,0,1,0,0,0,0.00022459070432161195,-0.8917098212173714,-0.9435994522829672,0,0,0,0,0,False,False,
9,5,1498.5648950342904,870.112802438764,0.47710245025262554,2.437669515609741,0.15470947325229645,0,1,0,0,0,0.00022459070432161195,-0.8917098212173714,-0.9435994522829672,0,0,0,0,0,False,False,
9,6,1498.5648950342904,870.112802438764,0.47710245025262554,2.437669515609741,0.15470947325229645,0,1,0,0,0,0.00022459070432161195,-0.8917098212173714,-0.9435994522829672,0,0,0,0,0,False,False,
9,7,1498.5648950342904,870.112802438764,0.47710245025262554,2.437669515609741,0.15470947325229645,0,1,0,0,0,0.00022459070432161195,-0.8917098212173714,-0.9435994522829672,0,0,0,0,0,False,False,
10,0,1498.039693754453,870.1370092286859,0.5257588354189962,2.963496685028076,0.17437463998794556,0,1,0,0,0,0.00027808616174398694,-0.8931120268471867,-0.9443544884827973,0,0,0,0,0,False,False,
10,1,1498.039693754453,870.1370092286859,0.5257588354189962,2.963496685028076,0.17437463998794556,0,1,0,0,0,0.00027808616174398694,-0.8931120268471867,-0.9443544884827973,0,0,0,0,0,False,False,
10,2,1498.039693754453,870.1370092286859,0.5257588354189962,2.963496685028076,0.17437463998794556,0,1,0,0,0,0.00027808616174398694,-0.8931120268471867,-0.9443544884827973,0,0,0,0,0,False,False,
10,3,1498.039693754453,870.1370092286859,0.5257588354189962,2.963496685028076,0.17437463998794556,0,1,0,0,0,0.00027808616174398694,-0.8931120268471867,-0.9443544884827973,0,0,0,0,0,False,False,
10,4,1498.039693754453,870.1370092286859,0.5257588354189962,2.963496685028076,0.17437463998794556,0,1,0,0,0,0.00027808616174398694,-0.8931120268471867,-0.9443544884827973,0,0,0,0,0,False,False,
10,5,1498.039693754453,870.1370092286859,0.5257588354189962,2.963496685028076,0.17437463998794556,0,1,0,0,0,0.00027808616174398694,-0.8931120268471867,-0.9443544884827973,0,0,0,0,0,False,False,
10,6,1498.039693754453,870.1370092286859,0.5257588354189962,2.963496685028076,0.17437463998794556,0,1,0,0,0,0.00027808616174398694,-0.8931120268471867,-0.9443544884827973,0,0,0,0,0,False,False,
10,7,1498.039693754453,870.1370092286859,0.5257588354189962,2.963496685028076,0.17437463998794556,0,1,0,0,0,0.00027808616174398694,-0.8931120268471867,-0.9443544884827973,0,0,0,0,0,False,False,
11,0,1497.4667365503817,870.1633679342536,0.5735631953468103,3.5369791984558105,0.194191113114357,0,1,0,0,0,0.00033724495184830834,-0.8946413131685552,-0.9451834342654374,0,0,0,0,0,False,False,
11,1,1497.4667365503817,870.1633679342536,0.5735631953468103,3.5369791984558105,0.194191113114357,0,1,0,0,0,0.00033724495184830834,-0.8946413131685552,-0.9451834342654374,0,0,0,0,0,False,False,
11,2,1497.4667365503817,870.1633679342536,0.5735631953468103,3.5369791984558105,0.194191113114357,0,1,0,0,0,0.00033724495184830834,-0.8946413131685552,-0.9451834342654374,0,0,0,0,0,False,False,
11,3,1497.4667365503817,870.1633679342536,0.5735631953468103,3.5369791984558105,0.194191113114357,0,1,0,0,0,0.00033724495184830834,-0.8946413131685552,-0.9451834342654374,0,0,0,0,0,False,False,
11,4,1497.4667365503817,870.1633679342536,0.5735631953468103,3.5369791984558105,0.194191113114357,0,1,0,0,0,0.00033724495184830834,-0.8946413131685552,-0.9451834342654374,0,0,0,0,0,False,False,
11,5,1497.4667365503817,870.1633679342536,0.5735631953468103,3.5369791984558105,0.194191113114357,0,1,0,0,0,0.00033724495184830834,-0.8946413131685552,-0.9451834342654374,0,0,0,0,0,False,False,
11,6,1497.4667365503817,870.1633679342536,0.5735631953468103,3.5369791984558105,0.194191113114357,0,1,0,0,0,0.00033724495184830834,-0.8946413131685552,-0.9451834342654374,0,0,0,0,0,False,False,
11,7,1497.4667365503817,870.1633679342536,0.5735631953468103,3.5369791984558105,0.194191113114357,0,1,0,0,0,0.00033724495184830834,-0.8946413131685552,-0.9451834342654374,0,0,0,0,0,False,False,
12,0,1496.8468750150064,870.1918275723012,0.6205145236298242,4.157504558563232,0.21415607631206512,0,1,0,0,0,0.00040214768487803416,-0.8962960467651114,-0.9460918925232603,0,0,0,0,0,False,False,
12,1,1496.8468750150064,870.1918275723012,0.6205145236298242,4.157504558563232,0.21415607631206512,0,1,0,0,0,0.00040214768487803416,-0.8962960467651114,-0.9460918925232603,0,0,0,0,0,False,False,
12,2,1496.8468750150064,870.1918275723012,0.6205145236298242,4.157504558563232,0.21415607631206512,0,1,0,0,0,0.00040214768487803416,-0.8962960467651114,-0.9460918925232603,0,0,0,0,0,False,False,
12,3,1496.8468750150064,870.1918275723012,0.6205145236298242,4.157504558563232,0.21415607631206512,0,1,0,0,0,0.00040214768487803416,-0.8962960467651114,-0.9460918925232603,0,0,0,0,0,False,False,
12,4,1496.8468750150064,870.1918275723012,0.6205145236298242,4.157504558563232,0.21415607631206512,0,1,0,0,0,0.00040214768487803416,-0.8962960467651114,-0.9460918925232603,0,0,0,0,0,False,False,
12,5,1496.8468750150064,870.1918275723012,0.6205145236298242,4.157504558563232,0.21415607631206512,0,1,0,0,0,0.00040214768487803416,-0.8962960467651114,-0.9460918925232603,0,0,0,0,0,False,False,
12,6,1496.8468750150064,870.1918275723012,0.6205145236298242,4.157504558563232,0.21415607631206512,0,1,0,0,0,0.00040214768487803416,-0.8962960467651114,-0.9460918925232603,0,0,0,0,0,False,False,
12,7,1496.8468750150064,870.1918275723012,0.6205145236298242,4.157504558563232,0.21415607631206512,0,1,0,0,0,0.00040214768487803416,-0.8962960467651114,-0.9460918925232603,0,0,0,0,0,False,False,
13,0,1496.1809558882292,870.2223372880997,0.6666176761576462,4.82421875,0.23426608741283417,0,1,0,0,0,0.00047176900530669424,-0.8980739514469205,-0.947074260363893,0,0,0,0,1,False,False,
13,1,1496.1809558882292,870.2223372880997,0.6666176761576462,4.82421875,0.23426608741283417,0,1,0,0,0,0.00047176900530669424,-0.8980739514469205,-0.947074260363893,0,0,0,0,1,False,False,
13,2,1496.1809558882292,870.2223372880997,0.6666176761576462,4.82421875,0.23426608741283417,0,1,0,0,0,0.00047176900530669424,-0.8980739514469205,-0.947074260363893,0,0,0,0,1,False,False,
13,3,1496.1809558882292,870.2223372880997,0.6666176761576462,4.82421875,0.23426608741283417,0,1,0,0,0,0.00047176900530669424,-0.8980739514469205,-0.947074260363893,0,0,0,0,1,False,False,
13,4,1496.1809558882292,870.2223372880997,0.6666176761576462,4.82421875,0.23426608741283417,0,1,0,0,0,0.00047176900530669424,-0.8980739514469205,-0.947074260363893,0,0,0,0,1,False,False,
13,5,1496.1809558882292,870.2223372880997,0.6666176761576462,4.82421875,0.23426608741283417,0,1,0,0,0,0.00047176900530669424,-0.8980739514469205,-0.947074260363893,0,0,0,0,1,False,False,
13,6,1496.1809558882292,870.2223372880997,0.6666176761576462,4.82421875,0.23426608741283417,0,1,0,0,0,0.00047176900530669424,-0.8980739514469205,-0.947074260363893,0,0,0,0,1,False,False,
13,7,1496.1809558882292,870.2223372880997,0.6666176761576462,4.82421875,0.23426608741283417,0,1,0,0,0,0.00047176900530669424,-0.8980739514469205,-0.947074260363893,0,0,0,0,1,False,False,
14,0,1495.4698205755155,870.2548465106926,0.7118779969503549,5.536019325256348,0.2545183300971985,0,1,0,0,0,0.0005469623109099252,-0.8999720855460495,-0.9481369875454563,0,0,0,0,2,False,False,
14,1,1495.4698205755155,870.2548465106926,0.7118779969503549,5.536019325256348,0.2545183300971985,0,1,0,0,0,0.0005469623109099252,-0.8999720855460495,-0.9481369875454563,0,0,0,0,2,False,False,
14,2,1495.4698205755155,870.2548465106926,0.7118779969503549,5.536019325256348,0.2545183300971985,0,1,0,0,0,0.0005469623109099252,-0.8999720855460495,-0.9481369875454563,0,0,0,0,2,False,False,
14,3,1495.4698205755155,870.2548465106926,0.7118779969503549,5.536019325256348,0.2545183300971985,0,1,0,0,0,0.0005469623109099252,-0.8999720855460495,-0.9481369875454563,0,0,0,0,2,False,False,
14,4,1495.4698205755155,870.2548465106926,0.7118779969503549,5.536019325256348,0.2545183300971985,0,1,0,0,0,0.0005469623109099252,-0.8999720855460495,-0.9481369875454563,0,0,0,0,2,False,False,
14,5,1495.4698205755155,870.2548465106926,0.7118779969503549,5.536019325256348,0.2545183300971985,0,1,0,0,0,0.0005469623109099252,-0.8999720855460495,-0.9481369875454563,0,0,0,0,2,False,False,
14,6,1495.4698205755155,870.2548465106926,0.7118779969503549,5.536019325256348,0.2545183300971985,0,1,0,0,0,0.0005469623109099252,-0.8999720855460495,-0.9481369875454563,0,0,0,0,2,False,False,
14,7,1495.4698205755155,870.2548465106926,0.7118779969503549,5.536019325256348,0.2545183300971985,0,1,0,0,0,0.0005469623109099252,-0.8999720855460495,-0.9481369875454563,0,0,0,0,2,False,False,
15,0,1494.714304727401,870.2893050973685,0.756301256740847,6.292299270629883,0.274910032749176,0,1,0,0,0,0.0006259452455187405,-0.901988830776876,-0.9492663169661413,0,0,0,0,3,False,False,
15,1,1494.714304727401,870.2893050973685,0.756301256740847,6.292299270629883,0.274910032749176,0,1,0,0,0,0.0006259452455187405,-0.901988830776876,-0.9492663169661413,0,0,0,0,3,False,False,
15,2,1494.714304727401,870.2893050973685,0.756301256740847,6.292299270629883,0.274910032749176,0,1,0,0,0,0.0006259452455187405,-0.901988830776876,-0.9492663169661413,0,0,0,0,3,False,False,
15,3,1494.714304727401,870.2893050973685,0.756301256740847,6.292299270629883,0.274910032749176,0,1,0,0,0,0.0006259452455187405,-0.901988830776876,-0.9492663169661413,0,0,0,0,3,False,False,
15,4,1494.714304727401,870.2893050973685,0.756301256740847,6.292299270629883,0.274910032749176,0,1,0,0,0,0.0006259452455187405,-0.901988830776876,-0.9492663169661413,0,0,0,0,3,False,False,
15,5,1494.714304727401,870.2893050973685,0.756301256740847,6.292299270629883,0.274910032749176,0,1,0,0,0,0.0006259452455187405,-0.901988830776876,-0.9492663169661413,0,0,0,0,3,False,False,
15,6,1494.714304727401,870.2893050973685,0.756301256740847,6.292299270629883,0.274910032749176,0,1,0,0,0,0.0006259452455187405,-0.901988830776876,-0.9492663169661413,0,0,0,0,3,False,False,
15,7,1494.714304727401,870.2893050973685,0.756301256740847,6.292299270629883,0.274910032749176,0,1,0,0,0,0.0006259452455187405,-0.901988830776876,-0.9492663169661413,0,0,0,0,3,False,False,
16,0,1493.9152377905652,870.325663478346,0.7998936813173674,7.092199325561523,0.2954384386539459,0,1,0,0,0,0.0007098836283792783,-0.9041218957962824,-0.9504687019573419,0,0,0,0,4,False,False,
16,1,1493.9152377905652,870.325663478346,0.7998936813173674,7.092199325561523,0.2954384386539459,0,1,0,0,0,0.0007098836283792783,-0.9041218957962824,-0.9504687019573419,0,0,0,0,4,False,False,
16,2,1493.9152377905652,870.325663478346,0.7998936813173674,7.092199325561523,0.2954384386539459,0,1,0,0,0,0.0007098836283792783,-0.9041218957962824,-0.9504687019573419,0,0,0,0,4,False,False,
16,3,1493.9152377905652,870.325663478346,0.7998936813173674,7.092199325561523,0.2954384386539459,0,1,0,0,0,0.0007098836283792783,-0.9041218957962824,-0.9504687019573419,0,0,0,0,4,False,False,
16,4,1493.9152377905652,870.325663478346,0.7998936813173674,7.092199325561523,0.2954384386539459,0,1,0,0,0,0.0007098836283792783,-0.9041218957962824,-0.9504687019573419,0,0,0,0,4,False,False,
16,5,1493.9152377905652,870.325663478346,0.7998936813173674,7.092199325561523,0.2954384386539459,0,1,0,0,0,0.0007098836283792783,-0.9041218957962824,-0.9504687019573419,0,0,0,0,4,False,False,
16,6,1493.9152377905652,870.325663478346,0.7998936813173674,7.092199325561523,0.2954384386539459,0,1,0,0,0,0.0007098836283792783,-0.9041218957962824,-0.9504687019573419,0,0,0,0,4,False,False,
16,7,1493.9152377905652,870.325663478346,0.7998936813173674,7.092199325561523,0.2954384386539459,0,1,0,0,0,0.0007098836283792783,-0.9041218957962824,-0.9504687019573419,0,0,0,0,4,False,False,
17,0,1493.0734468717274,870.3638717783145,0.8426575966693111,7.934863090515137,0.3161012530326843,0,1,0,0,0,0.0007996276688032822,-0.9063689968192877,-0.9517587607797077,0,0,0,0,5,False,False,
17,1,1493.0734468717274,870.3638717783145,0.8426575966693111,7.934863090515137,0.3161012530326843,0,1,0,0,0,0.0007996276688032822,-0.9063689968192877,-0.9517587607797077,0,0,0,0,5,False,False,
17,2,1493.0734468717274,870.3638717783145,0.8426575966693111,7.934863090515137,0.3161012530326843,0,1,0,0,0,0.0007996276688032822,-0.9063689968192877,-0.9517587607797077,0,0,0,0,5,False,False,
17,3,1493.0734468717274,870.3638717783145,0.8426575966693111,7.934863090515137,0.3161012530326843,0,1,0,0,0,0.0007996276688032822,-0.9063689968192877,-0.9517587607797077,0,0,0,0,5,False,False,
17,4,1493.0734468717274,870.3638717783145,0.8426575966693111,7.934863090515137,0.3161012530326843,0,1,0,0,0,0.0007996276688032822,-0.9063689968192877,-0.9517587607797077,0,0,0,0,5,False,False,
17,5,1493.0734468717274,870.3638717783145,0.8426575966693111,7.934863090515137,0.3161012530326843,0,1,0,0,0,0.0007996276688032822,-0.9063689968192877,-0.9517587607797077,0,0,0,0,5,False,False,
17,6,1493.0734468717274,870.3638717783145,0.8426575966693111,7.934863090515137,0.3161012530326843,0,1,0,0,0,0.0007996276688032822,-0.9063689968192877,-0.9517587607797077,0,0,0,0,5,False,False,
17,7,1493.0734468717274,870.3638717783145,0.8426575966693111,7.934863090515137,0.3161012530326843,0,1,0,0,0,0.0007996276688032822,-0.9063689968192877,-0.9517587607797077,0,0,0,0,5,False,False,
18,0,1492.1898447617073,870.403856225681,0.8845063283341572,8.81943416595459,0.3368840217590332,0,1,0,0,0,0.0009101824510682693,-0.9087278500449971,-0.9531218715993159,0,0,0,0,6,False,False,
18,1,1492.1898447617073,870.403856225681,0.8845063283341572,8.81943416595459,0.3368840217590332,0,1,0,0,0,0.0009101824510682693,-0.9087278500449971,-0.9531218715993159,0,0,0,0,6,False,False,
18,2,1492.1898447617073,870.403856225681,0.8845063283341572,8.81943416595459,0.3368840217590332,0,1,0,0,0,0.0009101824510682693,-0.9087278500449971,-0.9531218715993159,0,0,0,0,6,False,False,
18,3,1492.1898447617073,870.403856225681,0.8845063283341572,8.81943416595459,0.3368840217590332,0,1,0,0,0,0.0009101824510682693,-0.9087278500449971,-0.9531218715993159,0,0,0,0,6,False,False,
18,4,1492.1898447617073,870.403856225681,0.8845063283341572,8.81943416595459,0.3368840217590332,0,1,0,0,0,0.0009101824510682693,-0.9087278500449971,-0.9531218715993159,0,0,0,0,6,False,False,
18,5,1492.1898447617073,870.403856225681,0.8845063283341572,8.81943416595459,0.3368840217590332,0,1,0,0,0,0.0009101824510682693,-0.9087278500449971,-0.9531218715993159,0,0,0,0,6,False,False,
18,6,1492.1898447617073,870.403856225681,0.8845063283341572,8.81943416595459,0.3368840217590332,0,1,0,0,0,0.0009101824510682693,-0.9087278500449971,-0.9531218715993159,0,0,0,0,6,False,False,
18,7,1492.1898447617073,870.403856225681,0.8845063283341572,8.81943416595459,0.3368840217590332,0,1,0,0,0,0.0009101824510682693,-0.9087278500449971,-0.9531218715993159,0,0,0,0,6,False,False,
19,0,1491.2652142729019,870.4455592522904,0.925570463690945,9.74493408203125,0.35780176520347595,0,1,0,0,0,0.0010331955608011058,-0.9111958464850937,-0.9545661957721489,0,0,0,0,7,False,False,
19,1,1491.2652142729019,870.4455592522904,0.925570463690945,9.74493408203125,0.35780176520347595,0,1,0,0,0,0.0010331955608011058,-0.9111958464850937,-0.9545661957721489,0,0,0,0,7,False,False,
19,2,1491.2652142729019,870.4455592522904,0.925570463690945,9.74493408203125,0.35780176520347595,0,1,0,0,0,0.0010331955608011058,-0.9111958464850937,-0.9545661957721489,0,0,0,0,7,False,False,
19,3,1491.2652142729019,870.4455592522904,0.925570463690945,9.74493408203125,0.35780176520347595,0,1,0,0,0,0.0010331955608011058,-0.9111958464850937,-0.9545661957721489,0,0,0,0,7,False,False,
19,4,1491.2652142729019,870.4455592522904,0.925570463690945,9.74493408203125,0.35780176520347595,0,1,0,0,0,0.0010331955608011058,-0.9111958464850937,-0.9545661957721489,0,0,0,0,7,False,False,
19,5,1491.2652142729019,870.4455592522904,0.925570463690945,9.74493408203125,0.35780176520347595,0,1,0,0,0,0.0010331955608011058,-0.9111958464850937,-0.9545661957721489,0,0,0,0,7,False,False,
19,6,1491.2652142729019,870.4455592522904,0.925570463690945,9.74493408203125,0.35780176520347595,0,1,0,0,0,0.0010331955608011058,-0.9111958464850937,-0.9545661957721489,0,0,0,0,7,False,False,
19,7,1491.2652142729019,870.4455592522904,0.925570463690945,9.74493408203125,0.35780176520347595,0,1,0,0,0,0.0010331955608011058,-0.9111958464850937,-0.9545661957721489,0,0,0,0,7,False,False,
20,0,1490.3003581882556,870.4889239229362,0.9658300879240277,10.710753440856934,0.37884756922721863,0,1,0,0,0,0.0011669302082803294,-0.9137713602275223,-0.9560835790887707,0,0,0,0,8,False,False,
20,1,1490.3003581882556,870.4889239229362,0.9658300879240277,10.710753440856934,0.37884756922721863,0,1,0,0,0,0.0011669302082803294,-0.9137713602275223,-0.9560835790887707,0,0,0,0,8,False,False,
20,2,1490.3003581882556,870.4889239229362,0.9658300879240277,10.710753440856934,0.37884756922721863,0,1,0,0,0,0.0011669302082803294,-0.9137713602275223,-0.9560835790887707,0,0,0,0,8,False,False,
20,3,1490.3003581882556,870.4889239229362,0.9658300879240277,10.710753440856934,0.37884756922721863,0,1,0,0,0,0.0011669302082803294,-0.9137713602275223,-0.9560835790887707,0,0,0,0,8,False,False,
20,4,1490.3003581882556,870.4889239229362,0.9658300879240277,10.710753440856934,0.37884756922721863,0,1,0,0,0,0.0011669302082803294,-0.9137713602275223,-0.9560835790887707,0,0,0,0,8,False,False,
20,5,1490.3003581882556,870.4889239229362,0.9658300879240277,10.710753440856934,0.37884756922721863,0,1,0,0,0,0.0011669302082803294,-0.9137713602275223,-0.9560835790887707,0,0,0,0,8,False,False,
20,6,1490.3003581882556,870.4889239229362,0.9658300879240277,10.710753440856934,0.37884756922721863,0,1,0,0,0,0.0011669302082803294,-0.9137713602275223,-0.9560835790887707,0,0,0,0,8,False,False,
20,7,1490.3003581882556,870.4889239229362,0.9658300879240277,10.710753440856934,0.37884756922721863,0,1,0,0,0,0.0011669302082803294,-0.9137713602275223,-0.9560835790887707,0,0,0,0,8,False,False,
21,0,1489.29606889751,870.5338956185565,1.0052956942676825,11.71615219116211,0.40001508593559265,0,1,0,0,0,0.0013133927010408621,-0.9164524173441932,-0.9576959364336995,0,0,0,0,9,False,False,
21,1,1489.29606889751,870.5338956185565,1.0052956942676825,11.71615219116211,0.40001508593559265,0,1,0,0,0,0.0013133927010408621,-0.9164524173441932,-0.9576959364336995,0,0,0,0,9,False,False,
21,2,1489.29606889751,870.5338956185565,1.0052956942676825,11.71615219116211,0.40001508593559265,0,1,0,0,0,0.0013133927010408621,-0.9164524173441932,-0.9576959364336995,0,0,0,0,9,False,False,
21,3,1489.29606889751,870.5338956185565,1.0052956942676825,11.71615219116211,0.40001508593559265,0,1,0,0,0,0.0013133927010408621,-0.9164524173441932,-0.9576959364336995,0,0,0,0,9,False,False,
21,4,1489.29606889751,870.5338956185565,1.0052956942676825,11.71615219116211,0.40001508593559265,0,1,0,0,0,0.0013133927010408621,-0.9164524173441932,-0.9576959364336995,0,0,0,0,9,False,False,
21,5,1489.29606889751,870.5338956185565,1.0052956942676825,11.71615219116211,0.40001508593559265,0,1,0,0,0,0.0013133927010408621,-0.9164524173441932,-0.9576959364336995,0,0,0,0,9,False,False,
21,6,1489.29606889751,870.5338956185565,1.0052956942676825,11.71615219116211,0.40001508593559265,0,1,0,0,0,0.0013133927010408621,-0.9164524173441932,-0.9576959364336995,0,0,0,0,9,False,False,
21,7,1489.29606889751,870.5338956185565,1.0052956942676825,11.71615219116211,0.40001508593559265,0,1,0,0,0,0.0013133927010408621,-0.9164524173441932,-0.9576959364336995,0,0,0,0,9,False,False,
22,0,1488.2531270542734,870.5804228082792,1.043979151016581,12.760038375854492,0.4213014841079712,0,1,0,0,0,0.0014681821258749198,-0.9192361064189644,-0.959382199788165,0,0,0,0,10,False,False,
22,1,1488.2531270542734,870.5804228082792,1.043979151016581,12.760038375854492,0.4213014841079712,0,1,0,0,0,0.0014681821258749198,-0.9192361064189644,-0.959382199788165,0,0,0,0,10,False,False,
22,2,1488.2531270542734,870.5804228082792,1.043979151016581,12.760038375854492,0.4213014841079712,0,1,0,0,0,0.0014681821258749198,-0.9192361064189644,-0.959382199788165,0,0,0,0,10,False,False,
22,3,1488.2531270542734,870.5804228082792,1.043979151016581,12.760038375854492,0.4213014841079712,0,1,0,0,0,0.0014681821258749198,-0.9192361064189644,-0.959382199788165,0,0,0,0,10,False,False,
22,4,1488.2531270542734,870.5804228082792,1.043979151016581,12.760038375854492,0.4213014841079712,0,1,0,0,0,0.0014681821258749198,-0.9192361064189644,-0.959382199788165,0,0,0,0,10,False,False,
22,5,1488.2531270542734,870.5804228082792,1.043979151016581,12.760038375854492,0.4213014841079712,0,1,0,0,0,0.0014681821258749198,-0.9192361064189644,-0.959382199788165,0,0,0,0,10,False,False,
22,6,1488.2531270542734,870.5804228082792,1.043979151016581,12.760038375854492,0.4213014841079712,0,1,0,0,0,0.0014681821258749198,-0.9192361064189644,-0.959382199788165,0,0,0,0,10,False,False,
22,7,1488.2531270542734,870.5804228082792,1.043979151016581,12.760038375854492,0.4213014841079712,0,1,0,0,0,0.0014681821258749198,-0.9192361064189644,-0.959382199788165,0,0,0,0,10,False,False,
23,0,1487.1723059777607,870.6284561210912,1.081887886323543,13.84191608428955,0.44270452857017517,0,1,0,0,0,0.0016345350046407248,-0.9221211037340804,-0.9611561334005223,0,0,0,0,11,False,False,
23,1,1487.1723059777607,870.6284561210912,1.081887886323543,13.84191608428955,0.44270452857017517,0,1,0,0,0,0.0016345350046407248,-0.9221211037340804,-0.9611561334005223,0,0,0,0,11,False,False,
23,2,1487.1723059777607,870.6284561210912,1.081887886323543,13.84191608428955,0.44270452857017517,0,1,0,0,0,0.0016345350046407248,-0.9221211037340804,-0.9611561334005223,0,0,0,0,11,False,False,
23,3,1487.1723059777607,870.6284561210912,1.081887886323543,13.84191608428955,0.44270452857017517,0,1,0,0,0,0.0016345350046407248,-0.9221211037340804,-0.9611561334005223,0,0,0,0,11,False,False,
23,4,1487.1723059777607,870.6284561210912,1.081887886323543,13.84191608428955,0.44270452857017517,0,1,0,0,0,0.0016345350046407248,-0.9221211037340804,-0.9611561334005223,0,0,0,0,11,False,False,
23,5,1487.1723059777607,870.6284561210912,1.081887886323543,13.84191608428955,0.44270452857017517,0,1,0,0,0,0.0016345350046407248,-0.9221211037340804,-0.9611561334005223,0,0,0,0,11,False,False,
23,6,1487.1723059777607,870.6284561210912,1.081887886323543,13.84191608428955,0.44270452857017517,0,1,0,0,0,0.0016345350046407248,-0.9221211037340804,-0.9611561334005223,0,0,0,0,11,False,False,
23,7,1487.1723059777607,870.6284561210912,1.081887886323543,13.84191608428955,0.44270452857017517,0,1,0,0,0,0.0016345350046407248,-0.9221211037340804,-0.9611561334005223,0,0,0,0,11,False,False,
24,0,1486.0543702504174,870.6779482436066,1.1190307237344452,14.961052894592285,0.46422135829925537,0,1,0,0,0,0.0018122613690318681,-0.925105458021973,-0.9630104263538103,0,0,0,0,12,False,False,
24,1,1486.0543702504174,870.6779482436066,1.1190307237344452,14.961052894592285,0.46422135829925537,0,1,0,0,0,0.0018122613690318681,-0.925105458021973,-0.9630104263538103,0,0,0,0,12,False,False,
24,2,1486.0543702504174,870.6779482436066,1.1190307237344452,14.961052894592285,0.46422135829925537,0,1,0,0,0,0.0018122613690318681,-0.925105458021973,-0.9630104263538103,0,0,0,0,12,False,False,
24,3,1486.0543702504174,870.6779482436066,1.1190307237344452,14.961052894592285,0.46422135829925537,0,1,0,0,0,0.0018122613690318681,-0.925105458021973,-0.9630104263538103,0,0,0,0,12,False,False,
24,4,1486.0543702504174,870.6779482436066,1.1190307237344452,14.961052894592285,0.46422135829925537,0,1,0,0,0,0.0018122613690318681,-0.925105458021973,-0.9630104263538103,0,0,0,0,12,False,False,
24,5,1486.0543702504174,870.6779482436066,1.1190307237344452,14.961052894592285,0.46422135829925537,0,1,0,0,0,0.0018122613690318681,-0.925105458021973,-0.9630104263538103,0,0,0,0,12,False,False,
24,6,1486.0543702504174,870.6779482436066,1.1190307237344452,14.961052894592285,0.46422135829925537,0,1,0,0,0,0.0018122613690318681,-0.925105458021973,-0.9630104263538103,0,0,0,0,12,False,False,
24,7,1486.0543702504174,870.6779482436066,1.1190307237344452,14.961052894592285,0.46422135829925537,0,1,0,0,0,0.0018122613690318681,-0.925105458021973,-0.9630104263538103,0,0,0,0,12,False,False,
25,0,1484.9000754824228,870.7288538389296,1.1554167174896754,16.116472244262695,0.48584920167922974,0,1,0,0,0,0.00200269008952729,-0.9281865599770978,-0.9649459362335963,0,0,0,0,13,False,False,
25,1,1484.9000754824228,870.7288538389296,1.1554167174896754,16.116472244262695,0.48584920167922974,0,1,0,0,0,0.00200269008952729,-0.9281865599770978,-0.9649459362335963,0,0,0,0,13,False,False,
25,2,1484.9000754824228,870.7288538389296,1.1554167174896754,16.116472244262695,0.48584920167922974,0,1,0,0,0,0.00200269008952729,-0.9281865599770978,-0.9649459362335963,0,0,0,0,13,False,False,
25,3,1484.9000754824228,870.7288538389296,1.1554167174896754,16.116472244262695,0.48584920167922974,0,1,0,0,0,0.00200269008952729,-0.9281865599770978,-0.9649459362335963,0,0,0,0,13,False,False,
25,4,1484.9000754824228,870.7288538389296,1.1554167174896754,16.116472244262695,0.48584920167922974,0,1,0,0,0,0.00200269008952729,-0.9281865599770978,-0.9649459362335963,0,0,0,0,13,False,False,
25,5,1484.9000754824228,870.7288538389296,1.1554167174896754,16.116472244262695,0.48584920167922974,0,1,0,0,0,0.00200269008952729,-0.9281865599770978,-0.9649459362335963,0,0,0,0,13,False,False,
25,6,1484.9000754824228,870.7288538389296,1.1554167174896754,16.116472244262695,0.48584920167922974,0,1,0,0,0,0.00200269008952729,-0.9281865599770978,-0.9649459362335963,0,0,0,0,13,False,False,
25,7,1484.9000754824228,870.7288538389296,1.1554167174896754,16.116472244262695,0.48584920167922974,0,1,0,0,0,0.00200269008952729,-0.9281865599770978,-0.9649459362335963,0,0,0,0,13,False,False,
26,0,1483.7101681118513,870.781129505934,1.1910551187503324,17.307437896728516,0.507585346698761,0,1,0,0,0,0.002207997607584073,-0.9313624504823311,-0.9669764165684159,0,0,0,0,14,False,False,
26,1,1483.7101681118513,870.781129505934,1.1910551187503324,17.307437896728516,0.507585346698761,0,1,0,0,0,0.002207997607584073,-0.9313624504823311,-0.9669764165684159,0,0,0,0,14,False,False,
26,2,1483.7101681118513,870.781129505934,1.1910551187503324,17.307437896728516,0.507585346698761,0,1,0,0,0,0.002207997607584073,-0.9313624504823311,-0.9669764165684159,0,0,0,0,14,False,False,
26,3,1483.7101681118513,870.781129505934,1.1910551187503324,17.307437896728516,0.507585346698761,0,1,0,0,0,0.002207997607584073,-0.9313624504823311,-0.9669764165684159,0,0,0,0,14,False,False,
26,4,1483.7101681118513,870.781129505934,1.1910551187503324,17.307437896728516,0.507585346698761,0,1,0,0,0,0.002207997607584073,-0.9313624504823311,-0.9669764165684159,0,0,0,0,14,False,False,
26,5,1483.7101681118513,870.781129505934,1.1910551187503324,17.307437896728516,0.507585346698761,0,1,0,0,0,0.002207997607584073,-0.9313624504823311,-0.9669764165684159,0,0,0,0,14,False,False,
26,6,1483.7101681118513,870.781129505934,1.1910551187503324,17.307437896728516,0.507585346698761,0,1,0,0,0,0.002207997607584073,-0.9313624504823311,-0.9669764165684159,0,0,0,0,14,False,False,
26,7,1483.7101681118513,870.781129505934,1.1910551187503324,17.307437896728516,0.507585346698761,0,1,0,0,0,0.002207997607584073,-0.9313624504823311,-0.9669764165684159,0,0,0,0,14,False,False,
27,0,1482.485385229507,870.834733761717,1.2259553520097617,18.533462524414062,0.5294269323348999,0,1,0,0,0,0.0024298074050878742,-0.9346318282773189,-0.9690872633907127,0,0,0,0,15,False,False,
27,1,1482.485385229507,870.834733761717,1.2259553520097617,18.533462524414062,0.5294269323348999,0,1,0,0,0,0.0024298074050878742,-0.9346318282773189,-0.9690872633907127,0,0,0,0,15,False,False,
27,2,1482.485385229507,870.834733761717,1.2259553520097617,18.533462524414062,0.5294269323348999,0,1,0,0,0,0.0024298074050878742,-0.9346318282773189,-0.9690872633907127,0,0,0,0,15,False,False,
27,3,1482.485385229507,870.834733761717,1.2259553520097617,18.533462524414062,0.5294269323348999,0,1,0,0,0,0.0024298074050878742,-0.9346318282773189,-0.9690872633907127,0,0,0,0,15,False,False,
27,4,1482.485385229507,870.834733761717,1.2259553520097617,18.533462524414062,0.5294269323348999,0,1,0,0,0,0.0024298074050878742,-0.9346318282773189,-0.9690872633907127,0,0,0,0,15,False,False,
27,5,1482.485385229507,870.834733761717,1.2259553520097617,18.533462524414062,0.5294269323348999,0,1,0,0,0,0.0024298074050878742,-0.9346318282773189,-0.9690872633907127,0,0,0,0,15,False,False,
27,6,1482.485385229507,870.834733761717,1.2259553520097617,18.533462524414062,0.5294269323348999,0,1,0,0,0,0.0024298074050878742,-0.9346318282773189,-0.9690872633907127,0,0,0,0,15,False,False,
27,7,1482.485385229507,870.834733761717,1.2259553520097617,18.533462524414062,0.5294269323348999,0,1,0,0,0,0.0024298074050878742,-0.9346318282773189,-0.9690872633907127,0,0,0,0,15,False,False,
28,0,1481.2264544042669,870.8896270443063,1.2601270155082103,19.79357147216797,0.5513712167739868,0,1,0,0,0,0.002669751327020562,-0.9379920913645554,-0.9712720144359094,0,0,0,0,16,False,False,
28,1,1481.2264544042669,870.8896270443063,1.2601270155082103,19.79357147216797,0.5513712167739868,0,1,0,0,0,0.002669751327020562,-0.9379920913645554,-0.9712720144359094,0,0,0,0,16,False,False,
28,2,1481.2264544042669,870.8896270443063,1.2601270155082103,19.79357147216797,0.5513712167739868,0,1,0,0,0,0.002669751327020562,-0.9379920913645554,-0.9712720144359094,0,0,0,0,16,False,False,
28,3,1481.2264544042669,870.8896270443063,1.2601270155082103,19.79357147216797,0.5513712167739868,0,1,0,0,0,0.002669751327020562,-0.9379920913645554,-0.9712720144359094,0,0,0,0,16,False,False,
28,4,1481.2264544042669,870.8896270443063,1.2601270155082103,19.79357147216797,0.5513712167739868,0,1,0,0,0,0.002669751327020562,-0.9379920913645554,-0.9712720144359094,0,0,0,0,16,False,False,
28,5,1481.2264544042669,870.8896270443063,1.2601270155082103,19.79357147216797,0.5513712167739868,0,1,0,0,0,0.002669751327020562,-0.9379920913645554,-0.9712720144359094,0,0,0,0,16,False,False,
28,6,1481.2264544042669,870.8896270443063,1.2601270155082103,19.79357147216797,0.5513712167739868,0,1,0,0,0,0.002669751327020562,-0.9379920913645554,-0.9712720144359094,0,0,0,0,16,False,False,
28,7,1481.2264544042669,870.8896270443063,1.2601270155082103,19.79357147216797,0.5513712167739868,0,1,0,0,0,0.002669751327020562,-0.9379920913645554,-0.9712720144359094,0,0,0,0,16,False,False,
29,0,1479.9341041128919,870.9457663941415,1.2935690558363004,21.087146759033203,0.5734161138534546,0,1,0,0,0,0.002938340738422893,-0.9414415896246979,-0.9735517412960496,0,0,0,0,17,False,False,
29,1,1479.9341041128919,870.9457663941415,1.2935690558363004,21.087146759033203,0.5734161138534546,0,1,0,0,0,0.002938340738422893,-0.9414415896246979,-0.9735517412960496,0,0,0,0,17,False,False,
29,2,1479.9341041128919,870.9457663941415,1.2935690558363004,21.087146759033203,0.5734161138534546,0,1,0,0,0,0.002938340738422893,-0.9414415896246979,-0.9735517412960496,0,0,0,0,17,False,False,
29,3,1479.9341041128919,870.9457663941415,1.2935690558363004,21.087146759033203,0.5734161138534546,0,1,0,0,0,0.002938340738422893,-0.9414415896246979,-0.9735517412960496,0,0,0,0,17,False,False,
29,4,1479.9341041128919,870.9457663941415,1.2935690558363004,21.087146759033203,0.5734161138534546,0,1,0,0,0,0.002938340738422893,-0.9414415896246979,-0.9735517412960496,0,0,0,0,17,False,False,
29,5,1479.9341041128919,870.9457663941415,1.2935690558363004,21.087146759033203,0.5734161138534546,0,1,0,0,0,0.002938340738422893,-0.9414415896246979,-0.9735517412960496,0,0,0,0,17,False,False,
29,6,1479.9341041128919,870.9457663941415,1.2935690558363004,21.087146759033203,0.5734161138534546,0,1,0,0,0,0.002938340738422893,-0.9414415896246979,-0.9735517412960496,0,0,0,0,17,False,False,
29,7,1479.9341041128919,870.9457663941415,1.2935690558363004,21.087146759033203,0.5734161138534546,0,1,0,0,0,0.002938340738422893,-0.9414415896246979,-0.9735517412960496,0,0,0,0,17,False,False,
30,0,1478.6090449747373,871.0031111624994,1.3262994164458457,22.413461685180664,0.5955570340156555,0,1,0,0,0,0.0032363230793641326,-0.944978386315763,-0.9759045237267056,0,0,0,0,18,False,False,
30,1,1478.6090449747373,871.0031111624994,1.3262994164458457,22.413461685180664,0.5955570340156555,0,1,0,0,0,0.0032363230793641326,-0.944978386315763,-0.9759045237267056,0,0,0,0,18,False,False,
30,2,1478.6090449747373,871.0031111624994,1.3262994164458457,22.413461685180664,0.5955570340156555,0,1,0,0,0,0.0032363230793641326,-0.944978386315763,-0.9759045237267056,0,0,0,0,18,False,False,
30,3,1478.6090449747373,871.0031111624994,1.3262994164458457,22.413461685180664,0.5955570340156555,0,1,0,0,0,0.0032363230793641326,-0.944978386315763,-0.9759045237267056,0,0,0,0,18,False,False,
30,4,1478.6090449747373,871.0031111624994,1.3262994164458457,22.413461685180664,0.5955570340156555,0,1,0,0,0,0.0032363230793641326,-0.944978386315763,-0.9759045237267056,0,0,0,0,18,False,False,
30,5,1478.6090449747373,871.0031111624994,1.3262994164458457,22.413461685180664,0.5955570340156555,0,1,0,0,0,0.0032363230793641326,-0.944978386315763,-0.9759045237267056,0,0,0,0,18,False,False,
30,6,1478.6090449747373,871.0031111624994,1.3262994164458457,22.413461685180664,0.5955570340156555,0,1,0,0,0,0.0032363230793641326,-0.944978386315763,-0.9759045237267056,0,0,0,0,18,False,False,
30,7,1478.6090449747373,871.0031111624994,1.3262994164458457,22.413461685180664,0.5955570340156555,0,1,0,0,0,0.0032363230793641326,-0.944978386315763,-0.9759045237267056,0,0,0,0,18,False,False,
31,0,1477.251985283064,871.0616182812417,1.3583203192575624,23.771778106689453,0.6177918314933777,0,1,0,0,0,0.003575086176457868,-0.9486005130484607,-0.9783385212972228,0,0,0,0,19,False,False,
31,1,1477.251985283064,871.0616182812417,1.3583203192575624,23.771778106689453,0.6177918314933777,0,1,0,0,0,0.003575086176457868,-0.9486005130484607,-0.9783385212972228,0,0,0,0,19,False,False,
31,2,1477.251985283064,871.0616182812417,1.3583203192575624,23.771778106689453,0.6177918314933777,0,1,0,0,0,0.003575086176457868,-0.9486005130484607,-0.9783385212972228,0,0,0,0,19,False,False,
31,3,1477.251985283064,871.0616182812417,1.3583203192575624,23.771778106689453,0.6177918314933777,0,1,0,0,0,0.003575086176457868,-0.9486005130484607,-0.9783385212972228,0,0,0,0,19,False,False,
31,4,1477.251985283064,871.0616182812417,1.3583203192575624,23.771778106689453,0.6177918314933777,0,1,0,0,0,0.003575086176457868,-0.9486005130484607,-0.9783385212972228,0,0,0,0,19,False,False,
31,5,1477.251985283064,871.0616182812417,1.3583203192575624,23.771778106689453,0.6177918314933777,0,1,0,0,0,0.003575086176457868,-0.9486005130484607,-0.9783385212972228,0,0,0,0,19,False,False,
31,6,1477.251985283064,871.0616182812417,1.3583203192575624,23.771778106689453,0.6177918314933777,0,1,0,0,0,0.003575086176457868,-0.9486005130484607,-0.9783385212972228,0,0,0,0,19,False,False,
31,7,1477.251985283064,871.0616182812417,1.3583203192575624,23.771778106689453,0.6177918314933777,0,1,0,0,0,0.003575086176457868,-0.9486005130484607,-0.9783385212972228,0,0,0,0,19,False,False,
32,0,1475.8636212513975,871.1212444810495,1.389643827795069,25.161361694335938,0.6401164531707764,0,1,0,0,0,0.003968465051434578,-0.9523060003965556,-0.9808747966664619,0,0,0,0,20,False,False,
32,1,1475.8636212513975,871.1212444810495,1.389643827795069,25.161361694335938,0.6401164531707764,0,1,0,0,0,0.003968465051434578,-0.9523060003965556,-0.9808747966664619,0,0,0,0,20,False,False,
32,2,1475.8636212513975,871.1212444810495,1.389643827795069,25.161361694335938,0.6401164531707764,0,1,0,0,0,0.003968465051434578,-0.9523060003965556,-0.9808747966664619,0,0,0,0,20,False,False,
32,3,1475.8636212513975,871.1212444810495,1.389643827795069,25.161361694335938,0.6401164531707764,0,1,0,0,0,0.003968465051434578,-0.9523060003965556,-0.9808747966664619,0,0,0,0,20,False,False,
32,4,1475.8636212513975,871.1212444810495,1.389643827795069,25.161361694335938,0.6401164531707764,0,1,0,0,0,0.003968465051434578,-0.9523060003965556,-0.9808747966664619,0,0,0,0,20,False,False,
32,5,1475.8636212513975,871.1212444810495,1.389643827795069,25.161361694335938,0.6401164531707764,0,1,0,0,0,0.003968465051434578,-0.9523060003965556,-0.9808747966664619,0,0,0,0,20,False,False,
32,6,1475.8636212513975,871.1212444810495,1.389643827795069,25.161361694335938,0.6401164531707764,0,1,0,0,0,0.003968465051434578,-0.9523060003965556,-0.9808747966664619,0,0,0,0,20,False,False,
32,7,1475.8636212513975,871.1212444810495,1.389643827795069,25.161361694335938,0.6401164531707764,0,1,0,0,0,0.003968465051434578,-0.9523060003965556,-0.9808747966664619,0,0,0,0,20,False,False,
33,0,1474.444638765966,871.18194651734,1.4202802650081454,26.581727981567383,0.6625269651412964,0,1,0,0,0,0.004426197371684124,-0.9560935599464315,-0.9834768238358018,0,0,0,0,21,False,False,
33,1,1474.444638765966,871.18194651734,1.4202802650081454,26.581727981567383,0.6625269651412964,0,1,0,0,0,0.004426197371684124,-0.9560935599464315,-0.9834768238358018,0,0,0,0,21,False,False,
33,2,1474.444638765966,871.18194651734,1.4202802650081454,26.581727981567383,0.6625269651412964,0,1,0,0,0,0.004426197371684124,-0.9560935599464315,-0.9834768238358018,0,0,0,0,21,False,False,
33,3,1474.444638765966,871.18194651734,1.4202802650081454,26.581727981567383,0.6625269651412964,0,1,0,0,0,0.004426197371684124,-0.9560935599464315,-0.9834768238358018,0,0,0,0,21,False,False,
33,4,1474.444638765966,871.18194651734,1.4202802650081454,26.581727981567383,0.6625269651412964,0,1,0,0,0,0.004426197371684124,-0.9560935599464315,-0.9834768238358018,0,0,0,0,21,False,False,
33,5,1474.444638765966,871.18194651734,1.4202802650081454,26.581727981567383,0.6625269651412964,0,1,0,0,0,0.004426197371684124,-0.9560935599464315,-0.9834768238358018,0,0,0,0,21,False,False,
33,6,1474.444638765966,871.18194651734,1.4202802650081454,26.581727981567383,0.6625269651412964,0,1,0,0,0,0.004426197371684124,-0.9560935599464315,-0.9834768238358018,0,0,0,0,21,False,False,
33,7,1474.444638765966,871.18194651734,1.4202802650081454,26.581727981567383,0.6625269651412964,0,1,0,0,0,0.004426197371684124,-0.9560935599464315,-0.9834768238358018,0,0,0,0,21,False,False,
34,0,1472.995720520295,871.2436768750317,1.4502326433020059,28.03189468383789,0.685018002986908,0,1,0,0,0,0.004975911124981912,-0.9599605611136741,-0.9861746772591062,0,0,0,0,22,False,False,
34,1,1472.995720520295,871.2436768750317,1.4502326433020059,28.03189468383789,0.685018002986908,0,1,0,0,0,0.004975911124981912,-0.9599605611136741,-0.9861746772591062,0,0,0,0,22,False,False,
34,2,1472.995720520295,871.2436768750317,1.4502326433020059,28.03189468383789,0.685018002986908,0,1,0,0,0,0.004975911124981912,-0.9599605611136741,-0.9861746772591062,0,0,0,0,22,False,False,
34,3,1472.995720520295,871.2436768750317,1.4502326433020059,28.03189468383789,0.685018002986908,0,1,0,0,0,0.004975911124981912,-0.9599605611136741,-0.9861746772591062,0,0,0,0,22,False,False,
34,4,1472.995720520295,871.2436768750317,1.4502326433020059,28.03189468383789,0.685018002986908,0,1,0,0,0,0.004975911124981912,-0.9599605611136741,-0.9861746772591062,0,0,0,0,22,False,False,
34,5,1472.995720520295,871.2436768750317,1.4502326433020059,28.03189468383789,0.685018002986908,0,1,0,0,0,0.004975911124981912,-0.9599605611136741,-0.9861746772591062,0,0,0,0,22,False,False,
34,6,1472.995720520295,871.2436768750317,1.4502326433020059,28.03189468383789,0.685018002986908,0,1,0,0,0,0.004975911124981912,-0.9599605611136741,-0.9861746772591062,0,0,0,0,22,False,False,
34,7,1472.995720520295,871.2436768750317,1.4502326433020059,28.03189468383789,0.685018002986908,0,1,0,0,0,0.004975911124981912,-0.9599605611136741,-0.9861746772591062,0,0,0,0,22,False,False,
35,0,1471.517541272573,871.3063835391333,1.479508707010058,29.511375427246094,0.707584798336029,0,1,0,0,0,0.005646899936745816,-0.9639057033299482,-0.9889528918099778,0,0,0,0,23,False,False,
35,1,1471.517541272573,871.3063835391333,1.479508707010058,29.511375427246094,0.707584798336029,0,1,0,0,0,0.005646899936745816,-0.9639057033299482,-0.9889528918099778,0,0,0,0,23,False,False,
35,2,1471.517541272573,871.3063835391333,1.479508707010058,29.511375427246094,0.707584798336029,0,1,0,0,0,0.005646899936745816,-0.9639057033299482,-0.9889528918099778,0,0,0,0,23,False,False,
35,3,1471.517541272573,871.3063835391333,1.479508707010058,29.511375427246094,0.707584798336029,0,1,0,0,0,0.005646899936745816,-0.9639057033299482,-0.9889528918099778,0,0,0,0,23,False,False,
35,4,1471.517541272573,871.3063835391333,1.479508707010058,29.511375427246094,0.707584798336029,0,1,0,0,0,0.005646899936745816,-0.9639057033299482,-0.9889528918099778,0,0,0,0,23,False,False,
35,5,1471.517541272573,871.3063835391333,1.479508707010058,29.511375427246094,0.707584798336029,0,1,0,0,0,0.005646899936745816,-0.9639057033299482,-0.9889528918099778,0,0,0,0,23,False,False,
35,6,1471.517541272573,871.3063835391333,1.479508707010058,29.511375427246094,0.707584798336029,0,1,0,0,0,0.005646899936745816,-0.9639057033299482,-0.9889528918099778,0,0,0,0,23,False,False,
35,7,1471.517541272573,871.3063835391333,1.479508707010058,29.511375427246094,0.707584798336029,0,1,0,0,0,0.005646899936745816,-0.9639057033299482,-0.9889528918099778,0,0,0,0,23,False,False,
36,0,1470.0107509440043,871.3700207503542,1.5081335447898998,31.01955223083496,0.7302219271659851,0,1,0,0,0,0.0064915401529147074,-0.9679273231914255,-0.9918269290415407,0,0,0,0,24,False,False,
36,1,1470.0107509440043,871.3700207503542,1.5081335447898998,31.01955223083496,0.7302219271659851,0,1,0,0,0,0.0064915401529147074,-0.9679273231914255,-0.9918269290415407,0,0,0,0,24,False,False,
36,2,1470.0107509440043,871.3700207503542,1.5081335447898998,31.01955223083496,0.7302219271659851,0,1,0,0,0,0.0064915401529147074,-0.9679273231914255,-0.9918269290415407,0,0,0,0,24,False,False,
36,3,1470.0107509440043,871.3700207503542,1.5081335447898998,31.01955223083496,0.7302219271659851,0,1,0,0,0,0.0064915401529147074,-0.9679273231914255,-0.9918269290415407,0,0,0,0,24,False,False,
36,4,1470.0107509440043,871.3700207503542,1.5081335447898998,31.01955223083496,0.7302219271659851,0,1,0,0,0,0.0064915401529147074,-0.9679273231914255,-0.9918269290415407,0,0,0,0,24,False,False,
36,5,1470.0107509440043,871.3700207503542,1.5081335447898998,31.01955223083496,0.7302219271659851,0,1,0,0,0,0.0064915401529147074,-0.9679273231914255,-0.9918269290415407,0,0,0,0,24,False,False,
36,6,1470.0107509440043,871.3700207503542,1.5081335447898998,31.01955223083496,0.7302219271659851,0,1,0,0,0,0.0064915401529147074,-0.9679273231914255,-0.9918269290415407,0,0,0,0,24,False,False,
36,7,1470.0107509440043,871.3700207503542,1.5081335447898998,31.01955223083496,0.7302219271659851,0,1,0,0,0,0.0064915401529147074,-0.9679273231914255,-0.9918269290415407,0,0,0,0,24,False,False,
37,0,1468.4759787680148,871.4345539003913,1.5361283018175778,32.55569839477539,0.7529193162918091,0,1,0,0,0,0.0075752108568656875,-0.9720234658141607,-0.9947731758711897,0,0,0,0,25,False,False,
37,1,1468.4759787680148,871.4345539003913,1.5361283018175778,32.55569839477539,0.7529193162918091,0,1,0,0,0,0.0075752108568656875,-0.9720234658141607,-0.9947731758711897,0,0,0,0,25,False,False,
37,2,1468.4759787680148,871.4345539003913,1.5361283018175778,32.55569839477539,0.7529193162918091,0,1,0,0,0,0.0075752108568656875,-0.9720234658141607,-0.9947731758711897,0,0,0,0,25,False,False,
37,3,1468.4759787680148,871.4345539003913,1.5361283018175778,32.55569839477539,0.7529193162918091,0,1,0,0,0,0.0075752108568656875,-0.9720234658141607,-0.9947731758711897,0,0,0,0,25,False,False,
37,4,1468.4759787680148,871.4345539003913,1.5361283018175778,32.55569839477539,0.7529193162918091,0,1,0,0,0,0.0075752108568656875,-0.9720234658141607,-0.9947731758711897,0,0,0,0,25,False,False,
37,5,1468.4759787680148,871.4345539003913,1.5361283018175778,32.55569839477539,0.7529193162918091,0,1,0,0,0,0.0075752108568656875,-0.9720234658141607,-0.9947731758711897,0,0,0,0,25,False,False,
37,6,1468.4759787680148,871.4345539003913,1.5361283018175778,32.55569839477539,0.7529193162918091,0,1,0,0,0,0.0075752108568656875,-0.9720234658141607,-0.9947731758711897,0,0,0,0,25,False,False,
37,7,1468.4759787680148,871.4345539003913,1.5361283018175778,32.55569839477539,0.7529193162918091,0,1,0,0,0,0.0075752108568656875,-0.9720234658141607,-0.9947731758711897,0,0,0,0,25,False,False,
38,0,1466.913847681134,871.4999534291179,1.563499482237416,34.119197845458984,0.7756670117378235,0,1,0,0,0,0.009039772919634162,-0.9761924428382266,-0.9978225471419789,0,0,0,0,26,False,False,
38,1,1466.913847681134,871.4999534291179,1.563499482237416,34.119197845458984,0.7756670117378235,0,1,0,0,0,0.009039772919634162,-0.9761924428382266,-0.9978225471419789,0,0,0,0,26,False,False,
38,2,1466.913847681134,871.4999534291179,1.563499482237416,34.119197845458984,0.7756670117378235,0,1,0,0,0,0.009039772919634162,-0.9761924428382266,-0.9978225471419789,0,0,0,0,26,False,False,
38,3,1466.913847681134,871.4999534291179,1.563499482237416,34.119197845458984,0.7756670117378235,0,1,0,0,0,0.009039772919634162,-0.9761924428382266,-0.9978225471419789,0,0,0,0,26,False,False,
38,4,1466.913847681134,871.4999534291179,1.563499482237416,34.119197845458984,0.7756670117378235,0,1,0,0,0,0.009039772919634162,-0.9761924428382266,-0.9978225471419789,0,0,0,0,26,False,False,
38,5,1466.913847681134,871.4999534291179,1.563499482237416,34.119197845458984,0.7756670117378235,0,1,0,0,0,0.009039772919634162,-0.9761924428382266,-0.9978225471419789,0,0,0,0,26,False,False,
38,6,1466.913847681134,871.4999534291179,1.563499482237416,34.119197845458984,0.7756670117378235,0,1,0,0,0,0.009039772919634162,-0.9761924428382266,-0.9978225471419789,0,0,0,0,26,False,False,
38,7,1466.913847681134,871.4999534291179,1.563499482237416,34.119197845458984,0.7756670117378235,0,1,0,0,0,0.009039772919634162,-0.9761924428382266,-0.9978225471419789,0,0,0,0,26,False,False,
39,0,1465.3249704126185,871.5661937870444,1.5902574506738394,35.70944595336914,0.7984467148780823,0,1,0,0,0,0.011130714668719103,-0.9804325763634091,-0.9990541562596872,0,0,0,0,27,False,False,
39,1,1465.3249704126185,871.5661937870444,1.5902574506738394,35.70944595336914,0.7984467148780823,0,1,0,0,0,0.011130714668719103,-0.9804325763634091,-0.9990541562596872,0,0,0,0,27,False,False,
39,2,1465.3249704126185,871.5661937870444,1.5902574506738394,35.70944595336914,0.7984467148780823,0,1,0,0,0,0.011130714668719103,-0.9804325763634091,-0.9990541562596872,0,0,0,0,27,False,False,
39,3,1465.3249704126185,871.5661937870444,1.5902574506738394,35.70944595336914,0.7984467148780823,0,1,0,0,0,0.011130714668719103,-0.9804325763634091,-0.9990541562596872,0,0,0,0,27,False,False,
39,4,1465.3249704126185,871.5661937870444,1.5902574506738394,35.70944595336914,0.7984467148780823,0,1,0,0,0,0.011130714668719103,-0.9804325763634091,-0.9990541562596872,0,0,0,0,27,False,False,
39,5,1465.3249704126185,871.5661937870444,1.5902574506738394,35.70944595336914,0.7984467148780823,0,1,0,0,0,0.011130714668719103,-0.9804325763634091,-0.9990541562596872,0,0,0,0,27,False,False,
39,6,1465.3249704126185,871.5661937870444,1.5902574506738394,35.70944595336914,0.7984467148780823,0,1,0,0,0,0.011130714668719103,-0.9804325763634091,-0.9990541562596872,0,0,0,0,27,False,False,
39,7,1465.3249704126185,871.5661937870444,1.5902574506738394,35.70944595336914,0.7984467148780823,0,1,0,0,0,0.011130714668719103,-0.9804325763634091,-0.9990541562596872,0,0,0,0,27,False,False,
40,0,1463.7100060495538,871.6332093985134,1.6163542266934305,37.32582473754883,0.821221113204956,0,1,0,0,0,0.01443260659283712,-0.984742059672042,-0.9958367485785233,0,0,0,0,28,False,False,
40,1,1463.7100060495538,871.6332093985134,1.6163542266934305,37.32582473754883,0.821221113204956,0,1,0,0,0,0.01443260659283712,-0.984742059672042,-0.9958367485785233,0,0,0,0,28,False,False,
40,2,1463.7100060495538,871.6332093985134,1.6163542266934305,37.32582473754883,0.821221113204956,0,1,0,0,0,0.01443260659283712,-0.984742059672042,-0.9958367485785233,0,0,0,0,28,False,False,
40,3,1463.7100060495538,871.6332093985134,1.6163542266934305,37.32582473754883,0.821221113204956,0,1,0,0,0,0.01443260659283712,-0.984742059672042,-0.9958367485785233,0,0,0,0,28,False,False,
40,4,1463.7100060495538,871.6332093985134,1.6163542266934305,37.32582473754883,0.821221113204956,0,1,0,0,0,0.01443260659283712,-0.984742059672042,-0.9958367485785233,0,0,0,0,28,False,False,
40,5,1463.7100060495538,871.6332093985134,1.6163542266934305,37.32582473754883,0.821221113204956,0,1,0,0,0,0.01443260659283712,-0.984742059672042,-0.9958367485785233,0,0,0,0,28,False,False,
40,6,1463.7100060495538,871.6332093985134,1.6163542266934305,37.32582473754883,0.821221113204956,0,1,0,0,0,0.01443260659283712,-0.984742059672042,-0.9958367485785233,0,0,0,0,28,False,False,
40,7,1463.7100060495538,871.6332093985134,1.6163542266934305,37.32582473754883,0.821221113204956,0,1,0,0,0,0.01443260659283712,-0.984742059672042,-0.9958367485785233,0,0,0,0,28,False,False,
41,0,1462.0695387379374,871.7009579784494,1.6418656676371306,38.96760177612305,0.8439280986785889,0,1,0,0,0,0.020424641520224263,-0.9891185209396393,-0.9925226721325741,0,0,0,0,29,False,False,
41,1,1462.0695387379374,871.7009579784494,1.6418656676371306,38.96760177612305,0.8439280986785889,0,1,0,0,0,0.020424641520224263,-0.9891185209396393,-0.9925226721325741,0,0,0,0,29,False,False,
41,2,1462.0695387379374,871.7009579784494,1.6418656676371306,38.96760177612305,0.8439280986785889,0,1,0,0,0,0.020424641520224263,-0.9891185209396393,-0.9925226721325741,0,0,0,0,29,False,False,
41,3,1462.0695387379374,871.7009579784494,1.6418656676371306,38.96760177612305,0.8439280986785889,0,1,0,0,0,0.020424641520224263,-0.9891185209396393,-0.9925226721325741,0,0,0,0,29,False,False,
41,4,1462.0695387379374,871.7009579784494,1.6418656676371306,38.96760177612305,0.8439280986785889,0,1,0,0,0,0.020424641520224263,-0.9891185209396393,-0.9925226721325741,0,0,0,0,29,False,False,
41,5,1462.0695387379374,871.7009579784494,1.6418656676371306,38.96760177612305,0.8439280986785889,0,1,0,0,0,0.020424641520224263,-0.9891185209396393,-0.9925226721325741,0,0,0,0,29,False,False,
41,6,1462.0695387379374,871.7009579784494,1.6418656676371306,38.96760177612305,0.8439280986785889,0,1,0,0,0,0.020424641520224263,-0.9891185209396393,-0.9925226721325741,0,0,0,0,29,False,False,
41,7,1462.0695387379374,871.7009579784494,1.6418656676371306,38.96760177612305,0.8439280986785889,0,1,0,0,0,0.020424641520224263,-0.9891185209396393,-0.9925226721325741,0,0,0,0,29,False,False,
42,0,1460.404150136723,871.7694052774079,1.6667945961604138,40.63441467285156,0.866351842880249,0,1,0,0,0,0.03472340386430359,-0.9935594459214717,-0.9891290791915095,0,0,0,0,30,False,False,
42,1,1460.404150136723,871.7694052774079,1.6667945961604138,40.63441467285156,0.866351842880249,0,1,0,0,0,0.03472340386430359,-0.9935594459214717,-0.9891290791915095,0,0,0,0,30,False,False,
42,2,1460.404150136723,871.7694052774079,1.6667945961604138,40.63441467285156,0.866351842880249,0,1,0,0,0,0.03472340386430359,-0.9935594459214717,-0.9891290791915095,0,0,0,0,30,False,False,
42,3,1460.404150136723,871.7694052774079,1.6667945961604138,40.63441467285156,0.866351842880249,0,1,0,0,0,0.03472340386430359,-0.9935594459214717,-0.9891290791915095,0,0,0,0,30,False,False,
42,4,1460.404150136723,871.7694052774079,1.6667945961604138,40.63441467285156,0.866351842880249,0,1,0,0,0,0.03472340386430359,-0.9935594459214717,-0.9891290791915095,0,0,0,0,30,False,False,
42,5,1460.404150136723,871.7694052774079,1.6667945961604138,40.63441467285156,0.866351842880249,0,1,0,0,0,0.03472340386430359,-0.9935594459214717,-0.9891290791915095,0,0,0,0,30,False,False,
42,6,1460.404150136723,871.7694052774079,1.6667945961604138,40.63441467285156,0.866351842880249,0,1,0,0,0,0.03472340386430359,-0.9935594459214717,-0.9891290791915095,0,0,0,0,30,False,False,
42,7,1460.404150136723,871.7694052774079,1.6667945961604138,40.63441467285156,0.866351842880249,0,1,0,0,0,0.03472340386430359,-0.9935594459214717,-0.9891290791915095,0,0,0,0,30,False,False,
43,0,1458.7144076962477,871.8385262831528,1.6911555897014856,42.325645446777344,0.8867992758750916,0,1,0,0,0,0.11551812237662394,-0.9980469771890882,-0.9856396599964805,0,0,0,0,31,False,False,
43,1,1458.7144076962477,871.8385262831528,1.6911555897014856,42.325645446777344,0.8867992758750916,0,1,0,0,0,0.11551812237662394,-0.9980469771890882,-0.9856396599964805,0,0,0,0,31,False,False,
43,2,1458.7144076962477,871.8385262831528,1.6911555897014856,42.325645446777344,0.8867992758750916,0,1,0,0,0,0.11551812237662394,-0.9980469771890882,-0.9856396599964805,0,0,0,0,31,False,False,
43,3,1458.7144076962477,871.8385262831528,1.6911555897014856,42.325645446777344,0.8867992758750916,0,1,0,0,0,0.11551812237662394,-0.9980469771890882,-0.9856396599964805,0,0,0,0,31,False,False,
43,4,1458.7144076962477,871.8385262831528,1.6911555897014856,42.325645446777344,0.8867992758750916,0,1,0,0,0,0.11551812237662394,-0.9980469771890882,-0.9856396599964805,0,0,0,0,31,False,False,
43,5,1458.7144076962477,871.8385262831528,1.6911555897014856,42.325645446777344,0.8867992758750916,0,1,0,0,0,0.11551812237662394,-0.9980469771890882,-0.9856396599964805,0,0,0,0,31,False,False,
43,6,1458.7144076962477,871.8385262831528,1.6911555897014856,42.325645446777344,0.8867992758750916,0,1,0,0,0,0.11551812237662394,-0.9980469771890882,-0.9856396599964805,0,0,0,0,31,False,False,
43,7,1458.7144076962477,871.8385262831528,1.6911555897014856,42.325645446777344,0.8867992758750916,0,1,0,0,0,0.11551812237662394,-0.9980469771890882,-0.9856396599964805,0,0,0,0,31,False,False,
44,0,1457.0008704829036,871.9083010799851,1.7149572308918188,44.04056930541992,3.409877061843872,0,2,1,1,1,-0.014831492615755969,-0.9093173274805072,-0.987294627730967,0,0,0,0,32,False,False,
44,1,1457.0008704829036,871.9083010799851,1.7149572308918188,44.04056930541992,3.409877061843872,0,2,1,1,1,-0.014831492615755969,-0.9093173274805072,-0.987294627730967,0,0,0,0,32,False,False,
44,2,1457.0008704829036,871.9083010799851,1.7149572308918188,44.04056930541992,3.409877061843872,0,2,1,1,1,-0.014831492615755969,-0.9093173274805072,-0.987294627730967,0,0,0,0,32,False,False,
44,3,1457.0008704829036,871.9083010799851,1.7149572308918188,44.04056930541992,3.409877061843872,0,2,1,1,1,-0.014831492615755969,-0.9093173274805072,-0.987294627730967,0,0,0,0,32,False,False,
44,4,1457.0008704829036,871.9083010799851,1.7149572308918188,44.04056930541992,3.409877061843872,0,2,1,1,1,-0.014831492615755969,-0.9093173274805072,-0.987294627730967,0,0,0,0,32,False,False,
44,5,1457.0008704829036,871.9083010799851,1.7149572308918188,44.04056930541992,3.409877061843872,0,2,1,1,1,-0.014831492615755969,-0.9093173274805072,-0.987294627730967,0,0,0,0,32,False,False,
44,6,1457.0008704829036,871.9083010799851,1.7149572308918188,44.04056930541992,3.409877061843872,0,2,1,1,1,-0.014831492615755969,-0.9093173274805072,-0.987294627730967,0,0,0,0,32,False,False,
44,7,1457.0008704829036,871.9083010799851,1.7149572308918188,44.04056930541992,3.409877061843872,0,2,1,1,1,-0.014831492615755969,-0.9093173274805072,-0.987294627730967,0,0,0,0,32,False,False,
45,0,1455.2640858767604,871.9789290887277,1.7382200907118774,45.7788200378418,3.432976722717285,0,2,0,1,1,-0.01559411994201159,-0.9139513458913995,-0.9927909793904465,0,0,0,0,33,False,False,
45,1,1455.2640858767604,871.9789290887277,1.7382200907118774,45.7788200378418,3.432976722717285,0,2,0,1,1,-0.01559411994201159,-0.9139513458913995,-0.9927909793904465,0,0,0,0,33,False,False,
45,2,1455.2640858767604,871.9789290887277,1.7382200907118774,45.7788200378418,3.432976722717285,0,2,0,1,1,-0.01559411994201159,-0.9139513458913995,-0.9927909793904465,0,0,0,0,33,False,False,
45,3,1455.2640858767604,871.9789290887277,1.7382200907118774,45.7788200378418,3.432976722717285,0,2,0,1,1,-0.01559411994201159,-0.9139513458913995,-0.9927909793904465,0,0,0,0,33,False,False,
45,4,1455.2640858767604,871.9789290887277,1.7382200907118774,45.7788200378418,3.432976722717285,0,2,0,1,1,-0.01559411994201159,-0.9139513458913995,-0.9927909793904465,0,0,0,0,33,False,False,
45,5,1455.2640858767604,871.9789290887277,1.7382200907118774,45.7788200378418,3.432976722717285,0,2,0,1,1,-0.01559411994201159,-0.9139513458913995,-0.9927909793904465,0,0,0,0,33,False,False,
45,6,1455.2640858767604,871.9789290887277,1.7382200907118774,45.7788200378418,3.432976722717285,0,2,0,1,1,-0.01559411994201159,-0.9139513458913995,-0.9927909793904465,0,0,0,0,33,False,False,
45,7,1455.2640858767604,871.9789290887277,1.7382200907118774,45.7788200378418,3.432976722717285,0,2,0,1,1,-0.01559411994201159,-0.9139513458913995,-0.9927909793904465,0,0,0,0,33,False,False,
46,0,1453.504586275669,872.0505108638806,1.760955080850929,47.539676666259766,3.4561545848846436,0,2,0,1,1,-0.016505912145248658,-0.918645467357669,-0.9983604924786601,0,0,0,0,34,False,False,
46,1,1453.504586275669,872.0505108638806,1.760955080850929,47.539676666259766,3.4561545848846436,0,2,0,1,1,-0.016505912145248658,-0.918645467357669,-0.9983604924786601,0,0,0,0,34,False,False,
46,2,1453.504586275669,872.0505108638806,1.760955080850929,47.539676666259766,3.4561545848846436,0,2,0,1,1,-0.016505912145248658,-0.918645467357669,-0.9983604924786601,0,0,0,0,34,False,False,
46,3,1453.504586275669,872.0505108638806,1.760955080850929,47.539676666259766,3.4561545848846436,0,2,0,1,1,-0.016505912145248658,-0.918645467357669,-0.9983604924786601,0,0,0,0,34,False,False,
46,4,1453.504586275669,872.0505108638806,1.760955080850929,47.539676666259766,3.4561545848846436,0,2,0,1,1,-0.016505912145248658,-0.918645467357669,-0.9983604924786601,0,0,0,0,34,False,False,
46,5,1453.504586275669,872.0505108638806,1.760955080850929,47.539676666259766,3.4561545848846436,0,2,0,1,1,-0.016505912145248658,-0.918645467357669,-0.9983604924786601,0,0,0,0,34,False,False,
46,6,1453.504586275669,872.0505108638806,1.760955080850929,47.539676666259766,3.4561545848846436,0,2,0,1,1,-0.016505912145248658,-0.918645467357669,-0.9983604924786601,0,0,0,0,34,False,False,
46,7,1453.504586275669,872.0505108638806,1.760955080850929,47.539676666259766,3.4561545848846436,0,2,0,1,1,-0.016505912145248658,-0.918645467357669,-0.9983604924786601,0,0,0,0,34,False,False,
47,0,1451.7229253321416,872.1231111404292,1.7831395116046866,49.32289123535156,3.4793758392333984,0,2,0,1,1,-0.017574023969273374,-0.9233990053097526,-0.9959892737449435,0,0,0,0,35,False,False,
47,1,1451.7229253321416,872.1231111404292,1.7831395116046866,49.32289123535156,3.4793758392333984,0,2,0,1,1,-0.017574023969273374,-0.9233990053097526,-0.9959892737449435,0,0,0,0,35,False,False,
47,2,1451.7229253321416,872.1231111404292,1.7831395116046866,49.32289123535156,3.4793758392333984,0,2,0,1,1,-0.017574023969273374,-0.9233990053097526,-0.9959892737449435,0,0,0,0,35,False,False,
47,3,1451.7229253321416,872.1231111404292,1.7831395116046866,49.32289123535156,3.4793758392333984,0,2,0,1,1,-0.017574023969273374,-0.9233990053097526,-0.9959892737449435,0,0,0,0,35,False,False,
47,4,1451.7229253321416,872.1231111404292,1.7831395116046866,49.32289123535156,3.4793758392333984,0,2,0,1,1,-0.017574023969273374,-0.9233990053097526,-0.9959892737449435,0,0,0,0,35,False,False,
47,5,1451.7229253321416,872.1231111404292,1.7831395116046866,49.32289123535156,3.4793758392333984,0,2,0,1,1,-0.017574023969273374,-0.9233990053097526,-0.9959892737449435,0,0,0,0,35,False,False,
47,6,1451.7229253321416,872.1231111404292,1.7831395116046866,49.32289123535156,3.4793758392333984,0,2,0,1,1,-0.017574023969273374,-0.9233990053097526,-0.9959892737449435,0,0,0,0,35,False,False,
47,7,1451.7229253321416,872.1231111404292,1.7831395116046866,49.32289123535156,3.4793758392333984,0,2,0,1,1,-0.017574023969273374,-0.9233990053097526,-0.9959892737449435,0,0,0,0,35,False,False,
48,0,1449.919638833032,872.1967688333518,1.804790196559716,51.12761688232422,3.5026333332061768,0,2,0,1,1,-0.018818586551243913,-0.9282096388616909,-0.990251240626161,0,0,0,0,36,False,False,
48,1,1449.919638833032,872.1967688333518,1.804790196559716,51.12761688232422,3.5026333332061768,0,2,0,1,1,-0.018818586551243913,-0.9282096388616909,-0.990251240626161,0,0,0,0,36,False,False,
48,2,1449.919638833032,872.1967688333518,1.804790196559716,51.12761688232422,3.5026333332061768,0,2,0,1,1,-0.018818586551243913,-0.9282096388616909,-0.990251240626161,0,0,0,0,36,False,False,
48,3,1449.919638833032,872.1967688333518,1.804790196559716,51.12761688232422,3.5026333332061768,0,2,0,1,1,-0.018818586551243913,-0.9282096388616909,-0.990251240626161,0,0,0,0,36,False,False,
48,4,1449.919638833032,872.1967688333518,1.804790196559716,51.12761688232422,3.5026333332061768,0,2,0,1,1,-0.018818586551243913,-0.9282096388616909,-0.990251240626161,0,0,0,0,36,False,False,
48,5,1449.919638833032,872.1967688333518,1.804790196559716,51.12761688232422,3.5026333332061768,0,2,0,1,1,-0.018818586551243913,-0.9282096388616909,-0.990251240626161,0,0,0,0,36,False,False,
48,6,1449.919638833032,872.1967688333518,1.804790196559716,51.12761688232422,3.5026333332061768,0,2,0,1,1,-0.018818586551243913,-0.9282096388616909,-0.990251240626161,0,0,0,0,36,False,False,
48,7,1449.919638833032,872.1967688333518,1.804790196559716,51.12761688232422,3.5026333332061768,0,2,0,1,1,-0.018818586551243913,-0.9282096388616909,-0.990251240626161,0,0,0,0,36,False,False,
49,0,1448.095237780136,872.2714957756984,1.8259308085797763,52.953609466552734,3.525918960571289,0,2,0,1,1,-0.020264331119606835,-0.9330766526734838,-0.9844182955646932,0,0,0,0,37,False,False,
49,1,1448.095237780136,872.2714957756984,1.8259308085797763,52.953609466552734,3.525918960571289,0,2,0,1,1,-0.020264331119606835,-0.9330766526734838,-0.9844182955646932,0,0,0,0,37,False,False,
49,2,1448.095237780136,872.2714957756984,1.8259308085797763,52.953609466552734,3.525918960571289,0,2,0,1,1,-0.020264331119606835,-0.9330766526734838,-0.9844182955646932,0,0,0,0,37,False,False,
49,3,1448.095237780136,872.2714957756984,1.8259308085797763,52.953609466552734,3.525918960571289,0,2,0,1,1,-0.020264331119606835,-0.9330766526734838,-0.9844182955646932,0,0,0,0,37,False,False,
49,4,1448.095237780136,872.2714957756984,1.8259308085797763,52.953609466552734,3.525918960571289,0,2,0,1,1,-0.020264331119606835,-0.9330766526734838,-0.9844182955646932,0,0,0,0,37,False,False,
49,5,1448.095237780136,872.2714957756984,1.8259308085797763,52.953609466552734,3.525918960571289,0,2,0,1,1,-0.020264331119606835,-0.9330766526734838,-0.9844182955646932,0,0,0,0,37,False,False,
49,6,1448.095237780136,872.2714957756984,1.8259308085797763,52.953609466552734,3.525918960571289,0,2,0,1,1,-0.020264331119606835,-0.9330766526734838,-0.9844182955646932,0,0,0,0,37,False,False,
49,7,1448.095237780136,872.2714957756984,1.8259308085797763,52.953609466552734,3.525918960571289,0,2,0,1,1,-0.020264331119606835,-0.9330766526734838,-0.9844182955646932,0,0,0,0,37,False,False,
50,0,1446.2502261211926,872.347289509924,1.8465678194381527,54.80013656616211,3.5492255687713623,0,2,0,1,1,-0.021956546490755752,-0.93799801162008,-0.9784900155743256,0,0,0,0,38,False,False,
50,1,1446.2502261211926,872.347289509924,1.8465678194381527,54.80013656616211,3.5492255687713623,0,2,0,1,1,-0.021956546490755752,-0.93799801162008,-0.9784900155743256,0,0,0,0,38,False,False,
50,2,1446.2502261211926,872.347289509924,1.8465678194381527,54.80013656616211,3.5492255687713623,0,2,0,1,1,-0.021956546490755752,-0.93799801162008,-0.9784900155743256,0,0,0,0,38,False,False,
50,3,1446.2502261211926,872.347289509924,1.8465678194381527,54.80013656616211,3.5492255687713623,0,2,0,1,1,-0.021956546490755752,-0.93799801162008,-0.9784900155743256,0,0,0,0,38,False,False,
50,4,1446.2502261211926,872.347289509924,1.8465678194381527,54.80013656616211,3.5492255687713623,0,2,0,1,1,-0.021956546490755752,-0.93799801162008,-0.9784900155743256,0,0,0,0,38,False,False,
50,5,1446.2502261211926,872.347289509924,1.8465678194381527,54.80013656616211,3.5492255687713623,0,2,0,1,1,-0.021956546490755752,-0.93799801162008,-0.9784900155743256,0,0,0,0,38,False,False,
50,6,1446.2502261211926,872.347289509924,1.8465678194381527,54.80013656616211,3.5492255687713623,0,2,0,1,1,-0.021956546490755752,-0.93799801162008,-0.9784900155743256,0,0,0,0,38,False,False,
50,7,1446.2502261211926,872.347289509924,1.8465678194381527,54.80013656616211,3.5492255687713623,0,2,0,1,1,-0.021956546490755752,-0.93799801162008,-0.9784900155743256,0,0,0,0,38,False,False,
51,0,1444.385087579003,872.424130268857,1.866720729995338,56.666831970214844,3.5725419521331787,0,2,0,1,1,-0.0239544174750525,-0.9429726229085493,-0.9724666096915402,0,0,0,0,39,False,False,
51,1,1444.385087579003,872.424130268857,1.866720729995338,56.666831970214844,3.5725419521331787,0,2,0,1,1,-0.0239544174750525,-0.9429726229085493,-0.9724666096915402,0,0,0,0,39,False,False,
51,2,1444.385087579003,872.424130268857,1.866720729995338,56.666831970214844,3.5725419521331787,0,2,0,1,1,-0.0239544174750525,-0.9429726229085493,-0.9724666096915402,0,0,0,0,39,False,False,
51,3,1444.385087579003,872.424130268857,1.866720729995338,56.666831970214844,3.5725419521331787,0,2,0,1,1,-0.0239544174750525,-0.9429726229085493,-0.9724666096915402,0,0,0,0,39,False,False,
51,4,1444.385087579003,872.424130268857,1.866720729995338,56.666831970214844,3.5725419521331787,0,2,0,1,1,-0.0239544174750525,-0.9429726229085493,-0.9724666096915402,0,0,0,0,39,False,False,
51,5,1444.385087579003,872.424130268857,1.866720729995338,56.666831970214844,3.5725419521331787,0,2,0,1,1,-0.0239544174750525,-0.9429726229085493,-0.9724666096915402,0,0,0,0,39,False,False,
51,6,1444.385087579003,872.424130268857,1.866720729995338,56.666831970214844,3.5725419521331787,0,2,0,1,1,-0.0239544174750525,-0.9429726229085493,-0.9724666096915402,0,0,0,0,39,False,False,
51,7,1444.385087579003,872.424130268857,1.866720729995338,56.666831970214844,3.5725419521331787,0,2,0,1,1,-0.0239544174750525,-0.9429726229085493,-0.9724666096915402,0,0,0,0,39,False,False,
52,0,1442.5003056128464,872.501995480177,1.8863896869638674,58.55320739746094,3.595858335494995,0,2,0,1,1,-0.02635121528647283,-0.9479990231601144,-0.9663627140433524,0,0,0,0,40,False,False,
52,1,1442.5003056128464,872.501995480177,1.8863896869638674,58.55320739746094,3.595858335494995,0,2,0,1,1,-0.02635121528647283,-0.9479990231601144,-0.9663627140433524,0,0,0,0,40,False,False,
52,2,1442.5003056128464,872.501995480177,1.8863896869638674,58.55320739746094,3.595858335494995,0,2,0,1,1,-0.02635121528647283,-0.9479990231601144,-0.9663627140433524,0,0,0,0,40,False,False,
52,3,1442.5003056128464,872.501995480177,1.8863896869638674,58.55320739746094,3.595858335494995,0,2,0,1,1,-0.02635121528647283,-0.9479990231601144,-0.9663627140433524,0,0,0,0,40,False,False,
52,4,1442.5003056128464,872.501995480177,1.8863896869638674,58.55320739746094,3.595858335494995,0,2,0,1,1,-0.02635121528647283,-0.9479990231601144,-0.9663627140433524,0,0,0,0,40,False,False,
52,5,1442.5003056128464,872.501995480177,1.8863896869638674,58.55320739746094,3.595858335494995,0,2,0,1,1,-0.02635121528647283,-0.9479990231601144,-0.9663627140433524,0,0,0,0,40,False,False,
52,6,1442.5003056128464,872.501995480177,1.8863896869638674,58.55320739746094,3.595858335494995,0,2,0,1,1,-0.02635121528647283,-0.9479990231601144,-0.9663627140433524,0,0,0,0,40,False,False,
52,7,1442.5003056128464,872.501995480177,1.8863896869638674,58.55320739746094,3.595858335494995,0,2,0,1,1,-0.02635121528647283,-0.9479990231601144,-0.9663627140433524,0,0,0,0,40,False,False,
53,0,1440.596375639116,872.5808804918601,1.9055634835756343,60.458770751953125,3.6191563606262207,0,2,0,1,1,-0.0292876402568494,-0.9530756763065859,-0.9601710069929814,0,0,0,0,41,False,False,
53,1,1440.596375639116,872.5808804918601,1.9055634835756343,60.458770751953125,3.6191563606262207,0,2,0,1,1,-0.0292876402568494,-0.9530756763065859,-0.9601710069929814,0,0,0,0,41,False,False,
53,2,1440.596375639116,872.5808804918601,1.9055634835756343,60.458770751953125,3.6191563606262207,0,2,0,1,1,-0.0292876402568494,-0.9530756763065859,-0.9601710069929814,0,0,0,0,41,False,False,
53,3,1440.596375639116,872.5808804918601,1.9055634835756343,60.458770751953125,3.6191563606262207,0,2,0,1,1,-0.0292876402568494,-0.9530756763065859,-0.9601710069929814,0,0,0,0,41,False,False,
53,4,1440.596375639116,872.5808804918601,1.9055634835756343,60.458770751953125,3.6191563606262207,0,2,0,1,1,-0.0292876402568494,-0.9530756763065859,-0.9601710069929814,0,0,0,0,41,False,False,
53,5,1440.596375639116,872.5808804918601,1.9055634835756343,60.458770751953125,3.6191563606262207,0,2,0,1,1,-0.0292876402568494,-0.9530756763065859,-0.9601710069929814,0,0,0,0,41,False,False,
53,6,1440.596375639116,872.5808804918601,1.9055634835756343,60.458770751953125,3.6191563606262207,0,2,0,1,1,-0.0292876402568494,-0.9530756763065859,-0.9601710069929814,0,0,0,0,41,False,False,
53,7,1440.596375639116,872.5808804918601,1.9055634835756343,60.458770751953125,3.6191563606262207,0,2,0,1,1,-0.0292876402568494,-0.9530756763065859,-0.9601710069929814,0,0,0,0,41,False,False,
54,0,1438.6737764042182,872.6607867080112,1.9242590317859787,62.38303756713867,3.642416477203369,0,2,0,1,1,-0.032973275481491426,-0.9582009264117785,-0.9538841794101023,0,0,0,0,42,False,False,
54,1,1438.6737764042182,872.6607867080112,1.9242590317859787,62.38303756713867,3.642416477203369,0,2,0,1,1,-0.032973275481491426,-0.9582009264117785,-0.9538841794101023,0,0,0,0,42,False,False,
54,2,1438.6737764042182,872.6607867080112,1.9242590317859787,62.38303756713867,3.642416477203369,0,2,0,1,1,-0.032973275481491426,-0.9582009264117785,-0.9538841794101023,0,0,0,0,42,False,False,
54,3,1438.6737764042182,872.6607867080112,1.9242590317859787,62.38303756713867,3.642416477203369,0,2,0,1,1,-0.032973275481491426,-0.9582009264117785,-0.9538841794101023,0,0,0,0,42,False,False,
54,4,1438.6737764042182,872.6607867080112,1.9242590317859787,62.38303756713867,3.642416477203369,0,2,0,1,1,-0.032973275481491426,-0.9582009264117785,-0.9538841794101023,0,0,0,0,42,False,False,
54,5,1438.6737764042182,872.6607867080112,1.9242590317859787,62.38303756713867,3.642416477203369,0,2,0,1,1,-0.032973275481491426,-0.9582009264117785,-0.9538841794101023,0,0,0,0,42,False,False,
54,6,1438.6737764042182,872.6607867080112,1.9242590317859787,62.38303756713867,3.642416477203369,0,2,0,1,1,-0.032973275481491426,-0.9582009264117785,-0.9538841794101023,0,0,0,0,42,False,False,
54,7,1438.6737764042182,872.6607867080112,1.9242590317859787,62.38303756713867,3.642416477203369,0,2,0,1,1,-0.032973275481491426,-0.9582009264117785,-0.9538841794101023,0,0,0,0,42,False,False,
55,0,1436.7329767580902,872.741719490163,1.9424863916220503,64.32552337646484,3.6656081676483154,0,2,0,1,1,-0.03773539533606254,-0.9633729093437332,-0.9475022241481689,0,0,0,0,43,False,False,
55,1,1436.7329767580902,872.741719490163,1.9424863916220503,64.32552337646484,3.6656081676483154,0,2,0,1,1,-0.03773539533606254,-0.9633729093437332,-0.9475022241481689,0,0,0,0,43,False,False,
55,2,1436.7329767580902,872.741719490163,1.9424863916220503,64.32552337646484,3.6656081676483154,0,2,0,1,1,-0.03773539533606254,-0.9633729093437332,-0.9475022241481689,0,0,0,0,43,False,False,
55,3,1436.7329767580902,872.741719490163,1.9424863916220503,64.32552337646484,3.6656081676483154,0,2,0,1,1,-0.03773539533606254,-0.9633729093437332,-0.9475022241481689,0,0,0,0,43,False,False,
55,4,1436.7329767580902,872.741719490163,1.9424863916220503,64.32552337646484,3.6656081676483154,0,2,0,1,1,-0.03773539533606254,-0.9633729093437332,-0.9475022241481689,0,0,0,0,43,False,False,
55,5,1436.7329767580902,872.741719490163,1.9424863916220503,64.32552337646484,3.6656081676483154,0,2,0,1,1,-0.03773539533606254,-0.9633729093437332,-0.9475022241481689,0,0,0,0,43,False,False,
55,6,1436.7329767580902,872.741719490163,1.9424863916220503,64.32552337646484,3.6656081676483154,0,2,0,1,1,-0.03773539533606254,-0.9633729093437332,-0.9475022241481689,0,0,0,0,43,False,False,
55,7,1436.7329767580902,872.741719490163,1.9424863916220503,64.32552337646484,3.6656081676483154,0,2,0,1,1,-0.03773539533606254,-0.9633729093437332,-0.9475022241481689,0,0,0,0,43,False,False,
56,0,1434.7743888911791,872.8236428187944,1.960300452529014,66.28585815429688,3.6886839866638184,0,2,0,1,1,-0.04410863484636265,-0.9685897015141774,-0.9410322520208432,0,0,0,0,44,False,False,
56,1,1434.7743888911791,872.8236428187944,1.960300452529014,66.28585815429688,3.6886839866638184,0,2,0,1,1,-0.04410863484636265,-0.9685897015141774,-0.9410322520208432,0,0,0,0,44,False,False,
56,2,1434.7743888911791,872.8236428187944,1.960300452529014,66.28585815429688,3.6886839866638184,0,2,0,1,1,-0.04410863484636265,-0.9685897015141774,-0.9410322520208432,0,0,0,0,44,False,False,
56,3,1434.7743888911791,872.8236428187944,1.960300452529014,66.28585815429688,3.6886839866638184,0,2,0,1,1,-0.04410863484636265,-0.9685897015141774,-0.9410322520208432,0,0,0,0,44,False,False,
56,4,1434.7743888911791,872.8236428187944,1.960300452529014,66.28585815429688,3.6886839866638184,0,2,0,1,1,-0.04410863484636265,-0.9685897015141774,-0.9410322520208432,0,0,0,0,44,False,False,
56,5,1434.7743888911791,872.8236428187944,1.960300452529014,66.28585815429688,3.6886839866638184,0,2,0,1,1,-0.04410863484636265,-0.9685897015141774,-0.9410322520208432,0,0,0,0,44,False,False,
56,6,1434.7743888911791,872.8236428187944,1.960300452529014,66.28585815429688,3.6886839866638184,0,2,0,1,1,-0.04410863484636265,-0.9685897015141774,-0.9410322520208432,0,0,0,0,44,False,False,
56,7,1434.7743888911791,872.8236428187944,1.960300452529014,66.28585815429688,3.6886839866638184,0,2,0,1,1,-0.04410863484636265,-0.9685897015141774,-0.9410322520208432,0,0,0,0,44,False,False,
57,0,1432.798421553961,872.9064987995399,1.9777037268757651,68.26354217529297,3.7115776538848877,0,2,0,1,1,-0.0530743776140778,-0.9738482930756104,-0.9344819991645973,0,0,0,0,45,False,False,
57,1,1432.798421553961,872.9064987995399,1.9777037268757651,68.26354217529297,3.7115776538848877,0,2,0,1,1,-0.0530743776140778,-0.9738482930756104,-0.9344819991645973,0,0,0,0,45,False,False,
57,2,1432.798421553961,872.9064987995399,1.9777037268757651,68.26354217529297,3.7115776538848877,0,2,0,1,1,-0.0530743776140778,-0.9738482930756104,-0.9344819991645973,0,0,0,0,45,False,False,
57,3,1432.798421553961,872.9064987995399,1.9777037268757651,68.26354217529297,3.7115776538848877,0,2,0,1,1,-0.0530743776140778,-0.9738482930756104,-0.9344819991645973,0,0,0,0,45,False,False,
57,4,1432.798421553961,872.9064987995399,1.9777037268757651,68.26354217529297,3.7115776538848877,0,2,0,1,1,-0.0530743776140778,-0.9738482930756104,-0.9344819991645973,0,0,0,0,45,False,False,
57,5,1432.798421553961,872.9064987995399,1.9777037268757651,68.26354217529297,3.7115776538848877,0,2,0,1,1,-0.0530743776140778,-0.9738482930756104,-0.9344819991645973,0,0,0,0,45,False,False,
57,6,1432.798421553961,872.9064987995399,1.9777037268757651,68.26354217529297,3.7115776538848877,0,2,0,1,1,-0.0530743776140778,-0.9738482930756104,-0.9344819991645973,0,0,0,0,45,False,False,
57,7,1432.798421553961,872.9064987995399,1.9777037268757651,68.26354217529297,3.7115776538848877,0,2,0,1,1,-0.0530743776140778,-0.9738482930756104,-0.9344819991645973,0,0,0,0,45,False,False,
58,0,1430.805517427414,872.9902573350703,1.994663467826416,70.25822448730469,3.734166383743286,0,2,0,1,1,-0.06667141399384491,-0.9791442089199001,-0.9278585728198202,0,0,0,0,46,False,False,
58,1,1430.805517427414,872.9902573350703,1.994663467826416,70.25822448730469,3.734166383743286,0,2,0,1,1,-0.06667141399384491,-0.9791442089199001,-0.9278585728198202,0,0,0,0,46,False,False,
58,2,1430.805517427414,872.9902573350703,1.994663467826416,70.25822448730469,3.734166383743286,0,2,0,1,1,-0.06667141399384491,-0.9791442089199001,-0.9278585728198202,0,0,0,0,46,False,False,
58,3,1430.805517427414,872.9902573350703,1.994663467826416,70.25822448730469,3.734166383743286,0,2,0,1,1,-0.06667141399384491,-0.9791442089199001,-0.9278585728198202,0,0,0,0,46,False,False,
58,4,1430.805517427414,872.9902573350703,1.994663467826416,70.25822448730469,3.734166383743286,0,2,0,1,1,-0.06667141399384491,-0.9791442089199001,-0.9278585728198202,0,0,0,0,46,False,False,
58,5,1430.805517427414,872.9902573350703,1.994663467826416,70.25822448730469,3.734166383743286,0,2,0,1,1,-0.06667141399384491,-0.9791442089199001,-0.9278585728198202,0,0,0,0,46,False,False,
58,6,1430.805517427414,872.9902573350703,1.994663467826416,70.25822448730469,3.734166383743286,0,2,0,1,1,-0.06667141399384491,-0.9791442089199001,-0.9278585728198202,0,0,0,0,46,False,False,
58,7,1430.805517427414,872.9902573350703,1.994663467826416,70.25822448730469,3.734166383743286,0,2,0,1,1,-0.06667141399384491,-0.9791442089199001,-0.9278585728198202,0,0,0,0,46,False,False,
59,0,1428.796111113432,873.0749077553879,2.0111885611077587,72.2694091796875,3.756195068359375,0,2,0,1,1,-0.08974034044807064,-0.9844677785908132,-0.9211544476731588,0,0,0,0,47,False,False,
59,1,1428.796111113432,873.0749077553879,2.0111885611077587,72.2694091796875,3.756195068359375,0,2,0,1,1,-0.08974034044807064,-0.9844677785908132,-0.9211544476731588,0,0,0,0,47,False,False,
59,2,1428.796111113432,873.0749077553879,2.0111885611077587,72.2694091796875,3.756195068359375,0,2,0,1,1,-0.08974034044807064,-0.9844677785908132,-0.9211544476731588,0,0,0,0,47,False,False,
59,3,1428.796111113432,873.0749077553879,2.0111885611077587,72.2694091796875,3.756195068359375,0,2,0,1,1,-0.08974034044807064,-0.9844677785908132,-0.9211544476731588,0,0,0,0,47,False,False,
59,4,1428.796111113432,873.0749077553879,2.0111885611077587,72.2694091796875,3.756195068359375,0,2,0,1,1,-0.08974034044807064,-0.9844677785908132,-0.9211544476731588,0,0,0,0,47,False,False,
59,5,1428.796111113432,873.0749077553879,2.0111885611077587,72.2694091796875,3.756195068359375,0,2,0,1,1,-0.08974034044807064,-0.9844677785908132,-0.9211544476731588,0,0,0,0,47,False,False,
59,6,1428.796111113432,873.0749077553879,2.0111885611077587,72.2694091796875,3.756195068359375,0,2,0,1,1,-0.08974034044807064,-0.9844677785908132,-0.9211544476731588,0,0,0,0,47,False,False,
59,7,1428.796111113432,873.0749077553879,2.0111885611077587,72.2694091796875,3.756195068359375,0,2,0,1,1,-0.08974034044807064,-0.9844677785908132,-0.9211544476731588,0,0,0,0,47,False,False,
60,0,1426.7706264479386,873.1604500739192,2.0272902156348502,74.2967300415039,3.7770137786865234,0,2,0,1,1,-0.13726050432921966,-0.9897919042121862,-0.9143625129109507,0,0,0,0,48,False,False,
60,1,1426.7706264479386,873.1604500739192,2.0272902156348502,74.2967300415039,3.7770137786865234,0,2,0,1,1,-0.13726050432921966,-0.9897919042121862,-0.9143625129109507,0,0,0,0,48,False,False,
60,2,1426.7706264479386,873.1604500739192,2.0272902156348502,74.2967300415039,3.7770137786865234,0,2,0,1,1,-0.13726050432921966,-0.9897919042121862,-0.9143625129109507,0,0,0,0,48,False,False,
60,3,1426.7706264479386,873.1604500739192,2.0272902156348502,74.2967300415039,3.7770137786865234,0,2,0,1,1,-0.13726050432921966,-0.9897919042121862,-0.9143625129109507,0,0,0,0,48,False,False,
60,4,1426.7706264479386,873.1604500739192,2.0272902156348502,74.2967300415039,3.7770137786865234,0,2,0,1,1,-0.13726050432921966,-0.9897919042121862,-0.9143625129109507,0,0,0,0,48,False,False,
60,5,1426.7706264479386,873.1604500739192,2.0272902156348502,74.2967300415039,3.7770137786865234,0,2,0,1,1,-0.13726050432921966,-0.9897919042121862,-0.9143625129109507,0,0,0,0,48,False,False,
60,6,1426.7706264479386,873.1604500739192,2.0272902156348502,74.2967300415039,3.7770137786865234,0,2,0,1,1,-0.13726050432921966,-0.9897919042121862,-0.9143625129109507,0,0,0,0,48,False,False,
60,7,1426.7706264479386,873.1604500739192,2.0272902156348502,74.2967300415039,3.7770137786865234,0,2,0,1,1,-0.13726050432921966,-0.9897919042121862,-0.9143625129109507,0,0,0,0,48,False,False,
61,0,1424.729477669635,873.2468907067952,2.042978296062674,76.3396987915039,3.79392147064209,0,2,0,1,1,-0.2864693300204105,-0.9949763342456194,-0.9074976190566033,0,0,0,0,49,False,False,
61,1,1424.729477669635,873.2468907067952,2.042978296062674,76.3396987915039,3.79392147064209,0,2,0,1,1,-0.2864693300204105,-0.9949763342456194,-0.9074976190566033,0,0,0,0,49,False,False,
61,2,1424.729477669635,873.2468907067952,2.042978296062674,76.3396987915039,3.79392147064209,0,2,0,1,1,-0.2864693300204105,-0.9949763342456194,-0.9074976190566033,0,0,0,0,49,False,False,
61,3,1424.729477669635,873.2468907067952,2.042978296062674,76.3396987915039,3.79392147064209,0,2,0,1,1,-0.2864693300204105,-0.9949763342456194,-0.9074976190566033,0,0,0,0,49,False,False,
61,4,1424.729477669635,873.2468907067952,2.042978296062674,76.3396987915039,3.79392147064209,0,2,0,1,1,-0.2864693300204105,-0.9949763342456194,-0.9074976190566033,0,0,0,0,49,False,False,
61,5,1424.729477669635,873.2468907067952,2.042978296062674,76.3396987915039,3.79392147064209,0,2,0,1,1,-0.2864693300204105,-0.9949763342456194,-0.9074976190566033,0,0,0,0,49,False,False,
61,6,1424.729477669635,873.2468907067952,2.042978296062674,76.3396987915039,3.79392147064209,0,2,0,1,1,-0.2864693300204105,-0.9949763342456194,-0.9074976190566033,0,0,0,0,49,False,False,
61,7,1424.729477669635,873.2468907067952,2.042978296062674,76.3396987915039,3.79392147064209,0,2,0,1,1,-0.2864693300204105,-0.9949763342456194,-0.9074976190566033,0,0,0,0,49,False,False,
62,0,1422.6730698845186,873.3342402798535,2.0582621131916334,78.39794921875,6.3180718421936035,0,3,1,2,2,-0.014976535584643595,-0.9061882769510724,-0.9017189073490852,0,0,0,0,50,False,False,
62,1,1422.6730698845186,873.3342402798535,2.0582621131916334,78.39794921875,6.3180718421936035,0,3,1,2,2,-0.014976535584643595,-0.9061882769510724,-0.9017189073490852,0,0,0,0,50,False,False,
62,2,1422.6730698845186,873.3342402798535,2.0582621131916334,78.39794921875,6.3180718421936035,0,3,1,2,2,-0.014976535584643595,-0.9061882769510724,-0.9017189073490852,0,0,0,0,50,False,False,
62,3,1422.6730698845186,873.3342402798535,2.0582621131916334,78.39794921875,6.3180718421936035,0,3,1,2,2,-0.014976535584643595,-0.9061882769510724,-0.9017189073490852,0,0,0,0,50,False,False,
62,4,1422.6730698845186,873.3342402798535,2.0582621131916334,78.39794921875,6.3180718421936035,0,3,1,2,2,-0.014976535584643595,-0.9061882769510724,-0.9017189073490852,0,0,0,0,50,False,False,
62,5,1422.6730698845186,873.3342402798535,2.0582621131916334,78.39794921875,6.3180718421936035,0,3,1,2,2,-0.014976535584643595,-0.9061882769510724,-0.9017189073490852,0,0,0,0,50,False,False,
62,6,1422.6730698845186,873.3342402798535,2.0582621131916334,78.39794921875,6.3180718421936035,0,3,1,2,2,-0.014976535584643595,-0.9061882769510724,-0.9017189073490852,0,0,0,0,50,False,False,
62,7,1422.6730698845186,873.3342402798535,2.0582621131916334,78.39794921875,6.3180718421936035,0,3,1,2,2,-0.014976535584643595,-0.9061882769510724,-0.9017189073490852,0,0,0,0,50,False,False,
63,0,1420.6017632360695,873.4222812780257,2.073176897726814,80.47110748291016,6.342221736907959,0,3,0,2,2,-0.01593402149788277,-0.9117150738899176,-0.9016524802003503,0,0,0,0,51,False,False,
63,1,1420.6017632360695,873.4222812780257,2.073176897726814,80.47110748291016,6.342221736907959,0,3,0,2,2,-0.01593402149788277,-0.9117150738899176,-0.9016524802003503,0,0,0,0,51,False,False,
63,2,1420.6017632360695,873.4222812780257,2.073176897726814,80.47110748291016,6.342221736907959,0,3,0,2,2,-0.01593402149788277,-0.9117150738899176,-0.9016524802003503,0,0,0,0,51,False,False,
63,3,1420.6017632360695,873.4222812780257,2.073176897726814,80.47110748291016,6.342221736907959,0,3,0,2,2,-0.01593402149788277,-0.9117150738899176,-0.9016524802003503,0,0,0,0,51,False,False,
63,4,1420.6017632360695,873.4222812780257,2.073176897726814,80.47110748291016,6.342221736907959,0,3,0,2,2,-0.01593402149788277,-0.9117150738899176,-0.9016524802003503,0,0,0,0,51,False,False,
63,5,1420.6017632360695,873.4222812780257,2.073176897726814,80.47110748291016,6.342221736907959,0,3,0,2,2,-0.01593402149788277,-0.9117150738899176,-0.9016524802003503,0,0,0,0,51,False,False,
63,6,1420.6017632360695,873.4222812780257,2.073176897726814,80.47110748291016,6.342221736907959,0,3,0,2,2,-0.01593402149788277,-0.9117150738899176,-0.9016524802003503,0,0,0,0,51,False,False,
63,7,1420.6017632360695,873.4222812780257,2.073176897726814,80.47110748291016,6.342221736907959,0,3,0,2,2,-0.01593402149788277,-0.9117150738899176,-0.9016524802003503,0,0,0,0,51,False,False,
64,0,1418.5159225882583,873.5108813193931,2.087721527261637,82.55892181396484,6.366411209106445,0,3,0,2,2,-0.01698640791902872,-0.9172807310445946,-0.9016013037816207,0,0,0,0,52,False,False,
64,1,1418.5159225882583,873.5108813193931,2.087721527261637,82.55892181396484,6.366411209106445,0,3,0,2,2,-0.01698640791902872,-0.9172807310445946,-0.9016013037816207,0,0,0,0,52,False,False,
64,2,1418.5159225882583,873.5108813193931,2.087721527261637,82.55892181396484,6.366411209106445,0,3,0,2,2,-0.01698640791902872,-0.9172807310445946,-0.9016013037816207,0,0,0,0,52,False,False,
64,3,1418.5159225882583,873.5108813193931,2.087721527261637,82.55892181396484,6.366411209106445,0,3,0,2,2,-0.01698640791902872,-0.9172807310445946,-0.9016013037816207,0,0,0,0,52,False,False,
64,4,1418.5159225882583,873.5108813193931,2.087721527261637,82.55892181396484,6.366411209106445,0,3,0,2,2,-0.01698640791902872,-0.9172807310445946,-0.9016013037816207,0,0,0,0,52,False,False,
64,5,1418.5159225882583,873.5108813193931,2.087721527261637,82.55892181396484,6.366411209106445,0,3,0,2,2,-0.01698640791902872,-0.9172807310445946,-0.9016013037816207,0,0,0,0,52,False,False,
64,6,1418.5159225882583,873.5108813193931,2.087721527261637,82.55892181396484,6.366411209106445,0,3,0,2,2,-0.01698640791902872,-0.9172807310445946,-0.9016013037816207,0,0,0,0,52,False,False,
64,7,1418.5159225882583,873.5108813193931,2.087721527261637,82.55892181396484,6.366411209106445,0,3,0,2,2,-0.01698640791902872,-0.9172807310445946,-0.9016013037816207,0,0,0,0,52,False,False,
65,0,1416.4159147245932,873.5999503516766,2.101895887042626,84.6607894897461,6.390613555908203,0,3,0,2,2,-0.01817872586677254,-0.9228835722543408,-0.9015574311333062,0,0,0,0,53,False,False,
65,1,1416.4159147245932,873.5999503516766,2.101895887042626,84.6607894897461,6.390613555908203,0,3,0,2,2,-0.01817872586677254,-0.9228835722543408,-0.9015574311333062,0,0,0,0,53,False,False,
65,2,1416.4159147245932,873.5999503516766,2.101895887042626,84.6607894897461,6.390613555908203,0,3,0,2,2,-0.01817872586677254,-0.9228835722543408,-0.9015574311333062,0,0,0,0,53,False,False,
65,3,1416.4159147245932,873.5999503516766,2.101895887042626,84.6607894897461,6.390613555908203,0,3,0,2,2,-0.01817872586677254,-0.9228835722543408,-0.9015574311333062,0,0,0,0,53,False,False,
65,4,1416.4159147245932,873.5999503516766,2.101895887042626,84.6607894897461,6.390613555908203,0,3,0,2,2,-0.01817872586677254,-0.9228835722543408,-0.9015574311333062,0,0,0,0,53,False,False,
65,5,1416.4159147245932,873.5999503516766,2.101895887042626,84.6607894897461,6.390613555908203,0,3,0,2,2,-0.01817872586677254,-0.9228835722543408,-0.9015574311333062,0,0,0,0,53,False,False,
65,6,1416.4159147245932,873.5999503516766,2.101895887042626,84.6607894897461,6.390613555908203,0,3,0,2,2,-0.01817872586677254,-0.9228835722543408,-0.9015574311333062,0,0,0,0,53,False,False,
65,7,1416.4159147245932,873.5999503516766,2.101895887042626,84.6607894897461,6.390613555908203,0,3,0,2,2,-0.01817872586677254,-0.9228835722543408,-0.9015574311333062,0,0,0,0,53,False,False,
66,0,1414.3021057042006,873.6894159564879,2.1157014603052793,86.77645111083984,6.414821624755859,0,3,0,2,2,-0.019551038882871314,-0.9285228699479796,-0.9015428092993835,0,0,0,0,54,False,False,
66,1,1414.3021057042006,873.6894159564879,2.1157014603052793,86.77645111083984,6.414821624755859,0,3,0,2,2,-0.019551038882871314,-0.9285228699479796,-0.9015428092993835,0,0,0,0,54,False,False,
66,2,1414.3021057042006,873.6894159564879,2.1157014603052793,86.77645111083984,6.414821624755859,0,3,0,2,2,-0.019551038882871314,-0.9285228699479796,-0.9015428092993835,0,0,0,0,54,False,False,
66,3,1414.3021057042006,873.6894159564879,2.1157014603052793,86.77645111083984,6.414821624755859,0,3,0,2,2,-0.019551038882871314,-0.9285228699479796,-0.9015428092993835,0,0,0,0,54,False,False,
66,4,1414.3021057042006,873.6894159564879,2.1157014603052793,86.77645111083984,6.414821624755859,0,3,0,2,2,-0.019551038882871314,-0.9285228699479796,-0.9015428092993835,0,0,0,0,54,False,False,
66,5,1414.3021057042006,873.6894159564879,2.1157014603052793,86.77645111083984,6.414821624755859,0,3,0,2,2,-0.019551038882871314,-0.9285228699479796,-0.9015428092993835,0,0,0,0,54,False,False,
66,6,1414.3021057042006,873.6894159564879,2.1157014603052793,86.77645111083984,6.414821624755859,0,3,0,2,2,-0.019551038882871314,-0.9285228699479796,-0.9015428092993835,0,0,0,0,54,False,False,
66,7,1414.3021057042006,873.6894159564879,2.1157014603052793,86.77645111083984,6.414821624755859,0,3,0,2,2,-0.019551038882871314,-0.9285228699479796,-0.9015428092993835,0,0,0,0,54,False,False,
67,0,1412.1748464267491,873.7792259870627,2.1291542628695574,88.90567016601562,6.439029216766357,0,3,0,2,2,-0.021165629164664464,-0.9341978873324946,-0.9015501202163448,0,0,0,0,55,False,False,
67,1,1412.1748464267491,873.7792259870627,2.1291542628695574,88.90567016601562,6.439029216766357,0,3,0,2,2,-0.021165629164664464,-0.9341978873324946,-0.9015501202163448,0,0,0,0,55,False,False,
67,2,1412.1748464267491,873.7792259870627,2.1291542628695574,88.90567016601562,6.439029216766357,0,3,0,2,2,-0.021165629164664464,-0.9341978873324946,-0.9015501202163448,0,0,0,0,55,False,False,
67,3,1412.1748464267491,873.7792259870627,2.1291542628695574,88.90567016601562,6.439029216766357,0,3,0,2,2,-0.021165629164664464,-0.9341978873324946,-0.9015501202163448,0,0,0,0,55,False,False,
67,4,1412.1748464267491,873.7792259870627,2.1291542628695574,88.90567016601562,6.439029216766357,0,3,0,2,2,-0.021165629164664464,-0.9341978873324946,-0.9015501202163448,0,0,0,0,55,False,False,
67,5,1412.1748464267491,873.7792259870627,2.1291542628695574,88.90567016601562,6.439029216766357,0,3,0,2,2,-0.021165629164664464,-0.9341978873324946,-0.9015501202163448,0,0,0,0,55,False,False,
67,6,1412.1748464267491,873.7792259870627,2.1291542628695574,88.90567016601562,6.439029216766357,0,3,0,2,2,-0.021165629164664464,-0.9341978873324946,-0.9015501202163448,0,0,0,0,55,False,False,
67,7,1412.1748464267491,873.7792259870627,2.1291542628695574,88.90567016601562,6.439029216766357,0,3,0,2,2,-0.021165629164664464,-0.9341978873324946,-0.9015501202163448,0,0,0,0,55,False,False,
68,0,1410.0344699011794,873.8693543388111,2.142273276451688,91.0479507446289,6.4632248878479,0,3,0,2,2,-0.023101399194928263,-0.9399071936947884,-0.9015866748011516,0,0,0,0,56,False,False,
68,1,1410.0344699011794,873.8693543388111,2.142273276451688,91.0479507446289,6.4632248878479,0,3,0,2,2,-0.023101399194928263,-0.9399071936947884,-0.9015866748011516,0,0,0,0,56,False,False,
68,2,1410.0344699011794,873.8693543388111,2.142273276451688,91.0479507446289,6.4632248878479,0,3,0,2,2,-0.023101399194928263,-0.9399071936947884,-0.9015866748011516,0,0,0,0,56,False,False,
68,3,1410.0344699011794,873.8693543388111,2.142273276451688,91.0479507446289,6.4632248878479,0,3,0,2,2,-0.023101399194928263,-0.9399071936947884,-0.9015866748011516,0,0,0,0,56,False,False,
68,4,1410.0344699011794,873.8693543388111,2.142273276451688,91.0479507446289,6.4632248878479,0,3,0,2,2,-0.023101399194928263,-0.9399071936947884,-0.9015866748011516,0,0,0,0,56,False,False,
68,5,1410.0344699011794,873.8693543388111,2.142273276451688,91.0479507446289,6.4632248878479,0,3,0,2,2,-0.023101399194928263,-0.9399071936947884,-0.9015866748011516,0,0,0,0,56,False,False,
68,6,1410.0344699011794,873.8693543388111,2.142273276451688,91.0479507446289,6.4632248878479,0,3,0,2,2,-0.023101399194928263,-0.9399071936947884,-0.9015866748011516,0,0,0,0,56,False,False,
68,7,1410.0344699011794,873.8693543388111,2.142273276451688,91.0479507446289,6.4632248878479,0,3,0,2,2,-0.023101399194928263,-0.9399071936947884,-0.9015866748011516,0,0,0,0,56,False,False,
69,0,1407.8812976477,873.9597970222229,2.1550709111618582,93.20292663574219,6.487396240234375,0,3,0,2,2,-0.02546875953540722,-0.9456496337466145,-0.9016524802003503,0,0,0,0,57,False,False,
69,1,1407.8812976477,873.9597970222229,2.1550709111618582,93.20292663574219,6.487396240234375,0,3,0,2,2,-0.02546875953540722,-0.9456496337466145,-0.9016524802003503,0,0,0,0,57,False,False,
69,2,1407.8812976477,873.9597970222229,2.1550709111618582,93.20292663574219,6.487396240234375,0,3,0,2,2,-0.02546875953540722,-0.9456496337466145,-0.9016524802003503,0,0,0,0,57,False,False,
69,3,1407.8812976477,873.9597970222229,2.1550709111618582,93.20292663574219,6.487396240234375,0,3,0,2,2,-0.02546875953540722,-0.9456496337466145,-0.9016524802003503,0,0,0,0,57,False,False,
69,4,1407.8812976477,873.9597970222229,2.1550709111618582,93.20292663574219,6.487396240234375,0,3,0,2,2,-0.02546875953540722,-0.9456496337466145,-0.9016524802003503,0,0,0,0,57,False,False,
69,5,1407.8812976477,873.9597970222229,2.1550709111618582,93.20292663574219,6.487396240234375,0,3,0,2,2,-0.02546875953540722,-0.9456496337466145,-0.9016524802003503,0,0,0,0,57,False,False,
69,6,1407.8812976477,873.9597970222229,2.1550709111618582,93.20292663574219,6.487396240234375,0,3,0,2,2,-0.02546875953540722,-0.9456496337466145,-0.9016524802003503,0,0,0,0,57,False,False,
69,7,1407.8812976477,873.9597970222229,2.1550709111618582,93.20292663574219,6.487396240234375,0,3,0,2,2,-0.02546875953540722,-0.9456496337466145,-0.9016524802003503,0,0,0,0,57,False,False,
70,0,1405.7156467265174,874.0505607722515,2.167552068748921,95.37047576904297,6.511526584625244,0,3,0,2,2,-0.028431732377897687,-0.9514246177429224,-0.9017481510169307,0,0,0,0,58,False,False,
70,1,1405.7156467265174,874.0505607722515,2.167552068748921,95.37047576904297,6.511526584625244,0,3,0,2,2,-0.028431732377897687,-0.9514246177429224,-0.9017481510169307,0,0,0,0,58,False,False,
70,2,1405.7156467265174,874.0505607722515,2.167552068748921,95.37047576904297,6.511526584625244,0,3,0,2,2,-0.028431732377897687,-0.9514246177429224,-0.9017481510169307,0,0,0,0,58,False,False,
70,3,1405.7156467265174,874.0505607722515,2.167552068748921,95.37047576904297,6.511526584625244,0,3,0,2,2,-0.028431732377897687,-0.9514246177429224,-0.9017481510169307,0,0,0,0,58,False,False,
70,4,1405.7156467265174,874.0505607722515,2.167552068748921,95.37047576904297,6.511526584625244,0,3,0,2,2,-0.028431732377897687,-0.9514246177429224,-0.9017481510169307,0,0,0,0,58,False,False,
70,5,1405.7156467265174,874.0505607722515,2.167552068748921,95.37047576904297,6.511526584625244,0,3,0,2,2,-0.028431732377897687,-0.9514246177429224,-0.9017481510169307,0,0,0,0,58,False,False,
70,6,1405.7156467265174,874.0505607722515,2.167552068748921,95.37047576904297,6.511526584625244,0,3,0,2,2,-0.028431732377897687,-0.9514246177429224,-0.9017481510169307,0,0,0,0,58,False,False,
70,7,1405.7156467265174,874.0505607722515,2.167552068748921,95.37047576904297,6.511526584625244,0,3,0,2,2,-0.028431732377897687,-0.9514246177429224,-0.9017481510169307,0,0,0,0,58,False,False,
71,0,1403.537852547342,874.1416244037799,2.179697243159467,97.55023193359375,6.535592079162598,0,3,0,2,2,-0.032225221262153055,-0.9572307549331922,-0.9018578219178975,0,0,0,0,59,False,False,
71,1,1403.537852547342,874.1416244037799,2.179697243159467,97.55023193359375,6.535592079162598,0,3,0,2,2,-0.032225221262153055,-0.9572307549331922,-0.9018578219178975,0,0,0,0,59,False,False,
71,2,1403.537852547342,874.1416244037799,2.179697243159467,97.55023193359375,6.535592079162598,0,3,0,2,2,-0.032225221262153055,-0.9572307549331922,-0.9018578219178975,0,0,0,0,59,False,False,
71,3,1403.537852547342,874.1416244037799,2.179697243159467,97.55023193359375,6.535592079162598,0,3,0,2,2,-0.032225221262153055,-0.9572307549331922,-0.9018578219178975,0,0,0,0,59,False,False,
71,4,1403.537852547342,874.1416244037799,2.179697243159467,97.55023193359375,6.535592079162598,0,3,0,2,2,-0.032225221262153055,-0.9572307549331922,-0.9018578219178975,0,0,0,0,59,False,False,
71,5,1403.537852547342,874.1416244037799,2.179697243159467,97.55023193359375,6.535592079162598,0,3,0,2,2,-0.032225221262153055,-0.9572307549331922,-0.9018578219178975,0,0,0,0,59,False,False,
71,6,1403.537852547342,874.1416244037799,2.179697243159467,97.55023193359375,6.535592079162598,0,3,0,2,2,-0.032225221262153055,-0.9572307549331922,-0.9018578219178975,0,0,0,0,59,False,False,
71,7,1403.537852547342,874.1416244037799,2.179697243159467,97.55023193359375,6.535592079162598,0,3,0,2,2,-0.032225221262153055,-0.9572307549331922,-0.9018578219178975,0,0,0,0,59,False,False,
72,0,1401.3482165088478,874.2329855410496,2.1915412016377043,99.74171447753906,6.559558868408203,0,3,0,2,2,-0.03725607401614121,-0.9630660636926259,-0.9019967436332561,0,0,0,0,60,False,False,
72,1,1401.3482165088478,874.2329855410496,2.1915412016377043,99.74171447753906,6.559558868408203,0,3,0,2,2,-0.03725607401614121,-0.9630660636926259,-0.9019967436332561,0,0,0,0,60,False,False,
72,2,1401.3482165088478,874.2329855410496,2.1915412016377043,99.74171447753906,6.559558868408203,0,3,0,2,2,-0.03725607401614121,-0.9630660636926259,-0.9019967436332561,0,0,0,0,60,False,False,
72,3,1401.3482165088478,874.2329855410496,2.1915412016377043,99.74171447753906,6.559558868408203,0,3,0,2,2,-0.03725607401614121,-0.9630660636926259,-0.9019967436332561,0,0,0,0,60,False,False,
72,4,1401.3482165088478,874.2329855410496,2.1915412016377043,99.74171447753906,6.559558868408203,0,3,0,2,2,-0.03725607401614121,-0.9630660636926259,-0.9019967436332561,0,0,0,0,60,False,False,
72,5,1401.3482165088478,874.2329855410496,2.1915412016377043,99.74171447753906,6.559558868408203,0,3,0,2,2,-0.03725607401614121,-0.9630660636926259,-0.9019967436332561,0,0,0,0,60,False,False,
72,6,1401.3482165088478,874.2329855410496,2.1915412016377043,99.74171447753906,6.559558868408203,0,3,0,2,2,-0.03725607401614121,-0.9630660636926259,-0.9019967436332561,0,0,0,0,60,False,False,
72,7,1401.3482165088478,874.2329855410496,2.1915412016377043,99.74171447753906,6.559558868408203,0,3,0,2,2,-0.03725607401614121,-0.9630660636926259,-0.9019967436332561,0,0,0,0,60,False,False,
73,0,1399.1470879715068,874.3245762007964,2.203033292269832,101.94479370117188,6.58336877822876,0,3,0,2,2,-0.04421190037330184,-0.9689290222199973,-0.9021655236194501,0,0,0,0,61,False,False,
73,1,1399.1470879715068,874.3245762007964,2.203033292269832,101.94479370117188,6.58336877822876,0,3,0,2,2,-0.04421190037330184,-0.9689290222199973,-0.9021655236194501,0,0,0,0,61,False,False,
73,2,1399.1470879715068,874.3245762007964,2.203033292269832,101.94479370117188,6.58336877822876,0,3,0,2,2,-0.04421190037330184,-0.9689290222199973,-0.9021655236194501,0,0,0,0,61,False,False,
73,3,1399.1470879715068,874.3245762007964,2.203033292269832,101.94479370117188,6.58336877822876,0,3,0,2,2,-0.04421190037330184,-0.9689290222199973,-0.9021655236194501,0,0,0,0,61,False,False,
73,4,1399.1470879715068,874.3245762007964,2.203033292269832,101.94479370117188,6.58336877822876,0,3,0,2,2,-0.04421190037330184,-0.9689290222199973,-0.9021655236194501,0,0,0,0,61,False,False,
73,5,1399.1470879715068,874.3245762007964,2.203033292269832,101.94479370117188,6.58336877822876,0,3,0,2,2,-0.04421190037330184,-0.9689290222199973,-0.9021655236194501,0,0,0,0,61,False,False,
73,6,1399.1470879715068,874.3245762007964,2.203033292269832,101.94479370117188,6.58336877822876,0,3,0,2,2,-0.04421190037330184,-0.9689290222199973,-0.9021655236194501,0,0,0,0,61,False,False,
73,7,1399.1470879715068,874.3245762007964,2.203033292269832,101.94479370117188,6.58336877822876,0,3,0,2,2,-0.04421190037330184,-0.9689290222199973,-0.9021655236194501,0,0,0,0,61,False,False,
74,0,1396.9347352029356,874.4163898329646,2.2142571024289697,104.15910339355469,6.606936931610107,0,3,0,2,2,-0.054482612316989316,-0.974816330625974,-0.9023629398170461,0,0,0,0,62,False,False,
74,1,1396.9347352029356,874.4163898329646,2.2142571024289697,104.15910339355469,6.606936931610107,0,3,0,2,2,-0.054482612316989316,-0.974816330625974,-0.9023629398170461,0,0,0,0,62,False,False,
74,2,1396.9347352029356,874.4163898329646,2.2142571024289697,104.15910339355469,6.606936931610107,0,3,0,2,2,-0.054482612316989316,-0.974816330625974,-0.9023629398170461,0,0,0,0,62,False,False,
74,3,1396.9347352029356,874.4163898329646,2.2142571024289697,104.15910339355469,6.606936931610107,0,3,0,2,2,-0.054482612316989316,-0.974816330625974,-0.9023629398170461,0,0,0,0,62,False,False,
74,4,1396.9347352029356,874.4163898329646,2.2142571024289697,104.15910339355469,6.606936931610107,0,3,0,2,2,-0.054482612316989316,-0.974816330625974,-0.9023629398170461,0,0,0,0,62,False,False,
74,5,1396.9347352029356,874.4163898329646,2.2142571024289697,104.15910339355469,6.606936931610107,0,3,0,2,2,-0.054482612316989316,-0.974816330625974,-0.9023629398170461,0,0,0,0,62,False,False,
74,6,1396.9347352029356,874.4163898329646,2.2142571024289697,104.15910339355469,6.606936931610107,0,3,0,2,2,-0.054482612316989316,-0.974816330625974,-0.9023629398170461,0,0,0,0,62,False,False,
74,7,1396.9347352029356,874.4163898329646,2.2142571024289697,104.15910339355469,6.606936931610107,0,3,0,2,2,-0.054482612316989316,-0.974816330625974,-0.9023629398170461,0,0,0,0,62,False,False,
75,0,1394.7114380899393,874.5084326384733,2.2252015483330987,106.38427734375,6.630088806152344,0,3,0,2,2,-0.07114961162224567,-0.9807217971156658,-0.9025902142854775,0,0,0,0,63,False,False,
75,1,1394.7114380899393,874.5084326384733,2.2252015483330987,106.38427734375,6.630088806152344,0,3,0,2,2,-0.07114961162224567,-0.9807217971156658,-0.9025902142854775,0,0,0,0,63,False,False,
75,2,1394.7114380899393,874.5084326384733,2.2252015483330987,106.38427734375,6.630088806152344,0,3,0,2,2,-0.07114961162224567,-0.9807217971156658,-0.9025902142854775,0,0,0,0,63,False,False,
75,3,1394.7114380899393,874.5084326384733,2.2252015483330987,106.38427734375,6.630088806152344,0,3,0,2,2,-0.07114961162224567,-0.9807217971156658,-0.9025902142854775,0,0,0,0,63,False,False,
75,4,1394.7114380899393,874.5084326384733,2.2252015483330987,106.38427734375,6.630088806152344,0,3,0,2,2,-0.07114961162224567,-0.9807217971156658,-0.9025902142854775,0,0,0,0,63,False,False,
75,5,1394.7114380899393,874.5084326384733,2.2252015483330987,106.38427734375,6.630088806152344,0,3,0,2,2,-0.07114961162224567,-0.9807217971156658,-0.9025902142854775,0,0,0,0,63,False,False,
75,6,1394.7114380899393,874.5084326384733,2.2252015483330987,106.38427734375,6.630088806152344,0,3,0,2,2,-0.07114961162224567,-0.9807217971156658,-0.9025902142854775,0,0,0,0,63,False,False,
75,7,1394.7114380899393,874.5084326384733,2.2252015483330987,106.38427734375,6.630088806152344,0,3,0,2,2,-0.07114961162224567,-0.9807217971156658,-0.9025902142854775,0,0,0,0,63,False,False,
76,0,1392.477488916422,874.6006923695752,2.235853476380201,108.62007141113281,6.652416229248047,0,3,0,2,2,-0.10273667024973494,-0.9866302510009464,-0.9028467324217542,0,0,0,0,64,False,False,
76,1,1392.477488916422,874.6006923695752,2.235853476380201,108.62007141113281,6.652416229248047,0,3,0,2,2,-0.10273667024973494,-0.9866302510009464,-0.9028467324217542,0,0,0,0,64,False,False,
76,2,1392.477488916422,874.6006923695752,2.235853476380201,108.62007141113281,6.652416229248047,0,3,0,2,2,-0.10273667024973494,-0.9866302510009464,-0.9028467324217542,0,0,0,0,64,False,False,
76,3,1392.477488916422,874.6006923695752,2.235853476380201,108.62007141113281,6.652416229248047,0,3,0,2,2,-0.10273667024973494,-0.9866302510009464,-0.9028467324217542,0,0,0,0,64,False,False,
76,4,1392.477488916422,874.6006923695752,2.235853476380201,108.62007141113281,6.652416229248047,0,3,0,2,2,-0.10273667024973494,-0.9866302510009464,-0.9028467324217542,0,0,0,0,64,False,False,
76,5,1392.477488916422,874.6006923695752,2.235853476380201,108.62007141113281,6.652416229248047,0,3,0,2,2,-0.10273667024973494,-0.9866302510009464,-0.9028467324217542,0,0,0,0,64,False,False,
76,6,1392.477488916422,874.6006923695752,2.235853476380201,108.62007141113281,6.652416229248047,0,3,0,2,2,-0.10273667024973494,-0.9866302510009464,-0.9028467324217542,0,0,0,0,64,False,False,
76,7,1392.477488916422,874.6006923695752,2.235853476380201,108.62007141113281,6.652416229248047,0,3,0,2,2,-0.10273667024973494,-0.9866302510009464,-0.9028467324217542,0,0,0,0,64,False,False,
77,0,1390.2331697812006,874.6931499433343,2.2462227813970754,110.86636352539062,6.672558784484863,0,3,0,2,2,-0.18433556130758005,-0.9924808389351328,-0.9031325013724227,0,0,0,0,65,False,False,
77,1,1390.2331697812006,874.6931499433343,2.2462227813970754,110.86636352539062,6.672558784484863,0,3,0,2,2,-0.18433556130758005,-0.9924808389351328,-0.9031325013724227,0,0,0,0,65,False,False,
77,2,1390.2331697812006,874.6931499433343,2.2462227813970754,110.86636352539062,6.672558784484863,0,3,0,2,2,-0.18433556130758005,-0.9924808389351328,-0.9031325013724227,0,0,0,0,65,False,False,
77,3,1390.2331697812006,874.6931499433343,2.2462227813970754,110.86636352539062,6.672558784484863,0,3,0,2,2,-0.18433556130758005,-0.9924808389351328,-0.9031325013724227,0,0,0,0,65,False,False,
77,4,1390.2331697812006,874.6931499433343,2.2462227813970754,110.86636352539062,6.672558784484863,0,3,0,2,2,-0.18433556130758005,-0.9924808389351328,-0.9031325013724227,0,0,0,0,65,False,False,
77,5,1390.2331697812006,874.6931499433343,2.2462227813970754,110.86636352539062,6.672558784484863,0,3,0,2,2,-0.18433556130758005,-0.9924808389351328,-0.9031325013724227,0,0,0,0,65,False,False,
77,6,1390.2331697812006,874.6931499433343,2.2462227813970754,110.86636352539062,6.672558784484863,0,3,0,2,2,-0.18433556130758005,-0.9924808389351328,-0.9031325013724227,0,0,0,0,65,False,False,
77,7,1390.2331697812006,874.6931499433343,2.2462227813970754,110.86636352539062,6.672558784484863,0,3,0,2,2,-0.18433556130758005,-0.9924808389351328,-0.9031325013724227,0,0,0,0,65,False,False,
78,0,1387.9787652364366,874.7857680911918,2.2563062675011274,113.1226577758789,9.197127342224121,0,4,1,3,3,-0.022400962227844604,-0.9027216297655822,-0.9034475139909368,0,0,0,0,66,False,False,
78,1,1387.9787652364366,874.7857680911918,2.2563062675011274,113.1226577758789,9.197127342224121,0,4,1,3,3,-0.022400962227844604,-0.9027216297655822,-0.9034475139909368,0,0,0,0,66,False,False,
78,2,1387.9787652364366,874.7857680911918,2.2563062675011274,113.1226577758789,9.197127342224121,0,4,1,3,3,-0.022400962227844604,-0.9027216297655822,-0.9034475139909368,0,0,0,0,66,False,False,
78,3,1387.9787652364366,874.7857680911918,2.2563062675011274,113.1226577758789,9.197127342224121,0,4,1,3,3,-0.022400962227844604,-0.9027216297655822,-0.9034475139909368,0,0,0,0,66,False,False,
78,4,1387.9787652364366,874.7857680911918,2.2563062675011274,113.1226577758789,9.197127342224121,0,4,1,3,3,-0.022400962227844604,-0.9027216297655822,-0.9034475139909368,0,0,0,0,66,False,False,
78,5,1387.9787652364366,874.7857680911918,2.2563062675011274,113.1226577758789,9.197127342224121,0,4,1,3,3,-0.022400962227844604,-0.9027216297655822,-0.9034475139909368,0,0,0,0,66,False,False,
78,6,1387.9787652364366,874.7857680911918,2.2563062675011274,113.1226577758789,9.197127342224121,0,4,1,3,3,-0.022400962227844604,-0.9027216297655822,-0.9034475139909368,0,0,0,0,66,False,False,
78,7,1387.9787652364366,874.7857680911918,2.2563062675011274,113.1226577758789,9.197127342224121,0,4,1,3,3,-0.022400962227844604,-0.9027216297655822,-0.9034475139909368,0,0,0,0,66,False,False,
79,0,1385.7145698647726,874.8784725371931,2.2660924066272585,115.38871765136719,9.221686363220215,0,4,0,3,3,-0.023789901416079968,-0.9087604922305709,-0.900655765667831,0,0,0,0,67,False,False,
79,1,1385.7145698647726,874.8784725371931,2.2660924066272585,115.38871765136719,9.221686363220215,0,4,0,3,3,-0.023789901416079968,-0.9087604922305709,-0.900655765667831,0,0,0,0,67,False,False,
79,2,1385.7145698647726,874.8784725371931,2.2660924066272585,115.38871765136719,9.221686363220215,0,4,0,3,3,-0.023789901416079968,-0.9087604922305709,-0.900655765667831,0,0,0,0,67,False,False,
79,3,1385.7145698647726,874.8784725371931,2.2660924066272585,115.38871765136719,9.221686363220215,0,4,0,3,3,-0.023789901416079968,-0.9087604922305709,-0.900655765667831,0,0,0,0,67,False,False,
79,4,1385.7145698647726,874.8784725371931,2.2660924066272585,115.38871765136719,9.221686363220215,0,4,0,3,3,-0.023789901416079968,-0.9087604922305709,-0.900655765667831,0,0,0,0,67,False,False,
79,5,1385.7145698647726,874.8784725371931,2.2660924066272585,115.38871765136719,9.221686363220215,0,4,0,3,3,-0.023789901416079968,-0.9087604922305709,-0.900655765667831,0,0,0,0,67,False,False,
79,6,1385.7145698647726,874.8784725371931,2.2660924066272585,115.38871765136719,9.221686363220215,0,4,0,3,3,-0.023789901416079968,-0.9087604922305709,-0.900655765667831,0,0,0,0,67,False,False,
79,7,1385.7145698647726,874.8784725371931,2.2660924066272585,115.38871765136719,9.221686363220215,0,4,0,3,3,-0.023789901416079968,-0.9087604922305709,-0.900655765667831,0,0,0,0,67,False,False,
80,0,1383.4408186261214,874.9712434661113,2.2756430169338646,117.66441345214844,9.246232986450195,0,4,0,3,3,-0.02538723920847335,-0.9148245097727592,-0.8971050326780122,0,0,0,0,68,False,False,
80,1,1383.4408186261214,874.9712434661113,2.2756430169338646,117.66441345214844,9.246232986450195,0,4,0,3,3,-0.02538723920847335,-0.9148245097727592,-0.8971050326780122,0,0,0,0,68,False,False,
80,2,1383.4408186261214,874.9712434661113,2.2756430169338646,117.66441345214844,9.246232986450195,0,4,0,3,3,-0.02538723920847335,-0.9148245097727592,-0.8971050326780122,0,0,0,0,68,False,False,
80,3,1383.4408186261214,874.9712434661113,2.2756430169338646,117.66441345214844,9.246232986450195,0,4,0,3,3,-0.02538723920847335,-0.9148245097727592,-0.8971050326780122,0,0,0,0,68,False,False,
80,4,1383.4408186261214,874.9712434661113,2.2756430169338646,117.66441345214844,9.246232986450195,0,4,0,3,3,-0.02538723920847335,-0.9148245097727592,-0.8971050326780122,0,0,0,0,68,False,False,
80,5,1383.4408186261214,874.9712434661113,2.2756430169338646,117.66441345214844,9.246232986450195,0,4,0,3,3,-0.02538723920847335,-0.9148245097727592,-0.8971050326780122,0,0,0,0,68,False,False,
80,6,1383.4408186261214,874.9712434661113,2.2756430169338646,117.66441345214844,9.246232986450195,0,4,0,3,3,-0.02538723920847335,-0.9148245097727592,-0.8971050326780122,0,0,0,0,68,False,False,
80,7,1383.4408186261214,874.9712434661113,2.2756430169338646,117.66441345214844,9.246232986450195,0,4,0,3,3,-0.02538723920847335,-0.9148245097727592,-0.8971050326780122,0,0,0,0,68,False,False,
81,0,1381.1577812961148,875.0640340124228,2.2849222165511285,119.94925689697266,9.270757675170898,0,4,0,3,3,-0.027234544105270844,-0.9209122506024022,-0.8935908685660929,0,0,0,0,69,False,False,
81,1,1381.1577812961148,875.0640340124228,2.2849222165511285,119.94925689697266,9.270757675170898,0,4,0,3,3,-0.027234544105270844,-0.9209122506024022,-0.8935908685660929,0,0,0,0,69,False,False,
81,2,1381.1577812961148,875.0640340124228,2.2849222165511285,119.94925689697266,9.270757675170898,0,4,0,3,3,-0.027234544105270844,-0.9209122506024022,-0.8935908685660929,0,0,0,0,69,False,False,
81,3,1381.1577812961148,875.0640340124228,2.2849222165511285,119.94925689697266,9.270757675170898,0,4,0,3,3,-0.027234544105270844,-0.9209122506024022,-0.8935908685660929,0,0,0,0,69,False,False,
81,4,1381.1577812961148,875.0640340124228,2.2849222165511285,119.94925689697266,9.270757675170898,0,4,0,3,3,-0.027234544105270844,-0.9209122506024022,-0.8935908685660929,0,0,0,0,69,False,False,
81,5,1381.1577812961148,875.0640340124228,2.2849222165511285,119.94925689697266,9.270757675170898,0,4,0,3,3,-0.027234544105270844,-0.9209122506024022,-0.8935908685660929,0,0,0,0,69,False,False,
81,6,1381.1577812961148,875.0640340124228,2.2849222165511285,119.94925689697266,9.270757675170898,0,4,0,3,3,-0.027234544105270844,-0.9209122506024022,-0.8935908685660929,0,0,0,0,69,False,False,
81,7,1381.1577812961148,875.0640340124228,2.2849222165511285,119.94925689697266,9.270757675170898,0,4,0,3,3,-0.027234544105270844,-0.9209122506024022,-0.8935908685660929,0,0,0,0,69,False,False,
82,0,1378.8657080051332,875.1568003927922,2.293949775508903,122.24324798583984,9.295252799987793,0,4,0,3,3,-0.02939930789400983,-0.9270235416943222,-0.890099058851295,0,0,0,0,70,False,False,
82,1,1378.8657080051332,875.1568003927922,2.293949775508903,122.24324798583984,9.295252799987793,0,4,0,3,3,-0.02939930789400983,-0.9270235416943222,-0.890099058851295,0,0,0,0,70,False,False,
82,2,1378.8657080051332,875.1568003927922,2.293949775508903,122.24324798583984,9.295252799987793,0,4,0,3,3,-0.02939930789400983,-0.9270235416943222,-0.890099058851295,0,0,0,0,70,False,False,
82,3,1378.8657080051332,875.1568003927922,2.293949775508903,122.24324798583984,9.295252799987793,0,4,0,3,3,-0.02939930789400983,-0.9270235416943222,-0.890099058851295,0,0,0,0,70,False,False,
82,4,1378.8657080051332,875.1568003927922,2.293949775508903,122.24324798583984,9.295252799987793,0,4,0,3,3,-0.02939930789400983,-0.9270235416943222,-0.890099058851295,0,0,0,0,70,False,False,
82,5,1378.8657080051332,875.1568003927922,2.293949775508903,122.24324798583984,9.295252799987793,0,4,0,3,3,-0.02939930789400983,-0.9270235416943222,-0.890099058851295,0,0,0,0,70,False,False,
82,6,1378.8657080051332,875.1568003927922,2.293949775508903,122.24324798583984,9.295252799987793,0,4,0,3,3,-0.02939930789400983,-0.9270235416943222,-0.890099058851295,0,0,0,0,70,False,False,
82,7,1378.8657080051332,875.1568003927922,2.293949775508903,122.24324798583984,9.295252799987793,0,4,0,3,3,-0.02939930789400983,-0.9270235416943222,-0.890099058851295,0,0,0,0,70,False,False,
83,0,1376.5648357049,875.2495111183804,2.3027393731424395,124.5460205078125,9.319705963134766,0,4,0,3,3,-0.03197503881559038,-0.9331571701142459,-0.8866507358713064,0,0,0,0,71,False,False,
83,1,1376.5648357049,875.2495111183804,2.3027393731424395,124.5460205078125,9.319705963134766,0,4,0,3,3,-0.03197503881559038,-0.9331571701142459,-0.8866507358713064,0,0,0,0,71,False,False,
83,2,1376.5648357049,875.2495111183804,2.3027393731424395,124.5460205078125,9.319705963134766,0,4,0,3,3,-0.03197503881559038,-0.9331571701142459,-0.8866507358713064,0,0,0,0,71,False,False,
83,3,1376.5648357049,875.2495111183804,2.3027393731424395,124.5460205078125,9.319705963134766,0,4,0,3,3,-0.03197503881559038,-0.9331571701142459,-0.8866507358713064,0,0,0,0,71,False,False,
83,4,1376.5648357049,875.2495111183804,2.3027393731424395,124.5460205078125,9.319705963134766,0,4,0,3,3,-0.03197503881559038,-0.9331571701142459,-0.8866507358713064,0,0,0,0,71,False,False,
83,5,1376.5648357049,875.2495111183804,2.3027393731424395,124.5460205078125,9.319705963134766,0,4,0,3,3,-0.03197503881559038,-0.9331571701142459,-0.8866507358713064,0,0,0,0,71,False,False,
83,6,1376.5648357049,875.2495111183804,2.3027393731424395,124.5460205078125,9.319705963134766,0,4,0,3,3,-0.03197503881559038,-0.9331571701142459,-0.8866507358713064,0,0,0,0,71,False,False,
83,7,1376.5648357049,875.2495111183804,2.3027393731424395,124.5460205078125,9.319705963134766,0,4,0,3,3,-0.03197503881559038,-0.9331571701142459,-0.8866507358713064,0,0,0,0,71,False,False,
84,0,1374.2553990936055,875.3421369328757,2.3112933615397755,126.85733032226562,9.344099998474121,0,4,0,3,3,-0.035091439631705475,-0.9393121508516594,-0.883231670852256,0,0,0,0,72,False,False,
84,1,1374.2553990936055,875.3421369328757,2.3112933615397755,126.85733032226562,9.344099998474121,0,4,0,3,3,-0.035091439631705475,-0.9393121508516594,-0.883231670852256,0,0,0,0,72,False,False,
84,2,1374.2553990936055,875.3421369328757,2.3112933615397755,126.85733032226562,9.344099998474121,0,4,0,3,3,-0.035091439631705475,-0.9393121508516594,-0.883231670852256,0,0,0,0,72,False,False,
84,3,1374.2553990936055,875.3421369328757,2.3112933615397755,126.85733032226562,9.344099998474121,0,4,0,3,3,-0.035091439631705475,-0.9393121508516594,-0.883231670852256,0,0,0,0,72,False,False,
84,4,1374.2553990936055,875.3421369328757,2.3112933615397755,126.85733032226562,9.344099998474121,0,4,0,3,3,-0.035091439631705475,-0.9393121508516594,-0.883231670852256,0,0,0,0,72,False,False,
84,5,1374.2553990936055,875.3421369328757,2.3112933615397755,126.85733032226562,9.344099998474121,0,4,0,3,3,-0.035091439631705475,-0.9393121508516594,-0.883231670852256,0,0,0,0,72,False,False,
84,6,1374.2553990936055,875.3421369328757,2.3112933615397755,126.85733032226562,9.344099998474121,0,4,0,3,3,-0.035091439631705475,-0.9393121508516594,-0.883231670852256,0,0,0,0,72,False,False,
84,7,1374.2553990936055,875.3421369328757,2.3112933615397755,126.85733032226562,9.344099998474121,0,4,0,3,3,-0.035091439631705475,-0.9393121508516594,-0.883231670852256,0,0,0,0,72,False,False,
85,0,1371.9377282527246,875.4344926082892,2.319510227925487,129.1768035888672,9.368402481079102,0,4,0,3,3,-0.0388875058561502,-0.9454870333797505,-0.8798788471717343,0,0,0,0,73,False,False,
85,1,1371.9377282527246,875.4344926082892,2.319510227925487,129.1768035888672,9.368402481079102,0,4,0,3,3,-0.0388875058561502,-0.9454870333797505,-0.8798788471717343,0,0,0,0,73,False,False,
85,2,1371.9377282527246,875.4344926082892,2.319510227925487,129.1768035888672,9.368402481079102,0,4,0,3,3,-0.0388875058561502,-0.9454870333797505,-0.8798788471717343,0,0,0,0,73,False,False,
85,3,1371.9377282527246,875.4344926082892,2.319510227925487,129.1768035888672,9.368402481079102,0,4,0,3,3,-0.0388875058561502,-0.9454870333797505,-0.8798788471717343,0,0,0,0,73,False,False,
85,4,1371.9377282527246,875.4344926082892,2.319510227925487,129.1768035888672,9.368402481079102,0,4,0,3,3,-0.0388875058561502,-0.9454870333797505,-0.8798788471717343,0,0,0,0,73,False,False,
85,5,1371.9377282527246,875.4344926082892,2.319510227925487,129.1768035888672,9.368402481079102,0,4,0,3,3,-0.0388875058561502,-0.9454870333797505,-0.8798788471717343,0,0,0,0,73,False,False,
85,6,1371.9377282527246,875.4344926082892,2.319510227925487,129.1768035888672,9.368402481079102,0,4,0,3,3,-0.0388875058561502,-0.9454870333797505,-0.8798788471717343,0,0,0,0,73,False,False,
85,7,1371.9377282527246,875.4344926082892,2.319510227925487,129.1768035888672,9.368402481079102,0,4,0,3,3,-0.0388875058561502,-0.9454870333797505,-0.8798788471717343,0,0,0,0,73,False,False,
86,0,1369.6119864566876,875.5265411270174,2.327562637531548,131.50442504882812,9.39260482788086,0,4,0,3,3,-0.04368567763992183,-0.9516810912124826,-0.8765918646231432,0,0,0,0,74,False,False,
86,1,1369.6119864566876,875.5265411270174,2.327562637531548,131.50442504882812,9.39260482788086,0,4,0,3,3,-0.04368567763992183,-0.9516810912124826,-0.8765918646231432,0,0,0,0,74,False,False,
86,2,1369.6119864566876,875.5265411270174,2.327562637531548,131.50442504882812,9.39260482788086,0,4,0,3,3,-0.04368567763992183,-0.9516810912124826,-0.8765918646231432,0,0,0,0,74,False,False,
86,3,1369.6119864566876,875.5265411270174,2.327562637531548,131.50442504882812,9.39260482788086,0,4,0,3,3,-0.04368567763992183,-0.9516810912124826,-0.8765918646231432,0,0,0,0,74,False,False,
86,4,1369.6119864566876,875.5265411270174,2.327562637531548,131.50442504882812,9.39260482788086,0,4,0,3,3,-0.04368567763992183,-0.9516810912124826,-0.8765918646231432,0,0,0,0,74,False,False,
86,5,1369.6119864566876,875.5265411270174,2.327562637531548,131.50442504882812,9.39260482788086,0,4,0,3,3,-0.04368567763992183,-0.9516810912124826,-0.8765918646231432,0,0,0,0,74,False,False,
86,6,1369.6119864566876,875.5265411270174,2.327562637531548,131.50442504882812,9.39260482788086,0,4,0,3,3,-0.04368567763992183,-0.9516810912124826,-0.8765918646231432,0,0,0,0,74,False,False,
86,7,1369.6119864566876,875.5265411270174,2.327562637531548,131.50442504882812,9.39260482788086,0,4,0,3,3,-0.04368567763992183,-0.9516810912124826,-0.8765918646231432,0,0,0,0,74,False,False,
87,0,1367.2783721757753,875.6182759261487,2.3354166406553194,133.83984375,9.416664123535156,0,4,0,3,3,-0.04994645895245766,-0.9578921875075997,-0.8733634122895213,0,0,0,0,75,False,False,
87,1,1367.2783721757753,875.6182759261487,2.3354166406553194,133.83984375,9.416664123535156,0,4,0,3,3,-0.04994645895245766,-0.9578921875075997,-0.8733634122895213,0,0,0,0,75,False,False,
87,2,1367.2783721757753,875.6182759261487,2.3354166406553194,133.83984375,9.416664123535156,0,4,0,3,3,-0.04994645895245766,-0.9578921875075997,-0.8733634122895213,0,0,0,0,75,False,False,
87,3,1367.2783721757753,875.6182759261487,2.3354166406553194,133.83984375,9.416664123535156,0,4,0,3,3,-0.04994645895245766,-0.9578921875075997,-0.8733634122895213,0,0,0,0,75,False,False,
87,4,1367.2783721757753,875.6182759261487,2.3354166406553194,133.83984375,9.416664123535156,0,4,0,3,3,-0.04994645895245766,-0.9578921875075997,-0.8733634122895213,0,0,0,0,75,False,False,
87,5,1367.2783721757753,875.6182759261487,2.3354166406553194,133.83984375,9.416664123535156,0,4,0,3,3,-0.04994645895245766,-0.9578921875075997,-0.8733634122895213,0,0,0,0,75,False,False,
87,6,1367.2783721757753,875.6182759261487,2.3354166406553194,133.83984375,9.416664123535156,0,4,0,3,3,-0.04994645895245766,-0.9578921875075997,-0.8733634122895213,0,0,0,0,75,False,False,
87,7,1367.2783721757753,875.6182759261487,2.3354166406553194,133.83984375,9.416664123535156,0,4,0,3,3,-0.04994645895245766,-0.9578921875075997,-0.8733634122895213,0,0,0,0,75,False,False,
88,0,1364.9370797946365,875.7097101168197,2.343077084776027,136.1828155517578,9.440512657165527,0,4,0,3,3,-0.05844269867077148,-0.9641176973465817,-0.8702007939412837,0,0,0,0,76,False,False,
88,1,1364.9370797946365,875.7097101168197,2.343077084776027,136.1828155517578,9.440512657165527,0,4,0,3,3,-0.05844269867077148,-0.9641176973465817,-0.8702007939412837,0,0,0,0,76,False,False,
88,2,1364.9370797946365,875.7097101168197,2.343077084776027,136.1828155517578,9.440512657165527,0,4,0,3,3,-0.05844269867077148,-0.9641176973465817,-0.8702007939412837,0,0,0,0,76,False,False,
88,3,1364.9370797946365,875.7097101168197,2.343077084776027,136.1828155517578,9.440512657165527,0,4,0,3,3,-0.05844269867077148,-0.9641176973465817,-0.8702007939412837,0,0,0,0,76,False,False,
88,4,1364.9370797946365,875.7097101168197,2.343077084776027,136.1828155517578,9.440512657165527,0,4,0,3,3,-0.05844269867077148,-0.9641176973465817,-0.8702007939412837,0,0,0,0,76,False,False,
88,5,1364.9370797946365,875.7097101168197,2.343077084776027,136.1828155517578,9.440512657165527,0,4,0,3,3,-0.05844269867077148,-0.9641176973465817,-0.8702007939412837,0,0,0,0,76,False,False,
88,6,1364.9370797946365,875.7097101168197,2.343077084776027,136.1828155517578,9.440512657165527,0,4,0,3,3,-0.05844269867077148,-0.9641176973465817,-0.8702007939412837,0,0,0,0,76,False,False,
88,7,1364.9370797946365,875.7097101168197,2.343077084776027,136.1828155517578,9.440512657165527,0,4,0,3,3,-0.05844269867077148,-0.9641176973465817,-0.8702007939412837,0,0,0,0,76,False,False,
89,0,1362.5882995665115,875.8008687533442,2.350548543860307,138.53346252441406,9.46405029296875,0,4,0,3,3,-0.070595248110769,-0.9703542949829412,-0.8671039952853375,0,0,0,0,77,False,False,
89,1,1362.5882995665115,875.8008687533442,2.350548543860307,138.53346252441406,9.46405029296875,0,4,0,3,3,-0.070595248110769,-0.9703542949829412,-0.8671039952853375,0,0,0,0,77,False,False,
89,2,1362.5882995665115,875.8008687533442,2.350548543860307,138.53346252441406,9.46405029296875,0,4,0,3,3,-0.070595248110769,-0.9703542949829412,-0.8671039952853375,0,0,0,0,77,False,False,
89,3,1362.5882995665115,875.8008687533442,2.350548543860307,138.53346252441406,9.46405029296875,0,4,0,3,3,-0.070595248110769,-0.9703542949829412,-0.8671039952853375,0,0,0,0,77,False,False,
89,4,1362.5882995665115,875.8008687533442,2.350548543860307,138.53346252441406,9.46405029296875,0,4,0,3,3,-0.070595248110769,-0.9703542949829412,-0.8671039952853375,0,0,0,0,77,False,False,
89,5,1362.5882995665115,875.8008687533442,2.350548543860307,138.53346252441406,9.46405029296875,0,4,0,3,3,-0.070595248110769,-0.9703542949829412,-0.8671039952853375,0,0,0,0,77,False,False,
89,6,1362.5882995665115,875.8008687533442,2.350548543860307,138.53346252441406,9.46405029296875,0,4,0,3,3,-0.070595248110769,-0.9703542949829412,-0.8671039952853375,0,0,0,0,77,False,False,
89,7,1362.5882995665115,875.8008687533442,2.350548543860307,138.53346252441406,9.46405029296875,0,4,0,3,3,-0.070595248110769,-0.9703542949829412,-0.8671039952853375,0,0,0,0,77,False,False,
90,0,1360.232217614295,875.89178398725,2.35783539402489,140.89129638671875,9.487093925476074,0,4,0,3,3,-0.0893443313365348,-0.9765930748513293,-0.864043801240023,0,0,0,0,78,False,False,
90,1,1360.232217614295,875.89178398725,2.35783539402489,140.89129638671875,9.487093925476074,0,4,0,3,3,-0.0893443313365348,-0.9765930748513293,-0.864043801240023,0,0,0,0,78,False,False,
90,2,1360.232217614295,875.89178398725,2.35783539402489,140.89129638671875,9.487093925476074,0,4,0,3,3,-0.0893443313365348,-0.9765930748513293,-0.864043801240023,0,0,0,0,78,False,False,
90,3,1360.232217614295,875.89178398725,2.35783539402489,140.89129638671875,9.487093925476074,0,4,0,3,3,-0.0893443313365348,-0.9765930748513293,-0.864043801240023,0,0,0,0,78,False,False,
90,4,1360.232217614295,875.89178398725,2.35783539402489,140.89129638671875,9.487093925476074,0,4,0,3,3,-0.0893443313365348,-0.9765930748513293,-0.864043801240023,0,0,0,0,78,False,False,
90,5,1360.232217614295,875.89178398725,2.35783539402489,140.89129638671875,9.487093925476074,0,4,0,3,3,-0.0893443313365348,-0.9765930748513293,-0.864043801240023,0,0,0,0,78,False,False,
90,6,1360.232217614295,875.89178398725,2.35783539402489,140.89129638671875,9.487093925476074,0,4,0,3,3,-0.0893443313365348,-0.9765930748513293,-0.864043801240023,0,0,0,0,78,False,False,
90,7,1360.232217614295,875.89178398725,2.35783539402489,140.89129638671875,9.487093925476074,0,4,0,3,3,-0.0893443313365348,-0.9765930748513293,-0.864043801240023,0,0,0,0,78,False,False,
91,0,1357.8690261261847,875.9824756311808,2.3649310737852915,143.25619506835938,9.50926399230957,0,4,0,3,3,-0.12185617483268439,-0.9828150618880725,-0.8610421088234921,0,0,0,0,79,False,False,
91,1,1357.8690261261847,875.9824756311808,2.3649310737852915,143.25619506835938,9.50926399230957,0,4,0,3,3,-0.12185617483268439,-0.9828150618880725,-0.8610421088234921,0,0,0,0,79,False,False,
91,2,1357.8690261261847,875.9824756311808,2.3649310737852915,143.25619506835938,9.50926399230957,0,4,0,3,3,-0.12185617483268439,-0.9828150618880725,-0.8610421088234921,0,0,0,0,79,False,False,
91,3,1357.8690261261847,875.9824756311808,2.3649310737852915,143.25619506835938,9.50926399230957,0,4,0,3,3,-0.12185617483268439,-0.9828150618880725,-0.8610421088234921,0,0,0,0,79,False,False,
91,4,1357.8690261261847,875.9824756311808,2.3649310737852915,143.25619506835938,9.50926399230957,0,4,0,3,3,-0.12185617483268439,-0.9828150618880725,-0.8610421088234921,0,0,0,0,79,False,False,
91,5,1357.8690261261847,875.9824756311808,2.3649310737852915,143.25619506835938,9.50926399230957,0,4,0,3,3,-0.12185617483268439,-0.9828150618880725,-0.8610421088234921,0,0,0,0,79,False,False,
91,6,1357.8690261261847,875.9824756311808,2.3649310737852915,143.25619506835938,9.50926399230957,0,4,0,3,3,-0.12185617483268439,-0.9828150618880725,-0.8610421088234921,0,0,0,0,79,False,False,
91,7,1357.8690261261847,875.9824756311808,2.3649310737852915,143.25619506835938,9.50926399230957,0,4,0,3,3,-0.12185617483268439,-0.9828150618880725,-0.8610421088234921,0,0,0,0,79,False,False,
92,0,1355.4989028390582,876.0729716043838,2.371850315122288,145.62803649902344,9.529542922973633,0,4,0,3,3,-0.19118439633565712,-0.9889590541619043,-0.858084710701513,0,0,0,0,80,False,False,
92,1,1355.4989028390582,876.0729716043838,2.371850315122288,145.62803649902344,9.529542922973633,0,4,0,3,3,-0.19118439633565712,-0.9889590541619043,-0.858084710701513,0,0,0,0,80,False,False,
92,2,1355.4989028390582,876.0729716043838,2.371850315122288,145.62803649902344,9.529542922973633,0,4,0,3,3,-0.19118439633565712,-0.9889590541619043,-0.858084710701513,0,0,0,0,80,False,False,
92,3,1355.4989028390582,876.0729716043838,2.371850315122288,145.62803649902344,9.529542922973633,0,4,0,3,3,-0.19118439633565712,-0.9889590541619043,-0.858084710701513,0,0,0,0,80,False,False,
92,4,1355.4989028390582,876.0729716043838,2.371850315122288,145.62803649902344,9.529542922973633,0,4,0,3,3,-0.19118439633565712,-0.9889590541619043,-0.858084710701513,0,0,0,0,80,False,False,
92,5,1355.4989028390582,876.0729716043838,2.371850315122288,145.62803649902344,9.529542922973633,0,4,0,3,3,-0.19118439633565712,-0.9889590541619043,-0.858084710701513,0,0,0,0,80,False,False,
92,6,1355.4989028390582,876.0729716043838,2.371850315122288,145.62803649902344,9.529542922973633,0,4,0,3,3,-0.19118439633565712,-0.9889590541619043,-0.858084710701513,0,0,0,0,80,False,False,
92,7,1355.4989028390582,876.0729716043838,2.371850315122288,145.62803649902344,9.529542922973633,0,4,0,3,3,-0.19118439633565712,-0.9889590541619043,-0.858084710701513,0,0,0,0,80,False,False,
93,0,1353.1220373297044,876.1632785113759,2.3785804562818837,148.00657653808594,9.543525695800781,0,4,0,3,3,-0.42024539771593683,-0.9946771389714689,-0.8551781245243973,0,0,0,0,81,False,False,
93,1,1353.1220373297044,876.1632785113759,2.3785804562818837,148.00657653808594,9.543525695800781,0,4,0,3,3,-0.42024539771593683,-0.9946771389714689,-0.8551781245243973,0,0,0,0,81,False,False,
93,2,1353.1220373297044,876.1632785113759,2.3785804562818837,148.00657653808594,9.543525695800781,0,4,0,3,3,-0.42024539771593683,-0.9946771389714689,-0.8551781245243973,0,0,0,0,81,False,False,
93,3,1353.1220373297044,876.1632785113759,2.3785804562818837,148.00657653808594,9.543525695800781,0,4,0,3,3,-0.42024539771593683,-0.9946771389714689,-0.8551781245243973,0,0,0,0,81,False,False,
93,4,1353.1220373297044,876.1632785113759,2.3785804562818837,148.00657653808594,9.543525695800781,0,4,0,3,3,-0.42024539771593683,-0.9946771389714689,-0.8551781245243973,0,0,0,0,81,False,False,
93,5,1353.1220373297044,876.1632785113759,2.3785804562818837,148.00657653808594,9.543525695800781,0,4,0,3,3,-0.42024539771593683,-0.9946771389714689,-0.8551781245243973,0,0,0,0,81,False,False,
93,6,1353.1220373297044,876.1632785113759,2.3785804562818837,148.00657653808594,9.543525695800781,0,4,0,3,3,-0.42024539771593683,-0.9946771389714689,-0.8551781245243973,0,0,0,0,81,False,False,
93,7,1353.1220373297044,876.1632785113759,2.3785804562818837,148.00657653808594,9.543525695800781,0,4,0,3,3,-0.42024539771593683,-0.9946771389714689,-0.8551781245243973,0,0,0,0,81,False,False,
94,0,1350.7386137404922,876.253390727038,2.385126457239833,150.39170837402344,12.068574905395508,0,5,1,4,4,-0.01953900975724739,-0.9073612730805788,-0.8537058787948019,0,0,0,0,82,False,False,
94,1,1350.7386137404922,876.253390727038,2.385126457239833,150.39170837402344,12.068574905395508,0,5,1,4,4,-0.01953900975724739,-0.9073612730805788,-0.8537058787948019,0,0,0,0,82,False,False,
94,2,1350.7386137404922,876.253390727038,2.385126457239833,150.39170837402344,12.068574905395508,0,5,1,4,4,-0.01953900975724739,-0.9073612730805788,-0.8537058787948019,0,0,0,0,82,False,False,
94,3,1350.7386137404922,876.253390727038,2.385126457239833,150.39170837402344,12.068574905395508,0,5,1,4,4,-0.01953900975724739,-0.9073612730805788,-0.8537058787948019,0,0,0,0,82,False,False,
94,4,1350.7386137404922,876.253390727038,2.385126457239833,150.39170837402344,12.068574905395508,0,5,1,4,4,-0.01953900975724739,-0.9073612730805788,-0.8537058787948019,0,0,0,0,82,False,False,
94,5,1350.7386137404922,876.253390727038,2.385126457239833,150.39170837402344,12.068574905395508,0,5,1,4,4,-0.01953900975724739,-0.9073612730805788,-0.8537058787948019,0,0,0,0,82,False,False,
94,6,1350.7386137404922,876.253390727038,2.385126457239833,150.39170837402344,12.068574905395508,0,5,1,4,4,-0.01953900975724739,-0.9073612730805788,-0.8537058787948019,0,0,0,0,82,False,False,
94,7,1350.7386137404922,876.253390727038,2.385126457239833,150.39170837402344,12.068574905395508,0,5,1,4,4,-0.01953900975724739,-0.9073612730805788,-0.8537058787948019,0,0,0,0,82,False,False,
95,0,1348.3487411963094,876.3434106281035,2.3915673438200917,152.78329467773438,12.093599319458008,0,5,0,4,4,-0.020886213074126025,-0.913735642643756,-0.8550244166045489,0,0,0,0,83,False,False,
95,1,1348.3487411963094,876.3434106281035,2.3915673438200917,152.78329467773438,12.093599319458008,0,5,0,4,4,-0.020886213074126025,-0.913735642643756,-0.8550244166045489,0,0,0,0,83,False,False,
95,2,1348.3487411963094,876.3434106281035,2.3915673438200917,152.78329467773438,12.093599319458008,0,5,0,4,4,-0.020886213074126025,-0.913735642643756,-0.8550244166045489,0,0,0,0,83,False,False,
95,3,1348.3487411963094,876.3434106281035,2.3915673438200917,152.78329467773438,12.093599319458008,0,5,0,4,4,-0.020886213074126025,-0.913735642643756,-0.8550244166045489,0,0,0,0,83,False,False,
95,4,1348.3487411963094,876.3434106281035,2.3915673438200917,152.78329467773438,12.093599319458008,0,5,0,4,4,-0.020886213074126025,-0.913735642643756,-0.8550244166045489,0,0,0,0,83,False,False,
95,5,1348.3487411963094,876.3434106281035,2.3915673438200917,152.78329467773438,12.093599319458008,0,5,0,4,4,-0.020886213074126025,-0.913735642643756,-0.8550244166045489,0,0,0,0,83,False,False,
95,6,1348.3487411963094,876.3434106281035,2.3915673438200917,152.78329467773438,12.093599319458008,0,5,0,4,4,-0.020886213074126025,-0.913735642643756,-0.8550244166045489,0,0,0,0,83,False,False,
95,7,1348.3487411963094,876.3434106281035,2.3915673438200917,152.78329467773438,12.093599319458008,0,5,0,4,4,-0.020886213074126025,-0.913735642643756,-0.8550244166045489,0,0,0,0,83,False,False,
96,0,1345.952607472089,876.4333747817851,2.3978220061744175,155.1811065673828,12.118606567382812,0,5,0,4,4,-0.02247441690727246,-0.9201261043369551,-0.8563722266683269,0,0,0,0,84,False,False,
96,1,1345.952607472089,876.4333747817851,2.3978220061744175,155.1811065673828,12.118606567382812,0,5,0,4,4,-0.02247441690727246,-0.9201261043369551,-0.8563722266683269,0,0,0,0,84,False,False,
96,2,1345.952607472089,876.4333747817851,2.3978220061744175,155.1811065673828,12.118606567382812,0,5,0,4,4,-0.02247441690727246,-0.9201261043369551,-0.8563722266683269,0,0,0,0,84,False,False,
96,3,1345.952607472089,876.4333747817851,2.3978220061744175,155.1811065673828,12.118606567382812,0,5,0,4,4,-0.02247441690727246,-0.9201261043369551,-0.8563722266683269,0,0,0,0,84,False,False,
96,4,1345.952607472089,876.4333747817851,2.3978220061744175,155.1811065673828,12.118606567382812,0,5,0,4,4,-0.02247441690727246,-0.9201261043369551,-0.8563722266683269,0,0,0,0,84,False,False,
96,5,1345.952607472089,876.4333747817851,2.3978220061744175,155.1811065673828,12.118606567382812,0,5,0,4,4,-0.02247441690727246,-0.9201261043369551,-0.8563722266683269,0,0,0,0,84,False,False,
96,6,1345.952607472089,876.4333747817851,2.3978220061744175,155.1811065673828,12.118606567382812,0,5,0,4,4,-0.02247441690727246,-0.9201261043369551,-0.8563722266683269,0,0,0,0,84,False,False,
96,7,1345.952607472089,876.4333747817851,2.3978220061744175,155.1811065673828,12.118606567382812,0,5,0,4,4,-0.02247441690727246,-0.9201261043369551,-0.8563722266683269,0,0,0,0,84,False,False,
97,0,1343.550371919314,876.5233187609274,2.4039187944687814,157.5850067138672,12.143580436706543,0,5,0,4,4,-0.02436380929656884,-0.9265322002539229,-0.8577565841703654,0,0,0,0,85,False,False,
97,1,1343.550371919314,876.5233187609274,2.4039187944687814,157.5850067138672,12.143580436706543,0,5,0,4,4,-0.02436380929656884,-0.9265322002539229,-0.8577565841703654,0,0,0,0,85,False,False,
97,2,1343.550371919314,876.5233187609274,2.4039187944687814,157.5850067138672,12.143580436706543,0,5,0,4,4,-0.02436380929656884,-0.9265322002539229,-0.8577565841703654,0,0,0,0,85,False,False,
97,3,1343.550371919314,876.5233187609274,2.4039187944687814,157.5850067138672,12.143580436706543,0,5,0,4,4,-0.02436380929656884,-0.9265322002539229,-0.8577565841703654,0,0,0,0,85,False,False,
97,4,1343.550371919314,876.5233187609274,2.4039187944687814,157.5850067138672,12.143580436706543,0,5,0,4,4,-0.02436380929656884,-0.9265322002539229,-0.8577565841703654,0,0,0,0,85,False,False,
97,5,1343.550371919314,876.5233187609274,2.4039187944687814,157.5850067138672,12.143580436706543,0,5,0,4,4,-0.02436380929656884,-0.9265322002539229,-0.8577565841703654,0,0,0,0,85,False,False,
97,6,1343.550371919314,876.5233187609274,2.4039187944687814,157.5850067138672,12.143580436706543,0,5,0,4,4,-0.02436380929656884,-0.9265322002539229,-0.8577565841703654,0,0,0,0,85,False,False,
97,7,1343.550371919314,876.5233187609274,2.4039187944687814,157.5850067138672,12.143580436706543,0,5,0,4,4,-0.02436380929656884,-0.9265322002539229,-0.8577565841703654,0,0,0,0,85,False,False,
98,0,1341.1422164353771,876.6132326616322,2.409833468178911,159.99488830566406,12.168509483337402,0,5,0,4,4,-0.02662539648949102,-0.9329534217627483,-0.8591774748175716,0,0,0,0,86,False,False,
98,1,1341.1422164353771,876.6132326616322,2.409833468178911,159.99488830566406,12.168509483337402,0,5,0,4,4,-0.02662539648949102,-0.9329534217627483,-0.8591774748175716,0,0,0,0,86,False,False,
98,2,1341.1422164353771,876.6132326616322,2.409833468178911,159.99488830566406,12.168509483337402,0,5,0,4,4,-0.02662539648949102,-0.9329534217627483,-0.8591774748175716,0,0,0,0,86,False,False,
98,3,1341.1422164353771,876.6132326616322,2.409833468178911,159.99488830566406,12.168509483337402,0,5,0,4,4,-0.02662539648949102,-0.9329534217627483,-0.8591774748175716,0,0,0,0,86,False,False,
98,4,1341.1422164353771,876.6132326616322,2.409833468178911,159.99488830566406,12.168509483337402,0,5,0,4,4,-0.02662539648949102,-0.9329534217627483,-0.8591774748175716,0,0,0,0,86,False,False,
98,5,1341.1422164353771,876.6132326616322,2.409833468178911,159.99488830566406,12.168509483337402,0,5,0,4,4,-0.02662539648949102,-0.9329534217627483,-0.8591774748175716,0,0,0,0,86,False,False,
98,6,1341.1422164353771,876.6132326616322,2.409833468178911,159.99488830566406,12.168509483337402,0,5,0,4,4,-0.02662539648949102,-0.9329534217627483,-0.8591774748175716,0,0,0,0,86,False,False,
98,7,1341.1422164353771,876.6132326616322,2.409833468178911,159.99488830566406,12.168509483337402,0,5,0,4,4,-0.02662539648949102,-0.9329534217627483,-0.8591774748175716,0,0,0,0,86,False,False,
99,0,1338.728283282338,876.7031365277608,2.4156067503810297,162.41050720214844,12.193379402160645,0,5,0,4,4,-0.02938852679588106,-0.939388855623448,-0.8606276520119014,0,0,0,0,87,False,False,
99,1,1338.728283282338,876.7031365277608,2.4156067503810297,162.41050720214844,12.193379402160645,0,5,0,4,4,-0.02938852679588106,-0.939388855623448,-0.8606276520119014,0,0,0,0,87,False,False,
99,2,1338.728283282338,876.7031365277608,2.4156067503810297,162.41050720214844,12.193379402160645,0,5,0,4,4,-0.02938852679588106,-0.939388855623448,-0.8606276520119014,0,0,0,0,87,False,False,
99,3,1338.728283282338,876.7031365277608,2.4156067503810297,162.41050720214844,12.193379402160645,0,5,0,4,4,-0.02938852679588106,-0.939388855623448,-0.8606276520119014,0,0,0,0,87,False,False,
99,4,1338.728283282338,876.7031365277608,2.4156067503810297,162.41050720214844,12.193379402160645,0,5,0,4,4,-0.02938852679588106,-0.939388855623448,-0.8606276520119014,0,0,0,0,87,False,False,
99,5,1338.728283282338,876.7031365277608,2.4156067503810297,162.41050720214844,12.193379402160645,0,5,0,4,4,-0.02938852679588106,-0.939388855623448,-0.8606276520119014,0,0,0,0,87,False,False,
99,6,1338.728283282338,876.7031365277608,2.4156067503810297,162.41050720214844,12.193379402160645,0,5,0,4,4,-0.02938852679588106,-0.939388855623448,-0.8606276520119014,0,0,0,0,87,False,False,
99,7,1338.728283282338,876.7031365277608,2.4156067503810297,162.41050720214844,12.193379402160645,0,5,0,4,4,-0.02938852679588106,-0.939388855623448,-0.8606276520119014,0,0,0,0,87,False,False,
100,0,1336.308715180415,876.793062170613,2.4212386130007917,164.8317413330078,12.218172073364258,0,5,0,4,4,-0.0328366342689075,-0.9458377850117031,-0.8620924224539686,0,0,0,0,88,False,False,
100,1,1336.308715180415,876.793062170613,2.4212386130007917,164.8317413330078,12.218172073364258,0,5,0,4,4,-0.0328366342689075,-0.9458377850117031,-0.8620924224539686,0,0,0,0,88,False,False,
100,2,1336.308715180415,876.793062170613,2.4212386130007917,164.8317413330078,12.218172073364258,0,5,0,4,4,-0.0328366342689075,-0.9458377850117031,-0.8620924224539686,0,0,0,0,88,False,False,
100,3,1336.308715180415,876.793062170613,2.4212386130007917,164.8317413330078,12.218172073364258,0,5,0,4,4,-0.0328366342689075,-0.9458377850117031,-0.8620924224539686,0,0,0,0,88,False,False,
100,4,1336.308715180415,876.793062170613,2.4212386130007917,164.8317413330078,12.218172073364258,0,5,0,4,4,-0.0328366342689075,-0.9458377850117031,-0.8620924224539686,0,0,0,0,88,False,False,
100,5,1336.308715180415,876.793062170613,2.4212386130007917,164.8317413330078,12.218172073364258,0,5,0,4,4,-0.0328366342689075,-0.9458377850117031,-0.8620924224539686,0,0,0,0,88,False,False,
100,6,1336.308715180415,876.793062170613,2.4212386130007917,164.8317413330078,12.218172073364258,0,5,0,4,4,-0.0328366342689075,-0.9458377850117031,-0.8620924224539686,0,0,0,0,88,False,False,
100,7,1336.308715180415,876.793062170613,2.4212386130007917,164.8317413330078,12.218172073364258,0,5,0,4,4,-0.0328366342689075,-0.9458377850117031,-0.8620924224539686,0,0,0,0,88,False,False,
101,0,1333.8836531734235,876.8830459746324,2.426730892113819,167.25845336914062,12.242859840393066,0,5,0,4,4,-0.037245338474085406,-0.9522992828395951,-0.8635943692303787,0,0,0,0,89,False,False,
101,1,1333.8836531734235,876.8830459746324,2.426730892113819,167.25845336914062,12.242859840393066,0,5,0,4,4,-0.037245338474085406,-0.9522992828395951,-0.8635943692303787,0,0,0,0,89,False,False,
101,2,1333.8836531734235,876.8830459746324,2.426730892113819,167.25845336914062,12.242859840393066,0,5,0,4,4,-0.037245338474085406,-0.9522992828395951,-0.8635943692303787,0,0,0,0,89,False,False,
101,3,1333.8836531734235,876.8830459746324,2.426730892113819,167.25845336914062,12.242859840393066,0,5,0,4,4,-0.037245338474085406,-0.9522992828395951,-0.8635943692303787,0,0,0,0,89,False,False,
101,4,1333.8836531734235,876.8830459746324,2.426730892113819,167.25845336914062,12.242859840393066,0,5,0,4,4,-0.037245338474085406,-0.9522992828395951,-0.8635943692303787,0,0,0,0,89,False,False,
101,5,1333.8836531734235,876.8830459746324,2.426730892113819,167.25845336914062,12.242859840393066,0,5,0,4,4,-0.037245338474085406,-0.9522992828395951,-0.8635943692303787,0,0,0,0,89,False,False,
101,6,1333.8836531734235,876.8830459746324,2.426730892113819,167.25845336914062,12.242859840393066,0,5,0,4,4,-0.037245338474085406,-0.9522992828395951,-0.8635943692303787,0,0,0,0,89,False,False,
101,7,1333.8836531734235,876.8830459746324,2.426730892113819,167.25845336914062,12.242859840393066,0,5,0,4,4,-0.037245338474085406,-0.9522992828395951,-0.8635943692303787,0,0,0,0,89,False,False,
102,0,1331.4532351713813,876.9731267300896,2.4320868009088032,169.69053649902344,12.267401695251465,0,5,0,4,4,-0.04307062568490968,-0.9587720301401683,-0.8651030194673067,0,0,0,0,90,False,False,
102,1,1331.4532351713813,876.9731267300896,2.4320868009088032,169.69053649902344,12.267401695251465,0,5,0,4,4,-0.04307062568490968,-0.9587720301401683,-0.8651030194673067,0,0,0,0,90,False,False,
102,2,1331.4532351713813,876.9731267300896,2.4320868009088032,169.69053649902344,12.267401695251465,0,5,0,4,4,-0.04307062568490968,-0.9587720301401683,-0.8651030194673067,0,0,0,0,90,False,False,
102,3,1331.4532351713813,876.9731267300896,2.4320868009088032,169.69053649902344,12.267401695251465,0,5,0,4,4,-0.04307062568490968,-0.9587720301401683,-0.8651030194673067,0,0,0,0,90,False,False,
102,4,1331.4532351713813,876.9731267300896,2.4320868009088032,169.69053649902344,12.267401695251465,0,5,0,4,4,-0.04307062568490968,-0.9587720301401683,-0.8651030194673067,0,0,0,0,90,False,False,
102,5,1331.4532351713813,876.9731267300896,2.4320868009088032,169.69053649902344,12.267401695251465,0,5,0,4,4,-0.04307062568490968,-0.9587720301401683,-0.8651030194673067,0,0,0,0,90,False,False,
102,6,1331.4532351713813,876.9731267300896,2.4320868009088032,169.69053649902344,12.267401695251465,0,5,0,4,4,-0.04307062568490968,-0.9587720301401683,-0.8651030194673067,0,0,0,0,90,False,False,
102,7,1331.4532351713813,876.9731267300896,2.4320868009088032,169.69053649902344,12.267401695251465,0,5,0,4,4,-0.04307062568490968,-0.9587720301401683,-0.8651030194673067,0,0,0,0,90,False,False,
103,0,1329.0176018193463,877.063344055023,2.4373036313235494,172.12786865234375,12.291736602783203,0,5,0,4,4,-0.05110346386972727,-0.9652539669001895,-0.8666262915381575,0,0,0,0,91,False,False,
103,1,1329.0176018193463,877.063344055023,2.4373036313235494,172.12786865234375,12.291736602783203,0,5,0,4,4,-0.05110346386972727,-0.9652539669001895,-0.8666262915381575,0,0,0,0,91,False,False,
103,2,1329.0176018193463,877.063344055023,2.4373036313235494,172.12786865234375,12.291736602783203,0,5,0,4,4,-0.05110346386972727,-0.9652539669001895,-0.8666262915381575,0,0,0,0,91,False,False,
103,3,1329.0176018193463,877.063344055023,2.4373036313235494,172.12786865234375,12.291736602783203,0,5,0,4,4,-0.05110346386972727,-0.9652539669001895,-0.8666262915381575,0,0,0,0,91,False,False,
103,4,1329.0176018193463,877.063344055023,2.4373036313235494,172.12786865234375,12.291736602783203,0,5,0,4,4,-0.05110346386972727,-0.9652539669001895,-0.8666262915381575,0,0,0,0,91,False,False,
103,5,1329.0176018193463,877.063344055023,2.4373036313235494,172.12786865234375,12.291736602783203,0,5,0,4,4,-0.05110346386972727,-0.9652539669001895,-0.8666262915381575,0,0,0,0,91,False,False,
103,6,1329.0176018193463,877.063344055023,2.4373036313235494,172.12786865234375,12.291736602783203,0,5,0,4,4,-0.05110346386972727,-0.9652539669001895,-0.8666262915381575,0,0,0,0,91,False,False,
103,7,1329.0176018193463,877.063344055023,2.4373036313235494,172.12786865234375,12.291736602783203,0,5,0,4,4,-0.05110346386972727,-0.9652539669001895,-0.8666262915381575,0,0,0,0,91,False,False,
104,0,1326.5768958486206,877.1537204627776,2.442378662414045,174.57022094726562,12.31576156616211,0,5,0,4,4,-0.06286131775350694,-0.9717410966163077,-0.8681501782119981,0,0,0,0,92,False,False,
104,1,1326.5768958486206,877.1537204627776,2.442378662414045,174.57022094726562,12.31576156616211,0,5,0,4,4,-0.06286131775350694,-0.9717410966163077,-0.8681501782119981,0,0,0,0,92,False,False,
104,2,1326.5768958486206,877.1537204627776,2.442378662414045,174.57022094726562,12.31576156616211,0,5,0,4,4,-0.06286131775350694,-0.9717410966163077,-0.8681501782119981,0,0,0,0,92,False,False,
104,3,1326.5768958486206,877.1537204627776,2.442378662414045,174.57022094726562,12.31576156616211,0,5,0,4,4,-0.06286131775350694,-0.9717410966163077,-0.8681501782119981,0,0,0,0,92,False,False,
104,4,1326.5768958486206,877.1537204627776,2.442378662414045,174.57022094726562,12.31576156616211,0,5,0,4,4,-0.06286131775350694,-0.9717410966163077,-0.8681501782119981,0,0,0,0,92,False,False,
104,5,1326.5768958486206,877.1537204627776,2.442378662414045,174.57022094726562,12.31576156616211,0,5,0,4,4,-0.06286131775350694,-0.9717410966163077,-0.8681501782119981,0,0,0,0,92,False,False,
104,6,1326.5768958486206,877.1537204627776,2.442378662414045,174.57022094726562,12.31576156616211,0,5,0,4,4,-0.06286131775350694,-0.9717410966163077,-0.8681501782119981,0,0,0,0,92,False,False,
104,7,1326.5768958486206,877.1537204627776,2.442378662414045,174.57022094726562,12.31576156616211,0,5,0,4,4,-0.06286131775350694,-0.9717410966163077,-0.8681501782119981,0,0,0,0,92,False,False,
105,0,1324.131269714051,877.2442885673206,2.447302550084445,177.017578125,12.339277267456055,0,5,0,4,4,-0.081673771278732,-0.9782260899869732,-0.8696880721167716,0,0,0,0,93,False,False,
105,1,1324.131269714051,877.2442885673206,2.447302550084445,177.017578125,12.339277267456055,0,5,0,4,4,-0.081673771278732,-0.9782260899869732,-0.8696880721167716,0,0,0,0,93,False,False,
105,2,1324.131269714051,877.2442885673206,2.447302550084445,177.017578125,12.339277267456055,0,5,0,4,4,-0.081673771278732,-0.9782260899869732,-0.8696880721167716,0,0,0,0,93,False,False,
105,3,1324.131269714051,877.2442885673206,2.447302550084445,177.017578125,12.339277267456055,0,5,0,4,4,-0.081673771278732,-0.9782260899869732,-0.8696880721167716,0,0,0,0,93,False,False,
105,4,1324.131269714051,877.2442885673206,2.447302550084445,177.017578125,12.339277267456055,0,5,0,4,4,-0.081673771278732,-0.9782260899869732,-0.8696880721167716,0,0,0,0,93,False,False,
105,5,1324.131269714051,877.2442885673206,2.447302550084445,177.017578125,12.339277267456055,0,5,0,4,4,-0.081673771278732,-0.9782260899869732,-0.8696880721167716,0,0,0,0,93,False,False,
105,6,1324.131269714051,877.2442885673206,2.447302550084445,177.017578125,12.339277267456055,0,5,0,4,4,-0.081673771278732,-0.9782260899869732,-0.8696880721167716,0,0,0,0,93,False,False,
105,7,1324.131269714051,877.2442885673206,2.447302550084445,177.017578125,12.339277267456055,0,5,0,4,4,-0.081673771278732,-0.9782260899869732,-0.8696880721167716,0,0,0,0,93,False,False,
106,0,1321.6808474710706,877.3350514048431,2.4521025797401945,179.46957397460938,12.36184024810791,0,5,0,4,4,-0.11647920104506966,-0.9846881356775657,-0.87121927685412,0,0,0,0,94,False,False,
106,1,1321.6808474710706,877.3350514048431,2.4521025797401945,179.46957397460938,12.36184024810791,0,5,0,4,4,-0.11647920104506966,-0.9846881356775657,-0.87121927685412,0,0,0,0,94,False,False,
106,2,1321.6808474710706,877.3350514048431,2.4521025797401945,179.46957397460938,12.36184024810791,0,5,0,4,4,-0.11647920104506966,-0.9846881356775657,-0.87121927685412,0,0,0,0,94,False,False,
106,3,1321.6808474710706,877.3350514048431,2.4521025797401945,179.46957397460938,12.36184024810791,0,5,0,4,4,-0.11647920104506966,-0.9846881356775657,-0.87121927685412,0,0,0,0,94,False,False,
106,4,1321.6808474710706,877.3350514048431,2.4521025797401945,179.46957397460938,12.36184024810791,0,5,0,4,4,-0.11647920104506966,-0.9846881356775657,-0.87121927685412,0,0,0,0,94,False,False,
106,5,1321.6808474710706,877.3350514048431,2.4521025797401945,179.46957397460938,12.36184024810791,0,5,0,4,4,-0.11647920104506966,-0.9846881356775657,-0.87121927685412,0,0,0,0,94,False,False,
106,6,1321.6808474710706,877.3350514048431,2.4521025797401945,179.46957397460938,12.36184024810791,0,5,0,4,4,-0.11647920104506966,-0.9846881356775657,-0.87121927685412,0,0,0,0,94,False,False,
106,7,1321.6808474710706,877.3350514048431,2.4521025797401945,179.46957397460938,12.36184024810791,0,5,0,4,4,-0.11647920104506966,-0.9846881356775657,-0.87121927685412,0,0,0,0,94,False,False,
107,0,1319.2257604330723,877.4259830209725,2.4567704253671785,181.92645263671875,12.382049560546875,0,5,0,4,4,-0.20152986468087622,-0.9910507198494769,-0.8727498669884786,0,0,0,0,95,False,False,
107,1,1319.2257604330723,877.4259830209725,2.4567704253671785,181.92645263671875,12.382049560546875,0,5,0,4,4,-0.20152986468087622,-0.9910507198494769,-0.8727498669884786,0,0,0,0,95,False,False,
107,2,1319.2257604330723,877.4259830209725,2.4567704253671785,181.92645263671875,12.382049560546875,0,5,0,4,4,-0.20152986468087622,-0.9910507198494769,-0.8727498669884786,0,0,0,0,95,False,False,
107,3,1319.2257604330723,877.4259830209725,2.4567704253671785,181.92645263671875,12.382049560546875,0,5,0,4,4,-0.20152986468087622,-0.9910507198494769,-0.8727498669884786,0,0,0,0,95,False,False,
107,4,1319.2257604330723,877.4259830209725,2.4567704253671785,181.92645263671875,12.382049560546875,0,5,0,4,4,-0.20152986468087622,-0.9910507198494769,-0.8727498669884786,0,0,0,0,95,False,False,
107,5,1319.2257604330723,877.4259830209725,2.4567704253671785,181.92645263671875,12.382049560546875,0,5,0,4,4,-0.20152986468087622,-0.9910507198494769,-0.8727498669884786,0,0,0,0,95,False,False,
107,6,1319.2257604330723,877.4259830209725,2.4567704253671785,181.92645263671875,12.382049560546875,0,5,0,4,4,-0.20152986468087622,-0.9910507198494769,-0.8727498669884786,0,0,0,0,95,False,False,
107,7,1319.2257604330723,877.4259830209725,2.4567704253671785,181.92645263671875,12.382049560546875,0,5,0,4,4,-0.20152986468087622,-0.9910507198494769,-0.8727498669884786,0,0,0,0,95,False,False,
108,0,1316.7661389613406,877.5170589426343,2.4613070933367593,184.38772583007812,12.39083194732666,0,5,0,4,4,-0.6125601225555246,-0.9966045498079226,-0.874287760893252,0,0,0,0,96,False,False,
108,1,1316.7661389613406,877.5170589426343,2.4613070933367593,184.38772583007812,12.39083194732666,0,5,0,4,4,-0.6125601225555246,-0.9966045498079226,-0.874287760893252,0,0,0,0,96,False,False,
108,2,1316.7661389613406,877.5170589426343,2.4613070933367593,184.38772583007812,12.39083194732666,0,5,0,4,4,-0.6125601225555246,-0.9966045498079226,-0.874287760893252,0,0,0,0,96,False,False,
108,3,1316.7661389613406,877.5170589426343,2.4613070933367593,184.38772583007812,12.39083194732666,0,5,0,4,4,-0.6125601225555246,-0.9966045498079226,-0.874287760893252,0,0,0,0,96,False,False,
108,4,1316.7661389613406,877.5170589426343,2.4613070933367593,184.38772583007812,12.39083194732666,0,5,0,4,4,-0.6125601225555246,-0.9966045498079226,-0.874287760893252,0,0,0,0,96,False,False,
108,5,1316.7661389613406,877.5170589426343,2.4613070933367593,184.38772583007812,12.39083194732666,0,5,0,4,4,-0.6125601225555246,-0.9966045498079226,-0.874287760893252,0,0,0,0,96,False,False,
108,6,1316.7661389613406,877.5170589426343,2.4613070933367593,184.38772583007812,12.39083194732666,0,5,0,4,4,-0.6125601225555246,-0.9966045498079226,-0.874287760893252,0,0,0,0,96,False,False,
108,7,1316.7661389613406,877.5170589426343,2.4613070933367593,184.38772583007812,12.39083194732666,0,5,0,4,4,-0.6125601225555246,-0.9966045498079226,-0.874287760893252,0,0,0,0,96,False,False,
109,0,1314.3021550357587,877.6081767857906,2.4656681136899037,186.8533935546875,14.916596412658691,0,6,1,5,5,0.0026674300898573873,-0.909784620263346,-0.8817621479568367,0,0,0,0,97,False,False,
109,1,1314.3021550357587,877.6081767857906,2.4656681136899037,186.8533935546875,14.916596412658691,0,6,1,5,5,0.0026674300898573873,-0.909784620263346,-0.8817621479568367,0,0,0,0,97,False,False,
109,2,1314.3021550357587,877.6081767857906,2.4656681136899037,186.8533935546875,14.916596412658691,0,6,1,5,5,0.0026674300898573873,-0.909784620263346,-0.8817621479568367,0,0,0,0,97,False,False,
109,3,1314.3021550357587,877.6081767857906,2.4656681136899037,186.8533935546875,14.916596412658691,0,6,1,5,5,0.0026674300898573873,-0.909784620263346,-0.8817621479568367,0,0,0,0,97,False,False,
109,4,1314.3021550357587,877.6081767857906,2.4656681136899037,186.8533935546875,14.916596412658691,0,6,1,5,5,0.0026674300898573873,-0.909784620263346,-0.8817621479568367,0,0,0,0,97,False,False,
109,5,1314.3021550357587,877.6081767857906,2.4656681136899037,186.8533935546875,14.916596412658691,0,6,1,5,5,0.0026674300898573873,-0.909784620263346,-0.8817621479568367,0,0,0,0,97,False,False,
109,6,1314.3021550357587,877.6081767857906,2.4656681136899037,186.8533935546875,14.916596412658691,0,6,1,5,5,0.0026674300898573873,-0.909784620263346,-0.8817621479568367,0,0,0,0,97,False,False,
109,7,1314.3021550357587,877.6081767857906,2.4656681136899037,186.8533935546875,14.916596412658691,0,6,1,5,5,0.0026674300898573873,-0.909784620263346,-0.8817621479568367,0,0,0,0,97,False,False,
110,0,1311.8340282229917,877.6990929794523,2.4698007446288286,189.32321166992188,14.94235897064209,0,6,0,5,5,0.0029755830938626104,-0.9163707259649012,-0.8916737860561846,0,0,0,0,98,False,False,
110,1,1311.8340282229917,877.6990929794523,2.4698007446288286,189.32321166992188,14.94235897064209,0,6,0,5,5,0.0029755830938626104,-0.9163707259649012,-0.8916737860561846,0,0,0,0,98,False,False,
110,2,1311.8340282229917,877.6990929794523,2.4698007446288286,189.32321166992188,14.94235897064209,0,6,0,5,5,0.0029755830938626104,-0.9163707259649012,-0.8916737860561846,0,0,0,0,98,False,False,
110,3,1311.8340282229917,877.6990929794523,2.4698007446288286,189.32321166992188,14.94235897064209,0,6,0,5,5,0.0029755830938626104,-0.9163707259649012,-0.8916737860561846,0,0,0,0,98,False,False,
110,4,1311.8340282229917,877.6990929794523,2.4698007446288286,189.32321166992188,14.94235897064209,0,6,0,5,5,0.0029755830938626104,-0.9163707259649012,-0.8916737860561846,0,0,0,0,98,False,False,
110,5,1311.8340282229917,877.6990929794523,2.4698007446288286,189.32321166992188,14.94235897064209,0,6,0,5,5,0.0029755830938626104,-0.9163707259649012,-0.8916737860561846,0,0,0,0,98,False,False,
110,6,1311.8340282229917,877.6990929794523,2.4698007446288286,189.32321166992188,14.94235897064209,0,6,0,5,5,0.0029755830938626104,-0.9163707259649012,-0.8916737860561846,0,0,0,0,98,False,False,
110,7,1311.8340282229917,877.6990929794523,2.4698007446288286,189.32321166992188,14.94235897064209,0,6,0,5,5,0.0029755830938626104,-0.9163707259649012,-0.8916737860561846,0,0,0,0,98,False,False,
111,0,1309.3618791191982,877.7896371797473,2.473806670617935,191.7969207763672,14.968133926391602,0,6,0,5,5,0.003376170712706362,-0.9229671801116843,-0.9016657156042726,0,0,0,0,99,False,False,
111,1,1309.3618791191982,877.7896371797473,2.473806670617935,191.7969207763672,14.968133926391602,0,6,0,5,5,0.003376170712706362,-0.9229671801116843,-0.9016657156042726,0,0,0,0,99,False,False,
111,2,1309.3618791191982,877.7896371797473,2.473806670617935,191.7969207763672,14.968133926391602,0,6,0,5,5,0.003376170712706362,-0.9229671801116843,-0.9016657156042726,0,0,0,0,99,False,False,
111,3,1309.3618791191982,877.7896371797473,2.473806670617935,191.7969207763672,14.968133926391602,0,6,0,5,5,0.003376170712706362,-0.9229671801116843,-0.9016657156042726,0,0,0,0,99,False,False,
111,4,1309.3618791191982,877.7896371797473,2.473806670617935,191.7969207763672,14.968133926391602,0,6,0,5,5,0.003376170712706362,-0.9229671801116843,-0.9016657156042726,0,0,0,0,99,False,False,
111,5,1309.3618791191982,877.7896371797473,2.473806670617935,191.7969207763672,14.968133926391602,0,6,0,5,5,0.003376170712706362,-0.9229671801116843,-0.9016657156042726,0,0,0,0,99,False,False,
111,6,1309.3618791191982,877.7896371797473,2.473806670617935,191.7969207763672,14.968133926391602,0,6,0,5,5,0.003376170712706362,-0.9229671801116843,-0.9016657156042726,0,0,0,0,99,False,False,
111,7,1309.3618791191982,877.7896371797473,2.473806670617935,191.7969207763672,14.968133926391602,0,6,0,5,5,0.003376170712706362,-0.9229671801116843,-0.9016657156042726,0,0,0,0,99,False,False,
112,0,1306.8858026778876,877.8797230529291,2.477714674404753,194.27474975585938,14.993908882141113,0,6,0,5,5,0.00386211297880392,-0.9295746276260978,-0.9117525441419302,0,0,0,0,100,False,False,
112,1,1306.8858026778876,877.8797230529291,2.477714674404753,194.27474975585938,14.993908882141113,0,6,0,5,5,0.00386211297880392,-0.9295746276260978,-0.9117525441419302,0,0,0,0,100,False,False,
112,2,1306.8858026778876,877.8797230529291,2.477714674404753,194.27474975585938,14.993908882141113,0,6,0,5,5,0.00386211297880392,-0.9295746276260978,-0.9117525441419302,0,0,0,0,100,False,False,
112,3,1306.8858026778876,877.8797230529291,2.477714674404753,194.27474975585938,14.993908882141113,0,6,0,5,5,0.00386211297880392,-0.9295746276260978,-0.9117525441419302,0,0,0,0,100,False,False,
112,4,1306.8858026778876,877.8797230529291,2.477714674404753,194.27474975585938,14.993908882141113,0,6,0,5,5,0.00386211297880392,-0.9295746276260978,-0.9117525441419302,0,0,0,0,100,False,False,
112,5,1306.8858026778876,877.8797230529291,2.477714674404753,194.27474975585938,14.993908882141113,0,6,0,5,5,0.00386211297880392,-0.9295746276260978,-0.9117525441419302,0,0,0,0,100,False,False,
112,6,1306.8858026778876,877.8797230529291,2.477714674404753,194.27474975585938,14.993908882141113,0,6,0,5,5,0.00386211297880392,-0.9295746276260978,-0.9117525441419302,0,0,0,0,100,False,False,
112,7,1306.8858026778876,877.8797230529291,2.477714674404753,194.27474975585938,14.993908882141113,0,6,0,5,5,0.00386211297880392,-0.9295746276260978,-0.9117525441419302,0,0,0,0,100,False,False,
113,0,1304.4058895829196,877.9693207608968,2.481531121680104,196.7562255859375,15.019679069519043,0,6,0,5,5,0.00444015910992669,-0.9361917526119071,-0.9219207003775549,0,0,0,0,101,False,False,
113,1,1304.4058895829196,877.9693207608968,2.481531121680104,196.7562255859375,15.019679069519043,0,6,0,5,5,0.00444015910992669,-0.9361917526119071,-0.9219207003775549,0,0,0,0,101,False,False,
113,2,1304.4058895829196,877.9693207608968,2.481531121680104,196.7562255859375,15.019679069519043,0,6,0,5,5,0.00444015910992669,-0.9361917526119071,-0.9219207003775549,0,0,0,0,101,False,False,
113,3,1304.4058895829196,877.9693207608968,2.481531121680104,196.7562255859375,15.019679069519043,0,6,0,5,5,0.00444015910992669,-0.9361917526119071,-0.9219207003775549,0,0,0,0,101,False,False,
113,4,1304.4058895829196,877.9693207608968,2.481531121680104,196.7562255859375,15.019679069519043,0,6,0,5,5,0.00444015910992669,-0.9361917526119071,-0.9219207003775549,0,0,0,0,101,False,False,
113,5,1304.4058895829196,877.9693207608968,2.481531121680104,196.7562255859375,15.019679069519043,0,6,0,5,5,0.00444015910992669,-0.9361917526119071,-0.9219207003775549,0,0,0,0,101,False,False,
113,6,1304.4058895829196,877.9693207608968,2.481531121680104,196.7562255859375,15.019679069519043,0,6,0,5,5,0.00444015910992669,-0.9361917526119071,-0.9219207003775549,0,0,0,0,101,False,False,
113,7,1304.4058895829196,877.9693207608968,2.481531121680104,196.7562255859375,15.019679069519043,0,6,0,5,5,0.00444015910992669,-0.9361917526119071,-0.9219207003775549,0,0,0,0,101,False,False,
114,0,1301.922228990697,878.0584352471117,2.485258805237895,199.24147033691406,15.045441627502441,0,6,0,5,5,0.00513155915882856,-0.9428188681305033,-0.9321847918519766,0,0,0,0,102,False,False,
114,1,1301.922228990697,878.0584352471117,2.485258805237895,199.24147033691406,15.045441627502441,0,6,0,5,5,0.00513155915882856,-0.9428188681305033,-0.9321847918519766,0,0,0,0,102,False,False,
114,2,1301.922228990697,878.0584352471117,2.485258805237895,199.24147033691406,15.045441627502441,0,6,0,5,5,0.00513155915882856,-0.9428188681305033,-0.9321847918519766,0,0,0,0,102,False,False,
114,3,1301.922228990697,878.0584352471117,2.485258805237895,199.24147033691406,15.045441627502441,0,6,0,5,5,0.00513155915882856,-0.9428188681305033,-0.9321847918519766,0,0,0,0,102,False,False,
114,4,1301.922228990697,878.0584352471117,2.485258805237895,199.24147033691406,15.045441627502441,0,6,0,5,5,0.00513155915882856,-0.9428188681305033,-0.9321847918519766,0,0,0,0,102,False,False,
114,5,1301.922228990697,878.0584352471117,2.485258805237895,199.24147033691406,15.045441627502441,0,6,0,5,5,0.00513155915882856,-0.9428188681305033,-0.9321847918519766,0,0,0,0,102,False,False,
114,6,1301.922228990697,878.0584352471117,2.485258805237895,199.24147033691406,15.045441627502441,0,6,0,5,5,0.00513155915882856,-0.9428188681305033,-0.9321847918519766,0,0,0,0,102,False,False,
114,7,1301.922228990697,878.0584352471117,2.485258805237895,199.24147033691406,15.045441627502441,0,6,0,5,5,0.00513155915882856,-0.9428188681305033,-0.9321847918519766,0,0,0,0,102,False,False,
115,0,1299.4349198613265,878.1470723240649,2.4888879517689237,201.73036193847656,15.07119369506836,0,6,0,5,5,0.005979715718341873,-0.9494556375411635,-0.9425281492457306,0,0,0,0,103,False,False,
115,1,1299.4349198613265,878.1470723240649,2.4888879517689237,201.73036193847656,15.07119369506836,0,6,0,5,5,0.005979715718341873,-0.9494556375411635,-0.9425281492457306,0,0,0,0,103,False,False,
115,2,1299.4349198613265,878.1470723240649,2.4888879517689237,201.73036193847656,15.07119369506836,0,6,0,5,5,0.005979715718341873,-0.9494556375411635,-0.9425281492457306,0,0,0,0,103,False,False,
115,3,1299.4349198613265,878.1470723240649,2.4888879517689237,201.73036193847656,15.07119369506836,0,6,0,5,5,0.005979715718341873,-0.9494556375411635,-0.9425281492457306,0,0,0,0,103,False,False,
115,4,1299.4349198613265,878.1470723240649,2.4888879517689237,201.73036193847656,15.07119369506836,0,6,0,5,5,0.005979715718341873,-0.9494556375411635,-0.9425281492457306,0,0,0,0,103,False,False,
115,5,1299.4349198613265,878.1470723240649,2.4888879517689237,201.73036193847656,15.07119369506836,0,6,0,5,5,0.005979715718341873,-0.9494556375411635,-0.9425281492457306,0,0,0,0,103,False,False,
115,6,1299.4349198613265,878.1470723240649,2.4888879517689237,201.73036193847656,15.07119369506836,0,6,0,5,5,0.005979715718341873,-0.9494556375411635,-0.9425281492457306,0,0,0,0,103,False,False,
115,7,1299.4349198613265,878.1470723240649,2.4888879517689237,201.73036193847656,15.07119369506836,0,6,0,5,5,0.005979715718341873,-0.9494556375411635,-0.9425281492457306,0,0,0,0,103,False,False,
116,0,1296.9440557694675,878.2352436708561,2.492424143380802,204.22276306152344,15.096925735473633,0,6,0,5,5,0.007060560707077773,-0.9561016909297624,-0.9529674347317352,0,0,0,0,104,False,False,
116,1,1296.9440557694675,878.2352436708561,2.492424143380802,204.22276306152344,15.096925735473633,0,6,0,5,5,0.007060560707077773,-0.9561016909297624,-0.9529674347317352,0,0,0,0,104,False,False,
116,2,1296.9440557694675,878.2352436708561,2.492424143380802,204.22276306152344,15.096925735473633,0,6,0,5,5,0.007060560707077773,-0.9561016909297624,-0.9529674347317352,0,0,0,0,104,False,False,
116,3,1296.9440557694675,878.2352436708561,2.492424143380802,204.22276306152344,15.096925735473633,0,6,0,5,5,0.007060560707077773,-0.9561016909297624,-0.9529674347317352,0,0,0,0,104,False,False,
116,4,1296.9440557694675,878.2352436708561,2.492424143380802,204.22276306152344,15.096925735473633,0,6,0,5,5,0.007060560707077773,-0.9561016909297624,-0.9529674347317352,0,0,0,0,104,False,False,
116,5,1296.9440557694675,878.2352436708561,2.492424143380802,204.22276306152344,15.096925735473633,0,6,0,5,5,0.007060560707077773,-0.9561016909297624,-0.9529674347317352,0,0,0,0,104,False,False,
116,6,1296.9440557694675,878.2352436708561,2.492424143380802,204.22276306152344,15.096925735473633,0,6,0,5,5,0.007060560707077773,-0.9561016909297624,-0.9529674347317352,0,0,0,0,104,False,False,
116,7,1296.9440557694675,878.2352436708561,2.492424143380802,204.22276306152344,15.096925735473633,0,6,0,5,5,0.007060560707077773,-0.9561016909297624,-0.9529674347317352,0,0,0,0,104,False,False,
117,0,1294.4497272596507,878.3229657478731,2.49587056508963,206.71868896484375,15.122629165649414,0,6,0,5,5,0.008494936997216958,-0.9627569911183028,-0.9634807477185651,0,0,0,0,105,False,False,
117,1,1294.4497272596507,878.3229657478731,2.49587056508963,206.71868896484375,15.122629165649414,0,6,0,5,5,0.008494936997216958,-0.9627569911183028,-0.9634807477185651,0,0,0,0,105,False,False,
117,2,1294.4497272596507,878.3229657478731,2.49587056508963,206.71868896484375,15.122629165649414,0,6,0,5,5,0.008494936997216958,-0.9627569911183028,-0.9634807477185651,0,0,0,0,105,False,False,
117,3,1294.4497272596507,878.3229657478731,2.49587056508963,206.71868896484375,15.122629165649414,0,6,0,5,5,0.008494936997216958,-0.9627569911183028,-0.9634807477185651,0,0,0,0,105,False,False,
117,4,1294.4497272596507,878.3229657478731,2.49587056508963,206.71868896484375,15.122629165649414,0,6,0,5,5,0.008494936997216958,-0.9627569911183028,-0.9634807477185651,0,0,0,0,105,False,False,
117,5,1294.4497272596507,878.3229657478731,2.49587056508963,206.71868896484375,15.122629165649414,0,6,0,5,5,0.008494936997216958,-0.9627569911183028,-0.9634807477185651,0,0,0,0,105,False,False,
117,6,1294.4497272596507,878.3229657478731,2.49587056508963,206.71868896484375,15.122629165649414,0,6,0,5,5,0.008494936997216958,-0.9627569911183028,-0.9634807477185651,0,0,0,0,105,False,False,
117,7,1294.4497272596507,878.3229657478731,2.49587056508963,206.71868896484375,15.122629165649414,0,6,0,5,5,0.008494936997216958,-0.9627569911183028,-0.9634807477185651,0,0,0,0,105,False,False,
118,0,1291.952038037071,878.4102303102514,2.499213187472952,209.2178955078125,15.148285865783691,0,6,0,5,5,0.010523911378106416,-0.9694207911951217,-0.9740816612844596,0,0,0,0,106,False,False,
118,1,1291.952038037071,878.4102303102514,2.499213187472952,209.2178955078125,15.148285865783691,0,6,0,5,5,0.010523911378106416,-0.9694207911951217,-0.9740816612844596,0,0,0,0,106,False,False,
118,2,1291.952038037071,878.4102303102514,2.499213187472952,209.2178955078125,15.148285865783691,0,6,0,5,5,0.010523911378106416,-0.9694207911951217,-0.9740816612844596,0,0,0,0,106,False,False,
118,3,1291.952038037071,878.4102303102514,2.499213187472952,209.2178955078125,15.148285865783691,0,6,0,5,5,0.010523911378106416,-0.9694207911951217,-0.9740816612844596,0,0,0,0,106,False,False,
118,4,1291.952038037071,878.4102303102514,2.499213187472952,209.2178955078125,15.148285865783691,0,6,0,5,5,0.010523911378106416,-0.9694207911951217,-0.9740816612844596,0,0,0,0,106,False,False,
118,5,1291.952038037071,878.4102303102514,2.499213187472952,209.2178955078125,15.148285865783691,0,6,0,5,5,0.010523911378106416,-0.9694207911951217,-0.9740816612844596,0,0,0,0,106,False,False,
118,6,1291.952038037071,878.4102303102514,2.499213187472952,209.2178955078125,15.148285865783691,0,6,0,5,5,0.010523911378106416,-0.9694207911951217,-0.9740816612844596,0,0,0,0,106,False,False,
118,7,1291.952038037071,878.4102303102514,2.499213187472952,209.2178955078125,15.148285865783691,0,6,0,5,5,0.010523911378106416,-0.9694207911951217,-0.9740816612844596,0,0,0,0,106,False,False,
119,0,1289.4511023039215,878.4969898529201,2.5024401610404388,211.7203826904297,15.173863410949707,0,6,0,5,5,0.013660286214710974,-0.9760928771528076,-0.9847701754294188,0,0,0,0,107,False,False,
119,1,1289.4511023039215,878.4969898529201,2.5024401610404388,211.7203826904297,15.173863410949707,0,6,0,5,5,0.013660286214710974,-0.9760928771528076,-0.9847701754294188,0,0,0,0,107,False,False,
119,2,1289.4511023039215,878.4969898529201,2.5024401610404388,211.7203826904297,15.173863410949707,0,6,0,5,5,0.013660286214710974,-0.9760928771528076,-0.9847701754294188,0,0,0,0,107,False,False,
119,3,1289.4511023039215,878.4969898529201,2.5024401610404388,211.7203826904297,15.173863410949707,0,6,0,5,5,0.013660286214710974,-0.9760928771528076,-0.9847701754294188,0,0,0,0,107,False,False,
119,4,1289.4511023039215,878.4969898529201,2.5024401610404388,211.7203826904297,15.173863410949707,0,6,0,5,5,0.013660286214710974,-0.9760928771528076,-0.9847701754294188,0,0,0,0,107,False,False,
119,5,1289.4511023039215,878.4969898529201,2.5024401610404388,211.7203826904297,15.173863410949707,0,6,0,5,5,0.013660286214710974,-0.9760928771528076,-0.9847701754294188,0,0,0,0,107,False,False,
119,6,1289.4511023039215,878.4969898529201,2.5024401610404388,211.7203826904297,15.173863410949707,0,6,0,5,5,0.013660286214710974,-0.9760928771528076,-0.9847701754294188,0,0,0,0,107,False,False,
119,7,1289.4511023039215,878.4969898529201,2.5024401610404388,211.7203826904297,15.173863410949707,0,6,0,5,5,0.013660286214710974,-0.9760928771528076,-0.9847701754294188,0,0,0,0,107,False,False,
120,0,1286.94700482906,878.5832193136912,2.5055817056150675,214.22589111328125,15.199298858642578,0,6,0,5,5,0.019187607184773015,-0.9827720504438772,-0.995547314789532,0,0,0,0,108,False,False,
120,1,1286.94700482906,878.5832193136912,2.5055817056150675,214.22589111328125,15.199298858642578,0,6,0,5,5,0.019187607184773015,-0.9827720504438772,-0.995547314789532,0,0,0,0,108,False,False,
120,2,1286.94700482906,878.5832193136912,2.5055817056150675,214.22589111328125,15.199298858642578,0,6,0,5,5,0.019187607184773015,-0.9827720504438772,-0.995547314789532,0,0,0,0,108,False,False,
120,3,1286.94700482906,878.5832193136912,2.5055817056150675,214.22589111328125,15.199298858642578,0,6,0,5,5,0.019187607184773015,-0.9827720504438772,-0.995547314789532,0,0,0,0,108,False,False,
120,4,1286.94700482906,878.5832193136912,2.5055817056150675,214.22589111328125,15.199298858642578,0,6,0,5,5,0.019187607184773015,-0.9827720504438772,-0.995547314789532,0,0,0,0,108,False,False,
120,5,1286.94700482906,878.5832193136912,2.5055817056150675,214.22589111328125,15.199298858642578,0,6,0,5,5,0.019187607184773015,-0.9827720504438772,-0.995547314789532,0,0,0,0,108,False,False,
120,6,1286.94700482906,878.5832193136912,2.5055817056150675,214.22589111328125,15.199298858642578,0,6,0,5,5,0.019187607184773015,-0.9827720504438772,-0.995547314789532,0,0,0,0,108,False,False,
120,7,1286.94700482906,878.5832193136912,2.5055817056150675,214.22589111328125,15.199298858642578,0,6,0,5,5,0.019187607184773015,-0.9827720504438772,-0.995547314789532,0,0,0,0,108,False,False,
121,0,1284.4398340731464,878.6688966895367,2.5086342523453182,216.73455810546875,15.224395751953125,0,6,0,5,5,0.03163153455460272,-0.9894567762816137,-0.9935806397142388,0,0,0,0,109,False,False,
121,1,1284.4398340731464,878.6688966895367,2.5086342523453182,216.73455810546875,15.224395751953125,0,6,0,5,5,0.03163153455460272,-0.9894567762816137,-0.9935806397142388,0,0,0,0,109,False,False,
121,2,1284.4398340731464,878.6688966895367,2.5086342523453182,216.73455810546875,15.224395751953125,0,6,0,5,5,0.03163153455460272,-0.9894567762816137,-0.9935806397142388,0,0,0,0,109,False,False,
121,3,1284.4398340731464,878.6688966895367,2.5086342523453182,216.73455810546875,15.224395751953125,0,6,0,5,5,0.03163153455460272,-0.9894567762816137,-0.9935806397142388,0,0,0,0,109,False,False,
121,4,1284.4398340731464,878.6688966895367,2.5086342523453182,216.73455810546875,15.224395751953125,0,6,0,5,5,0.03163153455460272,-0.9894567762816137,-0.9935806397142388,0,0,0,0,109,False,False,
121,5,1284.4398340731464,878.6688966895367,2.5086342523453182,216.73455810546875,15.224395751953125,0,6,0,5,5,0.03163153455460272,-0.9894567762816137,-0.9935806397142388,0,0,0,0,109,False,False,
121,6,1284.4398340731464,878.6688966895367,2.5086342523453182,216.73455810546875,15.224395751953125,0,6,0,5,5,0.03163153455460272,-0.9894567762816137,-0.9935806397142388,0,0,0,0,109,False,False,
121,7,1284.4398340731464,878.6688966895367,2.5086342523453182,216.73455810546875,15.224395751953125,0,6,0,5,5,0.03163153455460272,-0.9894567762816137,-0.9935806397142388,0,0,0,0,109,False,False,
122,0,1281.9297429659753,878.7538815293249,2.5115293725722463,219.24612426757812,15.247943878173828,0,6,0,5,5,0.08697268085435673,-0.9961314317490187,-0.9826063977112528,0,0,0,0,110,False,False,
122,1,1281.9297429659753,878.7538815293249,2.5115293725722463,219.24612426757812,15.247943878173828,0,6,0,5,5,0.08697268085435673,-0.9961314317490187,-0.9826063977112528,0,0,0,0,110,False,False,
122,2,1281.9297429659753,878.7538815293249,2.5115293725722463,219.24612426757812,15.247943878173828,0,6,0,5,5,0.08697268085435673,-0.9961314317490187,-0.9826063977112528,0,0,0,0,110,False,False,
122,3,1281.9297429659753,878.7538815293249,2.5115293725722463,219.24612426757812,15.247943878173828,0,6,0,5,5,0.08697268085435673,-0.9961314317490187,-0.9826063977112528,0,0,0,0,110,False,False,
122,4,1281.9297429659753,878.7538815293249,2.5115293725722463,219.24612426757812,15.247943878173828,0,6,0,5,5,0.08697268085435673,-0.9961314317490187,-0.9826063977112528,0,0,0,0,110,False,False,
122,5,1281.9297429659753,878.7538815293249,2.5115293725722463,219.24612426757812,15.247943878173828,0,6,0,5,5,0.08697268085435673,-0.9961314317490187,-0.9826063977112528,0,0,0,0,110,False,False,
122,6,1281.9297429659753,878.7538815293249,2.5115293725722463,219.24612426757812,15.247943878173828,0,6,0,5,5,0.08697268085435673,-0.9961314317490187,-0.9826063977112528,0,0,0,0,110,False,False,
122,7,1281.9297429659753,878.7538815293249,2.5115293725722463,219.24612426757812,15.247943878173828,0,6,0,5,5,0.08697268085435673,-0.9961314317490187,-0.9826063977112528,0,0,0,0,110,False,False,
123,0,1279.416787797636,878.838125914616,2.514366877473527,221.76046752929688,17.773691177368164,0,7,1,6,6,-0.008912389886457896,-0.9095381189705514,-0.9787388029340404,0,0,0,0,111,False,False,
123,1,1279.416787797636,878.838125914616,2.514366877473527,221.76046752929688,17.773691177368164,0,7,1,6,6,-0.008912389886457896,-0.9095381189705514,-0.9787388029340404,0,0,0,0,111,False,False,
123,2,1279.416787797636,878.838125914616,2.514366877473527,221.76046752929688,17.773691177368164,0,7,1,6,6,-0.008912389886457896,-0.9095381189705514,-0.9787388029340404,0,0,0,0,111,False,False,
123,3,1279.416787797636,878.838125914616,2.514366877473527,221.76046752929688,17.773691177368164,0,7,1,6,6,-0.008912389886457896,-0.9095381189705514,-0.9787388029340404,0,0,0,0,111,False,False,
123,4,1279.416787797636,878.838125914616,2.514366877473527,221.76046752929688,17.773691177368164,0,7,1,6,6,-0.008912389886457896,-0.9095381189705514,-0.9787388029340404,0,0,0,0,111,False,False,
123,5,1279.416787797636,878.838125914616,2.514366877473527,221.76046752929688,17.773691177368164,0,7,1,6,6,-0.008912389886457896,-0.9095381189705514,-0.9787388029340404,0,0,0,0,111,False,False,
123,6,1279.416787797636,878.838125914616,2.514366877473527,221.76046752929688,17.773691177368164,0,7,1,6,6,-0.008912389886457896,-0.9095381189705514,-0.9787388029340404,0,0,0,0,111,False,False,
123,7,1279.416787797636,878.838125914616,2.514366877473527,221.76046752929688,17.773691177368164,0,7,1,6,6,-0.008912389886457896,-0.9095381189705514,-0.9787388029340404,0,0,0,0,111,False,False,
124,0,1276.9009548903164,878.922142359352,2.5172353844126087,224.27761840820312,17.799394607543945,0,7,0,6,6,-0.009537512824129143,-0.9162498187388141,-0.9844987871167321,0,0,0,0,112,False,False,
124,1,1276.9009548903164,878.922142359352,2.5172353844126087,224.27761840820312,17.799394607543945,0,7,0,6,6,-0.009537512824129143,-0.9162498187388141,-0.9844987871167321,0,0,0,0,112,False,False,
124,2,1276.9009548903164,878.922142359352,2.5172353844126087,224.27761840820312,17.799394607543945,0,7,0,6,6,-0.009537512824129143,-0.9162498187388141,-0.9844987871167321,0,0,0,0,112,False,False,
124,3,1276.9009548903164,878.922142359352,2.5172353844126087,224.27761840820312,17.799394607543945,0,7,0,6,6,-0.009537512824129143,-0.9162498187388141,-0.9844987871167321,0,0,0,0,112,False,False,
124,4,1276.9009548903164,878.922142359352,2.5172353844126087,224.27761840820312,17.799394607543945,0,7,0,6,6,-0.009537512824129143,-0.9162498187388141,-0.9844987871167321,0,0,0,0,112,False,False,
124,5,1276.9009548903164,878.922142359352,2.5172353844126087,224.27761840820312,17.799394607543945,0,7,0,6,6,-0.009537512824129143,-0.9162498187388141,-0.9844987871167321,0,0,0,0,112,False,False,
124,6,1276.9009548903164,878.922142359352,2.5172353844126087,224.27761840820312,17.799394607543945,0,7,0,6,6,-0.009537512824129143,-0.9162498187388141,-0.9844987871167321,0,0,0,0,112,False,False,
124,7,1276.9009548903164,878.922142359352,2.5172353844126087,224.27761840820312,17.799394607543945,0,7,0,6,6,-0.009537512824129143,-0.9162498187388141,-0.9844987871167321,0,0,0,0,112,False,False,
125,0,1274.3823108532163,879.0062013378499,2.520046368122324,226.79769897460938,17.82512092590332,0,7,0,6,6,-0.010356467754381685,-0.9229692140989978,-0.9902660840030219,0,0,0,0,113,False,False,
125,1,1274.3823108532163,879.0062013378499,2.520046368122324,226.79769897460938,17.82512092590332,0,7,0,6,6,-0.010356467754381685,-0.9229692140989978,-0.9902660840030219,0,0,0,0,113,False,False,
125,2,1274.3823108532163,879.0062013378499,2.520046368122324,226.79769897460938,17.82512092590332,0,7,0,6,6,-0.010356467754381685,-0.9229692140989978,-0.9902660840030219,0,0,0,0,113,False,False,
125,3,1274.3823108532163,879.0062013378499,2.520046368122324,226.79769897460938,17.82512092590332,0,7,0,6,6,-0.010356467754381685,-0.9229692140989978,-0.9902660840030219,0,0,0,0,113,False,False,
125,4,1274.3823108532163,879.0062013378499,2.520046368122324,226.79769897460938,17.82512092590332,0,7,0,6,6,-0.010356467754381685,-0.9229692140989978,-0.9902660840030219,0,0,0,0,113,False,False,
125,5,1274.3823108532163,879.0062013378499,2.520046368122324,226.79769897460938,17.82512092590332,0,7,0,6,6,-0.010356467754381685,-0.9229692140989978,-0.9902660840030219,0,0,0,0,113,False,False,
125,6,1274.3823108532163,879.0062013378499,2.520046368122324,226.79769897460938,17.82512092590332,0,7,0,6,6,-0.010356467754381685,-0.9229692140989978,-0.9902660840030219,0,0,0,0,113,False,False,
125,7,1274.3823108532163,879.0062013378499,2.520046368122324,226.79769897460938,17.82512092590332,0,7,0,6,6,-0.010356467754381685,-0.9229692140989978,-0.9902660840030219,0,0,0,0,113,False,False,
126,0,1271.8609524819676,879.0904864809243,2.52276673943684,229.32046508789062,17.850828170776367,0,7,0,6,6,-0.01138499721405108,-0.9296956209544477,-0.996055129169967,0,0,0,0,114,False,False,
126,1,1271.8609524819676,879.0904864809243,2.52276673943684,229.32046508789062,17.850828170776367,0,7,0,6,6,-0.01138499721405108,-0.9296956209544477,-0.996055129169967,0,0,0,0,114,False,False,
126,2,1271.8609524819676,879.0904864809243,2.52276673943684,229.32046508789062,17.850828170776367,0,7,0,6,6,-0.01138499721405108,-0.9296956209544477,-0.996055129169967,0,0,0,0,114,False,False,
126,3,1271.8609524819676,879.0904864809243,2.52276673943684,229.32046508789062,17.850828170776367,0,7,0,6,6,-0.01138499721405108,-0.9296956209544477,-0.996055129169967,0,0,0,0,114,False,False,
126,4,1271.8609524819676,879.0904864809243,2.52276673943684,229.32046508789062,17.850828170776367,0,7,0,6,6,-0.01138499721405108,-0.9296956209544477,-0.996055129169967,0,0,0,0,114,False,False,
126,5,1271.8609524819676,879.0904864809243,2.52276673943684,229.32046508789062,17.850828170776367,0,7,0,6,6,-0.01138499721405108,-0.9296956209544477,-0.996055129169967,0,0,0,0,114,False,False,
126,6,1271.8609524819676,879.0904864809243,2.52276673943684,229.32046508789062,17.850828170776367,0,7,0,6,6,-0.01138499721405108,-0.9296956209544477,-0.996055129169967,0,0,0,0,114,False,False,
126,7,1271.8609524819676,879.0904864809243,2.52276673943684,229.32046508789062,17.850828170776367,0,7,0,6,6,-0.01138499721405108,-0.9296956209544477,-0.996055129169967,0,0,0,0,114,False,False,
127,0,1269.3369708641824,879.1751275878189,2.5254004284259848,231.84593200683594,17.876506805419922,0,7,0,6,6,-0.012664487828043509,-0.9364289918980073,-0.9981263470525299,0,0,0,0,115,False,False,
127,1,1269.3369708641824,879.1751275878189,2.5254004284259848,231.84593200683594,17.876506805419922,0,7,0,6,6,-0.012664487828043509,-0.9364289918980073,-0.9981263470525299,0,0,0,0,115,False,False,
127,2,1269.3369708641824,879.1751275878189,2.5254004284259848,231.84593200683594,17.876506805419922,0,7,0,6,6,-0.012664487828043509,-0.9364289918980073,-0.9981263470525299,0,0,0,0,115,False,False,
127,3,1269.3369708641824,879.1751275878189,2.5254004284259848,231.84593200683594,17.876506805419922,0,7,0,6,6,-0.012664487828043509,-0.9364289918980073,-0.9981263470525299,0,0,0,0,115,False,False,
127,4,1269.3369708641824,879.1751275878189,2.5254004284259848,231.84593200683594,17.876506805419922,0,7,0,6,6,-0.012664487828043509,-0.9364289918980073,-0.9981263470525299,0,0,0,0,115,False,False,
127,5,1269.3369708641824,879.1751275878189,2.5254004284259848,231.84593200683594,17.876506805419922,0,7,0,6,6,-0.012664487828043509,-0.9364289918980073,-0.9981263470525299,0,0,0,0,115,False,False,
127,6,1269.3369708641824,879.1751275878189,2.5254004284259848,231.84593200683594,17.876506805419922,0,7,0,6,6,-0.012664487828043509,-0.9364289918980073,-0.9981263470525299,0,0,0,0,115,False,False,
127,7,1269.3369708641824,879.1751275878189,2.5254004284259848,231.84593200683594,17.876506805419922,0,7,0,6,6,-0.012664487828043509,-0.9364289918980073,-0.9981263470525299,0,0,0,0,115,False,False,
128,0,1266.810452601912,879.2602204492567,2.5279508153154433,234.3738555908203,17.902149200439453,0,7,0,6,6,-0.014269575924819833,-0.9431686025547887,-0.9922492863601702,0,0,0,0,116,False,False,
128,1,1266.810452601912,879.2602204492567,2.5279508153154433,234.3738555908203,17.902149200439453,0,7,0,6,6,-0.014269575924819833,-0.9431686025547887,-0.9922492863601702,0,0,0,0,116,False,False,
128,2,1266.810452601912,879.2602204492567,2.5279508153154433,234.3738555908203,17.902149200439453,0,7,0,6,6,-0.014269575924819833,-0.9431686025547887,-0.9922492863601702,0,0,0,0,116,False,False,
128,3,1266.810452601912,879.2602204492567,2.5279508153154433,234.3738555908203,17.902149200439453,0,7,0,6,6,-0.014269575924819833,-0.9431686025547887,-0.9922492863601702,0,0,0,0,116,False,False,
128,4,1266.810452601912,879.2602204492567,2.5279508153154433,234.3738555908203,17.902149200439453,0,7,0,6,6,-0.014269575924819833,-0.9431686025547887,-0.9922492863601702,0,0,0,0,116,False,False,
128,5,1266.810452601912,879.2602204492567,2.5279508153154433,234.3738555908203,17.902149200439453,0,7,0,6,6,-0.014269575924819833,-0.9431686025547887,-0.9922492863601702,0,0,0,0,116,False,False,
128,6,1266.810452601912,879.2602204492567,2.5279508153154433,234.3738555908203,17.902149200439453,0,7,0,6,6,-0.014269575924819833,-0.9431686025547887,-0.9922492863601702,0,0,0,0,116,False,False,
128,7,1266.810452601912,879.2602204492567,2.5279508153154433,234.3738555908203,17.902149200439453,0,7,0,6,6,-0.014269575924819833,-0.9431686025547887,-0.9922492863601702,0,0,0,0,116,False,False,
129,0,1264.2814791283743,879.3458369206177,2.5304222987528,236.90423583984375,17.92774200439453,0,7,0,6,6,-0.0163182393201399,-0.9499143281859497,-0.9863138982360952,0,0,0,0,117,False,False,
129,1,1264.2814791283743,879.3458369206177,2.5304222987528,236.90423583984375,17.92774200439453,0,7,0,6,6,-0.0163182393201399,-0.9499143281859497,-0.9863138982360952,0,0,0,0,117,False,False,
129,2,1264.2814791283743,879.3458369206177,2.5304222987528,236.90423583984375,17.92774200439453,0,7,0,6,6,-0.0163182393201399,-0.9499143281859497,-0.9863138982360952,0,0,0,0,117,False,False,
129,3,1264.2814791283743,879.3458369206177,2.5304222987528,236.90423583984375,17.92774200439453,0,7,0,6,6,-0.0163182393201399,-0.9499143281859497,-0.9863138982360952,0,0,0,0,117,False,False,
129,4,1264.2814791283743,879.3458369206177,2.5304222987528,236.90423583984375,17.92774200439453,0,7,0,6,6,-0.0163182393201399,-0.9499143281859497,-0.9863138982360952,0,0,0,0,117,False,False,
129,5,1264.2814791283743,879.3458369206177,2.5304222987528,236.90423583984375,17.92774200439453,0,7,0,6,6,-0.0163182393201399,-0.9499143281859497,-0.9863138982360952,0,0,0,0,117,False,False,
129,6,1264.2814791283743,879.3458369206177,2.5304222987528,236.90423583984375,17.92774200439453,0,7,0,6,6,-0.0163182393201399,-0.9499143281859497,-0.9863138982360952,0,0,0,0,117,False,False,
129,7,1264.2814791283743,879.3458369206177,2.5304222987528,236.90423583984375,17.92774200439453,0,7,0,6,6,-0.0163182393201399,-0.9499143281859497,-0.9863138982360952,0,0,0,0,117,False,False,
130,0,1261.7500953376,879.4319811748021,2.5328491326417253,239.43707275390625,17.953266143798828,0,7,0,6,6,-0.01899242592640525,-0.9566659618214931,-0.9803197619273858,0,0,0,0,118,False,False,
130,1,1261.7500953376,879.4319811748021,2.5328491326417253,239.43707275390625,17.953266143798828,0,7,0,6,6,-0.01899242592640525,-0.9566659618214931,-0.9803197619273858,0,0,0,0,118,False,False,
130,2,1261.7500953376,879.4319811748021,2.5328491326417253,239.43707275390625,17.953266143798828,0,7,0,6,6,-0.01899242592640525,-0.9566659618214931,-0.9803197619273858,0,0,0,0,118,False,False,
130,3,1261.7500953376,879.4319811748021,2.5328491326417253,239.43707275390625,17.953266143798828,0,7,0,6,6,-0.01899242592640525,-0.9566659618214931,-0.9803197619273858,0,0,0,0,118,False,False,
130,4,1261.7500953376,879.4319811748021,2.5328491326417253,239.43707275390625,17.953266143798828,0,7,0,6,6,-0.01899242592640525,-0.9566659618214931,-0.9803197619273858,0,0,0,0,118,False,False,
130,5,1261.7500953376,879.4319811748021,2.5328491326417253,239.43707275390625,17.953266143798828,0,7,0,6,6,-0.01899242592640525,-0.9566659618214931,-0.9803197619273858,0,0,0,0,118,False,False,
130,6,1261.7500953376,879.4319811748021,2.5328491326417253,239.43707275390625,17.953266143798828,0,7,0,6,6,-0.01899242592640525,-0.9566659618214931,-0.9803197619273858,0,0,0,0,118,False,False,
130,7,1261.7500953376,879.4319811748021,2.5328491326417253,239.43707275390625,17.953266143798828,0,7,0,6,6,-0.01899242592640525,-0.9566659618214931,-0.9803197619273858,0,0,0,0,118,False,False,
131,0,1259.216357498631,879.5186378557557,2.535219283805218,241.9723663330078,17.978696823120117,0,7,0,6,6,-0.02262864544425914,-0.9634231433964301,-0.9742744036407137,0,0,0,0,119,False,False,
131,1,1259.216357498631,879.5186378557557,2.535219283805218,241.9723663330078,17.978696823120117,0,7,0,6,6,-0.02262864544425914,-0.9634231433964301,-0.9742744036407137,0,0,0,0,119,False,False,
131,2,1259.216357498631,879.5186378557557,2.535219283805218,241.9723663330078,17.978696823120117,0,7,0,6,6,-0.02262864544425914,-0.9634231433964301,-0.9742744036407137,0,0,0,0,119,False,False,
131,3,1259.216357498631,879.5186378557557,2.535219283805218,241.9723663330078,17.978696823120117,0,7,0,6,6,-0.02262864544425914,-0.9634231433964301,-0.9742744036407137,0,0,0,0,119,False,False,
131,4,1259.216357498631,879.5186378557557,2.535219283805218,241.9723663330078,17.978696823120117,0,7,0,6,6,-0.02262864544425914,-0.9634231433964301,-0.9742744036407137,0,0,0,0,119,False,False,
131,5,1259.216357498631,879.5186378557557,2.535219283805218,241.9723663330078,17.978696823120117,0,7,0,6,6,-0.02262864544425914,-0.9634231433964301,-0.9742744036407137,0,0,0,0,119,False,False,
131,6,1259.216357498631,879.5186378557557,2.535219283805218,241.9723663330078,17.978696823120117,0,7,0,6,6,-0.02262864544425914,-0.9634231433964301,-0.9742744036407137,0,0,0,0,119,False,False,
131,7,1259.216357498631,879.5186378557557,2.535219283805218,241.9723663330078,17.978696823120117,0,7,0,6,6,-0.02262864544425914,-0.9634231433964301,-0.9742744036407137,0,0,0,0,119,False,False,
132,0,1256.6803228115925,879.6057846020425,2.5375315740400484,244.50987243652344,18.003986358642578,0,7,0,6,6,-0.02789052450257638,-0.9701845381591031,-0.968170507992526,0,0,0,0,120,False,False,
132,1,1256.6803228115925,879.6057846020425,2.5375315740400484,244.50987243652344,18.003986358642578,0,7,0,6,6,-0.02789052450257638,-0.9701845381591031,-0.968170507992526,0,0,0,0,120,False,False,
132,2,1256.6803228115925,879.6057846020425,2.5375315740400484,244.50987243652344,18.003986358642578,0,7,0,6,6,-0.02789052450257638,-0.9701845381591031,-0.968170507992526,0,0,0,0,120,False,False,
132,3,1256.6803228115925,879.6057846020425,2.5375315740400484,244.50987243652344,18.003986358642578,0,7,0,6,6,-0.02789052450257638,-0.9701845381591031,-0.968170507992526,0,0,0,0,120,False,False,
132,4,1256.6803228115925,879.6057846020425,2.5375315740400484,244.50987243652344,18.003986358642578,0,7,0,6,6,-0.02789052450257638,-0.9701845381591031,-0.968170507992526,0,0,0,0,120,False,False,
132,5,1256.6803228115925,879.6057846020425,2.5375315740400484,244.50987243652344,18.003986358642578,0,7,0,6,6,-0.02789052450257638,-0.9701845381591031,-0.968170507992526,0,0,0,0,120,False,False,
132,6,1256.6803228115925,879.6057846020425,2.5375315740400484,244.50987243652344,18.003986358642578,0,7,0,6,6,-0.02789052450257638,-0.9701845381591031,-0.968170507992526,0,0,0,0,120,False,False,
132,7,1256.6803228115925,879.6057846020425,2.5375315740400484,244.50987243652344,18.003986358642578,0,7,0,6,6,-0.02789052450257638,-0.9701845381591031,-0.968170507992526,0,0,0,0,120,False,False,
133,0,1254.142071707587,879.6934342159371,2.5397639893896287,247.04959106445312,18.029048919677734,0,7,0,6,6,-0.03622064418623773,-0.9769486558294056,-0.962008073196186,0,0,0,0,121,False,False,
133,1,1254.142071707587,879.6934342159371,2.5397639893896287,247.04959106445312,18.029048919677734,0,7,0,6,6,-0.03622064418623773,-0.9769486558294056,-0.962008073196186,0,0,0,0,121,False,False,
133,2,1254.142071707587,879.6934342159371,2.5397639893896287,247.04959106445312,18.029048919677734,0,7,0,6,6,-0.03622064418623773,-0.9769486558294056,-0.962008073196186,0,0,0,0,121,False,False,
133,3,1254.142071707587,879.6934342159371,2.5397639893896287,247.04959106445312,18.029048919677734,0,7,0,6,6,-0.03622064418623773,-0.9769486558294056,-0.962008073196186,0,0,0,0,121,False,False,
133,4,1254.142071707587,879.6934342159371,2.5397639893896287,247.04959106445312,18.029048919677734,0,7,0,6,6,-0.03622064418623773,-0.9769486558294056,-0.962008073196186,0,0,0,0,121,False,False,
133,5,1254.142071707587,879.6934342159371,2.5397639893896287,247.04959106445312,18.029048919677734,0,7,0,6,6,-0.03622064418623773,-0.9769486558294056,-0.962008073196186,0,0,0,0,121,False,False,
133,6,1254.142071707587,879.6934342159371,2.5397639893896287,247.04959106445312,18.029048919677734,0,7,0,6,6,-0.03622064418623773,-0.9769486558294056,-0.962008073196186,0,0,0,0,121,False,False,
133,7,1254.142071707587,879.6934342159371,2.5397639893896287,247.04959106445312,18.029048919677734,0,7,0,6,6,-0.03622064418623773,-0.9769486558294056,-0.962008073196186,0,0,0,0,121,False,False,
134,0,1251.6016482363816,879.7815660355876,2.5419517364982678,249.59152221679688,18.05368995666504,0,7,0,6,6,-0.05143188105532393,-0.9837115276399865,-0.9557944155285648,0,0,0,0,122,False,False,
134,1,1251.6016482363816,879.7815660355876,2.5419517364982678,249.59152221679688,18.05368995666504,0,7,0,6,6,-0.05143188105532393,-0.9837115276399865,-0.9557944155285648,0,0,0,0,122,False,False,
134,2,1251.6016482363816,879.7815660355876,2.5419517364982678,249.59152221679688,18.05368995666504,0,7,0,6,6,-0.05143188105532393,-0.9837115276399865,-0.9557944155285648,0,0,0,0,122,False,False,
134,3,1251.6016482363816,879.7815660355876,2.5419517364982678,249.59152221679688,18.05368995666504,0,7,0,6,6,-0.05143188105532393,-0.9837115276399865,-0.9557944155285648,0,0,0,0,122,False,False,
134,4,1251.6016482363816,879.7815660355876,2.5419517364982678,249.59152221679688,18.05368995666504,0,7,0,6,6,-0.05143188105532393,-0.9837115276399865,-0.9557944155285648,0,0,0,0,122,False,False,
134,5,1251.6016482363816,879.7815660355876,2.5419517364982678,249.59152221679688,18.05368995666504,0,7,0,6,6,-0.05143188105532393,-0.9837115276399865,-0.9557944155285648,0,0,0,0,122,False,False,
134,6,1251.6016482363816,879.7815660355876,2.5419517364982678,249.59152221679688,18.05368995666504,0,7,0,6,6,-0.05143188105532393,-0.9837115276399865,-0.9557944155285648,0,0,0,0,122,False,False,
134,7,1251.6016482363816,879.7815660355876,2.5419517364982678,249.59152221679688,18.05368995666504,0,7,0,6,6,-0.05143188105532393,-0.9837115276399865,-0.9557944155285648,0,0,0,0,122,False,False,
135,0,1249.0591277853284,879.8701911075518,2.5440645918302245,252.1356658935547,18.077306747436523,0,7,0,6,6,-0.08815903579632049,-0.990457916622849,-0.9495222204994281,0,0,0,0,123,False,False,
135,1,1249.0591277853284,879.8701911075518,2.5440645918302245,252.1356658935547,18.077306747436523,0,7,0,6,6,-0.08815903579632049,-0.990457916622849,-0.9495222204994281,0,0,0,0,123,False,False,
135,2,1249.0591277853284,879.8701911075518,2.5440645918302245,252.1356658935547,18.077306747436523,0,7,0,6,6,-0.08815903579632049,-0.990457916622849,-0.9495222204994281,0,0,0,0,123,False,False,
135,3,1249.0591277853284,879.8701911075518,2.5440645918302245,252.1356658935547,18.077306747436523,0,7,0,6,6,-0.08815903579632049,-0.990457916622849,-0.9495222204994281,0,0,0,0,123,False,False,
135,4,1249.0591277853284,879.8701911075518,2.5440645918302245,252.1356658935547,18.077306747436523,0,7,0,6,6,-0.08815903579632049,-0.990457916622849,-0.9495222204994281,0,0,0,0,123,False,False,
135,5,1249.0591277853284,879.8701911075518,2.5440645918302245,252.1356658935547,18.077306747436523,0,7,0,6,6,-0.08815903579632049,-0.990457916622849,-0.9495222204994281,0,0,0,0,123,False,False,
135,6,1249.0591277853284,879.8701911075518,2.5440645918302245,252.1356658935547,18.077306747436523,0,7,0,6,6,-0.08815903579632049,-0.990457916622849,-0.9495222204994281,0,0,0,0,123,False,False,
135,7,1249.0591277853284,879.8701911075518,2.5440645918302245,252.1356658935547,18.077306747436523,0,7,0,6,6,-0.08815903579632049,-0.990457916622849,-0.9495222204994281,0,0,0,0,123,False,False,
136,0,1246.514562415866,879.9593055231601,2.546125350122382,254.68177795410156,18.095176696777344,0,7,0,6,6,-0.29291840423933685,-0.9970302734687212,-0.9431988061722835,0,0,0,0,124,False,False,
136,1,1246.514562415866,879.9593055231601,2.546125350122382,254.68177795410156,18.095176696777344,0,7,0,6,6,-0.29291840423933685,-0.9970302734687212,-0.9431988061722835,0,0,0,0,124,False,False,
136,2,1246.514562415866,879.9593055231601,2.546125350122382,254.68177795410156,18.095176696777344,0,7,0,6,6,-0.29291840423933685,-0.9970302734687212,-0.9431988061722835,0,0,0,0,124,False,False,
136,3,1246.514562415866,879.9593055231601,2.546125350122382,254.68177795410156,18.095176696777344,0,7,0,6,6,-0.29291840423933685,-0.9970302734687212,-0.9431988061722835,0,0,0,0,124,False,False,
136,4,1246.514562415866,879.9593055231601,2.546125350122382,254.68177795410156,18.095176696777344,0,7,0,6,6,-0.29291840423933685,-0.9970302734687212,-0.9431988061722835,0,0,0,0,124,False,False,
136,5,1246.514562415866,879.9593055231601,2.546125350122382,254.68177795410156,18.095176696777344,0,7,0,6,6,-0.29291840423933685,-0.9970302734687212,-0.9431988061722835,0,0,0,0,124,False,False,
136,6,1246.514562415866,879.9593055231601,2.546125350122382,254.68177795410156,18.095176696777344,0,7,0,6,6,-0.29291840423933685,-0.9970302734687212,-0.9431988061722835,0,0,0,0,124,False,False,
136,7,1246.514562415866,879.9593055231601,2.546125350122382,254.68177795410156,18.095176696777344,0,7,0,6,6,-0.29291840423933685,-0.9970302734687212,-0.9431988061722835,0,0,0,0,124,False,False,
137,0,1243.9680226945825,880.0489280027307,2.5481163122823554,257.2298583984375,20.620891571044922,0,8,1,7,7,-0.01394288132022786,-0.9094106343601318,-0.9393822430962361,0,0,0,0,125,False,False,
137,1,1243.9680226945825,880.0489280027307,2.5481163122823554,257.2298583984375,20.620891571044922,0,8,1,7,7,-0.01394288132022786,-0.9094106343601318,-0.9393822430962361,0,0,0,0,125,False,False,
137,2,1243.9680226945825,880.0489280027307,2.5481163122823554,257.2298583984375,20.620891571044922,0,8,1,7,7,-0.01394288132022786,-0.9094106343601318,-0.9393822430962361,0,0,0,0,125,False,False,
137,3,1243.9680226945825,880.0489280027307,2.5481163122823554,257.2298583984375,20.620891571044922,0,8,1,7,7,-0.01394288132022786,-0.9094106343601318,-0.9393822430962361,0,0,0,0,125,False,False,
137,4,1243.9680226945825,880.0489280027307,2.5481163122823554,257.2298583984375,20.620891571044922,0,8,1,7,7,-0.01394288132022786,-0.9094106343601318,-0.9393822430962361,0,0,0,0,125,False,False,
137,5,1243.9680226945825,880.0489280027307,2.5481163122823554,257.2298583984375,20.620891571044922,0,8,1,7,7,-0.01394288132022786,-0.9094106343601318,-0.9393822430962361,0,0,0,0,125,False,False,
137,6,1243.9680226945825,880.0489280027307,2.5481163122823554,257.2298583984375,20.620891571044922,0,8,1,7,7,-0.01394288132022786,-0.9094106343601318,-0.9393822430962361,0,0,0,0,125,False,False,
137,7,1243.9680226945825,880.0489280027307,2.5481163122823554,257.2298583984375,20.620891571044922,0,8,1,7,7,-0.01394288132022786,-0.9094106343601318,-0.9393822430962361,0,0,0,0,125,False,False,
138,0,1241.4195267824111,880.1390104524236,2.5500875008706045,259.7799072265625,20.646574020385742,0,8,0,7,7,-0.015179974178038139,-0.9162089892222894,-0.9371860450703523,0,0,0,0,126,False,False,
138,1,1241.4195267824111,880.1390104524236,2.5500875008706045,259.7799072265625,20.646574020385742,0,8,0,7,7,-0.015179974178038139,-0.9162089892222894,-0.9371860450703523,0,0,0,0,126,False,False,
138,2,1241.4195267824111,880.1390104524236,2.5500875008706045,259.7799072265625,20.646574020385742,0,8,0,7,7,-0.015179974178038139,-0.9162089892222894,-0.9371860450703523,0,0,0,0,126,False,False,
138,3,1241.4195267824111,880.1390104524236,2.5500875008706045,259.7799072265625,20.646574020385742,0,8,0,7,7,-0.015179974178038139,-0.9162089892222894,-0.9371860450703523,0,0,0,0,126,False,False,
138,4,1241.4195267824111,880.1390104524236,2.5500875008706045,259.7799072265625,20.646574020385742,0,8,0,7,7,-0.015179974178038139,-0.9162089892222894,-0.9371860450703523,0,0,0,0,126,False,False,
138,5,1241.4195267824111,880.1390104524236,2.5500875008706045,259.7799072265625,20.646574020385742,0,8,0,7,7,-0.015179974178038139,-0.9162089892222894,-0.9371860450703523,0,0,0,0,126,False,False,
138,6,1241.4195267824111,880.1390104524236,2.5500875008706045,259.7799072265625,20.646574020385742,0,8,0,7,7,-0.015179974178038139,-0.9162089892222894,-0.9371860450703523,0,0,0,0,126,False,False,
138,7,1241.4195267824111,880.1390104524236,2.5500875008706045,259.7799072265625,20.646574020385742,0,8,0,7,7,-0.015179974178038139,-0.9162089892222894,-0.9371860450703523,0,0,0,0,126,False,False,
139,0,1238.869144255351,880.2295482450512,2.551989052920706,262.3319396972656,20.672224044799805,0,8,0,7,7,-0.016626624680994774,-0.9230122470052212,-0.9349459601030612,0,0,0,0,127,False,False,
139,1,1238.869144255351,880.2295482450512,2.551989052920706,262.3319396972656,20.672224044799805,0,8,0,7,7,-0.016626624680994774,-0.9230122470052212,-0.9349459601030612,0,0,0,0,127,False,False,
139,2,1238.869144255351,880.2295482450512,2.551989052920706,262.3319396972656,20.672224044799805,0,8,0,7,7,-0.016626624680994774,-0.9230122470052212,-0.9349459601030612,0,0,0,0,127,False,False,
139,3,1238.869144255351,880.2295482450512,2.551989052920706,262.3319396972656,20.672224044799805,0,8,0,7,7,-0.016626624680994774,-0.9230122470052212,-0.9349459601030612,0,0,0,0,127,False,False,
139,4,1238.869144255351,880.2295482450512,2.551989052920706,262.3319396972656,20.672224044799805,0,8,0,7,7,-0.016626624680994774,-0.9230122470052212,-0.9349459601030612,0,0,0,0,127,False,False,
139,5,1238.869144255351,880.2295482450512,2.551989052920706,262.3319396972656,20.672224044799805,0,8,0,7,7,-0.016626624680994774,-0.9230122470052212,-0.9349459601030612,0,0,0,0,127,False,False,
139,6,1238.869144255351,880.2295482450512,2.551989052920706,262.3319396972656,20.672224044799805,0,8,0,7,7,-0.016626624680994774,-0.9230122470052212,-0.9349459601030612,0,0,0,0,127,False,False,
139,7,1238.869144255351,880.2295482450512,2.551989052920706,262.3319396972656,20.672224044799805,0,8,0,7,7,-0.016626624680994774,-0.9230122470052212,-0.9349459601030612,0,0,0,0,127,False,False,
140,0,1236.3169261655407,880.3205360970337,2.553839456027729,264.88580322265625,20.697834014892578,0,8,0,7,7,-0.018345441928379575,-0.9298199832082267,-0.9326542484846178,0,0,0,0,128,False,False,
140,1,1236.3169261655407,880.3205360970337,2.553839456027729,264.88580322265625,20.697834014892578,0,8,0,7,7,-0.018345441928379575,-0.9298199832082267,-0.9326542484846178,0,0,0,0,128,False,False,
140,2,1236.3169261655407,880.3205360970337,2.553839456027729,264.88580322265625,20.697834014892578,0,8,0,7,7,-0.018345441928379575,-0.9298199832082267,-0.9326542484846178,0,0,0,0,128,False,False,
140,3,1236.3169261655407,880.3205360970337,2.553839456027729,264.88580322265625,20.697834014892578,0,8,0,7,7,-0.018345441928379575,-0.9298199832082267,-0.9326542484846178,0,0,0,0,128,False,False,
140,4,1236.3169261655407,880.3205360970337,2.553839456027729,264.88580322265625,20.697834014892578,0,8,0,7,7,-0.018345441928379575,-0.9298199832082267,-0.9326542484846178,0,0,0,0,128,False,False,
140,5,1236.3169261655407,880.3205360970337,2.553839456027729,264.88580322265625,20.697834014892578,0,8,0,7,7,-0.018345441928379575,-0.9298199832082267,-0.9326542484846178,0,0,0,0,128,False,False,
140,6,1236.3169261655407,880.3205360970337,2.553839456027729,264.88580322265625,20.697834014892578,0,8,0,7,7,-0.018345441928379575,-0.9298199832082267,-0.9326542484846178,0,0,0,0,128,False,False,
140,7,1236.3169261655407,880.3205360970337,2.553839456027729,264.88580322265625,20.697834014892578,0,8,0,7,7,-0.018345441928379575,-0.9298199832082267,-0.9326542484846178,0,0,0,0,128,False,False,
141,0,1233.762926319939,880.4119746334693,2.555636166843595,267.44140625,20.723390579223633,0,8,0,7,7,-0.02042469989483714,-0.936631726820299,-0.9303190644244578,0,0,0,0,129,False,False,
141,1,1233.762926319939,880.4119746334693,2.555636166843595,267.44140625,20.723390579223633,0,8,0,7,7,-0.02042469989483714,-0.936631726820299,-0.9303190644244578,0,0,0,0,129,False,False,
141,2,1233.762926319939,880.4119746334693,2.555636166843595,267.44140625,20.723390579223633,0,8,0,7,7,-0.02042469989483714,-0.936631726820299,-0.9303190644244578,0,0,0,0,129,False,False,
141,3,1233.762926319939,880.4119746334693,2.555636166843595,267.44140625,20.723390579223633,0,8,0,7,7,-0.02042469989483714,-0.936631726820299,-0.9303190644244578,0,0,0,0,129,False,False,
141,4,1233.762926319939,880.4119746334693,2.555636166843595,267.44140625,20.723390579223633,0,8,0,7,7,-0.02042469989483714,-0.936631726820299,-0.9303190644244578,0,0,0,0,129,False,False,
141,5,1233.762926319939,880.4119746334693,2.555636166843595,267.44140625,20.723390579223633,0,8,0,7,7,-0.02042469989483714,-0.936631726820299,-0.9303190644244578,0,0,0,0,129,False,False,
141,6,1233.762926319939,880.4119746334693,2.555636166843595,267.44140625,20.723390579223633,0,8,0,7,7,-0.02042469989483714,-0.936631726820299,-0.9303190644244578,0,0,0,0,129,False,False,
141,7,1233.762926319939,880.4119746334693,2.555636166843595,267.44140625,20.723390579223633,0,8,0,7,7,-0.02042469989483714,-0.936631726820299,-0.9303190644244578,0,0,0,0,129,False,False,
142,0,1231.2071794070562,880.5038398077279,2.5573974061438234,269.99884033203125,20.748878479003906,0,8,0,7,7,-0.022988594136971744,-0.9434475902162303,-0.9279395789231996,0,0,0,0,130,False,False,
142,1,1231.2071794070562,880.5038398077279,2.5573974061438234,269.99884033203125,20.748878479003906,0,8,0,7,7,-0.022988594136971744,-0.9434475902162303,-0.9279395789231996,0,0,0,0,130,False,False,
142,2,1231.2071794070562,880.5038398077279,2.5573974061438234,269.99884033203125,20.748878479003906,0,8,0,7,7,-0.022988594136971744,-0.9434475902162303,-0.9279395789231996,0,0,0,0,130,False,False,
142,3,1231.2071794070562,880.5038398077279,2.5573974061438234,269.99884033203125,20.748878479003906,0,8,0,7,7,-0.022988594136971744,-0.9434475902162303,-0.9279395789231996,0,0,0,0,130,False,False,
142,4,1231.2071794070562,880.5038398077279,2.5573974061438234,269.99884033203125,20.748878479003906,0,8,0,7,7,-0.022988594136971744,-0.9434475902162303,-0.9279395789231996,0,0,0,0,130,False,False,
142,5,1231.2071794070562,880.5038398077279,2.5573974061438234,269.99884033203125,20.748878479003906,0,8,0,7,7,-0.022988594136971744,-0.9434475902162303,-0.9279395789231996,0,0,0,0,130,False,False,
142,6,1231.2071794070562,880.5038398077279,2.5573974061438234,269.99884033203125,20.748878479003906,0,8,0,7,7,-0.022988594136971744,-0.9434475902162303,-0.9279395789231996,0,0,0,0,130,False,False,
142,7,1231.2071794070562,880.5038398077279,2.5573974061438234,269.99884033203125,20.748878479003906,0,8,0,7,7,-0.022988594136971744,-0.9434475902162303,-0.9279395789231996,0,0,0,0,130,False,False,
143,0,1228.649703535497,880.5960683133011,2.559138318037355,272.5579833984375,20.774280548095703,0,8,0,7,7,-0.02622740787101697,-0.9502669182912035,-0.9255239247506398,0,0,0,0,131,False,False,
143,1,1228.649703535497,880.5960683133011,2.559138318037355,272.5579833984375,20.774280548095703,0,8,0,7,7,-0.02622740787101697,-0.9502669182912035,-0.9255239247506398,0,0,0,0,131,False,False,
143,2,1228.649703535497,880.5960683133011,2.559138318037355,272.5579833984375,20.774280548095703,0,8,0,7,7,-0.02622740787101697,-0.9502669182912035,-0.9255239247506398,0,0,0,0,131,False,False,
143,3,1228.649703535497,880.5960683133011,2.559138318037355,272.5579833984375,20.774280548095703,0,8,0,7,7,-0.02622740787101697,-0.9502669182912035,-0.9255239247506398,0,0,0,0,131,False,False,
143,4,1228.649703535497,880.5960683133011,2.559138318037355,272.5579833984375,20.774280548095703,0,8,0,7,7,-0.02622740787101697,-0.9502669182912035,-0.9255239247506398,0,0,0,0,131,False,False,
143,5,1228.649703535497,880.5960683133011,2.559138318037355,272.5579833984375,20.774280548095703,0,8,0,7,7,-0.02622740787101697,-0.9502669182912035,-0.9255239247506398,0,0,0,0,131,False,False,
143,6,1228.649703535497,880.5960683133011,2.559138318037355,272.5579833984375,20.774280548095703,0,8,0,7,7,-0.02622740787101697,-0.9502669182912035,-0.9255239247506398,0,0,0,0,131,False,False,
143,7,1228.649703535497,880.5960683133011,2.559138318037355,272.5579833984375,20.774280548095703,0,8,0,7,7,-0.02622740787101697,-0.9502669182912035,-0.9255239247506398,0,0,0,0,131,False,False,
144,0,1226.0905507495518,880.6886292509835,2.5608261379867874,275.1187438964844,20.799570083618164,0,8,0,7,7,-0.030479536744504307,-0.957088847633425,-0.923063969136982,0,0,0,0,132,False,False,
144,1,1226.0905507495518,880.6886292509835,2.5608261379867874,275.1187438964844,20.799570083618164,0,8,0,7,7,-0.030479536744504307,-0.957088847633425,-0.923063969136982,0,0,0,0,132,False,False,
144,2,1226.0905507495518,880.6886292509835,2.5608261379867874,275.1187438964844,20.799570083618164,0,8,0,7,7,-0.030479536744504307,-0.957088847633425,-0.923063969136982,0,0,0,0,132,False,False,
144,3,1226.0905507495518,880.6886292509835,2.5608261379867874,275.1187438964844,20.799570083618164,0,8,0,7,7,-0.030479536744504307,-0.957088847633425,-0.923063969136982,0,0,0,0,132,False,False,
144,4,1226.0905507495518,880.6886292509835,2.5608261379867874,275.1187438964844,20.799570083618164,0,8,0,7,7,-0.030479536744504307,-0.957088847633425,-0.923063969136982,0,0,0,0,132,False,False,
144,5,1226.0905507495518,880.6886292509835,2.5608261379867874,275.1187438964844,20.799570083618164,0,8,0,7,7,-0.030479536744504307,-0.957088847633425,-0.923063969136982,0,0,0,0,132,False,False,
144,6,1226.0905507495518,880.6886292509835,2.5608261379867874,275.1187438964844,20.799570083618164,0,8,0,7,7,-0.030479536744504307,-0.957088847633425,-0.923063969136982,0,0,0,0,132,False,False,
144,7,1226.0905507495518,880.6886292509835,2.5608261379867874,275.1187438964844,20.799570083618164,0,8,0,7,7,-0.030479536744504307,-0.957088847633425,-0.923063969136982,0,0,0,0,132,False,False,
145,0,1223.529744547246,880.7814675351348,2.5624885078320268,277.68121337890625,20.82469940185547,0,8,0,7,7,-0.036312906725935234,-0.9639127649209873,-0.9205820736258935,0,0,0,0,133,False,False,
145,1,1223.529744547246,880.7814675351348,2.5624885078320268,277.68121337890625,20.82469940185547,0,8,0,7,7,-0.036312906725935234,-0.9639127649209873,-0.9205820736258935,0,0,0,0,133,False,False,
145,2,1223.529744547246,880.7814675351348,2.5624885078320268,277.68121337890625,20.82469940185547,0,8,0,7,7,-0.036312906725935234,-0.9639127649209873,-0.9205820736258935,0,0,0,0,133,False,False,
145,3,1223.529744547246,880.7814675351348,2.5624885078320268,277.68121337890625,20.82469940185547,0,8,0,7,7,-0.036312906725935234,-0.9639127649209873,-0.9205820736258935,0,0,0,0,133,False,False,
145,4,1223.529744547246,880.7814675351348,2.5624885078320268,277.68121337890625,20.82469940185547,0,8,0,7,7,-0.036312906725935234,-0.9639127649209873,-0.9205820736258935,0,0,0,0,133,False,False,
145,5,1223.529744547246,880.7814675351348,2.5624885078320268,277.68121337890625,20.82469940185547,0,8,0,7,7,-0.036312906725935234,-0.9639127649209873,-0.9205820736258935,0,0,0,0,133,False,False,
145,6,1223.529744547246,880.7814675351348,2.5624885078320268,277.68121337890625,20.82469940185547,0,8,0,7,7,-0.036312906725935234,-0.9639127649209873,-0.9205820736258935,0,0,0,0,133,False,False,
145,7,1223.529744547246,880.7814675351348,2.5624885078320268,277.68121337890625,20.82469940185547,0,8,0,7,7,-0.036312906725935234,-0.9639127649209873,-0.9205820736258935,0,0,0,0,133,False,False,
146,0,1220.967350257367,880.8743945784171,2.5640787687157554,280.2452697753906,20.849586486816406,0,8,0,7,7,-0.04480093214951542,-0.9707365451867669,-0.9181001709682587,0,0,0,0,134,False,False,
146,1,1220.967350257367,880.8743945784171,2.5640787687157554,280.2452697753906,20.849586486816406,0,8,0,7,7,-0.04480093214951542,-0.9707365451867669,-0.9181001709682587,0,0,0,0,134,False,False,
146,2,1220.967350257367,880.8743945784171,2.5640787687157554,280.2452697753906,20.849586486816406,0,8,0,7,7,-0.04480093214951542,-0.9707365451867669,-0.9181001709682587,0,0,0,0,134,False,False,
146,3,1220.967350257367,880.8743945784171,2.5640787687157554,280.2452697753906,20.849586486816406,0,8,0,7,7,-0.04480093214951542,-0.9707365451867669,-0.9181001709682587,0,0,0,0,134,False,False,
146,4,1220.967350257367,880.8743945784171,2.5640787687157554,280.2452697753906,20.849586486816406,0,8,0,7,7,-0.04480093214951542,-0.9707365451867669,-0.9181001709682587,0,0,0,0,134,False,False,
146,5,1220.967350257367,880.8743945784171,2.5640787687157554,280.2452697753906,20.849586486816406,0,8,0,7,7,-0.04480093214951542,-0.9707365451867669,-0.9181001709682587,0,0,0,0,134,False,False,
146,6,1220.967350257367,880.8743945784171,2.5640787687157554,280.2452697753906,20.849586486816406,0,8,0,7,7,-0.04480093214951542,-0.9707365451867669,-0.9181001709682587,0,0,0,0,134,False,False,
146,7,1220.967350257367,880.8743945784171,2.5640787687157554,280.2452697753906,20.849586486816406,0,8,0,7,7,-0.04480093214951542,-0.9707365451867669,-0.9181001709682587,0,0,0,0,134,False,False,
147,0,1218.4033792669559,880.9673510603865,2.5656555004928494,282.81103515625,20.874099731445312,0,8,0,7,7,-0.05843930952274579,-0.977556517642026,-0.9156186828103148,0,0,0,0,135,False,False,
147,1,1218.4033792669559,880.9673510603865,2.5656555004928494,282.81103515625,20.874099731445312,0,8,0,7,7,-0.05843930952274579,-0.977556517642026,-0.9156186828103148,0,0,0,0,135,False,False,
147,2,1218.4033792669559,880.9673510603865,2.5656555004928494,282.81103515625,20.874099731445312,0,8,0,7,7,-0.05843930952274579,-0.977556517642026,-0.9156186828103148,0,0,0,0,135,False,False,
147,3,1218.4033792669559,880.9673510603865,2.5656555004928494,282.81103515625,20.874099731445312,0,8,0,7,7,-0.05843930952274579,-0.977556517642026,-0.9156186828103148,0,0,0,0,135,False,False,
147,4,1218.4033792669559,880.9673510603865,2.5656555004928494,282.81103515625,20.874099731445312,0,8,0,7,7,-0.05843930952274579,-0.977556517642026,-0.9156186828103148,0,0,0,0,135,False,False,
147,5,1218.4033792669559,880.9673510603865,2.5656555004928494,282.81103515625,20.874099731445312,0,8,0,7,7,-0.05843930952274579,-0.977556517642026,-0.9156186828103148,0,0,0,0,135,False,False,
147,6,1218.4033792669559,880.9673510603865,2.5656555004928494,282.81103515625,20.874099731445312,0,8,0,7,7,-0.05843930952274579,-0.977556517642026,-0.9156186828103148,0,0,0,0,135,False,False,
147,7,1218.4033792669559,880.9673510603865,2.5656555004928494,282.81103515625,20.874099731445312,0,8,0,7,7,-0.05843930952274579,-0.977556517642026,-0.9156186828103148,0,0,0,0,135,False,False,
148,0,1215.8378587069776,881.0603289311696,2.5672048278480766,285.3781433105469,20.89790153503418,0,8,0,7,7,-0.08397607319513377,-0.9843607545271835,-0.91313678015268,0,0,0,0,136,False,False,
148,1,1215.8378587069776,881.0603289311696,2.5672048278480766,285.3781433105469,20.89790153503418,0,8,0,7,7,-0.08397607319513377,-0.9843607545271835,-0.91313678015268,0,0,0,0,136,False,False,
148,2,1215.8378587069776,881.0603289311696,2.5672048278480766,285.3781433105469,20.89790153503418,0,8,0,7,7,-0.08397607319513377,-0.9843607545271835,-0.91313678015268,0,0,0,0,136,False,False,
148,3,1215.8378587069776,881.0603289311696,2.5672048278480766,285.3781433105469,20.89790153503418,0,8,0,7,7,-0.08397607319513377,-0.9843607545271835,-0.91313678015268,0,0,0,0,136,False,False,
148,4,1215.8378587069776,881.0603289311696,2.5672048278480766,285.3781433105469,20.89790153503418,0,8,0,7,7,-0.08397607319513377,-0.9843607545271835,-0.91313678015268,0,0,0,0,136,False,False,
148,5,1215.8378587069776,881.0603289311696,2.5672048278480766,285.3781433105469,20.89790153503418,0,8,0,7,7,-0.08397607319513377,-0.9843607545271835,-0.91313678015268,0,0,0,0,136,False,False,
148,6,1215.8378587069776,881.0603289311696,2.5672048278480766,285.3781433105469,20.89790153503418,0,8,0,7,7,-0.08397607319513377,-0.9843607545271835,-0.91313678015268,0,0,0,0,136,False,False,
148,7,1215.8378587069776,881.0603289311696,2.5672048278480766,285.3781433105469,20.89790153503418,0,8,0,7,7,-0.08397607319513377,-0.9843607545271835,-0.91313678015268,0,0,0,0,136,False,False,
149,0,1213.2708237695667,881.1533443223927,2.568719570699006,287.94683837890625,20.91988754272461,0,8,0,7,7,-0.1485635448639894,-0.9911053796801594,-0.9106548774950451,0,0,0,0,137,False,False,
149,1,1213.2708237695667,881.1533443223927,2.568719570699006,287.94683837890625,20.91988754272461,0,8,0,7,7,-0.1485635448639894,-0.9911053796801594,-0.9106548774950451,0,0,0,0,137,False,False,
149,2,1213.2708237695667,881.1533443223927,2.568719570699006,287.94683837890625,20.91988754272461,0,8,0,7,7,-0.1485635448639894,-0.9911053796801594,-0.9106548774950451,0,0,0,0,137,False,False,
149,3,1213.2708237695667,881.1533443223927,2.568719570699006,287.94683837890625,20.91988754272461,0,8,0,7,7,-0.1485635448639894,-0.9911053796801594,-0.9106548774950451,0,0,0,0,137,False,False,
149,4,1213.2708237695667,881.1533443223927,2.568719570699006,287.94683837890625,20.91988754272461,0,8,0,7,7,-0.1485635448639894,-0.9911053796801594,-0.9106548774950451,0,0,0,0,137,False,False,
149,5,1213.2708237695667,881.1533443223927,2.568719570699006,287.94683837890625,20.91988754272461,0,8,0,7,7,-0.1485635448639894,-0.9911053796801594,-0.9106548774950451,0,0,0,0,137,False,False,
149,6,1213.2708237695667,881.1533443223927,2.568719570699006,287.94683837890625,20.91988754272461,0,8,0,7,7,-0.1485635448639894,-0.9911053796801594,-0.9106548774950451,0,0,0,0,137,False,False,
149,7,1213.2708237695667,881.1533443223927,2.568719570699006,287.94683837890625,20.91988754272461,0,8,0,7,7,-0.1485635448639894,-0.9911053796801594,-0.9106548774950451,0,0,0,0,137,False,False,
150,0,1210.702329839647,881.2464270870965,2.5701800460510547,290.5171203613281,20.93077850341797,0,8,0,7,7,-0.5424474425110614,-0.9972670956791306,-0.9081729819839568,0,0,0,0,138,False,False,
150,1,1210.702329839647,881.2464270870965,2.5701800460510547,290.5171203613281,20.93077850341797,0,8,0,7,7,-0.5424474425110614,-0.9972670956791306,-0.9081729819839568,0,0,0,0,138,False,False,
150,2,1210.702329839647,881.2464270870965,2.5701800460510547,290.5171203613281,20.93077850341797,0,8,0,7,7,-0.5424474425110614,-0.9972670956791306,-0.9081729819839568,0,0,0,0,138,False,False,
150,3,1210.702329839647,881.2464270870965,2.5701800460510547,290.5171203613281,20.93077850341797,0,8,0,7,7,-0.5424474425110614,-0.9972670956791306,-0.9081729819839568,0,0,0,0,138,False,False,
150,4,1210.702329839647,881.2464270870965,2.5701800460510547,290.5171203613281,20.93077850341797,0,8,0,7,7,-0.5424474425110614,-0.9972670956791306,-0.9081729819839568,0,0,0,0,138,False,False,
150,5,1210.702329839647,881.2464270870965,2.5701800460510547,290.5171203613281,20.93077850341797,0,8,0,7,7,-0.5424474425110614,-0.9972670956791306,-0.9081729819839568,0,0,0,0,138,False,False,
150,6,1210.702329839647,881.2464270870965,2.5701800460510547,290.5171203613281,20.93077850341797,0,8,0,7,7,-0.5424474425110614,-0.9972670956791306,-0.9081729819839568,0,0,0,0,138,False,False,
150,7,1210.702329839647,881.2464270870965,2.5701800460510547,290.5171203613281,20.93077850341797,0,8,0,7,7,-0.5424474425110614,-0.9972670956791306,-0.9081729819839568,0,0,0,0,138,False,False,
151,0,1208.132407823209,881.3395783722485,2.571609677322605,293.088623046875,23.45665740966797,0,9,1,8,8,-0.010749399936520061,-0.9089631081041518,-0.9087448700660672,0,0,0,0,139,False,False,
151,1,1208.132407823209,881.3395783722485,2.571609677322605,293.088623046875,23.45665740966797,0,9,1,8,8,-0.010749399936520061,-0.9089631081041518,-0.9087448700660672,0,0,0,0,139,False,False,
151,2,1208.132407823209,881.3395783722485,2.571609677322605,293.088623046875,23.45665740966797,0,9,1,8,8,-0.010749399936520061,-0.9089631081041518,-0.9087448700660672,0,0,0,0,139,False,False,
151,3,1208.132407823209,881.3395783722485,2.571609677322605,293.088623046875,23.45665740966797,0,9,1,8,8,-0.010749399936520061,-0.9089631081041518,-0.9087448700660672,0,0,0,0,139,False,False,
151,4,1208.132407823209,881.3395783722485,2.571609677322605,293.088623046875,23.45665740966797,0,9,1,8,8,-0.010749399936520061,-0.9089631081041518,-0.9087448700660672,0,0,0,0,139,False,False,
151,5,1208.132407823209,881.3395783722485,2.571609677322605,293.088623046875,23.45665740966797,0,9,1,8,8,-0.010749399936520061,-0.9089631081041518,-0.9087448700660672,0,0,0,0,139,False,False,
151,6,1208.132407823209,881.3395783722485,2.571609677322605,293.088623046875,23.45665740966797,0,9,1,8,8,-0.010749399936520061,-0.9089631081041518,-0.9087448700660672,0,0,0,0,139,False,False,
151,7,1208.132407823209,881.3395783722485,2.571609677322605,293.088623046875,23.45665740966797,0,9,1,8,8,-0.010749399936520061,-0.9089631081041518,-0.9087448700660672,0,0,0,0,139,False,False,
152,0,1205.5611076219977,881.4327614559525,2.5729881095406713,295.6615905761719,23.482513427734375,0,9,0,8,8,-0.011619823214251647,-0.9158233210346746,-0.910414989372228,0,0,0,0,140,False,False,
152,1,1205.5611076219977,881.4327614559525,2.5729881095406713,295.6615905761719,23.482513427734375,0,9,0,8,8,-0.011619823214251647,-0.9158233210346746,-0.910414989372228,0,0,0,0,140,False,False,
152,2,1205.5611076219977,881.4327614559525,2.5729881095406713,295.6615905761719,23.482513427734375,0,9,0,8,8,-0.011619823214251647,-0.9158233210346746,-0.910414989372228,0,0,0,0,140,False,False,
152,3,1205.5611076219977,881.4327614559525,2.5729881095406713,295.6615905761719,23.482513427734375,0,9,0,8,8,-0.011619823214251647,-0.9158233210346746,-0.910414989372228,0,0,0,0,140,False,False,
152,4,1205.5611076219977,881.4327614559525,2.5729881095406713,295.6615905761719,23.482513427734375,0,9,0,8,8,-0.011619823214251647,-0.9158233210346746,-0.910414989372228,0,0,0,0,140,False,False,
152,5,1205.5611076219977,881.4327614559525,2.5729881095406713,295.6615905761719,23.482513427734375,0,9,0,8,8,-0.011619823214251647,-0.9158233210346746,-0.910414989372228,0,0,0,0,140,False,False,
152,6,1205.5611076219977,881.4327614559525,2.5729881095406713,295.6615905761719,23.482513427734375,0,9,0,8,8,-0.011619823214251647,-0.9158233210346746,-0.910414989372228,0,0,0,0,140,False,False,
152,7,1205.5611076219977,881.4327614559525,2.5729881095406713,295.6615905761719,23.482513427734375,0,9,0,8,8,-0.011619823214251647,-0.9158233210346746,-0.910414989372228,0,0,0,0,140,False,False,
153,0,1202.9884806901443,881.525927314871,2.5743133468491415,298.23590087890625,23.508346557617188,0,9,0,8,8,-0.012634712432016689,-0.9226869296771079,-0.9120924195953499,0,0,0,0,141,False,False,
153,1,1202.9884806901443,881.525927314871,2.5743133468491415,298.23590087890625,23.508346557617188,0,9,0,8,8,-0.012634712432016689,-0.9226869296771079,-0.9120924195953499,0,0,0,0,141,False,False,
153,2,1202.9884806901443,881.525927314871,2.5743133468491415,298.23590087890625,23.508346557617188,0,9,0,8,8,-0.012634712432016689,-0.9226869296771079,-0.9120924195953499,0,0,0,0,141,False,False,
153,3,1202.9884806901443,881.525927314871,2.5743133468491415,298.23590087890625,23.508346557617188,0,9,0,8,8,-0.012634712432016689,-0.9226869296771079,-0.9120924195953499,0,0,0,0,141,False,False,
153,4,1202.9884806901443,881.525927314871,2.5743133468491415,298.23590087890625,23.508346557617188,0,9,0,8,8,-0.012634712432016689,-0.9226869296771079,-0.9120924195953499,0,0,0,0,141,False,False,
153,5,1202.9884806901443,881.525927314871,2.5743133468491415,298.23590087890625,23.508346557617188,0,9,0,8,8,-0.012634712432016689,-0.9226869296771079,-0.9120924195953499,0,0,0,0,141,False,False,
153,6,1202.9884806901443,881.525927314871,2.5743133468491415,298.23590087890625,23.508346557617188,0,9,0,8,8,-0.012634712432016689,-0.9226869296771079,-0.9120924195953499,0,0,0,0,141,False,False,
153,7,1202.9884806901443,881.525927314871,2.5743133468491415,298.23590087890625,23.508346557617188,0,9,0,8,8,-0.012634712432016689,-0.9226869296771079,-0.9120924195953499,0,0,0,0,141,False,False,
154,0,1200.4145782689784,881.6190166684343,2.5755852347438584,300.8115539550781,23.534149169921875,0,9,0,8,8,-0.01383291923429321,-0.9295538716862609,-0.9137917825693561,0,0,0,0,142,False,False,
154,1,1200.4145782689784,881.6190166684343,2.5755852347438584,300.8115539550781,23.534149169921875,0,9,0,8,8,-0.01383291923429321,-0.9295538716862609,-0.9137917825693561,0,0,0,0,142,False,False,
154,2,1200.4145782689784,881.6190166684343,2.5755852347438584,300.8115539550781,23.534149169921875,0,9,0,8,8,-0.01383291923429321,-0.9295538716862609,-0.9137917825693561,0,0,0,0,142,False,False,
154,3,1200.4145782689784,881.6190166684343,2.5755852347438584,300.8115539550781,23.534149169921875,0,9,0,8,8,-0.01383291923429321,-0.9295538716862609,-0.9137917825693561,0,0,0,0,142,False,False,
154,4,1200.4145782689784,881.6190166684343,2.5755852347438584,300.8115539550781,23.534149169921875,0,9,0,8,8,-0.01383291923429321,-0.9295538716862609,-0.9137917825693561,0,0,0,0,142,False,False,
154,5,1200.4145782689784,881.6190166684343,2.5755852347438584,300.8115539550781,23.534149169921875,0,9,0,8,8,-0.01383291923429321,-0.9295538716862609,-0.9137917825693561,0,0,0,0,142,False,False,
154,6,1200.4145782689784,881.6190166684343,2.5755852347438584,300.8115539550781,23.534149169921875,0,9,0,8,8,-0.01383291923429321,-0.9295538716862609,-0.9137917825693561,0,0,0,0,142,False,False,
154,7,1200.4145782689784,881.6190166684343,2.5755852347438584,300.8115539550781,23.534149169921875,0,9,0,8,8,-0.01383291923429321,-0.9295538716862609,-0.9137917825693561,0,0,0,0,142,False,False,
155,0,1197.8394425683637,881.7119780986559,2.576813090639101,303.3883056640625,23.55991554260254,0,9,0,8,8,-0.01528059100330097,-0.9364234202350256,-0.9155130854407927,0,0,0,0,143,False,False,
155,1,1197.8394425683637,881.7119780986559,2.576813090639101,303.3883056640625,23.55991554260254,0,9,0,8,8,-0.01528059100330097,-0.9364234202350256,-0.9155130854407927,0,0,0,0,143,False,False,
155,2,1197.8394425683637,881.7119780986559,2.576813090639101,303.3883056640625,23.55991554260254,0,9,0,8,8,-0.01528059100330097,-0.9364234202350256,-0.9155130854407927,0,0,0,0,143,False,False,
155,3,1197.8394425683637,881.7119780986559,2.576813090639101,303.3883056640625,23.55991554260254,0,9,0,8,8,-0.01528059100330097,-0.9364234202350256,-0.9155130854407927,0,0,0,0,143,False,False,
155,4,1197.8394425683637,881.7119780986559,2.576813090639101,303.3883056640625,23.55991554260254,0,9,0,8,8,-0.01528059100330097,-0.9364234202350256,-0.9155130854407927,0,0,0,0,143,False,False,
155,5,1197.8394425683637,881.7119780986559,2.576813090639101,303.3883056640625,23.55991554260254,0,9,0,8,8,-0.01528059100330097,-0.9364234202350256,-0.9155130854407927,0,0,0,0,143,False,False,
155,6,1197.8394425683637,881.7119780986559,2.576813090639101,303.3883056640625,23.55991554260254,0,9,0,8,8,-0.01528059100330097,-0.9364234202350256,-0.9155130854407927,0,0,0,0,143,False,False,
155,7,1197.8394425683637,881.7119780986559,2.576813090639101,303.3883056640625,23.55991554260254,0,9,0,8,8,-0.01528059100330097,-0.9364234202350256,-0.9155130854407927,0,0,0,0,143,False,False,
156,0,1195.2631313348377,881.8047330345872,2.5779804208200043,305.9662780761719,23.585634231567383,0,9,0,8,8,-0.017064661743999447,-0.943295786577023,-0.9172563210631134,0,0,0,0,144,False,False,
156,1,1195.2631313348377,881.8047330345872,2.5779804208200043,305.9662780761719,23.585634231567383,0,9,0,8,8,-0.017064661743999447,-0.943295786577023,-0.9172563210631134,0,0,0,0,144,False,False,
156,2,1195.2631313348377,881.8047330345872,2.5779804208200043,305.9662780761719,23.585634231567383,0,9,0,8,8,-0.017064661743999447,-0.943295786577023,-0.9172563210631134,0,0,0,0,144,False,False,
156,3,1195.2631313348377,881.8047330345872,2.5779804208200043,305.9662780761719,23.585634231567383,0,9,0,8,8,-0.017064661743999447,-0.943295786577023,-0.9172563210631134,0,0,0,0,144,False,False,
156,4,1195.2631313348377,881.8047330345872,2.5779804208200043,305.9662780761719,23.585634231567383,0,9,0,8,8,-0.017064661743999447,-0.943295786577023,-0.9172563210631134,0,0,0,0,144,False,False,
156,5,1195.2631313348377,881.8047330345872,2.5779804208200043,305.9662780761719,23.585634231567383,0,9,0,8,8,-0.017064661743999447,-0.943295786577023,-0.9172563210631134,0,0,0,0,144,False,False,
156,6,1195.2631313348377,881.8047330345872,2.5779804208200043,305.9662780761719,23.585634231567383,0,9,0,8,8,-0.017064661743999447,-0.943295786577023,-0.9172563210631134,0,0,0,0,144,False,False,
156,7,1195.2631313348377,881.8047330345872,2.5779804208200043,305.9662780761719,23.585634231567383,0,9,0,8,8,-0.017064661743999447,-0.943295786577023,-0.9172563210631134,0,0,0,0,144,False,False,
157,0,1192.6856687555635,881.897246869241,2.5791223618046217,308.5454406738281,23.61129379272461,0,9,0,8,8,-0.019338844640911172,-0.9501707956531934,-0.9190434221872023,0,0,0,0,145,False,False,
157,1,1192.6856687555635,881.897246869241,2.5791223618046217,308.5454406738281,23.61129379272461,0,9,0,8,8,-0.019338844640911172,-0.9501707956531934,-0.9190434221872023,0,0,0,0,145,False,False,
157,2,1192.6856687555635,881.897246869241,2.5791223618046217,308.5454406738281,23.61129379272461,0,9,0,8,8,-0.019338844640911172,-0.9501707956531934,-0.9190434221872023,0,0,0,0,145,False,False,
157,3,1192.6856687555635,881.897246869241,2.5791223618046217,308.5454406738281,23.61129379272461,0,9,0,8,8,-0.019338844640911172,-0.9501707956531934,-0.9190434221872023,0,0,0,0,145,False,False,
157,4,1192.6856687555635,881.897246869241,2.5791223618046217,308.5454406738281,23.61129379272461,0,9,0,8,8,-0.019338844640911172,-0.9501707956531934,-0.9190434221872023,0,0,0,0,145,False,False,
157,5,1192.6856687555635,881.897246869241,2.5791223618046217,308.5454406738281,23.61129379272461,0,9,0,8,8,-0.019338844640911172,-0.9501707956531934,-0.9190434221872023,0,0,0,0,145,False,False,
157,6,1192.6856687555635,881.897246869241,2.5791223618046217,308.5454406738281,23.61129379272461,0,9,0,8,8,-0.019338844640911172,-0.9501707956531934,-0.9190434221872023,0,0,0,0,145,False,False,
157,7,1192.6856687555635,881.897246869241,2.5791223618046217,308.5454406738281,23.61129379272461,0,9,0,8,8,-0.019338844640911172,-0.9501707956531934,-0.9190434221872023,0,0,0,0,145,False,False,
158,0,1190.1070760747673,881.9895167575112,2.5802430012960476,311.1257019042969,23.636871337890625,0,9,0,8,8,-0.022355548574317492,-0.9570478424394607,-0.920859774125683,0,0,0,0,146,False,False,
158,1,1190.1070760747673,881.9895167575112,2.5802430012960476,311.1257019042969,23.636871337890625,0,9,0,8,8,-0.022355548574317492,-0.9570478424394607,-0.920859774125683,0,0,0,0,146,False,False,
158,2,1190.1070760747673,881.9895167575112,2.5802430012960476,311.1257019042969,23.636871337890625,0,9,0,8,8,-0.022355548574317492,-0.9570478424394607,-0.920859774125683,0,0,0,0,146,False,False,
158,3,1190.1070760747673,881.9895167575112,2.5802430012960476,311.1257019042969,23.636871337890625,0,9,0,8,8,-0.022355548574317492,-0.9570478424394607,-0.920859774125683,0,0,0,0,146,False,False,
158,4,1190.1070760747673,881.9895167575112,2.5802430012960476,311.1257019042969,23.636871337890625,0,9,0,8,8,-0.022355548574317492,-0.9570478424394607,-0.920859774125683,0,0,0,0,146,False,False,
158,5,1190.1070760747673,881.9895167575112,2.5802430012960476,311.1257019042969,23.636871337890625,0,9,0,8,8,-0.022355548574317492,-0.9570478424394607,-0.920859774125683,0,0,0,0,146,False,False,
158,6,1190.1070760747673,881.9895167575112,2.5802430012960476,311.1257019042969,23.636871337890625,0,9,0,8,8,-0.022355548574317492,-0.9570478424394607,-0.920859774125683,0,0,0,0,146,False,False,
158,7,1190.1070760747673,881.9895167575112,2.5802430012960476,311.1257019042969,23.636871337890625,0,9,0,8,8,-0.022355548574317492,-0.9570478424394607,-0.920859774125683,0,0,0,0,146,False,False,
159,0,1187.5273689300434,882.0815698299882,2.5813490117943454,313.7070617675781,23.662334442138672,0,9,0,8,8,-0.026544714081060444,-0.9639264279501358,-0.9227126877955169,0,0,0,0,147,False,False,
159,1,1187.5273689300434,882.0815698299882,2.5813490117943454,313.7070617675781,23.662334442138672,0,9,0,8,8,-0.026544714081060444,-0.9639264279501358,-0.9227126877955169,0,0,0,0,147,False,False,
159,2,1187.5273689300434,882.0815698299882,2.5813490117943454,313.7070617675781,23.662334442138672,0,9,0,8,8,-0.026544714081060444,-0.9639264279501358,-0.9227126877955169,0,0,0,0,147,False,False,
159,3,1187.5273689300434,882.0815698299882,2.5813490117943454,313.7070617675781,23.662334442138672,0,9,0,8,8,-0.026544714081060444,-0.9639264279501358,-0.9227126877955169,0,0,0,0,147,False,False,
159,4,1187.5273689300434,882.0815698299882,2.5813490117943454,313.7070617675781,23.662334442138672,0,9,0,8,8,-0.026544714081060444,-0.9639264279501358,-0.9227126877955169,0,0,0,0,147,False,False,
159,5,1187.5273689300434,882.0815698299882,2.5813490117943454,313.7070617675781,23.662334442138672,0,9,0,8,8,-0.026544714081060444,-0.9639264279501358,-0.9227126877955169,0,0,0,0,147,False,False,
159,6,1187.5273689300434,882.0815698299882,2.5813490117943454,313.7070617675781,23.662334442138672,0,9,0,8,8,-0.026544714081060444,-0.9639264279501358,-0.9227126877955169,0,0,0,0,147,False,False,
159,7,1187.5273689300434,882.0815698299882,2.5813490117943454,313.7070617675781,23.662334442138672,0,9,0,8,8,-0.026544714081060444,-0.9639264279501358,-0.9227126877955169,0,0,0,0,147,False,False,
160,0,1184.9465660197861,882.1734457271144,2.5824377711893596,316.2895202636719,23.687625885009766,0,9,0,8,8,-0.032741143492888924,-0.9708055800518587,-0.9245802232992735,0,0,0,0,148,False,False,
160,1,1184.9465660197861,882.1734457271144,2.5824377711893596,316.2895202636719,23.687625885009766,0,9,0,8,8,-0.032741143492888924,-0.9708055800518587,-0.9245802232992735,0,0,0,0,148,False,False,
160,2,1184.9465660197861,882.1734457271144,2.5824377711893596,316.2895202636719,23.687625885009766,0,9,0,8,8,-0.032741143492888924,-0.9708055800518587,-0.9245802232992735,0,0,0,0,148,False,False,
160,3,1184.9465660197861,882.1734457271144,2.5824377711893596,316.2895202636719,23.687625885009766,0,9,0,8,8,-0.032741143492888924,-0.9708055800518587,-0.9245802232992735,0,0,0,0,148,False,False,
160,4,1184.9465660197861,882.1734457271144,2.5824377711893596,316.2895202636719,23.687625885009766,0,9,0,8,8,-0.032741143492888924,-0.9708055800518587,-0.9245802232992735,0,0,0,0,148,False,False,
160,5,1184.9465660197861,882.1734457271144,2.5824377711893596,316.2895202636719,23.687625885009766,0,9,0,8,8,-0.032741143492888924,-0.9708055800518587,-0.9245802232992735,0,0,0,0,148,False,False,
160,6,1184.9465660197861,882.1734457271144,2.5824377711893596,316.2895202636719,23.687625885009766,0,9,0,8,8,-0.032741143492888924,-0.9708055800518587,-0.9245802232992735,0,0,0,0,148,False,False,
160,7,1184.9465660197861,882.1734457271144,2.5824377711893596,316.2895202636719,23.687625885009766,0,9,0,8,8,-0.032741143492888924,-0.9708055800518587,-0.9245802232992735,0,0,0,0,148,False,False,
161,0,1182.3646861637535,882.2651910756787,2.583509396145093,318.8729248046875,23.712636947631836,0,9,0,8,8,-0.04278911246512836,-0.9776828027149432,-0.9264776170738654,0,0,0,0,149,False,False,
161,1,1182.3646861637535,882.2651910756787,2.583509396145093,318.8729248046875,23.712636947631836,0,9,0,8,8,-0.04278911246512836,-0.9776828027149432,-0.9264776170738654,0,0,0,0,149,False,False,
161,2,1182.3646861637535,882.2651910756787,2.583509396145093,318.8729248046875,23.712636947631836,0,9,0,8,8,-0.04278911246512836,-0.9776828027149432,-0.9264776170738654,0,0,0,0,149,False,False,
161,3,1182.3646861637535,882.2651910756787,2.583509396145093,318.8729248046875,23.712636947631836,0,9,0,8,8,-0.04278911246512836,-0.9776828027149432,-0.9264776170738654,0,0,0,0,149,False,False,
161,4,1182.3646861637535,882.2651910756787,2.583509396145093,318.8729248046875,23.712636947631836,0,9,0,8,8,-0.04278911246512836,-0.9776828027149432,-0.9264776170738654,0,0,0,0,149,False,False,
161,5,1182.3646861637535,882.2651910756787,2.583509396145093,318.8729248046875,23.712636947631836,0,9,0,8,8,-0.04278911246512836,-0.9776828027149432,-0.9264776170738654,0,0,0,0,149,False,False,
161,6,1182.3646861637535,882.2651910756787,2.583509396145093,318.8729248046875,23.712636947631836,0,9,0,8,8,-0.04278911246512836,-0.9776828027149432,-0.9264776170738654,0,0,0,0,149,False,False,
161,7,1182.3646861637535,882.2651910756787,2.583509396145093,318.8729248046875,23.712636947631836,0,9,0,8,8,-0.04278911246512836,-0.9776828027149432,-0.9264776170738654,0,0,0,0,149,False,False,
162,0,1179.781748269609,882.3568559635769,2.5845639122841897,321.4575500488281,23.73711395263672,0,9,0,8,8,-0.06182826627291939,-0.9845526889903462,-0.9283890180793902,0,0,0,0,150,False,False,
162,1,1179.781748269609,882.3568559635769,2.5845639122841897,321.4575500488281,23.73711395263672,0,9,0,8,8,-0.06182826627291939,-0.9845526889903462,-0.9283890180793902,0,0,0,0,150,False,False,
162,2,1179.781748269609,882.3568559635769,2.5845639122841897,321.4575500488281,23.73711395263672,0,9,0,8,8,-0.06182826627291939,-0.9845526889903462,-0.9283890180793902,0,0,0,0,150,False,False,
162,3,1179.781748269609,882.3568559635769,2.5845639122841897,321.4575500488281,23.73711395263672,0,9,0,8,8,-0.06182826627291939,-0.9845526889903462,-0.9283890180793902,0,0,0,0,150,False,False,
162,4,1179.781748269609,882.3568559635769,2.5845639122841897,321.4575500488281,23.73711395263672,0,9,0,8,8,-0.06182826627291939,-0.9845526889903462,-0.9283890180793902,0,0,0,0,150,False,False,
162,5,1179.781748269609,882.3568559635769,2.5845639122841897,321.4575500488281,23.73711395263672,0,9,0,8,8,-0.06182826627291939,-0.9845526889903462,-0.9283890180793902,0,0,0,0,150,False,False,
162,6,1179.781748269609,882.3568559635769,2.5845639122841897,321.4575500488281,23.73711395263672,0,9,0,8,8,-0.06182826627291939,-0.9845526889903462,-0.9283890180793902,0,0,0,0,150,False,False,
162,7,1179.781748269609,882.3568559635769,2.5845639122841897,321.4575500488281,23.73711395263672,0,9,0,8,8,-0.06182826627291939,-0.9845526889903462,-0.9283890180793902,0,0,0,0,150,False,False,
163,0,1177.197776884127,882.4484916055986,2.5855957170209836,324.04315185546875,23.76019859313965,0,9,0,8,8,-0.11127463392600198,-0.9913891974692448,-0.9303156626683741,0,0,0,0,151,False,False,
163,1,1177.197776884127,882.4484916055986,2.5855957170209836,324.04315185546875,23.76019859313965,0,9,0,8,8,-0.11127463392600198,-0.9913891974692448,-0.9303156626683741,0,0,0,0,151,False,False,
163,2,1177.197776884127,882.4484916055986,2.5855957170209836,324.04315185546875,23.76019859313965,0,9,0,8,8,-0.11127463392600198,-0.9913891974692448,-0.9303156626683741,0,0,0,0,151,False,False,
163,3,1177.197776884127,882.4484916055986,2.5855957170209836,324.04315185546875,23.76019859313965,0,9,0,8,8,-0.11127463392600198,-0.9913891974692448,-0.9303156626683741,0,0,0,0,151,False,False,
163,4,1177.197776884127,882.4484916055986,2.5855957170209836,324.04315185546875,23.76019859313965,0,9,0,8,8,-0.11127463392600198,-0.9913891974692448,-0.9303156626683741,0,0,0,0,151,False,False,
163,5,1177.197776884127,882.4484916055986,2.5855957170209836,324.04315185546875,23.76019859313965,0,9,0,8,8,-0.11127463392600198,-0.9913891974692448,-0.9303156626683741,0,0,0,0,151,False,False,
163,6,1177.197776884127,882.4484916055986,2.5855957170209836,324.04315185546875,23.76019859313965,0,9,0,8,8,-0.11127463392600198,-0.9913891974692448,-0.9303156626683741,0,0,0,0,151,False,False,
163,7,1177.197776884127,882.4484916055986,2.5855957170209836,324.04315185546875,23.76019859313965,0,9,0,8,8,-0.11127463392600198,-0.9913891974692448,-0.9303156626683741,0,0,0,0,151,False,False,
164,0,1174.6128113744194,882.5400992269393,2.5865882244119307,326.6297302246094,23.77280616760254,0,9,0,8,8,-0.48246404636804147,-0.997821766933335,-0.9322416855078216,0,0,0,0,152,False,False,
164,1,1174.6128113744194,882.5400992269393,2.5865882244119307,326.6297302246094,23.77280616760254,0,9,0,8,8,-0.48246404636804147,-0.997821766933335,-0.9322416855078216,0,0,0,0,152,False,False,
164,2,1174.6128113744194,882.5400992269393,2.5865882244119307,326.6297302246094,23.77280616760254,0,9,0,8,8,-0.48246404636804147,-0.997821766933335,-0.9322416855078216,0,0,0,0,152,False,False,
164,3,1174.6128113744194,882.5400992269393,2.5865882244119307,326.6297302246094,23.77280616760254,0,9,0,8,8,-0.48246404636804147,-0.997821766933335,-0.9322416855078216,0,0,0,0,152,False,False,
164,4,1174.6128113744194,882.5400992269393,2.5865882244119307,326.6297302246094,23.77280616760254,0,9,0,8,8,-0.48246404636804147,-0.997821766933335,-0.9322416855078216,0,0,0,0,152,False,False,
164,5,1174.6128113744194,882.5400992269393,2.5865882244119307,326.6297302246094,23.77280616760254,0,9,0,8,8,-0.48246404636804147,-0.997821766933335,-0.9322416855078216,0,0,0,0,152,False,False,
164,6,1174.6128113744194,882.5400992269393,2.5865882244119307,326.6297302246094,23.77280616760254,0,9,0,8,8,-0.48246404636804147,-0.997821766933335,-0.9322416855078216,0,0,0,0,152,False,False,
164,7,1174.6128113744194,882.5400992269393,2.5865882244119307,326.6297302246094,23.77280616760254,0,9,0,8,8,-0.48246404636804147,-0.997821766933335,-0.9322416855078216,0,0,0,0,152,False,False,
165,0,1172.0268865397074,882.6316656556826,2.587545489774519,329.21728515625,26.29833221435547,0,10,1,9,9,-0.02503286139070345,-0.9105943627890895,-0.9276024691832343,0,0,0,0,153,False,False,
165,1,1172.0268865397074,882.6316656556826,2.587545489774519,329.21728515625,26.29833221435547,0,10,1,9,9,-0.02503286139070345,-0.9105943627890895,-0.9276024691832343,0,0,0,0,153,False,False,
165,2,1172.0268865397074,882.6316656556826,2.587545489774519,329.21728515625,26.29833221435547,0,10,1,9,9,-0.02503286139070345,-0.9105943627890895,-0.9276024691832343,0,0,0,0,153,False,False,
165,3,1172.0268865397074,882.6316656556826,2.587545489774519,329.21728515625,26.29833221435547,0,10,1,9,9,-0.02503286139070345,-0.9105943627890895,-0.9276024691832343,0,0,0,0,153,False,False,
165,4,1172.0268865397074,882.6316656556826,2.587545489774519,329.21728515625,26.29833221435547,0,10,1,9,9,-0.02503286139070345,-0.9105943627890895,-0.9276024691832343,0,0,0,0,153,False,False,
165,5,1172.0268865397074,882.6316656556826,2.587545489774519,329.21728515625,26.29833221435547,0,10,1,9,9,-0.02503286139070345,-0.9105943627890895,-0.9276024691832343,0,0,0,0,153,False,False,
165,6,1172.0268865397074,882.6316656556826,2.587545489774519,329.21728515625,26.29833221435547,0,10,1,9,9,-0.02503286139070345,-0.9105943627890895,-0.9276024691832343,0,0,0,0,153,False,False,
165,7,1172.0268865397074,882.6316656556826,2.587545489774519,329.21728515625,26.29833221435547,0,10,1,9,9,-0.02503286139070345,-0.9105943627890895,-0.9276024691832343,0,0,0,0,153,False,False,
166,0,1169.4400630916573,882.7233088338207,2.588446256633829,331.8056945800781,26.323793411254883,0,10,0,9,9,-0.027139135395921384,-0.9174910147635823,-0.9209790356919109,0,0,0,0,154,False,False,
166,1,1169.4400630916573,882.7233088338207,2.588446256633829,331.8056945800781,26.323793411254883,0,10,0,9,9,-0.027139135395921384,-0.9174910147635823,-0.9209790356919109,0,0,0,0,154,False,False,
166,2,1169.4400630916573,882.7233088338207,2.588446256633829,331.8056945800781,26.323793411254883,0,10,0,9,9,-0.027139135395921384,-0.9174910147635823,-0.9209790356919109,0,0,0,0,154,False,False,
166,3,1169.4400630916573,882.7233088338207,2.588446256633829,331.8056945800781,26.323793411254883,0,10,0,9,9,-0.027139135395921384,-0.9174910147635823,-0.9209790356919109,0,0,0,0,154,False,False,
166,4,1169.4400630916573,882.7233088338207,2.588446256633829,331.8056945800781,26.323793411254883,0,10,0,9,9,-0.027139135395921384,-0.9174910147635823,-0.9209790356919109,0,0,0,0,154,False,False,
166,5,1169.4400630916573,882.7233088338207,2.588446256633829,331.8056945800781,26.323793411254883,0,10,0,9,9,-0.027139135395921384,-0.9174910147635823,-0.9209790356919109,0,0,0,0,154,False,False,
166,6,1169.4400630916573,882.7233088338207,2.588446256633829,331.8056945800781,26.323793411254883,0,10,0,9,9,-0.027139135395921384,-0.9174910147635823,-0.9209790356919109,0,0,0,0,154,False,False,
166,7,1169.4400630916573,882.7233088338207,2.588446256633829,331.8056945800781,26.323793411254883,0,10,0,9,9,-0.027139135395921384,-0.9174910147635823,-0.9209790356919109,0,0,0,0,154,False,False,
167,0,1166.852365985185,882.81509564109,2.589324454917394,334.39495849609375,26.34919548034668,0,10,0,9,9,-0.029647187686949412,-0.9243888848732225,-0.914348291283626,0,0,0,0,155,False,False,
167,1,1166.852365985185,882.81509564109,2.589324454917394,334.39495849609375,26.34919548034668,0,10,0,9,9,-0.029647187686949412,-0.9243888848732225,-0.914348291283626,0,0,0,0,155,False,False,
167,2,1166.852365985185,882.81509564109,2.589324454917394,334.39495849609375,26.34919548034668,0,10,0,9,9,-0.029647187686949412,-0.9243888848732225,-0.914348291283626,0,0,0,0,155,False,False,
167,3,1166.852365985185,882.81509564109,2.589324454917394,334.39495849609375,26.34919548034668,0,10,0,9,9,-0.029647187686949412,-0.9243888848732225,-0.914348291283626,0,0,0,0,155,False,False,
167,4,1166.852365985185,882.81509564109,2.589324454917394,334.39495849609375,26.34919548034668,0,10,0,9,9,-0.029647187686949412,-0.9243888848732225,-0.914348291283626,0,0,0,0,155,False,False,
167,5,1166.852365985185,882.81509564109,2.589324454917394,334.39495849609375,26.34919548034668,0,10,0,9,9,-0.029647187686949412,-0.9243888848732225,-0.914348291283626,0,0,0,0,155,False,False,
167,6,1166.852365985185,882.81509564109,2.589324454917394,334.39495849609375,26.34919548034668,0,10,0,9,9,-0.029647187686949412,-0.9243888848732225,-0.914348291283626,0,0,0,0,155,False,False,
167,7,1166.852365985185,882.81509564109,2.589324454917394,334.39495849609375,26.34919548034668,0,10,0,9,9,-0.029647187686949412,-0.9243888848732225,-0.914348291283626,0,0,0,0,155,False,False,
168,0,1164.2637955811672,882.9069321088213,2.5901989640493785,336.9851989746094,26.3745059967041,0,10,0,9,9,-0.032630457573021784,-0.931287980622686,-0.9077100287085345,0,0,0,0,156,False,False,
168,1,1164.2637955811672,882.9069321088213,2.5901989640493785,336.9851989746094,26.3745059967041,0,10,0,9,9,-0.032630457573021784,-0.931287980622686,-0.9077100287085345,0,0,0,0,156,False,False,
168,2,1164.2637955811672,882.9069321088213,2.5901989640493785,336.9851989746094,26.3745059967041,0,10,0,9,9,-0.032630457573021784,-0.931287980622686,-0.9077100287085345,0,0,0,0,156,False,False,
168,3,1164.2637955811672,882.9069321088213,2.5901989640493785,336.9851989746094,26.3745059967041,0,10,0,9,9,-0.032630457573021784,-0.931287980622686,-0.9077100287085345,0,0,0,0,156,False,False,
168,4,1164.2637955811672,882.9069321088213,2.5901989640493785,336.9851989746094,26.3745059967041,0,10,0,9,9,-0.032630457573021784,-0.931287980622686,-0.9077100287085345,0,0,0,0,156,False,False,
168,5,1164.2637955811672,882.9069321088213,2.5901989640493785,336.9851989746094,26.3745059967041,0,10,0,9,9,-0.032630457573021784,-0.931287980622686,-0.9077100287085345,0,0,0,0,156,False,False,
168,6,1164.2637955811672,882.9069321088213,2.5901989640493785,336.9851989746094,26.3745059967041,0,10,0,9,9,-0.032630457573021784,-0.931287980622686,-0.9077100287085345,0,0,0,0,156,False,False,
168,7,1164.2637955811672,882.9069321088213,2.5901989640493785,336.9851989746094,26.3745059967041,0,10,0,9,9,-0.032630457573021784,-0.931287980622686,-0.9077100287085345,0,0,0,0,156,False,False,
169,0,1161.6743521686044,882.9988171595785,2.5910731462884233,339.5762939453125,26.399721145629883,0,10,0,9,9,-0.03628213324888065,-0.9381875074791813,-0.9010646481732341,0,0,0,0,157,False,False,
169,1,1161.6743521686044,882.9988171595785,2.5910731462884233,339.5762939453125,26.399721145629883,0,10,0,9,9,-0.03628213324888065,-0.9381875074791813,-0.9010646481732341,0,0,0,0,157,False,False,
169,2,1161.6743521686044,882.9988171595785,2.5910731462884233,339.5762939453125,26.399721145629883,0,10,0,9,9,-0.03628213324888065,-0.9381875074791813,-0.9010646481732341,0,0,0,0,157,False,False,
169,3,1161.6743521686044,882.9988171595785,2.5910731462884233,339.5762939453125,26.399721145629883,0,10,0,9,9,-0.03628213324888065,-0.9381875074791813,-0.9010646481732341,0,0,0,0,157,False,False,
169,4,1161.6743521686044,882.9988171595785,2.5910731462884233,339.5762939453125,26.399721145629883,0,10,0,9,9,-0.03628213324888065,-0.9381875074791813,-0.9010646481732341,0,0,0,0,157,False,False,
169,5,1161.6743521686044,882.9988171595785,2.5910731462884233,339.5762939453125,26.399721145629883,0,10,0,9,9,-0.03628213324888065,-0.9381875074791813,-0.9010646481732341,0,0,0,0,157,False,False,
169,6,1161.6743521686044,882.9988171595785,2.5910731462884233,339.5762939453125,26.399721145629883,0,10,0,9,9,-0.03628213324888065,-0.9381875074791813,-0.9010646481732341,0,0,0,0,157,False,False,
169,7,1161.6743521686044,882.9988171595785,2.5910731462884233,339.5762939453125,26.399721145629883,0,10,0,9,9,-0.03628213324888065,-0.9381875074791813,-0.9010646481732341,0,0,0,0,157,False,False,
170,0,1159.084060461896,883.0907499674315,2.591922600503804,342.1681213378906,26.424814224243164,0,10,0,9,9,-0.04085081253288081,-0.9450864479191295,-0.8944190603880884,0,0,0,0,158,False,False,
170,1,1159.084060461896,883.0907499674315,2.591922600503804,342.1681213378906,26.424814224243164,0,10,0,9,9,-0.04085081253288081,-0.9450864479191295,-0.8944190603880884,0,0,0,0,158,False,False,
170,2,1159.084060461896,883.0907499674315,2.591922600503804,342.1681213378906,26.424814224243164,0,10,0,9,9,-0.04085081253288081,-0.9450864479191295,-0.8944190603880884,0,0,0,0,158,False,False,
170,3,1159.084060461896,883.0907499674315,2.591922600503804,342.1681213378906,26.424814224243164,0,10,0,9,9,-0.04085081253288081,-0.9450864479191295,-0.8944190603880884,0,0,0,0,158,False,False,
170,4,1159.084060461896,883.0907499674315,2.591922600503804,342.1681213378906,26.424814224243164,0,10,0,9,9,-0.04085081253288081,-0.9450864479191295,-0.8944190603880884,0,0,0,0,158,False,False,
170,5,1159.084060461896,883.0907499674315,2.591922600503804,342.1681213378906,26.424814224243164,0,10,0,9,9,-0.04085081253288081,-0.9450864479191295,-0.8944190603880884,0,0,0,0,158,False,False,
170,6,1159.084060461896,883.0907499674315,2.591922600503804,342.1681213378906,26.424814224243164,0,10,0,9,9,-0.04085081253288081,-0.9450864479191295,-0.8944190603880884,0,0,0,0,158,False,False,
170,7,1159.084060461896,883.0907499674315,2.591922600503804,342.1681213378906,26.424814224243164,0,10,0,9,9,-0.04085081253288081,-0.9450864479191295,-0.8944190603880884,0,0,0,0,158,False,False,
171,0,1156.4929615334966,883.1827582374226,2.5927319912591624,344.76092529296875,26.44974136352539,0,10,0,9,9,-0.04674134754066901,-0.9519843506837076,-0.8877663617892803,0,0,0,0,159,False,False,
171,1,1156.4929615334966,883.1827582374226,2.5927319912591624,344.76092529296875,26.44974136352539,0,10,0,9,9,-0.04674134754066901,-0.9519843506837076,-0.8877663617892803,0,0,0,0,159,False,False,
171,2,1156.4929615334966,883.1827582374226,2.5927319912591624,344.76092529296875,26.44974136352539,0,10,0,9,9,-0.04674134754066901,-0.9519843506837076,-0.8877663617892803,0,0,0,0,159,False,False,
171,3,1156.4929615334966,883.1827582374226,2.5927319912591624,344.76092529296875,26.44974136352539,0,10,0,9,9,-0.04674134754066901,-0.9519843506837076,-0.8877663617892803,0,0,0,0,159,False,False,
171,4,1156.4929615334966,883.1827582374226,2.5927319912591624,344.76092529296875,26.44974136352539,0,10,0,9,9,-0.04674134754066901,-0.9519843506837076,-0.8877663617892803,0,0,0,0,159,False,False,
171,5,1156.4929615334966,883.1827582374226,2.5927319912591624,344.76092529296875,26.44974136352539,0,10,0,9,9,-0.04674134754066901,-0.9519843506837076,-0.8877663617892803,0,0,0,0,159,False,False,
171,6,1156.4929615334966,883.1827582374226,2.5927319912591624,344.76092529296875,26.44974136352539,0,10,0,9,9,-0.04674134754066901,-0.9519843506837076,-0.8877663617892803,0,0,0,0,159,False,False,
171,7,1156.4929615334966,883.1827582374226,2.5927319912591624,344.76092529296875,26.44974136352539,0,10,0,9,9,-0.04674134754066901,-0.9519843506837076,-0.8877663617892803,0,0,0,0,159,False,False,
172,0,1153.9010913185407,883.2748796125782,2.5935068071890095,347.3543701171875,26.474449157714844,0,10,0,9,9,-0.054621816920033935,-0.9588783861322036,-0.8810917161464953,0,0,0,0,160,False,False,
172,1,1153.9010913185407,883.2748796125782,2.5935068071890095,347.3543701171875,26.474449157714844,0,10,0,9,9,-0.054621816920033935,-0.9588783861322036,-0.8810917161464953,0,0,0,0,160,False,False,
172,2,1153.9010913185407,883.2748796125782,2.5935068071890095,347.3543701171875,26.474449157714844,0,10,0,9,9,-0.054621816920033935,-0.9588783861322036,-0.8810917161464953,0,0,0,0,160,False,False,
172,3,1153.9010913185407,883.2748796125782,2.5935068071890095,347.3543701171875,26.474449157714844,0,10,0,9,9,-0.054621816920033935,-0.9588783861322036,-0.8810917161464953,0,0,0,0,160,False,False,
172,4,1153.9010913185407,883.2748796125782,2.5935068071890095,347.3543701171875,26.474449157714844,0,10,0,9,9,-0.054621816920033935,-0.9588783861322036,-0.8810917161464953,0,0,0,0,160,False,False,
172,5,1153.9010913185407,883.2748796125782,2.5935068071890095,347.3543701171875,26.474449157714844,0,10,0,9,9,-0.054621816920033935,-0.9588783861322036,-0.8810917161464953,0,0,0,0,160,False,False,
172,6,1153.9010913185407,883.2748796125782,2.5935068071890095,347.3543701171875,26.474449157714844,0,10,0,9,9,-0.054621816920033935,-0.9588783861322036,-0.8810917161464953,0,0,0,0,160,False,False,
172,7,1153.9010913185407,883.2748796125782,2.5935068071890095,347.3543701171875,26.474449157714844,0,10,0,9,9,-0.054621816920033935,-0.9588783861322036,-0.8810917161464953,0,0,0,0,160,False,False,
173,0,1151.3084846703227,883.3671570890813,2.594248323706491,349.94866943359375,26.49884605407715,0,10,0,9,9,-0.065685522582007,-0.9657658820286467,-0.8744095380438107,0,0,0,0,161,False,False,
173,1,1151.3084846703227,883.3671570890813,2.594248323706491,349.94866943359375,26.49884605407715,0,10,0,9,9,-0.065685522582007,-0.9657658820286467,-0.8744095380438107,0,0,0,0,161,False,False,
173,2,1151.3084846703227,883.3671570890813,2.594248323706491,349.94866943359375,26.49884605407715,0,10,0,9,9,-0.065685522582007,-0.9657658820286467,-0.8744095380438107,0,0,0,0,161,False,False,
173,3,1151.3084846703227,883.3671570890813,2.594248323706491,349.94866943359375,26.49884605407715,0,10,0,9,9,-0.065685522582007,-0.9657658820286467,-0.8744095380438107,0,0,0,0,161,False,False,
173,4,1151.3084846703227,883.3671570890813,2.594248323706491,349.94866943359375,26.49884605407715,0,10,0,9,9,-0.065685522582007,-0.9657658820286467,-0.8744095380438107,0,0,0,0,161,False,False,
173,5,1151.3084846703227,883.3671570890813,2.594248323706491,349.94866943359375,26.49884605407715,0,10,0,9,9,-0.065685522582007,-0.9657658820286467,-0.8744095380438107,0,0,0,0,161,False,False,
173,6,1151.3084846703227,883.3671570890813,2.594248323706491,349.94866943359375,26.49884605407715,0,10,0,9,9,-0.065685522582007,-0.9657658820286467,-0.8744095380438107,0,0,0,0,161,False,False,
173,7,1151.3084846703227,883.3671570890813,2.594248323706491,349.94866943359375,26.49884605407715,0,10,0,9,9,-0.065685522582007,-0.9657658820286467,-0.8744095380438107,0,0,0,0,161,False,False,
174,0,1148.7151637224636,883.4596173892273,2.5949686791382636,352.5435791015625,26.522777557373047,0,10,0,9,9,-0.08231565284266051,-0.9726395144181773,-0.8677056344400875,0,0,0,0,162,False,False,
174,1,1148.7151637224636,883.4596173892273,2.5949686791382636,352.5435791015625,26.522777557373047,0,10,0,9,9,-0.08231565284266051,-0.9726395144181773,-0.8677056344400875,0,0,0,0,162,False,False,
174,2,1148.7151637224636,883.4596173892273,2.5949686791382636,352.5435791015625,26.522777557373047,0,10,0,9,9,-0.08231565284266051,-0.9726395144181773,-0.8677056344400875,0,0,0,0,162,False,False,
174,3,1148.7151637224636,883.4596173892273,2.5949686791382636,352.5435791015625,26.522777557373047,0,10,0,9,9,-0.08231565284266051,-0.9726395144181773,-0.8677056344400875,0,0,0,0,162,False,False,
174,4,1148.7151637224636,883.4596173892273,2.5949686791382636,352.5435791015625,26.522777557373047,0,10,0,9,9,-0.08231565284266051,-0.9726395144181773,-0.8677056344400875,0,0,0,0,162,False,False,
174,5,1148.7151637224636,883.4596173892273,2.5949686791382636,352.5435791015625,26.522777557373047,0,10,0,9,9,-0.08231565284266051,-0.9726395144181773,-0.8677056344400875,0,0,0,0,162,False,False,
174,6,1148.7151637224636,883.4596173892273,2.5949686791382636,352.5435791015625,26.522777557373047,0,10,0,9,9,-0.08231565284266051,-0.9726395144181773,-0.8677056344400875,0,0,0,0,162,False,False,
174,7,1148.7151637224636,883.4596173892273,2.5949686791382636,352.5435791015625,26.522777557373047,0,10,0,9,9,-0.08231565284266051,-0.9726395144181773,-0.8677056344400875,0,0,0,0,162,False,False,
175,0,1146.1211527378714,883.5522822516059,2.595665572623874,355.13934326171875,26.54592514038086,0,10,0,9,9,-0.11008305083301542,-0.9794842637759058,-0.8609722441859415,0,0,0,0,163,False,False,
175,1,1146.1211527378714,883.5522822516059,2.595665572623874,355.13934326171875,26.54592514038086,0,10,0,9,9,-0.11008305083301542,-0.9794842637759058,-0.8609722441859415,0,0,0,0,163,False,False,
175,2,1146.1211527378714,883.5522822516059,2.595665572623874,355.13934326171875,26.54592514038086,0,10,0,9,9,-0.11008305083301542,-0.9794842637759058,-0.8609722441859415,0,0,0,0,163,False,False,
175,3,1146.1211527378714,883.5522822516059,2.595665572623874,355.13934326171875,26.54592514038086,0,10,0,9,9,-0.11008305083301542,-0.9794842637759058,-0.8609722441859415,0,0,0,0,163,False,False,
175,4,1146.1211527378714,883.5522822516059,2.595665572623874,355.13934326171875,26.54592514038086,0,10,0,9,9,-0.11008305083301542,-0.9794842637759058,-0.8609722441859415,0,0,0,0,163,False,False,
175,5,1146.1211527378714,883.5522822516059,2.595665572623874,355.13934326171875,26.54592514038086,0,10,0,9,9,-0.11008305083301542,-0.9794842637759058,-0.8609722441859415,0,0,0,0,163,False,False,
175,6,1146.1211527378714,883.5522822516059,2.595665572623874,355.13934326171875,26.54592514038086,0,10,0,9,9,-0.11008305083301542,-0.9794842637759058,-0.8609722441859415,0,0,0,0,163,False,False,
175,7,1146.1211527378714,883.5522822516059,2.595665572623874,355.13934326171875,26.54592514038086,0,10,0,9,9,-0.11008305083301542,-0.9794842637759058,-0.8609722441859415,0,0,0,0,163,False,False,
176,0,1143.526458233021,883.6451426474456,2.5963556433233204,357.735595703125,26.5675106048584,0,10,0,9,9,-0.16537568617709567,-0.9862525784761967,-0.8542244036149862,0,0,0,0,164,False,False,
176,1,1143.526458233021,883.6451426474456,2.5963556433233204,357.735595703125,26.5675106048584,0,10,0,9,9,-0.16537568617709567,-0.9862525784761967,-0.8542244036149862,0,0,0,0,164,False,False,
176,2,1143.526458233021,883.6451426474456,2.5963556433233204,357.735595703125,26.5675106048584,0,10,0,9,9,-0.16537568617709567,-0.9862525784761967,-0.8542244036149862,0,0,0,0,164,False,False,
176,3,1143.526458233021,883.6451426474456,2.5963556433233204,357.735595703125,26.5675106048584,0,10,0,9,9,-0.16537568617709567,-0.9862525784761967,-0.8542244036149862,0,0,0,0,164,False,False,
176,4,1143.526458233021,883.6451426474456,2.5963556433233204,357.735595703125,26.5675106048584,0,10,0,9,9,-0.16537568617709567,-0.9862525784761967,-0.8542244036149862,0,0,0,0,164,False,False,
176,5,1143.526458233021,883.6451426474456,2.5963556433233204,357.735595703125,26.5675106048584,0,10,0,9,9,-0.16537568617709567,-0.9862525784761967,-0.8542244036149862,0,0,0,0,164,False,False,
176,6,1143.526458233021,883.6451426474456,2.5963556433233204,357.735595703125,26.5675106048584,0,10,0,9,9,-0.16537568617709567,-0.9862525784761967,-0.8542244036149862,0,0,0,0,164,False,False,
176,7,1143.526458233021,883.6451426474456,2.5963556433233204,357.735595703125,26.5675106048584,0,10,0,9,9,-0.16537568617709567,-0.9862525784761967,-0.8542244036149862,0,0,0,0,164,False,False,
177,0,1140.9310754508256,883.7381536260872,2.5970488690558367,360.3327331542969,26.58465003967285,0,10,0,9,9,-0.322698263070968,-0.9927248629943768,-0.8474544230433013,0,0,0,0,165,False,False,
177,1,1140.9310754508256,883.7381536260872,2.5970488690558367,360.3327331542969,26.58465003967285,0,10,0,9,9,-0.322698263070968,-0.9927248629943768,-0.8474544230433013,0,0,0,0,165,False,False,
177,2,1140.9310754508256,883.7381536260872,2.5970488690558367,360.3327331542969,26.58465003967285,0,10,0,9,9,-0.322698263070968,-0.9927248629943768,-0.8474544230433013,0,0,0,0,165,False,False,
177,3,1140.9310754508256,883.7381536260872,2.5970488690558367,360.3327331542969,26.58465003967285,0,10,0,9,9,-0.322698263070968,-0.9927248629943768,-0.8474544230433013,0,0,0,0,165,False,False,
177,4,1140.9310754508256,883.7381536260872,2.5970488690558367,360.3327331542969,26.58465003967285,0,10,0,9,9,-0.322698263070968,-0.9927248629943768,-0.8474544230433013,0,0,0,0,165,False,False,
177,5,1140.9310754508256,883.7381536260872,2.5970488690558367,360.3327331542969,26.58465003967285,0,10,0,9,9,-0.322698263070968,-0.9927248629943768,-0.8474544230433013,0,0,0,0,165,False,False,
177,6,1140.9310754508256,883.7381536260872,2.5970488690558367,360.3327331542969,26.58465003967285,0,10,0,9,9,-0.322698263070968,-0.9927248629943768,-0.8474544230433013,0,0,0,0,165,False,False,
177,7,1140.9310754508256,883.7381536260872,2.5970488690558367,360.3327331542969,26.58465003967285,0,10,0,9,9,-0.322698263070968,-0.9927248629943768,-0.8474544230433013,0,0,0,0,165,False,False,
178,0,1138.3350111377479,883.8312684220788,2.59773368205216,362.93048095703125,29.110864639282227,0,11,1,10,10,-0.001775809985382024,-0.9057219119834172,-0.8421614906803889,0,0,0,0,166,False,False,
178,1,1138.3350111377479,883.8312684220788,2.59773368205216,362.93048095703125,29.110864639282227,0,11,1,10,10,-0.001775809985382024,-0.9057219119834172,-0.8421614906803889,0,0,0,0,166,False,False,
178,2,1138.3350111377479,883.8312684220788,2.59773368205216,362.93048095703125,29.110864639282227,0,11,1,10,10,-0.001775809985382024,-0.9057219119834172,-0.8421614906803889,0,0,0,0,166,False,False,
178,3,1138.3350111377479,883.8312684220788,2.59773368205216,362.93048095703125,29.110864639282227,0,11,1,10,10,-0.001775809985382024,-0.9057219119834172,-0.8421614906803889,0,0,0,0,166,False,False,
178,4,1138.3350111377479,883.8312684220788,2.59773368205216,362.93048095703125,29.110864639282227,0,11,1,10,10,-0.001775809985382024,-0.9057219119834172,-0.8421614906803889,0,0,0,0,166,False,False,
178,5,1138.3350111377479,883.8312684220788,2.59773368205216,362.93048095703125,29.110864639282227,0,11,1,10,10,-0.001775809985382024,-0.9057219119834172,-0.8421614906803889,0,0,0,0,166,False,False,
178,6,1138.3350111377479,883.8312684220788,2.59773368205216,362.93048095703125,29.110864639282227,0,11,1,10,10,-0.001775809985382024,-0.9057219119834172,-0.8421614906803889,0,0,0,0,166,False,False,
178,7,1138.3350111377479,883.8312684220788,2.59773368205216,362.93048095703125,29.110864639282227,0,11,1,10,10,-0.001775809985382024,-0.9057219119834172,-0.8421614906803889,0,0,0,0,166,False,False,
179,0,1135.7383439517012,883.9243327171446,2.5983343584126257,365.5287170410156,29.137069702148438,0,11,0,10,10,-0.0018967758648677268,-0.9126504789696602,-0.8529094247853435,0,0,0,0,167,False,False,
179,1,1135.7383439517012,883.9243327171446,2.5983343584126257,365.5287170410156,29.137069702148438,0,11,0,10,10,-0.0018967758648677268,-0.9126504789696602,-0.8529094247853435,0,0,0,0,167,False,False,
179,2,1135.7383439517012,883.9243327171446,2.5983343584126257,365.5287170410156,29.137069702148438,0,11,0,10,10,-0.0018967758648677268,-0.9126504789696602,-0.8529094247853435,0,0,0,0,167,False,False,
179,3,1135.7383439517012,883.9243327171446,2.5983343584126257,365.5287170410156,29.137069702148438,0,11,0,10,10,-0.0018967758648677268,-0.9126504789696602,-0.8529094247853435,0,0,0,0,167,False,False,
179,4,1135.7383439517012,883.9243327171446,2.5983343584126257,365.5287170410156,29.137069702148438,0,11,0,10,10,-0.0018967758648677268,-0.9126504789696602,-0.8529094247853435,0,0,0,0,167,False,False,
179,5,1135.7383439517012,883.9243327171446,2.5983343584126257,365.5287170410156,29.137069702148438,0,11,0,10,10,-0.0018967758648677268,-0.9126504789696602,-0.8529094247853435,0,0,0,0,167,False,False,
179,6,1135.7383439517012,883.9243327171446,2.5983343584126257,365.5287170410156,29.137069702148438,0,11,0,10,10,-0.0018967758648677268,-0.9126504789696602,-0.8529094247853435,0,0,0,0,167,False,False,
179,7,1135.7383439517012,883.9243327171446,2.5983343584126257,365.5287170410156,29.137069702148438,0,11,0,10,10,-0.0018967758648677268,-0.9126504789696602,-0.8529094247853435,0,0,0,0,167,False,False,
180,0,1133.141081822984,884.0172658051555,2.598924224388967,368.1276550292969,29.163280487060547,0,11,0,10,10,-0.002020157404296836,-0.9195809878846172,-0.8636646769538058,0,0,0,0,168,False,False,
180,1,1133.141081822984,884.0172658051555,2.598924224388967,368.1276550292969,29.163280487060547,0,11,0,10,10,-0.002020157404296836,-0.9195809878846172,-0.8636646769538058,0,0,0,0,168,False,False,
180,2,1133.141081822984,884.0172658051555,2.598924224388967,368.1276550292969,29.163280487060547,0,11,0,10,10,-0.002020157404296836,-0.9195809878846172,-0.8636646769538058,0,0,0,0,168,False,False,
180,3,1133.141081822984,884.0172658051555,2.598924224388967,368.1276550292969,29.163280487060547,0,11,0,10,10,-0.002020157404296836,-0.9195809878846172,-0.8636646769538058,0,0,0,0,168,False,False,
180,4,1133.141081822984,884.0172658051555,2.598924224388967,368.1276550292969,29.163280487060547,0,11,0,10,10,-0.002020157404296836,-0.9195809878846172,-0.8636646769538058,0,0,0,0,168,False,False,
180,5,1133.141081822984,884.0172658051555,2.598924224388967,368.1276550292969,29.163280487060547,0,11,0,10,10,-0.002020157404296836,-0.9195809878846172,-0.8636646769538058,0,0,0,0,168,False,False,
180,6,1133.141081822984,884.0172658051555,2.598924224388967,368.1276550292969,29.163280487060547,0,11,0,10,10,-0.002020157404296836,-0.9195809878846172,-0.8636646769538058,0,0,0,0,168,False,False,
180,7,1133.141081822984,884.0172658051555,2.598924224388967,368.1276550292969,29.163280487060547,0,11,0,10,10,-0.002020157404296836,-0.9195809878846172,-0.8636646769538058,0,0,0,0,168,False,False,
181,0,1130.5432352496025,884.110027021828,2.599502156596169,370.7272033691406,29.189489364624023,0,11,0,10,10,-0.0021593265187798733,-0.9265131016957495,-0.8744480865150616,0,0,0,0,169,False,False,
181,1,1130.5432352496025,884.110027021828,2.599502156596169,370.7272033691406,29.189489364624023,0,11,0,10,10,-0.0021593265187798733,-0.9265131016957495,-0.8744480865150616,0,0,0,0,169,False,False,
181,2,1130.5432352496025,884.110027021828,2.599502156596169,370.7272033691406,29.189489364624023,0,11,0,10,10,-0.0021593265187798733,-0.9265131016957495,-0.8744480865150616,0,0,0,0,169,False,False,
181,3,1130.5432352496025,884.110027021828,2.599502156596169,370.7272033691406,29.189489364624023,0,11,0,10,10,-0.0021593265187798733,-0.9265131016957495,-0.8744480865150616,0,0,0,0,169,False,False,
181,4,1130.5432352496025,884.110027021828,2.599502156596169,370.7272033691406,29.189489364624023,0,11,0,10,10,-0.0021593265187798733,-0.9265131016957495,-0.8744480865150616,0,0,0,0,169,False,False,
181,5,1130.5432352496025,884.110027021828,2.599502156596169,370.7272033691406,29.189489364624023,0,11,0,10,10,-0.0021593265187798733,-0.9265131016957495,-0.8744480865150616,0,0,0,0,169,False,False,
181,6,1130.5432352496025,884.110027021828,2.599502156596169,370.7272033691406,29.189489364624023,0,11,0,10,10,-0.0021593265187798733,-0.9265131016957495,-0.8744480865150616,0,0,0,0,169,False,False,
181,7,1130.5432352496025,884.110027021828,2.599502156596169,370.7272033691406,29.189489364624023,0,11,0,10,10,-0.0021593265187798733,-0.9265131016957495,-0.8744480865150616,0,0,0,0,169,False,False,
182,0,1127.9448077473087,884.2026143933816,2.6000765192679265,373.3272399902344,29.215694427490234,0,11,0,10,10,-0.002331817644215385,-0.9334464937191937,-0.8852617259675652,0,0,0,0,170,False,False,
182,1,1127.9448077473087,884.2026143933816,2.6000765192679265,373.3272399902344,29.215694427490234,0,11,0,10,10,-0.002331817644215385,-0.9334464937191937,-0.8852617259675652,0,0,0,0,170,False,False,
182,2,1127.9448077473087,884.2026143933816,2.6000765192679265,373.3272399902344,29.215694427490234,0,11,0,10,10,-0.002331817644215385,-0.9334464937191937,-0.8852617259675652,0,0,0,0,170,False,False,
182,3,1127.9448077473087,884.2026143933816,2.6000765192679265,373.3272399902344,29.215694427490234,0,11,0,10,10,-0.002331817644215385,-0.9334464937191937,-0.8852617259675652,0,0,0,0,170,False,False,
182,4,1127.9448077473087,884.2026143933816,2.6000765192679265,373.3272399902344,29.215694427490234,0,11,0,10,10,-0.002331817644215385,-0.9334464937191937,-0.8852617259675652,0,0,0,0,170,False,False,
182,5,1127.9448077473087,884.2026143933816,2.6000765192679265,373.3272399902344,29.215694427490234,0,11,0,10,10,-0.002331817644215385,-0.9334464937191937,-0.8852617259675652,0,0,0,0,170,False,False,
182,6,1127.9448077473087,884.2026143933816,2.6000765192679265,373.3272399902344,29.215694427490234,0,11,0,10,10,-0.002331817644215385,-0.9334464937191937,-0.8852617259675652,0,0,0,0,170,False,False,
182,7,1127.9448077473087,884.2026143933816,2.6000765192679265,373.3272399902344,29.215694427490234,0,11,0,10,10,-0.002331817644215385,-0.9334464937191937,-0.8852617259675652,0,0,0,0,170,False,False,
183,0,1125.3458014335833,884.2950531489959,2.600649676969934,375.9278869628906,29.24189567565918,0,11,0,10,10,-0.0025559542283588145,-0.9403814873375874,-0.896104566208636,0,0,0,0,171,False,False,
183,1,1125.3458014335833,884.2950531489959,2.600649676969934,375.9278869628906,29.24189567565918,0,11,0,10,10,-0.0025559542283588145,-0.9403814873375874,-0.896104566208636,0,0,0,0,171,False,False,
183,2,1125.3458014335833,884.2950531489959,2.600649676969934,375.9278869628906,29.24189567565918,0,11,0,10,10,-0.0025559542283588145,-0.9403814873375874,-0.896104566208636,0,0,0,0,171,False,False,
183,3,1125.3458014335833,884.2950531489959,2.600649676969934,375.9278869628906,29.24189567565918,0,11,0,10,10,-0.0025559542283588145,-0.9403814873375874,-0.896104566208636,0,0,0,0,171,False,False,
183,4,1125.3458014335833,884.2950531489959,2.600649676969934,375.9278869628906,29.24189567565918,0,11,0,10,10,-0.0025559542283588145,-0.9403814873375874,-0.896104566208636,0,0,0,0,171,False,False,
183,5,1125.3458014335833,884.2950531489959,2.600649676969934,375.9278869628906,29.24189567565918,0,11,0,10,10,-0.0025559542283588145,-0.9403814873375874,-0.896104566208636,0,0,0,0,171,False,False,
183,6,1125.3458014335833,884.2950531489959,2.600649676969934,375.9278869628906,29.24189567565918,0,11,0,10,10,-0.0025559542283588145,-0.9403814873375874,-0.896104566208636,0,0,0,0,171,False,False,
183,7,1125.3458014335833,884.2950531489959,2.600649676969934,375.9278869628906,29.24189567565918,0,11,0,10,10,-0.0025559542283588145,-0.9403814873375874,-0.896104566208636,0,0,0,0,171,False,False,
184,0,1122.7462206950984,884.387381471787,2.601219816757321,378.5291442871094,29.268089294433594,0,11,0,10,10,-0.002856818827898956,-0.9473180896276902,-0.9069547102201216,0,0,0,0,172,False,False,
184,1,1122.7462206950984,884.387381471787,2.601219816757321,378.5291442871094,29.268089294433594,0,11,0,10,10,-0.002856818827898956,-0.9473180896276902,-0.9069547102201216,0,0,0,0,172,False,False,
184,2,1122.7462206950984,884.387381471787,2.601219816757321,378.5291442871094,29.268089294433594,0,11,0,10,10,-0.002856818827898956,-0.9473180896276902,-0.9069547102201216,0,0,0,0,172,False,False,
184,3,1122.7462206950984,884.387381471787,2.601219816757321,378.5291442871094,29.268089294433594,0,11,0,10,10,-0.002856818827898956,-0.9473180896276902,-0.9069547102201216,0,0,0,0,172,False,False,
184,4,1122.7462206950984,884.387381471787,2.601219816757321,378.5291442871094,29.268089294433594,0,11,0,10,10,-0.002856818827898956,-0.9473180896276902,-0.9069547102201216,0,0,0,0,172,False,False,
184,5,1122.7462206950984,884.387381471787,2.601219816757321,378.5291442871094,29.268089294433594,0,11,0,10,10,-0.002856818827898956,-0.9473180896276902,-0.9069547102201216,0,0,0,0,172,False,False,
184,6,1122.7462206950984,884.387381471787,2.601219816757321,378.5291442871094,29.268089294433594,0,11,0,10,10,-0.002856818827898956,-0.9473180896276902,-0.9069547102201216,0,0,0,0,172,False,False,
184,7,1122.7462206950984,884.387381471787,2.601219816757321,378.5291442871094,29.268089294433594,0,11,0,10,10,-0.002856818827898956,-0.9473180896276902,-0.9069547102201216,0,0,0,0,172,False,False,
185,0,1120.1460704249819,884.47964476613,2.6017866827759546,381.1308898925781,29.294273376464844,0,11,0,10,10,-0.0032647149646764873,-0.9542559647571808,-0.9178204765820253,0,0,0,0,173,False,False,
185,1,1120.1460704249819,884.47964476613,2.6017866827759546,381.1308898925781,29.294273376464844,0,11,0,10,10,-0.0032647149646764873,-0.9542559647571808,-0.9178204765820253,0,0,0,0,173,False,False,
185,2,1120.1460704249819,884.47964476613,2.6017866827759546,381.1308898925781,29.294273376464844,0,11,0,10,10,-0.0032647149646764873,-0.9542559647571808,-0.9178204765820253,0,0,0,0,173,False,False,
185,3,1120.1460704249819,884.47964476613,2.6017866827759546,381.1308898925781,29.294273376464844,0,11,0,10,10,-0.0032647149646764873,-0.9542559647571808,-0.9178204765820253,0,0,0,0,173,False,False,
185,4,1120.1460704249819,884.47964476613,2.6017866827759546,381.1308898925781,29.294273376464844,0,11,0,10,10,-0.0032647149646764873,-0.9542559647571808,-0.9178204765820253,0,0,0,0,173,False,False,
185,5,1120.1460704249819,884.47964476613,2.6017866827759546,381.1308898925781,29.294273376464844,0,11,0,10,10,-0.0032647149646764873,-0.9542559647571808,-0.9178204765820253,0,0,0,0,173,False,False,
185,6,1120.1460704249819,884.47964476613,2.6017866827759546,381.1308898925781,29.294273376464844,0,11,0,10,10,-0.0032647149646764873,-0.9542559647571808,-0.9178204765820253,0,0,0,0,173,False,False,
185,7,1120.1460704249819,884.47964476613,2.6017866827759546,381.1308898925781,29.294273376464844,0,11,0,10,10,-0.0032647149646764873,-0.9542559647571808,-0.9178204765820253,0,0,0,0,173,False,False,
186,0,1117.5453729276744,884.5718590313533,2.6023318280365197,383.7332458496094,29.320444107055664,0,11,0,10,10,-0.003829243129050042,-0.9611954386197986,-0.9286998213820781,0,0,0,0,174,False,False,
186,1,1117.5453729276744,884.5718590313533,2.6023318280365197,383.7332458496094,29.320444107055664,0,11,0,10,10,-0.003829243129050042,-0.9611954386197986,-0.9286998213820781,0,0,0,0,174,False,False,
186,2,1117.5453729276744,884.5718590313533,2.6023318280365197,383.7332458496094,29.320444107055664,0,11,0,10,10,-0.003829243129050042,-0.9611954386197986,-0.9286998213820781,0,0,0,0,174,False,False,
186,3,1117.5453729276744,884.5718590313533,2.6023318280365197,383.7332458496094,29.320444107055664,0,11,0,10,10,-0.003829243129050042,-0.9611954386197986,-0.9286998213820781,0,0,0,0,174,False,False,
186,4,1117.5453729276744,884.5718590313533,2.6023318280365197,383.7332458496094,29.320444107055664,0,11,0,10,10,-0.003829243129050042,-0.9611954386197986,-0.9286998213820781,0,0,0,0,174,False,False,
186,5,1117.5453729276744,884.5718590313533,2.6023318280365197,383.7332458496094,29.320444107055664,0,11,0,10,10,-0.003829243129050042,-0.9611954386197986,-0.9286998213820781,0,0,0,0,174,False,False,
186,6,1117.5453729276744,884.5718590313533,2.6023318280365197,383.7332458496094,29.320444107055664,0,11,0,10,10,-0.003829243129050042,-0.9611954386197986,-0.9286998213820781,0,0,0,0,174,False,False,
186,7,1117.5453729276744,884.5718590313533,2.6023318280365197,383.7332458496094,29.320444107055664,0,11,0,10,10,-0.003829243129050042,-0.9611954386197986,-0.9286998213820781,0,0,0,0,174,False,False,
187,0,1114.9441510908725,884.6640195141828,2.6028539334450134,386.336181640625,29.346593856811523,0,11,0,10,10,-0.0046418194502318025,-0.9681364884275665,-0.9395864628059994,0,0,0,0,175,False,False,
187,1,1114.9441510908725,884.6640195141828,2.6028539334450134,386.336181640625,29.346593856811523,0,11,0,10,10,-0.0046418194502318025,-0.9681364884275665,-0.9395864628059994,0,0,0,0,175,False,False,
187,2,1114.9441510908725,884.6640195141828,2.6028539334450134,386.336181640625,29.346593856811523,0,11,0,10,10,-0.0046418194502318025,-0.9681364884275665,-0.9395864628059994,0,0,0,0,175,False,False,
187,3,1114.9441510908725,884.6640195141828,2.6028539334450134,386.336181640625,29.346593856811523,0,11,0,10,10,-0.0046418194502318025,-0.9681364884275665,-0.9395864628059994,0,0,0,0,175,False,False,
187,4,1114.9441510908725,884.6640195141828,2.6028539334450134,386.336181640625,29.346593856811523,0,11,0,10,10,-0.0046418194502318025,-0.9681364884275665,-0.9395864628059994,0,0,0,0,175,False,False,
187,5,1114.9441510908725,884.6640195141828,2.6028539334450134,386.336181640625,29.346593856811523,0,11,0,10,10,-0.0046418194502318025,-0.9681364884275665,-0.9395864628059994,0,0,0,0,175,False,False,
187,6,1114.9441510908725,884.6640195141828,2.6028539334450134,386.336181640625,29.346593856811523,0,11,0,10,10,-0.0046418194502318025,-0.9681364884275665,-0.9395864628059994,0,0,0,0,175,False,False,
187,7,1114.9441510908725,884.6640195141828,2.6028539334450134,386.336181640625,29.346593856811523,0,11,0,10,10,-0.0046418194502318025,-0.9681364884275665,-0.9395864628059994,0,0,0,0,175,False,False,
188,0,1112.3424357292758,884.7560915051753,2.6033440176614344,388.9394836425781,29.37270736694336,0,11,0,10,10,-0.005903844221943347,-0.9750784258343429,-0.9504804008537893,0,0,0,0,176,False,False,
188,1,1112.3424357292758,884.7560915051753,2.6033440176614344,388.9394836425781,29.37270736694336,0,11,0,10,10,-0.005903844221943347,-0.9750784258343429,-0.9504804008537893,0,0,0,0,176,False,False,
188,2,1112.3424357292758,884.7560915051753,2.6033440176614344,388.9394836425781,29.37270736694336,0,11,0,10,10,-0.005903844221943347,-0.9750784258343429,-0.9504804008537893,0,0,0,0,176,False,False,
188,3,1112.3424357292758,884.7560915051753,2.6033440176614344,388.9394836425781,29.37270736694336,0,11,0,10,10,-0.005903844221943347,-0.9750784258343429,-0.9504804008537893,0,0,0,0,176,False,False,
188,4,1112.3424357292758,884.7560915051753,2.6033440176614344,388.9394836425781,29.37270736694336,0,11,0,10,10,-0.005903844221943347,-0.9750784258343429,-0.9504804008537893,0,0,0,0,176,False,False,
188,5,1112.3424357292758,884.7560915051753,2.6033440176614344,388.9394836425781,29.37270736694336,0,11,0,10,10,-0.005903844221943347,-0.9750784258343429,-0.9504804008537893,0,0,0,0,176,False,False,
188,6,1112.3424357292758,884.7560915051753,2.6033440176614344,388.9394836425781,29.37270736694336,0,11,0,10,10,-0.005903844221943347,-0.9750784258343429,-0.9504804008537893,0,0,0,0,176,False,False,
188,7,1112.3424357292758,884.7560915051753,2.6033440176614344,388.9394836425781,29.37270736694336,0,11,0,10,10,-0.005903844221943347,-0.9750784258343429,-0.9504804008537893,0,0,0,0,176,False,False,
189,0,1109.7402467625247,884.8480407744793,2.603812989983547,391.54327392578125,29.398761749267578,0,11,0,10,10,-0.008133878646756899,-0.9820214732325603,-0.9614045723661003,0,0,0,0,177,False,False,
189,1,1109.7402467625247,884.8480407744793,2.603812989983547,391.54327392578125,29.398761749267578,0,11,0,10,10,-0.008133878646756899,-0.9820214732325603,-0.9614045723661003,0,0,0,0,177,False,False,
189,2,1109.7402467625247,884.8480407744793,2.603812989983547,391.54327392578125,29.398761749267578,0,11,0,10,10,-0.008133878646756899,-0.9820214732325603,-0.9614045723661003,0,0,0,0,177,False,False,
189,3,1109.7402467625247,884.8480407744793,2.603812989983547,391.54327392578125,29.398761749267578,0,11,0,10,10,-0.008133878646756899,-0.9820214732325603,-0.9614045723661003,0,0,0,0,177,False,False,
189,4,1109.7402467625247,884.8480407744793,2.603812989983547,391.54327392578125,29.398761749267578,0,11,0,10,10,-0.008133878646756899,-0.9820214732325603,-0.9614045723661003,0,0,0,0,177,False,False,
189,5,1109.7402467625247,884.8480407744793,2.603812989983547,391.54327392578125,29.398761749267578,0,11,0,10,10,-0.008133878646756899,-0.9820214732325603,-0.9614045723661003,0,0,0,0,177,False,False,
189,6,1109.7402467625247,884.8480407744793,2.603812989983547,391.54327392578125,29.398761749267578,0,11,0,10,10,-0.008133878646756899,-0.9820214732325603,-0.9614045723661003,0,0,0,0,177,False,False,
189,7,1109.7402467625247,884.8480407744793,2.603812989983547,391.54327392578125,29.398761749267578,0,11,0,10,10,-0.008133878646756899,-0.9820214732325603,-0.9614045723661003,0,0,0,0,177,False,False,
190,0,1107.1375772256629,884.9398844105172,2.6042895329800975,394.1475524902344,29.424671173095703,0,11,0,10,10,-0.013206334912245174,-0.9889653066846638,-0.9723423133833775,0,0,0,0,178,False,False,
190,1,1107.1375772256629,884.9398844105172,2.6042895329800975,394.1475524902344,29.424671173095703,0,11,0,10,10,-0.013206334912245174,-0.9889653066846638,-0.9723423133833775,0,0,0,0,178,False,False,
190,2,1107.1375772256629,884.9398844105172,2.6042895329800975,394.1475524902344,29.424671173095703,0,11,0,10,10,-0.013206334912245174,-0.9889653066846638,-0.9723423133833775,0,0,0,0,178,False,False,
190,3,1107.1375772256629,884.9398844105172,2.6042895329800975,394.1475524902344,29.424671173095703,0,11,0,10,10,-0.013206334912245174,-0.9889653066846638,-0.9723423133833775,0,0,0,0,178,False,False,
190,4,1107.1375772256629,884.9398844105172,2.6042895329800975,394.1475524902344,29.424671173095703,0,11,0,10,10,-0.013206334912245174,-0.9889653066846638,-0.9723423133833775,0,0,0,0,178,False,False,
190,5,1107.1375772256629,884.9398844105172,2.6042895329800975,394.1475524902344,29.424671173095703,0,11,0,10,10,-0.013206334912245174,-0.9889653066846638,-0.9723423133833775,0,0,0,0,178,False,False,
190,6,1107.1375772256629,884.9398844105172,2.6042895329800975,394.1475524902344,29.424671173095703,0,11,0,10,10,-0.013206334912245174,-0.9889653066846638,-0.9723423133833775,0,0,0,0,178,False,False,
190,7,1107.1375772256629,884.9398844105172,2.6042895329800975,394.1475524902344,29.424671173095703,0,11,0,10,10,-0.013206334912245174,-0.9889653066846638,-0.9723423133833775,0,0,0,0,178,False,False,
191,0,1104.5344977987584,885.0315208925392,2.604691871913241,396.752197265625,29.449949264526367,0,11,0,10,10,-0.03546552817085992,-0.9959070158713079,-0.9833102825052659,0,0,0,0,179,False,False,
191,1,1104.5344977987584,885.0315208925392,2.604691871913241,396.752197265625,29.449949264526367,0,11,0,10,10,-0.03546552817085992,-0.9959070158713079,-0.9833102825052659,0,0,0,0,179,False,False,
191,2,1104.5344977987584,885.0315208925392,2.604691871913241,396.752197265625,29.449949264526367,0,11,0,10,10,-0.03546552817085992,-0.9959070158713079,-0.9833102825052659,0,0,0,0,179,False,False,
191,3,1104.5344977987584,885.0315208925392,2.604691871913241,396.752197265625,29.449949264526367,0,11,0,10,10,-0.03546552817085992,-0.9959070158713079,-0.9833102825052659,0,0,0,0,179,False,False,
191,4,1104.5344977987584,885.0315208925392,2.604691871913241,396.752197265625,29.449949264526367,0,11,0,10,10,-0.03546552817085992,-0.9959070158713079,-0.9833102825052659,0,0,0,0,179,False,False,
191,5,1104.5344977987584,885.0315208925392,2.604691871913241,396.752197265625,29.449949264526367,0,11,0,10,10,-0.03546552817085992,-0.9959070158713079,-0.9833102825052659,0,0,0,0,179,False,False,
191,6,1104.5344977987584,885.0315208925392,2.604691871913241,396.752197265625,29.449949264526367,0,11,0,10,10,-0.03546552817085992,-0.9959070158713079,-0.9833102825052659,0,0,0,0,179,False,False,
191,7,1104.5344977987584,885.0315208925392,2.604691871913241,396.752197265625,29.449949264526367,0,11,0,10,10,-0.03546552817085992,-0.9959070158713079,-0.9833102825052659,0,0,0,0,179,False,False,
192,0,1101.9310439381734,885.1228391597896,2.60505489963817,399.3573303222656,31.9760684967041,0,12,1,11,11,-0.0058674917137958955,-0.9094870250328969,-0.9889377187986644,0,0,0,0,180,False,False,
192,1,1101.9310439381734,885.1228391597896,2.60505489963817,399.3573303222656,31.9760684967041,0,12,1,11,11,-0.0058674917137958955,-0.9094870250328969,-0.9889377187986644,0,0,0,0,180,False,False,
192,2,1101.9310439381734,885.1228391597896,2.60505489963817,399.3573303222656,31.9760684967041,0,12,1,11,11,-0.0058674917137958955,-0.9094870250328969,-0.9889377187986644,0,0,0,0,180,False,False,
192,3,1101.9310439381734,885.1228391597896,2.60505489963817,399.3573303222656,31.9760684967041,0,12,1,11,11,-0.0058674917137958955,-0.9094870250328969,-0.9889377187986644,0,0,0,0,180,False,False,
192,4,1101.9310439381734,885.1228391597896,2.60505489963817,399.3573303222656,31.9760684967041,0,12,1,11,11,-0.0058674917137958955,-0.9094870250328969,-0.9889377187986644,0,0,0,0,180,False,False,
192,5,1101.9310439381734,885.1228391597896,2.60505489963817,399.3573303222656,31.9760684967041,0,12,1,11,11,-0.0058674917137958955,-0.9094870250328969,-0.9889377187986644,0,0,0,0,180,False,False,
192,6,1101.9310439381734,885.1228391597896,2.60505489963817,399.3573303222656,31.9760684967041,0,12,1,11,11,-0.0058674917137958955,-0.9094870250328969,-0.9889377187986644,0,0,0,0,180,False,False,
192,7,1101.9310439381734,885.1228391597896,2.60505489963817,399.3573303222656,31.9760684967041,0,12,1,11,11,-0.0058674917137958955,-0.9094870250328969,-0.9889377187986644,0,0,0,0,180,False,False,
193,0,1099.3271895986761,885.2140903708574,2.605452783076335,401.9627990722656,32.002159118652344,0,12,0,11,11,-0.006333785884188122,-0.9164346547008448,-0.9869170846181394,0,0,0,0,181,False,False,
193,1,1099.3271895986761,885.2140903708574,2.605452783076335,401.9627990722656,32.002159118652344,0,12,0,11,11,-0.006333785884188122,-0.9164346547008448,-0.9869170846181394,0,0,0,0,181,False,False,
193,2,1099.3271895986761,885.2140903708574,2.605452783076335,401.9627990722656,32.002159118652344,0,12,0,11,11,-0.006333785884188122,-0.9164346547008448,-0.9869170846181394,0,0,0,0,181,False,False,
193,3,1099.3271895986761,885.2140903708574,2.605452783076335,401.9627990722656,32.002159118652344,0,12,0,11,11,-0.006333785884188122,-0.9164346547008448,-0.9869170846181394,0,0,0,0,181,False,False,
193,4,1099.3271895986761,885.2140903708574,2.605452783076335,401.9627990722656,32.002159118652344,0,12,0,11,11,-0.006333785884188122,-0.9164346547008448,-0.9869170846181394,0,0,0,0,181,False,False,
193,5,1099.3271895986761,885.2140903708574,2.605452783076335,401.9627990722656,32.002159118652344,0,12,0,11,11,-0.006333785884188122,-0.9164346547008448,-0.9869170846181394,0,0,0,0,181,False,False,
193,6,1099.3271895986761,885.2140903708574,2.605452783076335,401.9627990722656,32.002159118652344,0,12,0,11,11,-0.006333785884188122,-0.9164346547008448,-0.9869170846181394,0,0,0,0,181,False,False,
193,7,1099.3271895986761,885.2140903708574,2.605452783076335,401.9627990722656,32.002159118652344,0,12,0,11,11,-0.006333785884188122,-0.9164346547008448,-0.9869170846181394,0,0,0,0,181,False,False,
194,0,1096.7229447861628,885.3054136916455,2.6058455427024563,404.5686340332031,32.028255462646484,0,12,0,11,11,-0.006923463159146258,-0.9233832070239455,-0.9848895549136623,0,0,0,0,182,False,False,
194,1,1096.7229447861628,885.3054136916455,2.6058455427024563,404.5686340332031,32.028255462646484,0,12,0,11,11,-0.006923463159146258,-0.9233832070239455,-0.9848895549136623,0,0,0,0,182,False,False,
194,2,1096.7229447861628,885.3054136916455,2.6058455427024563,404.5686340332031,32.028255462646484,0,12,0,11,11,-0.006923463159146258,-0.9233832070239455,-0.9848895549136623,0,0,0,0,182,False,False,
194,3,1096.7229447861628,885.3054136916455,2.6058455427024563,404.5686340332031,32.028255462646484,0,12,0,11,11,-0.006923463159146258,-0.9233832070239455,-0.9848895549136623,0,0,0,0,182,False,False,
194,4,1096.7229447861628,885.3054136916455,2.6058455427024563,404.5686340332031,32.028255462646484,0,12,0,11,11,-0.006923463159146258,-0.9233832070239455,-0.9848895549136623,0,0,0,0,182,False,False,
194,5,1096.7229447861628,885.3054136916455,2.6058455427024563,404.5686340332031,32.028255462646484,0,12,0,11,11,-0.006923463159146258,-0.9233832070239455,-0.9848895549136623,0,0,0,0,182,False,False,
194,6,1096.7229447861628,885.3054136916455,2.6058455427024563,404.5686340332031,32.028255462646484,0,12,0,11,11,-0.006923463159146258,-0.9233832070239455,-0.9848895549136623,0,0,0,0,182,False,False,
194,7,1096.7229447861628,885.3054136916455,2.6058455427024563,404.5686340332031,32.028255462646484,0,12,0,11,11,-0.006923463159146258,-0.9233832070239455,-0.9848895549136623,0,0,0,0,182,False,False,
195,0,1094.1183398545068,885.3969196194561,2.606211845731606,407.17486572265625,32.05432891845703,0,12,0,11,11,-0.007659405346172813,-0.9303326718445063,-0.982846975475797,0,0,0,0,183,False,False,
195,1,1094.1183398545068,885.3969196194561,2.606211845731606,407.17486572265625,32.05432891845703,0,12,0,11,11,-0.007659405346172813,-0.9303326718445063,-0.982846975475797,0,0,0,0,183,False,False,
195,2,1094.1183398545068,885.3969196194561,2.606211845731606,407.17486572265625,32.05432891845703,0,12,0,11,11,-0.007659405346172813,-0.9303326718445063,-0.982846975475797,0,0,0,0,183,False,False,
195,3,1094.1183398545068,885.3969196194561,2.606211845731606,407.17486572265625,32.05432891845703,0,12,0,11,11,-0.007659405346172813,-0.9303326718445063,-0.982846975475797,0,0,0,0,183,False,False,
195,4,1094.1183398545068,885.3969196194561,2.606211845731606,407.17486572265625,32.05432891845703,0,12,0,11,11,-0.007659405346172813,-0.9303326718445063,-0.982846975475797,0,0,0,0,183,False,False,
195,5,1094.1183398545068,885.3969196194561,2.606211845731606,407.17486572265625,32.05432891845703,0,12,0,11,11,-0.007659405346172813,-0.9303326718445063,-0.982846975475797,0,0,0,0,183,False,False,
195,6,1094.1183398545068,885.3969196194561,2.606211845731606,407.17486572265625,32.05432891845703,0,12,0,11,11,-0.007659405346172813,-0.9303326718445063,-0.982846975475797,0,0,0,0,183,False,False,
195,7,1094.1183398545068,885.3969196194561,2.606211845731606,407.17486572265625,32.05432891845703,0,12,0,11,11,-0.007659405346172813,-0.9303326718445063,-0.982846975475797,0,0,0,0,183,False,False,
196,0,1091.5134006653172,885.4886966649152,2.606555429191692,409.7813415527344,32.080379486083984,0,12,0,11,11,-0.008579172598404562,-0.9372827039799625,-0.9807600892369238,0,0,0,0,184,False,False,
196,1,1091.5134006653172,885.4886966649152,2.606555429191692,409.7813415527344,32.080379486083984,0,12,0,11,11,-0.008579172598404562,-0.9372827039799625,-0.9807600892369238,0,0,0,0,184,False,False,
196,2,1091.5134006653172,885.4886966649152,2.606555429191692,409.7813415527344,32.080379486083984,0,12,0,11,11,-0.008579172598404562,-0.9372827039799625,-0.9807600892369238,0,0,0,0,184,False,False,
196,3,1091.5134006653172,885.4886966649152,2.606555429191692,409.7813415527344,32.080379486083984,0,12,0,11,11,-0.008579172598404562,-0.9372827039799625,-0.9807600892369238,0,0,0,0,184,False,False,
196,4,1091.5134006653172,885.4886966649152,2.606555429191692,409.7813415527344,32.080379486083984,0,12,0,11,11,-0.008579172598404562,-0.9372827039799625,-0.9807600892369238,0,0,0,0,184,False,False,
196,5,1091.5134006653172,885.4886966649152,2.606555429191692,409.7813415527344,32.080379486083984,0,12,0,11,11,-0.008579172598404562,-0.9372827039799625,-0.9807600892369238,0,0,0,0,184,False,False,
196,6,1091.5134006653172,885.4886966649152,2.606555429191692,409.7813415527344,32.080379486083984,0,12,0,11,11,-0.008579172598404562,-0.9372827039799625,-0.9807600892369238,0,0,0,0,184,False,False,
196,7,1091.5134006653172,885.4886966649152,2.606555429191692,409.7813415527344,32.080379486083984,0,12,0,11,11,-0.008579172598404562,-0.9372827039799625,-0.9807600892369238,0,0,0,0,184,False,False,
197,0,1088.9081512849973,885.5808189025571,2.6068776036335386,412.38818359375,32.10639572143555,0,12,0,11,11,-0.009739744268669092,-0.9442335869963054,-0.9786443595368032,0,0,0,0,185,False,False,
197,1,1088.9081512849973,885.5808189025571,2.6068776036335386,412.38818359375,32.10639572143555,0,12,0,11,11,-0.009739744268669092,-0.9442335869963054,-0.9786443595368032,0,0,0,0,185,False,False,
197,2,1088.9081512849973,885.5808189025571,2.6068776036335386,412.38818359375,32.10639572143555,0,12,0,11,11,-0.009739744268669092,-0.9442335869963054,-0.9786443595368032,0,0,0,0,185,False,False,
197,3,1088.9081512849973,885.5808189025571,2.6068776036335386,412.38818359375,32.10639572143555,0,12,0,11,11,-0.009739744268669092,-0.9442335869963054,-0.9786443595368032,0,0,0,0,185,False,False,
197,4,1088.9081512849973,885.5808189025571,2.6068776036335386,412.38818359375,32.10639572143555,0,12,0,11,11,-0.009739744268669092,-0.9442335869963054,-0.9786443595368032,0,0,0,0,185,False,False,
197,5,1088.9081512849973,885.5808189025571,2.6068776036335386,412.38818359375,32.10639572143555,0,12,0,11,11,-0.009739744268669092,-0.9442335869963054,-0.9786443595368032,0,0,0,0,185,False,False,
197,6,1088.9081512849973,885.5808189025571,2.6068776036335386,412.38818359375,32.10639572143555,0,12,0,11,11,-0.009739744268669092,-0.9442335869963054,-0.9786443595368032,0,0,0,0,185,False,False,
197,7,1088.9081512849973,885.5808189025571,2.6068776036335386,412.38818359375,32.10639572143555,0,12,0,11,11,-0.009739744268669092,-0.9442335869963054,-0.9786443595368032,0,0,0,0,185,False,False,
198,0,1086.3026027772755,885.6733317032616,2.6071903736370534,414.99542236328125,32.13237380981445,0,12,0,11,11,-0.011233363645429033,-0.9511852609483384,-0.9764774248317675,0,0,0,0,186,False,False,
198,1,1086.3026027772755,885.6733317032616,2.6071903736370534,414.99542236328125,32.13237380981445,0,12,0,11,11,-0.011233363645429033,-0.9511852609483384,-0.9764774248317675,0,0,0,0,186,False,False,
198,2,1086.3026027772755,885.6733317032616,2.6071903736370534,414.99542236328125,32.13237380981445,0,12,0,11,11,-0.011233363645429033,-0.9511852609483384,-0.9764774248317675,0,0,0,0,186,False,False,
198,3,1086.3026027772755,885.6733317032616,2.6071903736370534,414.99542236328125,32.13237380981445,0,12,0,11,11,-0.011233363645429033,-0.9511852609483384,-0.9764774248317675,0,0,0,0,186,False,False,
198,4,1086.3026027772755,885.6733317032616,2.6071903736370534,414.99542236328125,32.13237380981445,0,12,0,11,11,-0.011233363645429033,-0.9511852609483384,-0.9764774248317675,0,0,0,0,186,False,False,
198,5,1086.3026027772755,885.6733317032616,2.6071903736370534,414.99542236328125,32.13237380981445,0,12,0,11,11,-0.011233363645429033,-0.9511852609483384,-0.9764774248317675,0,0,0,0,186,False,False,
198,6,1086.3026027772755,885.6733317032616,2.6071903736370534,414.99542236328125,32.13237380981445,0,12,0,11,11,-0.011233363645429033,-0.9511852609483384,-0.9764774248317675,0,0,0,0,186,False,False,
198,7,1086.3026027772755,885.6733317032616,2.6071903736370534,414.99542236328125,32.13237380981445,0,12,0,11,11,-0.011233363645429033,-0.9511852609483384,-0.9764774248317675,0,0,0,0,186,False,False,
199,0,1083.6967692139572,885.7662693580397,2.6074903580630617,417.6029052734375,32.158294677734375,0,12,0,11,11,-0.013217871063320293,-0.9581372879695228,-0.97425928333518,0,0,0,0,187,False,False,
199,1,1083.6967692139572,885.7662693580397,2.6074903580630617,417.6029052734375,32.158294677734375,0,12,0,11,11,-0.013217871063320293,-0.9581372879695228,-0.97425928333518,0,0,0,0,187,False,False,
199,2,1083.6967692139572,885.7662693580397,2.6074903580630617,417.6029052734375,32.158294677734375,0,12,0,11,11,-0.013217871063320293,-0.9581372879695228,-0.97425928333518,0,0,0,0,187,False,False,
199,3,1083.6967692139572,885.7662693580397,2.6074903580630617,417.6029052734375,32.158294677734375,0,12,0,11,11,-0.013217871063320293,-0.9581372879695228,-0.97425928333518,0,0,0,0,187,False,False,
199,4,1083.6967692139572,885.7662693580397,2.6074903580630617,417.6029052734375,32.158294677734375,0,12,0,11,11,-0.013217871063320293,-0.9581372879695228,-0.97425928333518,0,0,0,0,187,False,False,
199,5,1083.6967692139572,885.7662693580397,2.6074903580630617,417.6029052734375,32.158294677734375,0,12,0,11,11,-0.013217871063320293,-0.9581372879695228,-0.97425928333518,0,0,0,0,187,False,False,
199,6,1083.6967692139572,885.7662693580397,2.6074903580630617,417.6029052734375,32.158294677734375,0,12,0,11,11,-0.013217871063320293,-0.9581372879695228,-0.97425928333518,0,0,0,0,187,False,False,
199,7,1083.6967692139572,885.7662693580397,2.6074903580630617,417.6029052734375,32.158294677734375,0,12,0,11,11,-0.013217871063320293,-0.9581372879695228,-0.97425928333518,0,0,0,0,187,False,False,
200,0,1081.090672423497,885.8596733681403,2.6077700800396375,420.2106628417969,32.184139251708984,0,12,0,11,11,-0.01598336047287287,-0.9650894659518409,-0.9719895187607134,0,0,0,0,188,False,False,
200,1,1081.090672423497,885.8596733681403,2.6077700800396375,420.2106628417969,32.184139251708984,0,12,0,11,11,-0.01598336047287287,-0.9650894659518409,-0.9719895187607134,0,0,0,0,188,False,False,
200,2,1081.090672423497,885.8596733681403,2.6077700800396375,420.2106628417969,32.184139251708984,0,12,0,11,11,-0.01598336047287287,-0.9650894659518409,-0.9719895187607134,0,0,0,0,188,False,False,
200,3,1081.090672423497,885.8596733681403,2.6077700800396375,420.2106628417969,32.184139251708984,0,12,0,11,11,-0.01598336047287287,-0.9650894659518409,-0.9719895187607134,0,0,0,0,188,False,False,
200,4,1081.090672423497,885.8596733681403,2.6077700800396375,420.2106628417969,32.184139251708984,0,12,0,11,11,-0.01598336047287287,-0.9650894659518409,-0.9719895187607134,0,0,0,0,188,False,False,
200,5,1081.090672423497,885.8596733681403,2.6077700800396375,420.2106628417969,32.184139251708984,0,12,0,11,11,-0.01598336047287287,-0.9650894659518409,-0.9719895187607134,0,0,0,0,188,False,False,
200,6,1081.090672423497,885.8596733681403,2.6077700800396375,420.2106628417969,32.184139251708984,0,12,0,11,11,-0.01598336047287287,-0.9650894659518409,-0.9719895187607134,0,0,0,0,188,False,False,
200,7,1081.090672423497,885.8596733681403,2.6077700800396375,420.2106628417969,32.184139251708984,0,12,0,11,11,-0.01598336047287287,-0.9650894659518409,-0.9719895187607134,0,0,0,0,188,False,False,
201,0,1078.484307897569,885.9535468655521,2.6080545001076785,422.81878662109375,32.20986557006836,0,12,0,11,11,-0.020098883717441316,-0.9720417178225997,-0.9696689672542957,0,0,0,0,189,False,False,
201,1,1078.484307897569,885.9535468655521,2.6080545001076785,422.81878662109375,32.20986557006836,0,12,0,11,11,-0.020098883717441316,-0.9720417178225997,-0.9696689672542957,0,0,0,0,189,False,False,
201,2,1078.484307897569,885.9535468655521,2.6080545001076785,422.81878662109375,32.20986557006836,0,12,0,11,11,-0.020098883717441316,-0.9720417178225997,-0.9696689672542957,0,0,0,0,189,False,False,
201,3,1078.484307897569,885.9535468655521,2.6080545001076785,422.81878662109375,32.20986557006836,0,12,0,11,11,-0.020098883717441316,-0.9720417178225997,-0.9696689672542957,0,0,0,0,189,False,False,
201,4,1078.484307897569,885.9535468655521,2.6080545001076785,422.81878662109375,32.20986557006836,0,12,0,11,11,-0.020098883717441316,-0.9720417178225997,-0.9696689672542957,0,0,0,0,189,False,False,
201,5,1078.484307897569,885.9535468655521,2.6080545001076785,422.81878662109375,32.20986557006836,0,12,0,11,11,-0.020098883717441316,-0.9720417178225997,-0.9696689672542957,0,0,0,0,189,False,False,
201,6,1078.484307897569,885.9535468655521,2.6080545001076785,422.81878662109375,32.20986557006836,0,12,0,11,11,-0.020098883717441316,-0.9720417178225997,-0.9696689672542957,0,0,0,0,189,False,False,
201,7,1078.484307897569,885.9535468655521,2.6080545001076785,422.81878662109375,32.20986557006836,0,12,0,11,11,-0.020098883717441316,-0.9720417178225997,-0.9696689672542957,0,0,0,0,189,False,False,
202,0,1075.8776227455394,886.047790669731,2.6083882717949436,425.42718505859375,32.23539733886719,0,12,0,11,11,-0.026868858276465186,-0.9789927774939887,-0.9672967926699989,0,0,0,0,190,False,False,
202,1,1075.8776227455394,886.047790669731,2.6083882717949436,425.42718505859375,32.23539733886719,0,12,0,11,11,-0.026868858276465186,-0.9789927774939887,-0.9672967926699989,0,0,0,0,190,False,False,
202,2,1075.8776227455394,886.047790669731,2.6083882717949436,425.42718505859375,32.23539733886719,0,12,0,11,11,-0.026868858276465186,-0.9789927774939887,-0.9672967926699989,0,0,0,0,190,False,False,
202,3,1075.8776227455394,886.047790669731,2.6083882717949436,425.42718505859375,32.23539733886719,0,12,0,11,11,-0.026868858276465186,-0.9789927774939887,-0.9672967926699989,0,0,0,0,190,False,False,
202,4,1075.8776227455394,886.047790669731,2.6083882717949436,425.42718505859375,32.23539733886719,0,12,0,11,11,-0.026868858276465186,-0.9789927774939887,-0.9672967926699989,0,0,0,0,190,False,False,
202,5,1075.8776227455394,886.047790669731,2.6083882717949436,425.42718505859375,32.23539733886719,0,12,0,11,11,-0.026868858276465186,-0.9789927774939887,-0.9672967926699989,0,0,0,0,190,False,False,
202,6,1075.8776227455394,886.047790669731,2.6083882717949436,425.42718505859375,32.23539733886719,0,12,0,11,11,-0.026868858276465186,-0.9789927774939887,-0.9672967926699989,0,0,0,0,190,False,False,
202,7,1075.8776227455394,886.047790669731,2.6083882717949436,425.42718505859375,32.23539733886719,0,12,0,11,11,-0.026868858276465186,-0.9789927774939887,-0.9672967926699989,0,0,0,0,190,False,False,
203,0,1073.2706031729258,886.1423092571713,2.608732415438891,428.03582763671875,32.260555267333984,0,12,0,11,11,-0.04025862669446193,-0.9859398629183975,-0.9648953565514906,0,0,0,0,191,False,False,
203,1,1073.2706031729258,886.1423092571713,2.608732415438891,428.03582763671875,32.260555267333984,0,12,0,11,11,-0.04025862669446193,-0.9859398629183975,-0.9648953565514906,0,0,0,0,191,False,False,
203,2,1073.2706031729258,886.1423092571713,2.608732415438891,428.03582763671875,32.260555267333984,0,12,0,11,11,-0.04025862669446193,-0.9859398629183975,-0.9648953565514906,0,0,0,0,191,False,False,
203,3,1073.2706031729258,886.1423092571713,2.608732415438891,428.03582763671875,32.260555267333984,0,12,0,11,11,-0.04025862669446193,-0.9859398629183975,-0.9648953565514906,0,0,0,0,191,False,False,
203,4,1073.2706031729258,886.1423092571713,2.608732415438891,428.03582763671875,32.260555267333984,0,12,0,11,11,-0.04025862669446193,-0.9859398629183975,-0.9648953565514906,0,0,0,0,191,False,False,
203,5,1073.2706031729258,886.1423092571713,2.608732415438891,428.03582763671875,32.260555267333984,0,12,0,11,11,-0.04025862669446193,-0.9859398629183975,-0.9648953565514906,0,0,0,0,191,False,False,
203,6,1073.2706031729258,886.1423092571713,2.608732415438891,428.03582763671875,32.260555267333984,0,12,0,11,11,-0.04025862669446193,-0.9859398629183975,-0.9648953565514906,0,0,0,0,191,False,False,
203,7,1073.2706031729258,886.1423092571713,2.608732415438891,428.03582763671875,32.260555267333984,0,12,0,11,11,-0.04025862669446193,-0.9859398629183975,-0.9648953565514906,0,0,0,0,191,False,False,
204,0,1070.6632599638513,886.2370500998757,2.6090639005557237,430.64495849609375,32.284603118896484,0,12,0,11,11,-0.07964072245074981,-0.9928700321480488,-0.9624650805450082,0,0,0,0,192,False,False,
204,1,1070.6632599638513,886.2370500998757,2.6090639005557237,430.64495849609375,32.284603118896484,0,12,0,11,11,-0.07964072245074981,-0.9928700321480488,-0.9624650805450082,0,0,0,0,192,False,False,
204,2,1070.6632599638513,886.2370500998757,2.6090639005557237,430.64495849609375,32.284603118896484,0,12,0,11,11,-0.07964072245074981,-0.9928700321480488,-0.9624650805450082,0,0,0,0,192,False,False,
204,3,1070.6632599638513,886.2370500998757,2.6090639005557237,430.64495849609375,32.284603118896484,0,12,0,11,11,-0.07964072245074981,-0.9928700321480488,-0.9624650805450082,0,0,0,0,192,False,False,
204,4,1070.6632599638513,886.2370500998757,2.6090639005557237,430.64495849609375,32.284603118896484,0,12,0,11,11,-0.07964072245074981,-0.9928700321480488,-0.9624650805450082,0,0,0,0,192,False,False,
204,5,1070.6632599638513,886.2370500998757,2.6090639005557237,430.64495849609375,32.284603118896484,0,12,0,11,11,-0.07964072245074981,-0.9928700321480488,-0.9624650805450082,0,0,0,0,192,False,False,
204,6,1070.6632599638513,886.2370500998757,2.6090639005557237,430.64495849609375,32.284603118896484,0,12,0,11,11,-0.07964072245074981,-0.9928700321480488,-0.9624650805450082,0,0,0,0,192,False,False,
204,7,1070.6632599638513,886.2370500998757,2.6090639005557237,430.64495849609375,32.284603118896484,0,12,0,11,11,-0.07964072245074981,-0.9928700321480488,-0.9624650805450082,0,0,0,0,192,False,False,
205,0,1068.0556109298366,886.331997618039,2.609377035961493,433.2542419433594,32.28493881225586,0,12,0,11,11,-0.917406655471978,-0.999102387516833,-0.9600197539118194,0,0,0,1,193,False,False,
205,1,1068.0556109298366,886.331997618039,2.609377035961493,433.2542419433594,32.28493881225586,0,12,0,11,11,-0.917406655471978,-0.999102387516833,-0.9600197539118194,0,0,0,1,193,False,False,
205,2,1068.0556109298366,886.331997618039,2.609377035961493,433.2542419433594,32.28493881225586,0,12,0,11,11,-0.917406655471978,-0.999102387516833,-0.9600197539118194,0,0,0,1,193,False,False,
205,3,1068.0556109298366,886.331997618039,2.609377035961493,433.2542419433594,32.28493881225586,0,12,0,11,11,-0.917406655471978,-0.999102387516833,-0.9600197539118194,0,0,0,1,193,False,False,
205,4,1068.0556109298366,886.331997618039,2.609377035961493,433.2542419433594,32.28493881225586,0,12,0,11,11,-0.917406655471978,-0.999102387516833,-0.9600197539118194,0,0,0,1,193,False,False,
205,5,1068.0556109298366,886.331997618039,2.609377035961493,433.2542419433594,32.28493881225586,0,12,0,11,11,-0.917406655471978,-0.999102387516833,-0.9600197539118194,0,0,0,1,193,False,False,
205,6,1068.0556109298366,886.331997618039,2.609377035961493,433.2542419433594,32.28493881225586,0,12,0,11,11,-0.917406655471978,-0.999102387516833,-0.9600197539118194,0,0,0,1,193,False,False,
205,7,1068.0556109298366,886.331997618039,2.609377035961493,433.2542419433594,32.28493881225586,0,12,0,11,11,-0.917406655471978,-0.999102387516833,-0.9600197539118194,0,0,0,1,193,False,False,
206,0,1065.4476807015012,886.4271693350689,2.6096662107610498,435.864013671875,34.81089782714844,0,13,1,12,12,-0.012155073857893385,-0.9121263711183756,-0.957421223190303,0,0,0,0,194,False,False,
206,1,1065.4476807015012,886.4271693350689,2.6096662107610498,435.864013671875,34.81089782714844,0,13,1,12,12,-0.012155073857893385,-0.9121263711183756,-0.957421223190303,0,0,0,0,194,False,False,
206,2,1065.4476807015012,886.4271693350689,2.6096662107610498,435.864013671875,34.81089782714844,0,13,1,12,12,-0.012155073857893385,-0.9121263711183756,-0.957421223190303,0,0,0,0,194,False,False,
206,3,1065.4476807015012,886.4271693350689,2.6096662107610498,435.864013671875,34.81089782714844,0,13,1,12,12,-0.012155073857893385,-0.9121263711183756,-0.957421223190303,0,0,0,0,194,False,False,
206,4,1065.4476807015012,886.4271693350689,2.6096662107610498,435.864013671875,34.81089782714844,0,13,1,12,12,-0.012155073857893385,-0.9121263711183756,-0.957421223190303,0,0,0,0,194,False,False,
206,5,1065.4476807015012,886.4271693350689,2.6096662107610498,435.864013671875,34.81089782714844,0,13,1,12,12,-0.012155073857893385,-0.9121263711183756,-0.957421223190303,0,0,0,0,194,False,False,
206,6,1065.4476807015012,886.4271693350689,2.6096662107610498,435.864013671875,34.81089782714844,0,13,1,12,12,-0.012155073857893385,-0.9121263711183756,-0.957421223190303,0,0,0,0,194,False,False,
206,7,1065.4476807015012,886.4271693350689,2.6096662107610498,435.864013671875,34.81089782714844,0,13,1,12,12,-0.012155073857893385,-0.9121263711183756,-0.957421223190303,0,0,0,0,194,False,False,
207,0,1062.839501713083,886.5223222234126,2.609914118852552,438.4739074707031,34.83681106567383,0,13,0,12,12,-0.013193146389854998,-0.9190847001968733,-0.9548222815423688,0,0,0,0,195,False,False,
207,1,1062.839501713083,886.5223222234126,2.609914118852552,438.4739074707031,34.83681106567383,0,13,0,12,12,-0.013193146389854998,-0.9190847001968733,-0.9548222815423688,0,0,0,0,195,False,False,
207,2,1062.839501713083,886.5223222234126,2.609914118852552,438.4739074707031,34.83681106567383,0,13,0,12,12,-0.013193146389854998,-0.9190847001968733,-0.9548222815423688,0,0,0,0,195,False,False,
207,3,1062.839501713083,886.5223222234126,2.609914118852552,438.4739074707031,34.83681106567383,0,13,0,12,12,-0.013193146389854998,-0.9190847001968733,-0.9548222815423688,0,0,0,0,195,False,False,
207,4,1062.839501713083,886.5223222234126,2.609914118852552,438.4739074707031,34.83681106567383,0,13,0,12,12,-0.013193146389854998,-0.9190847001968733,-0.9548222815423688,0,0,0,0,195,False,False,
207,5,1062.839501713083,886.5223222234126,2.609914118852552,438.4739074707031,34.83681106567383,0,13,0,12,12,-0.013193146389854998,-0.9190847001968733,-0.9548222815423688,0,0,0,0,195,False,False,
207,6,1062.839501713083,886.5223222234126,2.609914118852552,438.4739074707031,34.83681106567383,0,13,0,12,12,-0.013193146389854998,-0.9190847001968733,-0.9548222815423688,0,0,0,0,195,False,False,
207,7,1062.839501713083,886.5223222234126,2.609914118852552,438.4739074707031,34.83681106567383,0,13,0,12,12,-0.013193146389854998,-0.9190847001968733,-0.9548222815423688,0,0,0,0,195,False,False,
208,0,1060.2310461718575,886.6173688115681,2.6101866148746433,441.08404541015625,34.86270523071289,0,13,0,12,12,-0.014403386573872329,-0.9260434167778875,-0.9522379688749038,0,0,0,0,196,False,False,
208,1,1060.2310461718575,886.6173688115681,2.6101866148746433,441.08404541015625,34.86270523071289,0,13,0,12,12,-0.014403386573872329,-0.9260434167778875,-0.9522379688749038,0,0,0,0,196,False,False,
208,2,1060.2310461718575,886.6173688115681,2.6101866148746433,441.08404541015625,34.86270523071289,0,13,0,12,12,-0.014403386573872329,-0.9260434167778875,-0.9522379688749038,0,0,0,0,196,False,False,
208,3,1060.2310461718575,886.6173688115681,2.6101866148746433,441.08404541015625,34.86270523071289,0,13,0,12,12,-0.014403386573872329,-0.9260434167778875,-0.9522379688749038,0,0,0,0,196,False,False,
208,4,1060.2310461718575,886.6173688115681,2.6101866148746433,441.08404541015625,34.86270523071289,0,13,0,12,12,-0.014403386573872329,-0.9260434167778875,-0.9522379688749038,0,0,0,0,196,False,False,
208,5,1060.2310461718575,886.6173688115681,2.6101866148746433,441.08404541015625,34.86270523071289,0,13,0,12,12,-0.014403386573872329,-0.9260434167778875,-0.9522379688749038,0,0,0,0,196,False,False,
208,6,1060.2310461718575,886.6173688115681,2.6101866148746433,441.08404541015625,34.86270523071289,0,13,0,12,12,-0.014403386573872329,-0.9260434167778875,-0.9522379688749038,0,0,0,0,196,False,False,
208,7,1060.2310461718575,886.6173688115681,2.6101866148746433,441.08404541015625,34.86270523071289,0,13,0,12,12,-0.014403386573872329,-0.9260434167778875,-0.9522379688749038,0,0,0,0,196,False,False,
209,0,1057.6223180079521,886.7122592039452,2.6104533743621214,443.6945495605469,34.8885612487793,0,13,0,12,12,-0.015855596617751013,-0.9330027680241308,-0.949668288761181,0,0,0,0,197,False,False,
209,1,1057.6223180079521,886.7122592039452,2.6104533743621214,443.6945495605469,34.8885612487793,0,13,0,12,12,-0.015855596617751013,-0.9330027680241308,-0.949668288761181,0,0,0,0,197,False,False,
209,2,1057.6223180079521,886.7122592039452,2.6104533743621214,443.6945495605469,34.8885612487793,0,13,0,12,12,-0.015855596617751013,-0.9330027680241308,-0.949668288761181,0,0,0,0,197,False,False,
209,3,1057.6223180079521,886.7122592039452,2.6104533743621214,443.6945495605469,34.8885612487793,0,13,0,12,12,-0.015855596617751013,-0.9330027680241308,-0.949668288761181,0,0,0,0,197,False,False,
209,4,1057.6223180079521,886.7122592039452,2.6104533743621214,443.6945495605469,34.8885612487793,0,13,0,12,12,-0.015855596617751013,-0.9330027680241308,-0.949668288761181,0,0,0,0,197,False,False,
209,5,1057.6223180079521,886.7122592039452,2.6104533743621214,443.6945495605469,34.8885612487793,0,13,0,12,12,-0.015855596617751013,-0.9330027680241308,-0.949668288761181,0,0,0,0,197,False,False,
209,6,1057.6223180079521,886.7122592039452,2.6104533743621214,443.6945495605469,34.8885612487793,0,13,0,12,12,-0.015855596617751013,-0.9330027680241308,-0.949668288761181,0,0,0,0,197,False,False,
209,7,1057.6223180079521,886.7122592039452,2.6104533743621214,443.6945495605469,34.8885612487793,0,13,0,12,12,-0.015855596617751013,-0.9330027680241308,-0.949668288761181,0,0,0,0,197,False,False,
210,0,1055.0133085127363,886.8069928909234,2.6107288288090698,446.3052673339844,34.91436767578125,0,13,0,12,12,-0.017648419277564484,-0.9399623123823854,-0.9471205485448888,0,0,0,0,198,False,False,
210,1,1055.0133085127363,886.8069928909234,2.6107288288090698,446.3052673339844,34.91436767578125,0,13,0,12,12,-0.017648419277564484,-0.9399623123823854,-0.9471205485448888,0,0,0,0,198,False,False,
210,2,1055.0133085127363,886.8069928909234,2.6107288288090698,446.3052673339844,34.91436767578125,0,13,0,12,12,-0.017648419277564484,-0.9399623123823854,-0.9471205485448888,0,0,0,0,198,False,False,
210,3,1055.0133085127363,886.8069928909234,2.6107288288090698,446.3052673339844,34.91436767578125,0,13,0,12,12,-0.017648419277564484,-0.9399623123823854,-0.9471205485448888,0,0,0,0,198,False,False,
210,4,1055.0133085127363,886.8069928909234,2.6107288288090698,446.3052673339844,34.91436767578125,0,13,0,12,12,-0.017648419277564484,-0.9399623123823854,-0.9471205485448888,0,0,0,0,198,False,False,
210,5,1055.0133085127363,886.8069928909234,2.6107288288090698,446.3052673339844,34.91436767578125,0,13,0,12,12,-0.017648419277564484,-0.9399623123823854,-0.9471205485448888,0,0,0,0,198,False,False,
210,6,1055.0133085127363,886.8069928909234,2.6107288288090698,446.3052673339844,34.91436767578125,0,13,0,12,12,-0.017648419277564484,-0.9399623123823854,-0.9471205485448888,0,0,0,0,198,False,False,
210,7,1055.0133085127363,886.8069928909234,2.6107288288090698,446.3052673339844,34.91436767578125,0,13,0,12,12,-0.017648419277564484,-0.9399623123823854,-0.9471205485448888,0,0,0,0,198,False,False,
211,0,1052.4040198453467,886.9015799294152,2.6110025005001942,448.9162292480469,34.94010925292969,0,13,0,12,12,-0.019918613278982082,-0.9469218767745273,-0.9446020734360813,0,0,0,0,199,False,False,
211,1,1052.4040198453467,886.9015799294152,2.6110025005001942,448.9162292480469,34.94010925292969,0,13,0,12,12,-0.019918613278982082,-0.9469218767745273,-0.9446020734360813,0,0,0,0,199,False,False,
211,2,1052.4040198453467,886.9015799294152,2.6110025005001942,448.9162292480469,34.94010925292969,0,13,0,12,12,-0.019918613278982082,-0.9469218767745273,-0.9446020734360813,0,0,0,0,199,False,False,
211,3,1052.4040198453467,886.9015799294152,2.6110025005001942,448.9162292480469,34.94010925292969,0,13,0,12,12,-0.019918613278982082,-0.9469218767745273,-0.9446020734360813,0,0,0,0,199,False,False,
211,4,1052.4040198453467,886.9015799294152,2.6110025005001942,448.9162292480469,34.94010925292969,0,13,0,12,12,-0.019918613278982082,-0.9469218767745273,-0.9446020734360813,0,0,0,0,199,False,False,
211,5,1052.4040198453467,886.9015799294152,2.6110025005001942,448.9162292480469,34.94010925292969,0,13,0,12,12,-0.019918613278982082,-0.9469218767745273,-0.9446020734360813,0,0,0,0,199,False,False,
211,6,1052.4040198453467,886.9015799294152,2.6110025005001942,448.9162292480469,34.94010925292969,0,13,0,12,12,-0.019918613278982082,-0.9469218767745273,-0.9446020734360813,0,0,0,0,199,False,False,
211,7,1052.4040198453467,886.9015799294152,2.6110025005001942,448.9162292480469,34.94010925292969,0,13,0,12,12,-0.019918613278982082,-0.9469218767745273,-0.9446020734360813,0,0,0,0,199,False,False,
212,0,1049.7944580365627,886.9960297096736,2.6112704943868987,451.5275573730469,34.96577072143555,0,13,0,12,12,-0.02288555335503683,-0.9538815092032241,-0.9420913237439259,0,0,0,0,200,False,False,
212,1,1049.7944580365627,886.9960297096736,2.6112704943868987,451.5275573730469,34.96577072143555,0,13,0,12,12,-0.02288555335503683,-0.9538815092032241,-0.9420913237439259,0,0,0,0,200,False,False,
212,2,1049.7944580365627,886.9960297096736,2.6112704943868987,451.5275573730469,34.96577072143555,0,13,0,12,12,-0.02288555335503683,-0.9538815092032241,-0.9420913237439259,0,0,0,0,200,False,False,
212,3,1049.7944580365627,886.9960297096736,2.6112704943868987,451.5275573730469,34.96577072143555,0,13,0,12,12,-0.02288555335503683,-0.9538815092032241,-0.9420913237439259,0,0,0,0,200,False,False,
212,4,1049.7944580365627,886.9960297096736,2.6112704943868987,451.5275573730469,34.96577072143555,0,13,0,12,12,-0.02288555335503683,-0.9538815092032241,-0.9420913237439259,0,0,0,0,200,False,False,
212,5,1049.7944580365627,886.9960297096736,2.6112704943868987,451.5275573730469,34.96577072143555,0,13,0,12,12,-0.02288555335503683,-0.9538815092032241,-0.9420913237439259,0,0,0,0,200,False,False,
212,6,1049.7944580365627,886.9960297096736,2.6112704943868987,451.5275573730469,34.96577072143555,0,13,0,12,12,-0.02288555335503683,-0.9538815092032241,-0.9420913237439259,0,0,0,0,200,False,False,
212,7,1049.7944580365627,886.9960297096736,2.6112704943868987,451.5275573730469,34.96577072143555,0,13,0,12,12,-0.02288555335503683,-0.9538815092032241,-0.9420913237439259,0,0,0,0,200,False,False,
213,0,1047.184636746181,887.0903360088474,2.6115246209434084,454.1390075683594,34.99131774902344,0,13,0,12,12,-0.026910430027401667,-0.9608400794231925,-0.9395947956790951,0,0,0,0,201,False,False,
213,1,1047.184636746181,887.0903360088474,2.6115246209434084,454.1390075683594,34.99131774902344,0,13,0,12,12,-0.026910430027401667,-0.9608400794231925,-0.9395947956790951,0,0,0,0,201,False,False,
213,2,1047.184636746181,887.0903360088474,2.6115246209434084,454.1390075683594,34.99131774902344,0,13,0,12,12,-0.026910430027401667,-0.9608400794231925,-0.9395947956790951,0,0,0,0,201,False,False,
213,3,1047.184636746181,887.0903360088474,2.6115246209434084,454.1390075683594,34.99131774902344,0,13,0,12,12,-0.026910430027401667,-0.9608400794231925,-0.9395947956790951,0,0,0,0,201,False,False,
213,4,1047.184636746181,887.0903360088474,2.6115246209434084,454.1390075683594,34.99131774902344,0,13,0,12,12,-0.026910430027401667,-0.9608400794231925,-0.9395947956790951,0,0,0,0,201,False,False,
213,5,1047.184636746181,887.0903360088474,2.6115246209434084,454.1390075683594,34.99131774902344,0,13,0,12,12,-0.026910430027401667,-0.9608400794231925,-0.9395947956790951,0,0,0,0,201,False,False,
213,6,1047.184636746181,887.0903360088474,2.6115246209434084,454.1390075683594,34.99131774902344,0,13,0,12,12,-0.026910430027401667,-0.9608400794231925,-0.9395947956790951,0,0,0,0,201,False,False,
213,7,1047.184636746181,887.0903360088474,2.6115246209434084,454.1390075683594,34.99131774902344,0,13,0,12,12,-0.026910430027401667,-0.9608400794231925,-0.9395947956790951,0,0,0,0,201,False,False,
214,0,1044.5746340191824,887.1843555883722,2.611695601764137,456.75079345703125,35.016693115234375,0,13,0,12,12,-0.03264055683116693,-0.9677973551820174,-0.937142158128945,0,0,0,0,202,False,False,
214,1,1044.5746340191824,887.1843555883722,2.611695601764137,456.75079345703125,35.016693115234375,0,13,0,12,12,-0.03264055683116693,-0.9677973551820174,-0.937142158128945,0,0,0,0,202,False,False,
214,2,1044.5746340191824,887.1843555883722,2.611695601764137,456.75079345703125,35.016693115234375,0,13,0,12,12,-0.03264055683116693,-0.9677973551820174,-0.937142158128945,0,0,0,0,202,False,False,
214,3,1044.5746340191824,887.1843555883722,2.611695601764137,456.75079345703125,35.016693115234375,0,13,0,12,12,-0.03264055683116693,-0.9677973551820174,-0.937142158128945,0,0,0,0,202,False,False,
214,4,1044.5746340191824,887.1843555883722,2.611695601764137,456.75079345703125,35.016693115234375,0,13,0,12,12,-0.03264055683116693,-0.9677973551820174,-0.937142158128945,0,0,0,0,202,False,False,
214,5,1044.5746340191824,887.1843555883722,2.611695601764137,456.75079345703125,35.016693115234375,0,13,0,12,12,-0.03264055683116693,-0.9677973551820174,-0.937142158128945,0,0,0,0,202,False,False,
214,6,1044.5746340191824,887.1843555883722,2.611695601764137,456.75079345703125,35.016693115234375,0,13,0,12,12,-0.03264055683116693,-0.9677973551820174,-0.937142158128945,0,0,0,0,202,False,False,
214,7,1044.5746340191824,887.1843555883722,2.611695601764137,456.75079345703125,35.016693115234375,0,13,0,12,12,-0.03264055683116693,-0.9677973551820174,-0.937142158128945,0,0,0,0,202,False,False,
215,0,1041.9644594372965,887.2779887930957,2.6118534654437022,459.3625793457031,35.04182815551758,0,13,0,12,12,-0.04152235373668292,-0.9747505068032501,-0.9347260894566944,0,0,0,0,203,False,False,
215,1,1041.9644594372965,887.2779887930957,2.6118534654437022,459.3625793457031,35.04182815551758,0,13,0,12,12,-0.04152235373668292,-0.9747505068032501,-0.9347260894566944,0,0,0,0,203,False,False,
215,2,1041.9644594372965,887.2779887930957,2.6118534654437022,459.3625793457031,35.04182815551758,0,13,0,12,12,-0.04152235373668292,-0.9747505068032501,-0.9347260894566944,0,0,0,0,203,False,False,
215,3,1041.9644594372965,887.2779887930957,2.6118534654437022,459.3625793457031,35.04182815551758,0,13,0,12,12,-0.04152235373668292,-0.9747505068032501,-0.9347260894566944,0,0,0,0,203,False,False,
215,4,1041.9644594372965,887.2779887930957,2.6118534654437022,459.3625793457031,35.04182815551758,0,13,0,12,12,-0.04152235373668292,-0.9747505068032501,-0.9347260894566944,0,0,0,0,203,False,False,
215,5,1041.9644594372965,887.2779887930957,2.6118534654437022,459.3625793457031,35.04182815551758,0,13,0,12,12,-0.04152235373668292,-0.9747505068032501,-0.9347260894566944,0,0,0,0,203,False,False,
215,6,1041.9644594372965,887.2779887930957,2.6118534654437022,459.3625793457031,35.04182815551758,0,13,0,12,12,-0.04152235373668292,-0.9747505068032501,-0.9347260894566944,0,0,0,0,203,False,False,
215,7,1041.9644594372965,887.2779887930957,2.6118534654437022,459.3625793457031,35.04182815551758,0,13,0,12,12,-0.04152235373668292,-0.9747505068032501,-0.9347260894566944,0,0,0,0,203,False,False,
216,0,1039.3540959195404,887.3712140163401,2.612027686890122,461.974609375,35.0665168762207,0,13,0,12,12,-0.05717159876765613,-0.9816955438891639,-0.9323689583525575,0,0,0,0,204,False,False,
216,1,1039.3540959195404,887.3712140163401,2.612027686890122,461.974609375,35.0665168762207,0,13,0,12,12,-0.05717159876765613,-0.9816955438891639,-0.9323689583525575,0,0,0,0,204,False,False,
216,2,1039.3540959195404,887.3712140163401,2.612027686890122,461.974609375,35.0665168762207,0,13,0,12,12,-0.05717159876765613,-0.9816955438891639,-0.9323689583525575,0,0,0,0,204,False,False,
216,3,1039.3540959195404,887.3712140163401,2.612027686890122,461.974609375,35.0665168762207,0,13,0,12,12,-0.05717159876765613,-0.9816955438891639,-0.9323689583525575,0,0,0,0,204,False,False,
216,4,1039.3540959195404,887.3712140163401,2.612027686890122,461.974609375,35.0665168762207,0,13,0,12,12,-0.05717159876765613,-0.9816955438891639,-0.9323689583525575,0,0,0,0,204,False,False,
216,5,1039.3540959195404,887.3712140163401,2.612027686890122,461.974609375,35.0665168762207,0,13,0,12,12,-0.05717159876765613,-0.9816955438891639,-0.9323689583525575,0,0,0,0,204,False,False,
216,6,1039.3540959195404,887.3712140163401,2.612027686890122,461.974609375,35.0665168762207,0,13,0,12,12,-0.05717159876765613,-0.9816955438891639,-0.9323689583525575,0,0,0,0,204,False,False,
216,7,1039.3540959195404,887.3712140163401,2.612027686890122,461.974609375,35.0665168762207,0,13,0,12,12,-0.05717159876765613,-0.9816955438891639,-0.9323689583525575,0,0,0,0,204,False,False,
217,0,1036.743542338974,887.4640286845373,2.612203008887479,464.58685302734375,35.09022521972656,0,13,0,12,12,-0.09196649665663902,-0.9886164588658155,-0.9300553068366836,0,0,0,0,205,False,False,
217,1,1036.743542338974,887.4640286845373,2.612203008887479,464.58685302734375,35.09022521972656,0,13,0,12,12,-0.09196649665663902,-0.9886164588658155,-0.9300553068366836,0,0,0,0,205,False,False,
217,2,1036.743542338974,887.4640286845373,2.612203008887479,464.58685302734375,35.09022521972656,0,13,0,12,12,-0.09196649665663902,-0.9886164588658155,-0.9300553068366836,0,0,0,0,205,False,False,
217,3,1036.743542338974,887.4640286845373,2.612203008887479,464.58685302734375,35.09022521972656,0,13,0,12,12,-0.09196649665663902,-0.9886164588658155,-0.9300553068366836,0,0,0,0,205,False,False,
217,4,1036.743542338974,887.4640286845373,2.612203008887479,464.58685302734375,35.09022521972656,0,13,0,12,12,-0.09196649665663902,-0.9886164588658155,-0.9300553068366836,0,0,0,0,205,False,False,
217,5,1036.743542338974,887.4640286845373,2.612203008887479,464.58685302734375,35.09022521972656,0,13,0,12,12,-0.09196649665663902,-0.9886164588658155,-0.9300553068366836,0,0,0,0,205,False,False,
217,6,1036.743542338974,887.4640286845373,2.612203008887479,464.58685302734375,35.09022521972656,0,13,0,12,12,-0.09196649665663902,-0.9886164588658155,-0.9300553068366836,0,0,0,0,205,False,False,
217,7,1036.743542338974,887.4640286845373,2.612203008887479,464.58685302734375,35.09022521972656,0,13,0,12,12,-0.09196649665663902,-0.9886164588658155,-0.9300553068366836,0,0,0,0,205,False,False,
218,0,1034.1327973229943,887.5564433399528,2.6123801421307893,467.19921875,35.10997772216797,0,13,0,12,12,-0.23162502486472553,-0.9953999253098245,-0.9277932748254156,0,0,0,0,206,False,False,
218,1,1034.1327973229943,887.5564433399528,2.6123801421307893,467.19921875,35.10997772216797,0,13,0,12,12,-0.23162502486472553,-0.9953999253098245,-0.9277932748254156,0,0,0,0,206,False,False,
218,2,1034.1327973229943,887.5564433399528,2.6123801421307893,467.19921875,35.10997772216797,0,13,0,12,12,-0.23162502486472553,-0.9953999253098245,-0.9277932748254156,0,0,0,0,206,False,False,
218,3,1034.1327973229943,887.5564433399528,2.6123801421307893,467.19921875,35.10997772216797,0,13,0,12,12,-0.23162502486472553,-0.9953999253098245,-0.9277932748254156,0,0,0,0,206,False,False,
218,4,1034.1327973229943,887.5564433399528,2.6123801421307893,467.19921875,35.10997772216797,0,13,0,12,12,-0.23162502486472553,-0.9953999253098245,-0.9277932748254156,0,0,0,0,206,False,False,
218,5,1034.1327973229943,887.5564433399528,2.6123801421307893,467.19921875,35.10997772216797,0,13,0,12,12,-0.23162502486472553,-0.9953999253098245,-0.9277932748254156,0,0,0,0,206,False,False,
218,6,1034.1327973229943,887.5564433399528,2.6123801421307893,467.19921875,35.10997772216797,0,13,0,12,12,-0.23162502486472553,-0.9953999253098245,-0.9277932748254156,0,0,0,0,206,False,False,
218,7,1034.1327973229943,887.5564433399528,2.6123801421307893,467.19921875,35.10997772216797,0,13,0,12,12,-0.23162502486472553,-0.9953999253098245,-0.9277932748254156,0,0,0,0,206,False,False,
219,0,1031.5218497748438,887.648496083146,2.6125697706899422,469.8117980957031,37.6360969543457,0,14,1,13,13,-0.006736248047637143,-0.9079137323255856,-0.9272666601147129,0,0,0,0,207,False,False,
219,1,1031.5218497748438,887.648496083146,2.6125697706899422,469.8117980957031,37.6360969543457,0,14,1,13,13,-0.006736248047637143,-0.9079137323255856,-0.9272666601147129,0,0,0,0,207,False,False,
219,2,1031.5218497748438,887.648496083146,2.6125697706899422,469.8117980957031,37.6360969543457,0,14,1,13,13,-0.006736248047637143,-0.9079137323255856,-0.9272666601147129,0,0,0,0,207,False,False,
219,3,1031.5218497748438,887.648496083146,2.6125697706899422,469.8117980957031,37.6360969543457,0,14,1,13,13,-0.006736248047637143,-0.9079137323255856,-0.9272666601147129,0,0,0,0,207,False,False,
219,4,1031.5218497748438,887.648496083146,2.6125697706899422,469.8117980957031,37.6360969543457,0,14,1,13,13,-0.006736248047637143,-0.9079137323255856,-0.9272666601147129,0,0,0,0,207,False,False,
219,5,1031.5218497748438,887.648496083146,2.6125697706899422,469.8117980957031,37.6360969543457,0,14,1,13,13,-0.006736248047637143,-0.9079137323255856,-0.9272666601147129,0,0,0,0,207,False,False,
219,6,1031.5218497748438,887.648496083146,2.6125697706899422,469.8117980957031,37.6360969543457,0,14,1,13,13,-0.006736248047637143,-0.9079137323255856,-0.9272666601147129,0,0,0,0,207,False,False,
219,7,1031.5218497748438,887.648496083146,2.6125697706899422,469.8117980957031,37.6360969543457,0,14,1,13,13,-0.006736248047637143,-0.9079137323255856,-0.9272666601147129,0,0,0,0,207,False,False,
220,0,1028.9107598789283,887.7405341072398,2.6127115115203683,472.42449951171875,37.66218185424805,0,14,0,13,13,-0.007282478490313022,-0.9148805260971428,-0.9294571337569348,0,0,0,0,208,False,False,
220,1,1028.9107598789283,887.7405341072398,2.6127115115203683,472.42449951171875,37.66218185424805,0,14,0,13,13,-0.007282478490313022,-0.9148805260971428,-0.9294571337569348,0,0,0,0,208,False,False,
220,2,1028.9107598789283,887.7405341072398,2.6127115115203683,472.42449951171875,37.66218185424805,0,14,0,13,13,-0.007282478490313022,-0.9148805260971428,-0.9294571337569348,0,0,0,0,208,False,False,
220,3,1028.9107598789283,887.7405341072398,2.6127115115203683,472.42449951171875,37.66218185424805,0,14,0,13,13,-0.007282478490313022,-0.9148805260971428,-0.9294571337569348,0,0,0,0,208,False,False,
220,4,1028.9107598789283,887.7405341072398,2.6127115115203683,472.42449951171875,37.66218185424805,0,14,0,13,13,-0.007282478490313022,-0.9148805260971428,-0.9294571337569348,0,0,0,0,208,False,False,
220,5,1028.9107598789283,887.7405341072398,2.6127115115203683,472.42449951171875,37.66218185424805,0,14,0,13,13,-0.007282478490313022,-0.9148805260971428,-0.9294571337569348,0,0,0,0,208,False,False,
220,6,1028.9107598789283,887.7405341072398,2.6127115115203683,472.42449951171875,37.66218185424805,0,14,0,13,13,-0.007282478490313022,-0.9148805260971428,-0.9294571337569348,0,0,0,0,208,False,False,
220,7,1028.9107598789283,887.7405341072398,2.6127115115203683,472.42449951171875,37.66218185424805,0,14,0,13,13,-0.007282478490313022,-0.9148805260971428,-0.9294571337569348,0,0,0,0,208,False,False,
221,0,1026.2995315034068,887.8327542393945,2.612856326303375,475.0373229980469,37.688270568847656,0,14,0,13,13,-0.007978827662583714,-0.9218475812817002,-0.9316250600452828,0,0,0,0,209,False,False,
221,1,1026.2995315034068,887.8327542393945,2.612856326303375,475.0373229980469,37.688270568847656,0,14,0,13,13,-0.007978827662583714,-0.9218475812817002,-0.9316250600452828,0,0,0,0,209,False,False,
221,2,1026.2995315034068,887.8327542393945,2.612856326303375,475.0373229980469,37.688270568847656,0,14,0,13,13,-0.007978827662583714,-0.9218475812817002,-0.9316250600452828,0,0,0,0,209,False,False,
221,3,1026.2995315034068,887.8327542393945,2.612856326303375,475.0373229980469,37.688270568847656,0,14,0,13,13,-0.007978827662583714,-0.9218475812817002,-0.9316250600452828,0,0,0,0,209,False,False,
221,4,1026.2995315034068,887.8327542393945,2.612856326303375,475.0373229980469,37.688270568847656,0,14,0,13,13,-0.007978827662583714,-0.9218475812817002,-0.9316250600452828,0,0,0,0,209,False,False,
221,5,1026.2995315034068,887.8327542393945,2.612856326303375,475.0373229980469,37.688270568847656,0,14,0,13,13,-0.007978827662583714,-0.9218475812817002,-0.9316250600452828,0,0,0,0,209,False,False,
221,6,1026.2995315034068,887.8327542393945,2.612856326303375,475.0373229980469,37.688270568847656,0,14,0,13,13,-0.007978827662583714,-0.9218475812817002,-0.9316250600452828,0,0,0,0,209,False,False,
221,7,1026.2995315034068,887.8327542393945,2.612856326303375,475.0373229980469,37.688270568847656,0,14,0,13,13,-0.007978827662583714,-0.9218475812817002,-0.9316250600452828,0,0,0,0,209,False,False,
222,0,1023.6881756756669,887.9252790392421,2.612994469503904,477.6503601074219,37.714332580566406,0,14,0,13,13,-0.008840148533681081,-0.9288150437796229,-0.9337564246022776,0,0,0,0,210,False,False,
222,1,1023.6881756756669,887.9252790392421,2.612994469503904,477.6503601074219,37.714332580566406,0,14,0,13,13,-0.008840148533681081,-0.9288150437796229,-0.9337564246022776,0,0,0,0,210,False,False,
222,2,1023.6881756756669,887.9252790392421,2.612994469503904,477.6503601074219,37.714332580566406,0,14,0,13,13,-0.008840148533681081,-0.9288150437796229,-0.9337564246022776,0,0,0,0,210,False,False,
222,3,1023.6881756756669,887.9252790392421,2.612994469503904,477.6503601074219,37.714332580566406,0,14,0,13,13,-0.008840148533681081,-0.9288150437796229,-0.9337564246022776,0,0,0,0,210,False,False,
222,4,1023.6881756756669,887.9252790392421,2.612994469503904,477.6503601074219,37.714332580566406,0,14,0,13,13,-0.008840148533681081,-0.9288150437796229,-0.9337564246022776,0,0,0,0,210,False,False,
222,5,1023.6881756756669,887.9252790392421,2.612994469503904,477.6503601074219,37.714332580566406,0,14,0,13,13,-0.008840148533681081,-0.9288150437796229,-0.9337564246022776,0,0,0,0,210,False,False,
222,6,1023.6881756756669,887.9252790392421,2.612994469503904,477.6503601074219,37.714332580566406,0,14,0,13,13,-0.008840148533681081,-0.9288150437796229,-0.9337564246022776,0,0,0,0,210,False,False,
222,7,1023.6881756756669,887.9252790392421,2.612994469503904,477.6503601074219,37.714332580566406,0,14,0,13,13,-0.008840148533681081,-0.9288150437796229,-0.9337564246022776,0,0,0,0,210,False,False,
223,0,1021.0767112580484,888.018202575053,2.613117140121255,480.2634582519531,37.74036407470703,0,14,0,13,13,-0.009905216523972311,-0.9357825557421756,-0.9358512345744655,0,0,0,0,211,False,False,
223,1,1021.0767112580484,888.018202575053,2.613117140121255,480.2634582519531,37.74036407470703,0,14,0,13,13,-0.009905216523972311,-0.9357825557421756,-0.9358512345744655,0,0,0,0,211,False,False,
223,2,1021.0767112580484,888.018202575053,2.613117140121255,480.2634582519531,37.74036407470703,0,14,0,13,13,-0.009905216523972311,-0.9357825557421756,-0.9358512345744655,0,0,0,0,211,False,False,
223,3,1021.0767112580484,888.018202575053,2.613117140121255,480.2634582519531,37.74036407470703,0,14,0,13,13,-0.009905216523972311,-0.9357825557421756,-0.9358512345744655,0,0,0,0,211,False,False,
223,4,1021.0767112580484,888.018202575053,2.613117140121255,480.2634582519531,37.74036407470703,0,14,0,13,13,-0.009905216523972311,-0.9357825557421756,-0.9358512345744655,0,0,0,0,211,False,False,
223,5,1021.0767112580484,888.018202575053,2.613117140121255,480.2634582519531,37.74036407470703,0,14,0,13,13,-0.009905216523972311,-0.9357825557421756,-0.9358512345744655,0,0,0,0,211,False,False,
223,6,1021.0767112580484,888.018202575053,2.613117140121255,480.2634582519531,37.74036407470703,0,14,0,13,13,-0.009905216523972311,-0.9357825557421756,-0.9358512345744655,0,0,0,0,211,False,False,
223,7,1021.0767112580484,888.018202575053,2.613117140121255,480.2634582519531,37.74036407470703,0,14,0,13,13,-0.009905216523972311,-0.9357825557421756,-0.9358512345744655,0,0,0,0,211,False,False,
224,0,1018.465111404231,888.1115278301121,2.613266806066846,482.87677001953125,37.766357421875,0,14,0,13,13,-0.01121917615283255,-0.9427503915711754,-0.9378875429178697,0,0,0,0,212,False,False,
224,1,1018.465111404231,888.1115278301121,2.613266806066846,482.87677001953125,37.766357421875,0,14,0,13,13,-0.01121917615283255,-0.9427503915711754,-0.9378875429178697,0,0,0,0,212,False,False,
224,2,1018.465111404231,888.1115278301121,2.613266806066846,482.87677001953125,37.766357421875,0,14,0,13,13,-0.01121917615283255,-0.9427503915711754,-0.9378875429178697,0,0,0,0,212,False,False,
224,3,1018.465111404231,888.1115278301121,2.613266806066846,482.87677001953125,37.766357421875,0,14,0,13,13,-0.01121917615283255,-0.9427503915711754,-0.9378875429178697,0,0,0,0,212,False,False,
224,4,1018.465111404231,888.1115278301121,2.613266806066846,482.87677001953125,37.766357421875,0,14,0,13,13,-0.01121917615283255,-0.9427503915711754,-0.9378875429178697,0,0,0,0,212,False,False,
224,5,1018.465111404231,888.1115278301121,2.613266806066846,482.87677001953125,37.766357421875,0,14,0,13,13,-0.01121917615283255,-0.9427503915711754,-0.9378875429178697,0,0,0,0,212,False,False,
224,6,1018.465111404231,888.1115278301121,2.613266806066846,482.87677001953125,37.766357421875,0,14,0,13,13,-0.01121917615283255,-0.9427503915711754,-0.9378875429178697,0,0,0,0,212,False,False,
224,7,1018.465111404231,888.1115278301121,2.613266806066846,482.87677001953125,37.766357421875,0,14,0,13,13,-0.01121917615283255,-0.9427503915711754,-0.9378875429178697,0,0,0,0,212,False,False,
225,0,1015.8533178463697,888.2050368155742,2.6134669539231674,485.4902038574219,37.792293548583984,0,14,0,13,13,-0.012823044077378162,-0.9497182931777867,-0.9399089292724027,0,0,0,0,213,False,False,
225,1,1015.8533178463697,888.2050368155742,2.6134669539231674,485.4902038574219,37.792293548583984,0,14,0,13,13,-0.012823044077378162,-0.9497182931777867,-0.9399089292724027,0,0,0,0,213,False,False,
225,2,1015.8533178463697,888.2050368155742,2.6134669539231674,485.4902038574219,37.792293548583984,0,14,0,13,13,-0.012823044077378162,-0.9497182931777867,-0.9399089292724027,0,0,0,0,213,False,False,
225,3,1015.8533178463697,888.2050368155742,2.6134669539231674,485.4902038574219,37.792293548583984,0,14,0,13,13,-0.012823044077378162,-0.9497182931777867,-0.9399089292724027,0,0,0,0,213,False,False,
225,4,1015.8533178463697,888.2050368155742,2.6134669539231674,485.4902038574219,37.792293548583984,0,14,0,13,13,-0.012823044077378162,-0.9497182931777867,-0.9399089292724027,0,0,0,0,213,False,False,
225,5,1015.8533178463697,888.2050368155742,2.6134669539231674,485.4902038574219,37.792293548583984,0,14,0,13,13,-0.012823044077378162,-0.9497182931777867,-0.9399089292724027,0,0,0,0,213,False,False,
225,6,1015.8533178463697,888.2050368155742,2.6134669539231674,485.4902038574219,37.792293548583984,0,14,0,13,13,-0.012823044077378162,-0.9497182931777867,-0.9399089292724027,0,0,0,0,213,False,False,
225,7,1015.8533178463697,888.2050368155742,2.6134669539231674,485.4902038574219,37.792293548583984,0,14,0,13,13,-0.012823044077378162,-0.9497182931777867,-0.9399089292724027,0,0,0,0,213,False,False,
226,0,1013.2413054844772,888.298648480829,2.613689293422428,488.1038818359375,37.81818389892578,0,14,0,13,13,-0.014913786224256063,-0.9566864503254024,-0.9419159975212347,0,0,0,0,214,False,False,
226,1,1013.2413054844772,888.298648480829,2.613689293422428,488.1038818359375,37.81818389892578,0,14,0,13,13,-0.014913786224256063,-0.9566864503254024,-0.9419159975212347,0,0,0,0,214,False,False,
226,2,1013.2413054844772,888.298648480829,2.613689293422428,488.1038818359375,37.81818389892578,0,14,0,13,13,-0.014913786224256063,-0.9566864503254024,-0.9419159975212347,0,0,0,0,214,False,False,
226,3,1013.2413054844772,888.298648480829,2.613689293422428,488.1038818359375,37.81818389892578,0,14,0,13,13,-0.014913786224256063,-0.9566864503254024,-0.9419159975212347,0,0,0,0,214,False,False,
226,4,1013.2413054844772,888.298648480829,2.613689293422428,488.1038818359375,37.81818389892578,0,14,0,13,13,-0.014913786224256063,-0.9566864503254024,-0.9419159975212347,0,0,0,0,214,False,False,
226,5,1013.2413054844772,888.298648480829,2.613689293422428,488.1038818359375,37.81818389892578,0,14,0,13,13,-0.014913786224256063,-0.9566864503254024,-0.9419159975212347,0,0,0,0,214,False,False,
226,6,1013.2413054844772,888.298648480829,2.613689293422428,488.1038818359375,37.81818389892578,0,14,0,13,13,-0.014913786224256063,-0.9566864503254024,-0.9419159975212347,0,0,0,0,214,False,False,
226,7,1013.2413054844772,888.298648480829,2.613689293422428,488.1038818359375,37.81818389892578,0,14,0,13,13,-0.014913786224256063,-0.9566864503254024,-0.9419159975212347,0,0,0,0,214,False,False,
227,0,1010.6290733849797,888.3923256940391,2.613911238339921,490.7178039550781,37.843997955322266,0,14,0,13,13,-0.017791017937186855,-0.9636546276943337,-0.9439154475516104,0,0,0,0,215,False,False,
227,1,1010.6290733849797,888.3923256940391,2.613911238339921,490.7178039550781,37.843997955322266,0,14,0,13,13,-0.017791017937186855,-0.9636546276943337,-0.9439154475516104,0,0,0,0,215,False,False,
227,2,1010.6290733849797,888.3923256940391,2.613911238339921,490.7178039550781,37.843997955322266,0,14,0,13,13,-0.017791017937186855,-0.9636546276943337,-0.9439154475516104,0,0,0,0,215,False,False,
227,3,1010.6290733849797,888.3923256940391,2.613911238339921,490.7178039550781,37.843997955322266,0,14,0,13,13,-0.017791017937186855,-0.9636546276943337,-0.9439154475516104,0,0,0,0,215,False,False,
227,4,1010.6290733849797,888.3923256940391,2.613911238339921,490.7178039550781,37.843997955322266,0,14,0,13,13,-0.017791017937186855,-0.9636546276943337,-0.9439154475516104,0,0,0,0,215,False,False,
227,5,1010.6290733849797,888.3923256940391,2.613911238339921,490.7178039550781,37.843997955322266,0,14,0,13,13,-0.017791017937186855,-0.9636546276943337,-0.9439154475516104,0,0,0,0,215,False,False,
227,6,1010.6290733849797,888.3923256940391,2.613911238339921,490.7178039550781,37.843997955322266,0,14,0,13,13,-0.017791017937186855,-0.9636546276943337,-0.9439154475516104,0,0,0,0,215,False,False,
227,7,1010.6290733849797,888.3923256940391,2.613911238339921,490.7178039550781,37.843997955322266,0,14,0,13,13,-0.017791017937186855,-0.9636546276943337,-0.9439154475516104,0,0,0,0,215,False,False,
228,0,1008.0166273607496,888.4860435352992,2.614126481883886,493.33197021484375,37.869693756103516,0,14,0,13,13,-0.02202035750569217,-0.9706223721892759,-0.945915204883481,0,0,0,0,216,False,False,
228,1,1008.0166273607496,888.4860435352992,2.614126481883886,493.33197021484375,37.869693756103516,0,14,0,13,13,-0.02202035750569217,-0.9706223721892759,-0.945915204883481,0,0,0,0,216,False,False,
228,2,1008.0166273607496,888.4860435352992,2.614126481883886,493.33197021484375,37.869693756103516,0,14,0,13,13,-0.02202035750569217,-0.9706223721892759,-0.945915204883481,0,0,0,0,216,False,False,
228,3,1008.0166273607496,888.4860435352992,2.614126481883886,493.33197021484375,37.869693756103516,0,14,0,13,13,-0.02202035750569217,-0.9706223721892759,-0.945915204883481,0,0,0,0,216,False,False,
228,4,1008.0166273607496,888.4860435352992,2.614126481883886,493.33197021484375,37.869693756103516,0,14,0,13,13,-0.02202035750569217,-0.9706223721892759,-0.945915204883481,0,0,0,0,216,False,False,
228,5,1008.0166273607496,888.4860435352992,2.614126481883886,493.33197021484375,37.869693756103516,0,14,0,13,13,-0.02202035750569217,-0.9706223721892759,-0.945915204883481,0,0,0,0,216,False,False,
228,6,1008.0166273607496,888.4860435352992,2.614126481883886,493.33197021484375,37.869693756103516,0,14,0,13,13,-0.02202035750569217,-0.9706223721892759,-0.945915204883481,0,0,0,0,216,False,False,
228,7,1008.0166273607496,888.4860435352992,2.614126481883886,493.33197021484375,37.869693756103516,0,14,0,13,13,-0.02202035750569217,-0.9706223721892759,-0.945915204883481,0,0,0,0,216,False,False,
229,0,1005.403991236726,888.5798205293115,2.614318580655113,495.9462585449219,37.89519119262695,0,14,0,13,13,-0.028888196561221473,-0.977588344310956,-0.9479000295066607,0,0,0,0,217,False,False,
229,1,1005.403991236726,888.5798205293115,2.614318580655113,495.9462585449219,37.89519119262695,0,14,0,13,13,-0.028888196561221473,-0.977588344310956,-0.9479000295066607,0,0,0,0,217,False,False,
229,2,1005.403991236726,888.5798205293115,2.614318580655113,495.9462585449219,37.89519119262695,0,14,0,13,13,-0.028888196561221473,-0.977588344310956,-0.9479000295066607,0,0,0,0,217,False,False,
229,3,1005.403991236726,888.5798205293115,2.614318580655113,495.9462585449219,37.89519119262695,0,14,0,13,13,-0.028888196561221473,-0.977588344310956,-0.9479000295066607,0,0,0,0,217,False,False,
229,4,1005.403991236726,888.5798205293115,2.614318580655113,495.9462585449219,37.89519119262695,0,14,0,13,13,-0.028888196561221473,-0.977588344310956,-0.9479000295066607,0,0,0,0,217,False,False,
229,5,1005.403991236726,888.5798205293115,2.614318580655113,495.9462585449219,37.89519119262695,0,14,0,13,13,-0.028888196561221473,-0.977588344310956,-0.9479000295066607,0,0,0,0,217,False,False,
229,6,1005.403991236726,888.5798205293115,2.614318580655113,495.9462585449219,37.89519119262695,0,14,0,13,13,-0.028888196561221473,-0.977588344310956,-0.9479000295066607,0,0,0,0,217,False,False,
229,7,1005.403991236726,888.5798205293115,2.614318580655113,495.9462585449219,37.89519119262695,0,14,0,13,13,-0.028888196561221473,-0.977588344310956,-0.9479000295066607,0,0,0,0,217,False,False,
230,0,1002.7911850779363,888.6736918119573,2.614491889663194,498.56072998046875,37.920318603515625,0,14,0,13,13,-0.041951829858865294,-0.984549857901157,-0.9498778540876474,0,0,0,0,218,False,False,
230,1,1002.7911850779363,888.6736918119573,2.614491889663194,498.56072998046875,37.920318603515625,0,14,0,13,13,-0.041951829858865294,-0.984549857901157,-0.9498778540876474,0,0,0,0,218,False,False,
230,2,1002.7911850779363,888.6736918119573,2.614491889663194,498.56072998046875,37.920318603515625,0,14,0,13,13,-0.041951829858865294,-0.984549857901157,-0.9498778540876474,0,0,0,0,218,False,False,
230,3,1002.7911850779363,888.6736918119573,2.614491889663194,498.56072998046875,37.920318603515625,0,14,0,13,13,-0.041951829858865294,-0.984549857901157,-0.9498778540876474,0,0,0,0,218,False,False,
230,4,1002.7911850779363,888.6736918119573,2.614491889663194,498.56072998046875,37.920318603515625,0,14,0,13,13,-0.041951829858865294,-0.984549857901157,-0.9498778540876474,0,0,0,0,218,False,False,
230,5,1002.7911850779363,888.6736918119573,2.614491889663194,498.56072998046875,37.920318603515625,0,14,0,13,13,-0.041951829858865294,-0.984549857901157,-0.9498778540876474,0,0,0,0,218,False,False,
230,6,1002.7911850779363,888.6736918119573,2.614491889663194,498.56072998046875,37.920318603515625,0,14,0,13,13,-0.041951829858865294,-0.984549857901157,-0.9498778540876474,0,0,0,0,218,False,False,
230,7,1002.7911850779363,888.6736918119573,2.614491889663194,498.56072998046875,37.920318603515625,0,14,0,13,13,-0.041951829858865294,-0.984549857901157,-0.9498778540876474,0,0,0,0,218,False,False,
231,0,1000.1782169499861,888.767682767079,2.614658053614021,501.1753845214844,37.94447326660156,0,14,0,13,13,-0.07638586183409188,-0.9914947283704925,-0.9518480533036311,0,0,0,0,219,False,False,
231,1,1000.1782169499861,888.767682767079,2.614658053614021,501.1753845214844,37.94447326660156,0,14,0,13,13,-0.07638586183409188,-0.9914947283704925,-0.9518480533036311,0,0,0,0,219,False,False,
231,2,1000.1782169499861,888.767682767079,2.614658053614021,501.1753845214844,37.94447326660156,0,14,0,13,13,-0.07638586183409188,-0.9914947283704925,-0.9518480533036311,0,0,0,0,219,False,False,
231,3,1000.1782169499861,888.767682767079,2.614658053614021,501.1753845214844,37.94447326660156,0,14,0,13,13,-0.07638586183409188,-0.9914947283704925,-0.9518480533036311,0,0,0,0,219,False,False,
231,4,1000.1782169499861,888.767682767079,2.614658053614021,501.1753845214844,37.94447326660156,0,14,0,13,13,-0.07638586183409188,-0.9914947283704925,-0.9518480533036311,0,0,0,0,219,False,False,
231,5,1000.1782169499861,888.767682767079,2.614658053614021,501.1753845214844,37.94447326660156,0,14,0,13,13,-0.07638586183409188,-0.9914947283704925,-0.9518480533036311,0,0,0,0,219,False,False,
231,6,1000.1782169499861,888.767682767079,2.614658053614021,501.1753845214844,37.94447326660156,0,14,0,13,13,-0.07638586183409188,-0.9914947283704925,-0.9518480533036311,0,0,0,0,219,False,False,
231,7,1000.1782169499861,888.767682767079,2.614658053614021,501.1753845214844,37.94447326660156,0,14,0,13,13,-0.07638586183409188,-0.9914947283704925,-0.9518480533036311,0,0,0,0,219,False,False,
232,0,997.5651091440614,888.8618369953701,2.614803515388881,503.7901916503906,37.95987319946289,0,14,0,13,13,-0.3854737385726941,-0.9982105954796535,-0.9537963233420041,0,0,0,0,220,False,False,
232,1,997.5651091440614,888.8618369953701,2.614803515388881,503.7901916503906,37.95987319946289,0,14,0,13,13,-0.3854737385726941,-0.9982105954796535,-0.9537963233420041,0,0,0,0,220,False,False,
232,2,997.5651091440614,888.8618369953701,2.614803515388881,503.7901916503906,37.95987319946289,0,14,0,13,13,-0.3854737385726941,-0.9982105954796535,-0.9537963233420041,0,0,0,0,220,False,False,
232,3,997.5651091440614,888.8618369953701,2.614803515388881,503.7901916503906,37.95987319946289,0,14,0,13,13,-0.3854737385726941,-0.9982105954796535,-0.9537963233420041,0,0,0,0,220,False,False,
232,4,997.5651091440614,888.8618369953701,2.614803515388881,503.7901916503906,37.95987319946289,0,14,0,13,13,-0.3854737385726941,-0.9982105954796535,-0.9537963233420041,0,0,0,0,220,False,False,
232,5,997.5651091440614,888.8618369953701,2.614803515388881,503.7901916503906,37.95987319946289,0,14,0,13,13,-0.3854737385726941,-0.9982105954796535,-0.9537963233420041,0,0,0,0,220,False,False,
232,6,997.5651091440614,888.8618369953701,2.614803515388881,503.7901916503906,37.95987319946289,0,14,0,13,13,-0.3854737385726941,-0.9982105954796535,-0.9537963233420041,0,0,0,0,220,False,False,
232,7,997.5651091440614,888.8618369953701,2.614803515388881,503.7901916503906,37.95987319946289,0,14,0,13,13,-0.3854737385726941,-0.9982105954796535,-0.9537963233420041,0,0,0,0,220,False,False,
233,0,994.9518800661799,888.9562031667141,2.6149323486047127,506.4051208496094,40.4858283996582,0,15,1,14,14,-0.012782797504715088,-0.909449975064372,-0.9521432807084526,0,0,0,0,221,False,False,
233,1,994.9518800661799,888.9562031667141,2.6149323486047127,506.4051208496094,40.4858283996582,0,15,1,14,14,-0.012782797504715088,-0.909449975064372,-0.9521432807084526,0,0,0,0,221,False,False,
233,2,994.9518800661799,888.9562031667141,2.6149323486047127,506.4051208496094,40.4858283996582,0,15,1,14,14,-0.012782797504715088,-0.909449975064372,-0.9521432807084526,0,0,0,0,221,False,False,
233,3,994.9518800661799,888.9562031667141,2.6149323486047127,506.4051208496094,40.4858283996582,0,15,1,14,14,-0.012782797504715088,-0.909449975064372,-0.9521432807084526,0,0,0,0,221,False,False,
233,4,994.9518800661799,888.9562031667141,2.6149323486047127,506.4051208496094,40.4858283996582,0,15,1,14,14,-0.012782797504715088,-0.909449975064372,-0.9521432807084526,0,0,0,0,221,False,False,
233,5,994.9518800661799,888.9562031667141,2.6149323486047127,506.4051208496094,40.4858283996582,0,15,1,14,14,-0.012782797504715088,-0.909449975064372,-0.9521432807084526,0,0,0,0,221,False,False,
233,6,994.9518800661799,888.9562031667141,2.6149323486047127,506.4051208496094,40.4858283996582,0,15,1,14,14,-0.012782797504715088,-0.909449975064372,-0.9521432807084526,0,0,0,0,221,False,False,
233,7,994.9518800661799,888.9562031667141,2.6149323486047127,506.4051208496094,40.4858283996582,0,15,1,14,14,-0.012782797504715088,-0.909449975064372,-0.9521432807084526,0,0,0,0,221,False,False,
234,0,992.3384715544196,889.0507064098612,2.6151166154316727,509.0202331542969,40.511749267578125,0,15,0,14,14,-0.013884547269357641,-0.9164220764594602,-0.949515077526307,0,0,0,0,222,False,False,
234,1,992.3384715544196,889.0507064098612,2.6151166154316727,509.0202331542969,40.511749267578125,0,15,0,14,14,-0.013884547269357641,-0.9164220764594602,-0.949515077526307,0,0,0,0,222,False,False,
234,2,992.3384715544196,889.0507064098612,2.6151166154316727,509.0202331542969,40.511749267578125,0,15,0,14,14,-0.013884547269357641,-0.9164220764594602,-0.949515077526307,0,0,0,0,222,False,False,
234,3,992.3384715544196,889.0507064098612,2.6151166154316727,509.0202331542969,40.511749267578125,0,15,0,14,14,-0.013884547269357641,-0.9164220764594602,-0.949515077526307,0,0,0,0,222,False,False,
234,4,992.3384715544196,889.0507064098612,2.6151166154316727,509.0202331542969,40.511749267578125,0,15,0,14,14,-0.013884547269357641,-0.9164220764594602,-0.949515077526307,0,0,0,0,222,False,False,
234,5,992.3384715544196,889.0507064098612,2.6151166154316727,509.0202331542969,40.511749267578125,0,15,0,14,14,-0.013884547269357641,-0.9164220764594602,-0.949515077526307,0,0,0,0,222,False,False,
234,6,992.3384715544196,889.0507064098612,2.6151166154316727,509.0202331542969,40.511749267578125,0,15,0,14,14,-0.013884547269357641,-0.9164220764594602,-0.949515077526307,0,0,0,0,222,False,False,
234,7,992.3384715544196,889.0507064098612,2.6151166154316727,509.0202331542969,40.511749267578125,0,15,0,14,14,-0.013884547269357641,-0.9164220764594602,-0.949515077526307,0,0,0,0,222,False,False,
235,0,989.7248839863355,889.1452952505124,2.615298649259647,511.6355895996094,40.53763961791992,0,15,0,14,14,-0.015169818830415554,-0.9233945517895731,-0.9468795598539269,0,0,0,0,223,False,False,
235,1,989.7248839863355,889.1452952505124,2.615298649259647,511.6355895996094,40.53763961791992,0,15,0,14,14,-0.015169818830415554,-0.9233945517895731,-0.9468795598539269,0,0,0,0,223,False,False,
235,2,989.7248839863355,889.1452952505124,2.615298649259647,511.6355895996094,40.53763961791992,0,15,0,14,14,-0.015169818830415554,-0.9233945517895731,-0.9468795598539269,0,0,0,0,223,False,False,
235,3,989.7248839863355,889.1452952505124,2.615298649259647,511.6355895996094,40.53763961791992,0,15,0,14,14,-0.015169818830415554,-0.9233945517895731,-0.9468795598539269,0,0,0,0,223,False,False,
235,4,989.7248839863355,889.1452952505124,2.615298649259647,511.6355895996094,40.53763961791992,0,15,0,14,14,-0.015169818830415554,-0.9233945517895731,-0.9468795598539269,0,0,0,0,223,False,False,
235,5,989.7248839863355,889.1452952505124,2.615298649259647,511.6355895996094,40.53763961791992,0,15,0,14,14,-0.015169818830415554,-0.9233945517895731,-0.9468795598539269,0,0,0,0,223,False,False,
235,6,989.7248839863355,889.1452952505124,2.615298649259647,511.6355895996094,40.53763961791992,0,15,0,14,14,-0.015169818830415554,-0.9233945517895731,-0.9468795598539269,0,0,0,0,223,False,False,
235,7,989.7248839863355,889.1452952505124,2.615298649259647,511.6355895996094,40.53763961791992,0,15,0,14,14,-0.015169818830415554,-0.9233945517895731,-0.9468795598539269,0,0,0,0,223,False,False,
236,0,987.1391014243817,889.2389149038354,2.587476781962097,514.2230224609375,40.56340026855469,0,15,0,14,14,-0.016679995473911743,-0.9302922580823507,-0.9442735038190572,0,0,0,0,224,False,False,
236,1,987.1391014243817,889.2389149038354,2.587476781962097,514.2230224609375,40.56340026855469,0,15,0,14,14,-0.016679995473911743,-0.9302922580823507,-0.9442735038190572,0,0,0,0,224,False,False,
236,2,987.1391014243817,889.2389149038354,2.587476781962097,514.2230224609375,40.56340026855469,0,15,0,14,14,-0.016679995473911743,-0.9302922580823507,-0.9442735038190572,0,0,0,0,224,False,False,
236,3,987.1391014243817,889.2389149038354,2.587476781962097,514.2230224609375,40.56340026855469,0,15,0,14,14,-0.016679995473911743,-0.9302922580823507,-0.9442735038190572,0,0,0,0,224,False,False,
236,4,987.1391014243817,889.2389149038354,2.587476781962097,514.2230224609375,40.56340026855469,0,15,0,14,14,-0.016679995473911743,-0.9302922580823507,-0.9442735038190572,0,0,0,0,224,False,False,
236,5,987.1391014243817,889.2389149038354,2.587476781962097,514.2230224609375,40.56340026855469,0,15,0,14,14,-0.016679995473911743,-0.9302922580823507,-0.9442735038190572,0,0,0,0,224,False,False,
236,6,987.1391014243817,889.2389149038354,2.587476781962097,514.2230224609375,40.56340026855469,0,15,0,14,14,-0.016679995473911743,-0.9302922580823507,-0.9442735038190572,0,0,0,0,224,False,False,
236,7,987.1391014243817,889.2389149038354,2.587476781962097,514.2230224609375,40.56340026855469,0,15,0,14,14,-0.016679995473911743,-0.9302922580823507,-0.9442735038190572,0,0,0,0,224,False,False,
237,0,984.5803621773938,889.3315243478296,2.5604146232969662,516.7833862304688,40.58902359008789,0,15,0,14,14,-0.01848347245285961,-0.9371173732873689,-0.9416818766613576,0,0,0,0,225,False,False,
237,1,984.5803621773938,889.3315243478296,2.5604146232969662,516.7833862304688,40.58902359008789,0,15,0,14,14,-0.01848347245285961,-0.9371173732873689,-0.9416818766613576,0,0,0,0,225,False,False,
237,2,984.5803621773938,889.3315243478296,2.5604146232969662,516.7833862304688,40.58902359008789,0,15,0,14,14,-0.01848347245285961,-0.9371173732873689,-0.9416818766613576,0,0,0,0,225,False,False,
237,3,984.5803621773938,889.3315243478296,2.5604146232969662,516.7833862304688,40.58902359008789,0,15,0,14,14,-0.01848347245285961,-0.9371173732873689,-0.9416818766613576,0,0,0,0,225,False,False,
237,4,984.5803621773938,889.3315243478296,2.5604146232969662,516.7833862304688,40.58902359008789,0,15,0,14,14,-0.01848347245285961,-0.9371173732873689,-0.9416818766613576,0,0,0,0,225,False,False,
237,5,984.5803621773938,889.3315243478296,2.5604146232969662,516.7833862304688,40.58902359008789,0,15,0,14,14,-0.01848347245285961,-0.9371173732873689,-0.9416818766613576,0,0,0,0,225,False,False,
237,6,984.5803621773938,889.3315243478296,2.5604146232969662,516.7833862304688,40.58902359008789,0,15,0,14,14,-0.01848347245285961,-0.9371173732873689,-0.9416818766613576,0,0,0,0,225,False,False,
237,7,984.5803621773938,889.3315243478296,2.5604146232969662,516.7833862304688,40.58902359008789,0,15,0,14,14,-0.01848347245285961,-0.9371173732873689,-0.9416818766613576,0,0,0,0,225,False,False,
238,0,982.0479123647904,889.4231328639669,2.534106188300775,519.3175048828125,40.614505767822266,0,15,0,14,14,-0.020694757580690115,-0.9438718590141484,-0.9391341435916118,0,0,0,0,226,False,False,
238,1,982.0479123647904,889.4231328639669,2.534106188300775,519.3175048828125,40.614505767822266,0,15,0,14,14,-0.020694757580690115,-0.9438718590141484,-0.9391341435916118,0,0,0,0,226,False,False,
238,2,982.0479123647904,889.4231328639669,2.534106188300775,519.3175048828125,40.614505767822266,0,15,0,14,14,-0.020694757580690115,-0.9438718590141484,-0.9391341435916118,0,0,0,0,226,False,False,
238,3,982.0479123647904,889.4231328639669,2.534106188300775,519.3175048828125,40.614505767822266,0,15,0,14,14,-0.020694757580690115,-0.9438718590141484,-0.9391341435916118,0,0,0,0,226,False,False,
238,4,982.0479123647904,889.4231328639669,2.534106188300775,519.3175048828125,40.614505767822266,0,15,0,14,14,-0.020694757580690115,-0.9438718590141484,-0.9391341435916118,0,0,0,0,226,False,False,
238,5,982.0479123647904,889.4231328639669,2.534106188300775,519.3175048828125,40.614505767822266,0,15,0,14,14,-0.020694757580690115,-0.9438718590141484,-0.9391341435916118,0,0,0,0,226,False,False,
238,6,982.0479123647904,889.4231328639669,2.534106188300775,519.3175048828125,40.614505767822266,0,15,0,14,14,-0.020694757580690115,-0.9438718590141484,-0.9391341435916118,0,0,0,0,226,False,False,
238,7,982.0479123647904,889.4231328639669,2.534106188300775,519.3175048828125,40.614505767822266,0,15,0,14,14,-0.020694757580690115,-0.9438718590141484,-0.9391341435916118,0,0,0,0,226,False,False,
239,0,979.5410220205342,889.5137825428509,2.5085287645164573,521.8260498046875,40.639827728271484,0,15,0,14,14,-0.02348390387031461,-0.9505572779836405,-0.9366158721593765,0,0,0,0,227,False,False,
239,1,979.5410220205342,889.5137825428509,2.5085287645164573,521.8260498046875,40.639827728271484,0,15,0,14,14,-0.02348390387031461,-0.9505572779836405,-0.9366158721593765,0,0,0,0,227,False,False,
239,2,979.5410220205342,889.5137825428509,2.5085287645164573,521.8260498046875,40.639827728271484,0,15,0,14,14,-0.02348390387031461,-0.9505572779836405,-0.9366158721593765,0,0,0,0,227,False,False,
239,3,979.5410220205342,889.5137825428509,2.5085287645164573,521.8260498046875,40.639827728271484,0,15,0,14,14,-0.02348390387031461,-0.9505572779836405,-0.9366158721593765,0,0,0,0,227,False,False,
239,4,979.5410220205342,889.5137825428509,2.5085287645164573,521.8260498046875,40.639827728271484,0,15,0,14,14,-0.02348390387031461,-0.9505572779836405,-0.9366158721593765,0,0,0,0,227,False,False,
239,5,979.5410220205342,889.5137825428509,2.5085287645164573,521.8260498046875,40.639827728271484,0,15,0,14,14,-0.02348390387031461,-0.9505572779836405,-0.9366158721593765,0,0,0,0,227,False,False,
239,6,979.5410220205342,889.5137825428509,2.5085287645164573,521.8260498046875,40.639827728271484,0,15,0,14,14,-0.02348390387031461,-0.9505572779836405,-0.9366158721593765,0,0,0,0,227,False,False,
239,7,979.5410220205342,889.5137825428509,2.5085287645164573,521.8260498046875,40.639827728271484,0,15,0,14,14,-0.02348390387031461,-0.9505572779836405,-0.9366158721593765,0,0,0,0,227,False,False,
240,0,977.0589933877026,889.6035023371401,2.483649688600174,524.3096923828125,40.664974212646484,0,15,0,14,14,-0.02710592986659574,-0.9571750543444513,-0.9341266585847803,0,0,0,0,228,True,False,max_steps
240,1,977.0589933877026,889.6035023371401,2.483649688600174,524.3096923828125,40.664974212646484,0,15,0,14,14,-0.02710592986659574,-0.9571750543444513,-0.9341266585847803,0,0,0,0,228,True,False,max_steps
240,2,977.0589933877026,889.6035023371401,2.483649688600174,524.3096923828125,40.664974212646484,0,15,0,14,14,-0.02710592986659574,-0.9571750543444513,-0.9341266585847803,0,0,0,0,228,True,False,max_steps
240,3,977.0589933877026,889.6035023371401,2.483649688600174,524.3096923828125,40.664974212646484,0,15,0,14,14,-0.02710592986659574,-0.9571750543444513,-0.9341266585847803,0,0,0,0,228,True,False,max_steps
240,4,977.0589933877026,889.6035023371401,2.483649688600174,524.3096923828125,40.664974212646484,0,15,0,14,14,-0.02710592986659574,-0.9571750543444513,-0.9341266585847803,0,0,0,0,228,True,False,max_steps
240,5,977.0589933877026,889.6035023371401,2.483649688600174,524.3096923828125,40.664974212646484,0,15,0,14,14,-0.02710592986659574,-0.9571750543444513,-0.9341266585847803,0,0,0,0,228,True,False,max_steps
240,6,977.0589933877026,889.6035023371401,2.483649688600174,524.3096923828125,40.664974212646484,0,15,0,14,14,-0.02710592986659574,-0.9571750543444513,-0.9341266585847803,0,0,0,0,228,True,False,max_steps
240,7,977.0589933877026,889.6035023371401,2.483649688600174,524.3096923828125,40.664974212646484,0,15,0,14,14,-0.02710592986659574,-0.9571750543444513,-0.9341266585847803,0,0,0,0,228,True,False,max_steps
