step,car_index,x,y,speed,speed_kph,distance_travelled,total_reward,lap_count,next_goal_idx,progress_delta,checkpoints_reached,checkpoint_streak,heading_error_norm,goal_distance_norm,lateral_offset_norm,no_progress_steps,reverse_speed_steps,reverse_progress_events,heading_away_steps,wall_hugging_steps,done,collided,terminated_reason
1,0,1510.0824173086592,875.3586225400337,0.04649085328996209,0.1673670718438635,0.0006103515625,0.0024058008566498756,0,1,0,0,0,-0.02071554643340758,-0.8608251209066703,-0.2975537200175222,1,0,0,0,0,False,False,
1,1,1506.4788190271886,868.7776056881249,0.02337302800428938,0.08414290081544176,0.0003662109375,0.00214421097189188,0,1,0,0,0,-0.03514752349952598,-0.8704380278503273,-0.9133834003222006,1,0,0,0,0,False,False,
1,2,1504.0459852540182,860.87550647278,0.0,0.0,0.0,-0.001392123638652265,0,1,0,0,0,0.18531981358975586,-0.8736779209069417,0.03407164589994638,1,0,0,0,0,False,False,
1,3,1493.4506891167525,865.162278108772,0.04773878565797726,0.17185962836871815,0.0006133957067504525,0.0009072385728359222,0,1,0,0,0,0.10427623883177356,-0.9037224304830864,-0.4282494174421241,1,0,0,0,0,False,False,
1,4,1502.4623092439363,870.5698539155364,0.02347167267499982,0.08449802162999935,0.0003662109375,0.0019891399424523115,0,1,0,0,0,-0.04427170305151233,-0.8813725976605485,-0.8717289828360537,1,0,0,0,0,False,False,
1,5,1509.1117767860592,861.5445355077268,0.023723288066442787,0.08540383703919403,0.000244140625,0.0003601530916057527,0,1,0,0,0,0.12919001769552224,-0.8608793561421046,-0.04614896627207443,1,0,0,0,0,False,False,
1,6,1505.8354173983266,875.0734007476759,0.047867401029159845,0.17232264370497544,0.0006133957067504525,0.001695524901151657,0,1,0,0,0,-0.0657929420624618,-0.8721757833414148,-0.3317510307892657,1,0,0,0,0,False,False,
1,7,1498.7533774030042,871.9155004360326,0.0477003818822081,0.17172137477594915,0.0006133957067504525,0.0023865224793553352,0,1,0,0,0,-0.03010936967116575,-0.8913239852931975,-0.7265016409042244,1,0,0,0,0,False,False,
2,0,1510.0812060386452,875.3585839395266,0.09311768599933143,0.33522366959759314,0.001832579611800611,0.004993199370801449,0,1,0,0,0,-0.020716402690890354,-0.8608283798416926,-0.29756103808102996,2,0,0,0,0,False,False,
2,1,1506.4782160869336,868.7776793582196,0.04667270052841459,0.16802172190229253,0.000858292100019753,0.004450445994734764,0,1,0,0,0,-0.03514759581515092,-0.8704393378615723,-0.9133907183857084,2,0,0,0,0,False,False,
2,2,1504.0459852540182,860.87550647278,0.0,0.0,0.0,-0.0028702470008283854,0,1,0,0,0,0.18531981358975586,-0.8736779209069417,0.03407164589994638,2,0,0,0,0,False,False,
2,3,1493.4494498981871,865.1623112571473,0.09525198325998664,0.34290713973595194,0.0018340988317504525,0.0018349665915593505,0,1,0,0,0,0.10428018822740846,-0.9037256267773004,-0.42824209937861635,2,0,0,0,0,False,False,
2,4,1502.4617024299425,870.5699158399543,0.04686795836664568,0.16872465011992446,0.0009886499028652906,0.004112269729375839,0,1,0,0,0,-0.04427291522953441,-0.8813742348883554,-0.8717143467090382,2,0,0,0,0,False,False,
2,5,1509.1111614959186,861.5445347974082,0.04727712310468651,0.17019764317687142,0.0008544921875,0.000757537898607552,0,1,0,0,0,0.12919135408583063,-0.860880950725206,-0.04614896627207443,2,0,0,0,0,False,False,
2,6,1505.834175494873,875.0734494371443,0.09549753140080643,0.34379111304290316,0.0018340988317504525,0.0033928235061466694,0,1,0,0,0,-0.06579391688493515,-0.8721790318514666,-0.3317510307892657,2,0,0,0,0,False,False,
2,7,1498.7521393062032,871.9155616084284,0.09524777714223774,0.34289199771205586,0.0018356237560510635,0.004810345359146595,0,1,0,0,0,-0.030110159951188584,-0.8913272408317909,-0.7265016409042244,2,0,0,0,0,False,False,
3,0,1510.0793894626652,875.3585260524995,0.13965122565321775,0.502744412351584,0.003664651419967413,0.02262921631336212,0,1,0,0,0,-0.020718234139846775,-0.8608332630070086,-0.2975683561445377,0,0,0,0,0,False,False,
3,1,1506.4773127525998,868.7777897310817,0.06992574797749863,0.25173269271899507,0.001842454425059259,0.006772344466298819,0,1,0,0,0,-0.0351477853309834,-0.8704419578839284,-0.9134053545127239,3,0,0,0,0,False,False,
3,2,1504.0459852540182,860.87550647278,0.0,0.0,0.0,-0.004258076194673777,0,1,0,0,0,0.18531981358975586,-0.8736779209069417,0.03407164589994638,3,0,0,0,0,False,False,
3,3,1493.4475937749376,865.1623609081137,0.1426700886560722,0.5136123191618599,0.003666170407086611,0.01779634691774845,0,1,0,0,0,0.10428498981724141,-0.9037304520386332,-0.42824209937861635,0,0,0,0,0,False,False,
3,4,1502.460793302829,870.5700086142751,0.07021744545347355,0.2527828036325048,0.0018453190568834543,0.006251532584428787,0,1,0,0,0,-0.044272925637919354,-0.8813765175887105,-0.8717070286455305,3,0,0,0,0,False,False,
3,5,1509.1102402766794,861.5445337343579,0.07078383428402531,0.2548218034224911,0.0018310546875,0.0011963780270889401,0,1,0,0,0,0.1291934338556492,-0.860883502056577,-0.04614896627207443,3,0,0,0,0,False,False,
3,6,1505.8323154222578,875.0735223618323,0.14303232743911404,0.5149163787808105,0.0037910346873104572,0.020126109942793846,0,1,0,0,0,-0.0657970538141803,-0.8721842085933862,-0.33173639466225024,0,0,0,0,0,False,False,
3,7,1498.750284392245,871.9156532560866,0.14270001174654162,0.5137200422875499,0.003789702197536826,0.022259119898080826,0,1,0,0,0,-0.030110812873903114,-0.8913324494909762,-0.7265089303815466,0,0,0,0,0,False,False,
4,0,1510.0769687919349,875.3584489216853,0.18609164170857534,0.6699299101508712,0.005984790623188019,0.040281932801008224,0,1,0,0,0,-0.020720967582169514,-0.8608394455562585,-0.2975756742080454,0,0,0,0,0,False,False,
4,1,1506.4761096252878,868.7779367322145,0.09313225536119293,0.33527611930029455,0.003076814115047455,0.009102480486035347,0,1,0,0,0,-0.03514829061160596,-0.8704452383088152,-0.9134273087032472,4,0,0,0,0,False,False,
4,2,1504.0459852540182,860.87550647278,0.0,0.0,0.0,-0.0056459056213498116,0,1,0,0,0,0.18531981358975586,-0.8736779209069417,0.03407164589994638,4,0,0,0,0,False,False,
4,3,1493.4451219822422,865.1624270296644,0.18999325014600843,0.6839757005256304,0.006230373401194811,0.03377319872379303,0,1,0,0,0,0.10429210010733053,-0.9037371950626408,-0.42822752042397205,0,0,0,0,0,False,False,
4,4,1502.4595824674457,870.570132175887,0.09352020932593169,0.3366727535733541,0.0030721104703843594,0.0083989929407835,0,1,0,0,0,-0.044273412595119216,-0.8813797815787674,-0.8716923925185149,4,0,0,0,0,False,False,
4,5,1509.109013740519,861.5445323198903,0.09424350747444764,0.3392766269080115,0.0030517578125,0.0016426939982920885,0,1,0,0,0,0.1291959489754706,-0.8608866912180375,-0.04614896627207443,4,0,0,0,0,False,False,
4,6,1505.8298384179434,875.0736194726096,0.19047196555971893,0.6856990760149881,0.006233203690499067,0.03687567263841629,0,1,0,0,0,-0.06579971202785247,-0.8721906951727482,-0.3317290765987425,0,0,0,0,0,False,False,
4,7,1498.7478138959646,871.9157753170671,0.1900572459913019,0.6842060855686868,0.006234158296138048,0.03972478583455086,0,1,0,0,0,-0.030112283241937612,-0.8913389605670549,-0.7265089303815466,0,0,0,0,0,False,False,
5,0,1510.073945235421,875.3583525912085,0.23243910343430993,0.8367807723635158,0.009038988500833511,0.05795130878686905,0,1,0,0,0,-0.020724050716169194,-0.8608475876559758,-0.297590310335061,0,0,0,0,0,False,False,
5,1,1506.4746073049805,868.7781202868742,0.11629230557396547,0.4186523000662757,0.004553057719022036,0.026440847665071487,0,1,0,0,0,-0.03514831420053813,-0.8704491683415367,-0.9134492628937704,0,0,0,0,0,False,False,
5,2,1504.0459852540182,860.87550647278,0.0,0.0,0.0,-0.007033734582364559,0,1,0,0,0,0.18531981358975586,-0.8736779209069417,0.03407164589994638,5,0,0,0,0,False,False,
5,3,1493.4420357531126,865.1625095902504,0.23722163968388277,0.853997902861978,0.00928457174450159,0.049765486270189285,0,1,0,0,0,0.10429964768108435,-0.9037452474133977,-0.4282202023604642,0,0,0,0,0,False,False,
5,4,1502.4580705274304,870.5702864619773,0.11677634112444835,0.42039482804801404,0.00454835407435894,0.02555462159216404,0,1,0,0,0,-0.04427443280539067,-0.8813837015051474,-0.8716704383279917,0,0,0,0,0,False,False,
5,5,1509.1074824984466,861.5445305555494,0.11765623237839173,0.42356243656221026,0.004638671875,0.01709645614027977,0,1,0,0,0,0.12919919845815633,-0.8608908371233619,-0.04614896627207443,0,0,0,0,0,False,False,
5,6,1505.8267457174525,875.0737407201742,0.2378165942231006,0.8561397392031622,0.009287402033805847,0.05364144966006279,0,1,0,0,0,-0.06580361391104109,-0.8721987955642481,-0.33171444047172693,0,0,0,0,0,False,False,
5,7,1498.7447290499435,871.9159277291944,0.2373196519061401,0.8543507468621043,0.009291404858231544,0.057207293808460236,0,1,0,0,0,-0.030114567605324143,-0.8913470995787882,-0.7265089303815466,0,0,0,0,0,False,False,
6,0,1510.0703199996399,875.3582371065214,0.2786937957737182,1.0032976647853857,0.012703131884336472,0.07563728839159012,0,1,0,0,0,-0.02072812135707554,-0.8608573539851628,-0.29760494646207647,0,0,0,0,0,False,False,
6,1,1506.4728063908553,868.7783403200491,0.1394059575878785,0.5018614473163626,0.006393244955688715,0.043787434697151184,0,1,0,0,0,-0.035147755599819815,-0.8704540727865482,-0.9134712170842937,0,0,0,0,0,False,False,
6,2,1504.0459852540182,860.87550647278,0.0,0.0,0.0,-0.008421563543379307,0,1,0,0,0,0.18531981358975586,-0.8736779209069417,0.03407164589994638,6,0,0,0,0,False,False,
6,3,1493.438336318594,865.162608558752,0.28435540920750757,1.0236794731470273,0.01294718962162733,0.0657731145620346,0,1,0,0,0,0.10431015854830655,-0.903754867046488,-0.4282047086478814,0,0,0,0,0,False,False,
6,4,1502.4562580851853,870.5704714095494,0.13998593382781876,0.5039493617801476,0.0063885413110256195,0.04271841049194336,0,1,0,0,0,-0.04427506189014612,-0.8813885974884511,-0.8716484841374684,0,0,0,0,0,False,False,
6,5,1509.1056471603579,861.5445284430964,0.1410220945915209,0.5076795405294753,0.0064697265625,0.032557640224695206,0,1,0,0,0,0.1292028877681648,-0.8608956208538485,-0.04614896627207443,0,0,0,0,0,False,False,
6,6,1505.8230385540087,875.0738860550813,0.28506638950949637,1.026239002234187,0.01307600922882557,0.07042338699102402,0,1,0,0,0,-0.06580886634706834,-0.8722088346130457,-0.3316924862812036,0,0,0,0,0,False,False,
6,7,1498.7410310845653,871.9161104300717,0.28448739736718726,1.024154630521874,0.012958088889718056,0.07470661401748657,0,1,0,0,0,-0.030116715312330358,-0.8913568661891942,-0.7265162484450545,0,0,0,0,0,False,False,
7,0,1510.0660942888687,875.3581025143578,0.3248558875869343,1.1694811953129636,0.01697733625769615,0.09333981573581696,0,1,0,0,0,-0.020733168495802565,-0.8608687445431337,-0.29761958258909205,0,0,0,0,0,False,False,
7,1,1506.470707480979,868.7785967565118,0.1624732940885978,0.5849038587189521,0.008490759879350662,0.0611422099173069,0,1,0,0,0,-0.03514832370230655,-0.8704596484268299,-0.9135078074018325,0,0,0,0,0,False,False,
7,2,1504.0459852540182,860.87550647278,0.0,0.0,0.0,-0.009809392504394054,0,1,0,0,0,0.18531981358975586,-0.8736779209069417,0.03407164589994638,7,0,0,0,0,False,False,
7,3,1493.434024907457,865.1627239044684,0.33139473430036637,1.1930210434813189,0.017221394926309586,0.08179603517055511,0,1,0,0,0,0.10432152383800554,-0.9037661156118808,-0.4281901296932371,0,0,0,0,0,False,False,
7,4,1502.4541457420348,870.5706869554203,0.16314906836943985,0.5873366461299835,0.008593423292040825,0.05989035218954086,0,1,0,0,0,-0.04427530550709188,-0.8813944695289411,-0.8716265299469452,0,0,0,0,0,False,False,
7,5,1509.1035083349836,861.5445259844996,0.16434118354215085,0.5916282607517431,0.008544921875,0.04802622273564339,0,1,0,0,0,0.12920702162756598,-0.8609010424067429,-0.04614896627207443,0,0,0,0,0,False,False,
7,6,1505.8187181586427,875.0740554277526,0.332221519371729,1.1959974697382245,0.01735021360218525,0.08722145855426788,0,1,0,0,0,-0.06581364627664293,-0.8722201834944837,-0.33167785015418816,0,0,0,0,0,False,False,
7,7,1498.7367212281206,871.9163233570906,0.33156064213904346,1.1936183117005565,0.01735643297433853,0.09222271293401718,0,1,0,0,0,-0.030118725794158585,-0.8913685859184621,-0.7265235665085622,0,0,0,0,0,False,False,
8,0,1510.061269305097,875.3579488626912,0.370925551510894,1.3353319854392185,0.021739643067121506,0.11105884611606598,0,1,0,0,0,-0.020739086290438042,-0.8608814344831597,-0.2976342187161075,0,0,0,0,0,False,False,
8,1,1506.4683111721827,868.7788895208465,0.1854944075478454,0.6677798671722435,0.010944342240691185,0.07850518822669983,0,1,0,0,0,-0.035147524131382904,-0.8704661876857762,-0.9135370796558635,0,0,0,0,0,False,False,
8,2,1504.0459852540182,860.87550647278,0.0,0.0,0.0,-0.011197221465408802,0,1,0,0,0,0.18531981358975586,-0.8736779209069417,0.03407164589994638,8,0,0,0,0,False,False,
8,3,1493.4291027464567,865.1628555970963,0.37833977052106105,1.3620231738758197,0.02222776599228382,0.09783416986465454,0,1,0,0,0,0.10433521363490317,-0.9037792818841275,-0.42816823267508497,0,0,0,0,0,False,False,
8,4,1502.4517340981772,870.5709330362351,0.18626582952401244,0.6705569862864448,0.01092557329684496,0.07707041501998901,0,1,0,0,0,-0.04427615428269386,-0.8814006721513842,-0.8715972576929142,0,0,0,0,0,False,False,
8,5,1509.101066629893,861.5445231819261,0.18761358851771506,0.6754089186637743,0.01098709087818861,0.06350216269493103,0,1,0,0,0,0.12921263280703923,-0.860907388067434,-0.04614164820856659,0,0,0,0,0,False,False,
8,6,1505.8137857604531,875.0742487884761,0.37928213175378,1.365415674313608,0.022236458957195282,0.10403560101985931,0,1,0,0,0,-0.06581967904048977,-0.8722331461746329,-0.33165589596366485,0,0,0,0,0,False,False,
8,7,1498.7318007067595,871.9165664474452,0.37853954978740795,1.3627423792346687,0.022245345637202263,0.10975554585456848,0,1,0,0,0,-0.030121563881379466,-0.8913816080598637,-0.7265317135714517,0,0,0,0,0,False,False,
9,0,1510.055846248031,875.3577762007069,0.41690295998541693,1.500850655947501,0.027235858142375946,0.1287943422794342,0,1,0,0,0,-0.02074531504443371,-0.8608960839727479,-0.2976561729066308,0,0,0,0,0,False,False,
9,1,1506.465618060629,868.7792185373877,0.20846934666686756,0.7504896480007233,0.013654743321239948,0.0958763137459755,0,1,0,0,0,-0.03514786224239907,-0.8704733981382724,-0.91358098803691,0,0,0,0,0,False,False,
9,2,1504.0459852540182,860.87550647278,0.0,0.0,0.0,-0.01258505042642355,0,1,0,0,0,0.18531981358975586,-0.8736779209069417,0.03407164589994638,9,0,0,0,0,False,False,
9,3,1493.423571060285,865.1630036067219,0.4251906772368647,1.530686438052713,0.02772398106753826,0.1138874813914299,0,1,0,0,0,0.10434935885342074,-0.9037937574385236,-0.4281535965480694,0,0,0,0,0,False,False,
9,4,1502.4490237525836,870.5712095884843,0.20933630986536855,0.7536107155153268,0.013749727979302406,0.09425857663154602,0,1,0,0,0,-0.04427744410218584,-0.8814081814124218,-0.8715606673753754,0,0,0,0,0,False,False,
9,5,1509.0983226514686,861.5445200377362,0.21083940064771672,0.7590218423317803,0.01379470806568861,0.07898543775081635,0,1,0,0,0,0.12921826531715447,-0.8609147230797047,-0.04614164820856659,0,0,0,0,0,False,False,
9,6,1505.8082425862476,875.0744660874267,0.4262484022183809,1.5344942479861712,0.027856998145580292,0.12086576223373413,0,1,0,0,0,-0.0658270715136761,-0.8722480474950136,-0.3316266237096339,0,0,0,0,0,False,False,
9,7,1498.7262707443901,871.9168396381449,0.42542429163646417,1.531527449891271,0.027746979147195816,0.1273050606250763,0,1,0,0,0,-0.030125228532934836,-0.8913962581307924,-0.7265317135714517,0,0,0,0,0,False,False,
10,0,1510.0498263149923,875.3575845787792,0.46278829318428205,1.6660378554634154,0.03322010487318039,0.14654624462127686,0,1,0,0,0,-0.02075239987992082,-0.8609120328434983,-0.297678127097154,0,0,0,0,0,False,False,
10,1,1506.4626287409928,868.7795837303248,0.23139822353746187,0.8330336047348628,0.01660723052918911,0.11325559765100479,0,1,0,0,0,-0.035147745541655694,-0.8704812581978391,-0.9136248964179565,0,0,0,0,0,False,False,
10,2,1504.0459852540182,860.87550647278,0.0,0.0,0.0,-0.013972879387438297,0,1,0,0,0,0.18531981358975586,-0.8736779209069417,0.03407164589994638,10,0,0,0,0,False,False,
10,3,1493.4174310715705,865.1631679038146,0.47194761364975163,1.699011409139106,0.03382871672511101,0.12995587289333344,0,1,0,0,0,0.10436648634101416,-0.9038098001916144,-0.4281243814664095,0,0,0,0,0,False,False,
10,4,1502.4460153030518,870.5715165485027,0.2323605978536225,0.836498152273041,0.016695266589522362,0.11145482212305069,0,1,0,0,0,-0.04427847348450516,-0.8814160160235349,-0.8715240770578366,0,0,0,0,0,False,False,
10,5,1509.095277005038,861.5445165544804,0.23401870100280997,0.8424673236101159,0.016724396497011185,0.09447602927684784,0,1,0,0,0,0.12922405439318632,-0.8609223769882852,-0.04614164820856659,0,0,0,0,0,False,False,
10,6,1505.8020898607,875.0747072746643,0.4731204942341892,1.7032337792430812,0.03396539390087128,0.13771189749240875,0,1,0,0,0,-0.06583480840270366,-0.872264248193247,-0.3315973514556029,0,0,0,0,0,False,False,
10,7,1498.7201325627339,871.9171428660167,0.4722150348556135,1.6999741254802085,0.03397735208272934,0.14487123489379883,0,1,0,0,0,-0.030127809857816285,-0.8914128609858467,-0.7265463211122816,0,0,0,0,0,False,False,
11,0,1510.0432107010772,875.3573740484626,0.5085817191706712,1.8308941890144164,0.039816420525312424,0.16431450843811035,0,1,0,0,0,-0.020759688430720756,-0.8609296164181519,-0.29770739935118506,0,0,0,0,0,False,False,
11,1,1506.4593438071563,868.7799850236216,0.25428109652713793,0.9154119474976966,0.019923411309719086,0.13064302504062653,0,1,0,0,0,-0.03514707069314606,-0.8704900926694943,-0.9136688047990031,0,0,0,0,0,False,False,
11,2,1504.0459852540182,860.87550647278,0.0,0.0,0.0,-0.015360708348453045,0,1,0,0,0,0.18531981358975586,-0.8736779209069417,0.03407164589994638,11,0,0,0,0,False,False,
11,3,1493.4106840006755,865.1633484592287,0.5186107546587588,1.8669987167715318,0.040667105466127396,0.14603929221630096,0,1,0,0,0,0.1043848930119746,-0.9038277914298697,-0.42809516638474976,0,0,0,0,0,False,False,
11,4,1502.4427093462862,870.5718538524649,0.2553387758603988,0.9192195930974358,0.02000526338815689,0.12865914404392242,0,1,0,0,0,-0.04427913259613345,-0.8814248266906516,-0.8714874867402979,0,0,0,0,0,False,False,
11,5,1509.0919302947973,861.5445127348969,0.2571515764775195,0.9257456753190703,0.020142365247011185,0.10997390747070312,0,1,0,0,0,0.1292308983333985,-0.8609313065260039,-0.04614164820856659,0,0,0,0,0,False,False,
11,6,1505.7953288063534,875.0749723001363,0.5198985710963973,1.8716348559470302,0.04080568999052048,0.1545739620923996,0,1,0,0,0,-0.06584309967509953,-0.8722823979644765,-0.33156807920157183,0,0,0,0,0,False,False,
11,7,1498.713387381533,871.9174760676983,0.5189119305701205,1.8680829500524339,0.04070119932293892,0.1624540090560913,0,1,0,0,0,-0.030132179869731126,-0.8914307665783089,-0.7265463211122816,0,0,0,0,0,False,False,
12,0,1510.0360005990044,875.3571446624761,0.5542834177148338,1.9954203037734017,0.047022707760334015,0.1820991039276123,0,1,0,0,0,-0.020767920469953398,-0.8609488242186566,-0.2977366716052161,0,0,0,0,0,False,False,
12,1,1506.4557638519539,868.7804223410492,0.2771180437517363,0.9976249575062508,0.02348913997411728,0.1480385661125183,0,1,0,0,0,-0.03514674417356439,-0.8704995875399926,-0.9137200312435574,0,0,0,0,0,False,False,
12,2,1504.0459852540182,860.87550647278,0.0,0.0,0.0,-0.016748538240790367,0,1,0,0,0,0.18531981358975586,-0.8736779209069417,0.03407164589994638,12,0,0,0,0,False,False,
12,3,1493.4033310660075,865.163545244192,0.5651802511711047,2.034648904215977,0.047995392233133316,0.1621377021074295,0,1,0,0,0,0.10440376482138826,-0.9038470919009328,-0.42807321219422645,0,0,0,0,0,False,False,
12,4,1502.4391064778474,870.5722214363918,0.27827093009507337,1.0017753483422642,0.02368563786149025,0.14587152004241943,0,1,0,0,0,-0.04428029675193272,-0.8814346186409806,-0.8714435783592513,0,0,0,0,0,False,False,
12,5,1509.0882831237875,861.5445085819099,0.28023811581272207,1.0088572169257994,0.023804474622011185,0.12547904253005981,0,1,0,0,0,0.12923820144786632,-0.8609408738612001,-0.04614164820856659,0,0,0,0,0,False,False,
12,6,1505.7879606437245,875.0752611136753,0.5665827879950749,2.0396980367822697,0.04813626408576965,0.17145191133022308,0,1,0,0,0,-0.06585254819732553,-0.872301836653238,-0.33153148888403305,0,0,0,0,0,False,False,
12,7,1498.706036418193,871.9178391796588,0.5655151575150349,2.0358545670541255,0.04803456738591194,0.18005335330963135,0,1,0,0,0,-0.030136427803832553,-0.8914502997634797,-0.7265536105896038,0,0,0,0,0,False,False,
13,0,1510.0281971993245,875.3568964747012,0.5998935525102375,2.1596167890368547,0.05483902245759964,0.19989995658397675,0,1,0,0,0,-0.02077709333289685,-0.8609696562436849,-0.29776594385924715,0,0,0,0,1,False,False,
13,1,1506.4518894671485,868.7808956061909,0.29990914519013756,1.0796729226844952,0.02742578834295273,0.16544221341609955,0,1,0,0,0,-0.03514666156835631,-0.8705100676126709,-0.9137785757516195,0,0,0,0,1,False,False,
13,2,1504.0459852540182,860.87550647278,0.0,0.0,0.0,-0.018136367201805115,0,1,0,0,0,0.18531981358975586,-0.8736779209069417,0.03407164589994638,13,0,0,0,1,False,False,
13,3,1493.3953734839697,865.1637582303059,0.6116562579093809,2.2019625284737714,0.055932074785232544,0.1782509982585907,0,1,0,0,0,0.10442562924325374,-0.9038679594812618,-0.4280439971125666,0,0,0,0,1,False,False,
13,4,1502.435207292129,870.5726192361557,0.3011571486140769,1.0841657350106768,0.02761518396437168,0.16309191286563873,0,1,0,0,0,-0.04428202370790725,-0.8814450665193023,-0.871392351914697,0,0,0,0,1,False,False,
13,5,1509.0843360939225,861.5445040986284,0.30327840562609454,1.0918022602539403,0.027710724622011185,0.1409914195537567,0,1,0,0,0,0.12924596505727096,-0.860951078988355,-0.04614164820856659,0,0,0,0,1,False,False,
13,6,1505.7799865911004,875.075573665008,0.613173315824796,2.2074239369692656,0.05607670173048973,0.18834568560123444,0,1,0,0,0,-0.06586244988723895,-0.8723228995513118,-0.3314948985664943,0,0,0,0,1,False,False,
13,7,1498.6980808880419,871.9182321381874,0.6120248743910699,2.203289547807852,0.055977582931518555,0.19766922295093536,0,1,0,0,0,-0.030140554678880625,-0.89147146054144,-0.7265682467166192,0,0,0,0,1,False,False,
14,0,1510.0198016903191,875.3566295401705,0.6454122949991958,2.323484261997105,0.06326541304588318,0.2177170366048813,0,1,0,0,0,-0.02078720499255269,-0.8609921124916715,-0.2977952161132781,0,0,0,0,2,False,False,
14,1,1506.4477212432794,868.781404742463,0.3226544925945723,1.1615561733404602,0.031612373888492584,0.18285393714904785,0,1,0,0,0,-0.035146930316589775,-0.8705212080812852,-0.9138444383231892,0,0,0,0,2,False,False,
14,2,1504.0459852540182,860.87550647278,0.0,0.0,0.0,-0.019524196162819862,0,1,0,0,0,0.18531981358975586,-0.8736779209069417,0.03407164589994638,14,0,0,0,2,False,False,
14,3,1493.3868124687049,865.1639873895496,0.6580389492659118,2.3689402173572827,0.0644804835319519,0.19437913596630096,0,1,0,0,0,0.10444837307838953,-0.9038904558619889,-0.4280147820309067,0,0,0,0,2,False,False,
14,4,1502.4310123822822,870.5730471874888,0.32399752528270687,1.1663910910177449,0.031787507236003876,0.18032032251358032,0,1,0,0,0,-0.04428344117712805,-0.881456165098344,-0.8713411254701426,0,0,0,0,2,False,False,
14,5,1509.0800898059902,861.5444992883452,0.3262725323990406,1.174581116636546,0.031983185559511185,0.15651099383831024,0,1,0,0,0,0.12925448912640908,-0.8609622408102554,-0.04614164820856659,0,0,0,0,2,False,False,
14,6,1505.7714078646952,875.0759099037506,0.6596703133927735,2.374813128213985,0.06475143134593964,0.20525524020195007,0,1,0,0,0,-0.06587372022480496,-0.8723459010433707,-0.33145099018544777,0,0,0,0,2,False,False,
14,7,1498.6895220044366,871.9186548793892,0.6584412318011711,2.370388434484216,0.06453318148851395,0.21530158817768097,0,1,0,0,0,-0.03014551624681082,-0.8914942492378348,-0.7265755361939414,0,0,0,0,2,False,False,
15,0,1510.0108152579526,875.3563439150581,0.6908398203909882,2.4870233534075576,0.07218176871538162,0.23555028438568115,0,1,0,0,0,-0.020797413865125867,-0.8610158785970933,-0.29783180643081686,0,0,0,0,3,False,False,
15,1,1506.4432597698956,868.7819496730872,0.3453541597242587,1.2432749750073313,0.03615529090166092,0.20027375221252441,0,1,0,0,0,-0.035145848261445976,-0.870533312172483,-0.9139029828312513,0,0,0,0,3,False,False,
15,2,1504.0459852540182,860.87550647278,0.0,0.0,0.0,-0.02091202512383461,0,1,0,0,0,0.18531981358975586,-0.8736779209069417,0.03407164589994638,15,0,0,0,3,False,False,
15,3,1493.3776492324594,865.1642326942695,0.704328471674614,2.5355824980286106,0.07363901287317276,0.21052205562591553,0,1,0,0,0,0.10447305757449625,-0.9039145501482382,-0.4279782488857391,0,0,0,0,3,False,False,
15,4,1502.4265223404236,870.573505225964,0.3467921379520745,1.2484516966274681,0.03632427006959915,0.197556734085083,0,1,0,0,0,-0.044284493922419996,-0.8814682397316727,-0.8712898990255884,0,0,0,0,3,False,False,
15,5,1509.0755448596544,861.5444941545358,0.34922058247679666,1.257194096916468,0.036499787122011185,0.1720377504825592,0,1,0,0,0,0.12926347578346117,-0.8609740404097282,-0.04614164820856659,0,0,0,0,3,False,False,
15,6,1505.7622256785496,875.0762697794133,0.7060739472707983,2.541866210174874,0.07391402870416641,0.2221805304288864,0,1,0,0,0,-0.0658853420182974,-0.872370201878953,-0.33140708180440115,0,0,0,0,3,False,False,
15,7,1498.6803609789708,871.9191073391764,0.7047643643348203,2.537151711605353,0.07370146363973618,0.2329503744840622,0,1,0,0,0,-0.030151313765039038,-0.8915186658478349,-0.7265828542574493,0,0,0,0,3,False,False,
16,0,1510.0012390859265,875.356039656673,0.7361762997223078,2.650234679000308,0.08183015137910843,0.25339967012405396,0,1,0,0,0,-0.020808654382201062,-0.8610415937690793,-0.29786839674835575,0,0,0,0,4,False,False,
16,1,1506.4385056357105,868.7825303210733,0.36800820832983233,1.3248295499873963,0.04095499962568283,0.21770161390304565,0,1,0,0,0,-0.03514591785636962,-0.8705460874470052,-0.9139761634663288,0,0,0,0,4,False,False,
16,2,1504.0459852540182,860.87550647278,0.0,0.0,0.0,-0.022299854084849358,0,1,0,0,0,0.18531981358975586,-0.8736779209069417,0.03407164589994638,16,0,0,0,4,False,False,
16,3,1493.367884985275,865.1644941171854,0.7505249952201303,2.701889982792469,0.0834076851606369,0.22667966783046722,0,1,0,0,0,0.10449968601880388,-0.9039402423014073,-0.42794085815500416,0,0,0,0,4,False,False,
16,4,1502.4217377575344,870.5739932870066,0.36954107228511746,1.330347860226423,0.04110998660326004,0.2148011326789856,0,1,0,0,0,-0.04428611258707444,-0.881480970289016,-0.8712313545175263,0,0,0,0,4,False,False,
16,5,1509.0707018534572,861.5444887008575,0.37212264206853773,1.339641511446736,0.041382599622011185,0.1875716596841812,0,1,0,0,0,0.1292732248391682,-0.8609867966862741,-0.04614164820856659,0,0,0,0,4,False,False,
16,6,1505.752441244636,875.0766532413977,0.7523843759163327,2.7085837532987975,0.08368651568889618,0.23912151157855988,0,1,0,0,0,-0.06589742059876598,-0.8723961269003164,-0.33136317342335464,0,0,0,0,4,False,False,
16,7,1498.6705990210642,871.9195894532896,0.750994438187539,2.7035799774751403,0.08347928524017334,0.25061556696891785,0,1,0,0,0,-0.030156993150987747,-0.8915447100443374,-0.7265901437347715,0,0,0,0,4,False,False,
17,0,1509.9910743556827,875.3557168234512,0.781421903830652,2.8131188537903475,0.09196658432483673,0.2712651193141937,0,1,0,0,0,-0.02082073339087742,-0.8610686083155485,-0.2979049870658945,0,0,0,0,5,False,False,
17,1,1506.433459428142,868.7831466092773,0.39061673576541134,1.406220248755481,0.04599696025252342,0.23513752222061157,0,1,0,0,0,-0.03514554268920544,-0.8705595123272138,-0.9140493441014064,0,0,0,0,5,False,False,
17,2,1504.0459852540182,860.87550647278,0.0,0.0,0.0,-0.023687683045864105,0,1,0,0,0,0.18531981358975586,-0.8736779209069417,0.03407164589994638,17,0,0,0,5,False,False,
17,3,1493.3575209350947,865.1647716313865,0.7966286818643692,2.8678632547117293,0.09378814697265625,0.24285194277763367,0,1,0,0,0,0.10452720247001758,-0.9039675631723538,-0.42790432500983655,0,0,0,0,5,False,False,
17,4,1502.4166592233846,870.5745113059036,0.3922444197579379,1.4120799111285764,0.046266283839941025,0.2320534735918045,0,1,0,0,0,-0.04428824200361324,-0.8814946821204864,-0.8711654919459566,0,0,0,0,5,False,False,
17,5,1509.0655613847941,861.5444829311483,0.3949787992303229,1.4219236772291626,0.046509552747011185,0.20311269164085388,0,1,0,0,0,0.12928343816765214,-0.861000190723845,-0.04614164820856659,0,0,0,0,5,False,False,
17,6,1505.7420557728096,875.0770602389988,0.7986017615851443,2.8749663417065197,0.09407128393650055,0.2560781240463257,0,1,0,0,0,-0.06591076753133443,-0.8724236656324491,-0.3313119469788004,0,0,0,0,5,False,False,
17,7,1498.6602373380163,871.920101157297,0.7971316154057924,2.8696738154608528,0.0938667431473732,0.26829713582992554,0,1,0,0,0,-0.030162555004331973,-0.8915723818274437,-0.726604779861787,0,0,0,0,5,False,False,
18,0,1509.9803222464577,875.3553754749487,0.8265767993884161,2.9756764777982982,0.10271501541137695,0.2891466021537781,0,1,0,0,0,-0.020833001555657423,-0.8610972575640667,-0.29794889544694103,0,0,0,0,6,False,False,
18,1,1506.428121733674,868.7837984603588,0.4131798114662177,1.4874473212783836,0.051409851759672165,0.2525814473628998,0,1,0,0,0,-0.035145415943191614,-0.870573922404686,-0.9141298427999918,0,0,0,0,6,False,False,
18,2,1504.0459852540182,860.87550647278,0.0,0.0,0.0,-0.025075512006878853,0,1,0,0,0,0.18531981358975586,-0.8736779209069417,0.03407164589994638,18,0,0,0,6,False,False,
18,3,1493.346558287972,865.1650652103239,0.8426396775308664,3.033502839111119,0.10477718710899353,0.2590387761592865,0,1,0,0,0,0.1045577288948405,-0.9039964509395919,-0.42785321291002454,0,0,0,0,6,False,False,
18,4,1502.4112873266129,870.5750592177972,0.4149022657509486,1.493648156703415,0.05166539549827576,0.24931375682353973,0,1,0,0,0,-0.04429006515164973,-0.8815090446499063,-0.8710996293743868,0,0,0,0,6,False,False,
18,5,1509.0601240499682,861.5444768494258,0.4177891379127102,1.5040408964857568,0.051880646497011185,0.21866083145141602,0,1,0,0,0,0.1292941164881376,-0.8610142225146972,-0.04614164820856659,0,0,0,0,6,False,False,
18,6,1505.7310704708102,875.0774907214071,0.8447262663573628,3.041014558886506,0.10506591945886612,0.27305033802986145,0,1,0,0,0,-0.06592457375270946,-0.8724528285295107,-0.33126072053424604,0,0,0,0,6,False,False,
18,7,1498.6492771350604,871.9206423865934,0.8431760538946773,3.0354337940208382,0.10486679524183273,0.2859950363636017,0,1,0,0,0,-0.030168955760517077,-0.8916016815150765,-0.7266120693391092,0,0,0,0,6,False,False,
19,0,1509.9689839351308,875.3550156718281,0.8716411647732477,3.1379081931836916,0.11407165229320526,0.30704405903816223,0,1,0,0,0,-0.020846946698833652,-0.8611275205446058,-0.2979854857644798,0,0,0,0,7,False,False,
19,1,1506.422493137627,868.7844857968104,0.4356975226096798,1.5685110813948473,0.05706508085131645,0.2700333893299103,0,1,0,0,0,-0.035144845494824356,-0.8705889820877029,-0.914210341498577,0,0,0,0,7,False,False,
19,2,1504.0459852540182,860.87550647278,0.0,0.0,0.0,-0.0264633409678936,0,1,0,0,0,0.18531981358975586,-0.8736779209069417,0.03407164589994638,19,0,0,0,7,False,False,
19,3,1493.334998247607,865.1653748278204,0.888558163689923,3.198809389283723,0.11637964844703674,0.27524012327194214,0,1,0,0,0,0.10458809001362239,-0.9040269982581997,-0.42781667976485693,0,0,0,0,7,False,False,
19,4,1502.4056226547282,870.5756369576862,0.43751469550944594,1.5750529038340053,0.05730743333697319,0.2665819823741913,0,1,0,0,0,-0.044291582559437374,-0.8815240578778036,-0.871033766802817,0,0,0,0,7,False,False,
19,5,1509.0543904441395,861.544470459886,0.44055374590017643,1.5859934852406352,0.057617951184511185,0.23421603441238403,0,1,0,0,0,0.12930555968236931,-0.8610292109529495,-0.04614164820856659,0,0,0,0,7,False,False,
19,6,1505.719486544265,875.0779446377086,0.8907580521371824,3.2067289876938565,0.11667046695947647,0.2900381088256836,0,1,0,0,0,-0.06593884036751028,-0.8724836155840113,-0.3312094940896918,0,0,0,0,7,False,False,
19,7,1498.6377196153146,871.9212130764039,0.8891279153569167,3.2008604952849002,0.11647647619247437,0.3037092089653015,0,1,0,0,0,-0.03017524062729567,-0.8916326087855365,-0.726626676879939,0,0,0,0,7,False,False,
20,0,1509.9570605964852,875.3546374758586,0.9166151583186235,3.2998145699470447,0.1260421723127365,0.3249574899673462,0,1,0,0,0,-0.02086033433343996,-0.8611594287118973,-0.29803671220903405,0,0,0,0,8,False,False,
20,1,1506.4165742244934,868.7852085409185,0.4581699304572703,1.649411749646173,0.06297005712985992,0.2874933183193207,0,1,0,0,0,-0.03514463068295962,-0.870604702160433,-0.9142981582606701,0,0,0,0,8,False,False,
20,2,1504.0459852540182,860.87550647278,0.0,0.0,0.0,-0.027851169928908348,0,1,0,0,0,0.18531981358975586,-0.8736779209069417,0.03407164589994638,20,0,0,0,8,False,False,
20,3,1493.3228420159699,865.1657004580542,0.9343842740077354,3.3637833864278472,0.12846846878528595,0.2914559245109558,0,1,0,0,0,0.10462105836594983,-0.9040587927838384,-0.4277728285561815,0,0,0,0,8,False,False,
20,4,1502.3996657941627,870.5762444604226,0.4600817901780444,1.65629444464096,0.06331993639469147,0.2838580906391144,0,1,0,0,0,-0.04429361289087379,-0.8815400523749582,-0.8709605861677394,0,0,0,0,8,False,False,
20,5,1509.0483611613793,861.5444637669024,0.46327270687191363,1.6677817447388892,0.06372176855802536,0.24977827072143555,0,1,0,0,0,0.12931849916681762,-0.8610451233675623,-0.046134330145058855,0,0,0,0,8,False,False,
20,6,1505.7073051967425,875.0784219368843,0.9366972766869143,3.3721101960728914,0.12888726592063904,0.30704134702682495,0,1,0,0,0,-0.065954379606895,-0.8725160163075716,-0.3311509495816297,0,0,0,0,8,False,False,
20,7,1498.625565979784,871.921813161786,0.934987361318924,3.3659545007481264,0.1285768449306488,0.32143962383270264,0,1,0,0,0,-0.03018237028788254,-0.8916648384320641,-0.7266413130069546,0,0,0,0,8,False,False,
21,0,1509.9445534028494,875.3542409498941,0.9614989659413579,3.4613962773888884,0.1384987235069275,0.3428868055343628,0,1,0,0,0,-0.02087530121824936,-0.8611926257622644,-0.29808062059008067,0,0,0,0,9,False,False,
21,1,1506.4103655775284,868.7859666148152,0.48059712790861203,1.7301496604710034,0.06923858076334,0.304961234331131,0,1,0,0,0,-0.035143866937430185,-0.870621396644041,-0.9143859750227632,0,0,0,0,9,False,False,
21,2,1504.0459852540182,860.87550647278,0.0,0.0,0.0,-0.029238998889923096,0,1,0,0,0,0.18531981358975586,-0.8736779209069417,0.03407164589994638,21,0,0,0,9,False,False,
21,3,1493.3100907926819,865.1660420755712,0.980118189617573,3.528425482623263,0.14128948748111725,0.30768609046936035,0,1,0,0,0,0.10465639874497994,-0.9040925045559031,-0.4277217164563696,0,0,0,0,9,False,False,
21,4,1502.3934173301714,870.576881660723,0.4826036387057635,1.7373730993407486,0.06958162039518356,0.3011420965194702,0,1,0,0,0,-0.04429621307942126,-0.8815567027839485,-0.870880087469154,0,0,0,0,9,False,False,
21,5,1509.0420367945676,861.5444567750242,0.4859461123069208,1.7494060043049149,0.07006942480802536,0.26534751057624817,0,1,0,0,0,0.12933117560416904,-0.861061706157799,-0.046134330145058855,0,0,0,0,9,False,False,
21,6,1505.6945276296508,875.0789225678155,0.982544105531631,3.5371587799138715,0.14159196615219116,0.3240600526332855,0,1,0,0,0,-0.06597027724264484,-0.8725497163193958,-0.33109240507356774,0,0,0,0,9,False,False,
21,7,1498.6128174273626,871.9224425776308,0.9807545531305133,3.530716391269848,0.1414087563753128,0.33918625116348267,0,1,0,0,0,-0.030189382073946388,-0.8916990211774043,-0.7266558919615989,0,0,0,0,9,False,False,
22,0,1509.9314635245132,875.3538261578789,1.0062927416007026,3.6226538697625292,0.1515672355890274,0.36083194613456726,0,1,0,0,0,-0.020890453136027533,-0.8612274575128964,-0.2981318470346349,0,0,0,0,10,False,False,
22,1,1506.4038677790857,868.7867599404383,0.5029791819355977,1.8107250549681515,0.07587795704603195,0.3224371075630188,0,1,0,0,0,-0.03514335375734813,-0.8706390763209206,-0.9144811098483641,0,0,0,0,10,False,False,
22,2,1504.0459852540182,860.87550647278,0.0,0.0,0.0,-0.030626827850937843,0,1,0,0,0,0.18531981358975586,-0.8736779209069417,0.03407164589994638,22,0,0,0,10,False,False,
22,3,1493.2967457753803,865.1663996552747,1.0257600636762771,3.692736229234598,0.15460018813610077,0.3239305913448334,0,1,0,0,0,0.10469223345378395,-0.904127525272218,-0.42766974677099023,0,0,0,0,10,False,False,
22,4,1502.3868778468081,870.5775484931733,0.5050803318816992,1.818289194774117,0.07620751857757568,0.3184339702129364,0,1,0,0,0,-0.044298453450798546,-0.8815743292410362,-0.8707995887705687,0,0,0,0,10,False,False,
22,5,1509.0354179355509,861.5444494889759,0.508574041639828,1.830866549903381,0.07666122168302536,0.2809237539768219,0,1,0,0,0,0.12934432014492547,-0.8610789266597587,-0.046134330145058855,0,0,0,0,10,False,False,
22,6,1505.6811550422929,875.0794464792828,1.0282987000459507,3.7018753201654224,0.15503093600273132,0.34109413623809814,0,1,0,0,0,-0.06598755546348482,-0.8725853548108407,-0.3310265425019979,0,0,0,0,10,False,False,
22,7,1498.5994751548888,871.9231012586621,1.0264296479989639,3.69514673279627,0.15473134815692902,0.3569490313529968,0,1,0,0,0,-0.030197240960841833,-0.8917345062896261,-0.7266705280886144,0,0,0,0,10,False,False,
23,0,1509.91779212937,875.3533931648258,1.0509966668467532,3.7835880006483116,0.16524578630924225,0.3787928819656372,0,1,0,0,0,-0.02090653413888851,-0.8612639134743627,-0.29818307347918915,0,0,0,0,11,False,False,
23,1,1506.3970814103116,868.7875884395712,0.5253161832051544,1.8911382595385557,0.08264598250389099,0.33992093801498413,0,1,0,0,0,-0.035143304016758255,-0.8706570915767102,-0.9145835627374725,0,0,0,0,11,False,False,
23,2,1504.0459852540182,860.87550647278,0.0,0.0,0.0,-0.03201465681195259,0,1,0,0,0,0.18531981358975586,-0.8736779209069417,0.03407164589994638,23,0,0,0,11,False,False,
23,3,1493.2828081596683,865.1667731724248,1.071310053145108,3.856716191322389,0.16852101683616638,0.3401893377304077,0,1,0,0,0,0.10473003752429691,-0.9041641435524087,-0.42761857749880705,0,0,0,0,11,False,False,
23,4,1502.3800479270824,870.5782448922143,0.5275119484513169,1.8990430144247408,0.0830763429403305,0.33573368191719055,0,1,0,0,0,-0.04430039054618204,-0.8815926063932669,-0.8707190900719834,0,0,0,0,11,False,False,
23,5,1509.02850517504,861.5444419136559,0.5311565821132586,1.9121636956077308,0.08349715918302536,0.29650697112083435,0,1,0,0,0,0.1293579335207154,-0.8610967848634552,-0.046134330145058855,0,0,0,0,11,False,False,
23,6,1505.6671886318677,875.0799936199669,1.0739612214273935,3.8662603971386167,0.16895778477191925,0.3581435978412628,0,1,0,0,0,-0.06600519492147011,-0.8726222925644439,-0.3309606799304281,0,0,0,0,11,False,False,
23,7,1498.5855403570938,871.9237891394406,1.0720128069280177,3.8592461049408637,0.16866354644298553,0.3747279644012451,0,1,0,0,0,-0.030204987459305874,-0.891771618975718,-0.7266851070432587,0,0,0,0,11,False,False,
24,0,1509.9035403831253,875.3529420368143,1.095610907142159,3.9441992657117724,0.1795344054698944,0.39676958322525024,0,1,0,0,0,-0.020923543591130862,-0.8613019936439039,-0.2982342999237435,0,0,0,0,12,False,False,
24,1,1506.3900070513519,868.7884520338192,0.5476082063748343,1.9713895429494035,0.08977743983268738,0.3574126958847046,0,1,0,0,0,-0.03514270666652269,-0.8706760812422081,-0.9146860156265811,0,0,0,0,12,False,False,
24,2,1504.0459852540182,860.87550647278,0.0,0.0,0.0,-0.03340248763561249,0,1,0,0,0,0.18531981358975586,-0.8736779209069417,0.03407164589994638,24,0,0,0,12,False,False,
24,3,1493.2682791391173,865.1671626026362,1.1167683148158147,4.020365933336933,0.18305367231369019,0.356462299823761,0,1,0,0,0,0.10476875368600563,-0.9042023902944331,-0.42756746539899515,0,0,0,0,12,False,False,
24,4,1502.372928152883,870.5789707921514,0.5498985729859778,1.97963486274952,0.0901942029595375,0.35304123163223267,0,1,0,0,0,-0.04430289959857008,-0.881611539451033,-0.8706312733098904,0,0,0,0,12,False,False,
24,5,1509.0212991026376,861.5444340541349,0.553693818847824,1.9932977478521663,0.09082137793302536,0.31209713220596313,0,1,0,0,0,0.12937261557301427,-0.8611159185461663,-0.046134330145058855,0,0,0,0,12,False,False,
24,6,1505.6526295934739,875.0805639384506,1.1195318306960977,4.030314590505952,0.1836165189743042,0.3752083480358124,0,1,0,0,0,-0.06602340669148311,-0.8726611792580076,-0.3308948173588583,0,0,0,0,12,False,False,
24,7,1498.5710142266576,871.9245061543629,1.1175041867783106,4.023015072401918,0.18320836126804352,0.3925229609012604,0,1,0,0,0,-0.030213579911903644,-0.891810359538808,-0.7266997431702743,0,0,0,0,12,False,False,
25,0,1509.8887094493007,875.3524728409817,1.1401356277564578,4.104488259923248,0.1944349855184555,0.4147619903087616,0,1,0,0,0,-0.02094073516812879,-0.861341708512531,-0.2982928444318056,0,0,0,0,13,False,False,
25,1,1506.3826452814303,868.789350644601,0.5698553200389636,2.051479152140269,0.09715865552425385,0.3749123513698578,0,1,0,0,0,-0.0351424676380696,-0.8706957312895396,-0.9147957865791975,0,0,0,0,13,False,False,
25,2,1504.0459852540182,860.87550647278,0.0,0.0,0.0,-0.034790318459272385,0,1,0,0,0,0.18531981358975586,-0.8736779209069417,0.03407164589994638,25,0,0,0,13,False,False,
25,3,1493.2531599052695,865.1675679218771,1.162135005310349,4.183686019117256,0.19819481670856476,0.37274935841560364,0,1,0,0,0,0.1048105100497635,-0.9042422035320141,-0.42750897806330423,0,0,0,0,13,False,False,
25,4,1502.365519104904,870.5797261271633,0.5722402958710893,2.0600650651359214,0.09767642617225647,0.37035661935806274,0,1,0,0,0,-0.04430505057594335,-0.8816314485559257,-0.8705434565477973,0,0,0,0,13,False,False,
25,5,1509.0138003068664,861.544425915655,0.5761858348462199,2.0742690054463915,0.09826766699552536,0.32769420742988586,0,1,0,0,0,0.1293874686583283,-0.8611353710101095,-0.046134330145058855,0,0,0,0,13,False,False,
25,6,1505.637479120214,875.0811573832144,1.1650106807632568,4.194038450747724,0.19876554608345032,0.39228835701942444,0,1,0,0,0,-0.06604279451294007,-0.8727013546901957,-0.33082163672378073,0,0,0,0,13,False,False,
25,7,1498.555897954107,871.9252522376681,1.1629039521720126,4.186454227819246,0.1983627825975418,0.4103339910507202,0,1,0,0,0,-0.030222061930403596,-0.8918507276705944,-0.7267143507111042,0,0,0,0,13,False,False,
26,0,1509.8733004890807,875.3519856455076,1.1845710056627634,4.264455620385949,0.2098235934972763,0.4327700436115265,0,1,0,0,0,-0.02095875713402096,-0.8613827227430477,-0.29835138893986757,0,0,0,0,14,False,False,
26,1,1506.374996678543,868.7902841931881,0.5920576164831813,2.1314074193394528,0.10490339249372482,0.3924199342727661,0,1,0,0,0,-0.03514168177113106,-0.8707163557467392,-0.9149055575318139,0,0,0,0,14,False,False,
26,2,1504.0459852540182,860.87550647278,0.0,0.0,0.0,-0.03617814928293228,0,1,0,0,0,0.18531981358975586,-0.8736779209069417,0.03407164589994638,26,0,0,0,14,False,False,
26,3,1493.2374516474845,865.1679891064701,1.2074102929775017,4.346677054719006,0.21394768357276917,0.3890504837036133,0,1,0,0,0,0.10485318747326934,-0.904283645126259,-0.42744969031441715,0,0,0,0,14,False,False,
26,4,1502.3578213628,870.5805108312886,0.5945371954487649,2.140333903615554,0.10540767759084702,0.387679785490036,0,1,0,0,0,-0.04430777504582137,-0.8816520135606581,-0.8704483217221964,0,0,0,0,14,False,False,
26,5,1509.0060093750924,861.5444175036287,0.5986327189286549,2.1550777881431578,0.10608016699552536,0.34329816699028015,0,1,0,0,0,0.1294030927546828,-0.8611557800295581,-0.046134330145058855,0,0,0,0,14,False,False,
26,6,1505.6217384029396,875.0817739026493,1.2103979442063084,4.357432599142711,0.21452444791793823,0.4093835949897766,0,1,0,0,0,-0.06606265299831698,-0.872743154188619,-0.3307484560887032,0,0,0,0,14,False,False,
26,7,1498.5401927279217,871.9260273234345,1.2082122596139946,4.349564134610381,0.21412983536720276,0.42816102504730225,0,1,0,0,0,-0.030231392629714707,-0.8918927236683123,-0.7267289582519342,0,0,0,0,14,False,False,
27,0,1509.857314661524,875.351480519612,1.2289172017540724,4.424101926314661,0.22582225501537323,0.45079371333122253,0,1,0,0,0,-0.02097770521429033,-0.861425361176114,-0.29840993344792965,0,0,0,0,15,False,False,
27,1,1506.3670618198958,868.7912526006526,0.6142151541345462,2.211174554884366,0.1128978356719017,0.4099353849887848,0,1,0,0,0,-0.03514125521740539,-0.8707376405827764,-0.915022646547938,0,0,0,0,15,False,False,
27,2,1504.0459852540182,860.87550647278,0.0,0.0,0.0,-0.03756598010659218,0,1,0,0,0,0.18531981358975586,-0.8736779209069417,0.03407164589994638,27,0,0,0,15,False,False,
27,3,1493.2211555532003,865.1684261330846,1.2525943261435282,4.5093395741167015,0.23018865287303925,0.40536558628082275,0,1,0,0,0,0.10489744055370712,-0.9043263644873418,-0.4273839420875897,0,0,0,0,15,False,False,
27,4,1502.3498355050342,870.5813248384428,0.6167893618358484,2.2204417026090546,0.11338181793689728,0.40501075983047485,0,1,0,0,0,-0.04431019872211582,-0.8816732292562299,-0.8703531868965957,0,0,0,0,15,False,False,
27,5,1508.9979268936054,861.5444088236371,0.6210345538240079,2.235724393766428,0.11413680762052536,0.3589089810848236,0,1,0,0,0,0.12941918911332853,-0.8611768266988364,-0.046134330145058855,0,0,0,0,15,False,False,
27,6,1505.6054086305114,875.0824134450467,1.2556937735722806,4.520497584860211,0.2307712733745575,0.4264940023422241,0,1,0,0,0,-0.06608287837227636,-0.8727862529017826,-0.33067527545362563,0,0,0,0,15,False,False,
27,7,1498.5238997344852,871.9268313455834,1.2534292694044695,4.5123453698560905,0.23038455843925476,0.4460040330886841,0,1,0,0,0,-0.03024061845425163,-0.8919360217087734,-0.7267508838562718,0,0,0,0,15,False,False,
28,0,1509.8407531234618,875.350957533543,1.2731743846688728,4.5834277848079426,0.24243290722370148,0.46883293986320496,0,1,0,0,0,-0.020996832445577398,-0.8614696343073419,-0.2984757960194995,0,0,0,0,16,False,False,
28,1,1506.358841281444,868.7922557879255,0.6363280270285333,2.29078089730272,0.12113463878631592,0.4274587333202362,0,1,0,0,0,-0.03514038867141191,-0.8707595750218069,-0.915139735564062,0,0,0,0,16,False,False,
28,2,1504.0459852540182,860.87550647278,0.0,0.0,0.0,-0.038953810930252075,0,1,0,0,0,0.18531981358975586,-0.8736779209069417,0.03407164589994638,28,0,0,0,16,False,False,
28,3,1493.2042728076774,865.1688789787408,1.297687272808249,4.6716741821096965,0.24716344475746155,0.42169463634490967,0,1,0,0,0,0.10494303555811971,-0.9043710316839404,-0.42732551192426993,0,0,0,0,16,False,False,
28,4,1502.3415621090094,870.5821680824066,0.6389968750889496,2.3003887503202187,0.12172646820545197,0.4223494827747345,0,1,0,0,0,-0.044313141481742,-0.8816954261997367,-0.8702507340074871,0,0,0,0,16,False,False,
28,5,1508.9895534475938,861.5443998814295,0.6433914241132304,2.3162091268076295,0.12255988270044327,0.37452659010887146,0,1,0,0,0,0.12943678975655834,-0.861198797197111,-0.04612701208155112,0,0,0,0,16,False,False,
28,6,1505.5884909896984,875.0830759586036,1.300898329176989,4.683233985037161,0.2477523237466812,0.4436195194721222,0,1,0,0,0,-0.06610449566923712,-0.8728312899780578,-0.33059477675504034,0,0,0,0,16,False,False,
28,7,1498.5070201580866,871.9276642378811,1.2985551416650807,4.67479850999429,0.24725192785263062,0.46386295557022095,0,1,0,0,0,-0.030250695809835786,-0.8919809476031146,-0.7267654913971018,0,0,0,0,16,False,False,
29,0,1509.8236170293465,875.3504167585614,1.3173427347405433,4.742433845065956,0.25953158736228943,0.48688769340515137,0,1,0,0,0,-0.021016787626272855,-0.8615152067952847,-0.2985416585910693,0,0,0,0,17,False,False,
29,1,1506.3503356382803,868.7932936757503,0.6583962993039009,2.3702266774940433,0.1297423243522644,0.4449899196624756,0,1,0,0,0,-0.035139776312987196,-0.8707824946433591,-0.9152641426436939,0,0,0,0,17,False,False,
29,2,1504.0459852540182,860.87550647278,0.0,0.0,0.0,-0.04034164175391197,0,1,0,0,0,0.18531981358975586,-0.8736779209069417,0.03407164589994638,29,0,0,0,17,False,False,
29,3,1493.1868045943104,865.1693476208013,1.3426892769827805,4.83368139713801,0.26462632417678833,0.43803757429122925,0,1,0,0,0,0.10499021549897268,-0.904416976538847,-0.427267024588579,0,0,0,0,17,False,False,
29,4,1502.3330017509404,870.5830404968409,0.6611598250528147,2.3801753701901327,0.13032029569149017,0.43969592452049255,0,1,0,0,0,-0.044316660317989295,-0.8817182790312351,-0.8701409630548708,0,0,0,0,17,False,False,
29,5,1508.9808896210698,861.5443906829211,0.665703420191134,2.3965323126880826,0.13122686743736267,0.3901510238647461,0,1,0,0,0,0.12945413335996314,-0.8612214380050397,-0.04612701208155112,0,0,0,0,17,False,False,
29,6,1505.5709866651803,875.0837613914244,1.3460117711574815,4.845642376166934,0.2652212977409363,0.46076008677482605,0,1,0,0,0,-0.06612648336751413,-0.8728776262359341,-0.33051427805645495,0,0,0,0,17,False,False,
29,7,1498.489555180975,871.9285259339375,1.343590032372999,4.8369241165427965,0.26485079526901245,0.48173776268959045,0,1,0,0,0,-0.030260663603660493,-0.8920278265746698,-0.726780956523499,0,0,0,0,17,False,False,
30,0,1509.8059075315643,875.3498582669422,1.3614224082824362,4.901120669816771,0.2772403061389923,0.504957914352417,0,1,0,0,0,-0.02103766666044054,-0.8615624034796774,-0.298607521162639,0,0,0,0,18,False,False,
30,1,1506.341545464327,868.7943661847229,0.6804200587990522,2.449512211676588,0.13859978318214417,0.46252894401550293,0,1,0,0,0,-0.0351395249380169,-0.8708060746371042,-0.9153958677868335,0,0,0,0,18,False,False,
30,2,1504.0459852540182,860.87550647278,0.0,0.0,0.0,-0.04172947257757187,0,1,0,0,0,0.18531981358975586,-0.8736779209069417,0.03407164589994638,30,0,0,0,18,False,False,
30,3,1493.1687520943722,865.1698320369749,1.3876005023592561,4.995361808493322,0.282699316740036,0.45439431071281433,0,1,0,0,0,0.1050393985727251,-0.9044645185423648,-0.42719315788504764,0,0,0,0,18,False,False,
30,4,1502.3241550058829,870.5839420152859,0.6832782994435173,2.459801877996662,0.1392723023891449,0.4570501148700714,0,1,0,0,0,-0.04431894882067158,-0.8817421027053469,-0.8700385101657622,0,0,0,0,18,False,False,
30,5,1508.9719359970513,861.5443812341928,0.6879706184262326,2.4766942263344376,0.14013800024986267,0.40578222274780273,0,1,0,0,0,0.12947195195210573,-0.8612447164202168,-0.04612701208155112,0,0,0,0,18,False,False,
30,6,1505.5528968395502,875.0844696915217,1.3910342594717702,5.0077233340983724,0.2834245264530182,0.4779156744480133,0,1,0,0,0,-0.06614986760968754,-0.8729259008070742,-0.33042646129436193,0,0,0,0,18,False,False,
30,7,1498.4715059833104,871.9294163672103,1.3885341012999246,4.998722764679728,0.282818466424942,0.4996283948421478,0,1,0,0,0,-0.030271492814674162,-0.8920756823464521,-0.726795564064329,0,0,0,0,18,False,False,
31,0,1509.7876257802843,875.3492821319601,1.4054135733263893,5.059488863975002,0.2955590784549713,0.5230435729026794,0,1,0,0,0,-0.021059469033493074,-0.8616112243568985,-0.2986733837342088,0,0,0,0,19,False,False,
31,1,1506.332471332442,868.7954732352803,0.7023993852789767,2.528637787004316,0.14769954979419708,0.48007580637931824,0,1,0,0,0,-0.03513883482259562,-0.8708303042316807,-0.9155275929299731,0,0,0,0,19,False,False,
31,2,1504.0459852540182,860.87550647278,0.0,0.0,0.0,-0.043117303401231766,0,1,0,0,0,0.18531981358975586,-0.8736779209069417,0.03407164589994638,31,0,0,0,19,False,False,
31,3,1493.1501164870162,865.1703322053146,1.4324211124423567,5.156716004792484,0.30126044154167175,0.47076478600502014,0,1,0,0,0,0.10509017681617586,-0.9045133380716046,-0.42712740965822016,0,0,0,0,19,False,False,
31,4,1502.3150224479655,870.5848725711378,0.7053523679899218,2.5392685247637186,0.14835813641548157,0.4744119942188263,0,1,0,0,0,-0.04432274658452842,-0.8817662621048358,-0.869921421149638,0,0,0,0,19,False,False,
31,5,1508.9626931574094,861.5443715414897,0.7101931069655691,2.556695185076049,0.14941534399986267,0.4214201867580414,0,1,0,0,0,0.12949054662759193,-0.8612689513080029,-0.04612701208155112,0,0,0,0,19,False,False,
31,6,1505.5342226932644,875.0852008068196,1.4359659578641972,5.169477448311111,0.30211564898490906,0.4950862228870392,0,1,0,0,0,-0.06617362603882637,-0.8729754745238332,-0.3303386445322688,0,0,0,0,19,False,False,
31,7,1498.4528737431656,871.9303354710067,1.4333875080381822,5.160195028937456,0.30151766538619995,0.5175348520278931,0,1,0,0,0,-0.03028221484053404,-0.8921254911888218,-0.7268174610824811,0,0,0,0,19,False,False,
32,0,1509.7687729234601,875.3486884278807,1.4493163977015864,5.217539031725711,0.31436780095100403,0.541144609451294,0,1,0,0,0,-0.021081350109158355,-0.861661355087556,-0.29874656436928637,0,0,0,0,20,False,False,
32,1,1506.3231138144968,868.7966147476919,0.7243343524341456,2.6076036687629243,0.15717023611068726,0.49763044714927673,0,1,0,0,0,-0.03513840060153212,-0.8708555190022864,-0.9156666361366205,0,0,0,0,20,False,False,
32,2,1504.0459852540182,860.87550647278,0.0,0.0,0.0,-0.04450513422489166,0,1,0,0,0,0.18531981358975586,-0.8736779209069417,0.03407164589994638,32,0,0,0,20,False,False,
32,3,1493.1308989493825,865.1708481042131,1.477151262617805,5.317744545424098,0.320553719997406,0.4871489107608795,0,1,0,0,0,0.10514338390866397,-0.9045640741407442,-0.4270470253043771,0,0,0,0,20,False,False,
32,4,1502.305604649981,870.5858320976943,0.7273821320404444,2.6185756753456,0.1578020304441452,0.4917815923690796,0,1,0,0,0,-0.044325315013477015,-0.8817913923489716,-0.8698116501970217,0,0,0,0,20,False,False,
32,5,1508.9531616829465,861.54436161122,0.7323709678654187,2.636535484315507,0.15893682837486267,0.43706485629081726,0,1,0,0,0,0.1295096182773654,-0.8612938237706997,-0.04612701208155112,0,0,0,0,20,False,False,
32,6,1505.5149654047493,875.0859546851508,1.4808070219602834,5.330905279057021,0.3212946653366089,0.5122717022895813,0,1,0,0,0,-0.06619776009798164,-0.8730263473756645,-0.3302508277701758,0,0,0,0,20,False,False,
32,7,1498.4336596365806,871.9312831784821,1.4781504080348324,5.321341468925397,0.32070454955101013,0.5354570746421814,0,1,0,0,0,-0.030292837103075322,-0.8921766020612033,-0.7268393866868188,0,0,0,0,20,False,False,
33,0,1509.7493501067818,875.3480772299484,1.4931310529999757,5.375271790799912,0.33378657698631287,0.5592609643936157,0,1,0,0,0,-0.02110415286625419,-0.8617131100078584,-0.2988197450043639,0,0,0,0,21,False,False,
33,1,1506.3134734813523,868.7977906420648,0.7462250358238913,2.686410128966009,0.16688326001167297,0.5151929259300232,0,1,0,0,0,-0.035137528349407414,-0.8708813833734576,-0.9158056793432678,0,0,0,0,21,False,False,
33,2,1504.0459852540182,860.87550647278,0.0,0.0,0.0,-0.04589296504855156,0,1,0,0,0,0.18531981358975586,-0.8736779209069417,0.03407164589994638,33,0,0,0,21,False,False,
33,3,1493.1111006565475,865.1713797124019,1.521791112065012,5.4784480034340435,0.34033674001693726,0.5035466551780701,0,1,0,0,0,0.10519713163039025,-0.9046161186539287,-0.4269812770775496,0,0,0,0,21,False,False,
33,4,1502.2959021838255,870.5868205281093,0.7493676590659579,2.6977235726374484,0.1676163673400879,0.5091588497161865,0,1,0,0,0,-0.04432840663073515,-0.8818175038263307,-0.8696945611808976,0,0,0,0,21,False,False,
33,5,1508.9433421533474,861.5443514499535,0.7545042870175209,2.7162154332630752,0.16870245337486267,0.45271623134613037,0,1,0,0,0,0.12952916782499277,-0.8613193337937641,-0.04612701208155112,0,0,0,0,21,False,False,
33,6,1505.4951261912793,875.0867312721497,1.525554462473029,5.491996064902905,0.34120795130729675,0.5294716358184814,0,1,0,0,0,-0.06622328143308273,-0.8730791584674619,-0.3301556929445749,0,0,0,0,21,False,False,
33,7,1498.4138648375133,871.9322594226436,1.5228229605306767,5.482162657910436,0.34062597155570984,0.5533950328826904,0,1,0,0,0,-0.030304315266574615,-0.8922296662773909,-0.7268613122911565,0,0,0,0,21,False,False,
34,0,1509.729358473783,875.3474486143808,1.536857702671181,5.532687729616251,0.3538154065608978,0.577392578125,0,1,0,0,0,-0.021127876823015236,-0.8617664891138681,-0.2988929256394415,0,0,0,0,22,False,False,
34,1,1506.303550902861,868.7990008383438,0.7680715108896772,2.7650574392028378,0.17684602737426758,0.5327631235122681,0,1,0,0,0,-0.03513701914249528,-0.8709079081088972,-0.915952040613423,0,0,0,0,22,False,False,
34,2,1504.0459852540182,860.87550647278,0.0,0.0,0.0,-0.047280795872211456,0,1,0,0,0,0.18531981358975586,-0.8736779209069417,0.03407164589994638,34,0,0,0,22,False,False,
34,3,1493.0907227816815,865.1719270089471,1.5663408078863115,5.638826908390722,0.3607298731803894,0.5199579000473022,0,1,0,0,0,0.10525290566356868,-0.9046697600266057,-0.42690003513813934,0,0,0,0,22,False,False,
34,4,1502.2859156201655,870.5878377954301,0.7713090422126143,2.7767125519654114,0.17767976224422455,0.5265437960624695,0,1,0,0,0,-0.04433207846074873,-0.8818442711755176,-0.8695701541012657,0,0,0,0,22,False,False,
34,5,1508.9332351472067,861.544341064421,0.7765931481927268,2.7957353334938166,0.178834468126297,0.4683742821216583,0,1,0,0,0,0.12955022879279643,-0.8613457675045384,-0.04611969401804339,0,0,0,0,22,False,False,
34,6,1505.4747062627466,875.087530513242,1.570208845527889,5.6527518439004005,0.3616091310977936,0.5466864705085754,0,1,0,0,0,-0.0662491573920584,-0.8731332686547868,-0.33006055811897406,0,0,0,0,22,False,False,
34,7,1498.3934905178419,871.9332641363522,1.567405324586359,5.642659168510892,0.36103808879852295,0.5713486671447754,0,1,0,0,0,-0.030316658061264927,-0.8922840327853592,-0.7268832378954941,0,0,0,0,22,False,False,
35,0,1509.7087991657909,875.3468026583579,1.580496513935198,5.689787450166714,0.3744562268257141,0.5955394506454468,0,1,0,0,0,-0.021151773214906043,-0.8618215029140212,-0.29897342433802687,0,0,0,0,23,False,False,
35,1,1506.293346647766,868.8002452563264,0.7898738608865075,2.843545899191427,0.18717233836650848,0.5503411293029785,0,1,0,0,0,-0.03513596647108999,-0.8709354072528029,-0.916098401883578,0,0,0,0,23,False,False,
35,2,1504.0459852540182,860.87550647278,0.0,0.0,0.0,-0.04866862669587135,0,1,0,0,0,0.18531981358975586,-0.8736779209069417,0.03407164589994638,35,0,0,0,23,False,False,
35,3,1493.0697664957931,865.1724899732532,1.6108005168557193,5.79888186068059,0.3816111087799072,0.5363826155662537,0,1,0,0,0,0.10531029714069576,-0.904724678647993,-0.42681970795666746,0,0,0,0,23,False,False,
35,4,1502.2756455285432,870.5888838325881,0.7932063665419913,2.855542919551169,0.18798603117465973,0.5439363718032837,0,1,0,0,0,-0.0443354549046641,-0.8818716892049316,-0.8694457470216339,0,0,0,0,23,False,False,
35,5,1508.9228412419786,861.5443304615121,0.7986376389935926,2.8750955003769336,0.189210444688797,0.48403897881507874,0,1,0,0,0,0.12957103790885185,-0.8613728714630418,-0.04611969401804339,0,0,0,0,23,False,False,
35,6,1505.4537068086915,875.0883523544594,1.614771735589321,5.813178248121556,0.3826225996017456,0.5639162659645081,0,1,0,0,0,-0.06627631241019319,-0.8731889921894174,-0.3299581052298656,0,0,0,0,23,False,False,
35,7,1498.3725378473669,871.9342972523249,1.6118976590821137,5.8028315726956095,0.3819378912448883,0.5893179178237915,0,1,0,0,0,-0.030328905258305224,-0.8923397013084011,-0.7269051634998318,0,0,0,0,23,False,False,
36,0,1509.6876733218276,875.3461394400083,1.6240476617397936,5.846571582263257,0.3955850601196289,0.6137015223503113,0,1,0,0,0,-0.02117649235267657,-0.8618778160550096,-0.29905392303661216,0,0,0,0,24,False,False,
36,1,1506.282861283908,868.8015238156382,0.8116321530731242,2.921875751063247,0.1977483481168747,0.5679268836975098,0,1,0,0,0,-0.03513527786239131,-0.8709635667569839,-0.916252081217241,0,0,0,0,24,False,False,
36,2,1504.0459852540182,860.87550647278,0.0,0.0,0.0,-0.05005645751953125,0,1,0,0,0,0.18531981358975586,-0.8736779209069417,0.03407164589994638,36,0,0,0,24,False,False,
36,3,1493.0482329678862,865.1730685850567,1.6551703936536288,5.958613417153064,0.40322616696357727,0.5528207421302795,0,1,0,0,0,0.10536907579519045,-0.90478154459474,-0.42674664166633225,0,0,0,0,24,False,False,
36,4,1502.2650924774555,870.5899585723919,0.8150597110300123,2.9342149597080445,0.19854140281677246,0.5613365769386292,0,1,0,0,0,-0.044339413369664585,-0.8818997630976498,-0.8693140218784943,0,0,0,0,24,False,False,
36,5,1508.9121610141083,861.5443196482752,0.8206378369667183,2.954296213080186,0.199952632188797,0.4997102916240692,0,1,0,0,0,0.12959262882790326,-0.8614009317964717,-0.04611969401804339,0,0,0,0,24,False,False,
36,6,1505.4321289898455,875.089196743138,1.6592453484324237,5.973283254356725,0.4042436182498932,0.5811609029769897,0,1,0,0,0,-0.06630313009226382,-0.8732463501897272,-0.3298629704042647,0,0,0,0,24,False,False,
36,7,1498.351007993866,871.9353587031327,1.6563001187518978,5.962680427506832,0.40356922149658203,0.6073027849197388,0,1,0,0,0,-0.030341051428216463,-0.8923973228874041,-0.726927060517984,0,0,0,0,24,False,False,
37,0,1509.6659820788186,875.3454590384076,1.6675113049505637,6.003040697822029,0.4172019362449646,0.6318787336349487,0,1,0,0,0,-0.02120203362359045,-0.8619354285334221,-0.29913442173519744,0,0,0,0,25,False,False,
37,1,1506.2720953779963,868.8028364357626,0.833346472452105,3.0000473008275783,0.20857413113117218,0.585520327091217,0,1,0,0,0,-0.035134954037691714,-0.8709923866170991,-0.9164130786144116,0,0,0,0,25,False,False,
37,2,1504.0459852540182,860.87550647278,0.0,0.0,0.0,-0.05144428834319115,0,1,0,0,0,0.18531981358975586,-0.8736779209069417,0.03407164589994638,37,0,0,0,25,False,False,
37,3,1493.0261233650135,865.1736628244258,1.6994505888218687,6.118022119758727,0.42532771825790405,0.5692722201347351,0,1,0,0,0,0.10543055263285782,-0.9048396565130967,-0.4266581388357853,0,0,0,0,25,False,False,
37,4,1502.2542570342014,870.5910619475457,0.8368691664244856,3.0127289991281483,0.2094610631465912,0.5787443518638611,0,1,0,0,0,-0.044343022042493074,-0.8819288130231893,-0.8691822967353546,0,0,0,0,25,False,False,
37,5,1508.9011950389297,861.5443086319157,0.8425938274682657,3.0333377788857567,0.210816890001297,0.5153881907463074,0,1,0,0,0,0.12961440110003145,-0.861429310753628,-0.04611969401804339,0,0,0,0,25,False,False,
37,6,1505.4099739741755,875.0900636262567,1.7036291274951485,6.133064858982535,0.42635729908943176,0.598420262336731,0,1,0,0,0,-0.06633195683721674,-0.8733049860746862,-0.3297531994516484,0,0,0,0,25,False,False,
37,7,1498.3289021230441,871.9364484212043,1.7006128621223962,6.122206303640627,0.42569124698638916,0.6253032088279724,0,1,0,0,0,-0.030354067119571622,-0.8924562467381891,-0.7269489861223217,0,0,0,0,25,False,False,
38,0,1509.6437265715447,875.3447615335672,1.7108876062109108,6.159195382359279,0.43955087661743164,0.6500710248947144,0,1,0,0,0,-0.0212285905308663,-0.8619949900261721,-0.29921492043378284,0,0,0,0,26,False,False,
38,1,1506.2610494956616,868.8041830360364,0.8550168999229354,3.0780608397225673,0.21964220702648163,0.6031215190887451,0,1,0,0,0,-0.03513419413516298,-0.8710218560743,-0.9165740760115823,0,0,0,0,26,False,False,
38,2,1504.0459852540182,860.87550647278,0.0,0.0,0.0,-0.052832119166851044,0,1,0,0,0,0.18531981358975586,-0.8736779209069417,0.03407164589994638,38,0,0,0,26,False,False,
38,3,1493.003438852021,865.1742726717612,1.7436412725651618,6.277108581234582,0.44804099202156067,0.5857369899749756,0,1,0,0,0,0.10549301387808074,-0.9048993960814949,-0.4265704364184345,0,0,0,0,26,False,False,
38,4,1502.2431397650641,870.5921938906313,0.8586348094445192,3.091085314000269,0.22062982618808746,0.5961596965789795,0,1,0,0,0,-0.04434721464389624,-0.8819585188033285,-0.8690432535287074,0,0,0,0,26,False,False,
38,5,1508.8899438906676,861.5442974197949,0.8645056957167928,3.112220504580454,0.222169429063797,0.5310726761817932,0,1,0,0,0,0.12963725848018032,-0.861458964907525,-0.04611969401804339,0,0,0,0,26,False,False,
38,6,1505.387242927325,875.0909529507811,1.7479232511181622,6.292523704025384,0.44920042157173157,0.6156942844390869,0,1,0,0,0,-0.06636056245605838,-0.8733655812267583,-0.3296507465625398,0,0,0,0,26,False,False,
38,7,1498.306221398536,871.9375663388283,1.7448360475391345,6.2814097711408845,0.44830095767974854,0.6433191895484924,0,1,0,0,0,-0.03036699068091606,-0.8925164725959127,-0.7269782012039816,0,0,0,0,26,False,False,
39,0,1509.6209079325934,875.3440470064238,1.7541767319338148,6.315036234961734,0.4623897671699524,0.6682783961296082,0,1,0,0,0,-0.021255219091714947,-0.8620558613695818,-0.29930273719587586,0,0,0,0,27,False,False,
39,1,1506.2497242015866,868.8055635356347,0.8766435063416258,3.155916622829853,0.23107388615608215,0.6207304000854492,0,1,0,0,0,-0.03513289214954164,-0.8710522999399498,-0.9167350734087528,0,0,0,0,27,False,False,
39,2,1504.0459852540182,860.87550647278,0.0,0.0,0.0,-0.05421994999051094,0,1,0,0,0,0.18531981358975586,-0.8736779209069417,0.03407164589994638,39,0,0,0,27,False,False,
39,3,1492.98018059186,865.1748981077891,1.7877425910890157,6.435873327920457,0.47124406695365906,0.6022149920463562,0,1,0,0,0,0.1055560475857378,-0.9049604437539897,-0.4264901092369626,0,0,0,0,27,False,False,
39,4,1502.2317412351592,870.593354334126,0.8803567285853336,3.1692842229072014,0.23216289281845093,0.6135826110839844,0,1,0,0,0,-0.04435105897861307,-0.881989200613426,-0.86890421032206,0,0,0,0,27,False,False,
39,5,1508.8784081424915,861.5442860194296,0.8863735228277208,3.190944682179795,0.233644038438797,0.5467636585235596,0,1,0,0,0,0.12966029927138026,-0.8614889376510182,-0.04611969401804339,0,0,0,0,27,False,False,
39,6,1505.3639370130797,875.0918646636197,1.7921278617301757,6.451660302228633,0.47253382205963135,0.6329829096794128,0,1,0,0,0,-0.06639037012970321,-0.8734274647876237,-0.32954097560992346,0,0,0,0,27,False,False,
39,7,1498.2829669819607,871.9387123881513,1.7889698292006253,6.440291385122252,0.47164520621299744,0.6613506078720093,0,1,0,0,0,-0.03038078157637977,-0.8925786517492397,-0.7270001268083193,0,0,0,0,27,False,False,
40,0,1509.5975272922583,875.3433155388249,1.797378856259226,6.470563882533214,0.48571670055389404,0.6865007877349854,0,1,0,0,0,-0.02128266760045139,-0.8621180320429053,-0.299390553957969,0,0,0,0,28,False,False,
40,1,1506.2381200595837,868.8069778535613,0.8982263565064179,3.2336148834231047,0.2427627146244049,0.6383469700813293,0,1,0,0,0,-0.035132758283012,-0.8710834149067271,-0.916910706932939,0,0,0,0,28,False,False,
40,2,1504.0459852540182,860.87550647278,0.0,0.0,0.0,-0.05560778081417084,0,1,0,0,0,0.18531981358975586,-0.8736779209069417,0.03407164589994638,40,0,0,0,28,False,False,
40,3,1492.956349745538,865.1755391135625,1.83175469440693,6.594316899864948,0.49517762660980225,0.6187061071395874,0,1,0,0,0,0.1056226356197644,-0.9050233761061712,-0.42639428834290805,0,0,0,0,28,False,False,
40,4,1502.2200620085896,870.5945432103879,0.9020350003005062,3.2473260010818223,0.24381741881370544,0.6310130953788757,0,1,0,0,0,-0.0443546671829561,-0.8820202077420422,-0.8687651671154126,0,0,0,0,28,False,False,
40,5,1508.8665883664905,861.5442744384898,0.9081973917699137,3.269510610371689,0.24548502266407013,0.5624611377716064,0,1,0,0,0,0.12968485966314347,-0.8615198339137077,-0.046112375954535656,0,0,0,0,28,False,False,
40,6,1505.3400573931128,875.0927987116221,1.8362431214385122,6.610475237178644,0.4963551461696625,0.650286078453064,0,1,0,0,0,-0.06642056641485523,-0.8734906473295883,-0.32943120465730713,0,0,0,0,28,False,False,
40,7,1498.2591400328713,871.9398865011825,1.8330143650973747,6.598851714350549,0.4954771399497986,0.6793975234031677,0,1,0,0,0,-0.030394483216880354,-0.8926421329007852,-0.7270293418899791,0,0,0,0,28,False,False,
41,0,1509.5735857787497,875.3425672135271,1.8404941372441654,6.625778894078996,0.5096536874771118,0.7047381401062012,0,1,0,0,0,-0.021311032741178338,-0.8621818268815986,-0.299478370720062,0,0,0,0,29,False,False,
41,1,1506.2262376320593,868.8084259087192,0.9197655567576715,3.3111560043276174,0.2548076808452606,0.6559712290763855,0,1,0,0,0,-0.03513128124276142,-0.8711154935300565,-0.9170790223936174,0,0,0,0,29,False,False,
41,2,1504.0459852540182,860.87550647278,0.0,0.0,0.0,-0.056995611637830734,0,1,0,0,0,0.18531981358975586,-0.8736779209069417,0.03407164589994638,41,0,0,0,29,False,False,
41,3,1492.9319474718623,865.1761956704619,1.8756777521945458,6.752439907900365,0.5194789171218872,0.6352103352546692,0,1,0,0,0,0.10568939096702112,-0.9050872969204595,-0.42630658592555726,0,0,0,0,29,False,False,
41,4,1502.2081026483454,870.5957604516674,0.923669708854304,3.3252109518754946,0.2558424174785614,0.6484510898590088,0,1,0,0,0,-0.044358806190509706,-0.8820521960706115,-0.8686188058452575,0,0,0,0,29,False,False,
41,5,1508.8544851336244,861.5442626847978,0.9299773893446248,3.3479186016406492,0.25756996870040894,0.5781651139259338,0,1,0,0,0,0.1297091740540092,-0.8615514003505595,-0.046112375954535656,0,0,0,0,29,False,False,
41,6,1505.315605227037,875.0937550415681,1.8802691881950548,6.768969077502198,0.5209106802940369,0.6676037311553955,0,1,0,0,0,-0.06645218523640324,-0.8735557678740198,-0.32931411564118296,0,0,0,0,29,False,False,
41,7,1498.23474170881,871.9410886097921,1.8769698090723947,6.757091312660621,0.5199217200279236,0.6974598169326782,0,1,0,0,0,-0.03040905931389312,-0.8927072418094344,-0.727052125079884,0,0,0,0,29,False,False,
42,0,1509.5490845180932,875.3418021141846,1.8835227406883133,6.780681866477928,0.5342026352882385,0.7229903936386108,0,1,0,0,0,-0.021339563575723888,-0.86224725640997,-0.29957350554566287,0,0,0,0,30,False,False,
42,1,1506.2140774808097,868.8099076198106,0.9412611517871946,3.3885401464339004,0.266988605260849,0.6736031174659729,0,1,0,0,0,-0.035131079991239426,-0.8711479184347412,-0.9172619739813113,0,0,0,0,30,False,False,
42,2,1504.0459852540182,860.87550647278,0.0,0.0,0.0,-0.05838344246149063,0,1,0,0,0,0.18531981358975586,-0.8736779209069417,0.03407164589994638,42,0,0,0,30,False,False,
42,3,1492.9069749277521,865.176867760189,1.9195119101275804,6.910242876459289,0.5445123314857483,0.651727557182312,0,1,0,0,0,0.10575864611446725,-0.9051531333875388,-0.42621894068057764,0,0,0,0,30,False,False,
42,4,1502.1958637162804,870.5970059901124,0.9452609403573476,3.4029393852864516,0.26811033487319946,0.6658966541290283,0,1,0,0,0,-0.044362654771966784,-0.8820848350704776,-0.8684724445751024,0,0,0,0,30,False,False,
42,5,1508.8420990138022,861.5442507663275,0.9517135962635058,3.426168946548621,0.27002114057540894,0.5938755869865417,0,1,0,0,0,0.1297342778804073,-0.8615839230278974,-0.046112375954535656,0,0,0,0,30,False,False,
42,6,1505.2905816723555,875.0947336001669,1.92420622373526,6.927142405446936,0.545954167842865,0.6849358081817627,0,1,0,0,0,-0.06648419867307843,-0.8736221873496499,-0.3291970266250589,0,0,0,0,30,False,False,
42,7,1498.209773165155,871.9423186457213,1.9208363266914252,6.915010776089131,0.5449758768081665,0.7155374884605408,0,1,0,0,0,-0.030423546324851083,-0.892773978227513,-0.7270813401615439,0,0,0,0,30,False,False,
43,0,1509.524024634082,875.341020325335,1.9264648361521477,6.935273410147732,0.5592396259307861,0.7412575483322144,0,1,0,0,0,-0.02136891223018059,-0.8623139852602084,-0.2996686403712636,0,0,0,0,31,False,False,
43,1,1506.201640166254,868.8114229054356,0.962713245714481,3.465767684572132,0.27952563762664795,0.6912426948547363,0,1,0,0,0,-0.035129535829413944,-0.8711813070000981,-0.9174376075054974,0,0,0,0,31,False,False,
43,2,1504.0459852540182,860.87550647278,0.0,0.0,0.0,-0.05977127328515053,0,1,0,0,0,0.18531981358975586,-0.8736779209069417,0.03407164589994638,43,0,0,0,31,False,False,
43,3,1492.881433268035,865.1775553647689,1.9632573295858506,7.0677263865090625,0.570033848285675,0.6682577133178711,0,1,0,0,0,0.10582957175312989,-0.9052202464389982,-0.4261158017230152,0,0,0,0,31,False,False,
43,4,1502.1833457732157,870.5982797577584,0.9668087728486171,3.4805115822550214,0.28074872493743896,0.6833496689796448,0,1,0,0,0,-0.0443670362193122,-0.8821184552610492,-0.8683187652414395,0,0,0,0,31,False,False,
43,5,1508.8294305758845,861.5442386912035,0.9734060931091809,3.5042619351930515,0.28259438276290894,0.6095924973487854,0,1,0,0,0,0.129759569227378,-0.8616167642270629,-0.046112375954535656,0,0,0,0,31,False,False,
43,6,1505.2649878845682,875.0957343340484,1.9680543816730807,7.08499577402309,0.5714879631996155,0.7022823095321655,0,1,0,0,0,-0.06651742743769976,-0.8736898951042631,-0.3290726195454271,0,0,0,0,31,False,False,
43,7,1498.1842355553301,871.9435765405724,1.9646140674593697,7.072610642853731,0.5705207586288452,0.7336304783821106,0,1,0,0,0,-0.030438914918322426,-0.892842016863093,-0.7271032657658816,0,0,0,0,31,False,False,
44,0,1509.4984072483833,875.3402219323957,1.969320585051921,7.089554106186916,0.5848866701126099,0.7595394849777222,0,1,0,0,0,-0.021399175644377995,-0.8623823382664887,-0.2997637751968645,0,0,0,0,32,False,False,
44,1,1506.1889262481025,868.8129716840089,0.9841218909287986,3.542838807343675,0.29231974482536316,0.7088898420333862,0,1,0,0,0,-0.03512916279421303,-0.871215366647307,-0.917627877156699,0,0,0,0,32,False,False,
44,2,1504.0459852540182,860.87550647278,0.0,0.0,0.0,-0.061159104108810425,0,1,0,0,0,0.18531981358975586,-0.8736779209069417,0.03407164589994638,44,0,0,0,32,False,False,
44,3,1492.8553236455,865.1782584665467,2.0069141677928783,7.224891004054363,0.5961671471595764,0.6848007440567017,0,1,0,0,0,0.10590152149363202,-0.9052889867042364,-0.42602083841452787,0,0,0,0,32,False,False,
44,4,1502.17054937884,870.5995816865411,0.9883132921741433,3.557927851826916,0.2936362624168396,0.7008101940155029,0,1,0,0,0,-0.04437200761044803,-0.8821527312770444,-0.8681577678442689,0,0,0,0,32,False,False,
44,5,1508.8164803876589,861.5442264676994,0.9950549623181835,3.5821978643454604,0.29553383588790894,0.62531578540802,0,1,0,0,0,0.12978565254412994,-0.8616505616216759,-0.046112375954535656,0,0,0,0,32,False,False,
44,6,1505.2388250170186,875.0967571897696,2.0118138273448225,7.242529778441361,0.597751259803772,0.7196431756019592,0,1,0,0,0,-0.06655045170847036,-0.8737595620362502,-0.32895553052930293,0,0,0,0,32,False,False,
44,7,1498.1581300307037,871.9448622258159,2.0083031886458302,7.229891479124989,0.5966752171516418,0.7517387270927429,0,1,0,0,0,-0.03045419760616931,-0.8929116829982915,-0.7271324808475415,0,0,0,0,32,False,False,
45,0,1509.4722334805406,875.3394070216544,2.012090148606761,7.243524534984339,0.6110217571258545,0.7778362035751343,0,1,0,0,0,-0.021430255988797046,-0.8624519905855399,-0.29985891002246534,0,0,0,0,33,False,False,
45,1,1506.175936284768,868.8145538738353,1.0054871853515417,3.6197538672655503,0.3054773211479187,0.7265446186065674,0,1,0,0,0,-0.03512825011180749,-0.8712504006985642,-0.9178181468079007,0,0,0,0,33,False,False,
45,2,1504.0459852540182,860.87550647278,0.0,0.0,0.0,-0.06254693120718002,0,1,0,0,0,0.18531981358975586,-0.8736779209069417,0.03407164589994638,45,0,0,0,33,False,False,
45,3,1492.8286472110556,865.1789770481844,2.0504825698925058,7.381737251613021,0.6229089498519897,0.7013565897941589,0,1,0,0,0,0.10597665074081009,-0.9053592915619226,-0.42591769945696534,0,0,0,0,33,False,False,
45,4,1502.1574750916852,870.6009117083007,1.009774586022677,3.635188509681637,0.3067605197429657,0.718278169631958,0,1,0,0,0,-0.04437581215283678,-0.8821876528010416,-0.868004088510606,0,0,0,0,33,False,False,
45,5,1508.8032490158157,861.5442141042372,1.0166602881770757,3.6599770374374723,0.3088396489620209,0.6410454511642456,0,1,0,0,0,0.1298132631980075,-0.8616852823718596,-0.04610505789102781,0,0,0,0,33,False,False,
45,6,1505.212094221206,875.0978021137978,2.0554847020944003,7.3997449275398415,0.624504804611206,0.737018346786499,0,1,0,0,0,-0.06658469698174814,-0.8738305171934818,-0.32883112344967114,0,0,0,0,33,False,False,
45,7,1498.1314577405903,871.9461756327918,2.0519038473375932,7.386853850415336,0.6233174204826355,0.7698622345924377,0,1,0,0,0,-0.03046939805384391,-0.8929826511125775,-0.7271616959292013,0,0,0,0,33,False,False,
46,0,1509.445504447926,875.3385756802583,2.054773691804088,7.3971852904947175,0.6377688050270081,0.7961477041244507,0,1,0,0,0,-0.021461498273921128,-0.8625232775906853,-0.29996136291157394,0,0,0,0,34,False,False,
46,1,1506.1626708337542,868.816169393063,1.026809196997144,3.6965131091897185,0.3187560737133026,0.7442070245742798,0,1,0,0,0,-0.035127010288042014,-0.8712857595329508,-0.9180084164591024,0,0,0,0,34,False,False,
46,2,1504.0459852540182,860.87550647278,0.0,0.0,0.0,-0.06393475830554962,0,1,0,0,0,0.18531981358975586,-0.8736779209069417,0.03407164589994638,46,0,0,0,34,False,False,
46,3,1492.8014051134212,865.1797110926627,2.0939627046631695,7.538265736787411,0.6501404643058777,0.7179251909255981,0,1,0,0,0,0.10605239913768968,-0.9054309039906743,-0.42581541808497025,0,0,0,0,34,False,False,
46,4,1502.1441234693598,870.6022697547585,1.031192724093588,3.712293806736917,0.3201400339603424,0.73575359582901,0,1,0,0,0,-0.044381087524276885,-0.8822232352971616,-0.8678357730499275,0,0,0,0,34,False,False,
46,5,1508.789737025925,861.5442016093849,1.0382221568185752,3.737599764546871,0.3222673833370209,0.6567814946174622,0,1,0,0,0,0.12984033116142213,-0.8617203543886967,-0.04610505789102781,0,0,0,0,34,False,False,
46,6,1505.1847966464777,875.0988690525265,2.0990671709085285,7.5566418152707024,0.6517486572265625,0.7544077634811401,0,1,0,0,0,-0.06662016677560384,-0.8739027605315061,-0.3286993983065315,0,0,0,0,34,False,False,
46,7,1498.1042198323576,871.9475166927041,2.0954161925072103,7.543498293025958,0.6505721807479858,0.7880010008811951,0,1,0,0,0,-0.030485483458927043,-0.8930552469396159,-0.7271909110108612,0,0,0,0,34,False,False,
47,0,1509.4182212656394,875.3377279961989,2.0973713873569984,7.550536994485194,0.6651259064674377,0.8144738674163818,0,1,0,0,0,-0.02149365353552355,-0.8625961887418044,-0.30006381580068253,0,0,0,0,35,False,False,
47,1,1506.149130451629,868.8178181596863,1.048087995758301,3.773116784729883,0.3324057161808014,0.7618770003318787,0,1,0,0,0,-0.03512603447032537,-0.871322103509369,-0.9182060041738118,0,0,0,0,35,False,False,
47,2,1504.0459852540182,860.87550647278,0.0,0.0,0.0,-0.06532258540391922,0,1,0,0,0,0.18531981358975586,-0.8736779209069417,0.03407164589994638,47,0,0,0,35,False,False,
47,3,1492.773598499389,865.1804605832768,2.137354720847863,7.694476995052307,0.677983820438385,0.7345064878463745,0,1,0,0,0,0.10612919386025889,-0.9055041433884714,-0.4257204547764829,0,0,0,0,35,False,False,
47,4,1502.1304950681908,870.6036557575568,1.0525678037378698,3.7892440934563316,0.33387768268585205,0.7532364726066589,0,1,0,0,0,-0.04438514146303495,-0.8822597886617809,-0.867674775652757,0,0,0,0,35,False,False,
47,5,1508.775944982566,861.5441889918571,1.059740644320747,3.8150663195546897,0.3360613286495209,0.6725238561630249,0,1,0,0,0,0.12986819541283443,-0.8617563825225365,-0.04610505789102781,0,0,0,0,35,False,False,
47,6,1505.156933440084,875.0999579522753,2.1425613946090616,7.713221020592622,0.6796023845672607,0.7718113660812378,0,1,0,0,0,-0.06665615215076362,-0.8739766275005095,-0.32856767316339186,0,0,0,0,35,False,False,
47,7,1498.076417451221,871.9488853366348,2.1388403888224334,7.69982539976076,0.6784396171569824,0.8061549067497253,0,1,0,0,0,-0.03050245693797567,-0.893129470463482,-0.7272201546787067,0,0,0,0,35,False,False,
48,0,1509.3903850467188,875.3368640583119,2.1398833918944384,7.703580210819979,0.6929710507392883,0.8328146934509277,0,1,0,0,0,-0.02152662376154745,-0.8626703991964129,-0.300166268689791,0,0,0,0,36,False,False,
48,1,1506.1353156938487,868.8195000915707,1.0693236652989944,3.8495651950763796,0.34630513191223145,0.779554545879364,0,1,0,0,0,-0.035125429672000844,-0.8713591078106376,-0.918410909952029,0,0,0,0,36,False,False,
48,2,1504.0459852540182,860.87550647278,0.0,0.0,0.0,-0.06671041250228882,0,1,0,0,0,0.18531981358975586,-0.8736779209069417,0.03407164589994638,48,0,0,0,36,False,False,
48,3,1492.7452285138768,865.1812255036344,2.180658763056524,7.850371547003486,0.7063136100769043,0.7511003613471985,0,1,0,0,0,0.10620877295006387,-0.9055786275769533,-0.42560999775541275,0,0,0,0,36,False,False,
48,4,1502.1165904436118,870.605069648219,1.0738998924004617,3.866039612641662,0.3478643298149109,0.77072674036026,0,1,0,0,0,-0.04438978907901748,-0.8822969978368383,-0.8675064601920786,0,0,0,0,36,False,False,
48,5,1508.7618734492266,861.5441762605133,1.0812158345725031,3.8923770044610113,0.3502214848995209,0.6882725358009338,0,1,0,0,0,0.12989685764201542,-0.8617933667413702,-0.04610505789102781,0,0,0,0,36,False,False,
48,6,1505.128505747283,875.1010687592837,2.185967525895237,7.869483093222853,0.7080659866333008,0.789229154586792,0,1,0,0,0,-0.06669265579150886,-0.8740521180798636,-0.32843594802025233,0,0,0,0,36,False,False,
48,7,1498.0480517404021,871.9502814955376,2.1821765888546563,7.8558357198767625,0.7067917585372925,0.8243239521980286,0,1,0,0,0,-0.030518383629433918,-0.8932049957430557,-0.7272566878238743,0,0,0,0,36,False,False,
49,0,1509.3619969020401,875.3359839562636,2.1823098697867827,7.8563155312324175,0.721426248550415,0.8511700630187988,0,1,0,0,0,-0.021560506348151244,-0.8627462337861432,-0.3002687215788996,0,0,0,0,37,False,False,
49,1,1506.1212271148108,868.8212151064472,1.090516285181223,3.9258586266524027,0.3605680465698242,0.7972396612167358,0,1,0,0,0,-0.03512428657247458,-0.8713970865156921,-0.9186158157302461,0,0,0,0,37,False,False,
49,2,1504.0459852540182,860.87550647278,0.0,0.0,0.0,-0.06809823960065842,0,1,0,0,0,0.18531981358975586,-0.8736779209069417,0.03407164589994638,49,0,0,0,37,False,False,
49,3,1492.7162962995692,865.1820058376591,2.223875003498585,8.005950012594907,0.7352551221847534,0.7677068114280701,0,1,0,0,0,0.10628941475899707,-0.9056547385383831,-0.425500455492281,0,0,0,0,37,False,False,
49,4,1502.1024101499063,870.6065113581781,1.0951890772508732,3.9426806781031436,0.3621000647544861,0.7882243990898132,0,1,0,0,0,-0.04439503174703342,-0.8823348628129799,-0.8673308266678924,0,0,0,0,37,False,False,
49,5,1508.7475229883305,861.5441634243564,1.1026478093436183,3.969532113637026,0.3645037114620209,0.7040274739265442,0,1,0,0,0,0.1299257142586839,-0.861830669364336,-0.04610505789102781,0,0,0,0,37,False,False,
49,6,1505.099514711292,875.1022014197143,2.2292857212563266,8.025428596522776,0.7371394634246826,0.806661069393158,0,1,0,0,0,-0.06672968042410932,-0.874129232248581,-0.3283042228771127,0,0,0,0,37,False,False,
49,7,1498.0191238411305,871.9517051002359,2.2254249449996197,8.01152980199863,0.7357594966888428,0.84250807762146,0,1,0,0,0,-0.03053617282287746,-0.8932821489049574,-0.7272785848420265,0,0,0,0,37,False,False,
50,0,1509.3330579404223,875.3350877805466,2.224650977267197,8.008743518161909,0.7503713965415955,0.8695399761199951,0,1,0,0,0,-0.02159444943072357,-0.8628233782211902,-0.30037849253151594,0,0,0,0,38,False,False,
50,1,1506.106865268009,868.8229631218937,1.1116659229418278,4.00199732259058,0.3750733733177185,0.8149322867393494,0,1,0,0,0,-0.0351227114359094,-0.8714357148143325,-0.9188207215084633,0,0,0,0,38,False,False,
50,2,1504.0459852540182,860.87550647278,0.0,0.0,0.0,-0.06948606669902802,0,1,0,0,0,0.18531981358975586,-0.8736779209069417,0.03407164589994638,50,0,0,0,38,False,False,
50,3,1492.686802997333,865.1828015695817,2.267003582442568,8.161212896793245,0.7648068070411682,0.7843257188796997,0,1,0,0,0,0.1063722052253755,-0.9057324448183539,-0.42538999847121084,0,0,0,0,38,False,False,
50,4,1502.0879547402114,870.6079808187791,1.116435445315107,4.0191676031343855,0.3765786588191986,0.8057294487953186,0,1,0,0,0,-0.04439999045423993,-0.8823733784440201,-0.8671551931437063,0,0,0,0,38,False,False,
50,5,1508.7328941612388,861.5441504925323,1.1240366502716712,4.046531940978016,0.3791522681713104,0.719788670539856,0,1,0,0,0,0.1299561063822864,-0.8618688951669577,-0.04609773982752008,0,0,0,0,38,False,False,
50,6,1505.0699614733921,875.1033558796477,2.2725161290665987,8.181058064639755,0.7667032480239868,0.8241070508956909,0,1,0,0,0,-0.06676794234369683,-0.8742076344621607,-0.3281651796704653,0,0,0,0,38,False,False,
50,7,1497.9896348925433,871.9531560814337,2.2685856174083714,8.166908222670138,0.765336811542511,0.8607072234153748,0,1,0,0,0,-0.03055388669441786,-0.8933609295336604,-0.7273086575092536,0,0,0,0,38,False,False,
51,0,1509.303569268374,875.334175622458,2.266906890206701,8.160864804744124,0.7798045873641968,0.8879244327545166,0,1,0,0,0,-0.0216292054270143,-0.8629018219505784,-0.30048826348413227,0,0,0,0,39,False,False,
51,1,1506.092230705958,868.824744055345,1.1327726519619639,4.07798154706307,0.38971468806266785,0.8326324224472046,0,1,0,0,0,-0.0351224194255909,-0.8714746893407721,-0.9190402634136959,0,0,0,0,39,False,False,
51,2,1504.0459852540182,860.87550647278,0.0,0.0,0.0,-0.07087389379739761,0,1,0,0,0,0.18531981358975586,-0.8736779209069417,0.03407164589994638,51,0,0,0,39,False,False,
51,3,1492.6567497459616,865.1836126839439,2.3100446598329287,8.316160775398544,0.7948465943336487,0.8009570240974426,0,1,0,0,0,0.10645672996489787,-0.9058114268799929,-0.4252803990357079,0,0,0,0,39,False,False,
51,4,1502.0732247666476,870.6094779612663,1.1376390735616897,4.095500664822083,0.39142778515815735,0.8232418298721313,0,1,0,0,0,-0.04440549091175715,-0.8824128752228602,-0.8669722415560124,0,0,0,0,39,False,False,
51,5,1508.7179875282006,861.5441374743274,1.1453824428278065,4.123376794180103,0.3940448462963104,0.7355560660362244,0,1,0,0,0,0.12998626364806115,-0.8619077909969513,-0.04609773982752008,0,0,0,0,39,False,False,
51,6,1505.0398471726744,875.1045320850976,2.315658917360317,8.336372102497142,0.7968792915344238,0.8415670394897461,0,1,0,0,0,-0.06680755401594954,-0.8742876494849013,-0.3280188184003102,0,0,0,0,39,False,False,
51,7,1497.9595860317909,871.9546343697092,2.3116587581086008,8.321971529190963,0.7954018115997314,0.878921389579773,0,1,0,0,0,-0.030571528663557817,-0.8934410121084466,-0.7273451906544213,0,0,0,0,39,False,False,
52,0,1509.2735319903538,875.3332475741017,2.3090777644178733,8.312679951904345,0.8098478317260742,0.9063233137130737,0,1,0,0,0,-0.021664872037745416,-0.862981889804475,-0.3005980344367487,0,0,0,0,40,False,False,
52,1,1506.077323979863,868.8265578241387,1.1538365712834089,4.153811656620272,0.4048333168029785,0.8503400683403015,0,1,0,0,0,-0.03512067950709555,-0.8715149523614654,-0.9192524872554209,0,0,0,0,40,False,False,
52,2,1504.0459852540182,860.87550647278,0.0,0.0,0.0,-0.07226172089576721,0,1,0,0,0,0.18531981358975586,-0.8736779209069417,0.03407164589994638,52,0,0,0,40,False,False,
52,3,1492.626137682177,865.1844391655961,2.3529983954216407,8.470794223517906,0.8254981637001038,0.8176007270812988,0,1,0,0,0,0.1065423424161698,-0.9058920354375822,-0.4251626811235011,0,0,0,0,40,False,False,
52,4,1502.0582207801915,870.6110027167987,1.158800048749993,4.171680175499975,0.4065197706222534,0.8407615423202515,0,1,0,0,0,-0.044410709160335515,-0.8824530226522133,-0.8667892899683185,0,0,0,0,40,False,False,
52,5,1508.7028036484573,861.5441243791693,1.1666852644119408,4.200066951882987,0.4093036353588104,0.7513296604156494,0,1,0,0,0,0.1300172250147726,-0.8619476427988464,-0.04609773982752008,0,0,0,0,40,False,False,
52,6,1505.0091729461953,875.1057299820061,2.3587142420665823,8.491371271439696,0.8275408744812012,0.8590410351753235,0,1,0,0,0,-0.06684676528937088,-0.8743689739076309,-0.32787977519366285,0,0,0,0,40,False,False,
52,7,1497.9289783939869,871.9561398955187,2.3546445229172934,8.476720282502257,0.8260764479637146,0.8971505761146545,0,1,0,0,0,-0.030589097612140865,-0.8935227221498063,-0.7273817237995889,0,0,0,0,40,False,False,
53,0,1509.242947208722,875.3323037283773,2.351163759488482,8.464189534158535,0.8405030369758606,0.9247366189956665,0,1,0,0,0,-0.021700694054956986,-0.8630635923383436,-0.30071512345287277,0,0,0,0,41,False,False,
53,1,1506.0621456402869,868.8284043454285,1.174857728226722,4.2294878216162,0.4200878441333771,0.8680552244186401,0,1,0,0,0,-0.03512022439581446,-0.8715555615976357,-0.9194793472241614,0,0,0,0,41,False,False,
53,2,1504.0459852540182,860.87550647278,0.0,0.0,0.0,-0.07364954799413681,0,1,0,0,0,0.18531981358975586,-0.8736779209069417,0.03407164589994638,53,0,0,0,41,False,False,
53,3,1492.5949679408902,865.1852809996919,2.395864928940077,8.625113744184278,0.8566378355026245,0.8342567086219788,0,1,0,0,0,0.10662970573726764,-0.9059739195793586,-0.42505308168799827,0,0,0,0,41,False,False,
53,4,1502.042943330833,870.6125550164343,1.1799184455993414,4.247706404157629,0.4218546748161316,0.8582886457443237,0,1,0,0,0,-0.04441564573046151,-0.8824938207334798,-0.8666063383806246,0,0,0,0,41,False,False,
53,5,1508.6873430801936,861.544111216625,1.1879451962657965,4.276602706556868,0.4246844947338104,0.7671094536781311,0,1,0,0,0,0.13004838562085738,-0.8619878129200493,-0.04609773982752008,0,0,0,0,41,False,False,
53,6,1504.9779399291353,875.1069495162328,2.4016822470332984,8.646056089319874,0.8588147163391113,0.8765289187431335,0,1,0,0,0,-0.06688733287172681,-0.8744519110747215,-0.32773341392350774,0,0,0,0,41,False,False,
53,7,1497.897813112315,871.9576725891911,2.3975430595357135,8.631155014328568,0.8572447896003723,0.91539466381073,0,1,0,0,0,-0.03060854458455853,-0.893605734482567,-0.7274109388812487,0,0,0,0,41,False,False,
54,0,1509.2118160235887,875.3313441789625,2.3931650467044303,8.61539416813595,0.8716444373130798,0.9431642889976501,0,1,0,0,0,-0.021738082714436283,-0.8631465835908343,-0.3008248944054891,0,0,0,0,42,False,False,
54,1,1506.0466962364349,868.8302835362788,1.1958362255675874,4.305010412043314,0.43557730317115784,0.8857778906822205,0,1,0,0,0,-0.03511853399434257,-0.8715968097051652,-0.919698889129394,0,0,0,0,42,False,False,
54,2,1504.0459852540182,860.87550647278,0.0,0.0,0.0,-0.07503737509250641,0,1,0,0,0,0.18531981358975586,-0.8736779209069417,0.03407164589994638,54,0,0,0,42,False,False,
54,3,1492.5632416549458,865.1861381716925,2.4386444197949,8.779119911261642,0.8883876204490662,0.8509248495101929,0,1,0,0,0,0.106719255378976,-0.9060573985631301,-0.42493536377579144,0,0,0,0,42,False,False,
54,4,1502.0273929674734,870.6141347911423,1.2009943466413255,4.3235796479087725,0.4375600516796112,0.8758230209350586,0,1,0,0,0,-0.044421127318815305,-0.8825355999485651,-0.8664160687294229,0,0,0,0,42,False,False,
54,5,1508.6716063805122,861.5440979963997,1.2091623214822003,4.352984357335921,0.4404315650463104,0.7828953862190247,0,1,0,0,0,0.13008035335102983,-0.8620289389572837,-0.04609773982752008,0,0,0,0,42,False,False,
54,6,1504.9461492545424,875.1081906335706,2.444563095775786,8.80042714479283,0.8905788660049438,0.8940306901931763,0,1,0,0,0,-0.06692915233073285,-0.8745361361189108,-0.3275797345898448,0,0,0,0,42,False,False,
54,7,1497.8660913177725,871.9592323809475,2.4403545353243836,8.78527632716778,0.8890197277069092,0.9336536526679993,0,1,0,0,0,-0.030626949337322962,-0.8936903740909249,-0.7274474720264164,0,0,0,0,42,False,False,
55,0,1509.1801395331267,875.3303690203205,2.4350817733351966,8.766294384006708,0.903275728225708,0.9616062641143799,0,1,0,0,0,-0.021775527106598247,-0.8632308846837508,-0.30094198342161316,0,0,0,0,43,False,False,
55,1,1506.0309763168732,868.832195313572,1.2167721103870488,4.380379597393376,0.4514450430870056,0.9035079479217529,0,1,0,0,0,-0.035117917621764784,-0.871639053644207,-0.9199330671616421,0,0,0,0,43,False,False,
55,2,1504.0459852540182,860.87550647278,0.0,0.0,0.0,-0.07642520219087601,0,1,0,0,0,0.18531981358975586,-0.8736779209069417,0.03407164589994638,55,0,0,0,43,False,False,
55,3,1492.5309599551242,865.1870106673626,2.481337027199658,8.932813297918768,0.9206255078315735,0.8676051497459412,0,1,0,0,0,0.10681057510401565,-0.9061421528771888,-0.42481112821327305,0,0,0,0,43,False,False,
55,4,1502.011570237928,870.615741971805,1.2220278342726423,4.399300203381513,0.4533868730068207,0.8933647274971008,0,1,0,0,0,-0.04442638447979353,-0.8825777044510648,-0.8662257990782213,0,0,0,0,43,False,False,
55,5,1508.6555941054885,861.5440847283361,1.2303367190527488,4.429212188589895,0.4564228951931,0.7986873984336853,0,1,0,0,0,0.1301135621118836,-0.8620706691713305,-0.046090421764012346,0,0,0,0,43,False,False,
55,6,1504.9138020533867,875.1094532797468,2.487356947642801,8.954485011514084,0.9229505062103271,0.9115462899208069,0,1,0,0,0,-0.06697068798797924,-0.8746219953222159,-0.3274333733196897,0,0,0,0,43,False,False,
55,7,1497.8338141394834,871.9608192008808,2.483079093641209,8.939084737108352,0.9212853312492371,0.9519274830818176,0,1,0,0,0,-0.030646263622232873,-0.8937763157930301,-0.7274840051715841,0,0,0,0,43,False,False,
56,0,1509.1479188332137,875.3293783476728,2.4769141142345754,8.916890811244471,0.9355170726776123,0.9800625443458557,0,1,0,0,0,-0.02181388037281301,-0.8633168098830911,-0.30105907243773733,0,0,0,0,44,False,False,
56,1,1506.0149864287375,868.8341395941136,1.2376654911699279,4.45559576821174,0.46755507588386536,0.9212455153465271,0,1,0,0,0,-0.03511687187089005,-0.8716819471682401,-0.9201672451938904,0,0,0,0,44,False,False,
56,2,1504.0459852540182,860.87550647278,0.0,0.0,0.0,-0.0778130292892456,0,1,0,0,0,0.18531981358975586,-0.8736779209069417,0.03407164589994638,56,0,0,0,44,False,False,
56,3,1492.4981239702468,865.187898472767,2.523942902243433,9.086194448076359,0.9534751772880554,0.8842975497245789,0,1,0,0,0,0.10690301819243725,-0.9062285332842747,-0.42469426788663356,0,0,0,0,44,False,False,
56,4,1501.995475688953,870.6173764892164,1.2430189887724046,4.474868359580657,0.469584196805954,0.9109137058258057,0,1,0,0,0,-0.04443218909363351,-0.8826207900746437,-0.8660282113635118,0,0,0,0,44,False,False,
56,5,1508.6393068100422,861.5440714224119,1.251468477755662,4.505286519920383,0.4727803170681,0.814485490322113,0,1,0,0,0,0.13014684602172666,-0.8621133881270302,-0.046090421764012346,0,0,0,0,44,False,False,
56,6,1504.880899454769,875.1107374004075,2.5300639459276697,9.108230205339611,0.9559344053268433,0.9290756583213806,0,1,0,0,0,-0.0670135915964718,-0.8747094671433683,-0.32727969398602685,0,0,0,0,44,False,False,
56,7,1497.800982704493,871.9624329789702,2.5257168935454266,9.092580816763537,0.9541635513305664,0.9702161550521851,0,1,0,0,0,-0.030666489087756252,-0.8938638850902827,-0.7275132202532439,0,0,0,0,44,False,False,
57,0,1509.1151550176928,875.3283722570008,2.5186622241971577,9.067184007109768,0.9683703780174255,0.9985330700874329,0,1,0,0,0,-0.021852385509239347,-0.8634043697576866,-0.3011834795173691,0,0,0,0,45,False,False,
57,1,1505.998727118349,868.8361162945537,1.2585164286259158,4.530659143053297,0.4839074909687042,0.9389904737472534,0,1,0,0,0,-0.035115396792352274,-0.8717254902796141,-0.9204014232261386,0,0,0,0,45,False,False,
57,2,1504.0459852540182,860.87550647278,0.0,0.0,0.0,-0.0792008563876152,0,1,0,0,0,0.18531981358975586,-0.8736779209069417,0.03407164589994638,57,0,0,0,45,False,False,
57,3,1492.4647348271787,865.1888015742722,2.5664621958379286,9.239263905016543,0.9869333505630493,0.9010019302368164,0,1,0,0,0,0.10699876335055195,-0.9063164765946933,-0.42456191384741127,0,0,0,0,45,False,False,
57,4,1501.9791098662229,870.6190382740867,1.2639678922719029,4.550284412178851,0.486024409532547,0.9284698963165283,0,1,0,0,0,-0.044437715593252845,-0.8826645263402895,-0.8658306236488025,0,0,0,0,45,False,False,
57,5,1508.6227450481717,861.5440580887407,1.2725576683764552,4.581207606155239,0.4892598092556,0.8302896618843079,0,1,0,0,0,0.13018033433081844,-0.8621564253103335,-0.046090421764012346,0,0,0,0,45,False,False,
57,6,1504.8474425857166,875.1120429411334,2.572684249624947,9.26166329864981,0.9894086122512817,0.9466187953948975,0,1,0,0,0,-0.06705775841572227,-0.8747982267163413,-0.3271186965888562,0,0,0,0,45,False,False,
57,7,1497.7675981378231,871.9640736450818,2.5682680899372694,9.24576512377417,0.9876484274864197,0.9885196089744568,0,1,0,0,0,-0.03068567542791527,-0.8939530816688499,-0.727557900461301,0,0,0,0,45,False,False,
58,0,1509.08184917817,875.3273508450263,2.560326273688695,9.217174585279302,1.0015896558761597,1.0170177221298218,0,1,0,0,0,-0.02189160104142679,-0.8634929040668682,-0.30130788659700103,0,0,0,0,46,False,False,
58,1,1505.9821989311138,868.8381253313995,1.2793249913046252,4.605569968696651,0.500630795955658,0.9567428827285767,0,1,0,0,0,-0.03511419242519606,-0.8717700184992327,-0.9206429193218946,0,0,0,0,46,False,False,
58,2,1504.0459852540182,860.87550647278,0.0,0.0,0.0,-0.0805886834859848,0,1,0,0,0,0.18531981358975586,-0.8736779209069417,0.03407164589994638,58,0,0,0,46,False,False,
58,3,1492.430793650728,865.189719958542,2.608895066648413,9.392022239934287,1.0208812952041626,0.917718231678009,0,1,0,0,0,0.10709522378850965,-0.9064057264028118,-0.42443767828489287,0,0,0,0,46,False,False,
58,4,1501.962473314382,870.6207272570375,1.2848746228022758,4.6255486420881935,0.502713680267334,0.9460333585739136,0,1,0,0,0,-0.044443847502298836,-0.8827089183535126,-0.8656257178705853,0,0,0,0,46,False,False,
58,5,1508.6059093727758,861.5440447375703,1.2936043754691495,4.656975751688939,0.5061055421829224,0.8460999131202698,0,1,0,0,0,0.13021463648271378,-0.8622004182830051,-0.046090421764012346,0,0,0,0,46,False,False,
58,6,1504.8134325711353,875.1133698474445,2.6152180215012306,9.414784877404431,1.0233683586120605,0.9641756415367126,0,1,0,0,0,-0.0671015402227517,-0.8748882955846853,-0.32696501725519334,0,0,0,0,46,False,False,
58,7,1497.7336615625775,871.9657411289587,2.6107328296002654,9.398638186560955,1.0216269493103027,1.0068377256393433,0,1,0,0,0,-0.030706756903723924,-0.8940435804487893,-0.7275871155429608,0,0,0,0,46,False,False,
59,0,1509.0480024042229,875.3263142092123,2.6019064170891,9.36686310152076,1.03554105758667,1.035516619682312,0,1,0,0,0,-0.02193182268025977,-0.863583387302261,-0.3014322936766328,0,0,0,0,47,False,False,
59,1,1505.965402411319,868.8401666210434,1.3000912635109323,4.680328548639356,0.5174753069877625,0.974502682685852,0,1,0,0,0,-0.03511266563899653,-0.8718148714888667,-0.9208844154176504,0,0,0,0,47,False,False,
59,2,1504.0459852540182,860.87550647278,0.0,0.0,0.0,-0.0819765105843544,0,1,0,0,0,0.18531981358975586,-0.8736779209069417,0.03407164589994638,59,0,0,0,47,False,False,
59,3,1492.3963015638026,865.1906536125365,2.651241661249535,9.544469980498326,1.0553189516067505,0.9344464540481567,0,1,0,0,0,0.10719240626472223,-0.9064962826565109,-0.4243126423091783,0,0,0,0,47,False,False,
59,4,1501.9455665769194,870.6224433686175,1.305739268182359,4.700661365456493,0.5197672843933105,0.9636040329933167,0,1,0,0,0,-0.04444964774298512,-0.8827542863642883,-0.8654208120923681,0,0,0,0,47,False,False,
59,5,1508.5888003357059,861.5440313792817,1.3146086794830214,4.7325912461388775,0.5233175754547119,0.8619161248207092,0,1,0,0,0,0.13025049111838408,-0.8622453340614654,-0.04608310370050461,0,0,0,0,47,False,False,
59,6,1504.7788705340683,875.1147180647828,2.6576654042934793,9.567595455456527,1.0579427480697632,0.9817460775375366,0,1,0,0,0,-0.06714752889074842,-0.8749799661266204,-0.3267967017945149,0,0,0,0,47,False,False,
59,7,1497.6991740997373,871.9674353602389,2.6531112750106067,9.551200590038185,1.056090235710144,1.0251705646514893,0,1,0,0,0,-0.030726803508377365,-0.8941353809887622,-0.7276309667516363,0,0,0,0,47,False,False,
60,0,1509.0136157833015,875.3252624477503,2.6434028165180066,9.516250139464823,1.0698585510253906,1.0540295839309692,0,1,0,0,0,-0.021972754100476916,-0.8636748449605955,-0.30155670075626473,0,0,0,0,48,False,False,
60,1,1505.9483381023663,868.8422400797336,1.320815311565186,4.754935121634669,0.5346906781196594,0.9922698736190796,0,1,0,0,0,-0.035111410765353276,-0.871860709579995,-0.9211332295769141,0,0,0,0,48,False,False,
60,2,1504.0459852540182,860.87550647278,0.0,0.0,0.0,-0.083364337682724,0,1,0,0,0,0.18531981358975586,-0.8736779209069417,0.03407164589994638,60,0,0,0,48,False,False,
60,3,1492.3612596874127,865.191602523514,2.693502126046046,9.696607653765767,1.0904871225357056,0.9511864185333252,0,1,0,0,0,0.1072933561582049,-0.9065887206606156,-0.42418114585552336,0,0,0,0,48,False,False,
60,4,1501.9283901963759,870.6241865392815,1.3265619002221867,4.775622840799872,0.5370699763298035,0.9811819195747375,0,1,0,0,0,-0.04445605596396578,-0.8828003101088024,-0.8652085882506433,0,0,0,0,48,False,False,
60,5,1508.5714184877163,861.5440180243867,1.3355706647020007,4.808054392927203,0.5406515598297119,0.877738356590271,0,1,0,0,0,0.1302858179736379,-0.8622906009250738,-0.04608310370050461,0,0,0,0,48,False,False,
60,6,1504.7437575953388,875.1160875385391,2.7000265683360074,9.720095646009627,1.0931246280670166,0.9993301033973694,0,1,0,0,0,-0.06719324885501692,-0.8750732707173866,-0.32663570439734435,0,0,0,0,48,False,False,
60,7,1497.664136868371,871.9691562684413,2.695403572580123,9.703452861288444,1.0911691188812256,1.04351806640625,0,1,0,0,0,-0.03074875118295116,-0.8942288092096495,-0.7276601818332962,0,0,0,0,48,False,False,
61,0,1508.9786904008338,875.3241956595556,2.6848156259562055,9.66533625344234,1.1049081087112427,1.0725566148757935,0,1,0,0,0,-0.022014691684430925,-0.8637682515301638,-0.3016811078358965,0,0,0,0,49,False,False,
61,1,1505.9310065464647,868.8443456236162,1.3414972254784852,4.829390011722547,0.5521557927131653,1.0100444555282593,0,1,0,0,0,-0.035110535076538614,-0.8719072079491268,-0.9213893617996857,0,0,0,0,49,False,False,
61,2,1504.0459852540182,860.87550647278,0.0,0.0,0.0,-0.0847521647810936,0,1,0,0,0,0.18531981358975586,-0.8736779209069417,0.03407164589994638,61,0,0,0,49,False,False,
61,3,1492.3256691404154,865.192566679028,2.7356766271004447,9.8484358575616,1.1260230541229248,0.9679381251335144,0,1,0,0,0,0.10739461736741905,-0.9066821455517613,-0.42404879181630106,0,0,0,0,49,False,False,
61,4,1501.9109447141143,870.625956699417,1.3473426084630127,4.850433390466846,0.5546155571937561,0.9987669587135315,0,1,0,0,0,-0.04446218981767376,-0.8828469844846406,-0.8649963644089183,0,0,0,0,49,False,False,
61,5,1508.5537643785963,861.544004683529,1.3564904053570814,4.883365459285494,0.5583517551422119,0.8935665488243103,0,1,0,0,0,0.13032196408421567,-0.8623368234744873,-0.04608310370050461,0,0,0,0,49,False,False,
61,6,1504.708094874016,875.1174782140242,2.74230164805471,9.872285932996958,1.1287968158721924,1.016927719116211,0,1,0,0,0,-0.06724024752073142,-0.8751678628918343,-0.32646738893666594,0,0,0,0,49,False,False,
61,7,1497.6285509854813,871.9709037829797,2.7376098804473554,9.85539556961048,1.1268545389175415,1.0618802309036255,0,1,0,0,0,-0.030769665167720936,-0.8943238647106138,-0.7277040330419715,0,0,0,0,49,False,False,
62,0,1508.9432273401258,875.3231139442545,2.726145007123914,9.81412202564609,1.1403255462646484,1.0910975933074951,0,1,0,0,0,-0.022056579058556104,-0.8638626431049723,-0.30181283297903616,0,0,0,0,50,False,False,
62,1,1505.9134082848648,868.8464831687066,1.3621370772656287,4.9036934781562636,0.5698632597923279,1.0278264284133911,0,1,0,0,0,-0.03510923208088267,-0.8719543558996697,-0.9216454940224571,0,0,0,0,50,False,False,
62,2,1504.0459852540182,860.87550647278,0.0,0.0,0.0,-0.0861399918794632,0,1,0,0,0,0.18531981358975586,-0.8736779209069417,0.03407164589994638,62,0,0,0,50,False,False,
62,3,1492.2895310397741,865.1935460669251,2.7777653104367657,9.999955117572357,1.162169098854065,0.9847015142440796,0,1,0,0,0,0.10749815050333053,-0.9067771641997956,-0.42390911971357104,0,0,0,0,50,False,False,
62,4,1501.8932306705528,870.6277537793203,1.3680814644507258,4.925093272022613,0.5724040269851685,1.0163592100143433,0,1,0,0,0,-0.044468049858595454,-0.8828943094933951,-0.8647841405671934,0,0,0,0,50,False,False,
62,5,1508.5358385570667,861.5439913674824,1.3773679834917973,4.95852474057047,0.5761740207672119,0.9094007015228271,0,1,0,0,0,0.13035832136877604,-0.8623833641293096,-0.04608310370050461,0,0,0,0,50,False,False,
62,6,1504.6718834869534,875.1188900364956,2.7844908134197253,10.024166928311011,1.16507887840271,1.034538745880127,0,1,0,0,0,-0.06728781164373206,-0.8752640782368448,-0.3262990734759875,0,0,0,0,50,False,False,
62,7,1497.592417566162,871.9726778331507,2.779730344659751,10.007029240775104,1.1630306243896484,1.0802569389343262,0,1,0,0,0,-0.030791508422607687,-0.8944202222165755,-0.7277405661871391,0,0,0,0,50,False,False,
63,0,1508.9072276822617,875.3220174021677,2.7673911294644946,9.96260806607218,1.176353096961975,1.1096525192260742,0,1,0,0,0,-0.02209937243648849,-0.8639586587532979,-0.3019445581221758,0,0,0,0,51,False,False,
63,1,1505.8955438578334,868.848652630893,1.3827349408094247,4.977845786913929,0.5879343152046204,1.0456156730651855,0,1,0,0,0,-0.03510739552158226,-0.8720024782526662,-0.9219016262452285,0,0,0,0,51,False,False,
63,2,1504.0459852540182,860.87550647278,0.0,0.0,0.0,-0.0875278189778328,0,1,0,0,0,0.18531981358975586,-0.8736779209069417,0.03407164589994638,63,0,0,0,51,False,False,
63,3,1492.2528465004593,865.1945406753441,2.819768329839728,10.15116598742302,1.198925256729126,1.001476526260376,0,1,0,0,0,0.10760396864082508,-0.9068737764310892,-0.42377762325991597,0,0,0,0,51,False,False,
63,4,1501.875248605013,870.6295777092134,1.3887785515142368,4.999602785451253,0.5904415249824524,1.0339585542678833,0,1,0,0,0,-0.044474521394050406,-0.8829422902180264,-0.8645645986619607,0,0,0,0,51,False,False,
63,5,1508.5176415708088,861.5439780871494,1.39820347903225,5.0335325245161,0.5943624973297119,0.9252407550811768,0,1,0,0,0,0.13039550136231556,-0.8624308604042619,-0.04608310370050461,0,0,0,0,51,False,False,
63,6,1504.6351245491524,875.1203229511384,2.826594206423542,10.175739143124751,1.2018488645553589,1.0521632432937622,0,1,0,0,0,-0.067335833789366,-0.875361591929334,-0.3261307580153091,0,0,0,0,51,False,False,
63,7,1497.5557377234472,871.974478348145,2.82176512299109,10.158354442767923,1.199697494506836,1.098648190498352,0,1,0,0,0,-0.030814284912591777,-0.8945178817055942,-0.7277770707461212,0,0,0,0,51,False,False,
64,0,1508.8706925063136,875.3209061343105,2.8085541463347896,10.110794926805243,1.2128686904907227,1.1282213926315308,0,1,0,0,0,-0.022142972596342424,-0.8640559736377864,-0.3020762832653153,0,0,0,0,52,False,False,
64,1,1505.8774138047327,868.8508539259254,1.4032908839255303,5.051847182131909,0.6061338186264038,1.0634123086929321,0,1,0,0,0,-0.03510604603929595,-0.8720509360567575,-0.9221650765315077,0,0,0,0,52,False,False,
64,2,1504.0459852540182,860.87550647278,0.0,0.0,0.0,-0.08891564607620239,0,1,0,0,0,0.18531981358975586,-0.8736779209069417,0.03407164589994638,64,0,0,0,52,False,False,
64,3,1492.215616635501,865.1955504927122,2.861685834941706,10.302069005790141,1.2361711263656616,1.0182631015777588,0,1,0,0,0,0.10771055824020803,-0.9069716945458255,-0.42363795115718594,0,0,0,0,52,False,False,
64,4,1501.8569990557469,870.6314284192443,1.4094339508618707,5.073962223102734,0.608721911907196,1.0515650510787964,0,1,0,0,0,-0.0444807210187065,-0.8829909215695919,-0.864345056756728,0,0,0,0,52,False,False,
64,5,1508.4991739664395,861.5439648535607,1.4189969737568688,5.108389105524728,0.6129173040390015,0.9410866498947144,0,1,0,0,0,0.13043424406724474,-0.8624792792560492,-0.04607578563699688,0,0,0,0,52,False,False,
64,6,1504.5978191735585,875.121776903078,2.8686119847585463,10.327003145130767,1.2392311096191406,1.0698012113571167,0,1,0,0,0,-0.06738525831956521,-0.8754607178592052,-0.32595512449112307,0,0,0,0,52,False,False,
64,7,1497.5185125683122,871.9763052570513,2.863714373020383,10.30937174287338,1.2369738817214966,1.1170539855957031,0,1,0,0,0,-0.030837014321358602,-0.8946171685782536,-0.7278217509541782,0,0,0,0,52,False,False,
65,0,1508.8336228892927,875.3197802423833,2.849634214865115,10.258683173514415,1.2499961853027344,1.1468040943145752,0,1,0,0,0,-0.022186717639128044,-0.864154923187531,-0.3022153264719627,0,0,0,0,53,False,False,
65,1,1505.85901866374,868.8530869694562,1.4238049961339683,5.125697986082286,0.6247042417526245,1.0812162160873413,0,1,0,0,0,-0.03510497208939745,-0.8721003789418165,-0.9224358448812947,0,0,0,0,53,False,False,
65,2,1504.0459852540182,860.87550647278,0.0,0.0,0.0,-0.09030347317457199,0,1,0,0,0,0.18531981358975586,-0.8736779209069417,0.03407164589994638,65,0,0,0,53,False,False,
65,3,1492.1778425545454,865.1965755077229,2.9035180862319083,10.45266511043487,1.2739051580429077,1.0350611209869385,0,1,0,0,0,0.1078190215637518,-0.907070886708728,-0.4234991938123943,0,0,0,0,53,False,False,
65,4,1501.8384825599903,870.6333058394819,1.430047739602689,5.14817186256968,0.6273728013038635,1.0691787004470825,0,1,0,0,0,-0.04448747958154166,-0.8830405339842984,-0.8641181967879876,0,0,0,0,53,False,False,
65,5,1508.4804362895136,861.5439516778727,1.4397485493097204,5.183094777514993,0.6315940618515015,0.9569384455680847,0,1,0,0,0,0.13047246488241562,-0.8625280491194036,-0.04607578563699688,0,0,0,0,53,False,False,
65,6,1504.5599684711153,875.1232518373791,2.9105443019567208,10.477959487044195,1.2771012783050537,1.0874525308609009,0,1,0,0,0,-0.06743514871090939,-0.8755611420581018,-0.3257794909669369,0,0,0,0,53,False,False,
65,7,1497.4807432098314,871.9781584888467,2.905578240235022,10.46008166484608,1.27485990524292,1.1354742050170898,0,1,0,0,0,-0.030859698246177597,-0.8947180828340696,-0.7278656021628537,0,0,0,0,53,False,False,
66,0,1508.7960199059976,875.3186398287522,2.890631503882165,10.406273413975793,1.2876099348068237,1.1654006242752075,0,1,0,0,0,-0.022232029808144364,-0.8642551613564928,-0.30234705161510234,0,0,0,0,54,False,False,
66,1,1505.8403589720806,868.8553516770106,1.4442773489589185,5.199398456252107,0.643517017364502,1.0990275144577026,0,1,0,0,0,-0.035103472274079194,-0.8721504714059998,-0.9227066132310817,0,0,0,0,54,False,False,
66,2,1504.0459852540182,860.87550647278,0.0,0.0,0.0,-0.09169130027294159,0,1,0,0,0,0.18531981358975586,-0.8736779209069417,0.03407164589994638,66,0,0,0,54,False,False,
66,3,1492.1395253645824,865.1976157093,2.945265288276598,10.602955037795754,1.3122493028640747,1.0518704652786255,0,1,0,0,0,0.1079298072940882,-0.9071716720165768,-0.4233595217096643,0,0,0,0,54,False,False,
66,4,1501.8196996539134,870.6352098999229,1.45061999868588,5.222231995269168,0.6462665796279907,1.0867995023727417,0,1,0,0,0,-0.04449396823243161,-0.8830907970203081,-0.8638913368192471,0,0,0,0,54,False,False,
66,5,1508.4614290846025,861.5439385713679,1.4604582812521953,5.257649812507903,0.6506370306015015,0.9727960824966431,0,1,0,0,0,0.13051151423718213,-0.8625777744903225,-0.04607578563699688,0,0,0,0,54,False,False,
66,6,1504.5215735507672,875.1247476990462,2.952391311363109,10.628608720907193,1.3154617547988892,1.1051170825958252,0,1,0,0,0,-0.06748633955699511,-0.8756628535938912,-0.32559653937924293,0,0,0,0,54,False,False,
66,7,1497.4424307551296,871.9800379723988,2.947356873917074,10.610484746101466,1.3132367134094238,1.1539088487625122,0,1,0,0,0,-0.030883324403261112,-0.89482029903423,-0.7279021067218356,0,0,0,0,54,False,False,
67,0,1508.757884629327,875.317484996459,2.9315461581946183,10.553566169500627,1.3257135152816772,1.1840109825134277,0,1,0,0,0,-0.022277386191863178,-0.864356709355644,-0.3024860948217497,0,0,0,0,55,False,False,
67,1,1505.8214352660034,868.8576479639903,1.4647080157930255,5.2729488568548915,0.6625795364379883,1.1168460845947266,0,1,0,0,0,-0.035102355667260415,-0.8722012241240238,-0.9229846996443765,0,0,0,0,55,False,False,
67,2,1504.0459852540182,860.87550647278,0.0,0.0,0.0,-0.09307912737131119,0,1,0,0,0,0.18531981358975586,-0.8736779209069417,0.03407164589994638,67,0,0,0,55,False,False,
67,3,1492.1006661708786,865.1986710866047,2.9869275739700076,10.752939266292028,1.3510814905166626,1.0686911344528198,0,1,0,0,0,0.10804249301382893,-0.9072737310485632,-0.42321338912899376,0,0,0,0,55,False,False,
67,4,1501.800650872623,870.6371405304936,1.4711508089272474,5.296142912138091,0.6654094457626343,1.1044273376464844,0,1,0,0,0,-0.04450107382366942,-0.8831417157412398,-0.863657158786999,0,0,0,0,55,False,False,
67,5,1508.4421528952187,861.5439255454545,1.4811262509720269,5.332054503499297,0.6699241399765015,0.9886595010757446,0,1,0,0,0,0.13055108821113146,-0.8626281365785546,-0.04607578563699688,0,0,0,0,55,False,False,
67,6,1504.4826355194098,875.1262644330301,2.994153170101199,10.778951412364318,1.3544321060180664,1.1227948665618896,0,1,0,0,0,-0.06753811590745297,-0.8757661881078245,-0.32541358779154905,0,0,0,0,55,False,False,
67,7,1497.4035763092804,871.981943636475,2.9890504311005732,10.760581551962064,1.35210120677948,1.1723579168319702,0,1,0,0,0,-0.030906910964653398,-0.8949238170804825,-0.7279459579305111,0,0,0,0,55,False,False,
68,0,1508.7192181299738,875.3163158491943,2.9723783462281883,10.700562046421478,1.3644272089004517,1.2026350498199463,0,1,0,0,0,-0.0223236474689347,-0.8644598813985276,-0.3026251380283971,0,0,0,0,56,False,False,
68,1,1505.8022480806549,868.8599757456918,1.4850970798247527,5.3463494873691095,0.6818844079971313,1.134671926498413,0,1,0,0,0,-0.035100813983949465,-0.872252626419523,-0.9232627860576712,0,0,0,0,56,False,False,
68,2,1504.0459852540182,860.87550647278,0.0,0.0,0.0,-0.09446695446968079,0,1,0,0,0,0.18531981358975586,-0.8736779209069417,0.03407164589994638,68,0,0,0,56,False,False,
68,3,1492.0612660766697,865.1997416290519,3.028505099853028,10.902618359470901,1.390525460243225,1.0855231285095215,0,1,0,0,0,0.10815643183076797,-0.9073774147364183,-0.42306645613512717,0,0,0,0,56,False,False,
68,4,1501.7813367501637,870.6390976610518,1.4916402510093405,5.369904903633626,0.6847952008247375,1.1220622062683105,0,1,0,0,0,-0.04450791152065297,-0.8831932850770003,-0.8634229807547508,0,0,0,0,56,False,False,
68,5,1508.422608262501,861.5439126116306,1.5017526408464257,5.4063095070471325,0.689455509185791,1.0045286417007446,0,1,0,0,0,0.1305919283533961,-0.8626791023047473,-0.046068467573489036,0,0,0,0,56,False,False,
68,6,1504.4431554819962,875.127801984219,3.0358300271680094,10.928988097804835,1.3940123319625854,1.1404858827590942,0,1,0,0,0,-0.06759048169081122,-0.8758711455684195,-0.3252306362038552,0,0,0,0,56,False,False,
68,7,1497.3641809753608,871.9838754097394,3.030659064658517,10.910372632770661,1.3915783166885376,1.1908212900161743,0,1,0,0,0,-0.030931445612168318,-0.8950289625597716,-0.7279897805530009,0,0,0,0,56,False,False,
69,0,1508.6800214765822,875.3151324912957,3.0131282242869926,10.847261607433174,1.4036307334899902,1.2212728261947632,0,1,0,0,0,-0.022369950537483557,-0.8645643632737555,-0.3027714992985522,0,0,0,0,57,False,False,
69,1,1505.7827979503113,868.8623349372758,1.5054446062590983,5.419600582532754,0.7014316916465759,1.1525050401687622,0,1,0,0,0,-0.03509884720802682,-0.872304678295249,-0.9235408724709658,0,0,0,0,57,False,False,
69,2,1504.0459852540182,860.87550647278,0.0,0.0,0.0,-0.09585478156805038,0,1,0,0,0,0.18531981358975586,-0.8736779209069417,0.03407164589994638,69,0,0,0,57,False,False,
69,3,1492.0213261833699,865.2008273263133,3.0699980064089827,11.051992823072338,1.4304559230804443,1.1023662090301514,0,1,0,0,0,0.1082733925854626,-0.9074823399754175,-0.42291214790538156,0,0,0,0,57,False,False,
69,4,1501.7617578195718,870.641081221381,1.512088401515962,5.443518245457463,0.7045453190803528,1.1397042274475098,0,1,0,0,0,-0.044514426820366756,-0.8832458303933124,-0.8631888027225025,0,0,0,0,57,False,False,
69,5,1508.4027957268456,861.5438997815025,1.522337507997434,5.4804150287907625,0.709230899810791,1.020403504371643,0,1,0,0,0,0.13063255935654247,-0.8627307377217792,-0.046068467573489036,0,0,0,0,57,False,False,
69,6,1504.4031345415387,875.1293602974398,3.0774220313811944,11.0787193129723,1.4340804815292358,1.158190131187439,0,1,0,0,0,-0.06764332847438936,-0.8759774011605919,-0.3250476846161613,0,0,0,0,57,False,False,
69,7,1497.3242458544537,871.9858332207563,3.0721829272763443,11.05985853819484,1.4315431118011475,1.2092989683151245,0,1,0,0,0,-0.030955945685727848,-0.8951354098681414,-0.7280336317616762,0,0,0,0,57,False,False,
70,0,1508.6402957356481,875.3139350277322,3.053795956405467,10.993665443059681,1.4434425830841064,1.2399241924285889,0,1,0,0,0,-0.02241792148733705,-0.8646704585566669,-0.30291054250519955,0,0,0,0,58,False,False,
70,1,1505.7630854083286,868.8647254537733,1.5257506641646954,5.492702390992903,0.7213572263717651,1.1703453063964844,0,1,0,0,0,-0.0350979689968704,-0.8723577258979467,-0.9238335950112762,0,0,0,0,58,False,False,
70,2,1504.0459852540182,860.87550647278,0.0,0.0,0.0,-0.09724260866641998,0,1,0,0,0,0.18531981358975586,-0.8736779209069417,0.03407164589994638,70,0,0,0,58,False,False,
70,3,1491.9808475902123,865.2019281683175,3.1114064617168684,11.201063262180726,1.4709981679916382,1.1192203760147095,0,1,0,0,0,0.10839163238494318,-0.9075888895633548,-0.42276601532471103,0,0,0,0,58,False,False,
70,4,1501.7419146128766,870.6430911411913,1.5324953369059293,5.516983212861346,0.7244229912757874,1.1573532819747925,0,1,0,0,0,-0.04452161794713542,-0.8832987060109407,-0.8629473066267466,0,0,0,0,58,False,False,
70,5,1508.3827158277,861.5438870667895,1.5428809253242348,5.554371331167245,0.729372501373291,1.0362842082977295,0,1,0,0,0,0.1306740286005177,-0.8627833284909854,-0.046068467573489036,0,0,0,0,58,False,False,
70,6,1504.3625737990606,875.1309393174608,3.1189293353444234,11.228145607239924,1.4746389389038086,1.1759074926376343,0,1,0,0,0,-0.06769749385643485,-0.8760849438916049,-0.3248574149649597,0,0,0,0,58,False,False,
70,7,1497.2837720457535,871.9878169979826,3.1136221635206613,11.209039788674382,1.4719955921173096,1.2277909517288208,0,1,0,0,0,-0.030980412625800743,-0.8952431590048916,-0.7280783119697334,0,0,0,0,58,False,False,
71,0,1508.6000419717807,875.3127235641117,3.094381686573211,11.13977407166356,1.4836223125457764,1.2585891485214233,0,1,0,0,0,-0.022465832965686952,-0.8647775388397778,-0.30305690377535466,0,0,0,0,59,False,False,
71,1,1505.74311098671,868.867147210149,1.5460153562080723,5.56565528234906,0.7413965463638306,1.1881928443908691,0,1,0,0,0,-0.035095963218001694,-0.8724110875932183,-0.9241189994880786,0,0,0,0,59,False,False,
71,2,1504.0459852540182,860.87550647278,0.0,0.0,0.0,-0.09863043576478958,0,1,0,0,0,0.18531981358975586,-0.8736779209069417,0.03407164589994638,71,0,0,0,59,False,False,
71,3,1491.9398313945626,865.2030441452522,3.1527306098424304,11.34983019543275,1.5120301246643066,1.1360856294631958,0,1,0,0,0,0.10851072206492852,-0.9076967442096956,-0.42261908233084444,0,0,0,0,59,False,False,
71,4,1501.7218076609995,870.6451273501341,1.552861141444443,5.590300109199995,0.7446712255477905,1.1750093698501587,0,1,0,0,0,-0.04452937663167423,-0.8833525626443924,-0.862698492467483,0,0,0,0,59,False,False,
71,5,1508.3623691034354,861.5438744793232,1.5633829755227444,5.62817871188188,0.749636173248291,1.0521705150604248,0,1,0,0,0,0.13071572443478394,-0.8628362371160894,-0.046068467573489036,0,0,0,0,59,False,False,
71,6,1504.3214743535457,875.1325389889992,3.160352095439119,11.377267543580828,1.5156877040863037,1.1936378479003906,0,1,0,0,0,-0.0677529834473186,-0.8761937736890966,-0.3246598272502502,0,0,0,0,59,False,False,
71,7,1497.2427606464137,871.9898266697786,3.1549769296830013,11.357916946858804,1.5130606889724731,1.2462971210479736,0,1,0,0,0,-0.031005837537381984,-0.8953525355325234,-0.7281221345922232,0,0,0,0,59,False,False,
72,0,1508.559261247343,875.3114982066523,3.134885586361908,11.28558811090287,1.5245341062545776,1.2772676944732666,0,1,0,0,0,-0.022514748615986315,-0.864886567968048,-0.30320326504550976,0,0,0,0,60,False,False,
72,1,1505.7228752168746,868.8696001211954,1.56623872539354,5.6384594114167434,0.7618141770362854,1.2060476541519165,0,1,0,0,0,-0.03509504810928566,-0.8724654449996663,-0.9244190400918966,0,0,0,0,60,False,False,
72,2,1504.0459852540182,860.87550647278,0.0,0.0,0.0,-0.10001826286315918,0,1,0,0,0,0.18531981358975586,-0.8736779209069417,0.03407164589994638,72,0,0,0,60,False,False,
72,3,1491.89827869192,865.2041752475659,3.193970594679841,11.498294140847428,1.5535485744476318,1.1529618501663208,0,1,0,0,0,0.10863287450047494,-0.9078058398583247,-0.4224583707955295,0,0,0,0,60,False,False,
72,4,1501.7014374937824,870.6471897778001,1.5731858972731343,5.663469230183283,0.7651623487472534,1.1926723718643188,0,1,0,0,0,-0.04453687160652275,-0.8834070698795808,-0.8624496783082192,0,0,0,0,60,False,False,
72,5,1508.3417560914008,861.5438620310487,1.5838437371860221,5.70183745386968,0.770266056060791,1.0680625438690186,0,1,0,0,0,0.1307582627494993,-0.8628901010174694,-0.046068467573489036,0,0,0,0,60,False,False,
72,6,1504.279837301891,875.1341592567278,3.201690471816211,11.52608569853836,1.55746591091156,1.2113813161849976,0,1,0,0,0,-0.06780835790626472,-0.8763045620275585,-0.3244695575990486,0,0,0,0,60,False,False,
72,7,1497.2012127516525,871.9918621644041,3.196247373927645,11.506490546139522,1.5547384023666382,1.264817476272583,0,1,0,0,0,-0.031032225357133333,-0.8954635394253507,-0.7281659858008986,0,0,0,0,60,False,False,
73,0,1508.517954622715,875.3102590621855,3.175307807281998,11.431108106215193,1.5658137798309326,1.295959711074829,0,1,0,0,0,-0.022563602162385146,-0.8649965820999285,-0.3033569443791726,0,0,0,0,61,False,False,
73,1,1505.7023786288414,868.8720841016467,1.5864208781178104,5.711115161224118,0.7824668288230896,1.223909616470337,0,1,0,0,0,-0.03509289916393199,-0.8725204413267759,-0.9247117626322068,0,0,0,0,61,False,False,
73,2,1504.0459852540182,860.87550647278,0.0,0.0,0.0,-0.10140608996152878,0,1,0,0,0,0.18531981358975586,-0.8736779209069417,0.03407164589994638,73,0,0,0,61,False,False,
73,3,1491.8561905756105,865.2053214659641,3.235126583744802,11.646455701481287,1.5956788063049316,1.1698490381240845,0,1,0,0,0,0.10875634290623092,-0.9079165594501458,-0.42230411973815507,0,0,0,0,61,False,False,
73,4,1501.6808046400658,870.649278353712,1.5934696804485917,5.73649084961493,0.785896360874176,1.2103424072265625,0,1,0,0,0,-0.04454410349004642,-0.8834622277183231,-0.8622008641489556,0,0,0,0,61,False,False,
73,5,1508.3208773278984,861.5438497340231,1.6042632907608485,5.775347846739055,0.7911401987075806,1.0839601755142212,0,1,0,0,0,0.13080207874190503,-0.8629445683197627,-0.0460611495099813,0,0,0,0,61,False,False,
73,6,1504.2376637392174,875.1358000652492,3.2429446006290763,11.674600562264676,1.5996123552322388,1.229137659072876,0,1,0,0,0,-0.06786495260259925,-0.8764163125625842,-0.32427196988433915,0,0,0,0,61,False,False,
73,7,1497.1591294546529,871.9939234100265,3.2374336521698317,11.654761147811394,1.5967788696289062,1.283352017402649,0,1,0,0,0,-0.031057597247456353,-0.8955755195649069,-0.7282171264868962,0,0,0,0,61,False,False,
74,0,1508.47612315614,875.309006238135,3.215648512547406,11.576334645170663,1.6077016592025757,1.3146651983261108,0,1,0,0,0,-0.022614125187984276,-0.8651082095969274,-0.3035033056493278,0,0,0,0,62,False,False,
74,1,1505.6816217519975,868.8745990660736,1.6065618611076034,5.783622699987372,0.8033691048622131,1.24177885055542,0,1,0,0,0,-0.035091138013176405,-0.8725760978804362,-0.9250118032360248,0,0,0,0,62,False,False,
74,2,1504.0459852540182,860.87550647278,0.0,0.0,0.0,-0.10279391705989838,0,1,0,0,0,0.18531981358975586,-0.8736779209069417,0.03407164589994638,74,0,0,0,62,False,False,
74,3,1491.8135681371512,865.2064827914079,3.2761987165737585,11.79431537966553,1.6382970809936523,1.1867469549179077,0,1,0,0,0,0.10888180029196519,-0.9080285516683153,-0.4221498115084096,0,0,0,0,62,False,False,
74,4,1501.6599096276911,870.6513930073248,1.6137125669029473,5.80936524085061,0.8068732619285583,1.2280193567276,0,1,0,0,0,-0.04455107289357253,-0.883518036162425,-0.8619520499896918,0,0,0,0,62,False,False,
74,5,1508.2997333481594,861.5438376004137,1.6246417185438473,5.848710186757851,0.8123804330825806,1.0998634099960327,0,1,0,0,0,0.13084600207293232,-0.8630000239083775,-0.0460611495099813,0,0,0,0,62,False,False,
74,6,1504.1949547585634,875.1374613591206,3.2841146416684657,11.822812710006477,1.6423687934875488,1.2469069957733154,0,1,0,0,0,-0.0679221628341477,-0.8765296857988676,-0.3240743821696297,0,0,0,0,62,False,False,
74,7,1497.116511846667,871.9960103347111,3.2785359121972375,11.802729283910056,1.639556884765625,1.3019006252288818,0,1,0,0,0,-0.031084930618958614,-0.8956894525885045,-0.7282609491093859,0,0,0,0,62,False,False,
75,0,1508.4337679039354,875.3077398425266,3.2559078492923397,11.721268257452422,1.6500794887542725,1.3333841562271118,0,1,0,0,0,-0.022664685153178727,-0.8652211469157842,-0.30365698498299065,0,0,0,0,63,False,False,
75,1,1505.6606051145627,868.8771449289567,1.626661762663334,5.855982345588003,0.8245211243629456,1.259655237197876,0,1,0,0,0,-0.03508976578919835,-0.8726324146519818,-0.9253191619033505,0,0,0,0,63,False,False,
75,2,1504.0459852540182,860.87550647278,0.0,0.0,0.0,-0.10418174415826797,0,1,0,0,0,0.18531981358975586,-0.8736779209069417,0.03407164589994638,75,0,0,0,63,False,False,
75,3,1491.770412466045,865.207659215113,3.3171871484013873,11.941873734244995,1.681525468826294,1.2036556005477905,0,1,0,0,0,0.10900970499572382,-0.908142135466137,-0.42198909997309464,0,0,0,0,63,False,False,
75,4,1501.6387529835272,870.6535336680234,1.6339146304611873,5.882092669660275,0.8280991911888123,1.2457033395767212,0,1,0,0,0,-0.0445586699423103,-0.8835745002334591,-0.8616959177669203,0,0,0,0,63,False,False,
75,5,1508.2783246864237,861.5438256424998,1.6449790967463744,5.921924748286948,0.8337427377700806,1.1157722473144531,0,1,0,0,0,0.13089015905464724,-0.863055797228877,-0.0460611495099813,0,0,0,0,63,False,False,
75,6,1504.1517114510416,875.1391430828428,3.3252007426238834,11.97072267344598,1.6856154203414917,1.2646892070770264,0,1,0,0,0,-0.06798071706693538,-0.8766443458852545,-0.3238694763914126,0,0,0,0,63,False,False,
75,7,1497.0733610169682,871.9981228664319,3.319554305582641,11.950395500097509,1.6826976537704468,1.3204632997512817,0,1,0,0,0,-0.031111251263148336,-0.8958043618570032,-0.7283129473809509,0,0,0,0,63,False,False,
76,0,1508.3908899202377,875.3064599839621,3.296085984293441,11.865909543456388,1.6929453611373901,1.3521164655685425,0,1,0,0,0,-0.022716047862868374,-0.8653353834063356,-0.3038106643166535,0,0,0,0,64,False,False,
76,1,1505.639329243618,868.879721604687,1.6467206689532128,5.928194408231566,0.8460366725921631,1.277538776397705,0,1,0,0,0,-0.035087865210586405,-0.8726897058195808,-0.9256265205706763,0,0,0,0,64,False,False,
76,2,1504.0459852540182,860.87550647278,0.0,0.0,0.0,-0.10556957125663757,0,1,0,0,0,0.18531981358975586,-0.8736779209069417,0.03407164589994638,76,0,0,0,64,False,False,
76,3,1491.7267246497843,865.2088507285468,3.358092034265885,12.089131323357186,1.7252436876296997,1.220574975013733,0,1,0,0,0,0.10913852077333956,-0.9082570236346665,-0.4218275308522125,0,0,0,0,64,False,False,
76,4,1501.6173352333194,870.6557002651422,1.6540759567249466,5.954673444209808,0.84969562292099,1.2633942365646362,0,1,0,0,0,-0.04456684174303594,-0.8836319452830363,-0.8614324674806412,0,0,0,0,64,False,False,
76,5,1508.2566518759154,861.543813872671,1.6652755034379116,5.994991812376482,0.8554712533950806,1.1316866874694824,0,1,0,0,0,0.1309351675697245,-0.8631125256556345,-0.0460611495099813,0,0,0,0,64,False,False,
76,6,1504.1079349057384,875.14084518087,3.366203058935435,12.118331012167566,1.7294719219207764,1.2824841737747192,0,1,0,0,0,-0.06803989684387438,-0.876760628572836,-0.3236645706131954,0,0,0,0,64,False,False,
76,7,1497.0296780529045,872.0002609330631,3.3604889797445883,12.097760327080518,1.72645103931427,1.3390400409698486,0,1,0,0,0,-0.031138548267852506,-0.8959208984354637,-0.7283567700034406,0,0,0,0,64,False,False,
77,0,1508.3474902572113,875.3051667716201,3.336183068239327,12.010259045661579,1.7362992763519287,1.3708621263504028,0,1,0,0,0,-0.02276821334431721,-0.8654509190605464,-0.30396434365031644,0,0,0,0,65,False,False,
77,1,1505.617794665439,868.8823290075209,1.6667386402236994,6.000259104805318,0.8676807880401611,1.2954294681549072,0,1,0,0,0,-0.03508646153507963,-0.8727473323708593,-0.9259411973015098,0,0,0,0,65,False,False,
77,2,1504.0459852540182,860.87550647278,0.0,0.0,0.0,-0.10695739835500717,0,1,0,0,0,0.18531981358975586,-0.8736779209069417,0.03407164589994638,77,0,0,0,65,False,False,
77,3,1491.682505774059,865.2100573234299,3.3989135131466734,12.236088647328025,1.7694499492645264,1.2375049591064453,0,1,0,0,0,0.1092693660113617,-0.9083731839318193,-0.42166681931689765,0,0,0,0,65,False,False,
77,4,1501.5956569017164,870.6578927279651,1.6741966291689223,6.02710786500812,0.87141352891922,1.2810920476913452,0,1,0,0,0,-0.04457480965383872,-0.8836897155554342,-0.8611690171943619,0,0,0,0,65,False,False,
77,5,1508.2347154488186,861.5438023034258,1.6855310185421808,6.067911666751851,0.8773218393325806,1.1476067304611206,0,1,0,0,0,0.13098041306109154,-0.8631695717551949,-0.0460611495099813,0,0,0,0,65,False,False,
77,6,1504.0636262097687,875.1425675976062,3.407121741880858,12.26563827077109,1.7738163471221924,1.300291895866394,0,1,0,0,0,-0.06809959222241939,-0.8768782090585366,-0.32345966483497823,0,0,0,0,65,False,False,
77,7,1496.9854640398496,872.002424462386,3.4013400858864142,12.244824309191092,1.7706950902938843,1.357630729675293,0,1,0,0,0,-0.031166826845714646,-0.8960387367753142,-0.728400621212116,0,0,0,0,65,False,False,
78,0,1508.3035699650009,875.3038603152463,3.376199255590583,12.154317320126099,1.7802650928497314,1.3896210193634033,0,1,0,0,0,-0.02282051356852877,-0.8655680893580519,-0.304125341047487,0,0,0,0,66,False,False,
78,1,1505.5960019052163,868.8849670516172,1.686715758439153,6.072176730380951,0.8896884322166443,1.3133273124694824,0,1,0,0,0,-0.03508453025353964,-0.8728059333173064,-0.9262558740323433,0,0,0,0,66,False,False,
78,2,1504.0459852540182,860.87550647278,0.0,0.0,0.0,-0.10834522545337677,0,1,0,0,0,0.18531981358975586,-0.8736779209069417,0.03407164589994638,78,0,0,0,66,False,False,
78,3,1491.6377569224503,865.2112789917347,3.439651747652018,12.382746291547265,1.8141443729400635,1.2544455528259277,0,1,0,0,0,0.10940225491404286,-0.9084906161718842,-0.4215052501960155,0,0,0,0,66,False,False,
78,4,1501.5737185125545,870.6601109856923,1.6942767093169475,6.0993961535410115,0.8934957981109619,1.2987967729568481,0,1,0,0,0,-0.04458246452040871,-0.8837484617855749,-0.8609055669080827,0,0,0,0,66,False,False,
78,5,1508.2125159362795,861.5437909473711,1.705745721850457,6.140684598661646,0.8995386958122253,1.1635322570800781,0,1,0,0,0,0.13102725614193358,-0.8632275396969196,-0.04605383144647357,0,0,0,0,66,False,False,
78,6,1504.018786448329,875.1443102774023,3.4479569385834843,12.412644978900543,1.8186486959457397,1.3181123733520508,0,1,0,0,0,-0.0681598070205218,-0.8769970873115348,-0.32325475905676104,0,0,0,0,66,False,False,
78,7,1496.9407200611024,872.0046133820986,3.4421077829535265,12.391588018632696,1.8155487775802612,1.3762353658676147,0,1,0,0,0,-0.0311950945788567,-0.8961582023882458,-0.7284517618981136,0,0,0,0,66,False,False,
79,0,1508.259129963107,875.3025407133242,3.4161446065190457,12.298120583468565,1.8247171640396118,1.4083918333053589,0,1,0,0,0,-0.022874270904352696,-0.8656865481395634,-0.30427902038114996,0,0,0,0,67,False,False,
79,1,1505.5739514871343,868.8876356510293,1.706652099478512,6.143947558122643,0.9118245840072632,1.3312321901321411,0,1,0,0,0,-0.03508309749616135,-0.8728648696361923,-0.9265778688266846,0,0,0,0,67,False,False,
79,2,1504.0459852540182,860.87550647278,0.0,0.0,0.0,-0.10973305255174637,0,1,0,0,0,0.18531981358975586,-0.8736779209069417,0.03407164589994638,79,0,0,0,67,False,False,
79,3,1491.5924791766377,865.2125157256804,3.4803068843149156,12.529104783533697,1.8594489097595215,1.271396517753601,0,1,0,0,0,0.1095376510011966,-0.9086096392385142,-0.4213363058392544,0,0,0,0,67,False,False,
79,4,1501.5515205893957,870.6623549673634,1.714316216958134,6.171538381049283,0.9158270955085754,1.316508412361145,0,1,0,0,0,-0.04459075241820124,-0.8838078636058001,-0.8606347985582957,0,0,0,0,67,False,False,
79,5,1508.190053868382,861.5437798172186,1.72591969500451,6.213310902016236,0.9219996333122253,1.179463267326355,0,1,0,0,0,0.1310739074337928,-0.863286177096451,-0.04605383144647357,0,0,0,0,67,False,False,
79,6,1503.9734167046997,875.1460731645542,3.4887087959857244,12.559351665548608,1.86409330368042,1.3359456062316895,0,1,0,0,0,-0.06822150145319736,-0.8771175769500003,-0.3230425352150361,0,0,0,0,67,False,False,
79,7,1496.8954471981474,872.0068276197981,3.4827922098583195,12.53805195548995,1.86076819896698,1.394853949546814,0,1,0,0,0,-0.03122335281005917,-0.8962786442314331,-0.7285028739979256,0,0,0,0,67,False,False,
80,0,1508.2141713354404,875.3012080750304,3.456006469974561,12.441623291908419,1.8697811365127563,1.42717707157135,0,1,0,0,0,-0.022928125246060124,-0.8658066415550917,-0.3044400177783205,0,0,0,0,68,False,False,
80,1,1505.551643934373,868.8903347197064,1.7265477390958828,6.215571860745178,0.934324324131012,1.3491442203521729,0,1,0,0,0,-0.035081138003543955,-0.8729247803493217,-0.9268998636210258,0,0,0,0,68,False,False,
80,2,1504.0459852540182,860.87550647278,0.0,0.0,0.0,-0.11112087965011597,0,1,0,0,0,0.18531981358975586,-0.8736779209069417,0.03407164589994638,80,0,0,0,68,False,False,
80,3,1491.5466736163,865.2137675177305,3.520879077418578,12.675164678706881,1.9053635597229004,1.2883578538894653,0,1,0,0,0,0.10967557229995085,-0.9087302528944626,-0.4211610153492952,0,0,0,0,68,False,False,
80,4,1501.5290636544776,870.6646246019839,1.7343152531651869,6.243534911394673,0.9384012818336487,1.3342268466949463,0,1,0,0,0,-0.044598783351842204,-0.8838679160096935,-0.8603640302085087,0,0,0,0,68,False,False,
80,5,1508.1673297742527,861.5437689257872,1.7460530115786925,6.285790841683293,0.9447047114372253,1.1953997611999512,0,1,0,0,0,0.13112111026263037,-0.8633454507496021,-0.04605383144647357,0,0,0,0,68,False,False,
80,6,1503.9275180601458,875.1478562033146,3.5293774687799804,12.70575888760793,1.9100258350372314,1.3537914752960205,0,1,0,0,0,-0.0682837253544095,-0.8772393642539165,-0.3228303113733112,0,0,0,0,68,False,False,
80,7,1496.8496465304509,872.0090671029943,3.523393521210349,12.684216676357257,1.9067221879959106,1.413486361503601,0,1,0,0,0,-0.031252604523652076,-0.8964010388281939,-0.7285548722694904,0,0,0,0,68,False,False,
81,0,1508.1686951262418,875.2998625098498,3.4957878926306827,12.584836413470457,1.9152112007141113,1.445975661277771,0,1,0,0,0,-0.02298265703109463,-0.8659277092892425,-0.3046010151754912,0,0,0,0,69,False,False,
81,1,1505.5290797692116,868.893064171478,1.7464027449894337,6.287049881961962,0.9570737481117249,1.3670634031295776,0,1,0,0,0,-0.03507957217928334,-0.8729853512509023,-0.9272291764788749,0,0,0,0,69,False,False,
81,2,1504.0459852540182,860.87550647278,0.0,0.0,0.0,-0.11250870674848557,0,1,0,0,0,0.18531981358975586,-0.8736779209069417,0.03407164589994638,81,0,0,0,69,False,False,
81,3,1491.5003413142074,865.2150343603914,3.561368857774456,12.820927887988043,1.9516459703445435,1.3053295612335205,0,1,0,0,0,0.10981402498539063,-0.9088518511203438,-0.4209921281649053,0,0,0,0,69,False,False,
81,4,1501.5063482291,870.6669198184875,1.7542738890928193,6.31538600073415,0.9612244963645935,1.3519521951675415,0,1,0,0,0,-0.04460745006031112,-0.8839286239840611,-0.8600859437952141,0,0,0,0,69,False,False,
81,5,1508.1443441819597,861.5437582860005,1.7661457529585718,6.358124710650858,0.9677760004997253,1.2113417387008667,0,1,0,0,0,0.13116917634276382,-0.8634056792853807,-0.04605383144647357,0,0,0,0,69,False,False,
81,6,1503.8810915939696,875.149659337889,3.5699631074956972,12.85186718698451,1.9564486742019653,1.3716498613357544,0,1,0,0,0,-0.06834732567435317,-0.8773624380438609,-0.32261076946807854,0,0,0,0,69,False,False,
81,7,1496.8033191355662,872.011331759107,3.5639118634905693,12.83008270856605,1.953041911125183,1.432132601737976,0,1,0,0,0,-0.031281852663470194,-0.8965244096340109,-0.728606012955488,0,0,0,0,69,False,False,
82,0,1508.122702377831,875.2985041283483,3.5354890202157345,12.727760472776644,1.9612512588500977,1.4647873640060425,0,1,0,0,0,-0.023038077502979426,-0.8660504009718253,-0.3047620125726618,0,0,0,0,70,False,False,
82,1,1505.5062595127752,868.8958239200927,1.7662172045768498,6.358381936476659,0.9800655245780945,1.384989619255066,0,1,0,0,0,-0.03507758690202694,-0.8730465717187575,-0.9275584893367239,0,0,0,0,70,False,False,
82,2,1504.0459852540182,860.87550647278,0.0,0.0,0.0,-0.11389653384685516,0,1,0,0,0,0.18531981358975586,-0.8736779209069417,0.03407164589994638,82,0,0,0,70,False,False,
82,3,1491.4534833424805,865.2163162462396,3.6017762753978753,12.966394591432351,1.9985384941101074,1.322311520576477,0,1,0,0,0,0.10995503882555574,-0.9089750395825945,-0.42081592291700753,0,0,0,0,70,False,False,
82,4,1501.4833748334743,870.6692405457572,1.7741922076770253,6.387091947637291,0.984290599822998,1.3696843385696411,0,1,0,0,0,-0.04461586177905019,-0.8839899825340797,-0.8598078573819193,0,0,0,0,70,False,False,
82,5,1508.1210976185653,861.5437479108862,1.7861979964281696,6.4303127871414105,0.9909693598747253,1.227289080619812,0,1,0,0,0,0.13121748859190538,-0.8634662253267706,-0.04605383144647357,0,0,0,0,70,False,False,
82,6,1503.8341383834625,875.1514825124427,3.6104658664383926,12.997677119178213,2.003481388092041,1.3895207643508911,0,1,0,0,0,-0.06841158137346687,-0.8774871341524264,-0.3223912275628459,0,0,0,0,70,False,False,
82,7,1496.756466089085,872.0136215154654,3.6043473869639966,12.975650593070387,1.9999712705612183,1.450792670249939,0,1,0,0,0,-0.0313111000852296,-0.8966494076892,-0.7286571822276711,0,0,0,0,70,False,False,
83,0,1508.0761941304609,875.2971330419476,3.5751100101686655,12.870396036607197,2.0077812671661377,1.483612060546875,0,1,0,0,0,-0.02309351800911909,-0.8661744024676357,-0.3049303280333402,0,0,0,0,71,False,False,
83,1,1505.4831836853173,868.8986138791786,1.785991183316408,6.429568259939069,1.0033069849014282,1.4029228687286377,0,1,0,0,0,-0.03507599699496053,-0.8731084523643655,-0.9278951202580806,0,0,0,0,71,False,False,
83,2,1504.0459852540182,860.87550647278,0.0,0.0,0.0,-0.11528436094522476,0,1,0,0,0,0.18531981358975586,-0.8736779209069417,0.03407164589994638,83,0,0,0,71,False,False,
83,3,1491.4061007711994,865.2176131679913,3.642101487387707,13.111565354595745,2.045919179916382,1.3393036127090454,0,1,0,0,0,0.11009818031403143,-0.9090994990197381,-0.4206397748414811,0,0,0,0,71,False,False,
83,4,1501.4601439868268,870.6715867126154,1.794070283783074,6.4586530216190665,1.0077210664749146,1.3874232769012451,0,1,0,0,0,-0.044623964479340986,-0.8840523170305847,-0.8595297709686246,0,0,0,0,71,False,False,
83,5,1508.097590610128,861.5437378135744,1.8062098191437348,6.502355348917446,1.0145289897918701,1.243241786956787,0,1,0,0,0,0.13126666873962134,-0.8635277261619472,-0.04605383144647357,0,0,0,0,71,False,False,
83,6,1503.7866595040102,875.1533256710925,3.6508858917848332,13.1431892104254,2.051002025604248,1.4074041843414307,0,1,0,0,0,-0.06847638118671284,-0.877613127786762,-0.3221716856576132,0,0,0,0,71,False,False,
83,7,1496.7090884646911,872.0159362993077,3.644700237740405,13.120920855865458,2.047391414642334,1.4694665670394897,0,1,0,0,0,-0.031341351939996306,-0.8967757074047209,-0.7287083229136687,0,0,0,0,71,False,False,
84,0,1508.029171422273,875.2957493627785,3.614651023683563,13.012743685260826,2.054797410964966,1.5024497509002686,0,1,0,0,0,-0.023150526209151204,-0.8662996923862795,-0.30509132543051076,0,0,0,0,72,False,False,
84,1,1505.4598528060174,868.9014339622743,1.8057247624245552,6.500609144728399,1.0267908573150635,1.420863151550293,0,1,0,0,0,-0.035073988520281,-0.8731709825741057,-0.9282317511794375,0,0,0,0,72,False,False,
84,2,1504.0459852540182,860.87550647278,0.0,0.0,0.0,-0.11667218804359436,0,1,0,0,0,0.18531981358975586,-0.8736779209069417,0.03407164589994638,84,0,0,0,72,False,False,
84,3,1491.3581946684583,865.218925118524,3.68234464667237,13.256440728020532,2.093911647796631,1.3563058376312256,0,1,0,0,0,0.11024280222368929,-0.9092255806440905,-0.4204717452426584,0,0,0,0,72,False,False,
84,4,1501.4366562074267,870.6739582478207,1.8139081901701124,6.5300694846124046,1.0312790870666504,1.405169129371643,0,1,0,0,0,-0.04463276165563994,-0.884114981704768,-0.8592443664918221,0,0,0,0,72,False,False,
84,5,1508.0738236816785,861.5437280072969,1.8261813001166791,6.574252680420045,1.0382107496261597,1.259199857711792,0,1,0,0,0,0.1313168422025784,-0.8635895111680448,-0.04604651338296584,0,0,0,0,72,False,False,
84,6,1503.7386560290959,875.1551887579058,3.691223329530177,13.288403986308637,2.099012851715088,1.4253000020980835,0,1,0,0,0,-0.06854257482023438,-0.8777404077114651,-0.3219448256888727,0,0,0,0,72,False,False,
84,7,1496.6611873340603,872.0182760377907,3.684970569678877,13.265894050843956,2.095421075820923,1.4881541728973389,0,1,0,0,0,-0.03137160975520601,-0.8969036343473908,-0.7287667244908029,0,0,0,0,72,False,False,
85,0,1507.9816352895618,875.2943532036131,3.6541122019082994,13.154803926869878,2.1023035049438477,1.5213004350662231,0,1,0,0,0,-0.023207558392181544,-0.8664262921109014,-0.3052596408911892,0,0,0,0,73,False,False,
85,1,1505.4362673931614,868.9042840828022,1.8254180091018413,6.571504832766629,1.0505244731903076,1.4388104677200317,0,1,0,0,0,-0.03507237709461101,-0.8732341729506142,-0.928575700164302,0,0,0,0,73,False,False,
85,2,1504.0459852540182,860.87550647278,0.0,0.0,0.0,-0.11806001514196396,0,1,0,0,0,0.18531981358975586,-0.8736779209069417,0.03407164589994638,85,0,0,0,73,False,False,
85,3,1491.3097661004715,865.2202520908875,3.722505898052307,13.401021232988306,2.142270088195801,1.373318076133728,0,1,0,0,0,0.11038912837000446,-0.9093526138908301,-0.42029553999476077,0,0,0,0,73,False,False,
85,4,1501.4129120124596,870.6763550800856,1.8337060093921327,6.6013416338116775,1.0550800561904907,1.4229216575622559,0,1,0,0,0,-0.04464130655846393,-0.8841782969482825,-0.8589589620150196,0,0,0,0,73,False,False,
85,5,1508.04979735717,861.543718505384,1.8461125221924988,6.646005079892996,1.0622586011886597,1.2751632928848267,0,1,0,0,0,0.13136714514512468,-0.8636522841310348,-0.04604651338296584,0,0,0,0,73,False,False,
85,6,1503.6901290300952,875.15707171692,3.7314783413499195,13.43332202885971,2.1475093364715576,1.4432082176208496,0,1,0,0,0,-0.06860847654744097,-0.8778689962755672,-0.32172528378364007,0,0,0,0,73,False,False,
85,7,1496.6127637669654,872.0206406579813,3.725158528509346,13.410570702633645,2.143819570541382,1.5068554878234863,0,1,0,0,0,-0.03140287994961252,-0.8970325373872701,-0.7288187513485533,0,0,0,0,73,False,False,
86,0,1507.9335867664684,875.2929446777852,3.693493709605779,13.296577354580805,2.1504197120666504,1.5401641130447388,0,1,0,0,0,-0.023265490634892673,-0.8665545157540916,-0.3054279563518676,0,0,0,0,74,False,False,
86,1,1505.4124279639134,868.9071641541028,1.8450710082860153,6.642255629829656,1.0745004415512085,1.456764817237854,0,1,0,0,0,-0.03507034798968726,-0.8732980128890405,-0.9289196491491665,0,0,0,0,74,False,False,
86,2,1504.0459852540182,860.87550647278,0.0,0.0,0.0,-0.11944784224033356,0,1,0,0,0,0.18531981358975586,-0.8736779209069417,0.03407164589994638,86,0,0,0,74,False,False,
86,3,1491.2608161314727,865.2215940783112,3.7625853940781773,13.545307418681439,2.1912386417388916,1.3903402090072632,0,1,0,0,0,0.1105380862608614,-0.909481236523558,-0.4201120166833553,0,0,0,0,74,False,False,
86,4,1501.3889119181322,870.6787771380667,1.8534638159327919,6.672469737358051,1.0792515277862549,1.440680980682373,0,1,0,0,0,-0.044650440017401316,-0.8842425930871344,-0.8586662394747094,0,0,0,0,74,False,False,
86,5,1508.0255121596083,861.5437093212668,1.8660035581632584,6.71761280938773,1.0865505933761597,1.2911319732666016,0,1,0,0,0,0.13141801265387584,-0.8637156931023471,-0.04604651338296584,0,0,0,0,74,False,False,
86,6,1503.6410795766926,875.1589744921077,3.771651056981052,13.577943805131788,2.196620464324951,1.461128830909729,0,1,0,0,0,-0.06867674704320355,-0.8779991845285635,-0.32149110575139184,0,0,0,0,74,False,False,
86,7,1496.5638188311761,872.0230300868687,3.765264267710789,13.55495136375884,2.1928277015686035,1.5255703926086426,0,1,0,0,0,-0.031434162784415146,-0.897163067631173,-0.7288771815118731,0,0,0,0,74,False,False,
87,0,1507.88502688514,875.2915238991603,3.7327956994154485,13.438064517895615,2.199025869369507,1.5590406656265259,0,1,0,0,0,-0.0233234464774518,-0.8666840492055695,-0.30560358987605374,0,0,0,0,75,False,False,
87,1,1505.3883350345477,868.9100740894045,1.864683826925547,6.71286177693197,1.0988472700119019,1.4747262001037598,0,1,0,0,0,-0.03506861122992512,-0.8733628378140108,-0.9292709161975388,0,0,0,0,75,False,False,
87,2,1504.0459852540182,860.87550647278,0.0,0.0,0.0,-0.12083566933870316,0,1,0,0,0,0.18531981358975586,-0.8736779209069417,0.03407164589994638,87,0,0,0,75,False,False,
87,3,1491.211345823666,865.222951074205,3.802583291068971,13.689299847848297,2.2408173084259033,1.407372236251831,0,1,0,0,0,0.11068969655673236,-0.9096114482758764,-0.4199294081298883,0,0,0,0,75,False,False,
87,4,1501.3646564396226,870.6812243503726,1.8731816881184329,6.7434540772263585,1.1036659479141235,1.4584470987319946,0,1,0,0,0,-0.044659323567941875,-0.8843075397875191,-0.8583735169343991,0,0,0,0,75,False,False,
87,5,1508.0009686110025,861.5437004684746,1.8858544846674241,6.789076144802727,1.1110867261886597,1.3071060180664062,0,1,0,0,0,0.13146944687866077,-0.8637797380413496,-0.04604651338296584,0,0,0,0,75,False,False,
87,6,1503.5915087363157,875.1608970274234,3.811741649631743,13.722269938674275,2.2462170124053955,1.4790617227554321,0,1,0,0,0,-0.06874473510089779,-0.8781306813438873,-0.32126424578265145,0,0,0,0,75,False,False,
87,7,1496.5143535926165,872.0254442513517,3.805287928667259,13.699036543202132,2.242326498031616,1.5442988872528076,0,1,0,0,0,-0.0314664681595736,-0.8972948994492108,-0.7289283221978706,0,0,0,0,75,False,False,
88,0,1507.8359566756824,875.2900909821005,3.77201832773966,13.579265979862775,2.2481181621551514,1.5779300928115845,0,1,0,0,0,-0.023382976860557708,-0.8668148710294926,-0.30577190533673215,0,0,0,0,76,False,False,
88,1,1505.363989120195,868.9130138018596,1.8842565516891627,6.783323586080986,1.1233153343200684,1.492694616317749,0,1,0,0,0,-0.035066564252194767,-0.8734279874681614,-0.9296221832459111,0,0,0,0,76,False,False,
88,2,1504.0459852540182,860.87550647278,0.0,0.0,0.0,-0.12222349643707275,0,1,0,0,0,0.18531981358975586,-0.8736779209069417,0.03407164589994638,88,0,0,0,76,False,False,
88,3,1491.1613562373318,865.2243230721551,3.842499737207228,13.83299905394602,2.290762186050415,1.424414038658142,0,1,0,0,0,0.11084306100197808,-0.9097426110129934,-0.419745941990854,0,0,0,0,76,False,False,
88,4,1501.3401460911336,870.6836966455573,1.8928597001789687,6.814294920644287,1.1283293962478638,1.476219892501831,0,1,0,0,0,-0.04466885353650317,-0.8843731419925078,-0.8580734763305812,0,0,0,0,76,False,False,
88,5,1507.9761672323145,861.5436919606346,1.905665382181957,6.860395375855045,1.1358669996261597,1.3230853080749512,0,1,0,0,0,0.13152144999629753,-0.8638444189069068,-0.04604651338296584,0,0,0,0,76,False,False,
88,6,1503.5414175747055,875.1628392667608,3.8517502486505,13.866300895141801,2.2964258193969727,1.497006893157959,0,1,0,0,0,-0.06881425855005242,-0.8782637889275167,-0.3210300677504032,0,0,0,0,76,False,False,
88,7,1496.4643691151605,872.0278830782548,3.8452296684507448,13.842826806422682,2.2924349308013916,1.5630409717559814,0,1,0,0,0,-0.031498793346756634,-0.8974283584471762,-0.7289794628838682,0,0,0,0,76,False,False,
89,0,1507.7863771663178,875.288646041462,3.811161738873394,13.720182259944218,2.2977004051208496,1.596832275390625,0,1,0,0,0,-0.023442530601339072,-0.8669470026539462,-0.3059475388609183,0,0,0,0,77,False,False,
89,1,1505.3393907351763,868.9159832044988,1.903789243321345,6.853641275956842,1.1481469869613647,1.5106700658798218,0,1,0,0,0,-0.03506399406107714,-0.8734941115176105,-0.9299734502942834,0,0,0,0,77,False,False,
89,2,1504.0459852540182,860.87550647278,0.0,0.0,0.0,-0.12361132353544235,0,1,0,0,0,0.18531981358975586,-0.8736779209069417,0.03407164589994638,89,0,0,0,77,False,False,
89,3,1491.110848430726,865.2257100659302,3.882334888417233,13.976405598302039,2.3413188457489014,1.4414656162261963,0,1,0,0,0,0.11099798881485773,-0.909875395012209,-0.41956241867944855,0,0,0,0,77,False,False,
89,4,1501.3153813857919,870.6861939521352,1.9124979341528647,6.8849925629503135,1.1531141996383667,1.4939994812011719,0,1,0,0,0,-0.044678190300368216,-0.8844390693789682,-0.8577734357267632,0,0,0,0,77,False,False,
89,5,1507.9511085435129,861.5436838114699,1.9254363270832067,6.9315707774995445,1.1610134840011597,1.3390698432922363,0,1,0,0,0,0.1315743362134122,-0.8639100542723066,-0.04604651338296584,0,0,0,0,77,False,False,
89,6,1503.4908071556094,875.1648011539778,3.8916770070291657,14.010037225304997,2.3470005989074707,1.51496422290802,0,1,0,0,0,-0.06888423919108012,-0.8783978690001419,-0.3207958897181551,0,0,0,0,77,False,False,
89,7,1496.4138664608408,872.0303464943142,3.8850896280644287,13.986322661031943,2.3430309295654297,1.5817965269088745,0,1,0,0,0,-0.03153113920227118,-0.8975631191024626,-0.7290452111106956,0,0,0,0,77,False,False,
90,0,1507.7362893831817,875.2871891925616,3.850226092787156,13.86081393403376,2.3477706909179688,1.6157472133636475,0,1,0,0,0,-0.023502883657681967,-0.8670804333530835,-0.30612317238510445,0,0,0,0,78,False,False,
90,1,1505.3145403928509,868.9189822102494,1.9232819743679144,6.923815107724492,1.1731144189834595,1.5286524295806885,0,1,0,0,0,-0.035062749095076305,-0.8735605814545012,-0.9303393534696711,0,0,0,0,78,False,False,
90,2,1504.0459852540182,860.87550647278,0.0,0.0,0.0,-0.12499915063381195,0,1,0,0,0,0.18531981358975586,-0.8736779209069417,0.03407164589994638,90,0,0,0,78,False,False,
90,3,1491.059823460238,865.227112049477,3.9220888885210887,14.11951999867592,2.3923635482788086,1.458526849746704,0,1,0,0,0,0.11115516256317304,-0.910009448554343,-0.4193716344769065,0,0,0,0,78,False,False,
90,4,1501.2903628357778,870.688716198566,1.9320964620259884,6.955547263293559,1.1782634258270264,1.5117857456207275,0,1,0,0,0,-0.044687225716420975,-0.8845059726909827,-0.8574733951229452,0,0,0,0,78,False,False,
90,5,1507.925793063574,861.5436760347986,1.9451673956206854,7.002602624234467,1.1862820386886597,1.3550596237182617,0,1,0,0,0,0.13162748406781916,-0.8639760068587663,-0.04604651338296584,0,0,0,0,78,False,False,
90,6,1503.4396785407835,875.1667826328948,3.9315220775609467,14.153479479219408,2.3981876373291016,1.5329337120056152,0,1,0,0,0,-0.06895576889660965,-0.8785335596825034,-0.3205543936223991,0,0,0,0,78,False,False,
90,7,1496.362846689749,872.0328344261845,3.924867956268146,14.129524642565325,2.394117593765259,1.6005655527114868,0,1,0,0,0,-0.03156452067875711,-0.8976991812740103,-0.7290972093822605,0,0,0,0,78,False,False,
91,0,1507.6856943504292,875.2857205511718,3.889211541301312,14.001161548684724,2.398451089859009,1.6346749067306519,0,1,0,0,0,-0.023564139463318964,-0.867215487928253,-0.3062988059092906,0,0,0,0,79,False,False,
91,1,1505.289438601615,868.9220107325837,1.9427351285552754,6.993846462798992,1.1984381675720215,1.5466418266296387,0,1,0,0,0,-0.03506016842771689,-0.8736280152047191,-0.9306979385815511,0,0,0,0,79,False,False,
91,2,1504.0459852540182,860.87550647278,0.0,0.0,0.0,-0.12638698518276215,0,1,0,0,0,0.18531981358975586,-0.8736779209069417,0.03407164589994638,91,0,0,0,79,False,False,
91,3,1491.0082823802372,865.2285290169202,3.961761893056052,14.262342815001787,2.4438962936401367,1.475597620010376,0,1,0,0,0,0.11131460033897787,-0.9101447714061943,-0.41918165068756064,0,0,0,0,79,False,False,
91,4,1501.2650909523018,870.6912633132582,1.9516553576486355,7.025959287535088,1.2036616802215576,1.529578685760498,0,1,0,0,0,-0.04469691209134352,-0.8845735314809613,-0.8571660364556194,0,0,0,0,79,False,False,
91,5,1507.9002213104586,861.5436686445336,1.9648586659,7.07349119724,1.2117948532104492,1.3710545301437378,0,1,0,0,0,0.13168195342147884,-0.8640425618646679,-0.046039195319458104,0,0,0,0,79,False,False,
91,6,1503.3880327899953,875.1687836473005,3.971285612840304,14.296628206225094,2.4498603343963623,1.550915241241455,0,1,0,0,0,-0.06902703351532485,-0.8786705588087982,-0.3203202155901509,0,0,0,0,79,False,False,
91,7,1496.311310860037,872.0353468004437,3.964564801630982,14.272433285871534,2.4456920623779297,1.6193480491638184,0,1,0,0,0,-0.03159792980122423,-0.897836545077712,-0.7291556681317659,0,0,0,0,79,False,False,
92,0,1507.6345930902385,875.2842402335116,3.928118236033295,14.141225649719862,2.4494974613189697,1.6536152362823486,0,1,0,0,0,-0.023626092692118857,-0.8673515167456086,-0.30647443943347674,0,0,0,0,80,False,False,
92,1,1505.2640858605664,868.9250686863362,1.9621494279197786,7.063737940511203,1.2240115404129028,1.5646381378173828,0,1,0,0,0,-0.03505800568498595,-0.8736961090871634,-0.931063841756939,0,0,0,0,80,False,False,
92,2,1504.0459852540182,860.87550647278,0.0,0.0,0.0,-0.12777481973171234,0,1,0,0,0,0.18531981358975586,-0.8736779209069417,0.03407164589994638,92,0,0,0,80,False,False,
92,3,1490.9562262431796,865.2299609625578,4.00135404942249,14.404874577920966,2.4960408210754395,1.492677927017212,0,1,0,0,0,0.11147565403452625,-0.9102817149439895,-0.41899818454852633,0,0,0,0,80,False,False,
92,4,1501.2395662455287,870.6938352245805,1.9711747006972424,7.096228922510073,1.2293028831481934,1.5473783016204834,0,1,0,0,0,-0.0447063538957849,-0.8846417408165461,-0.8568586777882937,0,0,0,0,80,False,False,
92,5,1507.8743938010614,861.5436616546777,1.9845102198617723,7.14423679150238,1.2376737594604492,1.3870545625686646,0,1,0,0,0,0.13173656804079883,-0.864110104585753,-0.046039195319458104,0,0,0,0,80,False,False,
92,6,1503.3358709612842,875.1708041409264,4.010967745435289,14.43948388356704,2.502145290374756,1.5689088106155396,0,1,0,0,0,-0.0690998599472626,-0.8788091684158565,-0.32007871949439504,0,0,0,0,80,False,False,
92,7,1496.2592600279725,872.037883543586,4.004180308565641,14.415049110836309,2.4977571964263916,1.6381438970565796,0,1,0,0,0,-0.031632384329409687,-0.8979752103504022,-0.7292140982950857,0,0,0,0,80,False,False,
93,0,1507.5829866228135,875.2827483562363,3.966946328397526,14.281006782231094,2.5011539459228516,1.6725682020187378,0,1,0,0,0,-0.023688949961655225,-0.867489169416586,-0.3066500729576628,0,0,0,0,81,False,False,
93,1,1505.238482670532,868.9281559861098,1.981524738475777,7.133489058512797,1.24971342086792,1.582641363143921,0,1,0,0,0,-0.035056372992551765,-0.873764538256286,-0.9314370629958345,0,0,0,0,81,False,False,
93,2,1504.0459852540182,860.87550647278,0.0,0.0,0.0,-0.12916265428066254,0,1,0,0,0,0.18531981358975586,-0.8736779209069417,0.03407164589994638,93,0,0,0,81,False,False,
93,3,1490.9036560996103,865.2314078808644,4.040865504831053,14.54711581739179,2.5485498905181885,1.5097676515579224,0,1,0,0,0,0.11163967492044612,-0.91041957572441,-0.41880008228247656,0,0,0,0,81,False,False,
93,4,1501.213789224632,870.6964318608557,1.990654566748462,7.1663564402944635,1.2553083896636963,1.5651845932006836,0,1,0,0,0,-0.044715497578472235,-0.8847109260726539,-0.8565513191209679,0,0,0,0,81,False,False,
93,5,1507.8483110513673,861.543655079328,2.0041221274113377,7.214839658680816,1.2637968063354492,1.403059720993042,0,1,0,0,0,0.13179176345943422,-0.8641782830057738,-0.046039195319458104,0,0,0,0,81,False,False,
93,6,1503.283194110654,875.1728440574744,4.050568631548661,14.582047073575179,2.5547986030578613,1.5869144201278687,0,1,0,0,0,-0.06917401777660644,-0.8789487389450005,-0.31982990533513134,0,0,0,0,81,False,False,
93,7,1496.206695247785,872.0404445820379,4.043714633198495,14.557372679514582,2.550431966781616,1.65695321559906,0,1,0,0,0,-0.031666875883047396,-0.8981155027497247,-0.7292725570445909,0,0,0,0,81,False,False,
94,0,1507.5308759663876,875.2812450364285,4.00569596960534,14.420505490579226,2.553300380706787,1.6915338039398193,0,1,0,0,0,-0.02375182773865845,-0.8676281318778885,-0.30683302454535677,0,0,0,0,82,False,False,
94,1,1505.2126295312928,868.9312725465614,2.000861140677723,7.203100106439802,1.275778889656067,1.600651502609253,0,1,0,0,0,-0.03505424199374734,-0.8738339418130293,-0.9318102842347301,0,0,0,0,82,False,False,
94,2,1504.0459852540182,860.87550647278,0.0,0.0,0.0,-0.13055048882961273,0,1,0,0,0,0.18531981358975586,-0.8736779209069417,0.03407164589994638,94,0,0,0,82,False,False,
94,3,1490.8505729980106,865.2328697664798,4.08029641819908,14.68906710551669,2.601670742034912,1.5268666744232178,0,1,0,0,0,0.11180534875499322,-0.9105590567549259,-0.4186019800164268,0,0,0,0,82,False,False,
94,4,1501.1877603978453,870.6990531503554,2.0100950272873357,7.236342098234409,1.2814414501190186,1.5829975605010986,0,1,0,0,0,-0.04472535109086506,-0.8847804414069196,-0.8562366423901344,0,0,0,0,82,False,False,
94,5,1507.821973576325,861.5436489326725,2.0236944682537903,7.285300085713645,1.2900419235229492,1.4190700054168701,0,1,0,0,0,0.1318472284577663,-0.8642467785001371,-0.046039195319458104,0,0,0,0,82,False,False,
94,6,1503.2300032920764,875.1749033406209,4.090088427175927,14.724318337833338,2.6080617904663086,1.6049319505691528,0,1,0,0,0,-0.06924889911163569,-0.8790899311426773,-0.31958109117586764,0,0,0,0,82,False,False,
94,7,1496.1536175718768,872.0430298421421,4.083167915586528,14.699404496111502,2.6035943031311035,1.6757757663726807,0,1,0,0,0,-0.031701404848072594,-0.8982570967527381,-0.729331844793478,0,0,0,0,82,False,False,
95,0,1507.4782621371232,875.2797303915765,4.044367318595933,14.559722346945358,2.6059348583221436,1.7105119228363037,0,1,0,0,0,-0.023815505852573436,-0.8677683933727189,-0.30701597613305065,0,0,0,0,83,False,False,
95,1,1505.1865269416837,868.9344182823572,2.0201587069123925,7.272571344884613,1.3020939826965332,1.618668556213379,0,1,0,0,0,-0.03505254117232981,-0.873904005478787,-0.9321908235371335,0,0,0,0,83,False,False,
95,2,1504.0459852540182,860.87550647278,0.0,0.0,0.0,-0.13193832337856293,0,1,0,0,0,0.18531981358975586,-0.8736779209069417,0.03407164589994638,95,0,0,0,83,False,False,
95,3,1490.7969779856799,865.2343466142535,4.1196468808160125,14.830728770937645,2.6552813053131104,1.5439749956130981,0,1,0,0,0,0.11197222421008096,-0.9106998390556847,-0.4184119962270809,0,0,0,0,83,False,False,
95,4,1501.1614802723375,870.7016990213186,2.0294961635950606,7.306186188942219,1.307823657989502,1.600817084312439,0,1,0,0,0,-0.04473586255887104,-0.8848506121731124,-0.8559146475957932,0,0,0,0,83,False,False,
95,5,1507.7953818898993,861.5436432289895,2.043227317994419,7.355618344779909,1.3166532516479492,1.435085415840149,0,1,0,0,0,0.13190359215879097,-0.864316228191326,-0.046039195319458104,0,0,0,0,83,False,False,
95,6,1503.176299557699,875.1769819340018,4.129527272243236,14.86629818007565,2.6618127822875977,1.622961401939392,0,1,0,0,0,-0.06932438970786481,-0.8792324202394903,-0.31933227701660394,0,0,0,0,83,False,False,
95,7,1496.10002805072,872.0456392501634,4.122540303542792,14.84114509275405,2.657247304916382,1.694611668586731,0,1,0,0,0,-0.03173699335756181,-0.8983999921622451,-0.7293902749567978,0,0,0,0,83,False,False,
96,0,1507.4251461492702,875.2782045395771,4.082960522192499,14.698657879892997,2.659057378768921,1.729502558708191,0,1,0,0,0,-0.023879984803326062,-0.8679099538902388,-0.30719892772074453,0,0,0,0,84,False,False,
96,1,1505.1601753994905,868.9375931081692,2.039417517377502,7.341903062559007,1.3286515474319458,1.6366925239562988,0,1,0,0,0,-0.035050452944116725,-0.8739747186954786,-0.9325713628395367,0,0,0,0,84,False,False,
96,2,1504.0459852540182,860.87550647278,0.0,0.0,0.0,-0.13332615792751312,0,1,0,0,0,0.18531981358975586,-0.8736779209069417,0.03407164589994638,96,0,0,0,84,False,False,
96,3,1490.7428721108063,865.2358384194237,4.158916825274942,14.972100570989792,2.709378242492676,1.561092495918274,0,1,0,0,0,0.1121425884282347,-0.9108418566514147,-0.41821389396103104,0,0,0,0,84,False,False,
96,4,1501.1349493542648,870.7043694019469,2.0488580528494316,7.375888990257954,1.3344426155090332,1.6186432838439941,0,1,0,0,0,-0.044745234392007345,-0.8849214285791347,-0.8555999708649596,0,0,0,0,84,False,False,
96,5,1507.7685365064413,861.5436379827095,2.0627206470240766,7.425794329286676,1.3435087203979492,1.4511058330535889,0,1,0,0,0,0.13196054222000966,-0.8643863134465815,-0.046039195319458104,0,0,0,0,84,False,False,
96,6,1503.122083959338,875.1790797810023,4.168885191502235,15.007986689408046,2.7160518169403076,1.6410026550292969,0,1,0,0,0,-0.06940049289277744,-0.8793762061931015,-0.31908346285734024,0,0,0,0,84,False,False,
96,7,1496.0459277328612,872.0482727322936,4.161831944689011,14.982595000880439,2.711388111114502,1.7134608030319214,0,1,0,0,0,-0.031772626817905804,-0.8985441891480526,-0.7294560517698108,0,0,0,0,84,False,False,
97,0,1507.3715290151163,875.2766675987252,4.121475730988585,14.837312631558907,2.712667942047119,1.7485055923461914,0,1,0,0,0,-0.02394526512978656,-0.8680528134193822,-0.3073818793084384,0,0,0,0,85,False,False,
97,1,1505.1335754015017,868.9407969386572,2.058637648168971,7.411095533408296,1.3554514646530151,1.6547234058380127,0,1,0,0,0,-0.035047978455765225,-0.8740460814668073,-0.93295190214194,0,0,0,0,85,False,False,
97,2,1504.0459852540182,860.87550647278,0.0,0.0,0.0,-0.13471399247646332,0,1,0,0,0,0.18531981358975586,-0.8736779209069417,0.03407164589994638,97,0,0,0,85,False,False,
97,3,1490.6882564186926,865.2373451775276,4.198106473899335,15.113183306037607,2.764086961746216,1.5782191753387451,0,1,0,0,0,0.1123146572979345,-0.9109854938668983,-0.41801579169498126,0,0,0,0,85,False,False,
97,4,1501.108168148901,870.7070642203871,2.068180762184625,7.445450743864651,1.3614381551742554,1.6364760398864746,0,1,0,0,0,-0.04475611315051443,-0.8849932306613089,-0.8552706580071107,0,0,0,0,85,False,False,
97,5,1507.7414379394475,861.5436332083984,2.082174520994898,7.4958282755816334,1.3706083297729492,1.46713125705719,0,1,0,0,0,0.1320180799668012,-0.8644570342198574,-0.046039195319458104,0,0,0,0,85,False,False,
97,6,1503.06735755207,875.1811968241889,4.208161932180249,15.149382955848896,2.7707810401916504,1.6590557098388672,0,1,0,0,0,-0.06947806503600051,-0.8795212775003378,-0.3188273306345687,0,0,0,0,85,False,False,
97,7,1495.9913176649736,872.0509302146463,4.201042982489973,15.123754736963903,2.766016721725464,1.732323169708252,0,1,0,0,0,-0.0318083076099899,-0.8986896877076587,-0.7295217999966382,0,0,0,0,85,False,False,
98,0,1507.3174117449912,875.2751196877101,4.159913095374387,14.975687143347793,2.7668886184692383,1.7675210237503052,0,1,0,0,0,-0.024011451638770293,-0.8681972967542428,-0.3075648308961323,0,0,0,0,86,False,False,
98,1,1505.1067274435354,868.9440296884602,2.0778191732719042,7.480149023778855,1.3825010061264038,1.672761082649231,0,1,0,0,0,-0.035045940053540094,-0.8741181043332095,-0.9333397595078511,0,0,0,0,86,False,False,
98,2,1504.0459852540182,860.87550647278,0.0,0.0,0.0,-0.1361018270254135,0,1,0,0,0,0.18531981358975586,-0.8736779209069417,0.03407164589994638,98,0,0,0,86,False,False,
98,3,1490.633131952792,865.2388668843477,4.237215969357169,15.253977489685807,2.819161891937256,1.5953549146652222,0,1,0,0,0,0.11248864471239384,-0.9111300799973192,-0.41781042853779493,0,0,0,0,86,False,False,
98,4,1501.081137161278,870.7097834046344,2.0874643090554246,7.5148715125995285,1.3885490894317627,1.6543153524398804,0,1,0,0,0,-0.04476590676664153,-0.8850653530135212,-0.8549486632127694,0,0,0,0,86,False,False,
98,5,1507.7140867012786,861.543628920734,2.1015890272637616,7.565720498149542,1.3979520797729492,1.4831616878509521,0,1,0,0,0,0.13207620731555872,-0.8645283904645695,-0.046039195319458104,0,0,0,0,86,False,False,
98,6,1503.0121213873283,875.183333005933,4.247357773511121,15.290487984640036,2.826120138168335,1.6771204471588135,0,1,0,0,0,-0.06955637467578096,-0.8796679702448105,-0.31857119841179726,0,0,0,0,86,False,False,
98,7,1495.9361988918097,872.0536116232599,4.240173564192559,15.264624831093212,2.8212578296661377,1.751198649406433,0,1,0,0,0,-0.031845065281355445,-0.8988368131292316,-0.7295810877455253,0,0,0,0,86,False,False,
99,0,1507.2627953472693,875.273560925603,4.198272765536677,15.113781955932037,2.821477174758911,1.7865488529205322,0,1,0,0,0,-0.02407755146407327,-0.8683427650634784,-0.307755100547334,0,0,0,0,87,False,False,
99,1,1505.0796320203892,868.9472912722008,2.096962170513146,7.549063813847325,1.4097930192947388,1.6908056735992432,0,1,0,0,0,-0.03504351814137831,-0.8741907767516042,-0.9337276168737622,0,0,0,0,87,False,False,
99,2,1504.0459852540182,860.87550647278,0.0,0.0,0.0,-0.1374896615743637,0,1,0,0,0,0.18531981358975586,-0.8736779209069417,0.03407164589994638,99,0,0,0,87,False,False,
99,3,1490.5774997546573,865.2404035358903,4.276245458099182,15.394483649157056,2.874846935272217,1.6124995946884155,0,1,0,0,0,0.1126655154259238,-0.9112762522980705,-0.41761232627174505,0,0,0,0,87,False,False,
99,4,1501.0538568960296,870.7125268825343,2.1067087228044987,7.584151402096196,1.4160304069519043,1.6721612215042114,0,1,0,0,0,-0.04477630843356495,-0.8851384561390273,-0.8546193503549204,0,0,0,0,87,False,False,
99,5,1507.6864833032898,861.5436251344993,2.1209642431234306,7.63547127524435,1.4255399703979492,1.4991971254348755,0,1,0,0,0,0.13213492635345575,-0.8646003821335922,-0.046039195319458104,0,0,0,0,87,False,False,
99,6,1502.9563765147661,875.1854882683939,4.2864728515093535,15.431302265433674,2.8818252086639404,1.6951969861984253,0,1,0,0,0,-0.06963518288881687,-0.8798156349592973,-0.31831506618902583,0,0,0,0,87,False,False,
99,7,1495.8805724562028,872.0563168841024,4.279223836851992,15.405205812667171,2.8768677711486816,1.7700872421264648,0,1,0,0,0,-0.03188290117986349,-0.8989849143334816,-0.7296395179088451,0,0,0,0,87,False,False,
100,0,1507.2076808282177,875.2719914318354,4.236554903355245,15.251597652078882,2.876675844192505,1.805588960647583,0,1,0,0,0,-0.0241445572375489,-0.8684898571671419,-0.30794537019853563,0,0,0,0,88,False,False,
100,1,1505.0522896258674,868.9505816044799,2.116066715604982,7.6178401761779355,1.437334656715393,1.7088570594787598,0,1,0,0,0,-0.03504153584466899,-0.8742641092521906,-0.934122792303181,0,0,0,0,88,False,False,
100,2,1504.0459852540182,860.87550647278,0.0,0.0,0.0,-0.1388774961233139,0,1,0,0,0,0.18531981358975586,-0.8736779209069417,0.03407164589994638,100,0,0,0,88,False,False,
100,3,1490.521360863841,865.2419551283687,4.315195094316125,15.53470233953805,2.9310200214385986,1.6296530961990356,0,1,0,0,0,0.11284481839240262,-0.9114236917269878,-0.41740044546424704,0,0,0,0,88,False,False,
100,4,1501.026327856497,870.7152945819046,2.1259141021394155,7.653290767701896,1.4436331987380981,1.6900136470794678,0,1,0,0,0,-0.04478652576534709,-0.8852118844102117,-0.854351512089155,0,0,0,0,88,False,False,
100,5,1507.6586282558844,861.5436218645776,2.140300241771201,7.7050808703763245,1.4534940719604492,1.51523756980896,0,1,0,0,0,0.13219455482227938,-0.8646733277151243,-0.046039195319458104,0,0,0,0,88,False,False,
100,6,1502.9001239821068,875.1876625535655,4.3255073139176075,15.571826330103388,2.9381425380706787,1.7132850885391235,0,1,0,0,0,-0.06971559836950342,-0.8799649094891413,-0.31805161590274655,0,0,0,0,88,False,False,
100,7,1495.8244393990185,872.0590459230795,4.318193951297241,15.545498224670068,2.93308424949646,1.7889889478683472,0,1,0,0,0,-0.03191977387175863,-0.8991346428305405,-0.7297125841991803,0,0,0,0,88,False,False,
101,0,1507.1520691922583,875.270411326205,4.274759650654442,15.38913474235599,2.9322404861450195,1.8246413469314575,0,1,0,0,0,-0.024212260669761083,-0.8686379234454936,-0.30813563984973724,0,0,0,0,89,False,False,
101,1,1505.024700752757,868.9539005998816,2.1351328861149,7.686478390013641,1.4651260375976562,1.7269152402877808,0,1,0,0,0,-0.03503999538126897,-0.8743381018231074,-0.9345252857961075,0,0,0,0,89,False,False,
101,2,1504.0459852540182,860.87550647278,0.0,0.0,0.0,-0.1402653306722641,0,1,0,0,0,0.18531981358975586,-0.8736779209069417,0.03407164589994638,101,0,0,0,89,False,False,
101,3,1490.4647163179998,865.2435216581921,4.354065024060404,15.674634086617454,2.987682819366455,1.6468154191970825,0,1,0,0,0,0.11302542745632643,-0.9115724311704434,-0.41719502513468953,0,0,0,0,89,False,False,
101,4,1500.9985505451161,870.7180864305005,2.1450805158521264,7.722289857067655,1.4716064929962158,1.7078725099563599,0,1,0,0,0,-0.044797354162626375,-0.8852862934308006,-0.8542126975719924,0,0,0,0,89,False,False,
101,5,1507.630522068489,861.5436191259495,2.1595970982654715,7.774549553755698,1.4815702438354492,1.531282901763916,0,1,0,0,0,0.13225446430510096,-0.8647465900815545,-0.046039195319458104,0,0,0,0,89,False,False,
101,6,1502.8433648351988,875.1898558033055,4.3644613043201845,15.712060695552665,2.994947671890259,1.7313848733901978,0,1,0,0,0,-0.06979664545468975,-0.880115480560183,-0.3177881656164674,0,0,0,0,89,False,False,
101,7,1495.7678007593113,872.0617986660139,4.3570840462608,15.685502566538881,2.9897944927215576,1.8079036474227905,0,1,0,0,0,-0.03195876481200786,-0.8992856723346361,-0.7297710429486857,0,0,0,0,89,False,False,
102,0,1507.0959614418666,875.2688207288684,4.312887157002315,15.526393765208335,2.988415241241455,1.8437060117721558,0,1,0,0,0,-0.024280871760635137,-0.8687876134928912,-0.30832590950093897,0,0,0,0,90,False,False,
102,1,1504.9968658928308,868.9572481729742,2.1541607594789127,7.754978734124086,1.4931597709655762,1.7449802160263062,0,1,0,0,0,-0.03503807563917734,-0.8744127439366082,-0.9349277792890341,0,0,0,0,90,False,False,
102,2,1504.0459852540182,860.87550647278,0.0,0.0,0.0,-0.1416531652212143,0,1,0,0,0,0.18531981358975586,-0.8736779209069417,0.03407164589994638,102,0,0,0,90,False,False,
102,3,1490.407567153001,865.245103121964,4.3928553852622905,15.814279386944246,3.0448336601257324,1.6639864444732666,0,1,0,0,0,0.11320850741144252,-0.9117224372816108,-0.41698960480513203,0,0,0,0,90,False,False,
102,4,1500.9705254632927,870.7209023560362,2.1642080425353916,7.79114895312741,1.4997012615203857,1.7257379293441772,0,1,0,0,0,-0.04480800018207181,-0.8853610275858144,-0.8540657359919401,0,0,0,0,90,False,False,
102,5,1507.60216524953,861.5436169336891,2.178854889521851,7.843877602278664,1.5098905563354492,1.5473331212997437,0,1,0,0,0,0.1323149723704066,-0.8648204877275528,-0.046039195319458104,0,0,0,0,90,False,False,
102,6,1502.7861001180183,875.1920679593436,4.403334966116555,15.852005878019598,3.0522408485412598,1.7494962215423584,0,1,0,0,0,-0.06987832909444604,-0.8802673481255404,-0.3175247153301881,0,0,0,0,90,False,False,
102,7,1495.710657574122,872.0645750386724,4.395894276161472,15.825219394181298,3.0469894409179688,1.8268314599990845,0,1,0,0,0,-0.03199679490897122,-0.8994380036050496,-0.7298376201748948,0,0,0,0,90,False,False,
103,0,1507.0393585775234,875.2672197603309,4.350937575728756,15.663375272623522,3.0450780391693115,1.8627828359603882,0,1,0,0,0,-0.024350286704124514,-0.8689386024935823,-0.3085161791521406,0,0,0,0,91,False,False,
103,1,1504.9687855368727,868.9606242383065,2.173150411018908,7.823341479668069,1.5214359760284424,1.763051986694336,0,1,0,0,0,-0.03503577732722173,-0.874488035596606,-0.9353302727819607,0,0,0,0,91,False,False,
103,2,1504.0459852540182,860.87550647278,0.0,0.0,0.0,-0.1430409997701645,0,1,0,0,0,0.18531981358975586,-0.8736779209069417,0.03407164589994638,103,0,0,0,91,False,False,
103,3,1490.3499144027182,865.2466995164773,4.431566331539054,15.953638793540595,3.1025946140289307,1.6811660528182983,0,1,0,0,0,0.11339456056297889,-0.9118740284275137,-0.4167768664120667,0,0,0,0,91,False,False,
103,4,1500.9422531115058,870.7237422861732,2.18329675271763,7.859868309783468,1.5281665325164795,1.7436097860336304,0,1,0,0,0,-0.044819260758696244,-0.8854367424656451,-0.8539196177043624,0,0,0,0,91,False,False,
103,5,1507.5735583064604,861.543615302964,2.1980736903436826,7.913065285237257,1.5384550094604492,1.5633882284164429,0,1,0,0,0,0.13237608142538623,-0.8648950206037902,-0.046039195319458104,0,0,0,0,91,False,False,
103,6,1502.7283308726717,875.1942989632879,4.4421284425212555,15.99166239307652,3.1101438999176025,1.767619013786316,0,1,0,0,0,-0.06996077784814866,-0.8804208368316302,-0.31726126504390895,0,0,0,0,91,False,False,
103,7,1495.653010878737,872.0673749667369,4.434624775382267,15.964649191376163,3.104796886444092,1.84577214717865,0,1,0,0,0,-0.032035929651615586,-0.8995919616137683,-0.7299033684017224,0,0,0,0,91,False,False,
104,0,1506.9822615978214,875.2656085414412,4.3889110520208225,15.800079787274962,3.102107048034668,1.8818717002868652,0,1,0,0,0,-0.024420400975173114,-0.8690905656353716,-0.3087064488033423,0,0,0,0,92,False,False,
104,1,1504.9404601747067,868.9640287104047,2.192101913946812,7.891566890208524,1.549961805343628,1.7811305522918701,0,1,0,0,0,-0.035033925437001776,-0.874563987311933,-0.9357400843383951,0,0,0,0,92,False,False,
104,2,1504.0459852540182,860.87550647278,0.0,0.0,0.0,-0.14442883431911469,0,1,0,0,0,0.18531981358975586,-0.8736779209069417,0.03407164589994638,104,0,0,0,92,False,False,
104,3,1490.2917590991365,865.2483108387062,4.4701980083693424,16.092712830129635,3.160721778869629,1.6983542442321777,0,1,0,0,0,0.11358264953717215,-0.9120265669948006,-0.4165641851913725,0,0,0,0,92,False,False,
104,4,1500.9137339891815,870.7266061485409,2.2023467267243113,7.928448216207521,1.5568746328353882,1.7614881992340088,0,1,0,0,0,-0.044830287524226894,-0.8855131078459143,-0.8537799598947251,0,0,0,0,92,False,False,
104,5,1507.544701745763,861.5436142490321,2.2172535754089946,7.98211287147238,1.5673856735229492,1.5794481039047241,0,1,0,0,0,0.1324381108558315,-0.8649705071651279,-0.046039195319458104,0,0,0,0,92,False,False,
104,6,1502.6700581395016,875.1965487566205,4.4808418686328055,16.1310307270781,3.1684153079986572,1.7857532501220703,0,1,0,0,0,-0.07004461583042788,-0.8805752856221548,-0.31699049669412194,0,0,0,0,92,False,False,
104,7,1495.5948617064844,872.0701983758267,4.473275694000457,16.103792498401646,3.1629700660705566,1.8647258281707764,0,1,0,0,0,-0.03207513577988518,-0.8997468955831668,-0.7299691452147354,0,0,0,0,92,False,False,
105,0,1506.9246714994676,875.2639871933859,4.4268077308699665,15.93650783113188,3.159747838973999,1.9009727239608765,0,1,0,0,0,-0.024490635152540425,-0.8692441633406602,-0.30890403651805165,0,0,0,0,93,False,False,
105,1,1504.911890295147,868.9674615037825,2.2110153453171386,7.959655243141699,1.5787299871444702,1.7992159128189087,0,1,0,0,0,-0.03503169735868899,-0.8746405885708536,-0.9361498958948293,0,0,0,0,93,False,False,
105,2,1504.0459852540182,860.87550647278,0.0,0.0,0.0,-0.14581666886806488,0,1,0,0,0,0.18531981358975586,-0.8736779209069417,0.03407164589994638,105,0,0,0,93,False,False,
105,3,1490.2331022723038,865.2499370858031,4.5087505650058635,16.23150203402111,3.2193386554718018,1.7155508995056152,0,1,0,0,0,0.11377212108695163,-0.9121804047215182,-0.41635144679830716,0,0,0,0,93,False,False,
105,4,1500.8849685948237,870.7294938707221,2.221358034830022,7.996888925388079,1.5857042074203491,1.779373049736023,0,1,0,0,0,-0.04484113473172139,-0.8855897983507687,-0.8536338416071474,0,0,0,0,93,False,False,
105,5,1507.5155960729758,861.5436137872422,2.2363946172878433,8.051020622236235,1.5964384078979492,1.595512866973877,0,1,0,0,0,0.13250042964571535,-0.8650463103436392,-0.046039195319458104,0,0,0,0,93,False,False,
105,6,1502.6112829568317,875.1988172807278,4.519475399208302,16.270111437149886,3.2271745204925537,1.8038989305496216,0,1,0,0,0,-0.07012910841747397,-0.8807310307161161,-0.31671972834433504,0,0,0,0,93,False,False,
105,7,1495.5362110887893,872.0730451914925,4.511847177927426,16.242649840538736,3.2216339111328125,1.8836923837661743,0,1,0,0,0,-0.03211545473938789,-0.8999031307136023,-0.7300348934415629,0,0,0,0,93,False,False,
106,0,1506.866589277029,875.2623558376594,4.464627776899418,16.072659996837906,3.217876672744751,1.9200857877731323,0,1,0,0,0,-0.024561673659116285,-0.8693990599762645,-0.3091016242327611,0,0,0,0,94,False,False,
106,1,1504.8830763860258,868.9709225329378,2.2298907800706957,8.027606808254506,1.6077479124069214,1.817307949066162,0,1,0,0,0,-0.03502991911491651,-0.8747178498712769,-0.9365670255147714,0,0,0,0,94,False,False,
106,2,1504.0459852540182,860.87550647278,0.0,0.0,0.0,-0.14720450341701508,0,1,0,0,0,0.18531981358975586,-0.8736779209069417,0.03407164589994638,106,0,0,0,94,False,False,
106,3,1490.1739449504366,865.2515782551059,4.547224142570694,16.3700069132545,3.2785656452178955,1.7327558994293213,0,1,0,0,0,0.11396463420475035,-0.9123358266372746,-0.41613956599080915,0,0,0,0,94,False,False,
106,4,1500.8559574260153,870.7324053802523,2.2403307471926905,8.065190689893686,1.6149042844772339,1.7972643375396729,0,1,0,0,0,-0.04485260150903988,-0.8856674695501908,-0.8534868800270952,0,0,0,0,94,False,False,
106,5,1507.486241792643,861.5436139330317,2.2554968923948504,8.119788812621461,1.6258573532104492,1.6115823984146118,0,1,0,0,0,0.13256367452824458,-0.8651230670896385,-0.046039195319458104,0,0,0,0,94,False,False,
106,6,1502.5520063611757,875.2011044768853,4.558029172933198,16.408905022559512,3.286545991897583,1.8220559358596802,0,1,0,0,0,-0.07021525350206856,-0.8808883850831153,-0.3164416419310403,0,0,0,0,94,False,False,
106,7,1495.4770600551237,872.0759153392266,4.550339376847717,16.38122175665178,3.280907392501831,1.9026718139648438,0,1,0,0,0,-0.032155861701724256,-0.9000609928128387,-0.7301014992539577,0,0,0,0,94,False,False,
107,0,1506.8080159232456,875.2607145960735,4.50237133070303,16.20853679053091,3.27649188041687,1.9392108917236328,0,1,0,0,0,-0.02463430989398003,-0.8695552446800768,-0.3092918938839627,0,0,0,0,95,False,False,
107,1,1504.854018934169,868.9744117123593,2.2487282950043452,8.095421862015643,1.6370081901550293,1.83540678024292,0,1,0,0,0,-0.03502776710312566,-0.8747957607122998,-0.9369841551347136,0,0,0,0,95,False,False,
107,2,1504.0459852540182,860.87550647278,0.0,0.0,0.0,-0.14859233796596527,0,1,0,0,0,0.18531981358975586,-0.8736779209069417,0.03407164589994638,107,0,0,0,95,False,False,
107,3,1490.114288159819,865.2532343441252,4.585618889933437,16.508228003760376,3.33828067779541,1.749969244003296,0,1,0,0,0,0.11415973014219642,-0.9124925138071689,-0.41591956670660724,0,0,0,0,95,False,False,
107,4,1500.826700979317,870.7353406046352,2.2592649417848953,8.133353790425623,1.6443473100662231,1.8151620626449585,0,1,0,0,0,-0.04486383757216067,-0.8857457912412454,-0.8533399184470429,0,0,0,0,95,False,False,
107,5,1507.4566394083433,861.543614701927,2.2745604750329065,8.188417710118463,1.6553983688354492,1.6276566982269287,0,1,0,0,0,0.13262721311474257,-0.8652001403660087,-0.046039195319458104,0,0,0,0,95,False,False,
107,6,1502.492229387085,875.2034102862724,4.5965033402122115,16.54741202476396,3.346405506134033,1.840224266052246,0,1,0,0,0,-0.07030206757968421,-0.8810470355984346,-0.31616355551774555,0,0,0,0,95,False,False,
107,7,1495.4174096332163,872.0788087444441,4.588752424383374,16.51950872778015,3.3406686782836914,1.9216639995574951,0,1,0,0,0,-0.032196355648133904,-0.90022015635699,-0.7301745369581074,0,0,0,0,95,False,False,
108,0,1506.7489524290322,875.2590635907649,4.540038532687076,16.344138717673474,3.3355987071990967,1.9583479166030884,0,1,0,0,0,-0.024706167195845157,-0.8697127499870987,-0.3094967996621799,0,0,0,0,96,False,False,
108,1,1504.82471842545,868.9779289565198,2.2675279628187357,8.163100666147448,1.6665109395980835,1.8535122871398926,0,1,0,0,0,-0.035025242004224175,-0.874874321097938,-0.9374012847546557,0,0,0,0,96,False,False,
108,2,1504.0459852540182,860.87550647278,0.0,0.0,0.0,-0.14998017251491547,0,1,0,0,0,0.18531981358975586,-0.8736779209069417,0.03407164589994638,108,0,0,0,96,False,False,
108,3,1490.0541329248565,865.2549053505448,4.623934951798386,16.646165826474192,3.398483991622925,1.7671908140182495,0,1,0,0,0,0.1143574326145341,-0.9126504659215442,-0.4156995674224053,0,0,0,0,96,False,False,
108,4,1500.7971997503469,870.738299471334,2.2781606904983405,8.201378485794026,1.6739118099212646,1.8330662250518799,0,1,0,0,0,-0.04487489705772323,-0.8858244380467026,-0.8531938001594652,0,0,0,0,96,False,False,
108,5,1507.4267894226896,861.5436161095407,2.293585439380127,8.256907581768457,1.6853055953979492,1.6437357664108276,0,1,0,0,0,0.13269168364463219,-0.8652781670896402,-0.046039195319458104,0,0,0,0,96,False,False,
108,6,1502.4319530660737,875.205734650151,4.634898134523427,16.685633284284336,3.406630754470825,1.8584038019180298,0,1,0,0,0,-0.07038943241038724,-0.8812066575333245,-0.3158854691044508,0,0,0,0,96,False,False,
108,7,1495.357260848847,872.0817253324942,4.6270864698503305,16.65751129146119,3.400798797607422,1.9406689405441284,0,1,0,0,0,-0.03223797503836623,-0.9003802954663728,-0.7302402851849349,0,0,0,0,96,False,False,
109,0,1506.6893997818875,875.2574029439647,4.577629646000179,16.479466725600645,3.3950698375701904,1.977496862411499,0,1,0,0,0,-0.024779516134564496,-0.86987121854125,-0.30969438737688926,0,0,0,0,97,False,False,
109,1,1504.7951753447655,868.9814741798809,2.2862898580748765,8.230643489069555,1.696263313293457,1.8716245889663696,0,1,0,0,0,-0.03502317138591498,-0.8749535415094741,-0.9378257324381055,0,0,0,0,97,False,False,
109,2,1504.0459852540182,860.87550647278,0.0,0.0,0.0,-0.15136800706386566,0,1,0,0,0,0.18531981358975586,-0.8736779209069417,0.03407164589994638,109,0,0,0,97,False,False,
109,3,1489.9934802680277,865.256591272218,4.662172476643554,16.783820915916795,3.459054946899414,1.7844204902648926,0,1,0,0,0,0.11455611272906607,-0.9128093977112433,-0.41547951096583235,0,0,0,0,97,False,False,
109,4,1500.7674542337818,870.7412819077712,2.2970180651044485,8.269265034376016,1.7038466930389404,1.8509767055511475,0,1,0,0,0,-0.0448865813114095,-0.8859040655156408,-0.853039534808998,0,0,0,0,97,False,False,
109,5,1507.396692337332,861.5436181715722,2.3125718594899882,8.325258694163958,1.7153348922729492,1.659819483757019,0,1,0,0,0,0.13275645233737648,-0.8653565102548565,-0.046039195319458104,0,0,0,0,97,False,False,
109,6,1502.3711784184638,875.2080775112163,4.673214419483156,16.823571910139364,3.467465877532959,1.8765945434570312,0,1,0,0,0,-0.07047761680416392,-0.8813679001924861,-0.31560738269115607,0,0,0,0,97,False,False,
109,7,1495.2966147258517,872.0846650286719,4.665341662363759,16.795229984509533,3.461538553237915,1.9596866369247437,0,1,0,0,0,-0.0322796950874489,-0.9005420615068626,-0.7303142090608374,0,0,0,0,97,False,False,
110,0,1506.6293589654913,875.2557327778297,4.61514496507448,16.614521874268128,3.455151081085205,1.9966576099395752,0,1,0,0,0,-0.024853774222366887,-0.8700313107689743,-0.3098919750915987,0,0,0,0,98,False,False,
110,1,1504.765390175986,868.9850472969019,2.3050140591730437,8.298050613022957,1.72626531124115,1.8897435665130615,0,1,0,0,0,-0.03502155753305595,-0.8750334219340544,-0.9382574981850631,0,0,0,0,98,False,False,
110,2,1504.0459852540182,860.87550647278,0.0,0.0,0.0,-0.15275584161281586,0,1,0,0,0,0.18531981358975586,-0.8736779209069417,0.03407164589994638,110,0,0,0,98,False,False,
110,3,1489.9323312099893,865.2582921071722,4.700331604816016,16.92119377733766,3.520236015319824,1.801658272743225,0,1,0,0,0,0.11475793236628597,-0.912969912461458,-0.41525951168163044,0,0,0,0,98,False,False,
110,4,1500.7374649233072,870.7442878413374,2.315837141220077,8.337013708392277,1.7340245246887207,1.8688936233520508,0,1,0,0,0,-0.04489803807892688,-0.8859843434670789,-0.8528934308145131,0,0,0,0,98,False,False,
110,5,1507.3663486529595,861.543620903807,2.33151980929146,8.393471313449258,1.7457304000854492,1.6759079694747925,0,1,0,0,0,0.1328221589241846,-0.8654358067444573,-0.046039195319458104,0,0,0,0,98,False,False,
110,6,1502.3099064641629,875.2104388126054,4.711452228253537,16.961228021712735,3.5287914276123047,1.8947964906692505,0,1,0,0,0,-0.07056737987751123,-0.8815304270805636,-0.3153219782143536,0,0,0,0,98,False,False,
110,7,1495.2354722856626,872.0876277583001,4.703518186527307,16.932665471498307,3.522768974304199,1.9787170886993408,0,1,0,0,0,-0.03232255867494081,-0.900705128571383,-0.730379957287665,0,0,0,0,98,False,False,
111,0,1506.5688309623372,875.2540532146896,4.6525845815973135,16.74930449375033,3.5157220363616943,2.0158302783966064,0,1,0,0,0,-0.024928038652762375,-0.8701927127410335,-0.3100968808698159,0,0,0,0,99,False,False,
111,1,1504.7353634020103,868.9886482220364,2.3237006404137066,8.365322305489345,1.756509780883789,1.9078692197799683,0,1,0,0,0,-0.03501957480202281,-0.8751139518929181,-0.9386892639320207,0,0,0,0,99,False,False,
111,2,1504.0459852540182,860.87550647278,0.0,0.0,0.0,-0.15414367616176605,0,1,0,0,0,0.18531981358975586,-0.8736779209069417,0.03407164589994638,111,0,0,0,99,False,False,
111,3,1489.8706867694755,865.2600078536034,4.7384124844100555,17.0582849438762,3.5819051265716553,1.8189040422439575,0,1,0,0,0,0.11496242787229802,-0.9131316913031685,-0.4150321943339207,0,0,0,0,99,False,False,
111,4,1500.7072323116713,870.747317199386,2.334617990368433,8.40462476532636,1.7643299102783203,1.8868168592453003,0,1,0,0,0,-0.04491023039643096,-0.8860649512945193,-0.852739151170953,0,0,0,0,99,False,False,
111,5,1507.335758869275,861.5436243221144,2.3504293645719376,8.461545712458976,1.7762479782104492,1.6920011043548584,0,1,0,0,0,0.13288816821752505,-0.8655154195848427,-0.046039195319458104,0,0,0,0,99,False,False,
111,6,1502.2481382215203,875.212818497719,4.749611681274032,17.098602052586514,3.590604782104492,1.913009524345398,0,1,0,0,0,-0.07065786118013825,-0.8816942498555719,-0.3150365737375511,0,0,0,0,99,False,False,
111,7,1495.1738345481347,872.0906134466345,4.741616163222705,17.06981818760174,3.584486961364746,1.9977601766586304,0,1,0,0,0,-0.03236552890650854,-0.9008694970116543,-0.7304530235780002,0,0,0,0,99,False,False,
112,0,1506.5078167528056,875.2523643770347,4.689948658545437,16.883815170763572,3.576779365539551,2.0350146293640137,0,1,0,0,0,-0.025003901366906688,-0.8703554026907666,-0.31029446858452525,0,0,0,0,100,False,False,
112,1,1504.7050955047907,868.9922768697286,2.342349673988516,8.432458826358658,1.786996603012085,1.9260015487670898,0,1,0,0,0,-0.03501722388268465,-0.8751951313902183,-0.9391210296789783,0,0,0,0,100,False,False,
112,2,1504.0459852540182,860.87550647278,0.0,0.0,0.0,-0.15553151071071625,0,1,0,0,0,0.18531981358975586,-0.8736779209069417,0.03407164589994638,112,0,0,0,100,False,False,
112,3,1489.8085479633523,865.2617385098708,4.776415259354333,17.1950949336756,3.6440625190734863,1.8361576795578003,0,1,0,0,0,0.11516962455694524,-0.9132947339061648,-0.41480487698621105,0,0,0,0,100,False,False,
112,4,1500.6767568905834,870.7503699092471,2.353360691884016,8.472098490782459,1.7949997186660767,1.9047465324401855,0,1,0,0,0,-0.044922144543928275,-0.8861465349731472,-0.8525848858204859,0,0,0,0,100,False,False,
112,5,1507.3049234850491,861.5436284424479,2.369300597024972,8.5294821492899,1.8071317672729492,1.7080988883972168,0,1,0,0,0,0.13295512150618233,-0.8655959856240492,-0.046039195319458104,0,0,0,0,100,False,False,
112,6,1502.1858747070162,875.21521651013,4.787692922633997,17.235694521482387,3.6529061794281006,1.9312336444854736,0,1,0,0,0,-0.07074906916906103,-0.881859368462281,-0.31475116926074864,0,0,0,0,100,False,False,
112,7,1495.1117025311867,872.0936220188821,4.779635740946241,17.206688667406468,3.6466927528381348,2.0168159008026123,0,1,0,0,0,-0.03240860904168762,-0.901035166823378,-0.7305260612821498,0,0,0,0,100,False,False,
113,0,1506.4463173155261,875.2506663875688,4.72723733090112,17.018054391244036,3.638326644897461,2.054210662841797,0,1,0,0,0,-0.025079769094881816,-0.8705194023728002,-0.31049937436274244,0,0,0,0,101,False,False,
113,1,1504.6745869657184,868.9959331543432,2.3609612022253628,8.499460328011306,1.8177331686019897,1.9441405534744263,0,1,0,0,0,-0.03501533397644418,-0.875276970884207,-0.9395601134894437,0,0,0,0,101,False,False,
113,2,1504.0459852540182,860.87550647278,0.0,0.0,0.0,-0.15691934525966644,0,1,0,0,0,0.18531981358975586,-0.8736779209069417,0.03407164589994638,113,0,0,0,101,False,False,
113,3,1489.745915806568,865.2634840744968,4.814340077350936,17.33162427846337,3.706709623336792,1.8534191846847534,0,1,0,0,0,0.11537837693545518,-0.9134590737200484,-0.41458482052963797,0,0,0,0,101,False,False,
113,4,1500.6460391508956,870.7534458982061,2.3720653110859384,8.53943511990938,1.8259124755859375,1.922682523727417,0,1,0,0,0,-0.044933834557010575,-0.88622876912482,-0.8524314637624931,0,0,0,0,101,False,False,
113,5,1507.2738429980961,861.5436332808447,2.3881335802068384,8.597280888744619,1.8382596969604492,1.7242012023925781,0,1,0,0,0,0.13302270237771457,-0.8656771863511041,-0.046039195319458104,0,0,0,0,101,False,False,
113,6,1502.123116935312,875.2176327935165,4.825696092265272,17.37250593215498,3.715697765350342,1.949468731880188,0,1,0,0,0,-0.07084188763571875,-0.8820257710070963,-0.31445844672043843,0,0,0,0,101,False,False,
113,7,1495.0490772509575,872.0966534001843,4.817577056096775,17.34327740194839,3.7093892097473145,2.035884141921997,0,1,0,0,0,-0.032452851038682534,-0.9012021375775824,-0.7305999851580525,0,0,0,0,101,False,False,
114,0,1506.3843336271227,875.2489593691864,4.764450753294958,17.15202271186185,3.700361967086792,2.073418617248535,0,1,0,0,0,-0.025156438872348807,-0.8706847008925682,-0.31070428014095963,0,0,0,0,102,False,False,
114,1,1504.6438382656718,868.9996169901427,2.379535263425154,8.566326948330554,1.8487193584442139,1.9622862339019775,0,1,0,0,0,-0.03501390651121944,-0.8753594703614639,-0.9400065153634167,0,0,0,0,102,False,False,
114,2,1504.0459852540182,860.87550647278,0.0,0.0,0.0,-0.15830717980861664,0,1,0,0,0,0.18531981358975586,-0.8736779209069417,0.03407164589994638,114,0,0,0,102,False,False,
114,3,1489.6827913122597,865.2652445461692,4.852187077970726,17.467873480694614,3.7699668407440186,1.8706883192062378,0,1,0,0,0,0.11559037687969591,-0.9136249951357858,-0.41435836076749566,0,0,0,0,102,False,False,
114,4,1500.6150795825015,870.7565450935145,2.3907319211169558,8.606634916021042,1.8569527864456177,1.9406248331069946,0,1,0,0,0,-0.044946265266833055,-0.8863113331167518,-0.852277198412026,0,0,0,0,102,False,False,
114,5,1507.2425179052495,861.5436388534239,2.4069283895326397,8.664942202317503,1.8695096969604492,1.740308165550232,0,1,0,0,0,0.1330905929222499,-0.8657587032888744,-0.046039195319458104,0,0,0,0,102,False,False,
114,6,1502.0598659190473,875.2200672916521,4.863621345777625,17.509036844799454,3.779099225997925,1.967714786529541,0,1,0,0,0,-0.07093557898750255,-0.8821937938744528,-0.3141657241801282,0,0,0,0,102,False,False,
114,7,1494.9859597216034,872.0997075156433,4.855440260758461,17.479584938730458,3.772573232650757,2.054964780807495,0,1,0,0,0,-0.03249721308710731,-0.9013704096663466,-0.7306730514483877,0,0,0,0,102,False,False,
115,0,1506.3218665342945,875.2472434257203,4.801598946235806,17.285756206448905,3.762763261795044,2.092636823654175,0,1,0,0,0,-0.0252336435573568,-0.8708509734473086,-0.3109091859191768,0,0,0,0,103,False,False,
115,1,1504.6128498844064,869.0033282913879,2.3980719434224973,8.63305899632099,1.8799479007720947,1.980438470840454,0,1,0,0,0,-0.035012113326695904,-0.8754426193662984,-0.9404529172373899,0,0,0,0,103,False,False,
115,2,1504.0459852540182,860.87550647278,0.0,0.0,0.0,-0.15969501435756683,0,1,0,0,0,0.18531981358975586,-0.8736779209069417,0.03407164589994638,115,0,0,0,103,False,False,
115,3,1489.6191754916515,865.2670199237383,4.889956408531487,17.603843070713353,3.833590030670166,1.8879650831222534,0,1,0,0,0,0.11580465501746018,-0.913791860969846,-0.41412372535627817,0,0,0,0,103,False,False,
115,4,1500.5838786742613,870.759667422403,2.409360600944694,8.673698163400898,1.888357400894165,1.958573341369629,0,1,0,0,0,-0.04495842134741963,-0.8863948729515037,-0.8521237620609405,0,0,0,0,103,False,False,
115,5,1507.210948702415,861.5436451763859,2.4256850963240457,8.732466346766564,1.9011259078979492,1.7564196586608887,0,1,0,0,0,0.13315943682799103,-0.8658411732319412,-0.046039195319458104,0,0,0,0,103,False,False,
115,6,1501.9961226690461,875.2225199483646,4.901468822702266,17.645287761728156,3.8428666591644287,1.9859716892242432,0,1,0,0,0,-0.07102989469570199,-0.8823627876926151,-0.3138730016398179,0,0,0,0,103,False,False,
115,7,1494.9223509555065,872.1027842902993,4.893225490944242,17.615611767399272,3.836245059967041,2.0740580558776855,0,1,0,0,0,-0.03254169852959497,-0.9015399830849518,-0.7307460891525374,0,0,0,0,103,False,False,
116,0,1506.2589170476267,875.2455186762153,4.838669290660464,17.41920944637767,3.825774669647217,2.111867904663086,0,1,0,0,0,-0.02531170824131013,-0.8710188696000294,-0.311114091697394,0,0,0,0,104,False,False,
116,1,1504.5816223007114,869.0070669723264,2.4165713160054167,8.6996567376195,1.9112976789474487,1.9985973834991455,0,1,0,0,0,-0.03501006163260898,-0.8755260930520015,-0.9408993191113629,0,0,0,0,104,False,False,
116,2,1504.0459852540182,860.87550647278,0.0,0.0,0.0,-0.16108284890651703,0,1,0,0,0,0.18531981358975586,-0.8736779209069417,0.03407164589994638,116,0,0,0,104,False,False,
116,3,1489.5550693541095,865.2688102062108,4.927648212185107,17.739533563866388,3.8977012634277344,1.9052494764328003,0,1,0,0,0,0.1160217354230503,-0.9139599893004231,-0.4138890899450608,0,0,0,0,104,False,False,
116,4,1500.5524369141572,870.7628128120627,2.4279514175045906,8.740625103016527,1.9198895692825317,1.9765281677246094,0,1,0,0,0,-0.044971322113987196,-0.886478742596429,-0.8519621929400583,0,0,0,0,104,False,False,
116,5,1507.179135884521,861.543652266012,2.444403775748649,8.799853592695138,1.9329862594604492,1.7725356817245483,0,1,0,0,0,0.13322891661976258,-0.8659242776932072,-0.046039195319458104,0,0,0,0,104,False,False,
116,6,1501.9318881943202,875.2249907075194,4.939238662386328,17.78125918459078,3.9071221351623535,2.004239559173584,0,1,0,0,0,-0.07112496986825995,-0.8825330770614964,-0.3135802790995077,0,0,0,0,104,False,False,
116,7,1494.8582519631739,872.1058836491345,4.930932890421274,17.751358405516587,3.900407552719116,2.0931637287139893,0,1,0,0,0,-0.03258736492599989,-0.9017108573611027,-0.7308199844422544,0,0,0,0,104,False,False,
117,0,1506.1954861383833,875.24378524071,4.875664805617075,17.55239330022147,3.8892760276794434,2.131110668182373,0,1,0,0,0,-0.025389743477110312,-0.8711880754762034,-0.3113263155391188,0,0,0,0,105,False,False,
117,1,1504.5501559924112,869.0108329471968,2.4350334548364216,8.766120437411118,1.9430111646652222,2.0167629718780518,0,1,0,0,0,-0.03500753846654637,-0.8756105411240634,-0.9413457209853361,0,0,0,0,105,False,False,
117,2,1504.0459852540182,860.87550647278,0.0,0.0,0.0,-0.16247068345546722,0,1,0,0,0,0.18531981358975586,-0.8736779209069417,0.03407164589994638,117,0,0,0,105,False,False,
117,3,1489.4904739070919,865.2706153927465,4.965262635856629,17.874945489083863,3.9623024463653564,1.9225412607192993,0,1,0,0,0,0.11624046557532053,-0.9141294137823299,-0.41366177259735115,0,0,0,0,105,False,False,
117,4,1500.5207547891414,870.7659811896677,2.4465044495176893,8.807416018263682,1.9517861604690552,1.994489312171936,0,1,0,0,0,-0.044983951191056804,-0.8865635880727089,-0.8518006238191762,0,0,0,0,105,False,False,
117,5,1507.1470799455715,861.5436601386643,2.4630844988808818,8.867104195971175,1.9649686813354492,1.788656234741211,0,1,0,0,0,0.13329871325888026,-0.8660076982204088,-0.046039195319458104,0,0,0,0,105,False,False,
117,6,1501.8671635019668,875.2274795130154,4.976931011923731,17.916951642925433,3.971867799758911,2.0225181579589844,0,1,0,0,0,-0.07122169285338613,-0.8827046499790014,-0.31328023849568976,0,0,0,0,105,False,False,
117,7,1494.793663753137,872.1090055170903,4.968562610694501,17.886825398500203,3.965057849884033,2.1122817993164062,0,1,0,0,0,-0.03263316528842147,-0.9018830329284679,-0.7309003687960973,0,0,0,0,105,False,False,
118,0,1506.131574775803,875.2420432405289,4.912585644937161,17.685308321773782,3.953141689300537,2.150364875793457,0,1,0,0,0,-0.025469257833248094,-0.8713582444246002,-0.311531221317336,0,0,0,0,106,False,False,
118,1,1504.5184514363937,869.0146261302282,2.4534584314698598,8.832450353291495,1.9749815464019775,2.0349349975585938,0,1,0,0,0,-0.03500631481654719,-0.8756956595845242,-0.9418067589863247,0,0,0,0,106,False,False,
118,2,1504.0459852540182,860.87550647278,0.0,0.0,0.0,-0.16385851800441742,0,1,0,0,0,0.18531981358975586,-0.8736779209069417,0.03407164589994638,118,0,0,0,106,False,False,
118,3,1489.4253901563072,865.272435482668,5.002799814374152,18.010079331746947,4.0273919105529785,1.9398404359817505,0,1,0,0,0,0.11646204878544779,-0.9143001001545075,-0.41342713718613366,0,0,0,0,106,False,False,
118,4,1500.4888327852666,870.7691724823572,2.4650197656559114,8.874071156361282,1.9838042259216309,2.0124566555023193,0,1,0,0,0,-0.04499641532975431,-0.8866487586154606,-0.8516398979907684,0,0,0,0,106,False,False,
118,5,1507.1147813785965,861.5436688107827,2.4817273406413687,8.934218426308927,1.9973173141479492,1.804781198501587,0,1,0,0,0,0.13336947290256312,-0.8660920715531194,-0.046039195319458104,0,0,0,0,106,False,False,
118,6,1501.8019495971723,875.229986308797,5.014546018207839,18.05236566554822,4.0371012687683105,2.0408074855804443,0,1,0,0,0,-0.07131919277071574,-0.8828775182737107,-0.3129801978918717,0,0,0,0,106,False,False,
118,7,1494.7285873321614,872.1121498190494,5.006114787197464,18.02201323391087,4.030195713043213,2.1314122676849365,0,1,0,0,0,-0.03267910315017843,-0.9020565097818747,-0.7309807245637547,0,0,0,0,106,False,False,
119,0,1506.0671839274235,875.24029279788,4.949431938439404,17.817954978381856,4.0176191329956055,2.169630527496338,0,1,0,0,0,-0.025548869801021903,-0.8715300478691328,-0.31174344515906094,0,0,0,0,107,False,False,
119,1,1504.4865091085103,869.01844643566,2.471846325270037,8.898646770972134,2.0071871280670166,2.0531136989593506,0,1,0,0,0,-0.03500389750045877,-0.8757814171477242,-0.9422604789238056,0,0,0,0,107,False,False,
119,2,1504.0459852540182,860.87550647278,0.0,0.0,0.0,-0.16524635255336761,0,1,0,0,0,0.18531981358975586,-0.8736779209069417,0.03407164589994638,119,0,0,0,107,False,False,
119,3,1489.3598191055098,865.2742704754514,5.0402598982515325,18.14493563370552,4.0929694175720215,1.9571468830108643,0,1,0,0,0,0.11668651339002262,-0.9144720480476944,-0.4131925017749163,0,0,0,0,107,False,False,
119,4,1500.456671387661,870.7723866172378,2.4834974364590803,8.940590771252689,2.016192674636841,2.030430316925049,0,1,0,0,0,-0.045009523689685374,-0.8867349096993691,-0.8514783145767935,0,0,0,0,107,False,False,
119,5,1507.0822406756788,861.5436782988863,2.500332373840639,9.001196545826302,2.029788017272949,1.8209106922149658,0,1,0,0,0,0.1334397970233002,-0.8661767947655196,-0.04604651338296584,0,0,0,0,107,False,False,
119,6,1501.7362474832657,875.2325110388408,5.052083823965936,18.18750176627737,4.102944850921631,2.059107542037964,0,1,0,0,0,-0.07141760778172031,-0.8830520065192118,-0.31268015728805376,0,0,0,0,107,False,False,
119,7,1494.663023705196,872.1153164798334,5.043589559152254,18.156922412948116,4.095946311950684,2.15055513381958,0,1,0,0,0,-0.032726248499625396,-0.9022316129235749,-0.7310537908540901,0,0,0,0,107,False,False,
120,0,1506.0023145586272,875.2385340355378,4.986203851460622,17.950333865258237,4.082462787628174,2.1889076232910156,0,1,0,0,0,-0.025629170531974586,-0.8717028252959201,-0.31195566900078586,0,0,0,0,108,True,False,max_steps
120,1,1504.454329483756,869.0222937777173,2.490197201584562,8.964709925704424,2.0395209789276123,2.071298837661743,0,1,0,0,0,-0.03500205818613406,-0.8758675098055111,-0.9427215169247942,0,0,0,0,108,True,False,max_steps
120,2,1504.0459852540182,860.87550647278,0.0,0.0,0.0,-0.1666341871023178,0,1,0,0,0,0.18531981358975586,-0.8736779209069417,0.03407164589994638,120,0,0,0,108,True,False,max_steps
120,3,1489.2937617566056,865.2761203707233,5.077643029862849,18.279514907506258,4.159156799316406,1.9744606018066406,0,1,0,0,0,0.11691439823047965,-0.9146455753433667,-0.41295054830019107,0,0,0,0,108,True,False,max_steps
120,4,1500.4242710804533,870.7756235213975,2.501937538296598,9.006975137867752,2.0487027168273926,2.048410177230835,0,1,0,0,0,-0.04502246985095345,-0.8868213858359056,-0.8513167454559114,0,0,0,0,108,True,False,max_steps
120,5,1507.0494583280079,861.5436886195758,2.518899667200506,9.068038801921823,2.062624931335449,1.837044596672058,0,1,0,0,0,0.13351184746379122,-0.8662624367555186,-0.04604651338296584,0,0,0,0,108,True,False,max_steps
120,6,1501.6700581617213,875.235053647149,5.089544571732814,18.32236045823813,4.169156551361084,2.077418088912964,0,1,0,0,0,-0.07151756964632089,-0.8832274533539555,-0.312372798620728,0,0,0,0,108,True,False,max_steps
120,7,1494.5969738752744,872.1185054242201,5.080987073526718,18.291553464696186,4.162065505981445,2.169710159301758,0,1,0,0,0,-0.03277459762205126,-0.9024076912645335,-0.731127686143807,0,0,0,0,108,True,False,max_steps
